config_id,jobs,work,cores_used,own_bus,sum_bus,t_solo_ms,t_mix_ms,slowdown_actual,slowdown_pred_simple,slowdown_pred_dieaware,err_simple,err_dieaware
1,"DOT:36:2,DOT:36:2",DOT_36_c2,"0,5",40.1,80.2,13460,26757,1.988,1.978,2.188,0.009,0.2
1,"DOT:36:2,DOT:36:2",DOT_36_c2,"4,1",40.1,80.2,13460,26647,1.98,1.978,2.188,0.001,0.209
2,"XPY:60:1,TGAMMA:12:1",XPY_60_c1,5,45.2,49.2,29859,32125,1.076,1.0,1.208,0.076,0.132
2,"XPY:60:1,TGAMMA:12:1",TGAMMA_12_c1,1,4.0,49.2,6773,6901,1.019,1.0,1.023,0.019,0.004
3,"TGAMMA:60:1,POW:24:1",TGAMMA_60_c1,1,4.0,19.0,33855,33875,1.001,1.0,1.0,0.001,0.001
3,"TGAMMA:60:1,POW:24:1",POW_24_c1,5,15.0,19.0,48124,47690,0.991,1.0,1.0,0.009,0.009
4,"COPY:60:1,XPY:48:1",COPY_60_c1,1,32.8,77.7,27398,56056,2.046,2.23,2.573,0.184,0.527
4,"COPY:60:1,XPY:48:1",XPY_48_c1,5,44.9,77.7,24058,41597,1.729,1.848,1.951,0.119,0.222
5,"DOT:36:1,SQRTX:48:1",DOT_36_c1,0,34.0,53.9,15880,20994,1.322,1.126,1.316,0.196,0.006
5,"DOT:36:1,SQRTX:48:1",SQRTX_48_c1,1,19.9,53.9,36255,39737,1.096,1.098,1.226,0.002,0.13
6,"DOT:36:2,POW:36:2",DOT_36_c2,"4,1",40.1,69.4,13460,20830,1.548,1.629,1.869,0.081,0.321
6,"DOT:36:2,POW:36:2",POW_36_c2,"0,5",29.3,69.4,36901,63521,1.721,1.272,1.311,0.45,0.411
7,"SUM:108:2,POW:24:1,ERF:24:1",SUM_108_c2,"4,1",40.0,76.2,20247,35529,1.755,2.106,2.188,0.351,0.433
7,"SUM:108:2,POW:24:1,ERF:24:1",POW_24_c1,5,15.0,76.2,48124,70137,1.457,1.367,1.317,0.091,0.141
7,"SUM:108:2,POW:24:1,ERF:24:1",ERF_24_c1,0,21.2,76.2,25440,52070,2.047,1.838,1.665,0.208,0.382
8,"ERF:24:2,XPY:60:1",ERF_24_c2,"4,5",40.0,85.2,13494,30511,2.261,2.126,1.925,0.135,0.336
8,"ERF:24:2,XPY:60:1",XPY_60_c1,1,45.2,85.2,29859,62495,2.093,2.077,2.024,0.016,0.069
9,"POW:12:1,XPY:60:1",POW_12_c1,4,15.0,60.2,23985,25753,1.074,1.143,1.151,0.069,0.078
9,"POW:12:1,XPY:60:1",XPY_60_c1,5,45.2,60.2,29859,39560,1.325,1.312,1.404,0.013,0.079
10,"TGAMMA:120:1,DOT:84:1,COPY:84:1",TGAMMA_120_c1,1,4.0,70.9,67717,69664,1.029,1.025,1.041,0.004,0.012
10,"TGAMMA:120:1,DOT:84:1,COPY:84:1",DOT_84_c1,5,34.0,70.9,37041,64456,1.74,1.677,1.73,0.063,0.01
10,"TGAMMA:120:1,DOT:84:1,COPY:84:1",COPY_84_c1,4,32.9,70.9,38335,86154,2.247,1.928,1.95,0.319,0.297
11,"TGAMMA:12:1,XPY:60:1,POW:12:1,XPY:48:1",TGAMMA_12_c1,1,4.0,109.1,6773,7129,1.053,1.071,1.083,0.018,0.03
11,"TGAMMA:12:1,XPY:60:1,POW:12:1,XPY:48:1",XPY_60_c1,0,45.2,109.1,29859,79696,2.669,2.808,2.472,0.139,0.197
11,"TGAMMA:12:1,XPY:60:1,POW:12:1,XPY:48:1",POW_12_c1,4,15.0,109.1,23985,45573,1.9,1.827,1.62,0.073,0.28
11,"TGAMMA:12:1,XPY:60:1,POW:12:1,XPY:48:1",XPY_48_c1,5,44.9,109.1,24058,52599,2.186,2.808,2.406,0.622,0.22
12,"TGAMMA:120:1,ERF:48:1,TGAMMA:60:2",TGAMMA_120_c1,1,4.0,33.2,67717,67936,1.003,1.0,1.0,0.003,0.003
12,"TGAMMA:120:1,ERF:48:1,TGAMMA:60:2",ERF_48_c1,4,21.2,33.2,50880,52208,1.026,1.0,1.0,0.026,0.026
12,"TGAMMA:120:1,ERF:48:1,TGAMMA:60:2",TGAMMA_60_c2,"0,5",8.0,33.2,16972,16996,1.001,1.0,1.001,0.001,0.001
13,"XPY:48:1,COPY:84:1",XPY_48_c1,1,44.9,77.8,24058,43191,1.795,1.851,1.756,0.055,0.039
13,"XPY:48:1,COPY:84:1",COPY_84_c1,0,32.9,77.8,38335,75839,1.978,2.234,2.162,0.256,0.184
14,"DOT:36:2,XPY:60:2",DOT_36_c2,"4,1",40.1,89.1,13460,28540,2.12,2.267,2.451,0.146,0.331
14,"DOT:36:2,XPY:60:2",XPY_60_c2,"0,5",49.0,89.1,27541,50753,1.843,2.196,2.223,0.354,0.38
15,"POW:36:1,ERF:48:1,SUM:108:1",POW_36_c1,1,15.0,68.2,72048,96617,1.341,1.255,1.259,0.086,0.082
15,"POW:36:1,ERF:48:1,SUM:108:1",ERF_48_c1,5,21.2,68.2,50880,89103,1.751,1.582,1.515,0.169,0.236
15,"POW:36:1,ERF:48:1,SUM:108:1",SUM_108_c1,0,32.0,68.2,25305,38715,1.53,1.768,1.712,0.238,0.182
16,"SUM:132:1,DOT:84:1,XPY:48:1",SUM_132_c1,4,32.0,110.9,30946,101927,3.294,3.57,3.048,0.276,0.246
16,"SUM:132:1,DOT:84:1,XPY:48:1",DOT_84_c1,0,34.0,110.9,37041,90677,2.448,2.973,2.831,0.525,0.383
16,"SUM:132:1,DOT:84:1,XPY:48:1",XPY_48_c1,1,44.9,110.9,24058,52609,2.187,2.864,2.418,0.677,0.231
17,"POW:36:3,POW:12:1",POW_36_c3,"5,0,4",41.3,56.3,26151,30764,1.176,1.088,1.156,0.088,0.02
17,"POW:36:3,POW:12:1",POW_12_c1,1,15.0,56.3,23985,30707,1.28,1.088,1.153,0.192,0.127
18,"COPY:84:1,DOT:36:2",COPY_84_c1,4,32.9,73.0,38335,146437,3.82,2.021,2.2,1.799,1.62
18,"COPY:84:1,DOT:36:2",DOT_36_c2,"0,1",40.1,73.0,13460,29567,2.197,1.745,1.975,0.451,0.221
19,"ERF:24:1,POW:12:1",ERF_24_c1,0,21.2,36.2,25440,26358,1.036,1.0,1.0,0.036,0.036
19,"ERF:24:1,POW:12:1",POW_12_c1,1,15.0,36.2,23985,24606,1.026,1.0,1.0,0.026,0.026
20,"TGAMMA:60:2,ERF:24:1",TGAMMA_60_c2,"4,5",8.0,29.2,16972,16947,0.999,1.0,1.0,0.001,0.001
20,"TGAMMA:60:2,ERF:24:1",ERF_24_c1,0,21.2,29.2,25440,25825,1.015,1.0,1.0,0.015,0.015
21,"SQRTX:12:1,POW:12:1",SQRTX_12_c1,0,19.8,34.8,9078,9381,1.033,1.0,1.0,0.033,0.033
21,"SQRTX:12:1,POW:12:1",POW_12_c1,4,15.0,34.8,23985,24167,1.008,1.0,1.006,0.008,0.002
22,"SUM:84:1,DOT:84:1,SUM:84:1,DOT:36:1",SUM_84_c1,0,32.0,132.0,19687,62805,3.19,4.46,3.565,1.27,0.375
22,"SUM:84:1,DOT:84:1,SUM:84:1,DOT:36:1",DOT_84_c1,1,34.0,132.0,37041,123513,3.334,3.657,3.325,0.322,0.009
22,"SUM:84:1,DOT:84:1,SUM:84:1,DOT:36:1",SUM_84_c1,4,32.0,132.0,19687,62589,3.179,4.46,3.565,1.281,0.386
22,"SUM:84:1,DOT:84:1,SUM:84:1,DOT:36:1",DOT_36_c1,5,34.0,132.0,15880,53052,3.341,3.657,3.325,0.316,0.016
23,"TGAMMA:60:1,POW:24:1,TGAMMA:60:2",TGAMMA_60_c1,0,4.0,27.0,33855,33997,1.004,1.0,1.0,0.004,0.004
23,"TGAMMA:60:1,POW:24:1,TGAMMA:60:2",POW_24_c1,1,15.0,27.0,48124,48189,1.001,1.0,1.0,0.001,0.001
23,"TGAMMA:60:1,POW:24:1,TGAMMA:60:2",TGAMMA_60_c2,"4,5",8.0,27.0,16972,16967,1.0,1.0,1.0,0.0,0.0
24,"DOT:36:1,SUM:84:1,SQRTX:48:1",DOT_36_c1,4,34.0,85.9,15880,34032,2.143,2.163,2.263,0.02,0.12
24,"DOT:36:1,SUM:84:1,SQRTX:48:1",SUM_84_c1,0,32.0,85.9,19687,56682,2.879,2.515,2.417,0.364,0.463
24,"DOT:36:1,SUM:84:1,SQRTX:48:1",SQRTX_48_c1,1,19.9,85.9,36255,41106,1.134,1.905,1.746,0.771,0.612
25,"XPY:60:2,SUM:84:1",XPY_60_c2,"0,1",49.0,81.0,27541,41143,1.494,1.949,2.012,0.455,0.518
25,"XPY:60:2,SUM:84:1",SUM_84_c1,5,32.0,81.0,19687,75150,3.817,2.308,2.221,1.509,1.596
26,"POW:12:2,POW:12:2",POW_12_c2,"4,5",29.3,58.6,12291,15379,1.251,1.12,1.205,0.131,0.046
26,"POW:12:2,POW:12:2",POW_12_c2,"0,1",29.3,58.6,12291,15381,1.251,1.12,1.205,0.131,0.046
27,"SQRTX:48:1,DOT:84:1,TGAMMA:12:1,COPY:60:1",SQRTX_48_c1,0,19.9,90.7,36255,80114,2.21,2.026,1.99,0.184,0.22
27,"SQRTX:48:1,DOT:84:1,TGAMMA:12:1,COPY:60:1",DOT_84_c1,4,34.0,90.7,37041,82189,2.219,2.319,2.289,0.1,0.07
27,"SQRTX:48:1,DOT:84:1,TGAMMA:12:1,COPY:60:1",TGAMMA_12_c1,1,4.0,90.7,6773,7143,1.055,1.049,1.061,0.006,0.006
27,"SQRTX:48:1,DOT:84:1,TGAMMA:12:1,COPY:60:1",COPY_60_c1,5,32.8,90.7,27398,70192,2.562,2.807,2.596,0.245,0.034
28,"XPY:60:1,ERF:12:3",XPY_60_c1,0,45.2,90.8,29859,78216,2.62,2.248,2.107,0.371,0.512
28,"XPY:60:1,ERF:12:3",ERF_12_c3,"4,5,1",45.6,90.8,5919,11603,1.96,2.306,2.014,0.345,0.053
29,"COPY:60:1,DOT:84:2",COPY_60_c1,1,32.8,72.9,27398,100387,3.664,2.017,2.197,1.647,1.467
29,"COPY:60:1,DOT:84:2",DOT_84_c2,"4,5",40.1,72.9,31407,70209,2.235,1.742,1.972,0.493,0.263
30,"SQRTX:48:2,TGAMMA:120:2",SQRTX_48_c2,"4,1",38.6,46.6,18647,21175,1.136,1.0,1.146,0.136,0.011
30,"SQRTX:48:2,TGAMMA:120:2",TGAMMA_120_c2,"0,5",8.0,46.6,33894,34512,1.018,1.0,1.018,0.018,0.0
31,"SUM:84:1,ERF:48:1",SUM_84_c1,5,32.0,53.2,19687,26833,1.363,1.135,1.494,0.228,0.131
31,"SUM:84:1,ERF:48:1",ERF_48_c1,1,21.2,53.2,50880,68074,1.338,1.102,1.359,0.236,0.021
32,"TGAMMA:12:1,SQRTX:48:1",TGAMMA_12_c1,0,4.0,23.9,6773,6769,0.999,1.0,1.0,0.001,0.001
32,"TGAMMA:12:1,SQRTX:48:1",SQRTX_48_c1,5,19.9,23.9,36255,36447,1.005,1.0,1.0,0.005,0.005
33,"TGAMMA:120:1,ERF:24:1",TGAMMA_120_c1,4,4.0,25.2,67717,67712,1.0,1.0,1.0,0.0,0.0
33,"TGAMMA:120:1,ERF:24:1",ERF_24_c1,0,21.2,25.2,25440,25711,1.011,1.0,1.0,0.011,0.011
34,"ERF:48:2,ERF:12:1",ERF_48_c2,"4,5",40.0,61.2,26996,36796,1.363,1.358,1.434,0.005,0.071
34,"ERF:48:2,ERF:12:1",ERF_12_c1,1,21.2,61.2,12734,18375,1.443,1.358,1.428,0.085,0.015
35,"COPY:84:1,DOT:36:1",COPY_84_c1,4,32.9,66.9,38335,84789,2.212,1.75,1.827,0.461,0.385
35,"COPY:84:1,DOT:36:1",DOT_36_c1,5,34.0,66.9,15880,24091,1.517,1.548,1.612,0.03,0.095
36,"XPY:48:2,TGAMMA:12:2",XPY_48_c2,"4,5",48.7,56.7,22157,25923,1.17,1.205,1.382,0.035,0.212
36,"XPY:48:2,TGAMMA:12:2",TGAMMA_12_c2,"0,1",8.0,56.7,3394,3569,1.052,1.008,1.031,0.044,0.02
37,"SUM:84:1,SQRTX:12:1",SUM_84_c1,4,32.0,51.8,19687,24185,1.228,1.076,1.448,0.153,0.219
37,"SUM:84:1,SQRTX:12:1",SQRTX_12_c1,0,19.8,51.8,9078,12519,1.379,1.045,1.348,0.334,0.031
38,"SUM:132:1,TGAMMA:12:3",SUM_132_c1,5,32.0,43.9,30946,36944,1.194,1.0,1.129,0.194,0.065
38,"SUM:132:1,TGAMMA:12:3",TGAMMA_12_c3,"4,0,1",11.9,43.9,2268,2299,1.014,1.0,1.014,0.014,0.0
39,"ERF:48:1,POW:36:3",ERF_48_c1,1,21.2,62.5,50880,87857,1.727,1.4,1.419,0.327,0.307
39,"ERF:48:1,POW:36:3",POW_36_c3,"5,4,0",41.3,62.5,26151,31552,1.207,1.175,1.216,0.032,0.01
40,"XPY:60:1,DOT:36:1,DOT:36:1,XPY:48:1",XPY_60_c1,0,45.2,158.1,29859,130989,4.387,4.308,3.631,0.079,0.756
40,"XPY:60:1,DOT:36:1,DOT:36:1,XPY:48:1",DOT_36_c1,1,34.0,158.1,15880,45863,2.888,4.502,3.919,1.614,1.031
40,"XPY:60:1,DOT:36:1,DOT:36:1,XPY:48:1",DOT_36_c1,5,34.0,158.1,15880,45946,2.893,4.502,3.919,1.609,1.026
40,"XPY:60:1,DOT:36:1,DOT:36:1,XPY:48:1",XPY_48_c1,4,44.9,158.1,24058,104781,4.355,4.308,3.633,0.047,0.722
41,"TGAMMA:60:2,DOT:36:1",TGAMMA_60_c2,"0,5",8.0,42.0,16972,17242,1.016,1.0,1.012,0.016,0.004
41,"TGAMMA:60:2,DOT:36:1",DOT_36_c1,1,34.0,42.0,15880,18376,1.157,1.0,1.073,0.157,0.084
42,"DOT:84:2,SQRTX:12:1",DOT_84_c2,"0,1",40.1,59.9,31407,46807,1.49,1.321,1.588,0.17,0.098
42,"DOT:84:2,SQRTX:12:1",SQRTX_12_c1,5,19.8,59.9,9078,20363,2.243,1.249,1.421,0.994,0.822
43,"TGAMMA:12:1,SUM:84:1",TGAMMA_12_c1,1,4.0,36.0,6773,6883,1.016,1.0,1.006,0.016,0.011
43,"TGAMMA:12:1,SUM:84:1",SUM_84_c1,5,32.0,36.0,19687,20712,1.052,1.0,1.0,0.052,0.052
44,"DOT:36:1,SQRTX:12:1,POW:24:1,SUM:132:1",DOT_36_c1,1,34.0,100.8,15880,38756,2.441,2.646,2.486,0.205,0.045
44,"DOT:36:1,SQRTX:12:1,POW:24:1,SUM:132:1",SQRTX_12_c1,0,19.8,100.8,9078,16846,1.856,2.28,2.144,0.424,0.288
44,"DOT:36:1,SQRTX:12:1,POW:24:1,SUM:132:1",POW_24_c1,5,15.0,100.8,48124,77455,1.609,1.711,1.532,0.102,0.077
44,"DOT:36:1,SQRTX:12:1,POW:24:1,SUM:132:1",SUM_132_c1,4,32.0,100.8,30946,90466,2.923,3.144,2.685,0.22,0.238
45,"XPY:60:1,POW:24:1",XPY_60_c1,1,45.2,60.2,29859,39548,1.324,1.312,1.404,0.012,0.08
45,"XPY:60:1,POW:24:1",POW_24_c1,4,15.0,60.2,48124,51426,1.069,1.143,1.151,0.074,0.083
46,"POW:24:1,POW:36:1,COPY:84:1",POW_24_c1,1,15.0,62.9,48124,69724,1.449,1.181,1.246,0.268,0.203
46,"POW:24:1,POW:36:1,COPY:84:1",POW_36_c1,0,15.0,62.9,72048,78465,1.089,1.181,1.172,0.092,0.083
46,"POW:24:1,POW:36:1,COPY:84:1",COPY_84_c1,5,32.9,62.9,38335,77789,2.029,1.573,1.843,0.456,0.187
47,"ERF:24:2,XPY:60:2",ERF_24_c2,"4,1",40.0,89.0,13494,35165,2.606,2.248,2.003,0.358,0.603
47,"ERF:24:2,XPY:60:2",XPY_60_c2,"0,5",49.0,89.0,27541,39661,1.44,2.193,2.22,0.753,0.78
48,"SUM:132:1,SUM:132:1",SUM_132_c1,4,32.0,64.0,30946,49214,1.59,1.591,1.606,0.0,0.016
48,"SUM:132:1,SUM:132:1",SUM_132_c1,1,32.0,64.0,30946,49194,1.59,1.591,1.606,0.001,0.016
49,"SUM:84:1,POW:24:1,SUM:108:1,DOT:84:1",SUM_84_c1,0,32.0,113.0,19687,59815,3.038,3.659,3.086,0.62,0.047
49,"SUM:84:1,POW:24:1,SUM:108:1,DOT:84:1",POW_24_c1,5,15.0,113.0,48124,88192,1.833,1.882,1.624,0.049,0.209
49,"SUM:84:1,POW:24:1,SUM:108:1,DOT:84:1",SUM_108_c1,4,32.0,113.0,25305,76626,3.028,3.659,3.086,0.631,0.058
49,"SUM:84:1,POW:24:1,SUM:108:1,DOT:84:1",DOT_84_c1,1,34.0,113.0,37041,101835,2.749,3.041,2.763,0.292,0.014
50,"POW:36:2,TGAMMA:12:1",POW_36_c2,"0,5",29.3,33.3,36901,36870,0.999,1.0,1.0,0.001,0.001
50,"POW:36:2,TGAMMA:12:1",TGAMMA_12_c1,1,4.0,33.3,6773,6804,1.005,1.0,1.0,0.005,0.005
51,"COPY:84:1,TGAMMA:12:1",COPY_84_c1,1,32.9,36.9,38335,41319,1.078,1.0,1.0,0.078,0.078
51,"COPY:84:1,TGAMMA:12:1",TGAMMA_12_c1,0,4.0,36.9,6773,6853,1.012,1.0,1.0,0.012,0.012
52,"XPY:48:1,DOT:36:1",XPY_48_c1,4,44.9,78.9,24058,40657,1.69,1.884,1.982,0.194,0.292
52,"XPY:48:1,DOT:36:1",DOT_36_c1,0,34.0,78.9,15880,29513,1.859,1.936,2.191,0.078,0.333
53,"POW:24:1,SQRTX:12:1",POW_24_c1,0,15.0,34.8,48124,48501,1.008,1.0,1.0,0.008,0.008
53,"POW:24:1,SQRTX:12:1",SQRTX_12_c1,1,19.8,34.8,9078,9252,1.019,1.0,1.0,0.019,0.019
54,"COPY:84:1,SUM:108:2",COPY_84_c1,0,32.9,72.9,38335,123738,3.228,2.017,2.196,1.211,1.032
54,"COPY:84:1,SUM:108:2",SUM_108_c2,"4,1",40.0,72.9,20247,50513,2.495,1.966,2.08,0.528,0.415
55,"DOT:84:1,POW:36:2",DOT_84_c1,1,34.0,63.3,37041,68115,1.839,1.431,1.63,0.408,0.209
55,"DOT:84:1,POW:36:2",POW_36_c2,"0,5",29.3,63.3,36901,47602,1.29,1.186,1.251,0.104,0.039
56,"TGAMMA:12:1,SQRTX:12:1,SUM:84:1",TGAMMA_12_c1,5,4.0,55.8,6773,6923,1.022,1.007,1.022,0.015,0.0
56,"TGAMMA:12:1,SQRTX:12:1,SUM:84:1",SQRTX_12_c1,1,19.8,55.8,9078,10329,1.138,1.146,1.276,0.008,0.138
56,"TGAMMA:12:1,SQRTX:12:1,SUM:84:1",SUM_84_c1,0,32.0,55.8,19687,26900,1.366,1.245,1.399,0.122,0.033
57,"ERF:12:1,SUM:132:1",ERF_12_c1,5,21.2,53.2,12734,17043,1.338,1.102,1.359,0.236,0.021
57,"ERF:12:1,SUM:132:1",SUM_132_c1,1,32.0,53.2,30946,42162,1.362,1.135,1.494,0.227,0.131
58,"TGAMMA:60:1,TGAMMA:12:1",TGAMMA_60_c1,1,4.0,8.0,33855,33724,0.996,1.0,1.0,0.004,0.004
58,"TGAMMA:60:1,TGAMMA:12:1",TGAMMA_12_c1,0,4.0,8.0,6773,6761,0.998,1.0,1.0,0.002,0.002
59,"ERF:24:1,COPY:84:1",ERF_24_c1,4,21.2,54.1,25440,28459,1.119,1.131,1.222,0.013,0.103
59,"ERF:24:1,COPY:84:1",COPY_84_c1,1,32.9,54.1,38335,61690,1.609,1.182,1.434,0.427,0.176
60,"TGAMMA:60:1,SQRTX:12:1",TGAMMA_60_c1,1,4.0,23.8,33855,33757,0.997,1.0,1.0,0.003,0.003
60,"TGAMMA:60:1,SQRTX:12:1",SQRTX_12_c1,0,19.8,23.8,9078,9135,1.006,1.0,1.0,0.006,0.006
61,"SUM:108:3,XPY:48:1",SUM_108_c3,"0,5,1",39.4,84.3,20537,36785,1.791,2.447,2.459,0.656,0.668
61,"SUM:108:3,XPY:48:1",XPY_48_c1,4,44.9,84.3,24058,80662,3.353,2.05,1.965,1.303,1.388
62,"XPY:60:2,TGAMMA:60:2",XPY_60_c2,"4,5",49.0,57.0,27541,32362,1.175,1.214,1.388,0.039,0.213
62,"XPY:60:2,TGAMMA:60:2",TGAMMA_60_c2,"0,1",8.0,57.0,16972,17850,1.052,1.008,1.032,0.043,0.02
63,"TGAMMA:60:1,TGAMMA:120:1",TGAMMA_60_c1,1,4.0,8.0,33855,33750,0.997,1.0,1.0,0.003,0.003
63,"TGAMMA:60:1,TGAMMA:120:1",TGAMMA_120_c1,0,4.0,8.0,67717,67533,0.997,1.0,1.0,0.003,0.003
64,"TGAMMA:120:1,XPY:48:1",TGAMMA_120_c1,0,4.0,48.9,67717,68325,1.009,1.0,1.009,0.009,0.0
64,"TGAMMA:120:1,XPY:48:1",XPY_48_c1,1,44.9,48.9,24058,25415,1.056,1.0,1.178,0.056,0.122
65,"DOT:84:1,SUM:132:1,ERF:24:1",DOT_84_c1,0,34.0,87.2,37041,83295,2.249,2.205,2.292,0.043,0.043
65,"DOT:84:1,SUM:132:1,ERF:24:1",SUM_132_c1,4,32.0,87.2,30946,92896,3.002,2.57,2.449,0.432,0.553
65,"DOT:84:1,SUM:132:1,ERF:24:1",ERF_24_c1,5,21.2,87.2,25440,30470,1.198,2.19,1.743,0.993,0.546
66,"DOT:84:1,POW:12:1",DOT_84_c1,0,34.0,49.0,37041,46696,1.261,1.0,1.205,0.261,0.056
66,"DOT:84:1,POW:12:1",POW_12_c1,1,15.0,49.0,23985,27077,1.129,1.0,1.068,0.129,0.061
67,"ERF:12:1,POW:36:1",ERF_12_c1,1,21.2,36.2,12734,13302,1.045,1.0,1.011,0.045,0.034
67,"ERF:12:1,POW:36:1",POW_36_c1,5,15.0,36.2,72048,73660,1.022,1.0,1.019,0.022,0.003
68,"POW:36:2,TGAMMA:120:1",POW_36_c2,"4,1",29.3,33.3,36901,36871,0.999,1.0,1.0,0.001,0.001
68,"POW:36:2,TGAMMA:120:1",TGAMMA_120_c1,0,4.0,33.3,67717,68119,1.006,1.0,1.0,0.006,0.006
69,"SQRTX:48:3,DOT:84:1",SQRTX_48_c3,"0,5,1",39.0,73.0,18447,27474,1.489,1.58,1.702,0.09,0.213
69,"SQRTX:48:3,DOT:84:1",DOT_84_c1,4,34.0,73.0,37041,73940,1.996,1.745,1.839,0.251,0.157
70,"ERF:48:1,XPY:48:1",ERF_48_c1,0,21.2,66.1,50880,57319,1.127,1.515,1.411,0.389,0.285
70,"ERF:48:1,XPY:48:1",XPY_48_c1,5,44.9,66.1,24058,36131,1.502,1.493,1.522,0.009,0.02
71,"ERF:48:1,ERF:12:1",ERF_48_c1,1,21.2,42.4,50880,53482,1.051,1.0,1.038,0.051,0.013
71,"ERF:48:1,ERF:12:1",ERF_12_c1,4,21.2,42.4,12734,13372,1.05,1.0,1.038,0.05,0.012
72,"POW:36:1,TGAMMA:12:1",POW_36_c1,0,15.0,19.0,72048,71342,0.99,1.0,1.0,0.01,0.01
72,"POW:36:1,TGAMMA:12:1",TGAMMA_12_c1,1,4.0,19.0,6773,6764,0.999,1.0,1.0,0.001,0.001
73,"SQRTX:48:1,COPY:60:1,TGAMMA:12:2",SQRTX_48_c1,5,19.9,60.7,36255,41289,1.139,1.27,1.356,0.131,0.217
73,"SQRTX:48:1,COPY:60:1,TGAMMA:12:2",COPY_60_c1,0,32.8,60.7,27398,56525,2.063,1.475,1.673,0.588,0.39
73,"SQRTX:48:1,COPY:60:1,TGAMMA:12:2",TGAMMA_12_c2,"4,1",8.0,60.7,3394,3514,1.035,1.013,1.037,0.023,0.001
74,"DOT:84:2,XPY:60:1",DOT_84_c2,"0,1",40.1,85.3,31407,69948,2.227,2.144,2.339,0.083,0.112
74,"DOT:84:2,XPY:60:1",XPY_60_c1,5,45.2,85.3,29859,100183,3.355,2.08,2.026,1.275,1.329
75,"TGAMMA:120:1,SUM:132:1,ERF:24:1",TGAMMA_120_c1,5,4.0,57.2,67717,69421,1.025,1.009,1.024,0.017,0.002
75,"TGAMMA:120:1,SUM:132:1,ERF:24:1",SUM_132_c1,0,32.0,57.2,30946,44473,1.437,1.304,1.434,0.133,0.003
75,"TGAMMA:120:1,SUM:132:1,ERF:24:1",ERF_24_c1,1,21.2,57.2,25440,30756,1.209,1.23,1.29,0.021,0.081
76,"DOT:84:1,SQRTX:48:1",DOT_84_c1,1,34.0,53.9,37041,48946,1.321,1.126,1.316,0.195,0.005
76,"DOT:84:1,SQRTX:48:1",SQRTX_48_c1,4,19.9,53.9,36255,39858,1.099,1.098,1.226,0.001,0.126
77,"COPY:84:1,XPY:48:1,POW:24:1",COPY_84_c1,5,32.9,92.8,38335,111726,2.914,2.9,3.038,0.014,0.123
77,"COPY:84:1,XPY:48:1,POW:24:1",XPY_48_c1,1,44.9,92.8,24058,57846,2.404,2.31,2.253,0.095,0.151
77,"COPY:84:1,XPY:48:1,POW:24:1",POW_24_c1,4,15.0,92.8,48124,52009,1.081,1.599,1.396,0.518,0.315
78,"ERF:24:2,SUM:84:1",ERF_24_c2,"4,5",40.0,72.0,13494,22128,1.64,1.704,1.655,0.064,0.015
78,"ERF:24:2,SUM:84:1",SUM_84_c1,1,32.0,72.0,19687,40977,2.081,1.928,1.959,0.153,0.122
79,"POW:36:2,TGAMMA:12:1,POW:24:1",POW_36_c2,"0,1",29.3,48.3,36901,39804,1.079,1.0,1.105,0.079,0.026
79,"POW:36:2,TGAMMA:12:1,POW:24:1",TGAMMA_12_c1,5,4.0,48.3,6773,6900,1.019,1.0,1.013,0.019,0.006
79,"POW:36:2,TGAMMA:12:1,POW:24:1",POW_24_c1,4,15.0,48.3,48124,52944,1.1,1.0,1.095,0.1,0.005
80,"SUM:84:3,TGAMMA:12:1",SUM_84_c3,"1,4,0",39.4,43.4,15984,19961,1.249,1.0,1.116,0.249,0.133
80,"SUM:84:3,TGAMMA:12:1",TGAMMA_12_c1,5,4.0,43.4,6773,7080,1.045,1.0,1.007,0.045,0.038
81,"ERF:48:1,TGAMMA:60:1",ERF_48_c1,0,21.2,25.2,50880,51419,1.011,1.0,1.0,0.011,0.011
81,"ERF:48:1,TGAMMA:60:1",TGAMMA_60_c1,1,4.0,25.2,33855,33848,1.0,1.0,1.0,0.0,0.0
82,"COPY:84:2,ERF:12:2",COPY_84_c2,"0,1",33.2,73.2,37931,58094,1.532,2.03,2.39,0.499,0.858
82,"COPY:84:2,ERF:12:2",ERF_12_c2,"4,5",40.0,73.2,6750,15680,2.323,1.742,1.68,0.581,0.643
83,"SUM:132:1,DOT:36:2",SUM_132_c1,1,32.0,72.1,30946,113419,3.665,1.933,1.962,1.732,1.703
83,"SUM:132:1,DOT:36:2",DOT_36_c2,"4,5",40.1,72.1,13460,21438,1.593,1.716,1.949,0.123,0.356
84,"TGAMMA:120:1,SUM:84:3",TGAMMA_120_c1,0,4.0,43.4,67717,70905,1.047,1.0,1.007,0.047,0.04
84,"TGAMMA:120:1,SUM:84:3",SUM_84_c3,"1,4,5",39.4,43.4,15984,19962,1.249,1.0,1.116,0.249,0.133
85,"SUM:108:1,SUM:108:1",SUM_108_c1,5,32.0,64.0,25305,42730,1.689,1.591,1.848,0.098,0.16
85,"SUM:108:1,SUM:108:1",SUM_108_c1,1,32.0,64.0,25305,42694,1.687,1.591,1.848,0.096,0.161
86,"ERF:24:2,POW:24:1",ERF_24_c2,"0,1",40.0,55.0,13494,17635,1.307,1.16,1.307,0.147,0.0
86,"ERF:24:2,POW:24:1",POW_24_c1,5,15.0,55.0,48124,56579,1.176,1.07,1.157,0.106,0.018
87,"XPY:60:2,POW:12:2",XPY_60_c2,"0,5",49.0,78.3,27541,40672,1.477,1.866,1.942,0.389,0.465
87,"XPY:60:2,POW:12:2",POW_12_c2,"4,1",29.3,78.3,12291,23151,1.884,1.396,1.397,0.487,0.486
88,"SQRTX:12:1,DOT:36:1",SQRTX_12_c1,1,19.8,53.8,9078,9953,1.096,1.096,1.224,0.001,0.128
88,"SQRTX:12:1,DOT:36:1",DOT_36_c1,0,34.0,53.8,15880,20947,1.319,1.123,1.314,0.196,0.005
89,"POW:36:1,ERF:48:1",POW_36_c1,1,15.0,36.2,72048,73705,1.023,1.0,1.0,0.023,0.023
89,"POW:36:1,ERF:48:1",ERF_48_c1,0,21.2,36.2,50880,52802,1.038,1.0,1.0,0.038,0.038
90,"COPY:60:2,SUM:132:1",COPY_60_c2,"4,1",33.2,65.2,27078,41214,1.522,1.675,2.07,0.153,0.548
90,"COPY:60:2,SUM:132:1",SUM_132_c1,5,32.0,65.2,30946,116331,3.759,1.641,1.762,2.118,1.997
91,"DOT:84:1,XPY:48:1,DOT:84:1",DOT_84_c1,4,34.0,112.9,37041,106471,2.874,3.038,2.891,0.164,0.016
91,"DOT:84:1,XPY:48:1,DOT:84:1",XPY_48_c1,1,44.9,112.9,24058,52730,2.192,2.925,2.458,0.733,0.266
91,"DOT:84:1,XPY:48:1,DOT:84:1",DOT_84_c1,0,34.0,112.9,37041,106644,2.879,3.038,2.891,0.159,0.011
92,"TGAMMA:12:1,ERF:24:1,COPY:60:1",TGAMMA_12_c1,4,4.0,58.0,6773,7012,1.035,1.01,1.028,0.026,0.007
92,"TGAMMA:12:1,ERF:24:1,COPY:60:1",ERF_24_c1,1,21.2,58.0,25440,28651,1.126,1.256,1.284,0.13,0.157
92,"TGAMMA:12:1,ERF:24:1,COPY:60:1",COPY_60_c1,0,32.8,58.0,27398,50476,1.842,1.355,1.59,0.487,0.252
93,"DOT:84:1,SUM:108:1",DOT_84_c1,1,34.0,66.0,37041,56565,1.527,1.518,1.81,0.009,0.283
93,"DOT:84:1,SUM:108:1",SUM_108_c1,5,32.0,66.0,25305,50635,2.001,1.675,1.914,0.326,0.087
94,"XPY:60:2,TGAMMA:120:1,POW:24:1",XPY_60_c2,"0,5",49.0,68.0,27541,39737,1.443,1.551,1.674,0.108,0.231
94,"XPY:60:2,TGAMMA:120:1,POW:24:1",TGAMMA_120_c1,4,4.0,68.0,67717,71402,1.054,1.022,1.035,0.033,0.019
94,"XPY:60:2,TGAMMA:120:1,POW:24:1",POW_24_c1,1,15.0,68.0,48124,91562,1.903,1.252,1.265,0.651,0.638
95,"POW:24:1,TGAMMA:120:1,SQRTX:48:1",POW_24_c1,1,15.0,38.9,48124,48825,1.015,1.0,1.001,0.015,0.014
95,"POW:24:1,TGAMMA:120:1,SQRTX:48:1",TGAMMA_120_c1,5,4.0,38.9,67717,67877,1.002,1.0,1.003,0.002,0.001
95,"POW:24:1,TGAMMA:120:1,SQRTX:48:1",SQRTX_48_c1,4,19.9,38.9,36255,37252,1.027,1.0,1.0,0.027,0.027
96,"POW:12:1,TGAMMA:60:1",POW_12_c1,4,15.0,19.0,23985,23787,0.992,1.0,1.0,0.008,0.008
96,"POW:12:1,TGAMMA:60:1",TGAMMA_60_c1,0,4.0,19.0,33855,33868,1.0,1.0,1.0,0.0,0.0
97,"DOT:84:1,COPY:84:1",DOT_84_c1,4,34.0,66.9,37041,64561,1.743,1.548,1.837,0.195,0.094
97,"DOT:84:1,COPY:84:1",COPY_84_c1,0,32.9,66.9,38335,73152,1.908,1.75,2.141,0.158,0.233
98,"COPY:60:1,SQRTX:48:1,TGAMMA:12:1,SUM:132:1",COPY_60_c1,5,32.8,88.7,27398,88088,3.215,2.718,2.681,0.497,0.534
98,"COPY:60:1,SQRTX:48:1,TGAMMA:12:1,SUM:132:1",SQRTX_48_c1,1,19.9,88.7,36255,90137,2.486,1.975,1.951,0.511,0.535
98,"COPY:60:1,SQRTX:48:1,TGAMMA:12:1,SUM:132:1",TGAMMA_12_c1,4,4.0,88.7,6773,6976,1.03,1.046,1.058,0.016,0.028
98,"COPY:60:1,SQRTX:48:1,TGAMMA:12:1,SUM:132:1",SUM_132_c1,0,32.0,88.7,30946,52036,1.682,2.633,2.26,0.952,0.578
99,"XPY:48:1,ERF:24:1,TGAMMA:120:1",XPY_48_c1,4,44.9,70.1,24058,41349,1.719,1.615,1.626,0.104,0.093
99,"XPY:48:1,ERF:24:1,TGAMMA:120:1",ERF_24_c1,1,21.2,70.1,25440,28904,1.136,1.643,1.474,0.507,0.338
99,"XPY:48:1,ERF:24:1,TGAMMA:120:1",TGAMMA_120_c1,0,4.0,70.1,67717,70480,1.041,1.024,1.044,0.017,0.003
100,"SQRTX:48:1,ERF:12:2",SQRTX_48_c1,0,19.9,59.9,36255,55256,1.524,1.249,1.421,0.275,0.103
100,"SQRTX:48:1,ERF:12:2",ERF_12_c2,"4,5",40.0,59.9,6750,8730,1.293,1.317,1.407,0.023,0.114
101,"ERF:24:1,POW:12:1,ERF:12:1,TGAMMA:12:1",ERF_24_c1,1,21.2,61.4,25440,36013,1.416,1.365,1.437,0.051,0.022
101,"ERF:24:1,POW:12:1,ERF:12:1,TGAMMA:12:1",POW_12_c1,0,15.0,61.4,23985,25927,1.081,1.16,1.169,0.079,0.089
101,"ERF:24:1,POW:12:1,ERF:12:1,TGAMMA:12:1",ERF_12_c1,5,21.2,61.4,12734,18026,1.416,1.365,1.437,0.051,0.022
101,"ERF:24:1,POW:12:1,ERF:12:1,TGAMMA:12:1",TGAMMA_12_c1,4,4.0,61.4,6773,6895,1.018,1.014,1.026,0.004,0.008
102,"SUM:132:1,POW:24:1",SUM_132_c1,5,32.0,47.0,30946,42036,1.358,1.0,1.29,0.358,0.068
102,"SUM:132:1,POW:24:1",POW_24_c1,1,15.0,47.0,48124,52846,1.098,1.0,1.125,0.098,0.026
103,"SUM:108:1,TGAMMA:120:1,TGAMMA:60:1,ERF:12:1",SUM_108_c1,0,32.0,61.2,25305,41204,1.628,1.473,1.566,0.156,0.063
103,"SUM:108:1,TGAMMA:120:1,TGAMMA:60:1,ERF:12:1",TGAMMA_120_c1,4,4.0,61.2,67717,69741,1.03,1.013,1.031,0.016,0.001
103,"SUM:108:1,TGAMMA:120:1,TGAMMA:60:1,ERF:12:1",TGAMMA_60_c1,1,4.0,61.2,33855,34759,1.027,1.013,1.028,0.013,0.001
103,"SUM:108:1,TGAMMA:120:1,TGAMMA:60:1,ERF:12:1",ERF_12_c1,5,21.2,61.2,12734,15701,1.233,1.358,1.353,0.125,0.12
104,"ERF:12:1,SUM:132:2",ERF_12_c1,1,21.2,61.2,12734,24762,1.945,1.358,1.428,0.586,0.516
104,"ERF:12:1,SUM:132:2",SUM_132_c2,"4,5",40.0,61.2,24731,40810,1.65,1.473,1.696,0.178,0.046
105,"POW:36:1,POW:36:1,POW:36:1",POW_36_c1,4,15.0,45.0,72048,76734,1.065,1.0,1.071,0.065,0.006
105,"POW:36:1,POW:36:1,POW:36:1",POW_36_c1,0,15.0,45.0,72048,76825,1.066,1.0,1.071,0.066,0.005
105,"POW:36:1,POW:36:1,POW:36:1",POW_36_c1,5,15.0,45.0,72048,76413,1.061,1.0,1.038,0.061,0.023
106,"XPY:48:2,ERF:12:2",XPY_48_c2,"4,5",48.7,88.7,22157,31671,1.429,2.184,2.214,0.755,0.785
106,"XPY:48:2,ERF:12:2",ERF_12_c2,"0,1",40.0,88.7,6750,17635,2.613,2.238,1.997,0.374,0.615
107,"DOT:36:2,ERF:12:1,DOT:36:1",DOT_36_c2,"4,5",40.1,95.3,13460,24884,1.849,2.468,2.635,0.619,0.786
107,"DOT:36:2,ERF:12:1,DOT:36:1",ERF_12_c1,1,21.2,95.3,12734,32017,2.514,2.45,1.966,0.065,0.549
107,"DOT:36:2,ERF:12:1,DOT:36:1",DOT_36_c1,0,34.0,95.3,15880,50019,3.15,2.468,2.395,0.682,0.755
108,"SUM:84:1,COPY:60:1",SUM_84_c1,4,32.0,64.8,19687,38709,1.966,1.625,1.875,0.342,0.092
108,"SUM:84:1,COPY:60:1",COPY_60_c1,0,32.8,64.8,27398,44731,1.633,1.657,2.058,0.024,0.425
109,"TGAMMA:60:1,SUM:132:3",TGAMMA_60_c1,1,4.0,43.4,33855,35370,1.045,1.0,1.007,0.045,0.037
109,"TGAMMA:60:1,SUM:132:3",SUM_132_c3,"0,4,5",39.4,43.4,25096,31426,1.252,1.0,1.116,0.252,0.136
110,"SQRTX:12:1,POW:12:1,DOT:36:1,SUM:84:1",SQRTX_12_c1,5,19.8,100.8,9078,21421,2.36,2.28,2.154,0.08,0.206
110,"SQRTX:12:1,POW:12:1,DOT:36:1,SUM:84:1",POW_12_c1,0,15.0,100.8,23985,34509,1.439,1.711,1.528,0.272,0.089
110,"SQRTX:12:1,POW:12:1,DOT:36:1,SUM:84:1",DOT_36_c1,1,34.0,100.8,15880,40264,2.536,2.646,2.518,0.11,0.017
110,"SQRTX:12:1,POW:12:1,DOT:36:1,SUM:84:1",SUM_84_c1,4,32.0,100.8,19687,51731,2.628,3.144,2.649,0.516,0.021
111,"DOT:36:2,SUM:108:2",DOT_36_c2,"4,5",40.1,80.1,13460,22559,1.676,1.975,2.185,0.299,0.509
111,"DOT:36:2,SUM:108:2",SUM_108_c2,"0,1",40.0,80.1,20247,49141,2.427,2.27,2.316,0.157,0.111
112,"COPY:84:1,TGAMMA:12:1,DOT:36:1,XPY:60:1",COPY_84_c1,5,32.9,116.1,38335,98438,2.568,3.935,3.377,1.367,0.809
112,"COPY:84:1,TGAMMA:12:1,DOT:36:1,XPY:60:1",TGAMMA_12_c1,1,4.0,116.1,6773,7148,1.055,1.079,1.086,0.024,0.031
112,"COPY:84:1,TGAMMA:12:1,DOT:36:1,XPY:60:1",DOT_36_c1,4,34.0,116.1,15880,52822,3.326,3.142,3.04,0.185,0.287
112,"COPY:84:1,TGAMMA:12:1,DOT:36:1,XPY:60:1",XPY_60_c1,0,45.2,116.1,29859,94676,3.171,3.023,2.726,0.148,0.445
113,"SQRTX:48:1,TGAMMA:12:2",SQRTX_48_c1,5,19.9,27.9,36255,36487,1.006,1.0,1.0,0.006,0.006
113,"SQRTX:48:1,TGAMMA:12:2",TGAMMA_12_c2,"4,1",8.0,27.9,3394,3381,0.996,1.0,1.0,0.004,0.004
114,"TGAMMA:120:1,SQRTX:48:2,POW:24:1",TGAMMA_120_c1,1,4.0,57.6,67717,69081,1.02,1.009,1.023,0.011,0.003
114,"TGAMMA:120:1,SQRTX:48:2,POW:24:1",SQRTX_48_c2,"0,5",38.6,57.6,18647,29919,1.604,1.192,1.379,0.413,0.226
114,"TGAMMA:120:1,SQRTX:48:2,POW:24:1",POW_24_c1,4,15.0,57.6,48124,58192,1.209,1.106,1.175,0.103,0.034
115,"SUM:108:1,SQRTX:12:1,POW:36:1,DOT:84:1",SUM_108_c1,5,32.0,100.8,25305,66729,2.637,3.144,2.649,0.507,0.012
115,"SUM:108:1,SQRTX:12:1,POW:36:1,DOT:84:1",SQRTX_12_c1,4,19.8,100.8,9078,21386,2.356,2.28,2.154,0.076,0.202
115,"SUM:108:1,SQRTX:12:1,POW:36:1,DOT:84:1",POW_36_c1,1,15.0,100.8,72048,103175,1.432,1.711,1.528,0.279,0.096
115,"SUM:108:1,SQRTX:12:1,POW:36:1,DOT:84:1",DOT_84_c1,0,34.0,100.8,37041,94117,2.541,2.646,2.518,0.105,0.023
116,"POW:36:1,XPY:48:2",POW_36_c1,4,15.0,63.7,72048,136185,1.89,1.192,1.233,0.698,0.658
116,"POW:36:1,XPY:48:2",XPY_48_c2,"0,1",48.7,63.7,22157,31469,1.42,1.419,1.564,0.001,0.144
117,"DOT:84:2,ERF:24:1,ERF:24:1",DOT_84_c2,"4,5",40.1,82.5,31407,48620,1.548,2.053,2.256,0.505,0.708
117,"DOT:84:2,ERF:24:1,ERF:24:1",ERF_24_c1,0,21.2,82.5,25440,59978,2.358,2.04,1.764,0.318,0.594
117,"DOT:84:2,ERF:24:1,ERF:24:1",ERF_24_c1,1,21.2,82.5,25440,59885,2.354,2.04,1.764,0.314,0.59
118,"DOT:36:3,POW:12:1",DOT_36_c3,"5,4,0",39.5,54.5,13678,16958,1.24,1.146,1.432,0.094,0.192
118,"DOT:36:3,POW:12:1",POW_12_c1,1,15.0,54.5,23985,44206,1.843,1.063,1.138,0.78,0.705
119,"POW:24:3,POW:24:1",POW_24_c3,"5,0,1",41.2,56.2,17473,20505,1.174,1.087,1.155,0.087,0.018
119,"POW:24:3,POW:24:1",POW_24_c1,4,15.0,56.2,48124,61354,1.275,1.087,1.152,0.188,0.123
120,"POW:24:1,COPY:84:1,SUM:132:1",POW_24_c1,4,15.0,79.9,48124,53055,1.102,1.419,1.299,0.316,0.197
120,"POW:24:1,COPY:84:1,SUM:132:1",COPY_84_c1,1,32.9,79.9,38335,88155,2.3,2.328,2.522,0.028,0.223
120,"POW:24:1,COPY:84:1,SUM:132:1",SUM_132_c1,5,32.0,79.9,30946,84155,2.719,2.262,2.257,0.458,0.463
121,"TGAMMA:60:1,COPY:60:1,TGAMMA:60:1",TGAMMA_60_c1,5,4.0,40.8,33855,34491,1.019,1.0,1.011,0.019,0.008
121,"TGAMMA:60:1,COPY:60:1,TGAMMA:60:1",COPY_60_c1,1,32.8,40.8,27398,32333,1.18,1.0,1.062,0.18,0.119
121,"TGAMMA:60:1,COPY:60:1,TGAMMA:60:1",TGAMMA_60_c1,4,4.0,40.8,33855,34240,1.011,1.0,1.001,0.011,0.011
122,"COPY:60:1,ERF:48:1,ERF:12:1",COPY_60_c1,0,32.8,75.2,27398,65024,2.373,2.119,2.278,0.254,0.095
122,"COPY:60:1,ERF:48:1,ERF:12:1",ERF_48_c1,4,21.2,75.2,50880,108939,2.141,1.806,1.709,0.335,0.432
122,"COPY:60:1,ERF:48:1,ERF:12:1",ERF_12_c1,1,21.2,75.2,12734,14352,1.127,1.806,1.554,0.679,0.427
123,"TGAMMA:12:1,TGAMMA:12:1,TGAMMA:120:1",TGAMMA_12_c1,4,4.0,12.0,6773,6764,0.999,1.0,1.0,0.001,0.001
123,"TGAMMA:12:1,TGAMMA:12:1,TGAMMA:120:1",TGAMMA_12_c1,0,4.0,12.0,6773,6775,1.0,1.0,1.0,0.0,0.0
123,"TGAMMA:12:1,TGAMMA:12:1,TGAMMA:120:1",TGAMMA_120_c1,1,4.0,12.0,67717,67644,0.999,1.0,1.0,0.001,0.001
124,"SQRTX:12:1,COPY:60:1,POW:12:1",SQRTX_12_c1,4,19.8,67.6,9078,14586,1.607,1.444,1.522,0.163,0.085
124,"SQRTX:12:1,COPY:60:1,POW:12:1",COPY_60_c1,1,32.8,67.6,27398,52926,1.932,1.781,1.849,0.15,0.083
124,"SQRTX:12:1,COPY:60:1,POW:12:1",POW_12_c1,0,15.0,67.6,23985,29069,1.212,1.246,1.252,0.034,0.04
125,"SUM:108:1,POW:36:1,SUM:84:1",SUM_108_c1,4,32.0,79.0,25305,65315,2.581,2.224,2.098,0.357,0.483
125,"SUM:108:1,POW:36:1,SUM:84:1",POW_36_c1,0,15.0,79.0,72048,103974,1.443,1.406,1.365,0.037,0.079
125,"SUM:108:1,POW:36:1,SUM:84:1",SUM_84_c1,5,32.0,79.0,19687,32611,1.656,2.224,1.985,0.567,0.328
126,"XPY:48:2,POW:24:2",XPY_48_c2,"4,1",48.7,78.0,22157,32432,1.464,1.857,1.936,0.393,0.472
126,"XPY:48:2,POW:24:2",POW_24_c2,"0,5",29.3,78.0,24606,46507,1.89,1.392,1.395,0.498,0.495
127,"POW:36:1,SUM:108:1",POW_36_c1,0,15.0,47.0,72048,79222,1.1,1.0,1.125,0.1,0.025
127,"POW:36:1,SUM:108:1",SUM_108_c1,4,32.0,47.0,25305,34335,1.357,1.0,1.29,0.357,0.066
128,"ERF:24:1,ERF:24:2",ERF_24_c1,5,21.2,61.2,25440,36922,1.451,1.358,1.428,0.093,0.023
128,"ERF:24:1,ERF:24:2",ERF_24_c2,"0,1",40.0,61.2,13494,18450,1.367,1.358,1.434,0.009,0.067
129,"POW:24:1,DOT:84:1,XPY:48:1",POW_24_c1,1,15.0,93.9,48124,72608,1.509,1.615,1.481,0.106,0.028
129,"POW:24:1,DOT:84:1,XPY:48:1",DOT_84_c1,5,34.0,93.9,37041,87444,2.361,2.422,2.329,0.062,0.032
129,"POW:24:1,DOT:84:1,XPY:48:1",XPY_48_c1,4,44.9,93.9,24058,49909,2.075,2.343,2.078,0.269,0.003
130,"ERF:48:2,DOT:36:1",ERF_48_c2,"4,1",40.0,74.0,26996,52132,1.931,1.768,1.696,0.163,0.235
130,"ERF:48:2,DOT:36:1",DOT_36_c1,5,34.0,74.0,15880,31701,1.996,1.778,1.91,0.219,0.086
131,"DOT:36:3,SUM:132:1",DOT_36_c3,"0,5,1",39.5,71.5,13678,17781,1.3,1.697,1.935,0.397,0.635
131,"DOT:36:3,SUM:132:1",SUM_132_c1,4,32.0,71.5,30946,119653,3.867,1.907,1.895,1.959,1.971
132,"TGAMMA:120:1,SUM:84:1",TGAMMA_120_c1,5,4.0,36.0,67717,68839,1.017,1.0,1.006,0.017,0.011
132,"TGAMMA:120:1,SUM:84:1",SUM_84_c1,1,32.0,36.0,19687,20729,1.053,1.0,1.0,0.053,0.053
133,"DOT:84:2,ERF:48:2",DOT_84_c2,"4,5",40.1,80.1,31407,48632,1.548,1.975,2.185,0.427,0.637
133,"DOT:84:2,ERF:48:2",ERF_48_c2,"0,1",40.0,80.1,26996,59972,2.222,1.963,1.821,0.258,0.4
134,"TGAMMA:120:1,TGAMMA:120:1",TGAMMA_120_c1,1,4.0,8.0,67717,67496,0.997,1.0,1.0,0.003,0.003
134,"TGAMMA:120:1,TGAMMA:120:1",TGAMMA_120_c1,0,4.0,8.0,67717,67533,0.997,1.0,1.0,0.003,0.003
135,"ERF:12:1,TGAMMA:60:1",ERF_12_c1,0,21.2,25.2,12734,12865,1.01,1.0,1.0,0.01,0.01
135,"ERF:12:1,TGAMMA:60:1",TGAMMA_60_c1,5,4.0,25.2,33855,33832,0.999,1.0,1.0,0.001,0.001
136,"POW:12:1,SUM:132:1,XPY:48:1,TGAMMA:60:1",POW_12_c1,4,15.0,95.9,23985,49311,2.056,1.643,1.52,0.413,0.536
136,"POW:12:1,SUM:132:1,XPY:48:1,TGAMMA:60:1",SUM_132_c1,1,32.0,95.9,30946,54232,1.752,2.937,2.442,1.185,0.689
136,"POW:12:1,SUM:132:1,XPY:48:1,TGAMMA:60:1",XPY_48_c1,0,44.9,95.9,24058,68368,2.842,2.405,2.208,0.437,0.634
136,"POW:12:1,SUM:132:1,XPY:48:1,TGAMMA:60:1",TGAMMA_60_c1,5,4.0,95.9,33855,35030,1.035,1.055,1.066,0.02,0.031
137,"TGAMMA:120:2,XPY:60:2",TGAMMA_120_c2,"0,5",8.0,57.0,33894,35710,1.054,1.008,1.032,0.045,0.022
137,"TGAMMA:120:2,XPY:60:2",XPY_60_c2,"4,1",49.0,57.0,27541,32288,1.172,1.214,1.388,0.042,0.216
138,"ERF:48:1,XPY:48:3",ERF_48_c1,4,21.2,69.6,50880,140694,2.765,1.627,1.542,1.138,1.223
138,"ERF:48:1,XPY:48:3",XPY_48_c3,"1,0,5",48.4,69.6,22304,29038,1.302,1.6,1.719,0.298,0.417
139,"POW:24:2,SQRTX:12:1,XPY:60:1",POW_24_c2,"4,1",29.3,94.3,24606,44716,1.817,1.62,1.554,0.197,0.264
139,"POW:24:2,SQRTX:12:1,XPY:60:1",SQRTX_12_c1,5,19.8,94.3,9078,15457,1.703,2.116,1.954,0.414,0.251
139,"POW:24:2,SQRTX:12:1,XPY:60:1",XPY_60_c1,0,45.2,94.3,29859,76515,2.563,2.356,2.174,0.207,0.389
140,"POW:36:1,SUM:84:1,POW:24:1",POW_36_c1,1,15.0,62.0,72048,80371,1.116,1.168,1.165,0.052,0.049
140,"POW:36:1,SUM:84:1,POW:24:1",SUM_84_c1,0,32.0,62.0,19687,37106,1.885,1.506,1.669,0.378,0.216
140,"POW:36:1,SUM:84:1,POW:24:1",POW_24_c1,4,15.0,62.0,48124,57287,1.19,1.168,1.237,0.022,0.047
141,"POW:36:1,POW:24:1,TGAMMA:60:1,DOT:84:1",POW_36_c1,4,15.0,68.0,72048,100806,1.399,1.252,1.286,0.147,0.113
141,"POW:36:1,POW:24:1,TGAMMA:60:1,DOT:84:1",POW_24_c1,5,15.0,68.0,48124,53989,1.122,1.252,1.219,0.13,0.097
141,"POW:36:1,POW:24:1,TGAMMA:60:1,DOT:84:1",TGAMMA_60_c1,1,4.0,68.0,33855,34813,1.028,1.022,1.032,0.007,0.004
141,"POW:36:1,POW:24:1,TGAMMA:60:1,DOT:84:1",DOT_84_c1,0,34.0,68.0,37041,77343,2.088,1.583,1.739,0.505,0.349
142,"DOT:84:2,POW:36:1",DOT_84_c2,"0,1",40.1,55.1,31407,48040,1.53,1.165,1.446,0.364,0.084
142,"DOT:84:2,POW:36:1",POW_36_c1,5,15.0,55.1,72048,122474,1.7,1.071,1.158,0.628,0.542
143,"POW:36:1,TGAMMA:60:1",POW_36_c1,5,15.0,19.0,72048,71206,0.988,1.0,1.0,0.012,0.012
143,"POW:36:1,TGAMMA:60:1",TGAMMA_60_c1,0,4.0,19.0,33855,33847,1.0,1.0,1.0,0.0,0.0
144,"ERF:24:1,COPY:60:1,SQRTX:12:1,ERF:24:1",ERF_24_c1,0,21.2,95.0,25440,43291,1.702,2.44,1.966,0.738,0.265
144,"ERF:24:1,COPY:60:1,SQRTX:12:1,ERF:24:1",COPY_60_c1,1,32.8,95.0,27398,81722,2.983,2.998,2.874,0.015,0.109
144,"ERF:24:1,COPY:60:1,SQRTX:12:1,ERF:24:1",SQRTX_12_c1,5,19.8,95.0,9078,21142,2.329,2.134,2.054,0.195,0.275
144,"ERF:24:1,COPY:60:1,SQRTX:12:1,ERF:24:1",ERF_24_c1,4,21.2,95.0,25440,43079,1.693,2.44,1.966,0.747,0.273
145,"SQRTX:12:1,SUM:132:1",SQRTX_12_c1,5,19.8,51.8,9078,9808,1.08,1.045,1.192,0.035,0.111
145,"SQRTX:12:1,SUM:132:1",SUM_132_c1,0,32.0,51.8,30946,39543,1.278,1.076,1.298,0.202,0.02
146,"ERF:24:1,DOT:84:1,TGAMMA:120:1",ERF_24_c1,4,21.2,59.2,25440,29291,1.151,1.294,1.302,0.143,0.151
146,"ERF:24:1,DOT:84:1,TGAMMA:120:1",DOT_84_c1,1,34.0,59.2,37041,58616,1.582,1.298,1.464,0.284,0.118
146,"ERF:24:1,DOT:84:1,TGAMMA:120:1",TGAMMA_120_c1,5,4.0,59.2,67717,69434,1.025,1.011,1.029,0.014,0.004
147,"COPY:60:1,SQRTX:48:1,SUM:132:2",COPY_60_c1,1,32.8,92.7,27398,87601,3.197,2.896,2.805,0.301,0.392
147,"COPY:60:1,SQRTX:48:1,SUM:132:2",SQRTX_48_c1,0,19.9,92.7,36255,64035,1.766,2.076,1.954,0.31,0.188
147,"COPY:60:1,SQRTX:48:1,SUM:132:2",SUM_132_c2,"4,5",40.0,92.7,24731,60726,2.455,2.802,2.73,0.346,0.274
148,"DOT:36:1,POW:24:1",DOT_36_c1,1,34.0,49.0,15880,21076,1.327,1.0,1.307,0.327,0.02
148,"DOT:36:1,POW:24:1",POW_24_c1,5,15.0,49.0,48124,55764,1.159,1.0,1.144,0.159,0.015
149,"SQRTX:12:1,POW:36:2",SQRTX_12_c1,1,19.8,49.1,9078,10464,1.153,1.0,1.219,0.153,0.067
149,"SQRTX:12:1,POW:36:2",POW_36_c2,"0,5",29.3,49.1,36901,38079,1.032,1.0,1.113,0.032,0.081
150,"XPY:48:1,ERF:12:1",XPY_48_c1,1,44.9,66.1,24058,36136,1.502,1.493,1.522,0.009,0.02
150,"XPY:48:1,ERF:12:1",ERF_12_c1,4,21.2,66.1,12734,14345,1.127,1.515,1.411,0.389,0.285
151,"POW:12:1,DOT:36:1",POW_12_c1,0,15.0,49.0,23985,27112,1.13,1.0,1.068,0.13,0.063
151,"POW:12:1,DOT:36:1",DOT_36_c1,1,34.0,49.0,15880,19964,1.257,1.0,1.205,0.257,0.052
152,"SQRTX:12:1,TGAMMA:12:1,SQRTX:48:1",SQRTX_12_c1,4,19.8,43.7,9078,9738,1.073,1.0,1.08,0.073,0.007
152,"SQRTX:12:1,TGAMMA:12:1,SQRTX:48:1",TGAMMA_12_c1,0,4.0,43.7,6773,6845,1.011,1.0,1.01,0.011,0.001
152,"SQRTX:12:1,TGAMMA:12:1,SQRTX:48:1",SQRTX_48_c1,1,19.9,43.7,36255,38000,1.048,1.0,1.06,0.048,0.012
153,"TGAMMA:12:1,ERF:24:1,ERF:48:1",TGAMMA_12_c1,0,4.0,46.4,6773,6846,1.011,1.0,1.006,0.011,0.004
153,"TGAMMA:12:1,ERF:24:1,ERF:48:1",ERF_24_c1,5,21.2,46.4,25440,27596,1.085,1.0,1.201,0.085,0.116
153,"TGAMMA:12:1,ERF:24:1,ERF:48:1",ERF_48_c1,1,21.2,46.4,50880,55143,1.084,1.0,1.201,0.084,0.117
154,"DOT:84:1,ERF:12:1,DOT:84:1,DOT:36:1",DOT_84_c1,5,34.0,123.2,37041,116526,3.146,3.372,3.125,0.226,0.021
154,"DOT:84:1,ERF:12:1,DOT:84:1,DOT:36:1",ERF_12_c1,0,21.2,123.2,12734,32109,2.522,3.342,2.471,0.821,0.05
154,"DOT:84:1,ERF:12:1,DOT:84:1,DOT:36:1",DOT_84_c1,1,34.0,123.2,37041,116432,3.143,3.372,3.125,0.228,0.018
154,"DOT:84:1,ERF:12:1,DOT:84:1,DOT:36:1",DOT_36_c1,4,34.0,123.2,15880,44839,2.824,3.372,3.037,0.548,0.214
155,"SUM:132:1,ERF:24:1",SUM_132_c1,1,32.0,53.2,30946,42106,1.361,1.135,1.494,0.226,0.133
155,"SUM:132:1,ERF:24:1",ERF_24_c1,5,21.2,53.2,25440,34049,1.338,1.102,1.359,0.236,0.021
156,"TGAMMA:12:1,SUM:108:1",TGAMMA_12_c1,5,4.0,36.0,6773,6814,1.006,1.0,1.0,0.006,0.006
156,"TGAMMA:12:1,SUM:108:1",SUM_108_c1,4,32.0,36.0,25305,26506,1.047,1.0,1.0,0.047,0.047
157,"XPY:60:1,SUM:132:1,ERF:12:1",XPY_60_c1,0,45.2,98.4,29859,81195,2.719,2.481,2.295,0.238,0.424
157,"XPY:60:1,SUM:132:1,ERF:12:1",SUM_132_c1,1,32.0,98.4,30946,47063,1.521,3.042,2.475,1.522,0.954
157,"XPY:60:1,SUM:132:1,ERF:12:1",ERF_12_c1,4,21.2,98.4,12734,36897,2.898,2.549,2.133,0.349,0.764
158,"ERF:48:1,SUM:108:1",ERF_48_c1,5,21.2,53.2,50880,68076,1.338,1.102,1.359,0.236,0.021
158,"ERF:48:1,SUM:108:1",SUM_108_c1,1,32.0,53.2,25305,34507,1.364,1.135,1.494,0.229,0.13
159,"DOT:84:2,COPY:84:1",DOT_84_c2,"0,1",40.1,73.0,31407,70520,2.245,1.745,1.975,0.5,0.27
159,"DOT:84:2,COPY:84:1",COPY_84_c1,5,32.9,73.0,38335,141350,3.687,2.021,2.2,1.666,1.488
160,"TGAMMA:12:1,ERF:12:1",TGAMMA_12_c1,5,4.0,25.2,6773,6780,1.001,1.0,1.0,0.001,0.001
160,"TGAMMA:12:1,ERF:12:1",ERF_12_c1,1,21.2,25.2,12734,12829,1.007,1.0,1.0,0.007,0.007
161,"COPY:60:2,TGAMMA:60:2",COPY_60_c2,"0,5",33.2,41.2,27078,32034,1.183,1.0,1.111,0.183,0.072
161,"COPY:60:2,TGAMMA:60:2",TGAMMA_60_c2,"4,1",8.0,41.2,16972,17682,1.042,1.0,1.011,0.042,0.031
162,"SQRTX:12:1,POW:36:1,ERF:24:1",SQRTX_12_c1,5,19.8,56.0,9078,11553,1.273,1.151,1.363,0.121,0.091
162,"SQRTX:12:1,POW:36:1,ERF:24:1",POW_36_c1,4,15.0,56.0,72048,75921,1.054,1.084,1.12,0.03,0.066
162,"SQRTX:12:1,POW:36:1,ERF:24:1",ERF_24_c1,1,21.2,56.0,25440,30457,1.197,1.192,1.346,0.005,0.148
163,"POW:12:2,SQRTX:12:1",POW_12_c2,"0,1",29.3,49.1,12291,12681,1.032,1.0,1.113,0.032,0.081
163,"POW:12:2,SQRTX:12:1",SQRTX_12_c1,5,19.8,49.1,9078,10454,1.152,1.0,1.219,0.152,0.068
164,"TGAMMA:60:1,COPY:84:1",TGAMMA_60_c1,0,4.0,36.9,33855,34615,1.022,1.0,1.007,0.022,0.016
164,"TGAMMA:60:1,COPY:84:1",COPY_84_c1,4,32.9,36.9,38335,41765,1.089,1.0,1.0,0.089,0.089
165,"SUM:84:1,TGAMMA:60:1",SUM_84_c1,1,32.0,36.0,19687,20641,1.048,1.0,1.0,0.048,0.048
165,"SUM:84:1,TGAMMA:60:1",TGAMMA_60_c1,4,4.0,36.0,33855,34003,1.004,1.0,1.0,0.004,0.004
166,"XPY:60:2,TGAMMA:12:1",XPY_60_c2,"0,1",49.0,53.0,27541,31841,1.156,1.092,1.284,0.064,0.128
166,"XPY:60:2,TGAMMA:12:1",TGAMMA_12_c1,4,4.0,53.0,6773,7108,1.049,1.004,1.02,0.046,0.029
167,"POW:36:1,POW:36:2",POW_36_c1,5,15.0,44.3,72048,76995,1.069,1.0,1.065,0.069,0.003
167,"POW:36:1,POW:36:2",POW_36_c2,"0,1",29.3,44.3,36901,38497,1.043,1.0,1.066,0.043,0.023
168,"ERF:12:1,TGAMMA:60:1,TGAMMA:120:1",ERF_12_c1,0,21.2,29.2,12734,12967,1.018,1.0,1.0,0.018,0.018
168,"ERF:12:1,TGAMMA:60:1,TGAMMA:120:1",TGAMMA_60_c1,4,4.0,29.2,33855,33894,1.001,1.0,1.0,0.001,0.001
168,"ERF:12:1,TGAMMA:60:1,TGAMMA:120:1",TGAMMA_120_c1,1,4.0,29.2,67717,67829,1.002,1.0,1.0,0.002,0.002
169,"TGAMMA:120:1,XPY:60:1",TGAMMA_120_c1,4,4.0,49.2,67717,68936,1.018,1.0,1.023,0.018,0.005
169,"TGAMMA:120:1,XPY:60:1",XPY_60_c1,0,45.2,49.2,29859,32091,1.075,1.0,1.208,0.075,0.133
170,"SUM:132:1,DOT:84:1",SUM_132_c1,0,32.0,66.0,30946,51512,1.665,1.675,1.656,0.011,0.008
170,"SUM:132:1,DOT:84:1",DOT_84_c1,5,34.0,66.0,37041,59638,1.61,1.518,1.591,0.092,0.019
171,"SUM:108:3,TGAMMA:12:1",SUM_108_c3,"0,1,4",39.4,43.4,20537,25663,1.25,1.0,1.116,0.25,0.133
171,"SUM:108:3,TGAMMA:12:1",TGAMMA_12_c1,5,4.0,43.4,6773,7075,1.045,1.0,1.007,0.045,0.037
172,"SUM:108:1,COPY:60:1",SUM_108_c1,5,32.0,64.8,25305,37701,1.49,1.625,1.626,0.135,0.136
172,"SUM:108:1,COPY:60:1",COPY_60_c1,4,32.8,64.8,27398,57240,2.089,1.657,1.763,0.432,0.327
173,"TGAMMA:120:1,SQRTX:12:1,ERF:12:1",TGAMMA_120_c1,4,4.0,45.0,67717,68125,1.006,1.0,1.011,0.006,0.005
173,"TGAMMA:120:1,SQRTX:12:1,ERF:12:1",SQRTX_12_c1,1,19.8,45.0,9078,9443,1.04,1.0,1.081,0.04,0.041
173,"TGAMMA:120:1,SQRTX:12:1,ERF:12:1",ERF_12_c1,0,21.2,45.0,12734,13518,1.062,1.0,1.098,0.062,0.036
174,"DOT:36:1,ERF:12:1",DOT_36_c1,1,34.0,55.2,15880,21919,1.38,1.168,1.346,0.212,0.034
174,"DOT:36:1,ERF:12:1",ERF_12_c1,4,21.2,55.2,12734,14687,1.153,1.166,1.239,0.013,0.086
175,"POW:36:1,XPY:48:1,DOT:36:2",POW_36_c1,1,15.0,100.0,72048,120197,1.668,1.7,1.495,0.032,0.173
175,"POW:36:1,XPY:48:1,DOT:36:2",XPY_48_c1,4,44.9,100.0,24058,85111,3.538,2.53,2.32,1.008,1.217
175,"POW:36:1,XPY:48:1,DOT:36:2",DOT_36_c2,"0,5",40.1,100.0,13460,30119,2.238,2.62,2.774,0.382,0.536
176,"XPY:60:1,TGAMMA:12:2",XPY_60_c1,1,45.2,53.2,29859,34141,1.143,1.098,1.288,0.045,0.145
176,"XPY:60:1,TGAMMA:12:2",TGAMMA_12_c2,"4,5",8.0,53.2,3394,3447,1.016,1.004,1.027,0.012,0.011
177,"SUM:84:1,DOT:84:1",SUM_84_c1,4,32.0,66.0,19687,32752,1.664,1.675,1.656,0.012,0.007
177,"SUM:84:1,DOT:84:1",DOT_84_c1,1,34.0,66.0,37041,59685,1.611,1.518,1.591,0.093,0.02
178,"ERF:12:1,TGAMMA:120:1",ERF_12_c1,1,21.2,25.2,12734,12846,1.009,1.0,1.0,0.009,0.009
178,"ERF:12:1,TGAMMA:120:1",TGAMMA_120_c1,4,4.0,25.2,67717,67619,0.999,1.0,1.0,0.001,0.001
179,"XPY:60:1,POW:36:2,ERF:12:1",XPY_60_c1,0,45.2,95.7,29859,79683,2.669,2.398,2.202,0.27,0.467
179,"XPY:60:1,POW:36:2,ERF:12:1",POW_36_c2,"4,1",29.3,95.7,36901,68739,1.863,1.64,1.567,0.223,0.296
179,"XPY:60:1,POW:36:2,ERF:12:1",ERF_12_c1,5,21.2,95.7,12734,21950,1.724,2.462,1.946,0.739,0.223
180,"DOT:84:1,SQRTX:48:1,TGAMMA:12:1,SQRTX:12:1",DOT_84_c1,0,34.0,77.7,37041,61806,1.669,1.897,1.885,0.229,0.216
180,"DOT:84:1,SQRTX:48:1,TGAMMA:12:1,SQRTX:12:1",SQRTX_48_c1,5,19.9,77.7,36255,63665,1.756,1.698,1.709,0.058,0.047
180,"DOT:84:1,SQRTX:48:1,TGAMMA:12:1,SQRTX:12:1",TGAMMA_12_c1,4,4.0,77.7,6773,6957,1.027,1.033,1.048,0.006,0.021
180,"DOT:84:1,SQRTX:48:1,TGAMMA:12:1,SQRTX:12:1",SQRTX_12_c1,1,19.8,77.7,9078,15896,1.751,1.698,1.71,0.053,0.041
181,"POW:24:2,ERF:24:1",POW_24_c2,"4,1",29.3,50.5,24606,26248,1.067,1.007,1.126,0.06,0.06
181,"POW:24:2,ERF:24:1",ERF_24_c1,0,21.2,50.5,25440,30996,1.218,1.016,1.235,0.202,0.016
182,"XPY:48:2,DOT:36:1,TGAMMA:60:1",XPY_48_c2,"0,5",48.7,86.7,22157,37742,1.703,2.123,2.162,0.42,0.459
182,"XPY:48:2,DOT:36:1,TGAMMA:60:1",DOT_36_c1,4,34.0,86.7,15880,53118,3.345,2.189,2.229,1.156,1.116
182,"XPY:48:2,DOT:36:1,TGAMMA:60:1",TGAMMA_60_c1,1,4.0,86.7,33855,36077,1.066,1.044,1.054,0.022,0.012
183,"SUM:108:2,SQRTX:12:2",SUM_108_c2,"0,1",40.0,78.6,20247,33476,1.653,2.207,2.267,0.554,0.614
183,"SUM:108:2,SQRTX:12:2",SQRTX_12_c2,"4,5",38.6,78.6,4659,7911,1.698,1.721,1.822,0.023,0.124
184,"DOT:84:1,SUM:108:1,TGAMMA:60:1,POW:24:1",DOT_84_c1,4,34.0,85.0,37041,94729,2.557,2.134,2.126,0.423,0.431
184,"DOT:84:1,SUM:108:1,TGAMMA:60:1,POW:24:1",SUM_108_c1,1,32.0,85.0,25305,48327,1.91,2.477,2.167,0.567,0.257
184,"DOT:84:1,SUM:108:1,TGAMMA:60:1,POW:24:1",TGAMMA_60_c1,5,4.0,85.0,33855,35290,1.042,1.042,1.055,0.0,0.012
184,"DOT:84:1,SUM:108:1,TGAMMA:60:1,POW:24:1",POW_24_c1,0,15.0,85.0,48124,83921,1.744,1.49,1.414,0.254,0.33
185,"XPY:48:1,SQRTX:12:1,ERF:48:1,POW:24:1",XPY_48_c1,5,44.9,100.9,24058,61160,2.542,2.558,2.345,0.015,0.197
185,"XPY:48:1,SQRTX:12:1,ERF:48:1,POW:24:1",SQRTX_12_c1,4,19.8,100.9,9078,15413,1.698,2.283,2.063,0.585,0.365
185,"XPY:48:1,SQRTX:12:1,ERF:48:1,POW:24:1",ERF_48_c1,1,21.2,100.9,50880,137603,2.704,2.629,2.171,0.076,0.533
185,"XPY:48:1,SQRTX:12:1,ERF:48:1,POW:24:1",POW_24_c1,0,15.0,100.9,48124,59453,1.235,1.713,1.501,0.477,0.266
186,"XPY:60:1,SUM:108:1,ERF:24:1",XPY_60_c1,4,45.2,98.4,29859,70701,2.368,2.481,2.36,0.113,0.008
186,"XPY:60:1,SUM:108:1,ERF:24:1",SUM_108_c1,0,32.0,98.4,25305,81644,3.226,3.042,2.817,0.184,0.409
186,"XPY:60:1,SUM:108:1,ERF:24:1",ERF_24_c1,1,21.2,98.4,25440,29223,1.149,2.549,1.92,1.4,0.771
187,"ERF:12:1,POW:12:1,TGAMMA:12:1",ERF_12_c1,0,21.2,40.2,12734,13445,1.056,1.0,1.003,0.056,0.053
187,"ERF:12:1,POW:12:1,TGAMMA:12:1",POW_12_c1,1,15.0,40.2,23985,24873,1.037,1.0,1.01,0.037,0.027
187,"ERF:12:1,POW:12:1,TGAMMA:12:1",TGAMMA_12_c1,5,4.0,40.2,6773,6834,1.009,1.0,1.005,0.009,0.004
188,"POW:36:1,XPY:48:1",POW_36_c1,4,15.0,59.9,72048,84780,1.177,1.139,1.25,0.038,0.074
188,"POW:36:1,XPY:48:1",XPY_48_c1,0,44.9,59.9,24058,31647,1.315,1.303,1.488,0.013,0.173
189,"ERF:24:1,XPY:60:1,POW:12:1",ERF_24_c1,5,21.2,81.4,25440,42804,1.683,2.005,1.723,0.322,0.04
189,"ERF:24:1,XPY:60:1,POW:12:1",XPY_60_c1,0,45.2,81.4,29859,55012,1.842,1.961,1.828,0.118,0.014
189,"ERF:24:1,XPY:60:1,POW:12:1",POW_12_c1,1,15.0,81.4,23985,30860,1.287,1.44,1.358,0.153,0.072
190,"COPY:84:1,SUM:132:3",COPY_84_c1,5,32.9,72.3,38335,138761,3.62,1.99,2.114,1.63,1.505
190,"COPY:84:1,SUM:132:3",SUM_132_c3,"4,1,0",39.4,72.3,25096,46844,1.867,1.941,2.065,0.074,0.198
191,"SQRTX:12:1,POW:36:1,COPY:84:2",SQRTX_12_c1,4,19.8,68.0,9078,21179,2.333,1.454,1.536,0.879,0.797
191,"SQRTX:12:1,POW:36:1,COPY:84:2",POW_36_c1,5,15.0,68.0,72048,121255,1.683,1.252,1.247,0.431,0.436
191,"SQRTX:12:1,POW:36:1,COPY:84:2",COPY_84_c2,"0,1",33.2,68.0,37931,58298,1.537,1.799,2.182,0.262,0.645
192,"DOT:84:1,TGAMMA:12:1",DOT_84_c1,5,34.0,38.0,37041,40394,1.091,1.0,1.0,0.091,0.091
192,"DOT:84:1,TGAMMA:12:1",TGAMMA_12_c1,1,4.0,38.0,6773,6881,1.016,1.0,1.008,0.016,0.008
193,"XPY:60:1,COPY:60:1,TGAMMA:120:1,DOT:36:1",XPY_60_c1,4,45.2,116.0,29859,94136,3.153,3.02,2.724,0.133,0.429
193,"XPY:60:1,COPY:60:1,TGAMMA:120:1,DOT:36:1",COPY_60_c1,5,32.8,116.0,27398,70299,2.566,3.93,3.374,1.365,0.808
193,"XPY:60:1,COPY:60:1,TGAMMA:120:1,DOT:36:1",TGAMMA_120_c1,1,4.0,116.0,67717,71542,1.056,1.079,1.086,0.023,0.029
193,"XPY:60:1,COPY:60:1,TGAMMA:120:1,DOT:36:1",DOT_36_c1,0,34.0,116.0,15880,53134,3.346,3.138,3.037,0.208,0.308
194,"TGAMMA:12:2,POW:24:2",TGAMMA_12_c2,"4,5",8.0,37.3,3394,3414,1.006,1.0,1.006,0.006,0.0
194,"TGAMMA:12:2,POW:24:2",POW_24_c2,"0,1",29.3,37.3,24606,24840,1.01,1.0,1.0,0.01,0.01
195,"DOT:36:1,XPY:60:1",DOT_36_c1,4,34.0,79.2,15880,24411,1.537,1.946,1.892,0.409,0.355
195,"DOT:36:1,XPY:60:1",XPY_60_c1,1,45.2,79.2,29859,59811,2.003,1.894,1.784,0.11,0.219
196,"SQRTX:12:2,ERF:12:1",SQRTX_12_c2,"0,5",38.6,59.8,4659,7793,1.673,1.247,1.425,0.426,0.248
196,"SQRTX:12:2,ERF:12:1",ERF_12_c1,1,21.2,59.8,12734,19617,1.541,1.314,1.403,0.227,0.137
197,"SQRTX:12:1,SQRTX:12:2,DOT:36:1",SQRTX_12_c1,1,19.8,92.4,9078,15672,1.726,2.068,1.946,0.342,0.219
197,"SQRTX:12:1,SQRTX:12:2,DOT:36:1",SQRTX_12_c2,"0,5",38.6,92.4,4659,10294,2.209,2.068,2.114,0.141,0.096
197,"SQRTX:12:1,SQRTX:12:2,DOT:36:1",DOT_36_c1,4,34.0,92.4,15880,31658,1.994,2.374,2.324,0.38,0.33
198,"SUM:132:1,TGAMMA:120:2",SUM_132_c1,4,32.0,40.0,30946,34602,1.118,1.0,1.03,0.118,0.088
198,"SUM:132:1,TGAMMA:120:2",TGAMMA_120_c2,"0,1",8.0,40.0,33894,34496,1.018,1.0,1.01,0.018,0.008
199,"POW:24:2,ERF:24:2",POW_24_c2,"4,1",29.3,69.3,24606,31171,1.267,1.27,1.31,0.003,0.043
199,"POW:24:2,ERF:24:2",ERF_24_c2,"0,5",40.0,69.3,13494,21559,1.598,1.618,1.6,0.02,0.002
200,"ERF:12:2,ERF:12:1,TGAMMA:60:1",ERF_12_c2,"0,1",40.0,65.2,6750,10032,1.486,1.486,1.516,0.0,0.03
200,"ERF:12:2,ERF:12:1,TGAMMA:60:1",ERF_12_c1,5,21.2,65.2,12734,20111,1.579,1.486,1.491,0.093,0.088
200,"ERF:12:2,ERF:12:1,TGAMMA:60:1",TGAMMA_60_c1,4,4.0,65.2,33855,34509,1.019,1.018,1.031,0.001,0.012
201,"SUM:84:1,POW:36:1,TGAMMA:12:1,SQRTX:12:1",SUM_84_c1,5,32.0,70.8,19687,33073,1.68,1.878,1.808,0.198,0.128
201,"SUM:84:1,POW:36:1,TGAMMA:12:1,SQRTX:12:1",POW_36_c1,4,15.0,70.8,72048,92710,1.287,1.291,1.276,0.004,0.011
201,"SUM:84:1,POW:36:1,TGAMMA:12:1,SQRTX:12:1",TGAMMA_12_c1,1,4.0,70.8,6773,6980,1.031,1.025,1.04,0.006,0.01
201,"SUM:84:1,POW:36:1,TGAMMA:12:1,SQRTX:12:1",SQRTX_12_c1,0,19.8,70.8,9078,15993,1.762,1.524,1.574,0.238,0.188
202,"TGAMMA:12:1,TGAMMA:12:1,POW:12:1",TGAMMA_12_c1,4,4.0,23.0,6773,6758,0.998,1.0,1.0,0.002,0.002
202,"TGAMMA:12:1,TGAMMA:12:1,POW:12:1",TGAMMA_12_c1,1,4.0,23.0,6773,6763,0.999,1.0,1.0,0.001,0.001
202,"TGAMMA:12:1,TGAMMA:12:1,POW:12:1",POW_12_c1,5,15.0,23.0,23985,23849,0.994,1.0,1.0,0.006,0.006
203,"SUM:132:1,DOT:36:1,TGAMMA:60:1",SUM_132_c1,0,32.0,70.0,30946,66067,2.135,1.844,2.015,0.291,0.12
203,"SUM:132:1,DOT:36:1,TGAMMA:60:1",DOT_36_c1,4,34.0,70.0,15880,25911,1.632,1.648,1.901,0.016,0.269
203,"SUM:132:1,DOT:36:1,TGAMMA:60:1",TGAMMA_60_c1,5,4.0,70.0,33855,34733,1.026,1.024,1.03,0.002,0.004
204,"COPY:84:1,ERF:24:2",COPY_84_c1,5,32.9,72.9,38335,90294,2.355,2.017,2.196,0.339,0.159
204,"COPY:84:1,ERF:24:2",ERF_24_c2,"4,1",40.0,72.9,13494,27153,2.012,1.733,1.674,0.279,0.339
205,"POW:12:1,POW:12:1,SUM:84:1,SQRTX:12:1",POW_12_c1,5,15.0,81.8,23985,31235,1.302,1.445,1.347,0.143,0.045
205,"POW:12:1,POW:12:1,SUM:84:1,SQRTX:12:1",POW_12_c1,1,15.0,81.8,23985,31201,1.301,1.445,1.347,0.144,0.046
205,"POW:12:1,POW:12:1,SUM:84:1,SQRTX:12:1",SUM_84_c1,0,32.0,81.8,19687,50682,2.574,2.342,2.205,0.232,0.369
205,"POW:12:1,POW:12:1,SUM:84:1,SQRTX:12:1",SQRTX_12_c1,4,19.8,81.8,9078,15683,1.728,1.801,1.835,0.074,0.108
206,"SUM:84:1,SQRTX:48:1",SUM_84_c1,1,32.0,51.9,19687,25152,1.278,1.08,1.3,0.197,0.023
206,"SUM:84:1,SQRTX:48:1",SQRTX_48_c1,4,19.9,51.9,36255,39157,1.08,1.048,1.193,0.032,0.113
207,"POW:36:2,XPY:60:1,SQRTX:48:1",POW_36_c2,"4,1",29.3,94.4,36901,67170,1.82,1.622,1.554,0.199,0.266
207,"POW:36:2,XPY:60:1,SQRTX:48:1",XPY_60_c1,0,45.2,94.4,29859,76561,2.564,2.359,2.176,0.205,0.388
207,"POW:36:2,XPY:60:1,SQRTX:48:1",SQRTX_48_c1,5,19.9,94.4,36255,61877,1.707,2.119,1.955,0.412,0.249
208,"POW:24:2,SUM:84:1",POW_24_c2,"0,1",29.3,61.3,24606,28678,1.165,1.158,1.232,0.007,0.066
208,"POW:24:2,SUM:84:1",SUM_84_c1,5,32.0,61.3,19687,37037,1.881,1.477,1.649,0.404,0.232
209,"SQRTX:12:1,DOT:84:1",SQRTX_12_c1,4,19.8,53.8,9078,14529,1.6,1.096,1.39,0.505,0.21
209,"SQRTX:12:1,DOT:84:1",DOT_84_c1,0,34.0,53.8,37041,45465,1.227,1.123,1.449,0.104,0.222
210,"XPY:48:1,ERF:24:1,TGAMMA:12:1",XPY_48_c1,1,44.9,70.1,24058,33730,1.402,1.615,1.729,0.213,0.327
210,"XPY:48:1,ERF:24:1,TGAMMA:12:1",ERF_24_c1,5,21.2,70.1,25440,44279,1.741,1.643,1.686,0.097,0.054
210,"XPY:48:1,ERF:24:1,TGAMMA:12:1",TGAMMA_12_c1,0,4.0,70.1,6773,6870,1.014,1.024,1.03,0.01,0.016
211,"SQRTX:12:1,TGAMMA:12:1,COPY:84:1",SQRTX_12_c1,5,19.8,56.7,9078,10172,1.121,1.169,1.291,0.048,0.17
211,"SQRTX:12:1,TGAMMA:12:1,COPY:84:1",TGAMMA_12_c1,1,4.0,56.7,6773,6874,1.015,1.008,1.023,0.007,0.008
211,"SQRTX:12:1,TGAMMA:12:1,COPY:84:1",COPY_84_c1,4,32.9,56.7,38335,67484,1.76,1.297,1.514,0.463,0.247
212,"DOT:36:2,XPY:48:2",DOT_36_c2,"0,1",40.1,88.8,13460,28624,2.127,2.257,2.443,0.131,0.316
212,"DOT:36:2,XPY:48:2",XPY_48_c2,"4,5",48.7,88.8,22157,40521,1.829,2.187,2.217,0.358,0.388
213,"POW:36:2,SUM:108:1",POW_36_c2,"0,5",29.3,61.3,36901,43017,1.166,1.158,1.232,0.008,0.066
213,"POW:36:2,SUM:108:1",SUM_108_c1,1,32.0,61.3,25305,47620,1.882,1.477,1.649,0.405,0.233
214,"COPY:84:2,ERF:24:1,COPY:84:1",COPY_84_c2,"4,5",33.2,87.3,37931,75644,1.994,2.656,2.954,0.662,0.959
214,"COPY:84:2,ERF:24:1,COPY:84:1",ERF_24_c1,1,21.2,87.3,25440,62469,2.456,2.194,1.823,0.262,0.632
214,"COPY:84:2,ERF:24:1,COPY:84:1",COPY_84_c1,0,32.9,87.3,38335,151489,3.952,2.656,2.608,1.296,1.344
215,"ERF:48:1,POW:24:1,SUM:84:1",ERF_48_c1,5,21.2,68.2,50880,81453,1.601,1.582,1.595,0.018,0.006
215,"ERF:48:1,POW:24:1,SUM:84:1",POW_24_c1,0,15.0,68.2,48124,53375,1.109,1.255,1.212,0.146,0.102
215,"ERF:48:1,POW:24:1,SUM:84:1",SUM_84_c1,1,32.0,68.2,19687,36370,1.847,1.768,1.873,0.079,0.025
216,"SQRTX:48:1,POW:24:1",SQRTX_48_c1,0,19.9,34.9,36255,37031,1.021,1.0,1.0,0.021,0.021
216,"SQRTX:48:1,POW:24:1",POW_24_c1,1,15.0,34.9,48124,48425,1.006,1.0,1.0,0.006,0.006
217,"XPY:48:3,TGAMMA:120:1",XPY_48_c3,"5,1,4",48.4,52.4,22304,28849,1.293,1.073,1.272,0.22,0.021
217,"XPY:48:3,TGAMMA:120:1",TGAMMA_120_c1,0,4.0,52.4,67717,73249,1.082,1.003,1.017,0.079,0.064
218,"TGAMMA:60:1,SUM:84:2",TGAMMA_60_c1,4,4.0,44.0,33855,35267,1.042,1.0,1.01,0.042,0.032
218,"TGAMMA:60:1,SUM:84:2",SUM_84_c2,"0,1",40.0,44.0,15752,17909,1.137,1.0,1.131,0.137,0.006
219,"POW:36:1,DOT:84:1",POW_36_c1,5,15.0,49.0,72048,81199,1.127,1.0,1.068,0.127,0.06
219,"POW:36:1,DOT:84:1",DOT_84_c1,4,34.0,49.0,37041,46636,1.259,1.0,1.205,0.259,0.054
220,"COPY:60:1,POW:36:1,ERF:12:1",COPY_60_c1,5,32.8,69.0,27398,55922,2.041,1.844,2.087,0.197,0.046
220,"COPY:60:1,POW:36:1,ERF:12:1",POW_36_c1,4,15.0,69.0,72048,77705,1.079,1.266,1.218,0.187,0.139
220,"COPY:60:1,POW:36:1,ERF:12:1",ERF_12_c1,1,21.2,69.0,12734,24158,1.897,1.608,1.612,0.289,0.285
221,"ERF:48:2,TGAMMA:60:2",ERF_48_c2,"4,5",40.0,48.0,26996,28442,1.054,1.0,1.164,0.054,0.11
221,"ERF:48:2,TGAMMA:60:2",TGAMMA_60_c2,"0,1",8.0,48.0,16972,17169,1.012,1.0,1.02,0.012,0.008
222,"DOT:84:1,POW:36:1,ERF:12:1",DOT_84_c1,4,34.0,70.2,37041,65893,1.779,1.654,1.832,0.124,0.053
222,"DOT:84:1,POW:36:1,ERF:12:1",POW_36_c1,1,15.0,70.2,72048,80639,1.119,1.283,1.227,0.164,0.107
222,"DOT:84:1,POW:36:1,ERF:12:1",ERF_12_c1,0,21.2,70.2,12734,23935,1.88,1.646,1.636,0.233,0.243
223,"ERF:12:1,ERF:12:1,COPY:60:2",ERF_12_c1,0,21.2,75.6,12734,31332,2.46,1.819,1.639,0.641,0.821
223,"ERF:12:1,ERF:12:1,COPY:60:2",ERF_12_c1,1,21.2,75.6,12734,31233,2.453,1.819,1.639,0.634,0.814
223,"ERF:12:1,ERF:12:1,COPY:60:2",COPY_60_c2,"4,5",33.2,75.6,27078,41492,1.532,2.137,2.486,0.604,0.954
224,"DOT:84:1,COPY:60:1,TGAMMA:60:1,COPY:84:1",DOT_84_c1,4,34.0,103.7,37041,123875,3.344,2.74,2.674,0.604,0.671
224,"DOT:84:1,COPY:60:1,TGAMMA:60:1,COPY:84:1",COPY_60_c1,5,32.8,103.7,27398,70150,2.56,3.384,2.996,0.824,0.435
224,"DOT:84:1,COPY:60:1,TGAMMA:60:1,COPY:84:1",TGAMMA_60_c1,1,4.0,103.7,33855,35725,1.055,1.064,1.074,0.009,0.018
224,"DOT:84:1,COPY:60:1,TGAMMA:60:1,COPY:84:1",COPY_84_c1,0,32.9,103.7,38335,131844,3.439,3.384,3.272,0.055,0.167
225,"ERF:12:1,DOT:36:1,TGAMMA:120:1,ERF:48:1",ERF_12_c1,1,21.2,80.4,12734,27766,2.18,1.973,1.797,0.208,0.384
225,"ERF:12:1,DOT:36:1,TGAMMA:120:1,ERF:48:1",DOT_36_c1,5,34.0,80.4,15880,33632,2.118,1.985,2.064,0.133,0.054
225,"ERF:12:1,DOT:36:1,TGAMMA:120:1,ERF:48:1",TGAMMA_120_c1,4,4.0,80.4,67717,69626,1.028,1.036,1.047,0.008,0.019
225,"ERF:12:1,DOT:36:1,TGAMMA:120:1,ERF:48:1",ERF_48_c1,0,21.2,80.4,50880,66423,1.305,1.973,1.655,0.667,0.35
226,"SUM:132:1,TGAMMA:120:1",SUM_132_c1,1,32.0,36.0,30946,32415,1.047,1.0,1.0,0.047,0.047
226,"SUM:132:1,TGAMMA:120:1",TGAMMA_120_c1,0,4.0,36.0,67717,68131,1.006,1.0,1.0,0.006,0.006
227,"COPY:84:2,ERF:12:1",COPY_84_c2,"0,5",33.2,54.4,37931,57039,1.504,1.195,1.638,0.308,0.135
227,"COPY:84:2,ERF:12:1",ERF_12_c1,1,21.2,54.4,12734,30898,2.426,1.141,1.305,1.286,1.121
228,"SUM:84:1,XPY:48:2",SUM_84_c1,5,32.0,80.7,19687,75822,3.851,2.296,2.212,1.556,1.639
228,"SUM:84:1,XPY:48:2",XPY_48_c2,"0,1",48.7,80.7,22157,32721,1.477,1.939,2.006,0.463,0.529
229,"POW:24:1,SUM:108:1,SUM:132:1",POW_24_c1,4,15.0,79.0,48124,55500,1.153,1.406,1.292,0.253,0.139
229,"POW:24:1,SUM:108:1,SUM:132:1",SUM_108_c1,1,32.0,79.0,25305,56229,2.222,2.224,2.227,0.002,0.005
229,"POW:24:1,SUM:108:1,SUM:132:1",SUM_132_c1,5,32.0,79.0,30946,68804,2.223,2.224,2.227,0.0,0.004
230,"TGAMMA:12:1,ERF:48:1",TGAMMA_12_c1,1,4.0,25.2,6773,6776,1.0,1.0,1.0,0.0,0.0
230,"TGAMMA:12:1,ERF:48:1",ERF_48_c1,0,21.2,25.2,50880,51461,1.011,1.0,1.0,0.011,0.011
231,"DOT:84:2,SQRTX:12:1,ERF:12:1",DOT_84_c2,"4,5",40.1,81.1,31407,47665,1.518,2.008,2.215,0.49,0.697
231,"DOT:84:2,SQRTX:12:1,ERF:12:1",SQRTX_12_c1,1,19.8,81.1,9078,20436,2.251,1.784,1.766,0.467,0.486
231,"DOT:84:2,SQRTX:12:1,ERF:12:1",ERF_12_c1,0,21.2,81.1,12734,29932,2.351,1.995,1.742,0.355,0.608
232,"POW:36:2,XPY:48:1,SUM:84:1",POW_36_c2,"0,5",29.3,106.2,36901,76654,2.077,1.787,1.67,0.29,0.408
232,"POW:36:2,XPY:48:1,SUM:84:1",XPY_48_c1,1,44.9,106.2,24058,72033,2.994,2.72,2.412,0.274,0.582
232,"POW:36:2,XPY:48:1,SUM:84:1",SUM_84_c1,4,32.0,106.2,19687,49603,2.52,3.372,2.783,0.852,0.263
233,"POW:12:1,TGAMMA:12:1",POW_12_c1,0,15.0,19.0,23985,23766,0.991,1.0,1.0,0.009,0.009
233,"POW:12:1,TGAMMA:12:1",TGAMMA_12_c1,5,4.0,19.0,6773,6770,1.0,1.0,1.0,0.0,0.0
234,"DOT:84:1,TGAMMA:60:3",DOT_84_c1,1,34.0,45.9,37041,46106,1.245,1.0,1.161,0.245,0.083
234,"DOT:84:1,TGAMMA:60:3",TGAMMA_60_c3,"5,4,0",11.9,45.9,11340,11529,1.017,1.0,1.016,0.017,0.001
235,"XPY:60:1,DOT:36:1,SQRTX:12:1",XPY_60_c1,4,45.2,99.0,29859,75006,2.512,2.499,2.384,0.013,0.128
235,"XPY:60:1,DOT:36:1,SQRTX:12:1",DOT_36_c1,0,34.0,99.0,15880,43265,2.724,2.588,2.651,0.137,0.074
235,"XPY:60:1,DOT:36:1,SQRTX:12:1",SQRTX_12_c1,1,19.8,99.0,9078,10049,1.107,2.235,1.959,1.128,0.852
236,"TGAMMA:120:1,TGAMMA:12:1",TGAMMA_120_c1,1,4.0,8.0,67717,67446,0.996,1.0,1.0,0.004,0.004
236,"TGAMMA:120:1,TGAMMA:12:1",TGAMMA_12_c1,4,4.0,8.0,6773,6753,0.997,1.0,1.0,0.003,0.003
237,"POW:36:2,ERF:12:1",POW_36_c2,"0,1",29.3,50.5,36901,39411,1.068,1.007,1.126,0.061,0.058
237,"POW:36:2,ERF:12:1",ERF_12_c1,4,21.2,50.5,12734,15434,1.212,1.016,1.235,0.196,0.023
238,"XPY:60:1,SUM:84:1,COPY:84:1,COPY:84:1",XPY_60_c1,5,45.2,143.0,29859,108528,3.635,3.846,3.257,0.211,0.377
238,"XPY:60:1,SUM:84:1,COPY:84:1,COPY:84:1",SUM_84_c1,4,32.0,143.0,19687,75227,3.821,4.925,3.85,1.103,0.029
238,"XPY:60:1,SUM:84:1,COPY:84:1,COPY:84:1",COPY_84_c1,1,32.9,143.0,38335,171870,4.483,5.129,4.584,0.646,0.101
238,"XPY:60:1,SUM:84:1,COPY:84:1,COPY:84:1",COPY_84_c1,0,32.9,143.0,38335,117500,3.065,5.129,4.462,2.064,1.397
239,"XPY:60:1,XPY:60:1,DOT:36:1",XPY_60_c1,0,45.2,124.4,29859,93950,3.146,3.277,2.892,0.13,0.254
239,"XPY:60:1,XPY:60:1,DOT:36:1",XPY_60_c1,1,45.2,124.4,29859,59451,1.991,3.277,2.688,1.286,0.697
239,"XPY:60:1,XPY:60:1,DOT:36:1",DOT_36_c1,4,34.0,124.4,15880,52606,3.313,3.411,3.229,0.098,0.084
240,"ERF:48:1,TGAMMA:12:3",ERF_48_c1,4,21.2,33.1,50880,52137,1.025,1.0,1.0,0.025,0.025
240,"ERF:48:1,TGAMMA:12:3",TGAMMA_12_c3,"1,5,0",11.9,33.1,2268,2271,1.001,1.0,1.0,0.001,0.001
241,"XPY:60:1,SQRTX:12:2",XPY_60_c1,0,45.2,83.8,29859,72984,2.444,2.034,1.992,0.41,0.452
241,"XPY:60:1,SQRTX:12:2",SQRTX_12_c2,"4,5",38.6,83.8,4659,11334,2.433,1.852,1.932,0.581,0.501
242,"DOT:84:1,COPY:84:1,ERF:48:1,SUM:132:1",DOT_84_c1,5,34.0,120.1,37041,135223,3.651,3.271,3.047,0.379,0.604
242,"DOT:84:1,COPY:84:1,ERF:48:1,SUM:132:1",COPY_84_c1,1,32.9,120.1,38335,143238,3.736,4.112,3.777,0.376,0.04
242,"DOT:84:1,COPY:84:1,ERF:48:1,SUM:132:1",ERF_48_c1,4,21.2,120.1,50880,98263,1.931,3.243,2.413,1.312,0.482
242,"DOT:84:1,COPY:84:1,ERF:48:1,SUM:132:1",SUM_132_c1,0,32.0,120.1,30946,85111,2.75,3.958,3.183,1.208,0.433
243,"DOT:36:1,ERF:48:1,XPY:60:1",DOT_36_c1,0,34.0,100.4,15880,24585,1.548,2.633,2.374,1.085,0.826
243,"DOT:36:1,ERF:48:1,XPY:60:1",ERF_48_c1,1,21.2,100.4,50880,155600,3.058,2.613,2.165,0.445,0.893
243,"DOT:36:1,ERF:48:1,XPY:60:1",XPY_60_c1,5,45.2,100.4,29859,85968,2.879,2.542,2.335,0.337,0.544
244,"ERF:48:1,COPY:84:1,POW:12:2",ERF_48_c1,0,21.2,83.4,50880,87763,1.725,2.069,1.753,0.344,0.028
244,"ERF:48:1,COPY:84:1,POW:12:2",COPY_84_c1,5,32.9,83.4,38335,116988,3.052,2.483,2.47,0.569,0.582
244,"ERF:48:1,COPY:84:1,POW:12:2",POW_12_c2,"4,1",29.3,83.4,12291,20818,1.694,1.468,1.447,0.226,0.247
245,"POW:36:2,XPY:48:1",POW_36_c2,"4,5",29.3,74.2,36901,56193,1.523,1.339,1.358,0.184,0.165
245,"POW:36:2,XPY:48:1",XPY_48_c1,0,44.9,74.2,24058,43580,1.811,1.741,1.772,0.071,0.04
246,"ERF:24:3,DOT:36:1",ERF_24_c3,"0,4,5",45.6,79.6,11853,19837,1.674,1.947,1.784,0.274,0.111
246,"ERF:24:3,DOT:36:1",DOT_36_c1,1,34.0,79.6,15880,35629,2.244,1.959,2.005,0.285,0.239
247,"TGAMMA:60:1,SUM:132:1",TGAMMA_60_c1,4,4.0,36.0,33855,34000,1.004,1.0,1.0,0.004,0.004
247,"TGAMMA:60:1,SUM:132:1",SUM_132_c1,1,32.0,36.0,30946,32431,1.048,1.0,1.0,0.048,0.048
248,"TGAMMA:12:1,SUM:132:1",TGAMMA_12_c1,5,4.0,36.0,6773,6814,1.006,1.0,1.0,0.006,0.006
248,"TGAMMA:12:1,SUM:132:1",SUM_132_c1,4,32.0,36.0,30946,32384,1.046,1.0,1.0,0.046,0.046
249,"SUM:84:2,TGAMMA:120:2",SUM_84_c2,"4,5",40.0,48.0,15752,18413,1.169,1.0,1.263,0.169,0.094
249,"SUM:84:2,TGAMMA:120:2",TGAMMA_120_c2,"0,1",8.0,48.0,33894,35339,1.043,1.0,1.02,0.043,0.023
250,"XPY:60:1,COPY:60:1",XPY_60_c1,4,45.2,78.0,29859,51439,1.723,1.857,1.957,0.134,0.234
250,"XPY:60:1,COPY:60:1",COPY_60_c1,0,32.8,78.0,27398,56181,2.051,2.243,2.585,0.193,0.535
251,"COPY:60:1,ERF:48:1",COPY_60_c1,0,32.8,54.0,27398,38352,1.4,1.178,1.626,0.222,0.226
251,"COPY:60:1,ERF:48:1",ERF_48_c1,4,21.2,54.0,50880,74951,1.473,1.128,1.375,0.345,0.098
252,"TGAMMA:60:1,ERF:24:1",TGAMMA_60_c1,5,4.0,25.2,33855,33828,0.999,1.0,1.0,0.001,0.001
252,"TGAMMA:60:1,ERF:24:1",ERF_24_c1,0,21.2,25.2,25440,25723,1.011,1.0,1.0,0.011,0.011
253,"SUM:84:1,POW:24:1",SUM_84_c1,5,32.0,47.0,19687,24316,1.235,1.0,1.177,0.235,0.058
253,"SUM:84:1,POW:24:1",POW_24_c1,4,15.0,47.0,48124,53184,1.105,1.0,1.052,0.105,0.053
254,"POW:36:2,ERF:48:2",POW_36_c2,"4,1",29.3,69.3,36901,46777,1.268,1.27,1.31,0.003,0.042
254,"POW:36:2,ERF:48:2",ERF_48_c2,"0,5",40.0,69.3,26996,43203,1.6,1.618,1.6,0.017,0.0
255,"TGAMMA:120:2,COPY:84:2",TGAMMA_120_c2,"0,5",8.0,41.2,33894,35495,1.047,1.0,1.011,0.047,0.036
255,"TGAMMA:120:2,COPY:84:2",COPY_84_c2,"4,1",33.2,41.2,37931,44746,1.18,1.0,1.111,0.18,0.069
256,"COPY:60:1,COPY:84:2,SQRTX:12:1",COPY_60_c1,4,32.8,85.8,27398,104916,3.829,2.59,2.561,1.24,1.268
256,"COPY:60:1,COPY:84:2,SQRTX:12:1",COPY_84_c2,"0,5",33.2,85.8,37931,73985,1.951,2.59,2.894,0.639,0.943
256,"COPY:60:1,COPY:84:2,SQRTX:12:1",SQRTX_12_c1,1,19.8,85.8,9078,20941,2.307,1.902,1.825,0.405,0.482
257,"XPY:60:1,SQRTX:12:1,POW:36:1",XPY_60_c1,4,45.2,80.0,29859,63719,2.134,1.918,1.89,0.216,0.244
257,"XPY:60:1,SQRTX:12:1,POW:36:1",SQRTX_12_c1,5,19.8,80.0,9078,9907,1.091,1.756,1.65,0.665,0.559
257,"XPY:60:1,SQRTX:12:1,POW:36:1",POW_36_c1,0,15.0,80.0,72048,125023,1.735,1.42,1.402,0.315,0.334
258,"XPY:48:1,ERF:24:1",XPY_48_c1,0,44.9,66.1,24058,36098,1.5,1.493,1.522,0.008,0.022
258,"XPY:48:1,ERF:24:1",ERF_24_c1,5,21.2,66.1,25440,28685,1.128,1.515,1.411,0.388,0.284
259,"DOT:84:3,TGAMMA:120:1",DOT_84_c3,"4,0,5",39.6,43.6,31858,40225,1.263,1.0,1.109,0.263,0.153
259,"DOT:84:3,TGAMMA:120:1",TGAMMA_120_c1,1,4.0,43.6,67717,70917,1.047,1.0,1.008,0.047,0.04
260,"TGAMMA:120:1,SQRTX:48:2,ERF:12:1",TGAMMA_120_c1,4,4.0,63.8,67717,69184,1.022,1.017,1.03,0.005,0.008
260,"TGAMMA:120:1,SQRTX:48:2,ERF:12:1",SQRTX_48_c2,"0,5",38.6,63.8,18647,33682,1.806,1.348,1.51,0.459,0.297
260,"TGAMMA:120:1,SQRTX:48:2,ERF:12:1",ERF_12_c1,1,21.2,63.8,12734,20942,1.645,1.442,1.466,0.203,0.179
261,"XPY:60:1,XPY:60:1,TGAMMA:12:1",XPY_60_c1,5,45.2,94.4,29859,55334,1.853,2.359,2.088,0.505,0.235
261,"XPY:60:1,XPY:60:1,TGAMMA:12:1",XPY_60_c1,4,45.2,94.4,29859,63274,2.119,2.359,2.112,0.24,0.007
261,"XPY:60:1,XPY:60:1,TGAMMA:12:1",TGAMMA_12_c1,0,4.0,94.4,6773,7103,1.049,1.053,1.068,0.005,0.019
262,"DOT:36:1,POW:24:3",DOT_36_c1,5,34.0,75.2,15880,38468,2.422,1.816,1.895,0.606,0.528
262,"DOT:36:1,POW:24:3",POW_24_c3,"4,1,0",41.2,75.2,17473,25524,1.461,1.353,1.341,0.108,0.12
263,"POW:12:1,POW:24:1,XPY:60:1",POW_12_c1,0,15.0,75.2,23985,29852,1.245,1.353,1.298,0.108,0.053
263,"POW:12:1,POW:24:1,XPY:60:1",POW_24_c1,4,15.0,75.2,48124,59583,1.238,1.353,1.298,0.115,0.06
263,"POW:12:1,POW:24:1,XPY:60:1",XPY_60_c1,5,45.2,75.2,29859,55888,1.872,1.771,1.704,0.101,0.168
264,"ERF:24:1,DOT:84:1,ERF:48:1",ERF_24_c1,4,21.2,76.4,25440,52167,2.051,1.845,1.734,0.206,0.317
264,"ERF:24:1,DOT:84:1,ERF:48:1",DOT_84_c1,0,34.0,76.4,37041,73905,1.995,1.855,1.973,0.14,0.022
264,"ERF:24:1,DOT:84:1,ERF:48:1",ERF_48_c1,5,21.2,76.4,50880,59263,1.165,1.845,1.573,0.68,0.409
265,"SQRTX:12:1,XPY:48:1",SQRTX_12_c1,0,19.8,64.7,9078,9877,1.088,1.37,1.401,0.282,0.313
265,"SQRTX:12:1,XPY:48:1",XPY_48_c1,1,44.9,64.7,24058,38251,1.59,1.45,1.494,0.14,0.096
266,"XPY:48:1,XPY:48:1",XPY_48_c1,5,44.9,89.8,24058,43677,1.815,2.218,1.996,0.402,0.181
266,"XPY:48:1,XPY:48:1",XPY_48_c1,0,44.9,89.8,24058,43706,1.817,2.218,1.996,0.401,0.179
267,"SUM:84:1,TGAMMA:12:2",SUM_84_c1,1,32.0,40.0,19687,21827,1.109,1.0,1.03,0.109,0.078
267,"SUM:84:1,TGAMMA:12:2",TGAMMA_12_c2,"4,5",8.0,40.0,3394,3433,1.011,1.0,1.01,0.011,0.002
268,"XPY:60:1,POW:24:1,ERF:48:2",XPY_60_c1,0,45.2,100.2,29859,78185,2.618,2.536,2.324,0.082,0.294
268,"XPY:60:1,POW:24:1,ERF:48:2",POW_24_c1,5,15.0,100.2,48124,62315,1.295,1.703,1.497,0.408,0.202
268,"XPY:60:1,POW:24:1,ERF:48:2",ERF_48_c2,"4,1",40.0,100.2,26996,69926,2.59,2.606,2.233,0.016,0.358
269,"COPY:84:1,ERF:12:1,TGAMMA:120:1,ERF:12:1",COPY_84_c1,5,32.9,79.3,38335,102411,2.671,2.301,2.404,0.371,0.267
269,"COPY:84:1,ERF:12:1,TGAMMA:120:1,ERF:12:1",ERF_12_c1,1,21.2,79.3,12734,29259,2.298,1.938,1.774,0.36,0.523
269,"COPY:84:1,ERF:12:1,TGAMMA:120:1,ERF:12:1",TGAMMA_120_c1,0,4.0,79.3,67717,69232,1.022,1.035,1.046,0.013,0.023
269,"COPY:84:1,ERF:12:1,TGAMMA:120:1,ERF:12:1",ERF_12_c1,4,21.2,79.3,12734,14934,1.173,1.938,1.638,0.765,0.465
270,"SUM:84:2,SQRTX:12:1",SUM_84_c2,"0,5",40.0,59.8,15752,25707,1.632,1.414,1.65,0.218,0.018
270,"SUM:84:2,SQRTX:12:1",SQRTX_12_c1,4,19.8,59.8,9078,16010,1.764,1.247,1.419,0.517,0.344
271,"XPY:60:1,ERF:48:1",XPY_60_c1,1,45.2,66.4,29859,45216,1.514,1.502,1.528,0.012,0.014
271,"XPY:60:1,ERF:48:1",ERF_48_c1,0,21.2,66.4,50880,57347,1.127,1.525,1.416,0.398,0.289
272,"DOT:84:2,TGAMMA:60:1,DOT:36:1",DOT_84_c2,"4,1",40.1,78.1,31407,60157,1.915,1.91,2.126,0.005,0.211
272,"DOT:84:2,TGAMMA:60:1,DOT:36:1",TGAMMA_60_c1,0,4.0,78.1,33855,35539,1.05,1.034,1.044,0.016,0.006
272,"DOT:84:2,TGAMMA:60:1,DOT:36:1",DOT_36_c1,5,34.0,78.1,15880,51505,3.243,1.91,2.004,1.333,1.24
273,"COPY:60:1,SUM:108:2",COPY_60_c1,1,32.8,72.8,27398,88784,3.241,2.012,2.193,1.228,1.047
273,"COPY:60:1,SUM:108:2",SUM_108_c2,"4,5",40.0,72.8,20247,49748,2.457,1.962,2.077,0.495,0.38
274,"ERF:24:1,ERF:48:1,COPY:60:1",ERF_24_c1,4,21.2,75.2,25440,54200,2.131,1.806,1.709,0.324,0.421
274,"ERF:24:1,ERF:48:1,COPY:60:1",ERF_48_c1,5,21.2,75.2,50880,57298,1.126,1.806,1.554,0.68,0.428
274,"ERF:24:1,ERF:48:1,COPY:60:1",COPY_60_c1,0,32.8,75.2,27398,64624,2.359,2.119,2.278,0.24,0.081
275,"XPY:48:1,SUM:84:1,COPY:60:1,XPY:48:1",XPY_48_c1,1,44.9,154.6,24058,91898,3.82,4.201,3.561,0.381,0.258
275,"XPY:48:1,SUM:84:1,COPY:60:1,XPY:48:1",SUM_84_c1,0,32.0,154.6,19687,76887,3.905,5.414,4.142,1.509,0.237
275,"XPY:48:1,SUM:84:1,COPY:60:1,XPY:48:1",COPY_60_c1,4,32.8,154.6,27398,82933,3.027,5.644,4.819,2.617,1.792
275,"XPY:48:1,SUM:84:1,COPY:60:1,XPY:48:1",XPY_48_c1,5,44.9,154.6,24058,92106,3.828,4.201,3.561,0.372,0.267
276,"POW:36:1,ERF:24:3",POW_36_c1,1,15.0,60.6,72048,92807,1.288,1.148,1.189,0.14,0.099
276,"POW:36:1,ERF:24:3",ERF_24_c3,"0,5,4",45.6,60.6,11853,14634,1.235,1.339,1.395,0.105,0.161
277,"TGAMMA:120:1,XPY:48:1,COPY:84:2",TGAMMA_120_c1,0,4.0,82.1,67717,70965,1.048,1.039,1.047,0.009,0.001
277,"TGAMMA:120:1,XPY:48:1,COPY:84:2",XPY_48_c1,5,44.9,82.1,24058,81262,3.378,1.982,1.942,1.395,1.436
277,"TGAMMA:120:1,XPY:48:1,COPY:84:2",COPY_84_c2,"4,1",33.2,82.1,37931,79942,2.108,2.425,2.746,0.318,0.638
278,"SUM:108:1,TGAMMA:120:1",SUM_108_c1,1,32.0,36.0,25305,26627,1.052,1.0,1.0,0.052,0.052
278,"SUM:108:1,TGAMMA:120:1",TGAMMA_120_c1,5,4.0,36.0,67717,68785,1.016,1.0,1.006,0.016,0.01
279,"XPY:48:1,DOT:84:1",XPY_48_c1,4,44.9,78.9,24058,40659,1.69,1.884,1.982,0.194,0.292
279,"XPY:48:1,DOT:84:1",DOT_84_c1,0,34.0,78.9,37041,68474,1.849,1.936,2.191,0.088,0.343
280,"SQRTX:12:1,TGAMMA:120:1,POW:36:1",SQRTX_12_c1,1,19.8,38.8,9078,9353,1.03,1.0,1.0,0.03,0.03
280,"SQRTX:12:1,TGAMMA:120:1,POW:36:1",TGAMMA_120_c1,5,4.0,38.8,67717,68142,1.006,1.0,1.005,0.006,0.002
280,"SQRTX:12:1,TGAMMA:120:1,POW:36:1",POW_36_c1,0,15.0,38.8,72048,73539,1.021,1.0,1.0,0.021,0.021
281,"SUM:132:1,SQRTX:48:1,XPY:60:1",SUM_132_c1,5,32.0,97.1,30946,93716,3.028,2.988,2.784,0.041,0.244
281,"SUM:132:1,SQRTX:48:1,XPY:60:1",SQRTX_48_c1,0,19.9,97.1,36255,40216,1.109,2.187,1.928,1.078,0.819
281,"SUM:132:1,SQRTX:48:1,XPY:60:1",XPY_60_c1,1,45.2,97.1,29859,66480,2.226,2.441,2.334,0.215,0.108
282,"XPY:60:1,ERF:12:1,TGAMMA:60:1",XPY_60_c1,1,45.2,70.4,29859,49814,1.668,1.624,1.608,0.044,0.06
282,"XPY:60:1,ERF:12:1,TGAMMA:60:1",ERF_12_c1,0,21.2,70.4,12734,14959,1.175,1.653,1.498,0.478,0.323
282,"XPY:60:1,ERF:12:1,TGAMMA:60:1",TGAMMA_60_c1,4,4.0,70.4,33855,34527,1.02,1.024,1.037,0.005,0.017
283,"COPY:84:1,DOT:36:1,POW:12:1",COPY_84_c1,1,32.9,81.9,38335,87454,2.281,2.416,2.288,0.135,0.007
283,"COPY:84:1,DOT:36:1,POW:12:1",DOT_36_c1,0,34.0,81.9,15880,37543,2.364,2.034,2.056,0.331,0.309
283,"COPY:84:1,DOT:36:1,POW:12:1",POW_12_c1,4,15.0,81.9,23985,36416,1.518,1.447,1.391,0.072,0.128
284,"ERF:12:3,SUM:132:1",ERF_12_c3,"5,4,0",45.6,77.6,5919,8102,1.369,1.883,1.743,0.514,0.375
284,"ERF:12:3,SUM:132:1",SUM_132_c1,1,32.0,77.6,30946,75237,2.431,2.165,2.065,0.267,0.367
285,"DOT:84:1,ERF:12:1",DOT_84_c1,4,34.0,55.2,37041,51207,1.382,1.168,1.346,0.214,0.037
285,"DOT:84:1,ERF:12:1",ERF_12_c1,5,21.2,55.2,12734,14691,1.154,1.166,1.239,0.013,0.086
286,"SQRTX:12:2,POW:24:1",SQRTX_12_c2,"0,1",38.6,53.6,4659,6809,1.461,1.091,1.294,0.371,0.167
286,"SQRTX:12:2,POW:24:1",POW_24_c1,4,15.0,53.6,48124,55228,1.148,1.05,1.145,0.097,0.002
287,"SUM:84:1,POW:12:1",SUM_84_c1,0,32.0,47.0,19687,24306,1.235,1.0,1.177,0.235,0.058
287,"SUM:84:1,POW:12:1",POW_12_c1,5,15.0,47.0,23985,26627,1.11,1.0,1.052,0.11,0.058
288,"POW:12:2,COPY:84:2",POW_12_c2,"4,5",29.3,62.5,12291,20941,1.704,1.175,1.243,0.529,0.46
288,"POW:12:2,COPY:84:2",COPY_84_c2,"0,1",33.2,62.5,37931,59754,1.575,1.555,1.962,0.02,0.387
289,"XPY:48:1,ERF:24:2",XPY_48_c1,0,44.9,84.9,24058,50420,2.096,2.068,2.018,0.028,0.078
289,"XPY:48:1,ERF:24:2",ERF_24_c2,"4,1",40.0,84.9,13494,30606,2.268,2.117,1.919,0.151,0.349
290,"TGAMMA:60:1,POW:12:1,POW:24:1,ERF:12:1",TGAMMA_60_c1,5,4.0,55.2,33855,34520,1.02,1.006,1.02,0.013,0.0
290,"TGAMMA:60:1,POW:12:1,POW:24:1,ERF:12:1",POW_12_c1,0,15.0,55.2,23985,27805,1.159,1.073,1.162,0.086,0.002
290,"TGAMMA:60:1,POW:12:1,POW:24:1,ERF:12:1",POW_24_c1,1,15.0,55.2,48124,51761,1.076,1.073,1.123,0.003,0.047
290,"TGAMMA:60:1,POW:12:1,POW:24:1,ERF:12:1",ERF_12_c1,4,21.2,55.2,12734,17315,1.36,1.166,1.31,0.193,0.049
291,"POW:12:1,COPY:60:1",POW_12_c1,0,15.0,47.8,23985,27322,1.139,1.0,1.132,0.139,0.007
291,"POW:12:1,COPY:60:1",COPY_60_c1,4,32.8,47.8,27398,37837,1.381,1.0,1.378,0.381,0.003
292,"ERF:48:1,XPY:48:2",ERF_48_c1,5,21.2,69.9,50880,139116,2.734,1.637,1.586,1.097,1.148
292,"ERF:48:1,XPY:48:2",XPY_48_c2,"0,1",48.7,69.9,22157,30915,1.395,1.609,1.725,0.214,0.33
293,"POW:24:2,TGAMMA:60:1",POW_24_c2,"4,5",29.3,33.3,24606,24466,0.994,1.0,1.0,0.006,0.006
293,"POW:24:2,TGAMMA:60:1",TGAMMA_60_c1,0,4.0,33.3,33855,33966,1.003,1.0,1.0,0.003,0.003
294,"ERF:12:1,ERF:24:2",ERF_12_c1,5,21.2,61.2,12734,18478,1.451,1.358,1.428,0.093,0.023
294,"ERF:12:1,ERF:24:2",ERF_24_c2,"4,1",40.0,61.2,13494,18468,1.369,1.358,1.434,0.01,0.065
295,"ERF:24:1,SUM:108:1",ERF_24_c1,5,21.2,53.2,25440,28768,1.131,1.102,1.208,0.028,0.077
295,"ERF:24:1,SUM:108:1",SUM_108_c1,0,32.0,53.2,25305,33964,1.342,1.135,1.333,0.207,0.009
296,"SQRTX:48:1,XPY:60:1",SQRTX_48_c1,4,19.9,65.1,36255,39274,1.083,1.381,1.408,0.297,0.325
296,"SQRTX:48:1,XPY:60:1",XPY_60_c1,1,45.2,65.1,29859,47499,1.591,1.462,1.502,0.129,0.089
297,"SUM:84:1,DOT:36:3",SUM_84_c1,5,32.0,71.5,19687,76373,3.879,1.907,1.895,1.972,1.984
297,"SUM:84:1,DOT:36:3",DOT_36_c3,"4,0,1",39.5,71.5,13678,17799,1.301,1.697,1.935,0.395,0.634
298,"XPY:48:1,SUM:108:1",XPY_48_c1,4,44.9,76.9,24058,45257,1.881,1.823,1.738,0.058,0.143
298,"XPY:48:1,SUM:108:1",SUM_108_c1,1,32.0,76.9,25305,38148,1.508,2.135,1.932,0.628,0.424
299,"POW:36:1,TGAMMA:60:1,TGAMMA:60:1,POW:36:1",POW_36_c1,0,15.0,38.0,72048,74494,1.034,1.0,1.0,0.034,0.034
299,"POW:36:1,TGAMMA:60:1,TGAMMA:60:1,POW:36:1",TGAMMA_60_c1,1,4.0,38.0,33855,34095,1.007,1.0,1.002,0.007,0.005
299,"POW:36:1,TGAMMA:60:1,TGAMMA:60:1,POW:36:1",TGAMMA_60_c1,4,4.0,38.0,33855,34087,1.007,1.0,1.002,0.007,0.004
299,"POW:36:1,TGAMMA:60:1,TGAMMA:60:1,POW:36:1",POW_36_c1,5,15.0,38.0,72048,74457,1.033,1.0,1.0,0.033,0.033
300,"ERF:24:1,SUM:84:1,POW:36:2",ERF_24_c1,0,21.2,82.5,25440,49319,1.939,2.04,1.739,0.101,0.2
300,"ERF:24:1,SUM:84:1,POW:36:2",SUM_84_c1,1,32.0,82.5,19687,49191,2.499,2.371,2.184,0.127,0.315
300,"ERF:24:1,SUM:84:1,POW:36:2",POW_36_c2,"4,5",29.3,82.5,36901,50523,1.369,1.455,1.438,0.086,0.069
301,"SQRTX:12:1,POW:36:1",SQRTX_12_c1,0,19.8,34.8,9078,9253,1.019,1.0,1.0,0.019,0.019
301,"SQRTX:12:1,POW:36:1",POW_36_c1,1,15.0,34.8,72048,72608,1.008,1.0,1.0,0.008,0.008
302,"TGAMMA:60:1,COPY:84:2,ERF:48:1",TGAMMA_60_c1,4,4.0,58.4,33855,35358,1.044,1.01,1.023,0.034,0.021
302,"TGAMMA:60:1,COPY:84:2,ERF:48:1",COPY_84_c2,"0,1",33.2,58.4,37931,57667,1.52,1.373,1.798,0.147,0.278
302,"TGAMMA:60:1,COPY:84:2,ERF:48:1",ERF_48_c1,5,21.2,58.4,50880,124772,2.452,1.269,1.368,1.183,1.084
303,"POW:36:1,COPY:84:3",POW_36_c1,0,15.0,48.2,72048,123862,1.719,1.0,1.086,0.719,0.633
303,"POW:36:1,COPY:84:3",COPY_84_c3,"1,4,5",33.2,48.2,37936,51234,1.351,1.0,1.391,0.351,0.04
304,"POW:36:1,TGAMMA:60:1,TGAMMA:12:1,COPY:84:1",POW_36_c1,1,15.0,55.9,72048,77604,1.077,1.083,1.128,0.005,0.051
304,"POW:36:1,TGAMMA:60:1,TGAMMA:12:1,COPY:84:1",TGAMMA_60_c1,4,4.0,55.9,33855,35065,1.036,1.007,1.026,0.029,0.01
304,"POW:36:1,TGAMMA:60:1,TGAMMA:12:1,COPY:84:1",TGAMMA_12_c1,5,4.0,55.9,6773,6900,1.019,1.007,1.02,0.012,0.002
304,"POW:36:1,TGAMMA:60:1,TGAMMA:12:1,COPY:84:1",COPY_84_c1,0,32.9,55.9,38335,69523,1.814,1.262,1.526,0.552,0.288
305,"TGAMMA:120:1,SQRTX:12:2",TGAMMA_120_c1,0,4.0,42.6,67717,68164,1.007,1.0,1.008,0.007,0.002
305,"TGAMMA:120:1,SQRTX:12:2",SQRTX_12_c2,"4,5",38.6,42.6,4659,4846,1.04,1.0,1.062,0.04,0.022
306,"DOT:36:3,POW:36:1",DOT_36_c3,"0,4,1",39.5,54.5,13678,17001,1.243,1.146,1.432,0.097,0.189
306,"DOT:36:3,POW:36:1",POW_36_c1,5,15.0,54.5,72048,132448,1.838,1.063,1.138,0.775,0.7
307,"ERF:48:1,ERF:12:2",ERF_48_c1,1,21.2,61.2,50880,74003,1.454,1.358,1.428,0.096,0.026
307,"ERF:48:1,ERF:12:2",ERF_12_c2,"4,5",40.0,61.2,6750,9272,1.374,1.358,1.434,0.015,0.06
308,"ERF:24:1,TGAMMA:120:1,COPY:84:1",ERF_24_c1,1,21.2,58.1,25440,28605,1.124,1.259,1.285,0.135,0.161
308,"ERF:24:1,TGAMMA:120:1,COPY:84:1",TGAMMA_120_c1,4,4.0,58.1,67717,70175,1.036,1.01,1.028,0.027,0.008
308,"ERF:24:1,TGAMMA:120:1,COPY:84:1",COPY_84_c1,0,32.9,58.1,38335,70777,1.846,1.36,1.593,0.487,0.253
309,"ERF:24:2,XPY:60:1,TGAMMA:12:1",ERF_24_c2,"4,1",40.0,89.2,13494,32775,2.429,2.254,2.007,0.174,0.421
309,"ERF:24:2,XPY:60:1,TGAMMA:12:1",XPY_60_c1,5,45.2,89.2,29859,69963,2.343,2.2,2.104,0.144,0.239
309,"ERF:24:2,XPY:60:1,TGAMMA:12:1",TGAMMA_12_c1,0,4.0,89.2,6773,6922,1.022,1.047,1.055,0.025,0.033
310,"ERF:12:1,DOT:84:1,TGAMMA:120:1,SUM:84:1",ERF_12_c1,5,21.2,91.2,12734,31306,2.458,2.318,1.967,0.14,0.491
310,"ERF:12:1,DOT:84:1,TGAMMA:120:1,SUM:84:1",DOT_84_c1,1,34.0,91.2,37041,93548,2.526,2.335,2.309,0.191,0.216
310,"ERF:12:1,DOT:84:1,TGAMMA:120:1,SUM:84:1",TGAMMA_120_c1,4,4.0,91.2,67717,70514,1.041,1.049,1.061,0.008,0.019
310,"ERF:12:1,DOT:84:1,TGAMMA:120:1,SUM:84:1",SUM_84_c1,0,32.0,91.2,19687,37105,1.885,2.739,2.323,0.854,0.438
311,"SUM:84:1,TGAMMA:120:1,XPY:48:1,ERF:12:1",SUM_84_c1,1,32.0,102.1,19687,67544,3.431,3.199,2.908,0.232,0.523
311,"SUM:84:1,TGAMMA:120:1,XPY:48:1,ERF:12:1",TGAMMA_120_c1,4,4.0,102.1,67717,69355,1.024,1.063,1.068,0.038,0.044
311,"SUM:84:1,TGAMMA:120:1,XPY:48:1,ERF:12:1",XPY_48_c1,5,44.9,102.1,24058,62449,2.596,2.594,2.434,0.002,0.162
311,"SUM:84:1,TGAMMA:120:1,XPY:48:1,ERF:12:1",ERF_12_c1,0,21.2,102.1,12734,15786,1.24,2.667,1.997,1.428,0.757
312,"ERF:24:1,SUM:84:1,SQRTX:48:1,XPY:48:1",ERF_24_c1,4,21.2,118.0,25440,73079,2.873,3.176,2.441,0.303,0.432
312,"ERF:24:1,SUM:84:1,SQRTX:48:1,XPY:48:1",SUM_84_c1,1,32.0,118.0,19687,49408,2.51,3.87,3.12,1.36,0.611
312,"ERF:24:1,SUM:84:1,SQRTX:48:1,XPY:48:1",SQRTX_48_c1,5,19.9,118.0,36255,62132,1.714,2.714,2.423,1.0,0.71
312,"ERF:24:1,SUM:84:1,SQRTX:48:1,XPY:48:1",XPY_48_c1,0,44.9,118.0,24058,65645,2.729,3.081,2.687,0.352,0.041
313,"SQRTX:48:1,ERF:48:1,COPY:60:1,ERF:48:1",SQRTX_48_c1,4,19.9,95.1,36255,65416,1.804,2.137,1.999,0.332,0.194
313,"SQRTX:48:1,ERF:48:1,COPY:60:1,ERF:48:1",ERF_48_c1,0,21.2,95.1,50880,82000,1.612,2.443,1.962,0.832,0.35
313,"SQRTX:48:1,ERF:48:1,COPY:60:1,ERF:48:1",COPY_60_c1,1,32.8,95.1,27398,80516,2.939,3.002,2.89,0.064,0.049
313,"SQRTX:48:1,ERF:48:1,COPY:60:1,ERF:48:1",ERF_48_c1,5,21.2,95.1,50880,122791,2.413,2.443,2.023,0.03,0.391
314,"ERF:24:2,SQRTX:12:1",ERF_24_c2,"0,5",40.0,59.8,13494,17400,1.289,1.314,1.405,0.024,0.116
314,"ERF:24:2,SQRTX:12:1",SQRTX_12_c1,1,19.8,59.8,9078,13725,1.512,1.247,1.419,0.265,0.093
315,"DOT:36:1,SUM:84:1",DOT_36_c1,4,34.0,66.0,15880,25666,1.616,1.518,1.591,0.098,0.025
315,"DOT:36:1,SUM:84:1",SUM_84_c1,1,32.0,66.0,19687,32663,1.659,1.675,1.656,0.016,0.003
316,"TGAMMA:120:2,POW:12:2",TGAMMA_120_c2,"0,1",8.0,37.3,33894,34156,1.008,1.0,1.006,0.008,0.002
316,"TGAMMA:120:2,POW:12:2",POW_12_c2,"4,5",29.3,37.3,12291,12406,1.009,1.0,1.0,0.009,0.009
317,"POW:24:2,ERF:48:2",POW_24_c2,"0,1",29.3,69.3,24606,31234,1.269,1.27,1.31,0.001,0.04
317,"POW:24:2,ERF:48:2",ERF_48_c2,"4,5",40.0,69.3,26996,43159,1.599,1.618,1.6,0.019,0.001
318,"SUM:132:1,ERF:48:3",SUM_132_c1,4,32.0,77.7,30946,75196,2.43,2.169,2.067,0.261,0.363
318,"SUM:132:1,ERF:48:3",ERF_48_c3,"5,1,0",45.7,77.7,23617,32446,1.374,1.886,1.745,0.513,0.371
319,"POW:36:1,ERF:12:1,POW:12:1,SQRTX:48:1",POW_36_c1,0,15.0,71.1,72048,88167,1.224,1.295,1.278,0.072,0.054
319,"POW:36:1,ERF:12:1,POW:12:1,SQRTX:48:1",ERF_12_c1,5,21.2,71.1,12734,20783,1.632,1.675,1.561,0.043,0.071
319,"POW:36:1,ERF:12:1,POW:12:1,SQRTX:48:1",POW_12_c1,1,15.0,71.1,23985,30348,1.265,1.295,1.281,0.03,0.016
319,"POW:36:1,ERF:12:1,POW:12:1,SQRTX:48:1",SQRTX_48_c1,4,19.9,71.1,36255,59949,1.654,1.532,1.579,0.122,0.075
320,"SUM:108:1,SUM:132:1,TGAMMA:120:1,SUM:84:1",SUM_108_c1,4,32.0,100.0,25305,76738,3.033,3.11,2.757,0.077,0.275
320,"SUM:108:1,SUM:132:1,TGAMMA:120:1,SUM:84:1",SUM_132_c1,1,32.0,100.0,30946,60710,1.962,3.11,2.545,1.148,0.583
320,"SUM:108:1,SUM:132:1,TGAMMA:120:1,SUM:84:1",TGAMMA_120_c1,5,4.0,100.0,67717,70892,1.047,1.06,1.07,0.013,0.023
320,"SUM:108:1,SUM:132:1,TGAMMA:120:1,SUM:84:1",SUM_84_c1,0,32.0,100.0,19687,59977,3.047,3.11,2.757,0.063,0.289
321,"ERF:48:1,TGAMMA:12:2",ERF_48_c1,5,21.2,29.2,50880,51833,1.019,1.0,1.0,0.019,0.019
321,"ERF:48:1,TGAMMA:12:2",TGAMMA_12_c2,"0,1",8.0,29.2,3394,3399,1.001,1.0,1.0,0.001,0.001
322,"COPY:84:1,POW:12:2",COPY_84_c1,0,32.9,62.2,38335,77940,2.033,1.542,1.818,0.491,0.215
322,"COPY:84:1,POW:12:2",POW_12_c2,"4,1",29.3,62.2,12291,17465,1.421,1.171,1.241,0.25,0.18
323,"POW:12:2,XPY:48:1,ERF:48:1",POW_12_c2,"4,5",29.3,95.4,12291,23056,1.876,1.636,1.564,0.24,0.312
323,"POW:12:2,XPY:48:1,ERF:48:1",XPY_48_c1,1,44.9,95.4,24058,63551,2.642,2.389,2.196,0.252,0.446
323,"POW:12:2,XPY:48:1,ERF:48:1",ERF_48_c1,0,21.2,95.4,50880,88116,1.732,2.453,1.942,0.721,0.21
324,"COPY:60:1,ERF:24:1",COPY_60_c1,0,32.8,54.0,27398,44160,1.612,1.178,1.431,0.434,0.181
324,"COPY:60:1,ERF:24:1",ERF_24_c1,5,21.2,54.0,25440,28472,1.119,1.128,1.221,0.009,0.101
325,"ERF:24:1,SUM:84:1",ERF_24_c1,5,21.2,53.2,25440,28753,1.13,1.102,1.208,0.028,0.078
325,"ERF:24:1,SUM:84:1",SUM_84_c1,4,32.0,53.2,19687,26448,1.343,1.135,1.333,0.208,0.01
326,"COPY:84:1,ERF:12:1",COPY_84_c1,1,32.9,54.1,38335,53708,1.401,1.182,1.629,0.219,0.228
326,"COPY:84:1,ERF:12:1",ERF_12_c1,5,21.2,54.1,12734,18797,1.476,1.131,1.378,0.345,0.099
327,"POW:36:1,TGAMMA:120:2",POW_36_c1,5,15.0,23.0,72048,71822,0.997,1.0,1.0,0.003,0.003
327,"POW:36:1,TGAMMA:120:2",TGAMMA_120_c2,"0,1",8.0,23.0,33894,33970,1.002,1.0,1.0,0.002,0.002
328,"TGAMMA:12:2,TGAMMA:120:1",TGAMMA_12_c2,"0,5",8.0,12.0,3394,3377,0.995,1.0,1.0,0.005,0.005
328,"TGAMMA:12:2,TGAMMA:120:1",TGAMMA_120_c1,4,4.0,12.0,67717,67401,0.995,1.0,1.0,0.005,0.005
329,"XPY:60:1,ERF:12:1,DOT:36:1,ERF:12:1",XPY_60_c1,1,45.2,121.6,29859,88082,2.95,3.191,2.759,0.241,0.191
329,"XPY:60:1,ERF:12:1,DOT:36:1,ERF:12:1",ERF_12_c1,4,21.2,121.6,12734,29817,2.342,3.291,2.446,0.95,0.104
329,"XPY:60:1,ERF:12:1,DOT:36:1,ERF:12:1",DOT_36_c1,0,34.0,121.6,15880,36043,2.27,3.32,3.001,1.05,0.731
329,"XPY:60:1,ERF:12:1,DOT:36:1,ERF:12:1",ERF_12_c1,5,21.2,121.6,12734,39353,3.09,3.291,2.499,0.201,0.592
330,"XPY:48:1,XPY:60:1,SQRTX:12:1",XPY_48_c1,1,44.9,109.9,24058,76023,3.16,2.833,2.669,0.327,0.491
330,"XPY:48:1,XPY:60:1,SQRTX:12:1",XPY_60_c1,5,45.2,109.9,29859,94790,3.175,2.833,2.667,0.342,0.507
330,"XPY:48:1,XPY:60:1,SQRTX:12:1",SQRTX_12_c1,0,19.8,109.9,9078,9984,1.1,2.509,2.136,1.41,1.036
331,"ERF:12:3,POW:24:1",ERF_12_c3,"5,4,1",45.6,60.6,5919,7323,1.237,1.339,1.395,0.102,0.158
331,"ERF:12:3,POW:24:1",POW_24_c1,0,15.0,60.6,48124,62119,1.291,1.148,1.189,0.142,0.102
332,"TGAMMA:120:1,ERF:48:1",TGAMMA_120_c1,4,4.0,25.2,67717,67701,1.0,1.0,1.0,0.0,0.0
332,"TGAMMA:120:1,ERF:48:1",ERF_48_c1,0,21.2,25.2,50880,51390,1.01,1.0,1.0,0.01,0.01
333,"XPY:48:1,SQRTX:48:1",XPY_48_c1,0,44.9,64.8,24058,30377,1.263,1.453,1.615,0.19,0.353
333,"XPY:48:1,SQRTX:48:1",SQRTX_48_c1,4,19.9,64.8,36255,63665,1.756,1.373,1.622,0.383,0.134
334,"POW:12:1,ERF:48:1",POW_12_c1,4,15.0,36.2,23985,24584,1.025,1.0,1.0,0.025,0.025
334,"POW:12:1,ERF:48:1",ERF_48_c1,5,21.2,36.2,50880,52684,1.035,1.0,1.0,0.035,0.035
335,"XPY:48:1,ERF:48:2",XPY_48_c1,4,44.9,84.9,24058,50381,2.094,2.068,2.018,0.026,0.076
335,"XPY:48:1,ERF:48:2",ERF_48_c2,"0,1",40.0,84.9,26996,61422,2.275,2.117,1.919,0.158,0.356
336,"XPY:60:1,TGAMMA:60:1",XPY_60_c1,5,45.2,49.2,29859,31776,1.064,1.0,1.184,0.064,0.12
336,"XPY:60:1,TGAMMA:60:1",TGAMMA_60_c1,4,4.0,49.2,33855,34122,1.008,1.0,1.009,0.008,0.001
337,"COPY:84:2,ERF:48:1,TGAMMA:12:1",COPY_84_c2,"0,1",33.2,58.4,37931,57885,1.526,1.373,1.798,0.153,0.272
337,"COPY:84:2,ERF:48:1,TGAMMA:12:1",ERF_48_c1,4,21.2,58.4,50880,124471,2.446,1.269,1.368,1.178,1.078
337,"COPY:84:2,ERF:48:1,TGAMMA:12:1",TGAMMA_12_c1,5,4.0,58.4,6773,7080,1.045,1.01,1.023,0.035,0.022
338,"SQRTX:12:1,SUM:108:2",SQRTX_12_c1,5,19.8,59.8,9078,16118,1.776,1.247,1.419,0.529,0.356
338,"SQRTX:12:1,SUM:108:2",SUM_108_c2,"0,1",40.0,59.8,20247,33129,1.636,1.414,1.65,0.223,0.014
339,"SUM:132:1,COPY:84:1",SUM_132_c1,1,32.0,64.9,30946,46070,1.489,1.629,1.629,0.14,0.14
339,"SUM:132:1,COPY:84:1",COPY_84_c1,4,32.9,64.9,38335,80153,2.091,1.662,1.766,0.429,0.325
340,"SQRTX:48:1,POW:12:1,TGAMMA:12:1",SQRTX_48_c1,0,19.9,38.9,36255,37297,1.029,1.0,1.002,0.029,0.027
340,"SQRTX:48:1,POW:12:1,TGAMMA:12:1",POW_12_c1,5,15.0,38.9,23985,24445,1.019,1.0,1.0,0.019,0.019
340,"SQRTX:48:1,POW:12:1,TGAMMA:12:1",TGAMMA_12_c1,4,4.0,38.9,6773,6791,1.003,1.0,1.005,0.003,0.002
341,"COPY:84:1,SUM:132:1,ERF:12:1",COPY_84_c1,0,32.9,86.1,38335,120124,3.134,2.603,2.613,0.531,0.52
341,"COPY:84:1,SUM:132:1,ERF:12:1",SUM_132_c1,5,32.0,86.1,30946,46737,1.51,2.523,2.164,1.013,0.654
341,"COPY:84:1,SUM:132:1,ERF:12:1",ERF_12_c1,4,21.2,86.1,12734,33246,2.611,2.155,1.882,0.456,0.729
342,"DOT:84:1,XPY:60:2",DOT_84_c1,1,34.0,83.0,37041,123237,3.327,2.069,2.145,1.258,1.182
342,"DOT:84:1,XPY:60:2",XPY_60_c2,"0,5",49.0,83.0,27541,46678,1.695,2.01,2.064,0.315,0.369
343,"POW:12:1,POW:36:1,POW:12:1",POW_12_c1,1,15.0,45.0,23985,25576,1.066,1.0,1.038,0.066,0.029
343,"POW:12:1,POW:36:1,POW:12:1",POW_36_c1,0,15.0,45.0,72048,77169,1.071,1.0,1.071,0.071,0.0
343,"POW:12:1,POW:36:1,POW:12:1",POW_12_c1,4,15.0,45.0,23985,25688,1.071,1.0,1.071,0.071,0.0
344,"SQRTX:12:1,ERF:48:2",SQRTX_12_c1,1,19.8,59.8,9078,13620,1.5,1.247,1.419,0.253,0.081
344,"SQRTX:12:1,ERF:48:2",ERF_48_c2,"4,5",40.0,59.8,26996,34581,1.281,1.314,1.405,0.033,0.124
345,"POW:24:2,XPY:48:1,POW:24:1",POW_24_c2,"4,1",29.3,89.2,24606,46796,1.902,1.549,1.504,0.353,0.398
345,"POW:24:2,XPY:48:1,POW:24:1",XPY_48_c1,5,44.9,89.2,24058,64946,2.7,2.2,2.072,0.5,0.628
345,"POW:24:2,XPY:48:1,POW:24:1",POW_24_c1,0,15.0,89.2,48124,61253,1.273,1.549,1.402,0.276,0.129
346,"XPY:60:1,XPY:48:3",XPY_60_c1,5,45.2,93.6,29859,109220,3.658,2.334,2.169,1.324,1.489
346,"XPY:60:1,XPY:48:3",XPY_48_c3,"0,1,4",48.4,93.6,22304,29219,1.31,2.334,2.343,1.024,1.033
347,"ERF:12:1,POW:36:1,TGAMMA:120:1",ERF_12_c1,4,21.2,40.2,12734,13382,1.051,1.0,1.003,0.051,0.048
347,"ERF:12:1,POW:36:1,TGAMMA:120:1",POW_36_c1,1,15.0,40.2,72048,74329,1.032,1.0,1.01,0.032,0.021
347,"ERF:12:1,POW:36:1,TGAMMA:120:1",TGAMMA_120_c1,5,4.0,40.2,67717,68166,1.007,1.0,1.005,0.007,0.002
348,"SUM:108:1,POW:36:1,ERF:48:1,POW:36:1",SUM_108_c1,1,32.0,83.2,25305,63272,2.5,2.401,2.204,0.099,0.296
348,"SUM:108:1,POW:36:1,ERF:48:1,POW:36:1",POW_36_c1,5,15.0,83.2,72048,97062,1.347,1.465,1.396,0.118,0.049
348,"SUM:108:1,POW:36:1,ERF:48:1,POW:36:1",ERF_48_c1,0,21.2,83.2,50880,98762,1.941,2.062,1.751,0.121,0.19
348,"SUM:108:1,POW:36:1,ERF:48:1,POW:36:1",POW_36_c1,4,15.0,83.2,72048,101050,1.403,1.465,1.372,0.062,0.031
349,"COPY:84:1,XPY:48:1,POW:12:1",COPY_84_c1,5,32.9,92.8,38335,77953,2.033,2.9,2.624,0.867,0.59
349,"COPY:84:1,XPY:48:1,POW:12:1",XPY_48_c1,4,44.9,92.8,24058,62615,2.603,2.31,2.146,0.293,0.457
349,"COPY:84:1,XPY:48:1,POW:12:1",POW_12_c1,0,15.0,92.8,23985,45133,1.882,1.599,1.497,0.283,0.385
350,"SUM:84:2,TGAMMA:120:1",SUM_84_c2,"0,5",40.0,44.0,15752,17890,1.136,1.0,1.131,0.136,0.004
350,"SUM:84:2,TGAMMA:120:1",TGAMMA_120_c1,1,4.0,44.0,67717,70539,1.042,1.0,1.01,0.042,0.032
351,"COPY:84:1,SUM:84:1,XPY:48:1,DOT:36:1",COPY_84_c1,0,32.9,143.8,38335,125532,3.275,5.165,4.487,1.89,1.212
351,"COPY:84:1,SUM:84:1,XPY:48:1,DOT:36:1",SUM_84_c1,4,32.0,143.8,19687,80814,4.105,4.958,3.87,0.853,0.235
351,"COPY:84:1,SUM:84:1,XPY:48:1,DOT:36:1",XPY_48_c1,5,44.9,143.8,24058,79833,3.318,3.87,3.28,0.552,0.038
351,"COPY:84:1,SUM:84:1,XPY:48:1,DOT:36:1",DOT_36_c1,1,34.0,143.8,15880,56412,3.552,4.039,3.668,0.487,0.115
352,"POW:12:1,TGAMMA:60:2,COPY:84:1",POW_12_c1,0,15.0,55.9,23985,25939,1.081,1.083,1.128,0.001,0.047
352,"POW:12:1,TGAMMA:60:2,COPY:84:1",TGAMMA_60_c2,"4,1",8.0,55.9,16972,17534,1.033,1.007,1.03,0.026,0.003
352,"POW:12:1,TGAMMA:60:2,COPY:84:1",COPY_84_c1,5,32.9,55.9,38335,69330,1.809,1.262,1.526,0.547,0.283
353,"ERF:24:1,DOT:84:2,DOT:36:1",ERF_24_c1,4,21.2,95.3,25440,60759,2.388,2.45,1.966,0.061,0.423
353,"ERF:24:1,DOT:84:2,DOT:36:1",DOT_84_c2,"0,1",40.1,95.3,31407,58048,1.848,2.468,2.635,0.619,0.787
353,"ERF:24:1,DOT:84:2,DOT:36:1",DOT_36_c1,5,34.0,95.3,15880,49605,3.124,2.468,2.395,0.656,0.729
354,"TGAMMA:12:1,XPY:60:1,DOT:84:1",TGAMMA_12_c1,4,4.0,83.2,6773,6889,1.017,1.04,1.043,0.023,0.026
354,"TGAMMA:12:1,XPY:60:1,DOT:84:1",XPY_60_c1,5,45.2,83.2,29859,54583,1.828,2.016,2.068,0.188,0.24
354,"TGAMMA:12:1,XPY:60:1,DOT:84:1",DOT_84_c1,1,34.0,83.2,37041,73332,1.98,2.076,2.291,0.096,0.312
355,"SUM:132:1,TGAMMA:120:1,ERF:12:1",SUM_132_c1,5,32.0,57.2,30946,46881,1.515,1.304,1.465,0.211,0.05
355,"SUM:132:1,TGAMMA:120:1,ERF:12:1",TGAMMA_120_c1,1,4.0,57.2,67717,69568,1.027,1.009,1.027,0.019,0.001
355,"SUM:132:1,TGAMMA:120:1,ERF:12:1",ERF_12_c1,0,21.2,57.2,12734,14544,1.142,1.23,1.271,0.088,0.129
356,"SUM:132:1,XPY:60:1,SUM:84:1,XPY:48:1",SUM_132_c1,5,32.0,154.1,30946,84696,2.737,5.393,4.123,2.656,1.387
356,"SUM:132:1,XPY:60:1,SUM:84:1,XPY:48:1",XPY_60_c1,4,45.2,154.1,29859,129254,4.329,4.185,3.551,0.143,0.777
356,"SUM:132:1,XPY:60:1,SUM:84:1,XPY:48:1",SUM_84_c1,1,32.0,154.1,19687,53862,2.736,5.393,4.123,2.657,1.388
356,"SUM:132:1,XPY:60:1,SUM:84:1,XPY:48:1",XPY_48_c1,0,44.9,154.1,24058,104399,4.339,4.185,3.553,0.154,0.786
357,"XPY:48:1,TGAMMA:12:1,TGAMMA:12:2",XPY_48_c1,5,44.9,56.9,24058,30151,1.253,1.211,1.362,0.042,0.109
357,"XPY:48:1,TGAMMA:12:1,TGAMMA:12:2",TGAMMA_12_c1,4,4.0,56.9,6773,6866,1.014,1.008,1.018,0.005,0.004
357,"XPY:48:1,TGAMMA:12:1,TGAMMA:12:2",TGAMMA_12_c2,"0,1",8.0,56.9,3394,3464,1.021,1.008,1.032,0.012,0.011
358,"SUM:108:1,SUM:108:1,ERF:48:1",SUM_108_c1,0,32.0,85.2,25305,41249,1.63,2.485,2.141,0.855,0.511
358,"SUM:108:1,SUM:108:1,ERF:48:1",SUM_108_c1,5,32.0,85.2,25305,67024,2.649,2.485,2.302,0.163,0.347
358,"SUM:108:1,SUM:108:1,ERF:48:1",ERF_48_c1,1,21.2,85.2,50880,99220,1.95,2.126,1.863,0.176,0.087
359,"SUM:84:3,DOT:36:1",SUM_84_c3,"0,5,1",39.4,73.4,15984,25323,1.584,1.987,2.101,0.403,0.517
359,"SUM:84:3,DOT:36:1",DOT_36_c1,4,34.0,73.4,15880,44804,2.821,1.758,1.849,1.063,0.972
360,"TGAMMA:12:1,TGAMMA:60:2",TGAMMA_12_c1,4,4.0,12.0,6773,6761,0.998,1.0,1.0,0.002,0.002
360,"TGAMMA:12:1,TGAMMA:60:2",TGAMMA_60_c2,"0,1",8.0,12.0,16972,16935,0.998,1.0,1.0,0.002,0.002
361,"TGAMMA:12:1,SUM:84:1,TGAMMA:120:1",TGAMMA_12_c1,4,4.0,40.0,6773,6862,1.013,1.0,1.01,0.013,0.004
361,"TGAMMA:12:1,SUM:84:1,TGAMMA:120:1",SUM_84_c1,0,32.0,40.0,19687,21962,1.116,1.0,1.03,0.116,0.085
361,"TGAMMA:12:1,SUM:84:1,TGAMMA:120:1",TGAMMA_120_c1,5,4.0,40.0,67717,68198,1.007,1.0,1.0,0.007,0.007
362,"SQRTX:48:1,POW:24:1,POW:24:1",SQRTX_48_c1,0,19.9,49.9,36255,39023,1.076,1.0,1.161,0.076,0.085
362,"SQRTX:48:1,POW:24:1,POW:24:1",POW_24_c1,1,15.0,49.9,48124,51610,1.072,1.0,1.108,0.072,0.036
362,"SQRTX:48:1,POW:24:1,POW:24:1",POW_24_c1,5,15.0,49.9,48124,51615,1.073,1.0,1.108,0.073,0.035
363,"XPY:48:2,POW:36:2",XPY_48_c2,"4,1",48.7,78.0,22157,32470,1.465,1.857,1.936,0.391,0.47
363,"XPY:48:2,POW:36:2",POW_36_c2,"0,5",29.3,78.0,36901,69732,1.89,1.392,1.395,0.498,0.495
364,"SUM:84:1,TGAMMA:12:1,TGAMMA:60:1",SUM_84_c1,1,32.0,40.0,19687,21960,1.115,1.0,1.0,0.115,0.115
364,"SUM:84:1,TGAMMA:12:1,TGAMMA:60:1",TGAMMA_12_c1,4,4.0,40.0,6773,6843,1.01,1.0,1.001,0.01,0.009
364,"SUM:84:1,TGAMMA:12:1,TGAMMA:60:1",TGAMMA_60_c1,0,4.0,40.0,33855,34289,1.013,1.0,1.001,0.013,0.012
365,"ERF:12:3,SUM:108:1",ERF_12_c3,"0,5,1",45.6,77.6,5919,8114,1.371,1.883,1.743,0.512,0.373
365,"ERF:12:3,SUM:108:1",SUM_108_c1,4,32.0,77.6,25305,61574,2.433,2.165,2.065,0.269,0.369
366,"ERF:24:1,DOT:36:1",ERF_24_c1,0,21.2,55.2,25440,38351,1.508,1.166,1.4,0.341,0.107
366,"ERF:24:1,DOT:36:1",DOT_36_c1,4,34.0,55.2,15880,20858,1.313,1.168,1.49,0.145,0.177
367,"ERF:12:2,TGAMMA:120:1,TGAMMA:12:1",ERF_12_c2,"0,1",40.0,48.0,6750,7122,1.055,1.0,1.164,0.055,0.109
367,"ERF:12:2,TGAMMA:120:1,TGAMMA:12:1",TGAMMA_120_c1,4,4.0,48.0,67717,68570,1.013,1.0,1.014,0.013,0.001
367,"ERF:12:2,TGAMMA:120:1,TGAMMA:12:1",TGAMMA_12_c1,5,4.0,48.0,6773,6862,1.013,1.0,1.014,0.013,0.001
368,"SQRTX:48:1,SUM:108:1",SQRTX_48_c1,0,19.9,51.9,36255,50018,1.38,1.048,1.349,0.332,0.03
368,"SQRTX:48:1,SUM:108:1",SUM_108_c1,4,32.0,51.9,25305,31065,1.228,1.08,1.451,0.147,0.224
369,"TGAMMA:60:2,COPY:84:2",TGAMMA_60_c2,"0,1",8.0,41.2,16972,17722,1.044,1.0,1.011,0.044,0.033
369,"TGAMMA:60:2,COPY:84:2",COPY_84_c2,"4,5",33.2,41.2,37931,44825,1.182,1.0,1.111,0.182,0.071
370,"SUM:132:1,TGAMMA:60:1,POW:24:2",SUM_132_c1,1,32.0,65.3,30946,66457,2.148,1.646,1.75,0.502,0.398
370,"SUM:132:1,TGAMMA:60:1,POW:24:2",TGAMMA_60_c1,0,4.0,65.3,33855,34807,1.028,1.018,1.03,0.01,0.002
370,"SUM:132:1,TGAMMA:60:1,POW:24:2",POW_24_c2,"4,5",29.3,65.3,24606,29823,1.212,1.214,1.271,0.002,0.059
371,"ERF:12:1,SQRTX:12:3",ERF_12_c1,4,21.2,60.2,12734,23043,1.81,1.326,1.38,0.483,0.43
371,"ERF:12:1,SQRTX:12:3",SQRTX_12_c3,"1,5,0",39.0,60.2,4616,6201,1.343,1.257,1.432,0.086,0.088
372,"POW:12:1,ERF:12:1",POW_12_c1,4,15.0,36.2,23985,24517,1.022,1.0,1.019,0.022,0.003
372,"POW:12:1,ERF:12:1",ERF_12_c1,0,21.2,36.2,12734,13309,1.045,1.0,1.011,0.045,0.034
373,"SUM:108:2,POW:36:1",SUM_108_c2,"4,5",40.0,55.0,20247,32713,1.616,1.211,1.492,0.405,0.123
373,"SUM:108:2,POW:36:1",POW_36_c1,0,15.0,55.0,72048,104106,1.445,1.07,1.157,0.375,0.287
374,"POW:36:1,SUM:132:1,ERF:24:1",POW_36_c1,1,15.0,68.2,72048,79949,1.11,1.255,1.212,0.145,0.102
374,"POW:36:1,SUM:132:1,ERF:24:1",SUM_132_c1,4,32.0,68.2,30946,57318,1.852,1.768,1.873,0.084,0.02
374,"POW:36:1,SUM:132:1,ERF:24:1",ERF_24_c1,0,21.2,68.2,25440,40837,1.605,1.582,1.595,0.023,0.01
375,"ERF:48:1,POW:12:3",ERF_48_c1,0,21.2,62.4,50880,88086,1.731,1.397,1.418,0.334,0.314
375,"ERF:48:1,POW:12:3",POW_12_c3,"5,1,4",41.2,62.4,8733,10514,1.204,1.174,1.216,0.03,0.012
376,"ERF:48:1,SQRTX:48:1",ERF_48_c1,4,21.2,41.1,50880,52814,1.038,1.0,1.017,0.038,0.021
376,"ERF:48:1,SQRTX:48:1",SQRTX_48_c1,1,19.9,41.1,36255,37162,1.025,1.0,1.018,0.025,0.007
377,"POW:36:2,XPY:60:2",POW_36_c2,"0,1",29.3,78.3,36901,69746,1.89,1.396,1.397,0.494,0.493
377,"POW:36:2,XPY:60:2",XPY_60_c2,"4,5",49.0,78.3,27541,40611,1.475,1.866,1.942,0.391,0.467
378,"DOT:36:1,SUM:84:1,XPY:60:1",DOT_36_c1,1,34.0,111.2,15880,55536,3.497,2.983,2.928,0.514,0.569
378,"DOT:36:1,SUM:84:1,XPY:60:1",SUM_84_c1,0,32.0,111.2,19687,31897,1.62,3.583,2.798,1.962,1.178
378,"DOT:36:1,SUM:84:1,XPY:60:1",XPY_60_c1,5,45.2,111.2,29859,98856,3.311,2.873,2.628,0.438,0.683
379,"DOT:36:1,SUM:108:1,ERF:24:1,TGAMMA:60:1",DOT_36_c1,5,34.0,91.2,15880,40289,2.537,2.335,2.309,0.202,0.228
379,"DOT:36:1,SUM:108:1,ERF:24:1,TGAMMA:60:1",SUM_108_c1,4,32.0,91.2,25305,47641,1.883,2.739,2.323,0.856,0.44
379,"DOT:36:1,SUM:108:1,ERF:24:1,TGAMMA:60:1",ERF_24_c1,1,21.2,91.2,25440,62314,2.449,2.318,1.967,0.131,0.482
379,"DOT:36:1,SUM:108:1,ERF:24:1,TGAMMA:60:1",TGAMMA_60_c1,0,4.0,91.2,33855,35328,1.044,1.049,1.061,0.006,0.017
380,"SUM:108:2,SQRTX:12:1,SQRTX:48:1",SUM_108_c2,"0,1",40.0,79.7,20247,33505,1.655,2.253,2.303,0.599,0.648
380,"SUM:108:2,SQRTX:12:1,SQRTX:48:1",SQRTX_12_c1,4,19.8,79.7,9078,15837,1.745,1.748,1.743,0.004,0.002
380,"SUM:108:2,SQRTX:12:1,SQRTX:48:1",SQRTX_48_c1,5,19.9,79.7,36255,63356,1.748,1.748,1.743,0.001,0.005
381,"ERF:12:1,SQRTX:12:1,COPY:60:1",ERF_12_c1,5,21.2,73.8,12734,19940,1.566,1.762,1.626,0.196,0.06
381,"ERF:12:1,SQRTX:12:1,COPY:60:1",SQRTX_12_c1,1,19.8,73.8,9078,15974,1.76,1.6,1.653,0.16,0.107
381,"ERF:12:1,SQRTX:12:1,COPY:60:1",COPY_60_c1,0,32.8,73.8,27398,53183,1.941,2.057,2.039,0.116,0.098
382,"POW:12:1,SQRTX:48:1",POW_12_c1,5,15.0,34.9,23985,24251,1.011,1.0,1.0,0.011,0.011
382,"POW:12:1,SQRTX:48:1",SQRTX_48_c1,0,19.9,34.9,36255,37046,1.022,1.0,1.0,0.022,0.022
383,"TGAMMA:60:2,ERF:48:1",TGAMMA_60_c2,"0,5",8.0,29.2,16972,17022,1.003,1.0,1.0,0.003,0.003
383,"TGAMMA:60:2,ERF:48:1",ERF_48_c1,1,21.2,29.2,50880,51823,1.019,1.0,1.0,0.019,0.019
384,"ERF:12:1,TGAMMA:12:1,COPY:60:1",ERF_12_c1,4,21.2,58.0,12734,19969,1.568,1.256,1.438,0.312,0.13
384,"ERF:12:1,TGAMMA:12:1,COPY:60:1",TGAMMA_12_c1,5,4.0,58.0,6773,6854,1.012,1.01,1.018,0.002,0.006
384,"ERF:12:1,TGAMMA:12:1,COPY:60:1",COPY_60_c1,0,32.8,58.0,27398,41741,1.524,1.355,1.749,0.168,0.226
385,"POW:12:1,ERF:48:1,COPY:84:1",POW_12_c1,1,15.0,69.1,23985,30608,1.276,1.267,1.266,0.009,0.01
385,"POW:12:1,ERF:48:1,COPY:84:1",ERF_48_c1,5,21.2,69.1,50880,84345,1.658,1.611,1.529,0.047,0.129
385,"POW:12:1,ERF:48:1,COPY:84:1",COPY_84_c1,4,32.9,69.1,38335,76816,2.004,1.848,1.895,0.156,0.109
386,"ERF:48:2,TGAMMA:12:1",ERF_48_c2,"0,1",40.0,44.0,26996,27464,1.017,1.0,1.082,0.017,0.065
386,"ERF:48:2,TGAMMA:12:1",TGAMMA_12_c1,5,4.0,44.0,6773,6838,1.01,1.0,1.01,0.01,0.0
387,"SQRTX:48:1,POW:36:2",SQRTX_48_c1,0,19.9,49.2,36255,41750,1.152,1.0,1.221,0.152,0.069
387,"SQRTX:48:1,POW:36:2",POW_36_c2,"4,5",29.3,49.2,36901,37852,1.026,1.0,1.114,0.026,0.088
388,"TGAMMA:120:1,XPY:60:1,SUM:84:2",TGAMMA_120_c1,4,4.0,89.2,67717,70312,1.038,1.047,1.055,0.009,0.017
388,"TGAMMA:120:1,XPY:60:1,SUM:84:2",XPY_60_c1,5,45.2,89.2,29859,88999,2.981,2.2,2.104,0.781,0.877
388,"TGAMMA:120:1,XPY:60:1,SUM:84:2",SUM_84_c2,"0,1",40.0,89.2,15752,41804,2.654,2.654,2.615,0.0,0.039
389,"SUM:84:1,SUM:132:1,TGAMMA:120:1",SUM_84_c1,1,32.0,68.0,19687,35654,1.811,1.76,1.737,0.051,0.074
389,"SUM:84:1,SUM:132:1,TGAMMA:120:1",SUM_132_c1,4,32.0,68.0,30946,50483,1.631,1.76,1.707,0.128,0.076
389,"SUM:84:1,SUM:132:1,TGAMMA:120:1",TGAMMA_120_c1,5,4.0,68.0,67717,70340,1.039,1.022,1.038,0.017,0.001
390,"SQRTX:48:1,COPY:84:1,COPY:84:1,COPY:84:1",SQRTX_48_c1,5,19.9,118.6,36255,83897,2.314,2.729,2.438,0.415,0.124
390,"SQRTX:48:1,COPY:84:1,COPY:84:1,COPY:84:1",COPY_84_c1,1,32.9,118.6,38335,114383,2.984,4.046,3.601,1.062,0.617
390,"SQRTX:48:1,COPY:84:1,COPY:84:1,COPY:84:1",COPY_84_c1,0,32.9,118.6,38335,147661,3.852,4.046,3.72,0.194,0.131
390,"SQRTX:48:1,COPY:84:1,COPY:84:1,COPY:84:1",COPY_84_c1,4,32.9,118.6,38335,147448,3.846,4.046,3.72,0.2,0.126
391,"ERF:24:1,SQRTX:12:1",ERF_24_c1,5,21.2,41.0,25440,26424,1.039,1.0,1.016,0.039,0.023
391,"ERF:24:1,SQRTX:12:1",SQRTX_12_c1,0,19.8,41.0,9078,9308,1.025,1.0,1.016,0.025,0.009
392,"SUM:84:1,TGAMMA:120:1,SQRTX:48:1,SUM:84:1",SUM_84_c1,5,32.0,87.9,19687,54181,2.752,2.599,2.36,0.153,0.392
392,"SUM:84:1,TGAMMA:120:1,SQRTX:48:1,SUM:84:1",TGAMMA_120_c1,0,4.0,87.9,67717,70376,1.039,1.045,1.058,0.006,0.018
392,"SUM:84:1,TGAMMA:120:1,SQRTX:48:1,SUM:84:1",SQRTX_48_c1,1,19.9,87.9,36255,65462,1.806,1.955,1.934,0.149,0.129
392,"SUM:84:1,TGAMMA:120:1,SQRTX:48:1,SUM:84:1",SUM_84_c1,4,32.0,87.9,19687,35177,1.787,2.599,2.24,0.813,0.453
393,"SUM:108:1,POW:12:1,TGAMMA:120:1",SUM_108_c1,5,32.0,51.0,25305,37113,1.467,1.042,1.391,0.424,0.075
393,"SUM:108:1,POW:12:1,TGAMMA:120:1",POW_12_c1,1,15.0,51.0,23985,26933,1.123,1.014,1.155,0.109,0.032
393,"SUM:108:1,POW:12:1,TGAMMA:120:1",TGAMMA_120_c1,0,4.0,51.0,67717,68687,1.014,1.001,1.011,0.013,0.003
394,"ERF:24:1,SQRTX:48:1,SQRTX:48:2",ERF_24_c1,5,21.2,79.7,25440,46365,1.823,1.95,1.716,0.128,0.106
394,"ERF:24:1,SQRTX:48:1,SQRTX:48:2",SQRTX_48_c1,4,19.9,79.7,36255,67574,1.864,1.748,1.739,0.115,0.125
394,"ERF:24:1,SQRTX:48:1,SQRTX:48:2",SQRTX_48_c2,"0,1",38.6,79.7,18647,37158,1.993,1.748,1.845,0.244,0.147
395,"TGAMMA:60:1,ERF:12:1,SQRTX:12:1,COPY:60:1",TGAMMA_60_c1,1,4.0,77.8,33855,35294,1.043,1.033,1.048,0.009,0.005
395,"TGAMMA:60:1,ERF:12:1,SQRTX:12:1,COPY:60:1",ERF_12_c1,4,21.2,77.8,12734,20210,1.587,1.89,1.689,0.303,0.102
395,"TGAMMA:60:1,ERF:12:1,SQRTX:12:1,COPY:60:1",SQRTX_12_c1,0,19.8,77.8,9078,16261,1.791,1.701,1.718,0.091,0.074
395,"TGAMMA:60:1,ERF:12:1,SQRTX:12:1,COPY:60:1",COPY_60_c1,5,32.8,77.8,27398,62156,2.269,2.234,2.199,0.034,0.069
396,"XPY:60:1,POW:24:1,TGAMMA:60:1",XPY_60_c1,1,45.2,64.2,29859,42169,1.412,1.435,1.574,0.022,0.162
396,"XPY:60:1,POW:24:1,TGAMMA:60:1",POW_24_c1,5,15.0,64.2,48124,59321,1.233,1.199,1.283,0.034,0.051
396,"XPY:60:1,POW:24:1,TGAMMA:60:1",TGAMMA_60_c1,4,4.0,64.2,33855,34253,1.012,1.017,1.024,0.005,0.012
397,"DOT:84:1,TGAMMA:60:2",DOT_84_c1,1,34.0,42.0,37041,42832,1.156,1.0,1.073,0.156,0.084
397,"DOT:84:1,TGAMMA:60:2",TGAMMA_60_c2,"4,5",8.0,42.0,16972,17174,1.012,1.0,1.012,0.012,0.0
398,"SUM:108:2,SQRTX:48:2",SUM_108_c2,"4,1",40.0,78.6,20247,33413,1.65,2.207,2.267,0.557,0.617
398,"SUM:108:2,SQRTX:48:2",SQRTX_48_c2,"0,5",38.6,78.6,18647,31812,1.706,1.721,1.822,0.015,0.116
399,"SUM:84:1,DOT:36:1,COPY:84:1,TGAMMA:60:1",SUM_84_c1,4,32.0,102.9,19687,65003,3.302,3.232,2.846,0.069,0.456
399,"SUM:84:1,DOT:36:1,COPY:84:1,TGAMMA:60:1",DOT_36_c1,0,34.0,102.9,15880,38784,2.442,2.714,2.649,0.272,0.207
399,"SUM:84:1,DOT:36:1,COPY:84:1,TGAMMA:60:1",COPY_84_c1,1,32.9,102.9,38335,112452,2.933,3.349,2.971,0.415,0.038
399,"SUM:84:1,DOT:36:1,COPY:84:1,TGAMMA:60:1",TGAMMA_60_c1,5,4.0,102.9,33855,36496,1.078,1.063,1.073,0.015,0.005
400,"POW:36:3,ERF:24:1",POW_36_c3,"0,5,1",41.3,62.5,26151,31661,1.211,1.175,1.216,0.036,0.006
400,"POW:36:3,ERF:24:1",ERF_24_c1,4,21.2,62.5,25440,43928,1.727,1.4,1.419,0.327,0.307
401,"SUM:132:1,POW:24:2",SUM_132_c1,4,32.0,61.3,30946,57922,1.872,1.477,1.649,0.395,0.223
401,"SUM:132:1,POW:24:2",POW_24_c2,"0,5",29.3,61.3,24606,28600,1.162,1.158,1.232,0.004,0.069
402,"COPY:84:1,SUM:84:1,SQRTX:48:1,SUM:132:1",COPY_84_c1,5,32.9,116.8,38335,121533,3.17,3.966,3.657,0.796,0.487
402,"COPY:84:1,SUM:84:1,SQRTX:48:1,SUM:132:1",SUM_84_c1,1,32.0,116.8,19687,78272,3.976,3.819,3.188,0.157,0.787
402,"COPY:84:1,SUM:84:1,SQRTX:48:1,SUM:132:1",SQRTX_48_c1,0,19.9,116.8,36255,63959,1.764,2.683,2.404,0.919,0.64
402,"COPY:84:1,SUM:84:1,SQRTX:48:1,SUM:132:1",SUM_132_c1,4,32.0,116.8,30946,83633,2.703,3.819,3.09,1.116,0.387
403,"SQRTX:12:1,SQRTX:48:1,POW:12:2",SQRTX_12_c1,4,19.8,69.0,9078,15135,1.667,1.479,1.543,0.188,0.125
403,"SQRTX:12:1,SQRTX:48:1,POW:12:2",SQRTX_48_c1,1,19.9,69.0,36255,60540,1.67,1.479,1.543,0.191,0.127
403,"SQRTX:12:1,SQRTX:48:1,POW:12:2",POW_12_c2,"0,5",29.3,69.0,12291,14721,1.198,1.266,1.307,0.068,0.109
404,"TGAMMA:12:1,ERF:24:2",TGAMMA_12_c1,5,4.0,44.0,6773,6840,1.01,1.0,1.01,0.01,0.0
404,"TGAMMA:12:1,ERF:24:2",ERF_24_c2,"0,1",40.0,44.0,13494,13739,1.018,1.0,1.082,0.018,0.064
405,"DOT:84:1,TGAMMA:120:1,SQRTX:12:2",DOT_84_c1,5,34.0,76.6,37041,69413,1.874,1.862,1.964,0.012,0.09
405,"DOT:84:1,TGAMMA:120:1,SQRTX:12:2",TGAMMA_120_c1,0,4.0,76.6,67717,69549,1.027,1.032,1.042,0.005,0.015
405,"DOT:84:1,TGAMMA:120:1,SQRTX:12:2",SQRTX_12_c2,"4,1",38.6,76.6,4659,9810,2.106,1.67,1.78,0.435,0.326
406,"DOT:36:1,DOT:84:1",DOT_36_c1,0,34.0,68.0,15880,28204,1.776,1.583,1.869,0.193,0.093
406,"DOT:36:1,DOT:84:1",DOT_84_c1,4,34.0,68.0,37041,65524,1.769,1.583,1.869,0.186,0.1
407,"ERF:12:2,ERF:12:1,SUM:132:1",ERF_12_c2,"4,5",40.0,93.2,6750,12113,1.795,2.382,2.089,0.588,0.295
407,"ERF:12:2,ERF:12:1,SUM:132:1",ERF_12_c1,1,21.2,93.2,12734,24035,1.887,2.382,1.932,0.495,0.045
407,"ERF:12:2,ERF:12:1,SUM:132:1",SUM_132_c1,0,32.0,93.2,30946,75517,2.44,2.823,2.495,0.383,0.055
408,"ERF:24:1,SQRTX:12:1,ERF:48:1,TGAMMA:12:1",ERF_24_c1,1,21.2,66.2,25440,41732,1.64,1.518,1.513,0.122,0.128
408,"ERF:24:1,SQRTX:12:1,ERF:48:1,TGAMMA:12:1",SQRTX_12_c1,0,19.8,66.2,9078,10658,1.174,1.408,1.445,0.234,0.271
408,"ERF:24:1,SQRTX:12:1,ERF:48:1,TGAMMA:12:1",ERF_48_c1,5,21.2,66.2,50880,83535,1.642,1.518,1.513,0.123,0.129
408,"ERF:24:1,SQRTX:12:1,ERF:48:1,TGAMMA:12:1",TGAMMA_12_c1,4,4.0,66.2,6773,6915,1.021,1.019,1.032,0.002,0.011
409,"XPY:60:1,TGAMMA:60:2,TGAMMA:12:1",XPY_60_c1,4,45.2,57.2,29859,37654,1.261,1.22,1.368,0.041,0.107
409,"XPY:60:1,TGAMMA:60:2,TGAMMA:12:1",TGAMMA_60_c2,"0,1",8.0,57.2,16972,17397,1.025,1.009,1.032,0.016,0.007
409,"XPY:60:1,TGAMMA:60:2,TGAMMA:12:1",TGAMMA_12_c1,5,4.0,57.2,6773,6867,1.014,1.009,1.018,0.005,0.005
410,"ERF:48:1,SUM:84:1,ERF:12:1",ERF_48_c1,5,21.2,74.4,50880,88554,1.74,1.781,1.693,0.04,0.047
410,"ERF:48:1,SUM:84:1,ERF:12:1",SUM_84_c1,1,32.0,74.4,19687,41074,2.086,2.03,2.029,0.057,0.057
410,"ERF:48:1,SUM:84:1,ERF:12:1",ERF_12_c1,4,21.2,74.4,12734,14639,1.15,1.781,1.542,0.631,0.392
411,"DOT:84:1,SQRTX:12:1,SUM:132:1",DOT_84_c1,1,34.0,85.8,37041,79471,2.145,2.16,2.26,0.014,0.115
411,"DOT:84:1,SQRTX:12:1,SUM:132:1",SQRTX_12_c1,0,19.8,85.8,9078,10274,1.132,1.902,1.744,0.77,0.613
411,"DOT:84:1,SQRTX:12:1,SUM:132:1",SUM_132_c1,5,32.0,85.8,30946,89103,2.879,2.511,2.414,0.369,0.465
412,"XPY:60:2,TGAMMA:120:1,TGAMMA:60:1",XPY_60_c2,"0,1",49.0,57.0,27541,32346,1.174,1.214,1.388,0.04,0.214
412,"XPY:60:2,TGAMMA:120:1,TGAMMA:60:1",TGAMMA_120_c1,5,4.0,57.0,67717,71266,1.052,1.008,1.024,0.044,0.028
412,"XPY:60:2,TGAMMA:120:1,TGAMMA:60:1",TGAMMA_60_c1,4,4.0,57.0,33855,35627,1.052,1.008,1.024,0.044,0.028
413,"XPY:60:3,POW:24:1",XPY_60_c3,"5,4,1",48.8,63.8,27692,36736,1.327,1.422,1.566,0.096,0.239
413,"XPY:60:3,POW:24:1",POW_24_c1,0,15.0,63.8,48124,92196,1.916,1.193,1.215,0.723,0.701
414,"XPY:60:1,SUM:84:1,COPY:60:1",XPY_60_c1,0,45.2,110.0,29859,58523,1.96,2.836,2.4,0.876,0.44
414,"XPY:60:1,SUM:84:1,COPY:60:1",SUM_84_c1,5,32.0,110.0,19687,73451,3.731,3.532,3.016,0.199,0.715
414,"XPY:60:1,SUM:84:1,COPY:60:1",COPY_60_c1,1,32.8,110.0,27398,83444,3.046,3.664,3.448,0.618,0.402
415,"SQRTX:12:1,SUM:132:3",SQRTX_12_c1,0,19.8,59.2,9078,17448,1.922,1.232,1.376,0.69,0.546
415,"SQRTX:12:1,SUM:132:3",SUM_132_c3,"1,5,4",39.4,59.2,25096,31837,1.269,1.388,1.635,0.12,0.366
416,"ERF:12:1,COPY:84:1,XPY:48:1",ERF_12_c1,5,21.2,99.0,12734,14364,1.128,2.568,1.929,1.44,0.801
416,"ERF:12:1,COPY:84:1,XPY:48:1",COPY_84_c1,0,32.9,99.0,38335,128658,3.356,3.176,3.228,0.181,0.128
416,"ERF:12:1,COPY:84:1,XPY:48:1",XPY_48_c1,4,44.9,99.0,24058,66233,2.753,2.499,2.377,0.254,0.376
417,"POW:24:3,SUM:108:1",POW_24_c3,"4,0,1",41.2,73.2,17473,22245,1.273,1.325,1.321,0.052,0.048
417,"POW:24:3,SUM:108:1",SUM_108_c1,5,32.0,73.2,25305,64529,2.55,1.979,1.942,0.571,0.608
418,"POW:36:1,TGAMMA:12:3",POW_36_c1,1,15.0,26.9,72048,72314,1.004,1.0,1.0,0.004,0.004
418,"POW:36:1,TGAMMA:12:3",TGAMMA_12_c3,"5,0,4",11.9,26.9,2268,2269,1.0,1.0,1.0,0.0,0.0
419,"SUM:84:1,SQRTX:48:1,POW:36:1,DOT:84:1",SUM_84_c1,4,32.0,100.9,19687,51871,2.635,3.148,2.651,0.513,0.017
419,"SUM:84:1,SQRTX:48:1,POW:36:1,DOT:84:1",SQRTX_48_c1,5,19.9,100.9,36255,85891,2.369,2.283,2.155,0.086,0.214
419,"SUM:84:1,SQRTX:48:1,POW:36:1,DOT:84:1",POW_36_c1,0,15.0,100.9,72048,103496,1.436,1.713,1.529,0.276,0.092
419,"SUM:84:1,SQRTX:48:1,POW:36:1,DOT:84:1",DOT_84_c1,1,34.0,100.9,37041,93747,2.531,2.649,2.521,0.118,0.01
420,"XPY:60:1,ERF:24:1",XPY_60_c1,1,45.2,66.4,29859,45260,1.516,1.502,1.528,0.014,0.012
420,"XPY:60:1,ERF:24:1",ERF_24_c1,0,21.2,66.4,25440,28748,1.13,1.525,1.416,0.395,0.286
421,"ERF:12:2,TGAMMA:60:2",ERF_12_c2,"0,5",40.0,48.0,6750,7118,1.055,1.0,1.164,0.055,0.109
421,"ERF:12:2,TGAMMA:60:2",TGAMMA_60_c2,"4,1",8.0,48.0,16972,17159,1.011,1.0,1.02,0.011,0.009
422,"POW:24:2,SQRTX:48:2",POW_24_c2,"0,1",29.3,67.9,24606,29462,1.197,1.251,1.296,0.053,0.099
422,"POW:24:2,SQRTX:48:2",SQRTX_48_c2,"4,5",38.6,67.9,18647,30313,1.626,1.451,1.596,0.175,0.029
423,"XPY:60:1,SUM:108:2",XPY_60_c1,1,45.2,85.2,29859,86086,2.883,2.077,2.024,0.806,0.859
423,"XPY:60:1,SUM:108:2",SUM_108_c2,"0,5",40.0,85.2,20247,51506,2.544,2.485,2.484,0.058,0.06
424,"COPY:60:1,DOT:84:1",COPY_60_c1,0,32.8,66.8,27398,52326,1.91,1.746,2.138,0.164,0.228
424,"COPY:60:1,DOT:84:1",DOT_84_c1,4,34.0,66.8,37041,64347,1.737,1.544,1.834,0.193,0.096
425,"DOT:84:1,ERF:24:2",DOT_84_c1,5,34.0,74.0,37041,74065,2.0,1.778,1.91,0.222,0.09
425,"DOT:84:1,ERF:24:2",ERF_24_c2,"0,1",40.0,74.0,13494,26223,1.943,1.768,1.696,0.175,0.247
426,"ERF:48:1,DOT:36:2",ERF_48_c1,5,21.2,61.3,50880,129052,2.536,1.362,1.43,1.175,1.106
426,"ERF:48:1,DOT:36:2",DOT_36_c2,"0,1",40.1,61.3,13460,20009,1.487,1.366,1.629,0.12,0.143
427,"XPY:60:1,POW:36:1",XPY_60_c1,0,45.2,60.2,29859,39857,1.335,1.312,1.404,0.023,0.069
427,"XPY:60:1,POW:36:1",POW_36_c1,1,15.0,60.2,72048,77202,1.072,1.143,1.151,0.071,0.08
428,"TGAMMA:120:1,DOT:36:3",TGAMMA_120_c1,0,4.0,43.5,67717,71179,1.051,1.0,1.007,0.051,0.044
428,"TGAMMA:120:1,DOT:36:3",DOT_36_c3,"5,1,4",39.5,43.5,13678,17261,1.262,1.0,1.107,0.262,0.155
429,"POW:36:1,TGAMMA:120:1",POW_36_c1,5,15.0,19.0,72048,71224,0.989,1.0,1.0,0.011,0.011
429,"POW:36:1,TGAMMA:120:1",TGAMMA_120_c1,0,4.0,19.0,67717,67723,1.0,1.0,1.0,0.0,0.0
430,"TGAMMA:12:1,SQRTX:12:1,TGAMMA:12:1",TGAMMA_12_c1,4,4.0,27.8,6773,6767,0.999,1.0,1.0,0.001,0.001
430,"TGAMMA:12:1,SQRTX:12:1,TGAMMA:12:1",SQRTX_12_c1,0,19.8,27.8,9078,9142,1.007,1.0,1.0,0.007,0.007
430,"TGAMMA:12:1,SQRTX:12:1,TGAMMA:12:1",TGAMMA_12_c1,5,4.0,27.8,6773,6762,0.998,1.0,1.0,0.002,0.002
431,"SQRTX:48:3,POW:36:1",SQRTX_48_c3,"0,5,1",39.0,54.0,18447,22869,1.24,1.101,1.301,0.139,0.061
431,"SQRTX:48:3,POW:36:1",POW_36_c1,4,15.0,54.0,72048,93193,1.293,1.056,1.134,0.237,0.159
432,"TGAMMA:60:2,XPY:60:1,COPY:84:1",TGAMMA_60_c2,"4,5",8.0,86.1,16972,17787,1.048,1.043,1.07,0.005,0.022
432,"TGAMMA:60:2,XPY:60:1,COPY:84:1",XPY_60_c1,0,45.2,86.1,29859,64148,2.148,2.105,1.946,0.044,0.202
432,"TGAMMA:60:2,XPY:60:1,COPY:84:1",COPY_84_c1,1,32.9,86.1,38335,89824,2.343,2.603,2.454,0.26,0.111
433,"ERF:24:3,SQRTX:48:1",ERF_24_c3,"1,4,5",45.6,65.5,11853,14672,1.238,1.496,1.496,0.258,0.258
433,"ERF:24:3,SQRTX:48:1",SQRTX_48_c1,0,19.9,65.5,36255,66914,1.846,1.391,1.488,0.455,0.357
434,"TGAMMA:60:2,SQRTX:12:1",TGAMMA_60_c2,"4,1",8.0,27.8,16972,16961,0.999,1.0,1.0,0.001,0.001
434,"TGAMMA:60:2,SQRTX:12:1",SQRTX_12_c1,0,19.8,27.8,9078,9184,1.012,1.0,1.0,0.012,0.012
435,"SQRTX:48:1,POW:36:1",SQRTX_48_c1,1,19.9,34.9,36255,36967,1.02,1.0,1.0,0.02,0.02
435,"SQRTX:48:1,POW:36:1",POW_36_c1,0,15.0,34.9,72048,72780,1.01,1.0,1.0,0.01,0.01
436,"POW:36:1,SUM:84:1",POW_36_c1,5,15.0,47.0,72048,79408,1.102,1.0,1.125,0.102,0.022
436,"POW:36:1,SUM:84:1",SUM_84_c1,1,32.0,47.0,19687,26880,1.365,1.0,1.29,0.365,0.075
437,"COPY:60:1,POW:12:1,DOT:84:1",COPY_60_c1,4,32.8,81.8,27398,62546,2.283,2.412,2.285,0.129,0.002
437,"COPY:60:1,POW:12:1,DOT:84:1",POW_12_c1,5,15.0,81.8,23985,36253,1.511,1.445,1.39,0.066,0.121
437,"COPY:60:1,POW:12:1,DOT:84:1",DOT_84_c1,1,34.0,81.8,37041,87052,2.35,2.03,2.053,0.32,0.297
438,"COPY:84:1,POW:24:1",COPY_84_c1,5,32.9,47.9,38335,53912,1.406,1.0,1.243,0.406,0.163
438,"COPY:84:1,POW:24:1",POW_24_c1,4,15.0,47.9,48124,51641,1.073,1.0,1.059,0.073,0.014
439,"XPY:48:2,SQRTX:12:1",XPY_48_c2,"0,1",48.7,68.5,22157,31484,1.421,1.566,1.689,0.145,0.268
439,"XPY:48:2,SQRTX:12:1",SQRTX_12_c1,4,19.8,68.5,9078,23638,2.604,1.466,1.582,1.138,1.022
440,"ERF:12:1,POW:24:1",ERF_12_c1,1,21.2,36.2,12734,13288,1.044,1.0,1.011,0.044,0.032
440,"ERF:12:1,POW:24:1",POW_24_c1,5,15.0,36.2,48124,49087,1.02,1.0,1.019,0.02,0.001
441,"SUM:108:2,TGAMMA:12:1,POW:12:1",SUM_108_c2,"4,5",40.0,59.0,20247,34172,1.688,1.38,1.624,0.308,0.064
441,"SUM:108:2,TGAMMA:12:1,POW:12:1",TGAMMA_12_c1,1,4.0,59.0,6773,7048,1.041,1.011,1.025,0.03,0.016
441,"SUM:108:2,TGAMMA:12:1,POW:12:1",POW_12_c1,0,15.0,59.0,23985,35772,1.491,1.126,1.188,0.365,0.304
442,"COPY:60:3,ERF:12:1",COPY_60_c3,"5,0,4",33.2,54.4,27096,36113,1.333,1.195,1.638,0.137,0.306
442,"COPY:60:3,ERF:12:1",ERF_12_c1,1,21.2,54.4,12734,31327,2.46,1.141,1.279,1.319,1.181
443,"TGAMMA:12:1,POW:12:1,DOT:36:1",TGAMMA_12_c1,1,4.0,53.0,6773,6921,1.022,1.004,1.023,0.018,0.001
443,"TGAMMA:12:1,POW:12:1,DOT:36:1",POW_12_c1,4,15.0,53.0,23985,26898,1.121,1.042,1.097,0.079,0.024
443,"TGAMMA:12:1,POW:12:1,DOT:36:1",DOT_36_c1,5,34.0,53.0,15880,22383,1.41,1.097,1.323,0.312,0.086
444,"TGAMMA:120:2,COPY:60:2",TGAMMA_120_c2,"4,1",8.0,41.2,33894,35398,1.044,1.0,1.011,0.044,0.033
444,"TGAMMA:120:2,COPY:60:2",COPY_60_c2,"0,5",33.2,41.2,27078,31991,1.181,1.0,1.111,0.181,0.071
445,"SUM:132:1,XPY:48:1",SUM_132_c1,4,32.0,76.9,30946,46710,1.509,2.135,1.932,0.626,0.422
445,"SUM:132:1,XPY:48:1",XPY_48_c1,5,44.9,76.9,24058,45334,1.884,1.823,1.738,0.061,0.146
446,"TGAMMA:120:1,COPY:84:1",TGAMMA_120_c1,5,4.0,36.9,67717,68364,1.01,1.0,1.0,0.01,0.01
446,"TGAMMA:120:1,COPY:84:1",COPY_84_c1,0,32.9,36.9,38335,41455,1.081,1.0,1.0,0.081,0.081
447,"COPY:84:2,POW:12:1",COPY_84_c2,"0,5",33.2,48.2,37931,57759,1.523,1.0,1.391,0.523,0.132
447,"COPY:84:2,POW:12:1",POW_12_c1,4,15.0,48.2,23985,40855,1.703,1.0,1.099,0.703,0.605
448,"COPY:84:2,SUM:84:1",COPY_84_c2,"0,5",33.2,65.2,37931,58838,1.551,1.675,2.07,0.124,0.519
448,"COPY:84:2,SUM:84:1",SUM_84_c1,4,32.0,65.2,19687,72178,3.666,1.641,1.762,2.025,1.904
449,"TGAMMA:60:2,ERF:24:1,TGAMMA:60:1",TGAMMA_60_c2,"4,1",8.0,33.2,16972,16998,1.002,1.0,1.001,0.002,0.001
449,"TGAMMA:60:2,ERF:24:1,TGAMMA:60:1",ERF_24_c1,0,21.2,33.2,25440,26168,1.029,1.0,1.0,0.029,0.029
449,"TGAMMA:60:2,ERF:24:1,TGAMMA:60:1",TGAMMA_60_c1,5,4.0,33.2,33855,34010,1.005,1.0,1.0,0.005,0.005
450,"ERF:12:2,SUM:84:1,SQRTX:48:1",ERF_12_c2,"4,5",40.0,91.9,6750,11895,1.762,2.341,2.063,0.579,0.3
450,"ERF:12:2,SUM:84:1,SQRTX:48:1",SUM_84_c1,0,32.0,91.9,19687,45877,2.33,2.768,2.462,0.438,0.132
450,"ERF:12:2,SUM:84:1,SQRTX:48:1",SQRTX_48_c1,1,19.9,91.9,36255,70224,1.937,2.056,1.941,0.119,0.004
451,"POW:24:2,TGAMMA:12:1",POW_24_c2,"0,5",29.3,33.3,24606,24507,0.996,1.0,1.0,0.004,0.004
451,"POW:24:2,TGAMMA:12:1",TGAMMA_12_c1,4,4.0,33.3,6773,6787,1.002,1.0,1.0,0.002,0.002
452,"POW:12:1,SQRTX:48:2",POW_12_c1,1,15.0,53.6,23985,27440,1.144,1.05,1.145,0.094,0.001
452,"POW:12:1,SQRTX:48:2",SQRTX_48_c2,"4,5",38.6,53.6,18647,26977,1.447,1.091,1.294,0.356,0.153
453,"POW:24:1,SUM:84:1,ERF:12:1",POW_24_c1,5,15.0,68.2,48124,53026,1.102,1.255,1.212,0.153,0.11
453,"POW:24:1,SUM:84:1,ERF:12:1",SUM_84_c1,0,32.0,68.2,19687,36458,1.852,1.768,1.873,0.084,0.021
453,"POW:24:1,SUM:84:1,ERF:12:1",ERF_12_c1,4,21.2,68.2,12734,20306,1.595,1.582,1.595,0.012,0.001
454,"DOT:36:1,DOT:36:2",DOT_36_c1,4,34.0,74.1,15880,50279,3.166,1.781,1.913,1.385,1.254
454,"DOT:36:1,DOT:36:2",DOT_36_c2,"0,5",40.1,74.1,13460,25254,1.876,1.781,2.008,0.095,0.132
455,"COPY:84:1,TGAMMA:12:2",COPY_84_c1,5,32.9,40.9,38335,45387,1.184,1.0,1.065,0.184,0.119
455,"COPY:84:1,TGAMMA:12:2",TGAMMA_12_c2,"0,1",8.0,40.9,3394,3465,1.021,1.0,1.011,0.021,0.01
456,"TGAMMA:12:1,SQRTX:48:1,SUM:84:1",TGAMMA_12_c1,0,4.0,55.9,6773,6867,1.014,1.007,1.016,0.007,0.002
456,"TGAMMA:12:1,SQRTX:48:1,SUM:84:1",SQRTX_48_c1,5,19.9,55.9,36255,51960,1.433,1.149,1.414,0.285,0.019
456,"TGAMMA:12:1,SQRTX:48:1,SUM:84:1",SUM_84_c1,1,32.0,55.9,19687,25988,1.32,1.249,1.552,0.071,0.232
457,"SUM:132:1,ERF:24:2",SUM_132_c1,1,32.0,72.0,30946,64433,2.082,1.928,1.959,0.154,0.123
457,"SUM:132:1,ERF:24:2",ERF_24_c2,"4,5",40.0,72.0,13494,22145,1.641,1.704,1.655,0.063,0.014
458,"XPY:48:1,TGAMMA:12:3",XPY_48_c1,4,44.9,56.8,24058,30106,1.251,1.208,1.36,0.043,0.108
458,"XPY:48:1,TGAMMA:12:3",TGAMMA_12_c3,"5,1,0",11.9,56.8,2268,2314,1.02,1.008,1.03,0.012,0.01
459,"TGAMMA:60:3,TGAMMA:12:1",TGAMMA_60_c3,"5,0,4",11.9,15.9,11340,11295,0.996,1.0,1.0,0.004,0.004
459,"TGAMMA:60:3,TGAMMA:12:1",TGAMMA_12_c1,1,4.0,15.9,6773,6767,0.999,1.0,1.0,0.001,0.001
460,"COPY:60:1,SUM:132:1,SUM:132:1",COPY_60_c1,0,32.8,96.8,27398,88279,3.222,3.078,3.042,0.144,0.18
460,"COPY:60:1,SUM:132:1,SUM:132:1",SUM_132_c1,1,32.0,96.8,30946,48934,1.581,2.975,2.434,1.394,0.853
460,"COPY:60:1,SUM:132:1,SUM:132:1",SUM_132_c1,4,32.0,96.8,30946,122416,3.956,2.975,2.683,0.981,1.273
461,"TGAMMA:120:2,SUM:132:2",TGAMMA_120_c2,"0,5",8.0,48.0,33894,35344,1.043,1.0,1.02,0.043,0.023
461,"TGAMMA:120:2,SUM:132:2",SUM_132_c2,"4,1",40.0,48.0,24731,28917,1.169,1.0,1.263,0.169,0.093
462,"ERF:12:1,POW:12:2",ERF_12_c1,4,21.2,50.5,12734,15367,1.207,1.016,1.235,0.191,0.028
462,"ERF:12:1,POW:12:2",POW_12_c2,"0,1",29.3,50.5,12291,13132,1.068,1.007,1.126,0.061,0.058
463,"ERF:12:1,DOT:84:1,ERF:48:1",ERF_12_c1,0,21.2,76.4,12734,26164,2.055,1.845,1.734,0.21,0.321
463,"ERF:12:1,DOT:84:1,ERF:48:1",DOT_84_c1,4,34.0,76.4,37041,73722,1.99,1.855,1.973,0.135,0.017
463,"ERF:12:1,DOT:84:1,ERF:48:1",ERF_48_c1,5,21.2,76.4,50880,59283,1.165,1.845,1.573,0.68,0.408
464,"POW:36:1,XPY:60:1,SQRTX:12:1,ERF:24:1",POW_36_c1,0,15.0,101.2,72048,89032,1.236,1.717,1.504,0.481,0.268
464,"POW:36:1,XPY:60:1,SQRTX:12:1,ERF:24:1",XPY_60_c1,1,45.2,101.2,29859,76564,2.564,2.567,2.351,0.003,0.213
464,"POW:36:1,XPY:60:1,SQRTX:12:1,ERF:24:1",SQRTX_12_c1,4,19.8,101.2,9078,15399,1.696,2.29,2.068,0.594,0.371
464,"POW:36:1,XPY:60:1,SQRTX:12:1,ERF:24:1",ERF_24_c1,5,21.2,101.2,25440,68613,2.697,2.638,2.177,0.059,0.52
465,"ERF:48:1,ERF:24:1",ERF_48_c1,5,21.2,42.4,50880,53542,1.052,1.0,1.038,0.052,0.015
465,"ERF:48:1,ERF:24:1",ERF_24_c1,4,21.2,42.4,25440,26770,1.052,1.0,1.038,0.052,0.014
466,"SUM:84:2,COPY:60:1",SUM_84_c2,"0,5",40.0,72.8,15752,38937,2.472,1.962,2.077,0.51,0.395
466,"SUM:84:2,COPY:60:1",COPY_60_c1,4,32.8,72.8,27398,88800,3.241,2.012,2.193,1.229,1.048
467,"ERF:12:1,SUM:84:1,SUM:132:1",ERF_12_c1,4,21.2,85.2,12734,15158,1.19,2.126,1.712,0.936,0.522
467,"ERF:12:1,SUM:84:1,SUM:132:1",SUM_84_c1,5,32.0,85.2,19687,49083,2.493,2.485,2.384,0.008,0.109
467,"ERF:12:1,SUM:84:1,SUM:132:1",SUM_132_c1,1,32.0,85.2,30946,77102,2.492,2.485,2.384,0.006,0.108
468,"TGAMMA:60:1,DOT:36:2",TGAMMA_60_c1,4,4.0,44.1,33855,35225,1.04,1.0,1.01,0.04,0.03
468,"TGAMMA:60:1,DOT:36:2",DOT_36_c2,"0,5",40.1,44.1,13460,15514,1.153,1.0,1.121,0.153,0.032
469,"DOT:84:1,SQRTX:12:1,SQRTX:12:1",DOT_84_c1,5,34.0,73.6,37041,64189,1.733,1.765,1.9,0.032,0.167
469,"DOT:84:1,SQRTX:12:1,SQRTX:12:1",SQRTX_12_c1,4,19.8,73.6,9078,9914,1.092,1.595,1.546,0.503,0.454
469,"DOT:84:1,SQRTX:12:1,SQRTX:12:1",SQRTX_12_c1,1,19.8,73.6,9078,18259,2.011,1.595,1.712,0.417,0.3
470,"SUM:108:1,SUM:84:2",SUM_108_c1,1,32.0,72.0,25305,73776,2.915,1.928,1.959,0.987,0.956
470,"SUM:108:1,SUM:84:2",SUM_84_c2,"0,5",40.0,72.0,15752,28725,1.824,1.928,2.05,0.105,0.227
471,"SUM:108:1,TGAMMA:12:1,COPY:84:1,SQRTX:48:1",SUM_108_c1,0,32.0,88.8,25305,82939,3.278,2.637,2.481,0.64,0.796
471,"SUM:108:1,TGAMMA:12:1,COPY:84:1,SQRTX:48:1",TGAMMA_12_c1,1,4.0,88.8,6773,6927,1.023,1.047,1.055,0.024,0.032
471,"SUM:108:1,TGAMMA:12:1,COPY:84:1,SQRTX:48:1",COPY_84_c1,4,32.9,88.8,38335,102610,2.677,2.723,2.796,0.046,0.119
471,"SUM:108:1,TGAMMA:12:1,COPY:84:1,SQRTX:48:1",SQRTX_48_c1,5,19.9,88.8,36255,42198,1.164,1.978,1.812,0.814,0.649
472,"COPY:60:3,SUM:132:1",COPY_60_c3,"5,1,4",33.2,65.2,27096,38435,1.418,1.675,2.07,0.256,0.652
472,"COPY:60:3,SUM:132:1",SUM_132_c1,0,32.0,65.2,30946,118173,3.819,1.641,1.72,2.177,2.099
473,"ERF:48:1,COPY:84:1,TGAMMA:120:1,TGAMMA:120:1",ERF_48_c1,4,21.2,62.1,50880,85552,1.681,1.387,1.504,0.294,0.178
473,"ERF:48:1,COPY:84:1,TGAMMA:120:1,TGAMMA:120:1",COPY_84_c1,0,32.9,62.1,38335,64910,1.693,1.537,1.875,0.156,0.182
473,"ERF:48:1,COPY:84:1,TGAMMA:120:1,TGAMMA:120:1",TGAMMA_120_c1,5,4.0,62.1,67717,68872,1.017,1.015,1.023,0.003,0.006
473,"ERF:48:1,COPY:84:1,TGAMMA:120:1,TGAMMA:120:1",TGAMMA_120_c1,1,4.0,62.1,67717,68767,1.016,1.015,1.023,0.001,0.008
474,"COPY:60:1,COPY:60:1,TGAMMA:12:1",COPY_60_c1,4,32.8,69.6,27398,54556,1.991,1.87,1.91,0.121,0.081
474,"COPY:60:1,COPY:60:1,TGAMMA:12:1",COPY_60_c1,5,32.8,69.6,27398,62985,2.299,1.87,1.947,0.429,0.352
474,"COPY:60:1,COPY:60:1,TGAMMA:12:1",TGAMMA_12_c1,1,4.0,69.6,6773,7045,1.04,1.024,1.039,0.017,0.001
475,"COPY:60:1,COPY:60:1,SQRTX:48:1,DOT:84:1",COPY_60_c1,4,32.8,119.5,27398,116561,4.254,4.086,3.747,0.169,0.507
475,"COPY:60:1,COPY:60:1,SQRTX:48:1,DOT:84:1",COPY_60_c1,0,32.8,119.5,27398,116981,4.27,4.086,3.747,0.184,0.522
475,"COPY:60:1,COPY:60:1,SQRTX:48:1,DOT:84:1",SQRTX_48_c1,1,19.9,119.5,36255,79763,2.2,2.751,2.458,0.551,0.258
475,"COPY:60:1,COPY:60:1,SQRTX:48:1,DOT:84:1",DOT_84_c1,5,34.0,119.5,37041,82802,2.235,3.252,2.944,1.016,0.709
476,"SQRTX:48:2,POW:24:1,SUM:108:1",SQRTX_48_c2,"0,5",38.6,85.6,18647,31666,1.698,1.897,1.97,0.199,0.272
476,"SQRTX:48:2,POW:24:1,SUM:108:1",POW_24_c1,1,15.0,85.6,48124,60688,1.261,1.498,1.385,0.237,0.124
476,"SQRTX:48:2,POW:24:1,SUM:108:1",SUM_108_c1,4,32.0,85.6,25305,59881,2.366,2.502,2.298,0.136,0.069
477,"DOT:36:1,SUM:132:1",DOT_36_c1,0,34.0,66.0,15880,25660,1.616,1.518,1.591,0.097,0.024
477,"DOT:36:1,SUM:132:1",SUM_132_c1,1,32.0,66.0,30946,51354,1.659,1.675,1.656,0.016,0.003
478,"DOT:84:1,POW:12:2,XPY:48:1",DOT_84_c1,0,34.0,108.2,37041,89164,2.407,2.886,2.652,0.479,0.244
478,"DOT:84:1,POW:12:2,XPY:48:1",POW_12_c2,"4,1",29.3,108.2,12291,25762,2.096,1.815,1.689,0.281,0.407
478,"DOT:84:1,POW:12:2,XPY:48:1",XPY_48_c1,5,44.9,108.2,24058,73195,3.042,2.781,2.452,0.262,0.591
479,"POW:36:1,TGAMMA:60:1,DOT:36:1",POW_36_c1,5,15.0,53.0,72048,86027,1.194,1.042,1.174,0.152,0.02
479,"POW:36:1,TGAMMA:60:1,DOT:36:1",TGAMMA_60_c1,0,4.0,53.0,33855,34576,1.021,1.004,1.013,0.018,0.008
479,"POW:36:1,TGAMMA:60:1,DOT:36:1",DOT_36_c1,1,34.0,53.0,15880,22525,1.418,1.097,1.398,0.321,0.02
480,"COPY:84:2,XPY:48:2",COPY_84_c2,"4,1",33.2,81.9,37931,80749,2.129,2.416,2.738,0.288,0.609
480,"COPY:84:2,XPY:48:2",XPY_48_c2,"0,5",48.7,81.9,22157,41016,1.851,1.976,2.037,0.125,0.186
481,"POW:12:1,TGAMMA:12:1,SQRTX:12:1",POW_12_c1,0,15.0,38.8,23985,24569,1.024,1.0,1.0,0.024,0.024
481,"POW:12:1,TGAMMA:12:1,SQRTX:12:1",TGAMMA_12_c1,1,4.0,38.8,6773,6809,1.005,1.0,1.005,0.005,0.001
481,"POW:12:1,TGAMMA:12:1,SQRTX:12:1",SQRTX_12_c1,5,19.8,38.8,9078,9355,1.031,1.0,1.0,0.031,0.031
482,"XPY:60:1,SQRTX:48:1,COPY:84:2",XPY_60_c1,4,45.2,98.3,29859,99446,3.331,2.478,2.266,0.853,1.065
482,"XPY:60:1,SQRTX:48:1,COPY:84:2",SQRTX_48_c1,5,19.9,98.3,36255,84570,2.333,2.217,2.028,0.115,0.304
482,"XPY:60:1,SQRTX:48:1,COPY:84:2",COPY_84_c2,"0,1",33.2,98.3,37931,78983,2.082,3.145,3.393,1.062,1.311
483,"COPY:84:1,XPY:48:1,DOT:84:1",COPY_84_c1,4,32.9,111.8,38335,130370,3.401,3.744,3.521,0.343,0.121
483,"COPY:84:1,XPY:48:1,DOT:84:1",XPY_48_c1,5,44.9,111.8,24058,47275,1.965,2.891,2.436,0.926,0.471
483,"COPY:84:1,XPY:48:1,DOT:84:1",DOT_84_c1,0,34.0,111.8,37041,123514,3.335,3.002,2.858,0.332,0.477
484,"COPY:60:2,SUM:132:2",COPY_60_c2,"0,1",33.2,73.2,27078,44321,1.637,2.03,2.39,0.393,0.753
484,"COPY:60:2,SUM:132:2",SUM_132_c2,"4,5",40.0,73.2,24731,62556,2.529,1.979,2.09,0.55,0.44
485,"ERF:12:2,SUM:108:2",ERF_12_c2,"4,1",40.0,80.0,6750,12442,1.843,1.96,1.819,0.117,0.024
485,"ERF:12:2,SUM:108:2",SUM_108_c2,"0,5",40.0,80.0,20247,35331,1.745,2.266,2.313,0.521,0.568
486,"POW:12:1,SUM:84:3",POW_12_c1,0,15.0,54.4,23985,37638,1.569,1.062,1.138,0.508,0.432
486,"POW:12:1,SUM:84:3",SUM_84_c3,"4,5,1",39.4,54.4,15984,19744,1.235,1.186,1.477,0.05,0.242
487,"XPY:60:2,POW:24:2",XPY_60_c2,"4,1",49.0,78.3,27541,40537,1.472,1.866,1.942,0.394,0.47
487,"XPY:60:2,POW:24:2",POW_24_c2,"0,5",29.3,78.3,24606,46479,1.889,1.396,1.397,0.493,0.491
488,"ERF:24:1,COPY:60:1,DOT:84:1,POW:36:1",ERF_24_c1,4,21.2,103.0,25440,71195,2.799,2.696,2.147,0.103,0.651
488,"ERF:24:1,COPY:60:1,DOT:84:1,POW:36:1",COPY_60_c1,0,32.8,103.0,27398,95393,3.482,3.353,3.133,0.129,0.349
488,"ERF:24:1,COPY:60:1,DOT:84:1,POW:36:1",DOT_84_c1,1,34.0,103.0,37041,87989,2.375,2.717,2.536,0.342,0.16
488,"ERF:24:1,COPY:60:1,DOT:84:1,POW:36:1",POW_36_c1,5,15.0,103.0,72048,110495,1.534,1.742,1.549,0.208,0.015
489,"TGAMMA:12:1,POW:12:2",TGAMMA_12_c1,0,4.0,33.3,6773,6803,1.004,1.0,1.0,0.004,0.004
489,"TGAMMA:12:1,POW:12:2",POW_12_c2,"4,5",29.3,33.3,12291,12243,0.996,1.0,1.0,0.004,0.004
490,"XPY:48:1,TGAMMA:120:2",XPY_48_c1,1,44.9,52.9,24058,27641,1.149,1.089,1.282,0.06,0.133
490,"XPY:48:1,TGAMMA:120:2",TGAMMA_120_c2,"0,5",8.0,52.9,33894,34588,1.02,1.003,1.026,0.017,0.006
491,"XPY:48:2,DOT:84:1",XPY_48_c2,"4,1",48.7,82.7,22157,37282,1.683,2.001,2.058,0.318,0.375
491,"XPY:48:2,DOT:84:1",DOT_84_c1,5,34.0,82.7,37041,122779,3.315,2.059,2.138,1.255,1.177
492,"ERF:24:1,ERF:48:1,XPY:60:1,XPY:48:1",ERF_24_c1,1,21.2,132.5,25440,70324,2.764,3.64,2.67,0.876,0.094
492,"ERF:24:1,ERF:48:1,XPY:60:1,XPY:48:1",ERF_48_c1,0,21.2,132.5,50880,141383,2.779,3.64,2.669,0.861,0.11
492,"ERF:24:1,ERF:48:1,XPY:60:1,XPY:48:1",XPY_60_c1,5,45.2,132.5,29859,79209,2.653,3.524,2.977,0.872,0.324
492,"ERF:24:1,ERF:48:1,XPY:60:1,XPY:48:1",XPY_48_c1,4,44.9,132.5,24058,63154,2.625,3.524,2.977,0.899,0.352
493,"XPY:60:1,SUM:84:1,XPY:48:1",XPY_60_c1,5,45.2,122.1,29859,81339,2.724,3.206,2.834,0.482,0.11
493,"XPY:60:1,SUM:84:1,XPY:48:1",SUM_84_c1,1,32.0,122.1,19687,76612,3.892,4.043,3.415,0.151,0.476
493,"XPY:60:1,SUM:84:1,XPY:48:1",XPY_48_c1,4,44.9,122.1,24058,46619,1.938,3.206,2.642,1.268,0.704
494,"POW:24:1,POW:36:1",POW_24_c1,5,15.0,30.0,48124,48548,1.009,1.0,1.0,0.009,0.009
494,"POW:24:1,POW:36:1",POW_36_c1,4,15.0,30.0,72048,72782,1.01,1.0,1.0,0.01,0.01
495,"XPY:60:1,COPY:60:1,XPY:48:1,ERF:48:1",XPY_60_c1,5,45.2,144.1,29859,108410,3.631,3.879,3.351,0.249,0.279
495,"XPY:60:1,COPY:60:1,XPY:48:1,ERF:48:1",COPY_60_c1,4,32.8,144.1,27398,83182,3.036,5.178,4.397,2.142,1.361
495,"XPY:60:1,COPY:60:1,XPY:48:1,ERF:48:1",XPY_48_c1,1,44.9,144.1,24058,86594,3.599,3.879,3.353,0.28,0.246
495,"XPY:60:1,COPY:60:1,XPY:48:1,ERF:48:1",ERF_48_c1,0,21.2,144.1,50880,126265,2.482,4.011,2.795,1.53,0.313
496,"COPY:60:1,ERF:12:3",COPY_60_c1,1,32.8,78.4,27398,82094,2.996,2.261,2.321,0.735,0.675
496,"COPY:60:1,ERF:12:3",ERF_12_c3,"0,4,5",45.6,78.4,5919,10453,1.766,1.909,1.76,0.143,0.006
497,"XPY:48:1,TGAMMA:12:1,DOT:36:1",XPY_48_c1,1,44.9,82.9,24058,57135,2.375,2.007,1.882,0.368,0.493
497,"XPY:48:1,TGAMMA:12:1,DOT:36:1",TGAMMA_12_c1,5,4.0,82.9,6773,7268,1.073,1.039,1.056,0.034,0.017
497,"XPY:48:1,TGAMMA:12:1,DOT:36:1",DOT_36_c1,4,34.0,82.9,15880,24498,1.543,2.066,1.976,0.523,0.433
498,"SUM:84:2,DOT:84:2",SUM_84_c2,"4,5",40.0,80.1,15752,38018,2.414,2.27,2.316,0.143,0.097
498,"SUM:84:2,DOT:84:2",DOT_84_c2,"0,1",40.1,80.1,31407,52847,1.683,1.975,2.185,0.293,0.503
499,"SQRTX:12:1,SUM:84:1,XPY:48:1",SQRTX_12_c1,1,19.8,96.7,9078,24267,2.673,2.177,2.14,0.496,0.533
499,"SQRTX:12:1,SUM:84:1,XPY:48:1",SUM_84_c1,0,32.0,96.7,19687,29552,1.501,2.971,2.432,1.47,0.931
499,"SQRTX:12:1,SUM:84:1,XPY:48:1",XPY_48_c1,5,44.9,96.7,24058,64041,2.662,2.429,2.253,0.233,0.409
500,"POW:24:1,DOT:84:1",POW_24_c1,4,15.0,49.0,48124,54136,1.125,1.0,1.068,0.125,0.057
500,"POW:24:1,DOT:84:1",DOT_84_c1,5,34.0,49.0,37041,46723,1.261,1.0,1.205,0.261,0.057
