nohup: ввод игнорируется
=== Выполняется проект: no_po_balanced_1.txt (100 работ, перестановка ORDER) ===
fake 3 started 1787164426676 delay_ms=1
fake 2 started 1787164426676 delay_ms=0
fake 2 end 1787164426676
fake 1 started 1787164426676 delay_ms=0
fake 1 end 1787164426676
fake 0 started 1787164426676 delay_ms=0
fake 0 end 1787164426676
job 16_XPY_60 started 1787164426676 core=5
job 12_XPY_60 started 1787164426676 core=4
fake 3 end 1787164426677
job 9_TGAMMA_120 started 1787164426677 core=1
job 13_TGAMMA_12 started 1787164426703 core=0
job 13_TGAMMA_12 end 1787164433824
job 30_TGAMMA_120 started 1787164433824 core=0
job 16_XPY_60 end 1787164492506
job 25_XPY_60 started 1787164492507 core=5
job 12_XPY_60 end 1787164492621
job 6_XPY_48 started 1787164492621 core=4
job 9_TGAMMA_120 end 1787164497456
job 32_TGAMMA_120 started 1787164497457 core=1
job 30_TGAMMA_120 end 1787164504940
job 33_TGAMMA_12 started 1787164504941 core=0
job 33_TGAMMA_12 end 1787164512150
job 38_TGAMMA_120 started 1787164512150 core=0
job 6_XPY_48 end 1787164545337
job 23_XPY_48 started 1787164545338 core=4
job 25_XPY_60 end 1787164558175
job 52_XPY_48 started 1787164558175 core=5
job 32_TGAMMA_120 end 1787164568278
job 45_TGAMMA_12 started 1787164568278 core=1
job 45_TGAMMA_12 end 1787164575491
job 50_TGAMMA_60 started 1787164575491 core=1
job 38_TGAMMA_120 end 1787164583191
job 55_TGAMMA_12 started 1787164583191 core=0
job 55_TGAMMA_12 end 1787164590386
job 56_TGAMMA_60 started 1787164590386 core=0
job 23_XPY_48 end 1787164597990
job 65_XPY_48 started 1787164597991 core=4
job 52_XPY_48 end 1787164610726
job 96_XPY_60 started 1787164610726 core=5
job 50_TGAMMA_60 end 1787164610916
job 59_TGAMMA_60 started 1787164610916 core=1
job 56_TGAMMA_60 end 1787164625926
job 61_TGAMMA_12 started 1787164625926 core=0
job 61_TGAMMA_12 end 1787164633117
job 63_TGAMMA_120 started 1787164633117 core=0
job 59_TGAMMA_60 end 1787164646321
job 66_TGAMMA_60 started 1787164646321 core=1
job 65_XPY_48 end 1787164650641
job 0_DOT_84 started 1787164650641 core=4
job 96_XPY_60 end 1787164679729
job 17_DOT_84 started 1787164679729 core=5
job 66_TGAMMA_60 end 1787164682267
job 8_ERF_24 started 1787164682267 core=1
job 63_TGAMMA_120 end 1787164703504
job 69_TGAMMA_120 started 1787164703504 core=0
job 0_DOT_84 end 1787164721390
job 18_DOT_36 started 1787164721390 core=4
job 8_ERF_24 end 1787164745484
job 14_ERF_48 started 1787164745484 core=1
job 18_DOT_36 end 1787164752895
job 35_DOT_36 started 1787164752895 core=4
job 69_TGAMMA_120 end 1787164773898
job 39_DOT_36 started 1787164773898 core=0
job 17_DOT_84 end 1787164779578
job 72_TGAMMA_12 started 1787164779578 core=5
job 72_TGAMMA_12 end 1787164786553
job 77_TGAMMA_120 started 1787164786554 core=5
job 35_DOT_36 end 1787164789749
job 44_DOT_36 started 1787164789749 core=4
job 39_DOT_36 end 1787164819933
job 49_DOT_36 started 1787164819934 core=0
job 14_ERF_48 end 1787164831227
job 53_DOT_84 started 1787164831227 core=1
job 44_DOT_36 end 1787164835110
job 15_ERF_48 started 1787164835111 core=4
job 77_TGAMMA_120 end 1787164856441
job 60_DOT_36 started 1787164856441 core=5
job 49_DOT_36 end 1787164864474
job 80_TGAMMA_60 started 1787164864474 core=0
job 80_TGAMMA_60 end 1787164899405
job 92_DOT_84 started 1787164899405 core=0
job 60_DOT_36 end 1787164902718
job 81_TGAMMA_60 started 1787164902718 core=5
job 53_DOT_84 end 1787164919789
job 83_TGAMMA_60 started 1787164919789 core=1
job 15_ERF_48 end 1787164930163
job 4_COPY_84 started 1787164930163 core=4
job 81_TGAMMA_60 end 1787164937401
job 20_ERF_48 started 1787164937401 core=5
job 83_TGAMMA_60 end 1787164954169
job 84_TGAMMA_60 started 1787164954169 core=1
job 84_TGAMMA_60 end 1787164988711
job 5_COPY_84 started 1787164988711 core=1
job 92_DOT_84 end 1787165000353
job 85_TGAMMA_60 started 1787165000353 core=0
job 20_ERF_48 end 1787165014882
job 91_TGAMMA_12 started 1787165014883 core=5
job 91_TGAMMA_12 end 1787165021947
job 1_POW_36 started 1787165021947 core=5
job 85_TGAMMA_60 end 1787165035669
job 37_ERF_48 started 1787165035670 core=0
job 4_COPY_84 end 1787165040976
job 64_ERF_48 started 1787165040976 core=4
job 5_COPY_84 end 1787165106462
job 21_COPY_84 started 1787165106463 core=1
job 37_ERF_48 end 1787165127084
job 22_SQRTX_12 started 1787165127084 core=0
job 64_ERF_48 end 1787165130403
job 10_SQRTX_48 started 1787165130404 core=4
job 22_SQRTX_12 end 1787165142973
job 47_SQRTX_48 started 1787165142973 core=0
job 1_POW_36 end 1787165147009
job 90_SQRTX_12 started 1787165147012 core=5
job 90_SQRTX_12 end 1787165170161
job 3_POW_36 started 1787165170162 core=5
job 10_SQRTX_48 end 1787165194261
job 28_COPY_84 started 1787165194262 core=4
job 47_SQRTX_48 end 1787165211318
job 2_SUM_84 started 1787165211318 core=0
job 21_COPY_84 end 1787165228442
job 11_POW_36 started 1787165228442 core=1
job 3_POW_36 end 1787165280361
job 19_SUM_108 started 1787165280361 core=5
job 2_SUM_84 end 1787165290233
job 27_POW_12 started 1787165290233 core=0
job 28_COPY_84 end 1787165319791
job 31_POW_24 started 1787165319791 core=4
job 11_POW_36 end 1787165326250
job 46_COPY_84 started 1787165326250 core=1
job 27_POW_12 end 1787165331836
job 41_POW_36 started 1787165331836 core=0
job 19_SUM_108 end 1787165355663
job 24_SUM_132 started 1787165355664 core=5
job 31_POW_24 end 1787165383987
job 42_POW_24 started 1787165383988 core=4
job 41_POW_36 end 1787165427964
job 26_SUM_108 started 1787165427965 core=0
job 42_POW_24 end 1787165449826
job 43_POW_24 started 1787165449826 core=4
job 46_COPY_84 end 1787165450163
job 74_COPY_84 started 1787165450164 core=1
job 24_SUM_132 end 1787165482915
job 51_POW_24 started 1787165482915 core=5
job 26_SUM_108 end 1787165494815
job 29_SUM_108 started 1787165494816 core=0
job 43_POW_24 end 1787165517303
job 54_POW_12 started 1787165517303 core=4
job 54_POW_12 end 1787165550278
job 57_POW_36 started 1787165550278 core=4
job 29_SUM_108 end 1787165560032
job 58_POW_12 started 1787165560032 core=0
job 51_POW_24 end 1787165574372
job 7_COPY_60 started 1787165574373 core=5
job 74_COPY_84 end 1787165584641
job 36_SUM_132 started 1787165584641 core=1
job 58_POW_12 end 1787165590787
job 67_POW_36 started 1787165590787 core=0
job 57_POW_36 end 1787165645605
job 68_POW_36 started 1787165645606 core=4
job 7_COPY_60 end 1787165666898
job 34_COPY_60 started 1787165666898 core=5
job 67_POW_36 end 1787165687486
job 40_SUM_132 started 1787165687486 core=0
job 36_SUM_132 end 1787165701319
job 70_POW_24 started 1787165701320 core=1
job 68_POW_36 end 1787165744330
job 62_COPY_60 started 1787165744330 core=4
job 34_COPY_60 end 1787165761622
job 71_POW_24 started 1787165761622 core=5
job 40_SUM_132 end 1787165779338
job 48_SUM_132 started 1787165779338 core=0
job 70_POW_24 end 1787165783345
job 73_POW_24 started 1787165783345 core=1
job 71_POW_24 end 1787165825661
job 75_POW_12 started 1787165825661 core=5
job 62_COPY_60 end 1787165832478
job 89_COPY_60 started 1787165832478 core=4
job 73_POW_24 end 1787165847355
job 76_POW_36 started 1787165847355 core=1
job 75_POW_12 end 1787165857813
job 78_SUM_84 started 1787165857813 core=5
job 48_SUM_132 end 1787165904681
job 82_POW_24 started 1787165904684 core=0
job 78_SUM_84 end 1787165909844
job 79_SUM_84 started 1787165909844 core=5
job 89_COPY_60 end 1787165926219
job 94_COPY_60 started 1787165926219 core=4
job 76_POW_36 end 1787165948194
job 86_POW_36 started 1787165948194 core=1
job 79_SUM_84 end 1787165960394
job 98_POW_24 started 1787165960394 core=5
job 82_POW_24 end 1787165994501
job 87_SUM_132 started 1787165994501 core=0
job 94_COPY_60 end 1787166017199
job 88_SUM_108 started 1787166017199 core=4
job 98_POW_24 end 1787166023372
job 93_SUM_84 started 1787166023372 core=5
job 86_POW_36 end 1787166047490
job 95_SUM_132 started 1787166047490 core=1
job 93_SUM_84 end 1787166085186
job 97_SUM_108 started 1787166085187 core=5
job 88_SUM_108 end 1787166096118
job 99_SUM_108 started 1787166096119 core=4
job 87_SUM_132 end 1787166096282
job 99_SUM_108 end 1787166141024
job 95_SUM_132 end 1787166142170
job 97_SUM_108 end 1787166148278
  итерация 0: 1721603 ms
  среднее по 1 итерациям: 1721603 ms
=== Выполняется проект: no_po_balanced_10.txt (100 работ, перестановка ORDER) ===
fake 3 started 1787166148279 delay_ms=1
fake 0 started 1787166148279 delay_ms=0
fake 0 end 1787166148279
fake 2 started 1787166148279 delay_ms=0
fake 2 end 1787166148279
fake 1 started 1787166148279 delay_ms=0
fake 1 end 1787166148279
job 87_XPY_60 started 1787166148279 core=5
job 25_XPY_48 started 1787166148279 core=1
job 0_TGAMMA_60 started 1787166148280 core=4
fake 3 end 1787166148292
job 4_TGAMMA_120 started 1787166148293 core=0
job 0_TGAMMA_60 end 1787166182534
job 6_TGAMMA_12 started 1787166182534 core=4
job 6_TGAMMA_12 end 1787166189370
job 7_TGAMMA_120 started 1787166189370 core=4
job 25_XPY_48 end 1787166201739
job 28_XPY_48 started 1787166201739 core=1
job 87_XPY_60 end 1787166215060
job 38_XPY_48 started 1787166215060 core=5
job 4_TGAMMA_120 end 1787166216840
job 8_TGAMMA_120 started 1787166216841 core=0
job 28_XPY_48 end 1787166255198
job 85_XPY_48 started 1787166255198 core=1
job 7_TGAMMA_120 end 1787166257850
job 10_TGAMMA_120 started 1787166257850 core=4
job 38_XPY_48 end 1787166268610
job 1_DOT_84 started 1787166268610 core=5
job 8_TGAMMA_120 end 1787166285369
job 5_POW_36 started 1787166285369 core=0
job 85_XPY_48 end 1787166311874
job 18_DOT_84 started 1787166311874 core=1
job 10_TGAMMA_120 end 1787166326773
job 9_POW_24 started 1787166326773 core=4
job 1_DOT_84 end 1787166372426
job 3_SUM_84 started 1787166372427 core=5
job 5_POW_36 end 1787166380030
job 22_POW_36 started 1787166380030 core=0
job 9_POW_24 end 1787166398439
job 2_COPY_84 started 1787166398439 core=4
job 18_DOT_84 end 1787166414738
job 24_POW_24 started 1787166414739 core=1
job 3_SUM_84 end 1787166433693
job 11_SUM_84 started 1787166433693 core=5
job 24_POW_24 end 1787166480702
job 16_SUM_84 started 1787166480702 core=1
job 11_SUM_84 end 1787166484513
job 29_POW_24 started 1787166484514 core=5
job 22_POW_36 end 1787166514777
job 33_POW_12 started 1787166514778 core=0
job 16_SUM_84 end 1787166531440
job 20_SUM_132 started 1787166531440 core=1
job 2_COPY_84 end 1787166535087
job 63_COPY_84 started 1787166535087 core=4
job 29_POW_24 end 1787166550475
job 49_POW_24 started 1787166550476 core=5
job 33_POW_12 end 1787166560717
job 62_POW_12 started 1787166560717 core=0
job 62_POW_12 end 1787166607346
job 66_POW_24 started 1787166607346 core=0
job 20_SUM_132 end 1787166610534
job 26_SUM_132 started 1787166610534 core=1
job 49_POW_24 end 1787166616557
job 69_POW_24 started 1787166616557 core=5
job 63_COPY_84 end 1787166671009
job 74_COPY_84 started 1787166671009 core=4
job 69_POW_24 end 1787166682310
job 80_POW_36 started 1787166682310 core=5
job 26_SUM_132 end 1787166689862
job 81_POW_24 started 1787166689863 core=1
job 66_POW_24 end 1787166698934
job 31_SUM_108 started 1787166698934 core=0
job 81_POW_24 end 1787166753320
job 86_POW_12 started 1787166753321 core=1
job 80_POW_36 end 1787166778196
job 91_POW_24 started 1787166778196 core=5
job 86_POW_12 end 1787166785412
job 88_COPY_84 started 1787166785412 core=1
job 74_COPY_84 end 1787166795167
job 37_SUM_84 started 1787166795168 core=4
job 31_SUM_108 end 1787166798438
job 94_POW_12 started 1787166798438 core=0
job 94_POW_12 end 1787166831489
job 39_SUM_84 started 1787166831489 core=0
job 37_SUM_84 end 1787166847464
job 98_POW_36 started 1787166847464 core=4
job 91_POW_24 end 1787166867714
job 32_SQRTX_12 started 1787166867715 core=5
job 39_SUM_84 end 1787166883126
job 17_SQRTX_48 started 1787166883126 core=0
job 32_SQRTX_12 end 1787166890514
job 40_SUM_84 started 1787166890514 core=5
job 88_COPY_84 end 1787166915606
job 42_SUM_84 started 1787166915607 core=1
job 98_POW_36 end 1787166943972
job 35_ERF_48 started 1787166943973 core=4
job 40_SUM_84 end 1787166950924
job 12_TGAMMA_120 started 1787166950925 core=5
job 17_SQRTX_48 end 1787166952354
job 30_DOT_36 started 1787166952354 core=0
job 42_SUM_84 end 1787166963464
job 36_DOT_84 started 1787166963465 core=1
job 30_DOT_36 end 1787166993807
job 41_DOT_36 started 1787166993807 core=0
job 12_TGAMMA_120 end 1787167021033
job 14_TGAMMA_60 started 1787167021034 core=5
job 41_DOT_36 end 1787167036315
job 51_DOT_36 started 1787167036316 core=0
job 36_DOT_84 end 1787167037142
job 45_ERF_12 started 1787167037142 core=1
job 45_ERF_12 end 1787167053858
job 54_DOT_84 started 1787167053858 core=1
job 14_TGAMMA_60 end 1787167055967
job 15_TGAMMA_120 started 1787167055967 core=5
job 35_ERF_48 end 1787167067659
job 61_DOT_84 started 1787167067659 core=4
job 51_DOT_36 end 1787167076176
job 52_ERF_24 started 1787167076176 core=0
job 15_TGAMMA_120 end 1787167126208
job 21_TGAMMA_120 started 1787167126208 core=5
job 54_DOT_84 end 1787167128054
job 55_ERF_48 started 1787167128054 core=1
job 52_ERF_24 end 1787167139868
job 67_DOT_84 started 1787167139868 core=0
job 61_DOT_84 end 1787167167112
job 92_DOT_36 started 1787167167112 core=4
job 21_TGAMMA_120 end 1787167195759
job 97_DOT_84 started 1787167195759 core=5
job 55_ERF_48 end 1787167199755
job 23_TGAMMA_120 started 1787167199755 core=1
job 92_DOT_36 end 1787167214683
job 93_COPY_84 started 1787167214683 core=4
job 67_DOT_84 end 1787167259292
job 58_ERF_12 started 1787167259293 core=0
job 97_DOT_84 end 1787167269480
job 78_ERF_12 started 1787167269480 core=5
job 23_TGAMMA_120 end 1787167269851
job 27_TGAMMA_120 started 1787167269851 core=1
job 78_ERF_12 end 1787167284728
job 13_COPY_60 started 1787167284728 core=5
job 58_ERF_12 end 1787167290929
job 84_ERF_12 started 1787167290929 core=0
job 84_ERF_12 end 1787167322482
job 96_ERF_24 started 1787167322483 core=0
job 27_TGAMMA_120 end 1787167339777
job 34_TGAMMA_60 started 1787167339777 core=1
job 93_COPY_84 end 1787167342297
job 19_COPY_60 started 1787167342298 core=4
job 13_COPY_60 end 1787167350300
job 53_COPY_60 started 1787167350300 core=5
job 34_TGAMMA_60 end 1787167374957
job 44_SUM_84 started 1787167374957 core=1
job 96_ERF_24 end 1787167385543
job 43_TGAMMA_12 started 1787167385544 core=0
job 43_TGAMMA_12 end 1787167392707
job 46_TGAMMA_120 started 1787167392708 core=0
job 19_COPY_60 end 1787167420387
job 59_SUM_108 started 1787167420387 core=4
job 53_COPY_60 end 1787167428057
job 64_SUM_84 started 1787167428057 core=5
job 44_SUM_84 end 1787167447492
job 68_SUM_108 started 1787167447493 core=1
job 46_TGAMMA_120 end 1787167463370
job 47_TGAMMA_60 started 1787167463370 core=0
job 59_SUM_108 end 1787167470403
job 70_SUM_84 started 1787167470404 core=4
job 64_SUM_84 end 1787167488798
job 48_TGAMMA_120 started 1787167488798 core=5
job 47_TGAMMA_60 end 1787167498596
job 73_SUM_108 started 1787167498596 core=0
job 68_SUM_108 end 1787167511974
job 75_SUM_132 started 1787167511975 core=1
job 70_SUM_84 end 1787167515351
job 83_SUM_132 started 1787167515351 core=4
job 48_TGAMMA_120 end 1787167559097
job 50_TGAMMA_12 started 1787167559098 core=5
job 50_TGAMMA_12 end 1787167566213
job 89_SUM_132 started 1787167566213 core=5
job 73_SUM_108 end 1787167577055
job 56_TGAMMA_12 started 1787167577055 core=0
job 75_SUM_132 end 1787167578966
job 57_TGAMMA_60 started 1787167578966 core=1
job 56_TGAMMA_12 end 1787167584136
job 90_SUM_84 started 1787167584136 core=0
job 83_SUM_132 end 1787167607116
job 60_TGAMMA_120 started 1787167607117 core=4
job 57_TGAMMA_60 end 1787167614049
job 95_SUM_108 started 1787167614049 core=1
job 90_SUM_84 end 1787167631315
job 65_TGAMMA_12 started 1787167631315 core=0
job 65_TGAMMA_12 end 1787167638154
job 71_TGAMMA_120 started 1787167638154 core=0
job 89_SUM_132 end 1787167638455
job 72_TGAMMA_60 started 1787167638455 core=5
job 95_SUM_108 end 1787167658177
job 76_TGAMMA_12 started 1787167658177 core=1
job 76_TGAMMA_12 end 1787167664910
job 77_TGAMMA_120 started 1787167664910 core=1
job 72_TGAMMA_60 end 1787167672526
job 79_TGAMMA_12 started 1787167672526 core=5
job 60_TGAMMA_120 end 1787167675952
job 82_TGAMMA_60 started 1787167675952 core=4
job 79_TGAMMA_12 end 1787167679267
job 99_TGAMMA_60 started 1787167679267 core=5
job 71_TGAMMA_120 end 1787167706015
job 82_TGAMMA_60 end 1787167709733
job 99_TGAMMA_60 end 1787167713020
job 77_TGAMMA_120 end 1787167732339
  итерация 0: 1584060 ms
  среднее по 1 итерациям: 1584060 ms
=== Выполняется проект: no_po_balanced_11.txt (100 работ, перестановка ORDER) ===
fake 3 started 1787167732340 delay_ms=1
fake 2 started 1787167732340 delay_ms=0
fake 2 end 1787167732340
fake 0 started 1787167732340 delay_ms=0
fake 0 end 1787167732340
fake 1 started 1787167732340 delay_ms=0
fake 1 end 1787167732340
job 14_XPY_60 started 1787167732340 core=1
job 24_XPY_60 started 1787167732340 core=5
fake 3 end 1787167732341
job 1_TGAMMA_120 started 1787167732341 core=4
job 3_TGAMMA_120 started 1787167732367 core=0
job 14_XPY_60 end 1787167798889
job 52_XPY_60 started 1787167798889 core=1
job 24_XPY_60 end 1787167798927
job 35_XPY_48 started 1787167798927 core=5
job 1_TGAMMA_120 end 1787167800863
job 8_TGAMMA_12 started 1787167800863 core=4
job 3_TGAMMA_120 end 1787167800950
job 22_TGAMMA_60 started 1787167800951 core=0
job 8_TGAMMA_12 end 1787167807692
job 26_TGAMMA_120 started 1787167807692 core=4
job 22_TGAMMA_60 end 1787167835214
job 28_TGAMMA_120 started 1787167835215 core=0
job 35_XPY_48 end 1787167852224
job 50_XPY_48 started 1787167852224 core=5
job 52_XPY_60 end 1787167865350
job 57_XPY_48 started 1787167865351 core=1
job 26_TGAMMA_120 end 1787167876162
job 29_TGAMMA_120 started 1787167876162 core=4
job 28_TGAMMA_120 end 1787167903752
job 71_XPY_48 started 1787167903753 core=0
job 50_XPY_48 end 1787167906504
job 33_TGAMMA_60 started 1787167906505 core=5
job 57_XPY_48 end 1787167919754
job 78_XPY_48 started 1787167919754 core=1
job 33_TGAMMA_60 end 1787167941998
job 37_TGAMMA_60 started 1787167941999 core=5
job 29_TGAMMA_120 end 1787167946047
job 41_TGAMMA_120 started 1787167946047 core=4
job 71_XPY_48 end 1787167956608
job 63_XPY_60 started 1787167956608 core=0
job 78_XPY_48 end 1787167972259
job 67_XPY_60 started 1787167972259 core=1
job 37_TGAMMA_60 end 1787167977458
job 45_TGAMMA_12 started 1787167977458 core=5
job 45_TGAMMA_12 end 1787167984585
job 47_TGAMMA_60 started 1787167984585 core=5
job 41_TGAMMA_120 end 1787168016977
job 75_XPY_60 started 1787168016977 core=4
job 47_TGAMMA_60 end 1787168020056
job 53_TGAMMA_12 started 1787168020056 core=5
job 63_XPY_60 end 1787168025735
job 59_TGAMMA_12 started 1787168025735 core=0
job 53_TGAMMA_12 end 1787168027185
job 64_TGAMMA_12 started 1787168027185 core=5
job 59_TGAMMA_12 end 1787168032952
job 68_TGAMMA_120 started 1787168032952 core=0
job 64_TGAMMA_12 end 1787168034304
job 81_XPY_60 started 1787168034304 core=5
job 67_XPY_60 end 1787168040363
job 74_TGAMMA_12 started 1787168040363 core=1
job 74_TGAMMA_12 end 1787168047559
job 76_TGAMMA_12 started 1787168047559 core=1
job 76_TGAMMA_12 end 1787168054758
job 85_TGAMMA_60 started 1787168054758 core=1
job 75_XPY_60 end 1787168087155
job 91_TGAMMA_120 started 1787168087155 core=4
job 85_TGAMMA_60 end 1787168090118
job 89_XPY_60 started 1787168090119 core=1
job 81_XPY_60 end 1787168101049
job 13_DOT_36 started 1787168101049 core=5
job 68_TGAMMA_120 end 1787168103440
job 5_POW_24 started 1787168103440 core=0
job 13_DOT_36 end 1787168146998
job 4_SUM_108 started 1787168147001 core=5
job 91_TGAMMA_120 end 1787168156000
job 92_TGAMMA_120 started 1787168156000 core=4
job 5_POW_24 end 1787168157419
job 15_DOT_84 started 1787168157419 core=0
job 89_XPY_60 end 1787168168556
job 79_ERF_12 started 1787168168556 core=1
job 79_ERF_12 end 1787168194431
job 87_ERF_12 started 1787168194431 core=1
job 87_ERF_12 end 1787168220327
job 16_DOT_84 started 1787168220327 core=1
job 92_TGAMMA_120 end 1787168226045
job 93_ERF_48 started 1787168226045 core=4
job 4_SUM_108 end 1787168227063
job 95_TGAMMA_60 started 1787168227063 core=5
job 15_DOT_84 end 1787168231458
job 23_DOT_84 started 1787168231458 core=0
job 95_TGAMMA_60 end 1787168262119
job 6_POW_12 started 1787168262119 core=5
job 6_POW_12 end 1787168304098
job 99_ERF_24 started 1787168304099 core=5
job 16_DOT_84 end 1787168307101
job 2_SQRTX_12 started 1787168307102 core=1
job 2_SQRTX_12 end 1787168325204
job 12_SQRTX_12 started 1787168325204 core=1
job 23_DOT_84 end 1787168326411
job 20_SQRTX_48 started 1787168326411 core=0
job 12_SQRTX_12 end 1787168342833
job 25_SQRTX_48 started 1787168342833 core=1
job 93_ERF_48 end 1787168345184
job 30_DOT_36 started 1787168345184 core=4
job 99_ERF_24 end 1787168349774
job 43_SQRTX_12 started 1787168349774 core=5
job 43_SQRTX_12 end 1787168365616
job 58_SQRTX_12 started 1787168365617 core=5
job 30_DOT_36 end 1787168378348
job 31_DOT_84 started 1787168378348 core=4
job 58_SQRTX_12 end 1787168381733
job 7_POW_24 started 1787168381733 core=5
job 20_SQRTX_48 end 1787168405910
job 39_SUM_108 started 1787168405910 core=0
job 25_SQRTX_48 end 1787168408422
job 11_POW_36 started 1787168408422 core=1
job 7_POW_24 end 1787168449849
job 17_POW_36 started 1787168449850 core=5
job 31_DOT_84 end 1787168469823
job 0_COPY_84 started 1787168469823 core=4
job 39_SUM_108 end 1787168496570
job 49_SUM_84 started 1787168496571 core=0
job 11_POW_36 end 1787168510668
job 21_POW_24 started 1787168510668 core=1
job 17_POW_36 end 1787168547801
job 55_SUM_108 started 1787168547801 core=5
job 21_POW_24 end 1787168576973
job 27_POW_36 started 1787168576974 core=1
job 49_SUM_84 end 1787168577407
job 9_COPY_84 started 1787168577407 core=0
job 0_COPY_84 end 1787168601650
job 34_POW_12 started 1787168601650 core=4
job 55_SUM_108 end 1787168613398
job 62_SUM_108 started 1787168613398 core=5
job 34_POW_12 end 1787168647942
job 36_POW_12 started 1787168647942 core=4
job 27_POW_36 end 1787168675456
job 44_POW_24 started 1787168675456 core=1
job 62_SUM_108 end 1787168678346
job 46_POW_24 started 1787168678346 core=5
job 36_POW_12 end 1787168693023
job 69_SUM_132 started 1787168693024 core=4
job 9_COPY_84 end 1787168715264
job 18_COPY_84 started 1787168715264 core=0
job 44_POW_24 end 1787168738700
job 54_POW_36 started 1787168738700 core=1
job 46_POW_24 end 1787168741654
job 60_POW_24 started 1787168741654 core=5
job 60_POW_24 end 1787168805655
job 73_SUM_84 started 1787168805655 core=5
job 69_SUM_132 end 1787168816280
job 61_POW_36 started 1787168816281 core=4
job 54_POW_36 end 1787168836119
job 86_SUM_108 started 1787168836119 core=1
job 18_COPY_84 end 1787168841386
job 38_COPY_84 started 1787168841386 core=0
job 73_SUM_84 end 1787168858397
job 65_POW_24 started 1787168858397 core=5
job 86_SUM_108 end 1787168902803
job 94_SUM_108 started 1787168902804 core=1
job 65_POW_24 end 1787168924477
job 70_POW_12 started 1787168924478 core=5
job 61_POW_36 end 1787168955914
job 72_POW_24 started 1787168955915 core=4
job 70_POW_12 end 1787168957346
job 77_POW_12 started 1787168957346 core=5
job 94_SUM_108 end 1787168967557
job 56_COPY_84 started 1787168967557 core=1
job 38_COPY_84 end 1787168977218
job 10_COPY_60 started 1787168977219 core=0
job 77_POW_12 end 1787168996330
job 80_POW_12 started 1787168996330 core=5
job 80_POW_12 end 1787169038637
job 82_POW_36 started 1787169038638 core=5
job 72_POW_24 end 1787169041251
job 84_POW_24 started 1787169041251 core=4
job 10_COPY_60 end 1787169064427
job 19_COPY_60 started 1787169064427 core=0
job 56_COPY_84 end 1787169089403
job 32_COPY_60 started 1787169089403 core=1
job 84_POW_24 end 1787169125598
job 96_POW_36 started 1787169125598 core=4
job 19_COPY_60 end 1787169151637
job 98_POW_24 started 1787169151637 core=0
job 82_POW_36 end 1787169165564
job 83_COPY_60 started 1787169165564 core=5
job 32_COPY_60 end 1787169179108
job 90_COPY_60 started 1787169179108 core=1
job 98_POW_24 end 1787169212582
job 66_COPY_84 started 1787169212582 core=0
job 96_POW_36 end 1787169228140
job 40_DOT_84 started 1787169228140 core=4
job 83_COPY_60 end 1787169280914
job 42_DOT_36 started 1787169280915 core=5
job 90_COPY_60 end 1787169293316
job 48_DOT_36 started 1787169293316 core=1
job 42_DOT_36 end 1787169333081
job 51_DOT_84 started 1787169333081 core=5
job 48_DOT_36 end 1787169343427
job 88_DOT_84 started 1787169343427 core=1
job 66_COPY_84 end 1787169355695
job 97_DOT_84 started 1787169355695 core=0
job 40_DOT_84 end 1787169365707
job 97_DOT_84 end 1787169428429
job 51_DOT_84 end 1787169442954
job 88_DOT_84 end 1787169445921
  итерация 0: 1713581 ms
  среднее по 1 итерациям: 1713581 ms
=== Выполняется проект: no_po_balanced_12.txt (100 работ, перестановка ORDER) ===
fake 3 started 1787169445922 delay_ms=1
fake 2 started 1787169445922 delay_ms=0
fake 2 end 1787169445922
fake 0 started 1787169445922 delay_ms=0
fake 0 end 1787169445922
fake 1 started 1787169445922 delay_ms=0
fake 1 end 1787169445922
job 22_XPY_60 started 1787169445923 core=5
job 20_XPY_60 started 1787169445923 core=1
fake 3 end 1787169445923
job 0_TGAMMA_120 started 1787169445923 core=0
job 4_TGAMMA_12 started 1787169445923 core=4
job 4_TGAMMA_12 end 1787169452745
job 10_TGAMMA_120 started 1787169452745 core=4
job 22_XPY_60 end 1787169512751
job 53_XPY_60 started 1787169512751 core=5
job 20_XPY_60 end 1787169512873
job 12_XPY_48 started 1787169512873 core=1
job 0_TGAMMA_120 end 1787169514412
job 13_TGAMMA_60 started 1787169514413 core=0
job 10_TGAMMA_120 end 1787169521115
job 14_TGAMMA_12 started 1787169521115 core=4
job 14_TGAMMA_12 end 1787169527940
job 19_TGAMMA_120 started 1787169527940 core=4
job 13_TGAMMA_60 end 1787169548660
job 21_TGAMMA_12 started 1787169548661 core=0
job 21_TGAMMA_12 end 1787169555492
job 39_TGAMMA_120 started 1787169555492 core=0
job 12_XPY_48 end 1787169566555
job 28_XPY_48 started 1787169566555 core=1
job 53_XPY_60 end 1787169579530
job 49_XPY_48 started 1787169579530 core=5
job 19_TGAMMA_120 end 1787169596305
job 40_TGAMMA_12 started 1787169596306 core=4
job 40_TGAMMA_12 end 1787169603135
job 42_TGAMMA_12 started 1787169603135 core=4
job 42_TGAMMA_12 end 1787169609961
job 47_TGAMMA_60 started 1787169609961 core=4
job 28_XPY_48 end 1787169620172
job 55_XPY_48 started 1787169620172 core=1
job 39_TGAMMA_120 end 1787169623982
job 61_XPY_48 started 1787169623982 core=0
job 49_XPY_48 end 1787169638722
job 48_TGAMMA_120 started 1787169638722 core=5
job 47_TGAMMA_60 end 1787169644827
job 51_TGAMMA_12 started 1787169644828 core=4
job 51_TGAMMA_12 end 1787169652024
job 54_TGAMMA_12 started 1787169652024 core=4
job 54_TGAMMA_12 end 1787169659205
job 63_TGAMMA_60 started 1787169659206 core=4
job 61_XPY_48 end 1787169676996
job 75_XPY_48 started 1787169676996 core=0
job 55_XPY_48 end 1787169679228
job 87_XPY_48 started 1787169679228 core=1
job 63_TGAMMA_60 end 1787169694500
job 64_TGAMMA_60 started 1787169694500 core=4
job 48_TGAMMA_120 end 1787169709618
job 65_TGAMMA_60 started 1787169709618 core=5
job 64_TGAMMA_60 end 1787169729682
job 58_XPY_60 started 1787169729682 core=4
job 75_XPY_48 end 1787169730274
job 60_XPY_60 started 1787169730274 core=0
job 87_XPY_48 end 1787169731855
job 68_TGAMMA_60 started 1787169731856 core=1
job 65_TGAMMA_60 end 1787169744658
job 70_TGAMMA_12 started 1787169744659 core=5
job 70_TGAMMA_12 end 1787169751502
job 72_TGAMMA_12 started 1787169751503 core=5
job 72_TGAMMA_12 end 1787169758341
job 74_TGAMMA_120 started 1787169758342 core=5
job 68_TGAMMA_60 end 1787169766065
job 77_TGAMMA_60 started 1787169766065 core=1
job 58_XPY_60 end 1787169797225
job 82_XPY_60 started 1787169797225 core=4
job 60_XPY_60 end 1787169797891
job 96_XPY_60 started 1787169797891 core=0
job 77_TGAMMA_60 end 1787169800248
job 81_TGAMMA_120 started 1787169800249 core=1
job 74_TGAMMA_120 end 1787169826860
job 93_TGAMMA_120 started 1787169826860 core=5
job 82_XPY_60 end 1787169863752
job 97_XPY_60 started 1787169863752 core=4
job 96_XPY_60 end 1787169864707
job 2_DOT_36 started 1787169864707 core=0
job 81_TGAMMA_120 end 1787169868657
job 1_POW_24 started 1787169868657 core=1
job 93_TGAMMA_120 end 1787169895586
job 99_TGAMMA_120 started 1787169895587 core=5
job 2_DOT_36 end 1787169910121
job 25_SUM_132 started 1787169910121 core=0
job 1_POW_24 end 1787169922497
job 6_DOT_36 started 1787169922497 core=1
job 97_XPY_60 end 1787169945593
job 18_ERF_24 started 1787169945593 core=4
job 6_DOT_36 end 1787169952972
job 7_DOT_36 started 1787169952972 core=1
job 99_TGAMMA_120 end 1787169965274
job 3_POW_24 started 1787169965274 core=5
job 7_DOT_36 end 1787169990271
job 30_ERF_48 started 1787169990271 core=1
job 18_ERF_24 end 1787169996273
job 8_DOT_84 started 1787169996273 core=4
job 25_SUM_132 end 1787170010720
job 35_ERF_24 started 1787170010720 core=0
job 3_POW_24 end 1787170038198
job 57_SQRTX_12 started 1787170038198 core=5
job 57_SQRTX_12 end 1787170056355
job 78_SQRTX_12 started 1787170056355 core=5
job 35_ERF_24 end 1787170070075
job 32_SQRTX_48 started 1787170070075 core=0
job 78_SQRTX_12 end 1787170074338
job 92_SQRTX_48 started 1787170074339 core=5
job 8_DOT_84 end 1787170081417
job 23_DOT_84 started 1787170081417 core=4
job 30_ERF_48 end 1787170085365
job 38_ERF_12 started 1787170085365 core=1
job 38_ERF_12 end 1787170107360
job 66_ERF_24 started 1787170107360 core=1
job 92_SQRTX_48 end 1787170144498
job 76_ERF_48 started 1787170144498 core=5
job 66_ERF_24 end 1787170152001
job 11_POW_12 started 1787170152001 core=1
job 32_SQRTX_48 end 1787170152153
job 26_SUM_84 started 1787170152153 core=0
job 23_DOT_84 end 1787170163456
job 36_SUM_132 started 1787170163456 core=4
job 11_POW_12 end 1787170187390
job 15_POW_36 started 1787170187390 core=1
job 26_SUM_84 end 1787170209601
job 52_SUM_108 started 1787170209603 core=0
job 76_ERF_48 end 1787170249550
job 17_POW_12 started 1787170249550 core=5
job 36_SUM_132 end 1787170250216
job 9_COPY_84 started 1787170250216 core=4
job 17_POW_12 end 1787170281573
job 24_POW_12 started 1787170281573 core=5
job 15_POW_36 end 1787170289722
job 27_POW_12 started 1787170289723 core=1
job 52_SUM_108 end 1787170293118
job 56_SUM_84 started 1787170293119 core=0
job 24_POW_12 end 1787170313555
job 31_POW_36 started 1787170313555 core=5
job 27_POW_12 end 1787170321758
job 34_POW_24 started 1787170321758 core=1
job 56_SUM_84 end 1787170371556
job 62_SUM_132 started 1787170371556 core=0
job 9_COPY_84 end 1787170372690
job 16_COPY_84 started 1787170372690 core=4
job 34_POW_24 end 1787170385558
job 37_POW_36 started 1787170385558 core=1
job 31_POW_36 end 1787170409902
job 41_POW_12 started 1787170409902 core=5
job 41_POW_12 end 1787170442070
job 67_SUM_84 started 1787170442070 core=5
job 37_POW_36 end 1787170485377
job 44_POW_36 started 1787170485377 core=1
job 62_SUM_132 end 1787170489642
job 69_SUM_84 started 1787170489643 core=0
job 67_SUM_84 end 1787170494657
job 33_COPY_84 started 1787170494657 core=5
job 16_COPY_84 end 1787170504266
job 45_POW_12 started 1787170504266 core=4
job 45_POW_12 end 1787170537183
job 46_POW_24 started 1787170537183 core=4
job 69_SUM_84 end 1787170544945
job 83_SUM_108 started 1787170544945 core=0
job 46_POW_24 end 1787170603235
job 50_POW_36 started 1787170603235 core=4
job 83_SUM_108 end 1787170610041
job 59_POW_12 started 1787170610041 core=0
job 44_POW_36 end 1787170619539
job 43_COPY_84 started 1787170619539 core=1
job 33_COPY_84 end 1787170629674
job 86_SUM_132 started 1787170629674 core=5
job 59_POW_12 end 1787170640925
job 71_POW_12 started 1787170640925 core=0
job 71_POW_12 end 1787170672996
job 79_POW_36 started 1787170672996 core=0
job 50_POW_36 end 1787170698388
job 90_POW_12 started 1787170698388 core=4
job 90_POW_12 end 1787170730328
job 98_SUM_84 started 1787170730328 core=4
job 43_COPY_84 end 1787170745402
job 91_POW_36 started 1787170745402 core=1
job 86_SUM_132 end 1787170752134
job 85_COPY_84 started 1787170752134 core=5
job 79_POW_36 end 1787170771575
job 5_COPY_60 started 1787170771576 core=0
job 98_SUM_84 end 1787170786721
job 29_COPY_60 started 1787170786721 core=4
job 91_POW_36 end 1787170871624
job 73_COPY_60 started 1787170871625 core=1
job 85_COPY_84 end 1787170876633
job 88_COPY_60 started 1787170876633 core=5
job 5_COPY_60 end 1787170878775
job 95_COPY_60 started 1787170878775 core=0
job 29_COPY_60 end 1787170898069
job 80_DOT_84 started 1787170898069 core=4
job 95_COPY_60 end 1787170978175
job 84_DOT_84 started 1787170978175 core=0
job 73_COPY_60 end 1787170989215
job 89_DOT_84 started 1787170989215 core=1
job 88_COPY_60 end 1787170994979
job 94_DOT_84 started 1787170994980 core=5
job 80_DOT_84 end 1787171022525
job 84_DOT_84 end 1787171065229
job 89_DOT_84 end 1787171091889
job 94_DOT_84 end 1787171093457
  итерация 0: 1647535 ms
  среднее по 1 итерациям: 1647535 ms
=== Выполняется проект: no_po_balanced_13.txt (100 работ, перестановка ORDER) ===
fake 3 started 1787171093458 delay_ms=1
fake 2 started 1787171093458 delay_ms=0
fake 2 end 1787171093458
fake 0 started 1787171093458 delay_ms=0
fake 0 end 1787171093458
fake 1 started 1787171093458 delay_ms=0
fake 1 end 1787171093458
job 11_XPY_60 started 1787171093458 core=5
job 27_XPY_60 started 1787171093458 core=1
job 3_TGAMMA_60 started 1787171093458 core=0
fake 3 end 1787171093469
job 4_TGAMMA_12 started 1787171093470 core=4
job 4_TGAMMA_12 end 1787171100295
job 25_TGAMMA_120 started 1787171100295 core=4
job 3_TGAMMA_60 end 1787171127775
job 30_TGAMMA_60 started 1787171127776 core=0
job 27_XPY_60 end 1787171160225
job 59_XPY_60 started 1787171160225 core=1
job 11_XPY_60 end 1787171160283
job 15_XPY_48 started 1787171160283 core=5
job 30_TGAMMA_60 end 1787171162101
job 33_TGAMMA_60 started 1787171162101 core=0
job 25_TGAMMA_120 end 1787171168713
job 35_TGAMMA_120 started 1787171168713 core=4
job 33_TGAMMA_60 end 1787171196435
job 36_TGAMMA_120 started 1787171196436 core=0
job 15_XPY_48 end 1787171213657
job 41_XPY_48 started 1787171213657 core=5
job 59_XPY_60 end 1787171226760
job 52_XPY_48 started 1787171226760 core=1
job 35_TGAMMA_120 end 1787171237100
job 42_TGAMMA_60 started 1787171237100 core=4
job 36_TGAMMA_120 end 1787171265028
job 62_XPY_60 started 1787171265028 core=0
job 41_XPY_48 end 1787171268084
job 46_TGAMMA_60 started 1787171268084 core=5
job 42_TGAMMA_60 end 1787171271500
job 85_XPY_60 started 1787171271500 core=4
job 52_XPY_48 end 1787171281397
job 48_TGAMMA_12 started 1787171281398 core=1
job 48_TGAMMA_12 end 1787171288216
job 51_TGAMMA_12 started 1787171288216 core=1
job 51_TGAMMA_12 end 1787171295043
job 54_TGAMMA_60 started 1787171295044 core=1
job 46_TGAMMA_60 end 1787171302828
job 56_TGAMMA_60 started 1787171302828 core=5
job 54_TGAMMA_60 end 1787171329252
job 61_TGAMMA_12 started 1787171329252 core=1
job 62_XPY_60 end 1787171335673
job 88_XPY_60 started 1787171335673 core=0
job 61_TGAMMA_12 end 1787171336075
job 64_TGAMMA_120 started 1787171336075 core=1
job 56_TGAMMA_60 end 1787171337061
job 68_TGAMMA_120 started 1787171337061 core=5
job 85_XPY_60 end 1787171342145
job 5_DOT_36 started 1787171342146 core=4
job 5_DOT_36 end 1787171377485
job 9_DOT_84 started 1787171377485 core=4
job 88_XPY_60 end 1787171397785
job 14_DOT_36 started 1787171397785 core=0
job 64_TGAMMA_120 end 1787171404560
job 19_ERF_48 started 1787171404560 core=1
job 68_TGAMMA_120 end 1787171405616
job 74_TGAMMA_12 started 1787171405616 core=5
job 74_TGAMMA_12 end 1787171412599
job 75_TGAMMA_12 started 1787171412600 core=5
job 75_TGAMMA_12 end 1787171419590
job 77_TGAMMA_60 started 1787171419590 core=5
job 14_DOT_36 end 1787171440678
job 37_DOT_36 started 1787171440678 core=0
job 77_TGAMMA_60 end 1787171454436
job 39_DOT_84 started 1787171454436 core=5
job 9_DOT_84 end 1787171477058
job 78_TGAMMA_12 started 1787171477058 core=4
job 78_TGAMMA_12 end 1787171484163
job 83_TGAMMA_60 started 1787171484163 core=4
job 37_DOT_36 end 1787171485101
job 44_DOT_84 started 1787171485102 core=0
job 19_ERF_48 end 1787171494007
job 89_TGAMMA_12 started 1787171494007 core=1
job 89_TGAMMA_12 end 1787171501162
job 95_TGAMMA_12 started 1787171501162 core=1
job 95_TGAMMA_12 end 1787171508292
job 28_ERF_12 started 1787171508292 core=1
job 83_TGAMMA_60 end 1787171519273
job 96_TGAMMA_60 started 1787171519273 core=4
job 28_ERF_12 end 1787171540162
job 34_ERF_12 started 1787171540162 core=1
job 39_DOT_84 end 1787171550346
job 67_DOT_36 started 1787171550346 core=5
job 96_TGAMMA_60 end 1787171554323
job 99_TGAMMA_60 started 1787171554324 core=4
job 44_DOT_84 end 1787171559395
job 76_DOT_36 started 1787171559395 core=0
job 34_ERF_12 end 1787171571778
job 58_ERF_24 started 1787171571779 core=1
job 99_TGAMMA_60 end 1787171589419
job 92_DOT_36 started 1787171589419 core=4
job 76_DOT_36 end 1787171592090
job 8_POW_24 started 1787171592090 core=0
job 67_DOT_36 end 1787171593093
job 70_ERF_24 started 1787171593093 core=5
job 58_ERF_24 end 1787171626663
job 97_DOT_36 started 1787171626663 core=1
job 92_DOT_36 end 1787171629130
job 91_ERF_12 started 1787171629131 core=4
job 70_ERF_24 end 1787171647110
job 13_SQRTX_48 started 1787171647110 core=5
job 91_ERF_12 end 1787171653545
job 1_SUM_108 started 1787171653545 core=4
job 8_POW_24 end 1787171663782
job 2_SUM_108 started 1787171663782 core=0
job 97_DOT_36 end 1787171664802
job 17_POW_36 started 1787171664803 core=1
job 1_SUM_108 end 1787171722402
job 22_POW_36 started 1787171722402 core=4
job 13_SQRTX_48 end 1787171723684
job 43_COPY_84 started 1787171723684 core=5
job 2_SUM_108 end 1787171732384
job 7_SUM_84 started 1787171732384 core=0
job 17_POW_36 end 1787171781564
job 23_POW_12 started 1787171781565 core=1
job 7_SUM_84 end 1787171782940
job 10_SUM_84 started 1787171782940 core=0
job 22_POW_36 end 1787171821255
job 38_POW_24 started 1787171821255 core=4
job 23_POW_12 end 1787171827739
job 40_POW_24 started 1787171827739 core=1
job 10_SUM_84 end 1787171833592
job 12_SUM_84 started 1787171833593 core=0
job 43_COPY_84 end 1787171858896
job 60_COPY_84 started 1787171858896 core=5
job 12_SUM_84 end 1787171884109
job 45_POW_36 started 1787171884109 core=0
job 38_POW_24 end 1787171887024
job 18_SUM_84 started 1787171887024 core=4
job 40_POW_24 end 1787171919598
job 47_POW_24 started 1787171919598 core=1
job 18_SUM_84 end 1787171937340
job 20_SUM_132 started 1787171937340 core=4
job 45_POW_36 end 1787171983621
job 69_COPY_84 started 1787171983621 core=0
job 60_COPY_84 end 1787171993428
job 50_POW_12 started 1787171993428 core=5
job 47_POW_24 end 1787172006043
job 53_POW_24 started 1787172006043 core=1
job 50_POW_12 end 1787172025655
job 55_POW_36 started 1787172025655 core=5
job 20_SUM_132 end 1787172031028
job 24_SUM_84 started 1787172031028 core=4
job 53_POW_24 end 1787172070305
job 57_POW_24 started 1787172070305 core=1
job 24_SUM_84 end 1787172104752
job 80_COPY_84 started 1787172104753 core=4
job 69_COPY_84 end 1787172111537
job 26_SUM_132 started 1787172111538 core=0
job 55_POW_36 end 1787172121415
job 66_POW_36 started 1787172121415 core=5
job 57_POW_24 end 1787172134020
job 71_POW_36 started 1787172134020 core=1
job 66_POW_36 end 1787172217568
job 29_SUM_108 started 1787172217568 core=5
job 80_COPY_84 end 1787172229608
job 0_COPY_60 started 1787172229608 core=4
job 71_POW_36 end 1787172231038
job 73_POW_36 started 1787172231039 core=1
job 26_SUM_132 end 1787172236174
job 81_POW_12 started 1787172236174 core=0
job 81_POW_12 end 1787172283024
job 32_SUM_132 started 1787172283024 core=0
job 29_SUM_108 end 1787172283127
job 84_POW_12 started 1787172283127 core=5
job 84_POW_12 end 1787172314956
job 6_COPY_60 started 1787172314956 core=5
job 0_COPY_60 end 1787172321852
job 86_POW_24 started 1787172321852 core=4
job 73_POW_36 end 1787172333838
job 93_POW_24 started 1787172333838 core=1
job 32_SUM_132 end 1787172376662
job 65_SUM_132 started 1787172376662 core=0
job 86_POW_24 end 1787172387907
job 98_POW_12 started 1787172387907 core=4
job 6_COPY_60 end 1787172411216
job 16_COPY_60 started 1787172411216 core=5
job 98_POW_12 end 1787172420689
job 21_SQRTX_12 started 1787172420689 core=4
job 93_POW_24 end 1787172425829
job 63_SQRTX_48 started 1787172425829 core=1
job 21_SQRTX_12 end 1787172436104
job 72_SQRTX_48 started 1787172436104 core=4
job 65_SUM_132 end 1787172455289
job 79_SUM_108 started 1787172455289 core=0
job 72_SQRTX_48 end 1787172497549
job 82_SUM_108 started 1787172497549 core=4
job 16_COPY_60 end 1787172499825
job 87_SUM_84 started 1787172499825 core=5
job 63_SQRTX_48 end 1787172511315
job 94_SUM_132 started 1787172511315 core=1
job 79_SUM_108 end 1787172522483
job 31_COPY_60 started 1787172522483 core=0
job 87_SUM_84 end 1787172559214
job 49_COPY_60 started 1787172559214 core=5
job 82_SUM_108 end 1787172596423
job 90_COPY_60 started 1787172596423 core=4
job 94_SUM_132 end 1787172619559
job 31_COPY_60 end 1787172621910
job 49_COPY_60 end 1787172636672
job 90_COPY_60 end 1787172650948
  итерация 0: 1557490 ms
  среднее по 1 итерациям: 1557490 ms
=== Выполняется проект: no_po_balanced_14.txt (100 работ, перестановка ORDER) ===
fake 3 started 1787172650949 delay_ms=1
fake 0 started 1787172650949 delay_ms=0
fake 0 end 1787172650949
fake 1 started 1787172650949 delay_ms=0
fake 1 end 1787172650949
fake 2 started 1787172650949 delay_ms=0
fake 2 end 1787172650949
job 2_XPY_60 started 1787172650950 core=4
job 22_XPY_60 started 1787172650950 core=5
fake 3 end 1787172650961
job 8_TGAMMA_12 started 1787172650962 core=0
job 11_TGAMMA_60 started 1787172650978 core=1
job 8_TGAMMA_12 end 1787172658098
job 14_TGAMMA_12 started 1787172658098 core=0
job 14_TGAMMA_12 end 1787172665281
job 17_TGAMMA_60 started 1787172665282 core=0
job 11_TGAMMA_60 end 1787172686401
job 18_TGAMMA_12 started 1787172686401 core=1
job 18_TGAMMA_12 end 1787172693601
job 20_TGAMMA_12 started 1787172693601 core=1
job 20_TGAMMA_12 end 1787172700795
job 26_TGAMMA_60 started 1787172700795 core=1
job 17_TGAMMA_60 end 1787172700852
job 29_TGAMMA_120 started 1787172700853 core=0
job 2_XPY_60 end 1787172716875
job 30_XPY_60 started 1787172716875 core=4
job 22_XPY_60 end 1787172717030
job 1_XPY_48 started 1787172717031 core=5
job 26_TGAMMA_60 end 1787172736271
job 31_TGAMMA_60 started 1787172736272 core=1
job 1_XPY_48 end 1787172769815
job 23_XPY_48 started 1787172769815 core=5
job 31_TGAMMA_60 end 1787172771773
job 32_TGAMMA_120 started 1787172771773 core=1
job 29_TGAMMA_120 end 1787172771971
job 36_TGAMMA_60 started 1787172771972 core=0
job 30_XPY_60 end 1787172782658
job 54_XPY_48 started 1787172782659 core=4
job 36_TGAMMA_60 end 1787172807508
job 37_TGAMMA_120 started 1787172807509 core=0
job 23_XPY_48 end 1787172822607
job 79_XPY_48 started 1787172822607 core=5
job 54_XPY_48 end 1787172835369
job 94_XPY_48 started 1787172835369 core=4
job 32_TGAMMA_120 end 1787172842614
job 41_TGAMMA_60 started 1787172842614 core=1
job 79_XPY_48 end 1787172875595
job 71_XPY_60 started 1787172875595 core=5
job 41_TGAMMA_60 end 1787172877866
job 43_TGAMMA_12 started 1787172877866 core=1
job 37_TGAMMA_120 end 1787172878544
job 44_TGAMMA_12 started 1787172878544 core=0
job 43_TGAMMA_12 end 1787172885071
job 45_TGAMMA_120 started 1787172885071 core=1
job 44_TGAMMA_12 end 1787172885732
job 47_TGAMMA_120 started 1787172885732 core=0
job 94_XPY_48 end 1787172887901
job 9_DOT_36 started 1787172887902 core=4
job 9_DOT_36 end 1787172916926
job 13_DOT_84 started 1787172916926 core=4
job 71_XPY_60 end 1787172948109
job 33_DOT_84 started 1787172948109 core=5
job 47_TGAMMA_120 end 1787172955774
job 4_ERF_12 started 1787172955774 core=0
job 45_TGAMMA_120 end 1787172957060
job 50_TGAMMA_60 started 1787172957061 core=1
job 4_ERF_12 end 1787172987802
job 7_ERF_24 started 1787172987802 core=0
job 50_TGAMMA_60 end 1787172992182
job 53_TGAMMA_60 started 1787172992182 core=1
job 13_DOT_84 end 1787172999142
job 48_DOT_84 started 1787172999143 core=4
job 33_DOT_84 end 1787173021657
job 63_TGAMMA_12 started 1787173021657 core=5
job 53_TGAMMA_60 end 1787173027180
job 49_DOT_84 started 1787173027180 core=1
job 63_TGAMMA_12 end 1787173028537
job 75_TGAMMA_60 started 1787173028537 core=5
job 7_ERF_24 end 1787173048374
job 15_ERF_24 started 1787173048375 core=0
job 75_TGAMMA_60 end 1787173063665
job 81_TGAMMA_12 started 1787173063665 core=5
job 81_TGAMMA_12 end 1787173070720
job 82_TGAMMA_60 started 1787173070721 core=5
job 48_DOT_84 end 1787173095328
job 62_DOT_84 started 1787173095329 core=4
job 49_DOT_84 end 1787173100604
job 21_ERF_24 started 1787173100604 core=1
job 82_TGAMMA_60 end 1787173105768
job 84_TGAMMA_60 started 1787173105768 core=5
job 15_ERF_24 end 1787173110561
job 76_DOT_84 started 1787173110561 core=0
job 21_ERF_24 end 1787173135331
job 46_ERF_24 started 1787173135331 core=1
job 84_TGAMMA_60 end 1787173140579
job 97_TGAMMA_120 started 1787173140580 core=5
job 46_ERF_24 end 1787173171133
job 88_DOT_84 started 1787173171133 core=1
job 62_DOT_84 end 1787173201301
job 52_ERF_48 started 1787173201302 core=4
job 97_TGAMMA_120 end 1787173210786
job 96_DOT_84 started 1787173210786 core=5
job 76_DOT_84 end 1787173219223
job 5_POW_24 started 1787173219223 core=0
job 88_DOT_84 end 1787173265547
job 87_ERF_24 started 1787173265548 core=1
job 5_POW_24 end 1787173289830
job 3_SQRTX_12 started 1787173289830 core=0
job 52_ERF_48 end 1787173306833
job 19_COPY_60 started 1787173306833 core=4
job 3_SQRTX_12 end 1787173308129
job 58_SQRTX_48 started 1787173308129 core=0
job 96_DOT_84 end 1787173309105
job 85_SQRTX_48 started 1787173309106 core=5
job 87_ERF_24 end 1787173320472
job 6_POW_36 started 1787173320473 core=1
job 85_SQRTX_48 end 1787173371630
job 0_SUM_132 started 1787173371630 core=5
job 19_COPY_60 end 1787173393201
job 10_POW_24 started 1787173393201 core=4
job 58_SQRTX_48 end 1787173395333
job 27_COPY_84 started 1787173395333 core=0
job 6_POW_36 end 1787173413262
job 12_POW_24 started 1787173413263 core=1
job 0_SUM_132 end 1787173450057
job 16_POW_36 started 1787173450057 core=5
job 12_POW_24 end 1787173477517
job 34_SUM_132 started 1787173477517 core=1
job 10_POW_24 end 1787173482037
job 24_POW_12 started 1787173482037 core=4
job 27_COPY_84 end 1787173528107
job 28_COPY_84 started 1787173528108 core=0
job 24_POW_12 end 1787173528310
job 25_POW_12 started 1787173528310 core=4
job 16_POW_36 end 1787173547086
job 35_SUM_84 started 1787173547087 core=5
job 34_SUM_132 end 1787173557696
job 51_POW_12 started 1787173557696 core=1
job 25_POW_12 end 1787173574966
job 55_POW_24 started 1787173574967 core=4
job 51_POW_12 end 1787173590633
job 56_POW_24 started 1787173590634 core=1
job 35_SUM_84 end 1787173598533
job 57_SUM_108 started 1787173598533 core=5
job 56_POW_24 end 1787173656799
job 38_COPY_84 started 1787173656799 core=1
job 28_COPY_84 end 1787173663840
job 59_POW_36 started 1787173663840 core=0
job 57_SUM_108 end 1787173666013
job 66_POW_36 started 1787173666014 core=5
job 55_POW_24 end 1787173666282
job 60_SUM_84 started 1787173666282 core=4
job 60_SUM_84 end 1787173716590
job 65_SUM_84 started 1787173716590 core=4
job 59_POW_36 end 1787173763080
job 67_POW_24 started 1787173763080 core=0
job 65_SUM_84 end 1787173767039
job 39_COPY_84 started 1787173767039 core=4
job 38_COPY_84 end 1787173789221
job 69_POW_36 started 1787173789221 core=1
job 66_POW_36 end 1787173798220
job 74_SUM_132 started 1787173798220 core=5
job 67_POW_24 end 1787173850912
job 70_POW_12 started 1787173850915 core=0
job 74_SUM_132 end 1787173877442
job 72_POW_36 started 1787173877442 core=5
job 69_POW_36 end 1787173887290
job 42_COPY_84 started 1787173887290 core=1
job 70_POW_12 end 1787173895618
job 73_POW_36 started 1787173895618 core=0
job 39_COPY_84 end 1787173896480
job 77_SUM_108 started 1787173896480 core=4
job 77_SUM_108 end 1787173961240
job 80_SUM_108 started 1787173961240 core=4
job 73_POW_36 end 1787173995716
job 83_POW_24 started 1787173995716 core=0
job 72_POW_36 end 1787174011231
job 93_POW_24 started 1787174011231 core=5
job 42_COPY_84 end 1787174022557
job 61_COPY_84 started 1787174022557 core=1
job 80_SUM_108 end 1787174026885
job 89_SUM_132 started 1787174026885 core=4
job 83_POW_24 end 1787174062322
job 95_POW_12 started 1787174062322 core=0
job 95_POW_12 end 1787174095294
job 90_SUM_84 started 1787174095294 core=0
job 93_POW_24 end 1787174104312
job 91_SUM_108 started 1787174104312 core=5
job 89_SUM_132 end 1787174107375
job 99_SUM_108 started 1787174107375 core=4
job 90_SUM_84 end 1787174152464
job 40_COPY_60 started 1787174152464 core=0
job 61_COPY_84 end 1787174160534
job 64_COPY_60 started 1787174160534 core=1
job 99_SUM_108 end 1787174193055
job 68_COPY_60 started 1787174193055 core=4
job 91_SUM_108 end 1787174212551
job 78_COPY_60 started 1787174212552 core=5
job 40_COPY_60 end 1787174254354
job 86_COPY_84 started 1787174254354 core=0
job 64_COPY_60 end 1787174257069
job 92_COPY_84 started 1787174257070 core=1
job 68_COPY_60 end 1787174304132
job 98_DOT_84 started 1787174304132 core=4
job 78_COPY_60 end 1787174324058
job 92_COPY_84 end 1787174372717
job 86_COPY_84 end 1787174385494
job 98_DOT_84 end 1787174395678
  итерация 0: 1744729 ms
  среднее по 1 итерациям: 1744729 ms
=== Выполняется проект: no_po_balanced_15.txt (100 работ, перестановка ORDER) ===
fake 3 started 1787174395679 delay_ms=1
fake 2 started 1787174395679 delay_ms=0
fake 2 end 1787174395679
fake 1 started 1787174395679 delay_ms=0
fake 0 started 1787174395679 delay_ms=0
fake 0 end 1787174395679
fake 1 end 1787174395679
job 45_XPY_60 started 1787174395679 core=4
job 78_XPY_60 started 1787174395679 core=0
job 9_TGAMMA_120 started 1787174395679 core=1
fake 3 end 1787174395692
job 16_TGAMMA_120 started 1787174395693 core=5
job 45_XPY_60 end 1787174461983
job 84_XPY_60 started 1787174461983 core=4
job 78_XPY_60 end 1787174462404
job 4_XPY_48 started 1787174462404 core=0
job 9_TGAMMA_120 end 1787174464030
job 23_TGAMMA_120 started 1787174464030 core=1
job 16_TGAMMA_120 end 1787174464083
job 28_TGAMMA_120 started 1787174464083 core=5
job 4_XPY_48 end 1787174515853
job 5_XPY_48 started 1787174515854 core=0
job 84_XPY_60 end 1787174528362
job 7_XPY_48 started 1787174528362 core=4
job 23_TGAMMA_120 end 1787174532539
job 35_TGAMMA_12 started 1787174532539 core=1
job 28_TGAMMA_120 end 1787174532551
job 36_TGAMMA_120 started 1787174532551 core=5
job 35_TGAMMA_12 end 1787174539372
job 41_TGAMMA_12 started 1787174539372 core=1
job 41_TGAMMA_12 end 1787174546196
job 43_TGAMMA_60 started 1787174546197 core=1
job 5_XPY_48 end 1787174569287
job 39_XPY_48 started 1787174569287 core=0
job 43_TGAMMA_60 end 1787174580416
job 96_XPY_60 started 1787174580417 core=1
job 7_XPY_48 end 1787174582212
job 46_TGAMMA_12 started 1787174582212 core=4
job 46_TGAMMA_12 end 1787174589403
job 51_TGAMMA_12 started 1787174589403 core=4
job 51_TGAMMA_12 end 1787174596591
job 58_TGAMMA_12 started 1787174596591 core=4
job 36_TGAMMA_120 end 1787174601645
job 67_TGAMMA_60 started 1787174601645 core=5
job 58_TGAMMA_12 end 1787174603778
job 69_TGAMMA_120 started 1787174603778 core=4
job 39_XPY_48 end 1787174623241
job 17_DOT_36 started 1787174623241 core=0
job 67_TGAMMA_60 end 1787174637366
job 2_POW_24 started 1787174637366 core=5
job 96_XPY_60 end 1787174652069
job 25_DOT_84 started 1787174652069 core=1
job 17_DOT_36 end 1787174652352
job 33_DOT_36 started 1787174652353 core=0
job 69_TGAMMA_120 end 1787174673987
job 12_POW_36 started 1787174673987 core=4
job 33_DOT_36 end 1787174687766
job 3_SUM_84 started 1787174687766 core=0
job 2_POW_24 end 1787174724633
job 15_POW_24 started 1787174724633 core=5
job 3_SUM_84 end 1787174743523
job 1_COPY_84 started 1787174743524 core=0
job 25_DOT_84 end 1787174750760
job 6_SUM_84 started 1787174750760 core=1
job 15_POW_24 end 1787174795687
job 18_POW_12 started 1787174795689 core=5
job 12_POW_36 end 1787174796742
job 19_POW_12 started 1787174796743 core=4
job 6_SUM_84 end 1787174801314
job 8_SUM_84 started 1787174801314 core=1
job 18_POW_12 end 1787174828823
job 24_POW_24 started 1787174828823 core=5
job 19_POW_12 end 1787174842918
job 27_POW_36 started 1787174842918 core=4
job 8_SUM_84 end 1787174851818
job 20_COPY_84 started 1787174851818 core=1
job 1_COPY_84 end 1787174876508
job 11_SUM_108 started 1787174876508 core=0
job 24_POW_24 end 1787174909947
job 29_POW_36 started 1787174909947 core=5
job 11_SUM_108 end 1787174941258
job 30_POW_12 started 1787174941258 core=0
job 27_POW_36 end 1787174949709
job 13_SUM_132 started 1787174949710 core=4
job 30_POW_12 end 1787174974080
job 37_POW_36 started 1787174974080 core=0
job 20_COPY_84 end 1787174982799
job 21_COPY_84 started 1787174982799 core=1
job 13_SUM_132 end 1787175028681
job 38_POW_36 started 1787175028681 core=4
job 29_POW_36 end 1787175047691
job 40_SUM_108 started 1787175047691 core=5
job 37_POW_36 end 1787175071209
job 47_POW_36 started 1787175071210 core=0
job 21_COPY_84 end 1787175110770
job 50_SUM_108 started 1787175110771 core=1
job 38_POW_36 end 1787175125297
job 22_COPY_84 started 1787175125298 core=4
job 40_SUM_108 end 1787175136096
job 49_POW_12 started 1787175136096 core=5
job 49_POW_12 end 1787175169157
job 52_POW_12 started 1787175169158 core=5
job 50_SUM_108 end 1787175178013
job 54_SUM_108 started 1787175178013 core=1
job 47_POW_36 end 1787175188611
job 53_POW_36 started 1787175188611 core=0
job 52_POW_12 end 1787175202285
job 55_POW_24 started 1787175202285 core=5
job 54_SUM_108 end 1787175242760
job 26_COPY_84 started 1787175242760 core=1
job 22_COPY_84 end 1787175259304
job 59_SUM_108 started 1787175259304 core=4
job 55_POW_24 end 1787175276633
job 57_POW_36 started 1787175276633 core=5
job 53_POW_36 end 1787175307134
job 61_POW_12 started 1787175307134 core=0
job 59_SUM_108 end 1787175324006
job 62_SUM_108 started 1787175324006 core=4
job 61_POW_12 end 1787175340392
job 70_POW_24 started 1787175340392 core=0
job 26_COPY_84 end 1787175376241
job 56_COPY_84 started 1787175376241 core=1
job 62_SUM_108 end 1787175388738
job 75_POW_36 started 1787175388738 core=4
job 70_POW_24 end 1787175405194
job 65_SUM_108 started 1787175405195 core=0
job 57_POW_36 end 1787175414167
job 77_POW_12 started 1787175414167 core=5
job 77_POW_12 end 1787175460778
job 82_POW_24 started 1787175460779 core=5
job 65_SUM_108 end 1787175470041
job 66_SUM_84 started 1787175470042 core=0
job 75_POW_36 end 1787175486694
job 88_POW_24 started 1787175486694 core=4
job 56_COPY_84 end 1787175509750
job 87_COPY_84 started 1787175509750 core=1
job 66_SUM_84 end 1787175520524
job 90_POW_12 started 1787175520524 core=0
job 88_POW_24 end 1787175550332
job 71_SUM_132 started 1787175550333 core=4
job 82_POW_24 end 1787175550704
job 74_SQRTX_12 started 1787175550704 core=5
job 90_POW_12 end 1787175551723
job 73_TGAMMA_120 started 1787175551723 core=0
job 74_SQRTX_12 end 1787175573395
job 31_ERF_12 started 1787175573395 core=5
job 71_SUM_132 end 1787175604542
job 32_ERF_12 started 1787175604542 core=4
job 31_ERF_12 end 1787175607428
job 63_DOT_84 started 1787175607428 core=5
job 32_ERF_12 end 1787175620189
job 64_DOT_36 started 1787175620189 core=4
job 73_TGAMMA_120 end 1787175621277
job 42_ERF_24 started 1787175621277 core=0
job 87_COPY_84 end 1787175637829
job 79_TGAMMA_120 started 1787175637829 core=1
job 64_DOT_36 end 1787175661419
job 68_DOT_84 started 1787175661419 core=4
job 42_ERF_24 end 1787175684729
job 44_ERF_48 started 1787175684730 core=0
job 63_DOT_84 end 1787175693990
job 72_DOT_36 started 1787175693990 core=5
job 79_TGAMMA_120 end 1787175708013
job 80_TGAMMA_12 started 1787175708014 core=1
job 80_TGAMMA_12 end 1787175715140
job 81_TGAMMA_120 started 1787175715140 core=1
job 72_DOT_36 end 1787175725721
job 86_DOT_36 started 1787175725721 core=5
job 86_DOT_36 end 1787175757313
job 93_COPY_84 started 1787175757313 core=5
job 68_DOT_84 end 1787175759686
job 10_COPY_60 started 1787175759686 core=4
job 81_TGAMMA_120 end 1787175785450
job 91_TGAMMA_60 started 1787175785450 core=1
job 44_ERF_48 end 1787175812802
job 48_ERF_12 started 1787175812802 core=0
job 91_TGAMMA_60 end 1787175820707
job 92_ERF_48 started 1787175820707 core=1
job 10_COPY_60 end 1787175844070
job 97_TGAMMA_12 started 1787175844071 core=4
job 48_ERF_12 end 1787175844237
job 98_TGAMMA_12 started 1787175844237 core=0
job 97_TGAMMA_12 end 1787175850894
job 99_TGAMMA_60 started 1787175850894 core=4
job 98_TGAMMA_12 end 1787175851073
job 14_COPY_60 started 1787175851074 core=0
job 93_COPY_84 end 1787175852482
job 34_COPY_60 started 1787175852482 core=5
job 99_TGAMMA_60 end 1787175886025
job 85_SQRTX_12 started 1787175886025 core=4
job 85_SQRTX_12 end 1787175907180
job 0_SQRTX_48 started 1787175907180 core=4
job 14_COPY_60 end 1787175925293
job 60_SQRTX_48 started 1787175925293 core=0
job 34_COPY_60 end 1787175936418
job 76_SUM_108 started 1787175936419 core=5
job 92_ERF_48 end 1787175941475
job 83_SUM_132 started 1787175941475 core=1
job 0_SQRTX_48 end 1787175978738
job 89_SUM_108 started 1787175978738 core=4
job 60_SQRTX_48 end 1787175994322
job 94_SUM_132 started 1787175994323 core=0
job 76_SUM_108 end 1787176005781
job 95_SUM_132 started 1787176005781 core=5
job 83_SUM_132 end 1787176030794
job 89_SUM_108 end 1787176057556
job 95_SUM_132 end 1787176070465
job 94_SUM_132 end 1787176073128
  итерация 0: 1677449 ms
  среднее по 1 итерациям: 1677449 ms
=== Выполняется проект: no_po_balanced_16.txt (100 работ, перестановка ORDER) ===
fake 3 started 1787176073129 delay_ms=1
fake 2 started 1787176073129 delay_ms=0
fake 2 end 1787176073129
fake 0 started 1787176073129 delay_ms=0
fake 0 end 1787176073129
fake 1 started 1787176073129 delay_ms=0
fake 1 end 1787176073129
job 45_XPY_60 started 1787176073129 core=0
job 49_XPY_60 started 1787176073129 core=5
job 1_TGAMMA_60 started 1787176073130 core=4
fake 3 end 1787176073130
job 23_TGAMMA_12 started 1787176073130 core=1
job 23_TGAMMA_12 end 1787176080240
job 25_TGAMMA_120 started 1787176080240 core=1
job 1_TGAMMA_60 end 1787176108521
job 28_TGAMMA_60 started 1787176108521 core=4
job 45_XPY_60 end 1787176138980
job 52_XPY_60 started 1787176138980 core=0
job 49_XPY_60 end 1787176139015
job 32_XPY_48 started 1787176139015 core=5
job 28_TGAMMA_60 end 1787176143919
job 30_TGAMMA_60 started 1787176143919 core=4
job 25_TGAMMA_120 end 1787176151109
job 39_TGAMMA_12 started 1787176151109 core=1
job 39_TGAMMA_12 end 1787176158284
job 41_TGAMMA_120 started 1787176158284 core=1
job 30_TGAMMA_60 end 1787176179359
job 43_TGAMMA_12 started 1787176179360 core=4
job 43_TGAMMA_12 end 1787176186479
job 46_TGAMMA_120 started 1787176186479 core=4
job 32_XPY_48 end 1787176191719
job 73_XPY_48 started 1787176191720 core=5
job 52_XPY_60 end 1787176204952
job 78_XPY_48 started 1787176204952 core=0
job 41_TGAMMA_120 end 1787176229253
job 50_TGAMMA_120 started 1787176229254 core=1
job 73_XPY_48 end 1787176244435
job 93_XPY_48 started 1787176244435 core=5
job 46_TGAMMA_120 end 1787176257331
job 79_XPY_60 started 1787176257331 core=4
job 78_XPY_48 end 1787176257852
job 65_TGAMMA_120 started 1787176257852 core=0
job 93_XPY_48 end 1787176297024
job 88_XPY_60 started 1787176297024 core=5
job 50_TGAMMA_120 end 1787176300160
job 83_TGAMMA_12 started 1787176300160 core=1
job 83_TGAMMA_12 end 1787176307331
job 84_TGAMMA_60 started 1787176307332 core=1
job 79_XPY_60 end 1787176323343
job 7_DOT_84 started 1787176323344 core=4
job 65_TGAMMA_120 end 1787176328727
job 2_POW_36 started 1787176328727 core=0
job 84_TGAMMA_60 end 1787176343159
job 85_TGAMMA_12 started 1787176343159 core=1
job 85_TGAMMA_12 end 1787176350461
job 86_TGAMMA_12 started 1787176350461 core=1
job 86_TGAMMA_12 end 1787176357765
job 96_TGAMMA_60 started 1787176357766 core=1
job 88_XPY_60 end 1787176368602
job 17_DOT_84 started 1787176368602 core=5
job 96_TGAMMA_60 end 1787176393328
job 4_POW_24 started 1787176393329 core=1
job 7_DOT_84 end 1787176416249
job 3_SUM_132 started 1787176416249 core=4
job 2_POW_36 end 1787176446250
job 6_POW_24 started 1787176446251 core=0
job 17_DOT_84 end 1787176458901
job 15_COPY_84 started 1787176458901 core=5
job 4_POW_24 end 1787176480642
job 8_POW_12 started 1787176480642 core=1
job 3_SUM_132 end 1787176499491
job 13_SUM_84 started 1787176499491 core=4
job 6_POW_24 end 1787176513516
job 9_POW_24 started 1787176513518 core=0
job 8_POW_12 end 1787176527014
job 10_POW_36 started 1787176527014 core=1
job 13_SUM_84 end 1787176549936
job 18_SUM_108 started 1787176549936 core=4
job 9_POW_24 end 1787176579725
job 11_POW_36 started 1787176579726 core=0
job 15_COPY_84 end 1787176594541
job 29_COPY_84 started 1787176594541 core=5
job 18_SUM_108 end 1787176614732
job 12_POW_24 started 1787176614732 core=4
job 10_POW_36 end 1787176662107
job 31_SUM_108 started 1787176662108 core=1
job 11_POW_36 end 1787176674841
job 16_POW_12 started 1787176674841 core=0
job 12_POW_24 end 1787176676770
job 20_POW_24 started 1787176676771 core=4
job 16_POW_12 end 1787176707033
job 33_SUM_108 started 1787176707033 core=0
job 29_COPY_84 end 1787176719702
job 58_COPY_84 started 1787176719702 core=5
job 20_POW_24 end 1787176743492
job 22_POW_12 started 1787176743492 core=4
job 31_SUM_108 end 1787176767925
job 24_POW_24 started 1787176767925 core=1
job 33_SUM_108 end 1787176774051
job 27_POW_36 started 1787176774051 core=0
job 22_POW_12 end 1787176777362
job 35_SUM_108 started 1787176777363 core=4
job 35_SUM_108 end 1787176842057
job 37_POW_24 started 1787176842057 core=4
job 58_COPY_84 end 1787176852842
job 60_COPY_84 started 1787176852842 core=5
job 24_POW_24 end 1787176858619
job 36_SUM_132 started 1787176858619 core=1
job 27_POW_36 end 1787176871334
job 40_POW_24 started 1787176871334 core=0
job 37_POW_24 end 1787176905243
job 55_POW_12 started 1787176905243 core=4
job 40_POW_24 end 1787176935549
job 56_POW_24 started 1787176935549 core=0
job 55_POW_12 end 1787176937341
job 38_SUM_132 started 1787176937342 core=4
job 60_COPY_84 end 1787176978142
job 64_POW_12 started 1787176978142 core=5
job 36_SUM_132 end 1787176983537
job 97_COPY_84 started 1787176983537 core=1
job 56_POW_24 end 1787177003955
job 67_POW_36 started 1787177003955 core=0
job 38_SUM_132 end 1787177018303
job 69_POW_24 started 1787177018303 core=4
job 64_POW_12 end 1787177022316
job 42_SUM_84 started 1787177022316 core=5
job 69_POW_24 end 1787177081959
job 74_POW_12 started 1787177081960 core=4
job 67_POW_36 end 1787177100371
job 0_COPY_60 started 1787177100371 core=0
job 42_SUM_84 end 1787177101571
job 44_SUM_84 started 1787177101571 core=5
job 97_COPY_84 end 1787177109044
job 76_POW_36 started 1787177109044 core=1
job 74_POW_12 end 1787177119175
job 77_POW_12 started 1787177119175 core=4
job 44_SUM_84 end 1787177154675
job 51_SUM_132 started 1787177154675 core=5
job 77_POW_12 end 1787177165492
job 82_POW_12 started 1787177165492 core=4
job 0_COPY_60 end 1787177196486
job 34_COPY_60 started 1787177196486 core=0
job 76_POW_36 end 1787177208073
job 87_POW_12 started 1787177208073 core=1
job 82_POW_12 end 1787177211753
job 89_POW_36 started 1787177211753 core=4
job 51_SUM_132 end 1787177233813
job 90_POW_24 started 1787177233813 core=5
job 87_POW_12 end 1787177240649
job 61_SUM_132 started 1787177240649 core=1
job 34_COPY_60 end 1787177292673
job 59_COPY_60 started 1787177292674 core=0
job 90_POW_24 end 1787177299460
job 95_POW_36 started 1787177299460 core=5
job 61_SUM_132 end 1787177320058
job 98_POW_36 started 1787177320058 core=1
job 89_POW_36 end 1787177347542
job 66_SUM_108 started 1787177347542 core=4
job 59_COPY_60 end 1787177382709
job 81_COPY_60 started 1787177382709 core=0
job 95_POW_36 end 1787177394978
job 70_SUM_108 started 1787177394978 core=5
job 98_POW_36 end 1787177416655
job 19_SQRTX_12 started 1787177416656 core=1
job 19_SQRTX_12 end 1787177432807
job 26_SQRTX_12 started 1787177432808 core=1
job 26_SQRTX_12 end 1787177448950
job 5_SQRTX_48 started 1787177448950 core=1
job 66_SUM_108 end 1787177451472
job 57_SQRTX_48 started 1787177451472 core=4
job 70_SUM_108 end 1787177462713
job 14_ERF_48 started 1787177462714 core=5
job 81_COPY_60 end 1787177471926
job 21_DOT_84 started 1787177471926 core=0
job 5_SQRTX_48 end 1787177516920
job 63_SQRTX_48 started 1787177516921 core=1
job 57_SQRTX_48 end 1787177534922
job 80_SQRTX_48 started 1787177534922 core=4
job 14_ERF_48 end 1787177550613
job 48_ERF_48 started 1787177550614 core=5
job 21_DOT_84 end 1787177552077
job 47_DOT_36 started 1787177552078 core=0
job 47_DOT_36 end 1787177586452
job 62_ERF_24 started 1787177586452 core=0
job 63_SQRTX_48 end 1787177586812
job 94_ERF_12 started 1787177586812 core=1
job 94_ERF_12 end 1787177608980
job 72_SUM_108 started 1787177608981 core=1
job 80_SQRTX_48 end 1787177611464
job 75_SUM_84 started 1787177611464 core=4
job 62_ERF_24 end 1787177632733
job 91_SUM_108 started 1787177632733 core=0
job 48_ERF_48 end 1787177643368
job 99_COPY_60 started 1787177643368 core=5
job 75_SUM_84 end 1787177668091
job 53_DOT_84 started 1787177668091 core=4
job 72_SUM_108 end 1787177705765
job 54_DOT_84 started 1787177705765 core=1
job 91_SUM_108 end 1787177714907
job 68_DOT_84 started 1787177714907 core=0
job 99_COPY_60 end 1787177748806
job 71_DOT_36 started 1787177748806 core=5
job 53_DOT_84 end 1787177777742
job 92_DOT_84 started 1787177777745 core=4
job 71_DOT_36 end 1787177803282
job 54_DOT_84 end 1787177822499
job 68_DOT_84 end 1787177831157
job 92_DOT_84 end 1787177850572
  итерация 0: 1777443 ms
  среднее по 1 итерациям: 1777443 ms
=== Выполняется проект: no_po_balanced_17.txt (100 работ, перестановка ORDER) ===
fake 3 started 1787177850573 delay_ms=1
fake 2 started 1787177850573 delay_ms=0
fake 2 end 1787177850573
fake 0 started 1787177850573 delay_ms=0
fake 0 end 1787177850573
fake 1 started 1787177850573 delay_ms=0
fake 1 end 1787177850573
job 6_XPY_60 started 1787177850573 core=4
job 17_XPY_60 started 1787177850573 core=0
fake 3 end 1787177850574
job 3_TGAMMA_12 started 1787177850574 core=1
job 4_TGAMMA_12 started 1787177850589 core=5
job 3_TGAMMA_12 end 1787177857376
job 13_TGAMMA_60 started 1787177857376 core=1
job 4_TGAMMA_12 end 1787177857413
job 16_TGAMMA_60 started 1787177857414 core=5
job 13_TGAMMA_60 end 1787177891602
job 18_TGAMMA_60 started 1787177891602 core=1
job 16_TGAMMA_60 end 1787177891668
job 24_TGAMMA_12 started 1787177891668 core=5
job 24_TGAMMA_12 end 1787177898511
job 29_TGAMMA_12 started 1787177898511 core=5
job 29_TGAMMA_12 end 1787177905352
job 30_TGAMMA_120 started 1787177905352 core=5
job 6_XPY_60 end 1787177917328
job 23_XPY_60 started 1787177917329 core=4
job 17_XPY_60 end 1787177917395
job 11_XPY_48 started 1787177917395 core=0
job 18_TGAMMA_60 end 1787177925822
job 32_TGAMMA_12 started 1787177925822 core=1
job 32_TGAMMA_12 end 1787177932653
job 36_TGAMMA_60 started 1787177932653 core=1
job 36_TGAMMA_60 end 1787177966846
job 28_XPY_48 started 1787177966846 core=1
job 11_XPY_48 end 1787177973257
job 44_TGAMMA_120 started 1787177973257 core=0
job 30_TGAMMA_120 end 1787177974046
job 45_TGAMMA_12 started 1787177974047 core=5
job 45_TGAMMA_12 end 1787177981163
job 34_XPY_48 started 1787177981163 core=5
job 23_XPY_60 end 1787177986657
job 54_TGAMMA_12 started 1787177986658 core=4
job 54_TGAMMA_12 end 1787177993492
job 57_TGAMMA_60 started 1787177993492 core=4
job 28_XPY_48 end 1787178021913
job 38_XPY_48 started 1787178021913 core=1
job 57_TGAMMA_60 end 1787178027737
job 59_TGAMMA_60 started 1787178027737 core=4
job 34_XPY_48 end 1787178036728
job 39_XPY_48 started 1787178036729 core=5
job 44_TGAMMA_120 end 1787178042385
job 60_TGAMMA_12 started 1787178042385 core=0
job 60_TGAMMA_12 end 1787178049224
job 62_TGAMMA_120 started 1787178049224 core=0
job 59_TGAMMA_60 end 1787178061979
job 64_TGAMMA_120 started 1787178061979 core=4
job 38_XPY_48 end 1787178075278
job 61_XPY_48 started 1787178075278 core=1
job 39_XPY_48 end 1787178090194
job 98_XPY_48 started 1787178090194 core=5
job 62_TGAMMA_120 end 1787178117766
job 68_TGAMMA_60 started 1787178117766 core=0
job 61_XPY_48 end 1787178128589
job 47_XPY_60 started 1787178128589 core=1
job 64_TGAMMA_120 end 1787178130466
job 73_TGAMMA_12 started 1787178130466 core=4
job 73_TGAMMA_12 end 1787178137298
job 87_XPY_60 started 1787178137298 core=4
job 98_XPY_48 end 1787178147528
job 74_TGAMMA_12 started 1787178147528 core=5
job 68_TGAMMA_60 end 1787178152564
job 80_TGAMMA_120 started 1787178152564 core=0
job 74_TGAMMA_12 end 1787178154643
job 86_TGAMMA_12 started 1787178154643 core=5
job 86_TGAMMA_12 end 1787178161764
job 90_TGAMMA_120 started 1787178161765 core=5
job 47_XPY_60 end 1787178199137
job 1_DOT_84 started 1787178199137 core=1
job 87_XPY_60 end 1787178203582
job 7_DOT_36 started 1787178203582 core=4
job 80_TGAMMA_120 end 1787178223517
job 0_ERF_48 started 1787178223517 core=0
job 90_TGAMMA_120 end 1787178232369
job 92_TGAMMA_60 started 1787178232369 core=5
job 7_DOT_36 end 1787178240102
job 15_DOT_84 started 1787178240102 core=4
job 92_TGAMMA_60 end 1787178267410
job 10_POW_24 started 1787178267410 core=5
job 1_DOT_84 end 1787178274128
job 9_ERF_24 started 1787178274128 core=1
job 9_ERF_24 end 1787178323740
job 14_ERF_48 started 1787178323740 core=1
job 15_DOT_84 end 1787178330568
job 22_DOT_84 started 1787178330568 core=4
job 10_POW_24 end 1787178336730
job 19_ERF_12 started 1787178336730 core=5
job 0_ERF_48 end 1787178348228
job 95_SQRTX_12 started 1787178348229 core=0
job 19_ERF_12 end 1787178361045
job 53_SQRTX_48 started 1787178361045 core=5
job 95_SQRTX_12 end 1787178368864
job 63_SQRTX_48 started 1787178368864 core=0
job 22_DOT_84 end 1787178412317
job 43_DOT_84 started 1787178412317 core=4
job 14_ERF_48 end 1787178415115
job 21_ERF_24 started 1787178415115 core=1
job 53_SQRTX_48 end 1787178431065
job 76_ERF_12 started 1787178431065 core=5
job 63_SQRTX_48 end 1787178451244
job 93_ERF_12 started 1787178451244 core=0
job 76_ERF_12 end 1787178455030
job 12_POW_24 started 1787178455030 core=5
job 21_ERF_24 end 1787178461908
job 5_SUM_108 started 1787178461909 core=1
job 93_ERF_12 end 1787178482366
job 26_POW_24 started 1787178482366 core=0
job 43_DOT_84 end 1787178501938
job 2_COPY_84 started 1787178501939 core=4
job 12_POW_24 end 1787178524975
job 33_POW_12 started 1787178524975 core=5
job 5_SUM_108 end 1787178529973
job 8_SUM_108 started 1787178529973 core=1
job 33_POW_12 end 1787178558153
job 35_POW_24 started 1787178558155 core=5
job 26_POW_24 end 1787178572921
job 37_POW_12 started 1787178572922 core=0
job 8_SUM_108 end 1787178594782
job 40_POW_36 started 1787178594783 core=1
job 37_POW_12 end 1787178617490
job 25_SUM_132 started 1787178617490 core=0
job 35_POW_24 end 1787178622280
job 20_COPY_84 started 1787178622281 core=5
job 2_COPY_84 end 1787178633249
job 41_POW_12 started 1787178633250 core=4
job 41_POW_12 end 1787178666225
job 48_POW_36 started 1787178666225 core=4
job 25_SUM_132 end 1787178702404
job 31_SUM_132 started 1787178702404 core=0
job 40_POW_36 end 1787178719009
job 50_POW_36 started 1787178719010 core=1
job 20_COPY_84 end 1787178757035
job 51_COPY_84 started 1787178757035 core=5
job 48_POW_36 end 1787178765214
job 55_POW_36 started 1787178765214 core=4
job 31_SUM_132 end 1787178781752
job 42_SUM_108 started 1787178781753 core=0
job 42_SUM_108 end 1787178846754
job 65_POW_36 started 1787178846754 core=0
job 50_POW_36 end 1787178856831
job 46_SUM_84 started 1787178856832 core=1
job 55_POW_36 end 1787178863440
job 52_COPY_84 started 1787178863440 core=4
job 51_COPY_84 end 1787178887506
job 66_POW_36 started 1787178887507 core=5
job 46_SUM_84 end 1787178918114
job 49_SUM_132 started 1787178918115 core=1
job 65_POW_36 end 1787178976220
job 79_POW_36 started 1787178976220 core=0
job 66_POW_36 end 1787178986545
job 81_POW_36 started 1787178986546 core=5
job 49_SUM_132 end 1787178997404
job 75_COPY_84 started 1787178997404 core=1
job 52_COPY_84 end 1787178997773
job 56_SUM_108 started 1787178997773 core=4
job 56_SUM_108 end 1787179062369
job 82_POW_36 started 1787179062369 core=4
job 79_POW_36 end 1787179080621
job 58_SUM_108 started 1787179080621 core=0
job 81_POW_36 end 1787179119009
job 83_POW_12 started 1787179119009 core=5
job 75_COPY_84 end 1787179130746
job 99_COPY_84 started 1787179130747 core=1
job 58_SUM_108 end 1787179145561
job 88_POW_36 started 1787179145561 core=0
job 82_POW_36 end 1787179159147
job 96_POW_36 started 1787179159148 core=4
job 83_POW_12 end 1787179163425
job 72_SUM_84 started 1787179163425 core=5
job 72_SUM_84 end 1787179239225
job 77_SUM_84 started 1787179239225 core=5
job 88_POW_36 end 1787179241199
job 27_COPY_60 started 1787179241200 core=0
job 99_COPY_84 end 1787179256066
job 97_POW_36 started 1787179256066 core=1
job 96_POW_36 end 1787179259824
job 84_SUM_132 started 1787179259824 core=4
job 77_SUM_84 end 1787179296284
job 89_SUM_84 started 1787179296284 core=5
job 27_COPY_60 end 1787179336105
job 91_SUM_132 started 1787179336106 core=0
job 89_SUM_84 end 1787179349818
job 70_COPY_60 started 1787179349819 core=5
job 97_POW_36 end 1787179364312
job 67_DOT_36 started 1787179364312 core=1
job 84_SUM_132 end 1787179375127
job 69_DOT_84 started 1787179375128 core=4
job 67_DOT_36 end 1787179429077
job 71_DOT_84 started 1787179429077 core=1
job 91_SUM_132 end 1787179438225
job 78_DOT_36 started 1787179438226 core=0
job 70_COPY_60 end 1787179462573
job 85_DOT_36 started 1787179462573 core=5
job 69_DOT_84 end 1787179481242
job 94_DOT_84 started 1787179481242 core=4
job 78_DOT_36 end 1787179490970
job 85_DOT_36 end 1787179515699
job 71_DOT_84 end 1787179538116
job 94_DOT_84 end 1787179546072
  итерация 0: 1695499 ms
  среднее по 1 итерациям: 1695499 ms
=== Выполняется проект: no_po_balanced_18.txt (100 работ, перестановка ORDER) ===
fake 3 started 1787179546073 delay_ms=1
fake 2 started 1787179546073 delay_ms=0
fake 2 end 1787179546073
fake 1 started 1787179546073 delay_ms=0
fake 1 end 1787179546073
fake 0 started 1787179546073 delay_ms=0
fake 0 end 1787179546073
job 41_XPY_60 started 1787179546073 core=4
job 7_XPY_60 started 1787179546073 core=1
fake 3 end 1787179546074
job 2_TGAMMA_120 started 1787179546074 core=5
job 13_TGAMMA_12 started 1787179546089 core=0
job 13_TGAMMA_12 end 1787179553259
job 16_TGAMMA_120 started 1787179553259 core=0
job 7_XPY_60 end 1787179611847
job 51_XPY_60 started 1787179611847 core=1
job 41_XPY_60 end 1787179611996
job 17_XPY_48 started 1787179611996 core=4
job 2_TGAMMA_120 end 1787179616915
job 23_TGAMMA_120 started 1787179616915 core=5
job 16_TGAMMA_120 end 1787179624318
job 27_TGAMMA_12 started 1787179624318 core=0
job 27_TGAMMA_12 end 1787179631540
job 33_TGAMMA_12 started 1787179631540 core=0
job 33_TGAMMA_12 end 1787179638745
job 36_TGAMMA_12 started 1787179638745 core=0
job 36_TGAMMA_12 end 1787179645950
job 39_TGAMMA_12 started 1787179645950 core=0
job 39_TGAMMA_12 end 1787179653158
job 40_TGAMMA_12 started 1787179653158 core=0
job 40_TGAMMA_12 end 1787179660358
job 43_TGAMMA_120 started 1787179660358 core=0
job 17_XPY_48 end 1787179664632
job 52_XPY_60 started 1787179664632 core=4
job 51_XPY_60 end 1787179677501
job 64_XPY_60 started 1787179677501 core=1
job 23_TGAMMA_120 end 1787179687889
job 44_TGAMMA_120 started 1787179687889 core=5
job 52_XPY_60 end 1787179730223
job 45_TGAMMA_120 started 1787179730223 core=4
job 43_TGAMMA_120 end 1787179731364
job 76_XPY_60 started 1787179731364 core=0
job 64_XPY_60 end 1787179742504
job 77_XPY_60 started 1787179742505 core=1
job 44_TGAMMA_120 end 1787179758866
job 47_TGAMMA_120 started 1787179758866 core=5
job 76_XPY_60 end 1787179797105
job 78_XPY_60 started 1787179797105 core=0
job 45_TGAMMA_120 end 1787179800850
job 55_TGAMMA_120 started 1787179800850 core=4
job 77_XPY_60 end 1787179808188
job 90_XPY_60 started 1787179808188 core=1
job 47_TGAMMA_120 end 1787179829870
job 56_TGAMMA_120 started 1787179829870 core=5
job 78_XPY_60 end 1787179862980
job 91_XPY_60 started 1787179862980 core=0
job 55_TGAMMA_120 end 1787179871611
job 58_TGAMMA_12 started 1787179871611 core=4
job 90_XPY_60 end 1787179873899
job 95_XPY_60 started 1787179873899 core=1
job 58_TGAMMA_12 end 1787179878769
job 66_TGAMMA_120 started 1787179878769 core=4
job 56_TGAMMA_120 end 1787179900839
job 70_TGAMMA_60 started 1787179900839 core=5
job 91_XPY_60 end 1787179928883
job 10_DOT_84 started 1787179928884 core=0
job 70_TGAMMA_60 end 1787179936460
job 0_POW_12 started 1787179936460 core=5
job 95_XPY_60 end 1787179941687
job 19_DOT_84 started 1787179941687 core=1
job 66_TGAMMA_120 end 1787179949329
job 3_POW_36 started 1787179949329 core=4
job 0_POW_12 end 1787179981360
job 9_POW_36 started 1787179981360 core=5
job 10_DOT_84 end 1787180019762
job 4_SUM_84 started 1787180019762 core=0
job 19_DOT_84 end 1787180040488
job 1_COPY_84 started 1787180040488 core=1
job 3_POW_36 end 1787180066476
job 12_POW_12 started 1787180066476 core=4
job 4_SUM_84 end 1787180072186
job 5_SUM_84 started 1787180072187 core=0
job 12_POW_12 end 1787180099592
job 14_POW_24 started 1787180099592 core=4
job 9_POW_36 end 1787180114888
job 21_POW_36 started 1787180114889 core=5
job 5_SUM_84 end 1787180122802
job 18_SUM_108 started 1787180122802 core=0
job 14_POW_24 end 1787180165682
job 22_POW_36 started 1787180165682 core=4
job 1_COPY_84 end 1787180176011
job 6_COPY_84 started 1787180176011 core=1
job 18_SUM_108 end 1787180187871
job 30_POW_12 started 1787180187871 core=0
job 30_POW_12 end 1787180218716
job 20_SUM_108 started 1787180218716 core=0
job 21_POW_36 end 1787180251134
job 32_POW_24 started 1787180251135 core=5
job 22_POW_36 end 1787180262317
job 37_POW_12 started 1787180262317 core=4
job 20_SUM_108 end 1787180283739
job 24_SUM_84 started 1787180283739 core=0
job 37_POW_12 end 1787180295441
job 8_COPY_84 started 1787180295441 core=4
job 6_COPY_84 end 1787180307259
job 42_POW_12 started 1787180307259 core=1
job 32_POW_24 end 1787180332285
job 46_POW_24 started 1787180332285 core=5
job 42_POW_12 end 1787180339451
job 62_POW_24 started 1787180339452 core=1
job 24_SUM_84 end 1787180353737
job 25_SUM_132 started 1787180353738 core=0
job 46_POW_24 end 1787180396450
job 63_POW_24 started 1787180396450 core=5
job 62_POW_24 end 1787180403540
job 50_COPY_84 started 1787180403542 core=1
job 8_COPY_84 end 1787180419269
job 65_POW_24 started 1787180419269 core=4
job 25_SUM_132 end 1787180455260
job 35_SUM_132 started 1787180455261 core=0
job 63_POW_24 end 1787180484932
job 67_POW_24 started 1787180484933 core=5
job 65_POW_24 end 1787180485346
job 68_POW_24 started 1787180485347 core=4
job 35_SUM_132 end 1787180534673
job 57_SUM_132 started 1787180534674 core=0
job 50_COPY_84 end 1787180537771
job 69_POW_24 started 1787180537771 core=1
job 68_POW_24 end 1787180551600
job 60_COPY_84 started 1787180551600 core=4
job 67_POW_24 end 1787180566015
job 92_POW_12 started 1787180566016 core=5
job 92_POW_12 end 1787180598030
job 99_SQRTX_12 started 1787180598031 core=5
job 69_POW_24 end 1787180602315
job 71_TGAMMA_60 started 1787180602315 core=1
job 99_SQRTX_12 end 1787180610234
job 15_ERF_48 started 1787180610234 core=5
job 71_TGAMMA_60 end 1787180636792
job 28_DOT_36 started 1787180636792 core=1
job 57_SUM_132 end 1787180643525
job 75_TGAMMA_12 started 1787180643526 core=0
job 75_TGAMMA_12 end 1787180650770
job 81_TGAMMA_60 started 1787180650770 core=0
job 60_COPY_84 end 1787180666181
job 29_DOT_84 started 1787180666181 core=4
job 28_DOT_36 end 1787180674639
job 31_DOT_36 started 1787180674639 core=1
job 81_TGAMMA_60 end 1787180686240
job 82_TGAMMA_120 started 1787180686240 core=0
job 15_ERF_48 end 1787180710720
job 48_DOT_36 started 1787180710720 core=5
job 31_DOT_36 end 1787180718519
job 26_ERF_24 started 1787180718519 core=1
job 29_DOT_84 end 1787180740054
job 49_DOT_36 started 1787180740054 core=4
job 48_DOT_36 end 1787180755432
job 53_DOT_84 started 1787180755433 core=5
job 82_TGAMMA_120 end 1787180756541
job 83_TGAMMA_60 started 1787180756541 core=0
job 49_DOT_36 end 1787180771129
job 61_DOT_84 started 1787180771129 core=4
job 26_ERF_24 end 1787180781162
job 38_ERF_48 started 1787180781162 core=1
job 83_TGAMMA_60 end 1787180791658
job 87_TGAMMA_60 started 1787180791658 core=0
job 87_TGAMMA_60 end 1787180826842
job 96_TGAMMA_12 started 1787180826843 core=0
job 96_TGAMMA_12 end 1787180833994
job 74_DOT_36 started 1787180833994 core=0
job 61_DOT_84 end 1787180851365
job 97_TGAMMA_60 started 1787180851365 core=4
job 53_DOT_84 end 1787180856919
job 80_DOT_36 started 1787180856919 core=5
job 74_DOT_36 end 1787180872237
job 89_DOT_36 started 1787180872237 core=0
job 97_TGAMMA_60 end 1787180886406
job 34_SQRTX_48 started 1787180886406 core=4
job 80_DOT_36 end 1787180898894
job 72_ERF_48 started 1787180898894 core=5
job 38_ERF_48 end 1787180906063
job 73_ERF_12 started 1787180906063 core=1
job 89_DOT_36 end 1787180907884
job 11_COPY_60 started 1787180907884 core=0
job 73_ERF_12 end 1787180928099
job 79_ERF_24 started 1787180928099 core=1
job 34_SQRTX_48 end 1787180971075
job 84_ERF_24 started 1787180971075 core=4
job 79_ERF_24 end 1787180971751
job 94_ERF_12 started 1787180971751 core=1
job 72_ERF_48 end 1787180987460
job 59_SUM_132 started 1787180987461 core=5
job 11_COPY_60 end 1787180992339
job 85_SUM_132 started 1787180992339 core=0
job 94_ERF_12 end 1787180994698
job 86_SUM_84 started 1787180994698 core=1
job 84_ERF_24 end 1787181028473
job 88_SUM_132 started 1787181028473 core=4
job 86_SUM_84 end 1787181055260
job 93_SUM_84 started 1787181055261 core=1
job 59_SUM_132 end 1787181082880
job 54_COPY_60 started 1787181082880 core=5
job 85_SUM_132 end 1787181089501
job 98_DOT_36 started 1787181089501 core=0
job 88_SUM_132 end 1787181130841
job 98_DOT_36 end 1787181131247
job 93_SUM_84 end 1787181132780
job 54_COPY_60 end 1787181146290
  итерация 0: 1600216 ms
  среднее по 1 итерациям: 1600216 ms
=== Выполняется проект: no_po_balanced_19.txt (100 работ, перестановка ORDER) ===
fake 3 started 1787181146291 delay_ms=1
fake 2 started 1787181146291 delay_ms=0
fake 0 started 1787181146291 delay_ms=0
fake 0 end 1787181146291
fake 2 end 1787181146291
fake 1 started 1787181146291 delay_ms=0
job 5_XPY_60 started 1787181146291 core=5
fake 1 end 1787181146291
job 26_XPY_60 started 1787181146291 core=1
job 10_TGAMMA_120 started 1787181146291 core=0
fake 3 end 1787181146292
job 13_TGAMMA_60 started 1787181146292 core=4
job 13_TGAMMA_60 end 1787181180478
job 17_TGAMMA_12 started 1787181180478 core=4
job 17_TGAMMA_12 end 1787181187285
job 24_TGAMMA_60 started 1787181187285 core=4
job 5_XPY_60 end 1787181212841
job 47_XPY_60 started 1787181212841 core=5
job 26_XPY_60 end 1787181212938
job 1_XPY_48 started 1787181212938 core=1
job 10_TGAMMA_120 end 1787181214760
job 25_TGAMMA_60 started 1787181214760 core=0
job 24_TGAMMA_60 end 1787181221464
job 33_TGAMMA_60 started 1787181221465 core=4
job 25_TGAMMA_60 end 1787181249005
job 37_TGAMMA_120 started 1787181249005 core=0
job 33_TGAMMA_60 end 1787181255639
job 38_TGAMMA_120 started 1787181255639 core=4
job 1_XPY_48 end 1787181266300
job 27_XPY_48 started 1787181266301 core=1
job 47_XPY_60 end 1787181279307
job 43_XPY_48 started 1787181279307 core=5
job 37_TGAMMA_120 end 1787181317514
job 46_XPY_48 started 1787181317514 core=0
job 27_XPY_48 end 1787181320894
job 41_TGAMMA_12 started 1787181320894 core=1
job 38_TGAMMA_120 end 1787181324220
job 63_XPY_48 started 1787181324220 core=4
job 41_TGAMMA_12 end 1787181328100
job 50_TGAMMA_60 started 1787181328100 core=1
job 43_XPY_48 end 1787181334111
job 52_TGAMMA_12 started 1787181334111 core=5
job 52_TGAMMA_12 end 1787181340934
job 56_TGAMMA_120 started 1787181340934 core=5
job 50_TGAMMA_60 end 1787181362600
job 58_TGAMMA_60 started 1787181362600 core=1
job 46_XPY_48 end 1787181374558
job 88_XPY_48 started 1787181374558 core=0
job 63_XPY_48 end 1787181381472
job 65_XPY_60 started 1787181381472 core=4
job 58_TGAMMA_60 end 1787181396858
job 64_TGAMMA_120 started 1787181396858 core=1
job 56_TGAMMA_120 end 1787181409371
job 69_TGAMMA_60 started 1787181409372 core=5
job 88_XPY_48 end 1787181428113
job 89_XPY_60 started 1787181428113 core=0
job 69_TGAMMA_60 end 1787181443597
job 70_TGAMMA_120 started 1787181443597 core=5
job 65_XPY_60 end 1787181448138
job 2_DOT_84 started 1787181448138 core=4
job 64_TGAMMA_120 end 1787181465372
job 16_POW_36 started 1787181465372 core=1
job 89_XPY_60 end 1787181499595
job 9_DOT_84 started 1787181499595 core=0
job 70_TGAMMA_120 end 1787181512508
job 19_POW_12 started 1787181512509 core=5
job 19_POW_12 end 1787181548368
job 0_SUM_84 started 1787181548368 core=5
job 2_DOT_84 end 1787181551612
job 21_POW_24 started 1787181551612 core=4
job 16_POW_36 end 1787181558519
job 34_POW_36 started 1787181558519 core=1
job 9_DOT_84 end 1787181603737
job 8_COPY_84 started 1787181603737 core=0
job 0_SUM_84 end 1787181604368
job 4_SUM_132 started 1787181604368 core=5
job 21_POW_24 end 1787181638640
job 36_POW_24 started 1787181638640 core=4
job 34_POW_36 end 1787181662024
job 14_SUM_108 started 1787181662024 core=1
job 4_SUM_132 end 1787181685712
job 48_POW_36 started 1787181685712 core=5
job 14_SUM_108 end 1787181729175
job 49_POW_36 started 1787181729175 core=1
job 36_POW_24 end 1787181732290
job 29_COPY_84 started 1787181732290 core=4
job 8_COPY_84 end 1787181741138
job 15_SUM_132 started 1787181741138 core=0
job 48_POW_36 end 1787181782247
job 51_POW_12 started 1787181782248 core=5
job 51_POW_12 end 1787181814279
job 53_POW_36 started 1787181814279 core=5
job 49_POW_36 end 1787181824595
job 35_COPY_84 started 1787181824595 core=1
job 29_COPY_84 end 1787181856446
job 55_POW_36 started 1787181856447 core=4
job 15_SUM_132 end 1787181861530
job 20_SUM_132 started 1787181861531 core=0
job 20_SUM_132 end 1787181940944
job 57_POW_24 started 1787181940944 core=0
job 53_POW_36 end 1787181946532
job 22_SUM_108 started 1787181946533 core=5
job 55_POW_36 end 1787181954813
job 59_POW_12 started 1787181954814 core=4
job 35_COPY_84 end 1787181956529
job 54_COPY_84 started 1787181956529 core=1
job 59_POW_12 end 1787181986732
job 60_POW_24 started 1787181986734 core=4
job 57_POW_24 end 1787182004817
job 61_POW_24 started 1787182004817 core=0
job 22_SUM_108 end 1787182046144
job 23_SUM_108 started 1787182046145 core=5
job 60_POW_24 end 1787182050632
job 66_POW_24 started 1787182050632 core=4
job 61_POW_24 end 1787182068927
job 67_POW_36 started 1787182068927 core=0
job 54_COPY_84 end 1787182079596
job 28_SUM_132 started 1787182079596 core=1
job 66_POW_24 end 1787182118374
job 62_COPY_84 started 1787182118374 core=4
job 23_SUM_108 end 1787182127548
job 68_POW_12 started 1787182127548 core=5
job 68_POW_12 end 1787182160515
job 72_POW_12 started 1787182160515 core=5
job 28_SUM_132 end 1787182163854
job 82_POW_12 started 1787182163854 core=1
job 67_POW_36 end 1787182189465
job 39_SUM_108 started 1787182189465 core=0
job 72_POW_12 end 1787182191562
job 83_POW_12 started 1787182191562 core=5
job 82_POW_12 end 1787182194826
job 85_POW_12 started 1787182194826 core=1
job 83_POW_12 end 1787182223656
job 81_COPY_84 started 1787182223657 core=5
job 85_POW_12 end 1787182227724
job 86_POW_12 started 1787182227725 core=1
job 62_COPY_84 end 1787182245396
job 91_POW_12 started 1787182245396 core=4
job 86_POW_12 end 1787182273254
job 40_SUM_108 started 1787182273255 core=1
job 39_SUM_108 end 1787182274115
job 95_POW_12 started 1787182274115 core=0
job 91_POW_12 end 1787182278159
job 97_POW_36 started 1787182278160 core=4
job 95_POW_12 end 1787182306300
job 98_POW_24 started 1787182306300 core=0
job 81_COPY_84 end 1787182350012
job 77_SUM_84 started 1787182350012 core=5
job 40_SUM_108 end 1787182367470
job 12_COPY_60 started 1787182367470 core=1
job 98_POW_24 end 1787182371966
job 90_SUM_84 started 1787182371966 core=0
job 97_POW_36 end 1787182376199
job 11_SQRTX_48 started 1787182376199 core=4
job 77_SUM_84 end 1787182422994
job 75_TGAMMA_12 started 1787182422995 core=5
job 90_SUM_84 end 1787182425877
job 76_TGAMMA_12 started 1787182425877 core=0
job 75_TGAMMA_12 end 1787182430135
job 79_TGAMMA_120 started 1787182430136 core=5
job 76_TGAMMA_12 end 1787182432774
job 42_DOT_36 started 1787182432774 core=0
job 11_SQRTX_48 end 1787182437557
job 44_DOT_84 started 1787182437557 core=4
job 12_COPY_60 end 1787182448888
job 3_ERF_48 started 1787182448888 core=1
job 42_DOT_36 end 1787182477329
job 74_DOT_84 started 1787182477329 core=0
job 79_TGAMMA_120 end 1787182500196
job 32_SQRTX_48 started 1787182500196 core=5
job 3_ERF_48 end 1787182527598
job 94_SQRTX_48 started 1787182527599 core=1
job 44_DOT_84 end 1787182542924
job 78_DOT_36 started 1787182542924 core=4
job 32_SQRTX_48 end 1787182573527
job 6_ERF_12 started 1787182573527 core=5
job 74_DOT_84 end 1787182582798
job 7_ERF_48 started 1787182582799 core=0
job 78_DOT_36 end 1787182586775
job 30_ERF_24 started 1787182586775 core=4
job 6_ERF_12 end 1787182596145
job 18_COPY_60 started 1787182596145 core=5
job 94_SQRTX_48 end 1787182599275
job 45_ERF_48 started 1787182599275 core=1
job 30_ERF_24 end 1787182631028
job 73_ERF_48 started 1787182631028 core=4
job 7_ERF_48 end 1787182672394
job 99_SUM_84 started 1787182672394 core=0
job 18_COPY_60 end 1787182681249
job 80_ERF_24 started 1787182681250 core=5
job 45_ERF_48 end 1787182715702
job 31_COPY_60 started 1787182715702 core=1
job 99_SUM_84 end 1787182721316
job 71_COPY_60 started 1787182721316 core=0
job 73_ERF_48 end 1787182725021
job 93_COPY_60 started 1787182725022 core=4
job 80_ERF_24 end 1787182734015
job 96_COPY_60 started 1787182734015 core=5
job 31_COPY_60 end 1787182821155
job 84_DOT_84 started 1787182821155 core=1
job 71_COPY_60 end 1787182830969
job 87_DOT_36 started 1787182830970 core=0
job 93_COPY_60 end 1787182835666
job 92_DOT_36 started 1787182835666 core=4
job 96_COPY_60 end 1787182843181
job 87_DOT_36 end 1787182883537
job 92_DOT_36 end 1787182885610
job 84_DOT_84 end 1787182893512
  итерация 0: 1747221 ms
  среднее по 1 итерациям: 1747221 ms
=== Выполняется проект: no_po_balanced_2.txt (100 работ, перестановка ORDER) ===
fake 3 started 1787182893513 delay_ms=1
fake 2 started 1787182893513 delay_ms=0
fake 2 end 1787182893513
fake 0 started 1787182893513 delay_ms=0
fake 0 end 1787182893513
fake 1 started 1787182893513 delay_ms=0
fake 1 end 1787182893513
job 14_XPY_60 started 1787182893513 core=1
job 39_XPY_60 started 1787182893513 core=4
job 0_TGAMMA_12 started 1787182893513 core=0
fake 3 end 1787182893514
job 12_TGAMMA_120 started 1787182893514 core=5
job 0_TGAMMA_12 end 1787182900678
job 16_TGAMMA_120 started 1787182900679 core=0
job 39_XPY_60 end 1787182959293
job 58_XPY_60 started 1787182959293 core=4
job 14_XPY_60 end 1787182959470
job 47_XPY_48 started 1787182959470 core=1
job 12_TGAMMA_120 end 1787182964373
job 23_TGAMMA_120 started 1787182964373 core=5
job 16_TGAMMA_120 end 1787182971698
job 24_TGAMMA_12 started 1787182971699 core=0
job 24_TGAMMA_12 end 1787182978904
job 30_TGAMMA_60 started 1787182978905 core=0
job 47_XPY_48 end 1787183012255
job 54_XPY_48 started 1787183012255 core=1
job 30_TGAMMA_60 end 1787183014416
job 33_TGAMMA_12 started 1787183014417 core=0
job 33_TGAMMA_12 end 1787183021628
job 37_TGAMMA_12 started 1787183021629 core=0
job 58_XPY_60 end 1787183024896
job 69_XPY_48 started 1787183024896 core=4
job 37_TGAMMA_12 end 1787183028808
job 44_TGAMMA_60 started 1787183028808 core=0
job 23_TGAMMA_120 end 1787183035265
job 52_TGAMMA_120 started 1787183035265 core=5
job 44_TGAMMA_60 end 1787183064327
job 55_TGAMMA_12 started 1787183064328 core=0
job 54_XPY_48 end 1787183064988
job 88_XPY_48 started 1787183064989 core=1
job 55_TGAMMA_12 end 1787183071529
job 66_TGAMMA_60 started 1787183071529 core=0
job 69_XPY_48 end 1787183077449
job 73_XPY_60 started 1787183077450 core=4
job 52_TGAMMA_120 end 1787183106133
job 68_TGAMMA_12 started 1787183106133 core=5
job 66_TGAMMA_60 end 1787183107043
job 81_TGAMMA_12 started 1787183107043 core=0
job 68_TGAMMA_12 end 1787183113249
job 84_TGAMMA_12 started 1787183113250 core=5
job 81_TGAMMA_12 end 1787183114255
job 85_TGAMMA_12 started 1787183114255 core=0
job 88_XPY_48 end 1787183117543
job 83_XPY_60 started 1787183117543 core=1
job 84_TGAMMA_12 end 1787183120342
job 86_TGAMMA_120 started 1787183120343 core=5
job 85_TGAMMA_12 end 1787183121451
job 91_TGAMMA_120 started 1787183121451 core=0
job 73_XPY_60 end 1787183143075
job 8_DOT_36 started 1787183143075 core=4
job 8_DOT_36 end 1787183171889
job 21_DOT_36 started 1787183171889 core=4
job 83_XPY_60 end 1787183188715
job 34_DOT_84 started 1787183188716 core=1
job 91_TGAMMA_120 end 1787183191720
job 3_ERF_48 started 1787183191720 core=0
job 86_TGAMMA_120 end 1787183192113
job 94_TGAMMA_120 started 1787183192113 core=5
job 21_DOT_36 end 1787183204849
job 35_DOT_84 started 1787183204849 core=4
job 94_TGAMMA_120 end 1787183262258
job 97_TGAMMA_60 started 1787183262258 core=5
job 34_DOT_84 end 1787183262332
job 38_DOT_84 started 1787183262332 core=1
job 97_TGAMMA_60 end 1787183297495
job 1_POW_36 started 1787183297495 core=5
job 35_DOT_84 end 1787183302609
job 27_ERF_48 started 1787183302610 core=4
job 3_ERF_48 end 1787183318247
job 41_ERF_48 started 1787183318247 core=0
job 38_DOT_84 end 1787183345121
job 40_DOT_84 started 1787183345122 core=1
job 27_ERF_48 end 1787183402891
job 15_SQRTX_12 started 1787183402892 core=4
job 1_POW_36 end 1787183409179
job 31_SQRTX_12 started 1787183409180 core=5
job 41_ERF_48 end 1787183417217
job 65_ERF_24 started 1787183417217 core=0
job 15_SQRTX_12 end 1787183420615
job 72_ERF_48 started 1787183420615 core=4
job 31_SQRTX_12 end 1787183429662
job 74_ERF_12 started 1787183429662 core=5
job 40_DOT_84 end 1787183432758
job 6_SUM_108 started 1787183432758 core=1
job 74_ERF_12 end 1787183454950
job 80_ERF_24 started 1787183454950 core=5
job 65_ERF_24 end 1787183465238
job 92_ERF_24 started 1787183465238 core=0
job 6_SUM_108 end 1787183495338
job 2_POW_12 started 1787183495338 core=1
job 80_ERF_24 end 1787183503235
job 9_SUM_84 started 1787183503235 core=5
job 92_ERF_24 end 1787183513151
job 13_SUM_84 started 1787183513151 core=0
job 72_ERF_48 end 1787183516908
job 4_POW_12 started 1787183516908 core=4
job 2_POW_12 end 1787183529049
job 5_POW_12 started 1787183529049 core=1
job 4_POW_12 end 1787183553047
job 7_POW_36 started 1787183553047 core=4
job 9_SUM_84 end 1787183557021
job 17_COPY_84 started 1787183557022 core=5
job 5_POW_12 end 1787183567018
job 20_SUM_132 started 1787183567019 core=1
job 13_SUM_84 end 1787183567557
job 11_POW_12 started 1787183567557 core=0
job 11_POW_12 end 1787183599521
job 18_POW_24 started 1787183599522 core=0
job 7_POW_36 end 1787183649575
job 26_SUM_132 started 1787183649575 core=4
job 18_POW_24 end 1787183665113
job 19_POW_12 started 1787183665114 core=0
job 17_COPY_84 end 1787183683550
job 25_POW_36 started 1787183683550 core=5
job 20_SUM_132 end 1787183690131
job 22_COPY_84 started 1787183690131 core=1
job 19_POW_12 end 1787183699275
job 29_POW_24 started 1787183699275 core=0
job 26_SUM_132 end 1787183730433
job 28_SUM_132 started 1787183730433 core=4
job 29_POW_24 end 1787183765578
job 36_POW_24 started 1787183765580 core=0
job 28_SUM_132 end 1787183809785
job 49_POW_12 started 1787183809785 core=4
job 25_POW_36 end 1787183820096
job 42_COPY_84 started 1787183820096 core=5
job 22_COPY_84 end 1787183824648
job 50_POW_12 started 1787183824648 core=1
job 36_POW_24 end 1787183830000
job 32_SUM_84 started 1787183830000 core=0
job 49_POW_12 end 1787183841284
job 51_POW_12 started 1787183841284 core=4
job 50_POW_12 end 1787183870396
job 59_POW_36 started 1787183870396 core=1
job 51_POW_12 end 1787183874154
job 61_POW_24 started 1787183874154 core=4
job 32_SUM_84 end 1787183880660
job 43_SUM_108 started 1787183880660 core=0
job 61_POW_24 end 1787183940259
job 45_COPY_84 started 1787183940259 core=4
job 43_SUM_108 end 1787183947971
job 62_POW_12 started 1787183947971 core=0
job 42_COPY_84 end 1787183955152
job 46_SUM_108 started 1787183955152 core=5
job 59_POW_36 end 1787183992804
job 64_POW_12 started 1787183992804 core=1
job 62_POW_12 end 1787183993545
job 67_POW_24 started 1787183993545 core=0
job 46_SUM_108 end 1787184020120
job 75_POW_24 started 1787184020120 core=5
job 64_POW_12 end 1787184025421
job 53_SUM_132 started 1787184025421 core=1
job 45_COPY_84 end 1787184073335
job 48_COPY_84 started 1787184073335 core=4
job 67_POW_24 end 1787184085594
job 77_POW_36 started 1787184085594 core=0
job 75_POW_24 end 1787184085902
job 78_POW_24 started 1787184085902 core=5
job 53_SUM_132 end 1787184104519
job 57_SUM_132 started 1787184104520 core=1
job 78_POW_24 end 1787184152105
job 82_POW_24 started 1787184152105 core=5
job 57_SUM_132 end 1787184184026
job 90_POW_24 started 1787184184026 core=1
job 48_COPY_84 end 1787184206168
job 71_COPY_84 started 1787184206168 core=4
job 82_POW_24 end 1787184215846
job 60_SUM_84 started 1787184215846 core=5
job 77_POW_36 end 1787184221860
job 95_POW_36 started 1787184221860 core=0
job 90_POW_24 end 1787184247773
job 63_SUM_132 started 1787184247774 core=1
job 60_SUM_84 end 1787184268188
job 70_SUM_132 started 1787184268188 core=5
job 63_SUM_132 end 1787184334983
job 89_SUM_84 started 1787184334983 core=1
job 71_COPY_84 end 1787184346317
job 93_SUM_84 started 1787184346318 core=4
job 70_SUM_132 end 1787184355876
job 98_SUM_132 started 1787184355877 core=5
job 95_POW_36 end 1787184362861
job 10_COPY_60 started 1787184362861 core=0
job 89_SUM_84 end 1787184392552
job 79_COPY_60 started 1787184392553 core=1
job 93_SUM_84 end 1787184423705
job 99_COPY_60 started 1787184423705 core=4
job 10_COPY_60 end 1787184465714
job 76_COPY_84 started 1787184465714 core=0
job 98_SUM_132 end 1787184467310
job 87_COPY_84 started 1787184467310 core=5
job 79_COPY_60 end 1787184481709
job 96_COPY_84 started 1787184481709 core=1
job 99_COPY_60 end 1787184536378
job 56_DOT_36 started 1787184536378 core=4
job 56_DOT_36 end 1787184591074
job 76_COPY_84 end 1787184602193
job 87_COPY_84 end 1787184613791
job 96_COPY_84 end 1787184617542
  итерация 0: 1724029 ms
  среднее по 1 итерациям: 1724029 ms
=== Выполняется проект: no_po_balanced_20.txt (100 работ, перестановка ORDER) ===
fake 3 started 1787184617543 delay_ms=1
fake 2 started 1787184617543 delay_ms=0
fake 2 end 1787184617543
fake 1 started 1787184617543 delay_ms=0
fake 1 end 1787184617543
fake 0 started 1787184617543 delay_ms=0
fake 0 end 1787184617543
job 64_XPY_60 started 1787184617543 core=1
job 20_XPY_60 started 1787184617543 core=5
job 0_TGAMMA_60 started 1787184617553 core=0
fake 3 end 1787184617554
job 2_TGAMMA_60 started 1787184617554 core=4
job 2_TGAMMA_60 end 1787184651761
job 11_TGAMMA_12 started 1787184651762 core=4
job 0_TGAMMA_60 end 1787184651827
job 13_TGAMMA_12 started 1787184651827 core=0
job 11_TGAMMA_12 end 1787184658573
job 15_TGAMMA_60 started 1787184658573 core=4
job 13_TGAMMA_12 end 1787184658657
job 18_TGAMMA_12 started 1787184658657 core=0
job 18_TGAMMA_12 end 1787184665490
job 19_TGAMMA_60 started 1787184665490 core=0
job 20_XPY_60 end 1787184684019
job 74_XPY_60 started 1787184684020 core=5
job 64_XPY_60 end 1787184684124
job 6_XPY_48 started 1787184684124 core=1
job 15_TGAMMA_60 end 1787184692727
job 22_TGAMMA_120 started 1787184692727 core=4
job 19_TGAMMA_60 end 1787184699712
job 24_TGAMMA_12 started 1787184699712 core=0
job 24_TGAMMA_12 end 1787184706543
job 25_TGAMMA_120 started 1787184706543 core=0
job 6_XPY_48 end 1787184737441
job 16_XPY_48 started 1787184737441 core=1
job 74_XPY_60 end 1787184750437
job 17_XPY_48 started 1787184750437 core=5
job 22_TGAMMA_120 end 1787184761079
job 32_TGAMMA_60 started 1787184761079 core=4
job 25_TGAMMA_120 end 1787184775026
job 40_TGAMMA_120 started 1787184775026 core=0
job 16_XPY_48 end 1787184790833
job 36_XPY_48 started 1787184790833 core=1
job 32_TGAMMA_60 end 1787184795259
job 51_XPY_48 started 1787184795259 core=4
job 17_XPY_48 end 1787184809217
job 43_TGAMMA_12 started 1787184809217 core=5
job 43_TGAMMA_12 end 1787184816343
job 48_TGAMMA_60 started 1787184816343 core=5
job 40_TGAMMA_120 end 1787184845234
job 67_XPY_48 started 1787184845234 core=0
job 51_XPY_48 end 1787184849634
job 49_TGAMMA_12 started 1787184849634 core=4
job 36_XPY_48 end 1787184849713
job 50_TGAMMA_60 started 1787184849713 core=1
job 48_TGAMMA_60 end 1787184851750
job 53_TGAMMA_120 started 1787184851751 core=5
job 49_TGAMMA_12 end 1787184856641
job 84_XPY_48 started 1787184856641 core=4
job 50_TGAMMA_60 end 1787184883946
job 54_TGAMMA_12 started 1787184883946 core=1
job 54_TGAMMA_12 end 1787184890780
job 56_TGAMMA_60 started 1787184890780 core=1
job 67_XPY_48 end 1787184895349
job 75_XPY_60 started 1787184895349 core=0
job 84_XPY_48 end 1787184909997
job 78_XPY_60 started 1787184909997 core=4
job 53_TGAMMA_120 end 1787184920289
job 57_TGAMMA_60 started 1787184920289 core=5
job 56_TGAMMA_60 end 1787184925126
job 63_TGAMMA_120 started 1787184925126 core=1
job 57_TGAMMA_60 end 1787184954515
job 68_TGAMMA_120 started 1787184954516 core=5
job 75_XPY_60 end 1787184963301
job 81_XPY_60 started 1787184963301 core=0
job 78_XPY_60 end 1787184977491
job 90_XPY_60 started 1787184977491 core=4
job 63_TGAMMA_120 end 1787184993599
job 69_TGAMMA_60 started 1787184993599 core=1
job 68_TGAMMA_120 end 1787185022979
job 12_DOT_84 started 1787185022979 core=5
job 69_TGAMMA_60 end 1787185027967
job 1_POW_24 started 1787185027967 core=1
job 81_XPY_60 end 1787185036038
job 73_TGAMMA_120 started 1787185036038 core=0
job 90_XPY_60 end 1787185052590
job 33_DOT_36 started 1787185052590 core=4
job 33_DOT_36 end 1787185084639
job 38_DOT_36 started 1787185084639 core=4
job 73_TGAMMA_120 end 1787185107011
job 29_ERF_24 started 1787185107012 core=0
job 1_POW_24 end 1787185109742
job 88_TGAMMA_12 started 1787185109742 core=1
job 12_DOT_84 end 1787185116006
job 45_DOT_36 started 1787185116006 core=5
job 88_TGAMMA_12 end 1787185116878
job 8_POW_24 started 1787185116878 core=1
job 38_DOT_36 end 1787185119669
job 42_ERF_48 started 1787185119669 core=4
job 45_DOT_36 end 1787185154815
job 58_DOT_36 started 1787185154815 core=5
job 29_ERF_24 end 1787185159930
job 59_ERF_12 started 1787185159930 core=0
job 59_ERF_12 end 1787185185203
job 65_ERF_12 started 1787185185203 core=0
job 8_POW_24 end 1787185191313
job 41_SQRTX_12 started 1787185191314 core=1
job 58_DOT_36 end 1787185193410
job 3_COPY_60 started 1787185193410 core=5
job 65_ERF_12 end 1787185208103
job 44_SQRTX_48 started 1787185208104 core=0
job 41_SQRTX_12 end 1787185212399
job 77_ERF_48 started 1787185212400 core=1
job 42_ERF_48 end 1787185216259
job 79_ERF_48 started 1787185216260 core=4
job 44_SQRTX_48 end 1787185274455
job 4_COPY_60 started 1787185274455 core=0
job 3_COPY_60 end 1787185276362
job 92_ERF_12 started 1787185276362 core=5
job 92_ERF_12 end 1787185298502
job 97_ERF_24 started 1787185298502 core=5
job 79_ERF_48 end 1787185311001
job 9_POW_12 started 1787185311001 core=4
job 77_ERF_48 end 1787185319250
job 5_SUM_108 started 1787185319250 core=1
job 97_ERF_24 end 1787185345877
job 10_POW_24 started 1787185345877 core=5
job 9_POW_12 end 1787185355777
job 21_SUM_84 started 1787185355777 core=4
job 4_COPY_60 end 1787185364046
job 14_POW_36 started 1787185364046 core=0
job 5_SUM_108 end 1787185385888
job 7_COPY_84 started 1787185385888 core=1
job 21_SUM_84 end 1787185411431
job 27_SUM_108 started 1787185411432 core=4
job 10_POW_24 end 1787185424909
job 23_POW_12 started 1787185424909 core=5
job 14_POW_36 end 1787185464975
job 26_POW_36 started 1787185464975 core=0
job 23_POW_12 end 1787185471332
job 30_POW_24 started 1787185471333 core=5
job 27_SUM_108 end 1787185476252
job 28_SUM_132 started 1787185476252 core=4
job 7_COPY_84 end 1787185521739
job 76_COPY_84 started 1787185521739 core=1
job 28_SUM_132 end 1787185555276
job 47_POW_24 started 1787185555276 core=4
job 30_POW_24 end 1787185563091
job 52_POW_12 started 1787185563092 core=5
job 26_POW_36 end 1787185563673
job 31_SUM_108 started 1787185563673 core=0
job 52_POW_12 end 1787185609354
job 55_POW_12 started 1787185609355 core=5
job 47_POW_24 end 1787185620690
job 60_POW_12 started 1787185620691 core=4
job 31_SUM_108 end 1787185628583
job 61_POW_12 started 1787185628583 core=0
job 60_POW_12 end 1787185651989
job 91_COPY_84 started 1787185651989 core=4
job 55_POW_12 end 1787185653544
job 80_POW_36 started 1787185653544 core=5
job 76_COPY_84 end 1787185653753
job 34_SUM_132 started 1787185653753 core=1
job 61_POW_12 end 1787185662401
job 83_POW_24 started 1787185662402 core=0
job 34_SUM_132 end 1787185733114
job 37_SUM_84 started 1787185733114 core=1
job 80_POW_36 end 1787185752998
job 89_POW_36 started 1787185752998 core=5
job 83_POW_24 end 1787185755514
job 95_POW_24 started 1787185755514 core=0
job 37_SUM_84 end 1787185783613
job 35_COPY_60 started 1787185783613 core=1
job 91_COPY_84 end 1787185786621
job 39_SUM_108 started 1787185786622 core=4
job 95_POW_24 end 1787185830586
job 96_POW_24 started 1787185830586 core=0
job 39_SUM_108 end 1787185851468
job 98_POW_12 started 1787185851469 core=4
job 35_COPY_60 end 1787185877103
job 46_COPY_60 started 1787185877103 core=1
job 89_POW_36 end 1787185877149
job 66_SUM_132 started 1787185877150 core=5
job 98_POW_12 end 1787185882180
job 99_POW_36 started 1787185882181 core=4
job 96_POW_24 end 1787185894255
job 71_SUM_132 started 1787185894256 core=0
job 46_COPY_60 end 1787185970562
job 85_SUM_84 started 1787185970563 core=1
job 71_SUM_132 end 1787185976781
job 93_SUM_132 started 1787185976781 core=0
job 99_POW_36 end 1787185986753
job 62_DOT_36 started 1787185986753 core=4
job 66_SUM_132 end 1787185998484
job 70_DOT_36 started 1787185998485 core=5
job 62_DOT_36 end 1787186032843
job 72_DOT_84 started 1787186032843 core=4
job 85_SUM_84 end 1787186040087
job 82_DOT_84 started 1787186040087 core=1
job 70_DOT_36 end 1787186045350
job 86_DOT_84 started 1787186045351 core=5
job 93_SUM_132 end 1787186094684
job 87_DOT_84 started 1787186094684 core=0
job 72_DOT_84 end 1787186148629
job 94_DOT_84 started 1787186148630 core=4
job 82_DOT_84 end 1787186167636
job 86_DOT_84 end 1787186170208
job 87_DOT_84 end 1787186198076
job 94_DOT_84 end 1787186213746
  итерация 0: 1596203 ms
  среднее по 1 итерациям: 1596203 ms
=== Выполняется проект: no_po_balanced_21.txt (100 работ, перестановка ORDER) ===
fake 3 started 1787186213746 delay_ms=1
fake 0 started 1787186213746 delay_ms=0
fake 0 end 1787186213746
fake 1 started 1787186213746 delay_ms=0
fake 2 started 1787186213746 delay_ms=0
fake 2 end 1787186213746
fake 1 end 1787186213746
job 28_XPY_60 started 1787186213746 core=4
job 32_XPY_60 started 1787186213747 core=0
fake 3 end 1787186213757
job 2_TGAMMA_120 started 1787186213758 core=5
job 3_TGAMMA_12 started 1787186213768 core=1
job 3_TGAMMA_12 end 1787186220591
job 4_TGAMMA_12 started 1787186220592 core=1
job 4_TGAMMA_12 end 1787186227412
job 8_TGAMMA_120 started 1787186227412 core=1
job 28_XPY_60 end 1787186280290
job 37_XPY_60 started 1787186280291 core=4
job 32_XPY_60 end 1787186280352
job 54_XPY_48 started 1787186280352 core=0
job 2_TGAMMA_120 end 1787186282138
job 17_TGAMMA_12 started 1787186282138 core=5
job 17_TGAMMA_12 end 1787186288956
job 18_TGAMMA_60 started 1787186288956 core=5
job 8_TGAMMA_120 end 1787186295764
job 22_TGAMMA_120 started 1787186295764 core=1
job 18_TGAMMA_60 end 1787186323172
job 29_TGAMMA_120 started 1787186323172 core=5
job 54_XPY_48 end 1787186333709
job 65_XPY_48 started 1787186333709 core=0
job 37_XPY_60 end 1787186346784
job 79_XPY_48 started 1787186346784 core=4
job 22_TGAMMA_120 end 1787186364144
job 40_TGAMMA_60 started 1787186364144 core=1
job 65_XPY_48 end 1787186387020
job 89_XPY_48 started 1787186387020 core=0
job 29_TGAMMA_120 end 1787186391566
job 91_XPY_48 started 1787186391566 core=5
job 40_TGAMMA_60 end 1787186398556
job 42_TGAMMA_120 started 1787186398556 core=1
job 79_XPY_48 end 1787186405551
job 45_TGAMMA_120 started 1787186405552 core=4
job 91_XPY_48 end 1787186444485
job 95_XPY_48 started 1787186444485 core=5
job 89_XPY_48 end 1787186445730
job 96_XPY_48 started 1787186445730 core=0
job 42_TGAMMA_120 end 1787186469365
job 51_TGAMMA_60 started 1787186469366 core=1
job 45_TGAMMA_120 end 1787186476261
job 57_TGAMMA_12 started 1787186476261 core=4
job 57_TGAMMA_12 end 1787186483398
job 58_TGAMMA_60 started 1787186483399 core=4
job 95_XPY_48 end 1787186496819
job 98_XPY_48 started 1787186496820 core=5
job 96_XPY_48 end 1787186498619
job 99_XPY_48 started 1787186498619 core=0
job 51_TGAMMA_60 end 1787186504750
job 62_TGAMMA_120 started 1787186504750 core=1
job 58_TGAMMA_60 end 1787186518762
job 63_TGAMMA_12 started 1787186518762 core=4
job 63_TGAMMA_12 end 1787186525963
job 66_TGAMMA_60 started 1787186525964 core=4
job 98_XPY_48 end 1787186549364
job 41_XPY_60 started 1787186549364 core=5
job 99_XPY_48 end 1787186551279
job 59_XPY_60 started 1787186551279 core=0
job 66_TGAMMA_60 end 1787186561399
job 68_TGAMMA_60 started 1787186561399 core=4
job 62_TGAMMA_120 end 1787186575568
job 74_TGAMMA_120 started 1787186575568 core=1
job 68_TGAMMA_60 end 1787186596873
job 75_TGAMMA_60 started 1787186596874 core=4
job 41_XPY_60 end 1787186615124
job 90_XPY_60 started 1787186615124 core=5
job 59_XPY_60 end 1787186617147
job 20_DOT_84 started 1787186617147 core=0
job 75_TGAMMA_60 end 1787186632087
job 1_POW_36 started 1787186632088 core=4
job 74_TGAMMA_120 end 1787186646902
job 77_TGAMMA_12 started 1787186646903 core=1
job 77_TGAMMA_12 end 1787186654212
job 82_TGAMMA_12 started 1787186654212 core=1
job 82_TGAMMA_12 end 1787186661531
job 83_TGAMMA_120 started 1787186661532 core=1
job 90_XPY_60 end 1787186690309
job 35_DOT_36 started 1787186690309 core=5
job 20_DOT_84 end 1787186704077
job 46_DOT_36 started 1787186704077 core=0
job 35_DOT_36 end 1787186722114
job 47_DOT_36 started 1787186722114 core=5
job 83_TGAMMA_120 end 1787186732591
job 6_POW_24 started 1787186732592 core=1
job 46_DOT_36 end 1787186747047
job 10_POW_12 started 1787186747047 core=0
job 1_POW_36 end 1787186750598
job 9_SUM_84 started 1787186750598 core=4
job 47_DOT_36 end 1787186760809
job 25_COPY_84 started 1787186760809 core=5
job 10_POW_12 end 1787186781222
job 12_POW_24 started 1787186781222 core=0
job 9_SUM_84 end 1787186802023
job 15_SUM_132 started 1787186802023 core=4
job 6_POW_24 end 1787186822210
job 13_POW_12 started 1787186822211 core=1
job 12_POW_24 end 1787186847473
job 16_POW_36 started 1787186847473 core=0
job 13_POW_12 end 1787186868555
job 23_POW_24 started 1787186868555 core=1
job 15_SUM_132 end 1787186881350
job 48_COPY_84 started 1787186881351 core=4
job 25_COPY_84 end 1787186894551
job 19_SUM_108 started 1787186894551 core=5
job 23_POW_24 end 1787186941224
job 26_POW_12 started 1787186941225 core=1
job 19_SUM_108 end 1787186959331
job 27_POW_12 started 1787186959331 core=5
job 16_POW_36 end 1787186970264
job 33_POW_12 started 1787186970264 core=0
job 26_POW_12 end 1787186973206
job 21_SUM_84 started 1787186973206 core=1
job 27_POW_12 end 1787186991468
job 43_POW_36 started 1787186991469 core=5
job 48_COPY_84 end 1787187013875
job 44_POW_12 started 1787187013877 core=4
job 33_POW_12 end 1787187015707
job 56_COPY_84 started 1787187015707 core=0
job 21_SUM_84 end 1787187023574
job 30_SUM_84 started 1787187023575 core=1
job 44_POW_12 end 1787187059103
job 53_POW_24 started 1787187059104 core=4
job 30_SUM_84 end 1787187073866
job 34_SUM_84 started 1787187073866 core=1
job 43_POW_36 end 1787187090429
job 61_POW_36 started 1787187090430 core=5
job 34_SUM_84 end 1787187124408
job 64_POW_24 started 1787187124409 core=1
job 56_COPY_84 end 1787187148877
job 78_COPY_84 started 1787187148877 core=0
job 53_POW_24 end 1787187149495
job 38_SUM_108 started 1787187149495 core=4
job 61_POW_36 end 1787187186292
job 67_POW_24 started 1787187186292 core=5
job 64_POW_24 end 1787187187291
job 70_POW_36 started 1787187187291 core=1
job 38_SUM_108 end 1787187249410
job 52_SUM_84 started 1787187249410 core=4
job 67_POW_24 end 1787187250383
job 73_POW_24 started 1787187250383 core=5
job 78_COPY_84 end 1787187272019
job 7_COPY_60 started 1787187272019 core=0
job 70_POW_36 end 1787187283184
job 60_SUM_132 started 1787187283185 core=1
job 73_POW_24 end 1787187317085
job 80_POW_12 started 1787187317085 core=5
job 52_SUM_84 end 1787187328963
job 84_POW_24 started 1787187328964 core=4
job 80_POW_12 end 1787187350554
job 39_COPY_60 started 1787187350554 core=5
job 7_COPY_60 end 1787187367334
job 86_POW_36 started 1787187367334 core=0
job 60_SUM_132 end 1787187371017
job 81_SUM_84 started 1787187371017 core=1
job 84_POW_24 end 1787187404220
job 0_SQRTX_12 started 1787187404220 core=4
job 0_SQRTX_12 end 1787187420421
job 5_SQRTX_12 started 1787187420422 core=4
job 39_COPY_60 end 1787187436260
job 85_SUM_84 started 1787187436260 core=5
job 5_SQRTX_12 end 1787187436621
job 11_SQRTX_48 started 1787187436621 core=4
job 81_SUM_84 end 1787187443752
job 94_SUM_132 started 1787187443752 core=1
job 86_POW_36 end 1787187464085
job 92_TGAMMA_12 started 1787187464085 core=0
job 92_TGAMMA_12 end 1787187471060
job 24_SQRTX_48 started 1787187471061 core=0
job 85_SUM_84 end 1787187488918
job 14_ERF_12 started 1787187488918 core=5
job 11_SQRTX_48 end 1787187503290
job 31_ERF_24 started 1787187503290 core=4
job 14_ERF_12 end 1787187512685
job 36_ERF_24 started 1787187512685 core=5
job 94_SUM_132 end 1787187521527
job 76_COPY_60 started 1787187521527 core=1
job 24_SQRTX_48 end 1787187539485
job 93_SQRTX_48 started 1787187539486 core=0
job 31_ERF_24 end 1787187546135
job 69_ERF_48 started 1787187546135 core=4
job 36_ERF_24 end 1787187571721
job 71_ERF_12 started 1787187571721 core=5
job 71_ERF_12 end 1787187602690
job 87_COPY_60 started 1787187602691 core=5
job 76_COPY_60 end 1787187604361
job 49_DOT_84 started 1787187604362 core=1
job 93_SQRTX_48 end 1787187605964
job 50_DOT_36 started 1787187605964 core=0
job 69_ERF_48 end 1787187640133
job 55_DOT_36 started 1787187640133 core=4
job 50_DOT_36 end 1787187647348
job 72_DOT_84 started 1787187647348 core=0
job 55_DOT_36 end 1787187690114
job 88_DOT_84 started 1787187690116 core=4
job 87_COPY_60 end 1787187711251
job 97_DOT_84 started 1787187711251 core=5
job 49_DOT_84 end 1787187749244
job 72_DOT_84 end 1787187767969
job 88_DOT_84 end 1787187791453
job 97_DOT_84 end 1787187793713
  итерация 0: 1579966 ms
  среднее по 1 итерациям: 1579966 ms
=== Выполняется проект: no_po_balanced_22.txt (100 работ, перестановка ORDER) ===
fake 3 started 1787187793714 delay_ms=1
fake 1 started 1787187793714 delay_ms=0
fake 2 started 1787187793714 delay_ms=0
fake 2 end 1787187793714
fake 0 started 1787187793714 delay_ms=0
fake 0 end 1787187793714
fake 1 end 1787187793714
job 27_XPY_60 started 1787187793714 core=4
job 21_XPY_60 started 1787187793714 core=5
fake 3 end 1787187793724
job 0_TGAMMA_120 started 1787187793725 core=0
job 3_TGAMMA_120 started 1787187793736 core=1
job 21_XPY_60 end 1787187859563
job 55_XPY_60 started 1787187859563 core=5
job 27_XPY_60 end 1787187859679
job 9_XPY_48 started 1787187859679 core=4
job 3_TGAMMA_120 end 1787187864553
job 13_TGAMMA_120 started 1787187864553 core=1
job 0_TGAMMA_120 end 1787187864756
job 15_TGAMMA_60 started 1787187864756 core=0
job 15_TGAMMA_60 end 1787187900277
job 28_TGAMMA_60 started 1787187900277 core=0
job 9_XPY_48 end 1787187912386
job 11_XPY_48 started 1787187912386 core=4
job 55_XPY_60 end 1787187925342
job 20_XPY_48 started 1787187925342 core=5
job 13_TGAMMA_120 end 1787187935494
job 31_TGAMMA_12 started 1787187935494 core=1
job 28_TGAMMA_60 end 1787187935765
job 32_TGAMMA_120 started 1787187935765 core=0
job 31_TGAMMA_12 end 1787187942690
job 36_TGAMMA_60 started 1787187942690 core=1
job 11_XPY_48 end 1787187964958
job 66_XPY_48 started 1787187964958 core=4
job 20_XPY_48 end 1787187977964
job 97_XPY_48 started 1787187977964 core=5
job 36_TGAMMA_60 end 1787187978183
job 37_TGAMMA_60 started 1787187978183 core=1
job 32_TGAMMA_120 end 1787188006814
job 41_TGAMMA_12 started 1787188006814 core=0
job 37_TGAMMA_60 end 1787188013576
job 44_TGAMMA_120 started 1787188013576 core=1
job 41_TGAMMA_12 end 1787188014022
job 45_TGAMMA_12 started 1787188014022 core=0
job 66_XPY_48 end 1787188017409
job 59_XPY_60 started 1787188017409 core=4
job 45_TGAMMA_12 end 1787188021192
job 51_TGAMMA_12 started 1787188021192 core=0
job 51_TGAMMA_12 end 1787188028405
job 61_TGAMMA_120 started 1787188028405 core=0
job 97_XPY_48 end 1787188030675
job 68_XPY_60 started 1787188030675 core=5
job 59_XPY_60 end 1787188083029
job 96_XPY_60 started 1787188083029 core=4
job 44_TGAMMA_120 end 1787188084410
job 63_TGAMMA_120 started 1787188084410 core=1
job 68_XPY_60 end 1787188096564
job 98_XPY_60 started 1787188096564 core=5
job 61_TGAMMA_120 end 1787188099416
job 72_TGAMMA_12 started 1787188099416 core=0
job 72_TGAMMA_12 end 1787188106626
job 74_TGAMMA_12 started 1787188106626 core=0
job 74_TGAMMA_12 end 1787188113827
job 75_TGAMMA_60 started 1787188113827 core=0
job 96_XPY_60 end 1787188148609
job 79_TGAMMA_120 started 1787188148610 core=4
job 75_TGAMMA_60 end 1787188149316
job 1_DOT_36 started 1787188149316 core=0
job 63_TGAMMA_120 end 1787188155330
job 4_POW_12 started 1787188155330 core=1
job 98_XPY_60 end 1787188165520
job 8_DOT_84 started 1787188165520 core=5
job 1_DOT_36 end 1787188179301
job 14_DOT_36 started 1787188179301 core=0
job 4_POW_12 end 1787188199699
job 19_ERF_48 started 1787188199700 core=1
job 14_DOT_36 end 1787188211158
job 82_TGAMMA_120 started 1787188211158 core=0
job 79_TGAMMA_120 end 1787188218377
job 30_DOT_36 started 1787188218377 core=4
job 30_DOT_36 end 1787188249879
job 43_DOT_84 started 1787188249879 core=4
job 8_DOT_84 end 1787188260456
job 48_DOT_36 started 1787188260456 core=5
job 82_TGAMMA_120 end 1787188281232
job 83_TGAMMA_120 started 1787188281232 core=0
job 48_DOT_36 end 1787188303725
job 49_DOT_84 started 1787188303726 core=5
job 43_DOT_84 end 1787188322993
job 23_ERF_12 started 1787188322993 core=4
job 19_ERF_48 end 1787188323005
job 33_ERF_48 started 1787188323005 core=1
job 23_ERF_12 end 1787188339668
job 57_DOT_36 started 1787188339668 core=4
job 83_TGAMMA_120 end 1787188351303
job 86_TGAMMA_12 started 1787188351304 core=0
job 86_TGAMMA_12 end 1787188358438
job 89_TGAMMA_120 started 1787188358438 core=0
job 57_DOT_36 end 1787188371253
job 64_DOT_36 started 1787188371253 core=4
job 49_DOT_84 end 1787188400436
job 65_DOT_84 started 1787188400436 core=5
job 64_DOT_36 end 1787188402461
job 67_DOT_84 started 1787188402461 core=4
job 89_TGAMMA_120 end 1787188428718
job 90_TGAMMA_120 started 1787188428718 core=0
job 33_ERF_48 end 1787188446554
job 54_ERF_48 started 1787188446554 core=1
job 67_DOT_84 end 1787188476061
job 80_DOT_36 started 1787188476061 core=4
job 90_TGAMMA_120 end 1787188499035
job 91_TGAMMA_120 started 1787188499035 core=0
job 65_DOT_84 end 1787188501049
job 92_DOT_36 started 1787188501049 core=5
job 80_DOT_36 end 1787188507483
job 94_DOT_84 started 1787188507484 core=4
job 92_DOT_36 end 1787188543752
job 29_COPY_84 started 1787188543752 core=5
job 91_TGAMMA_120 end 1787188569176
job 87_ERF_12 started 1787188569176 core=0
job 54_ERF_48 end 1787188576518
job 16_SQRTX_48 started 1787188576519 core=1
job 94_DOT_84 end 1787188579749
job 95_TGAMMA_120 started 1787188579749 core=4
job 87_ERF_12 end 1787188589482
job 58_COPY_84 started 1787188589482 core=0
job 95_TGAMMA_120 end 1787188649642
job 71_SQRTX_48 started 1787188649643 core=4
job 16_SQRTX_48 end 1787188660505
job 5_POW_36 started 1787188660506 core=1
job 29_COPY_84 end 1787188663989
job 2_SUM_84 started 1787188663990 core=5
job 58_COPY_84 end 1787188691348
job 6_SUM_132 started 1787188691348 core=0
job 2_SUM_84 end 1787188713964
job 7_POW_12 started 1787188713964 core=5
job 71_SQRTX_48 end 1787188727021
job 12_COPY_60 started 1787188727021 core=4
job 7_POW_12 end 1787188745747
job 10_POW_24 started 1787188745747 core=5
job 5_POW_36 end 1787188757871
job 25_POW_24 started 1787188757871 core=1
job 6_SUM_132 end 1787188800547
job 17_SUM_84 started 1787188800547 core=0
job 10_POW_24 end 1787188809768
job 53_COPY_60 started 1787188809768 core=5
job 12_COPY_60 end 1787188813592
job 35_POW_12 started 1787188813592 core=4
job 25_POW_24 end 1787188826662
job 40_POW_24 started 1787188826662 core=1
job 35_POW_12 end 1787188846426
job 42_POW_36 started 1787188846426 core=4
job 17_SUM_84 end 1787188855790
job 18_SUM_84 started 1787188855790 core=0
job 18_SUM_84 end 1787188906292
job 47_POW_12 started 1787188906292 core=0
job 53_COPY_60 end 1787188906369
job 56_COPY_60 started 1787188906369 core=5
job 40_POW_24 end 1787188918218
job 24_SUM_84 started 1787188918218 core=1
job 47_POW_12 end 1787188937684
job 50_POW_12 started 1787188937684 core=0
job 42_POW_36 end 1787188943601
job 60_POW_36 started 1787188943601 core=4
job 50_POW_12 end 1787188969915
job 62_POW_12 started 1787188969915 core=0
job 56_COPY_60 end 1787188993064
job 26_SUM_108 started 1787188993064 core=5
job 24_SUM_84 end 1787188996509
job 73_COPY_60 started 1787188996509 core=1
job 62_POW_12 end 1787189002110
job 69_POW_24 started 1787189002110 core=0
job 60_POW_36 end 1787189039923
job 34_SUM_84 started 1787189039923 core=4
job 69_POW_24 end 1787189068477
job 81_COPY_60 started 1787189068477 core=0
job 73_COPY_60 end 1787189085904
job 76_POW_12 started 1787189085905 core=1
job 26_SUM_108 end 1787189092865
job 78_POW_36 started 1787189092866 core=5
job 34_SUM_84 end 1787189104920
job 46_SUM_132 started 1787189104920 core=4
job 76_POW_12 end 1787189118471
job 84_POW_12 started 1787189118471 core=1
job 84_POW_12 end 1787189150514
job 88_POW_36 started 1787189150514 core=1
job 81_COPY_60 end 1787189156845
job 52_SUM_108 started 1787189156845 core=0
job 78_POW_36 end 1787189192434
job 93_POW_36 started 1787189192434 core=5
job 46_SUM_132 end 1787189208252
job 70_SUM_132 started 1787189208252 core=4
job 52_SUM_108 end 1787189229639
job 77_SUM_108 started 1787189229639 core=0
job 88_POW_36 end 1787189255965
job 99_POW_24 started 1787189255966 core=1
job 70_SUM_132 end 1787189296818
job 85_SUM_132 started 1787189296818 core=4
job 93_POW_36 end 1787189298453
job 22_SQRTX_12 started 1787189298453 core=5
job 77_SUM_108 end 1787189302262
job 38_SQRTX_12 started 1787189302262 core=0
job 22_SQRTX_12 end 1787189314984
job 39_SQRTX_12 started 1787189314984 core=5
job 38_SQRTX_12 end 1787189317853
job 99_POW_24 end 1787189323371
job 39_SQRTX_12 end 1787189327945
job 85_SUM_132 end 1787189343437
  итерация 0: 1549723 ms
  среднее по 1 итерациям: 1549723 ms
=== Выполняется проект: no_po_balanced_23.txt (100 работ, перестановка ORDER) ===
fake 3 started 1787189343438 delay_ms=1
fake 2 started 1787189343438 delay_ms=0
fake 2 end 1787189343438
fake 0 started 1787189343438 delay_ms=0
fake 0 end 1787189343438
fake 1 started 1787189343438 delay_ms=0
fake 1 end 1787189343438
job 36_XPY_60 started 1787189343438 core=4
job 50_XPY_60 started 1787189343438 core=5
fake 3 end 1787189343450
job 0_TGAMMA_120 started 1787189343450 core=1
job 2_TGAMMA_60 started 1787189343461 core=0
job 2_TGAMMA_60 end 1787189378968
job 3_TGAMMA_12 started 1787189378968 core=0
job 3_TGAMMA_12 end 1787189386177
job 4_TGAMMA_60 started 1787189386177 core=0
job 36_XPY_60 end 1787189409280
job 81_XPY_60 started 1787189409282 core=4
job 50_XPY_60 end 1787189409506
job 8_XPY_48 started 1787189409506 core=5
job 0_TGAMMA_120 end 1787189414253
job 5_TGAMMA_120 started 1787189414254 core=1
job 4_TGAMMA_60 end 1787189421718
job 6_TGAMMA_12 started 1787189421719 core=0
job 6_TGAMMA_12 end 1787189428936
job 13_TGAMMA_60 started 1787189428936 core=0
job 8_XPY_48 end 1787189462299
job 28_XPY_48 started 1787189462299 core=5
job 13_TGAMMA_60 end 1787189464479
job 19_TGAMMA_12 started 1787189464479 core=0
job 19_TGAMMA_12 end 1787189471701
job 24_TGAMMA_12 started 1787189471702 core=0
job 81_XPY_60 end 1787189475004
job 40_XPY_48 started 1787189475004 core=4
job 24_TGAMMA_12 end 1787189478887
job 25_TGAMMA_12 started 1787189478888 core=0
job 5_TGAMMA_120 end 1787189485223
job 29_TGAMMA_120 started 1787189485223 core=1
job 25_TGAMMA_12 end 1787189486109
job 30_TGAMMA_120 started 1787189486109 core=0
job 28_XPY_48 end 1787189515035
job 45_XPY_48 started 1787189515035 core=5
job 40_XPY_48 end 1787189527706
job 59_XPY_48 started 1787189527706 core=4
job 29_TGAMMA_120 end 1787189556186
job 31_TGAMMA_60 started 1787189556187 core=1
job 30_TGAMMA_120 end 1787189557172
job 32_TGAMMA_60 started 1787189557172 core=0
job 45_XPY_48 end 1787189567742
job 72_XPY_48 started 1787189567742 core=5
job 59_XPY_48 end 1787189580291
job 92_XPY_48 started 1787189580291 core=4
job 31_TGAMMA_60 end 1787189591652
job 39_TGAMMA_12 started 1787189591653 core=1
job 32_TGAMMA_60 end 1787189592695
job 46_TGAMMA_12 started 1787189592695 core=0
job 39_TGAMMA_12 end 1787189598817
job 49_TGAMMA_120 started 1787189598817 core=1
job 46_TGAMMA_12 end 1787189599899
job 58_TGAMMA_120 started 1787189599899 core=0
job 72_XPY_48 end 1787189620431
job 98_XPY_48 started 1787189620431 core=5
job 92_XPY_48 end 1787189632880
job 20_DOT_36 started 1787189632880 core=4
job 20_DOT_36 end 1787189661763
job 22_DOT_84 started 1787189661763 core=4
job 58_TGAMMA_120 end 1787189670365
job 1_POW_24 started 1787189670365 core=0
job 49_TGAMMA_120 end 1787189670417
job 61_TGAMMA_120 started 1787189670417 core=1
job 98_XPY_48 end 1787189678149
job 33_DOT_36 started 1787189678149 core=5
job 33_DOT_36 end 1787189710259
job 43_DOT_36 started 1787189710259 core=5
job 61_TGAMMA_120 end 1787189740941
job 7_POW_12 started 1787189740941 core=1
job 43_DOT_36 end 1787189742877
job 14_POW_36 started 1787189742877 core=5
job 1_POW_24 end 1787189753788
job 9_SUM_132 started 1787189753788 core=0
job 22_DOT_84 end 1787189756120
job 95_COPY_84 started 1787189756120 core=4
job 7_POW_12 end 1787189774169
job 17_POW_24 started 1787189774169 core=1
job 17_POW_24 end 1787189838133
job 11_SUM_132 started 1787189838133 core=1
job 14_POW_36 end 1787189840005
job 21_POW_12 started 1787189840005 core=5
job 21_POW_12 end 1787189874507
job 23_POW_12 started 1787189874507 core=5
job 9_SUM_132 end 1787189880119
job 26_COPY_60 started 1787189880120 core=0
job 95_COPY_84 end 1787189882063
job 35_POW_36 started 1787189882064 core=4
job 23_POW_12 end 1787189907513
job 38_POW_24 started 1787189907514 core=5
job 11_SUM_132 end 1787189918810
job 12_SUM_108 started 1787189918811 core=1
job 38_POW_24 end 1787189973611
job 41_POW_24 started 1787189973611 core=5
job 26_COPY_60 end 1787189977894
job 63_COPY_60 started 1787189977895 core=0
job 12_SUM_108 end 1787189983553
job 47_POW_36 started 1787189983553 core=1
job 35_POW_36 end 1787190018006
job 15_SUM_132 started 1787190018006 core=4
job 41_POW_24 end 1787190036409
job 48_POW_36 started 1787190036410 core=5
job 63_COPY_60 end 1787190065994
job 64_COPY_60 started 1787190065995 core=0
job 47_POW_36 end 1787190078119
job 16_SUM_132 started 1787190078120 core=1
job 48_POW_36 end 1787190136918
job 51_POW_12 started 1787190136919 core=5
job 15_SUM_132 end 1787190147708
job 53_POW_36 started 1787190147708 core=4
job 16_SUM_132 end 1787190159693
job 69_COPY_60 started 1787190159694 core=1
job 64_COPY_60 end 1787190160021
job 57_POW_12 started 1787190160021 core=0
job 51_POW_12 end 1787190173261
job 62_POW_36 started 1787190173262 core=5
job 57_POW_12 end 1787190190776
job 27_SUM_84 started 1787190190776 core=0
job 27_SUM_84 end 1787190241319
job 34_SUM_84 started 1787190241319 core=0
job 53_POW_36 end 1787190248315
job 42_SUM_84 started 1787190248316 core=4
job 69_COPY_60 end 1787190252898
job 65_POW_24 started 1787190252899 core=1
job 34_SUM_84 end 1787190297035
job 44_DOT_84 started 1787190297035 core=0
job 62_POW_36 end 1787190297547
job 67_POW_36 started 1787190297547 core=5
job 42_SUM_84 end 1787190305972
job 52_SUM_84 started 1787190305972 core=4
job 65_POW_24 end 1787190323603
job 70_POW_36 started 1787190323604 core=1
job 52_SUM_84 end 1787190374360
job 54_SUM_84 started 1787190374361 core=4
job 44_DOT_84 end 1787190393434
job 55_DOT_84 started 1787190393434 core=0
job 67_POW_36 end 1787190403877
job 86_POW_12 started 1787190403877 core=5
job 70_POW_36 end 1787190430232
job 66_SUM_132 started 1787190430232 core=1
job 86_POW_12 end 1787190440577
job 97_POW_24 started 1787190440578 core=5
job 54_SUM_84 end 1787190443192
job 18_SQRTX_48 started 1787190443192 core=4
job 55_DOT_84 end 1787190490513
job 73_SUM_108 started 1787190490513 core=0
job 97_POW_24 end 1787190509673
job 75_SUM_84 started 1787190509673 core=5
job 66_SUM_132 end 1787190514465
job 74_TGAMMA_120 started 1787190514466 core=1
job 18_SQRTX_48 end 1787190521192
job 80_SUM_84 started 1787190521192 core=4
job 75_SUM_84 end 1787190549838
job 83_SUM_84 started 1787190549838 core=5
job 73_SUM_108 end 1787190566932
job 91_SUM_84 started 1787190566932 core=0
job 80_SUM_84 end 1787190581913
job 10_ERF_12 started 1787190581913 core=4
job 74_TGAMMA_120 end 1787190584601
job 78_TGAMMA_120 started 1787190584601 core=1
job 83_SUM_84 end 1787190588993
job 68_ERF_12 started 1787190588993 core=5
job 68_ERF_12 end 1787190605426
job 56_DOT_84 started 1787190605426 core=5
job 10_ERF_12 end 1787190606003
job 60_DOT_36 started 1787190606003 core=4
job 91_SUM_84 end 1787190624394
job 77_ERF_24 started 1787190624394 core=0
job 60_DOT_36 end 1787190649724
job 76_DOT_36 started 1787190649725 core=4
job 78_TGAMMA_120 end 1787190654543
job 88_TGAMMA_60 started 1787190654544 core=1
job 56_DOT_84 end 1787190679835
job 82_ERF_24 started 1787190679836 core=5
job 77_ERF_24 end 1787190687184
job 79_DOT_36 started 1787190687184 core=0
job 88_TGAMMA_60 end 1787190689503
job 89_TGAMMA_60 started 1787190689504 core=1
job 76_DOT_36 end 1787190691108
job 84_DOT_84 started 1787190691108 core=4
job 82_ERF_24 end 1787190714456
job 90_ERF_48 started 1787190714456 core=5
job 89_TGAMMA_60 end 1787190724291
job 93_TGAMMA_12 started 1787190724291 core=1
job 93_TGAMMA_12 end 1787190731253
job 85_DOT_36 started 1787190731254 core=1
job 79_DOT_36 end 1787190732471
job 94_TGAMMA_60 started 1787190732471 core=0
job 94_TGAMMA_60 end 1787190767610
job 87_DOT_84 started 1787190767610 core=0
job 85_DOT_36 end 1787190774288
job 37_SQRTX_48 started 1787190774289 core=1
job 84_DOT_84 end 1787190782034
job 71_SQRTX_48 started 1787190782035 core=4
job 90_ERF_48 end 1787190812731
job 96_ERF_12 started 1787190812731 core=5
job 96_ERF_12 end 1787190834718
job 99_ERF_48 started 1787190834718 core=5
job 37_SQRTX_48 end 1787190844752
job 87_DOT_84 end 1787190850764
job 71_SQRTX_48 end 1787190856689
job 99_ERF_48 end 1787190891197
  итерация 0: 1547760 ms
  среднее по 1 итерациям: 1547760 ms
=== Выполняется проект: no_po_balanced_24.txt (100 работ, перестановка ORDER) ===
fake 3 started 1787190891198 delay_ms=1
fake 1 started 1787190891198 delay_ms=0
fake 2 started 1787190891198 delay_ms=0
fake 2 end 1787190891198
fake 1 end 1787190891198
fake 0 started 1787190891198 delay_ms=0
fake 0 end 1787190891198
job 31_XPY_60 started 1787190891198 core=5
job 0_XPY_60 started 1787190891198 core=4
job 2_TGAMMA_12 started 1787190891198 core=0
fake 3 end 1787190891211
job 3_TGAMMA_120 started 1787190891212 core=1
job 2_TGAMMA_12 end 1787190898350
job 7_TGAMMA_12 started 1787190898350 core=0
job 7_TGAMMA_12 end 1787190905583
job 9_TGAMMA_120 started 1787190905583 core=0
job 0_XPY_60 end 1787190957040
job 70_XPY_60 started 1787190957040 core=4
job 31_XPY_60 end 1787190957270
job 1_XPY_48 started 1787190957270 core=5
job 3_TGAMMA_120 end 1787190962009
job 12_TGAMMA_12 started 1787190962009 core=1
job 12_TGAMMA_12 end 1787190969127
job 13_TGAMMA_12 started 1787190969127 core=1
job 13_TGAMMA_12 end 1787190976250
job 15_TGAMMA_60 started 1787190976250 core=1
job 9_TGAMMA_120 end 1787190976597
job 16_TGAMMA_60 started 1787190976598 core=0
job 1_XPY_48 end 1787191010046
job 6_XPY_48 started 1787191010046 core=5
job 15_TGAMMA_60 end 1787191011734
job 25_TGAMMA_120 started 1787191011735 core=1
job 16_TGAMMA_60 end 1787191012140
job 26_TGAMMA_120 started 1787191012140 core=0
job 70_XPY_60 end 1787191022888
job 24_XPY_48 started 1787191022888 core=4
job 6_XPY_48 end 1787191062769
job 78_XPY_48 started 1787191062770 core=5
job 24_XPY_48 end 1787191075415
job 90_XPY_60 started 1787191075415 core=4
job 25_TGAMMA_120 end 1787191082667
job 29_TGAMMA_60 started 1787191082667 core=1
job 26_TGAMMA_120 end 1787191083151
job 33_TGAMMA_120 started 1787191083151 core=0
job 78_XPY_48 end 1787191115470
job 94_XPY_60 started 1787191115470 core=5
job 29_TGAMMA_60 end 1787191118142
job 35_TGAMMA_60 started 1787191118142 core=1
job 90_XPY_60 end 1787191141300
job 27_DOT_84 started 1787191141300 core=4
job 35_TGAMMA_60 end 1787191153837
job 19_POW_12 started 1787191153837 core=1
job 33_TGAMMA_120 end 1787191154035
job 37_TGAMMA_12 started 1787191154036 core=0
job 37_TGAMMA_12 end 1787191161147
job 40_TGAMMA_12 started 1787191161148 core=0
job 40_TGAMMA_12 end 1787191168266
job 41_TGAMMA_60 started 1787191168266 core=0
job 94_XPY_60 end 1787191193654
job 56_DOT_36 started 1787191193654 core=5
job 41_TGAMMA_60 end 1787191203316
job 4_ERF_12 started 1787191203317 core=0
job 19_POW_12 end 1787191203377
job 43_TGAMMA_120 started 1787191203377 core=1
job 27_DOT_84 end 1787191213667
job 8_ERF_48 started 1787191213667 core=4
job 56_DOT_36 end 1787191226739
job 58_DOT_36 started 1787191226739 core=5
job 4_ERF_12 end 1787191230203
job 59_DOT_36 started 1787191230203 core=0
job 58_DOT_36 end 1787191257944
job 67_DOT_36 started 1787191257944 core=5
job 59_DOT_36 end 1787191272314
job 68_DOT_36 started 1787191272316 core=0
job 43_TGAMMA_120 end 1787191273413
job 47_TGAMMA_12 started 1787191273413 core=1
job 47_TGAMMA_12 end 1787191280452
job 53_TGAMMA_120 started 1787191280452 core=1
job 67_DOT_36 end 1787191289605
job 81_DOT_84 started 1787191289606 core=5
job 68_DOT_36 end 1787191314158
job 17_COPY_84 started 1787191314159 core=0
job 8_ERF_48 end 1787191340140
job 44_ERF_24 started 1787191340140 core=4
job 53_TGAMMA_120 end 1787191350366
job 73_TGAMMA_60 started 1787191350366 core=1
job 81_DOT_84 end 1787191358994
job 52_ERF_12 started 1787191358994 core=5
job 52_ERF_12 end 1787191374156
job 76_TGAMMA_60 started 1787191374157 core=5
job 73_TGAMMA_60 end 1787191384802
job 23_COPY_84 started 1787191384802 core=1
job 44_ERF_24 end 1787191399275
job 64_ERF_12 started 1787191399275 core=4
job 76_TGAMMA_60 end 1787191409013
job 55_COPY_84 started 1787191409013 core=5
job 17_COPY_84 end 1787191426868
job 79_TGAMMA_120 started 1787191426868 core=0
job 64_ERF_12 end 1787191428830
job 18_SQRTX_48 started 1787191428830 core=4
job 18_SQRTX_48 end 1787191470514
job 87_TGAMMA_60 started 1787191470514 core=4
job 79_TGAMMA_120 end 1787191495589
job 10_SQRTX_12 started 1787191495589 core=0
job 23_COPY_84 end 1787191498475
job 91_COPY_84 started 1787191498475 core=1
job 87_TGAMMA_60 end 1787191504692
job 30_SQRTX_12 started 1787191504692 core=4
job 10_SQRTX_12 end 1787191506881
job 97_TGAMMA_60 started 1787191506882 core=0
job 30_SQRTX_12 end 1787191515890
job 11_COPY_60 started 1787191515891 core=4
job 55_COPY_84 end 1787191538926
job 42_SQRTX_12 started 1787191538926 core=5
job 97_TGAMMA_60 end 1787191541914
job 51_SQRTX_12 started 1787191541914 core=0
job 42_SQRTX_12 end 1787191560206
job 20_POW_36 started 1787191560206 core=5
job 51_SQRTX_12 end 1787191563206
job 21_POW_12 started 1787191563207 core=0
job 11_COPY_60 end 1787191593413
job 28_POW_24 started 1787191593413 core=4
job 21_POW_12 end 1787191602487
job 5_SUM_132 started 1787191602488 core=0
job 91_COPY_84 end 1787191629394
job 22_COPY_60 started 1787191629394 core=1
job 28_POW_24 end 1787191658779
job 34_POW_24 started 1787191658779 core=4
job 5_SUM_132 end 1787191681884
job 39_POW_36 started 1787191681884 core=0
job 20_POW_36 end 1787191694252
job 14_SUM_84 started 1787191694253 core=5
job 22_COPY_60 end 1787191721606
job 36_COPY_60 started 1787191721606 core=1
job 34_POW_24 end 1787191722904
job 45_POW_24 started 1787191722904 core=4
job 14_SUM_84 end 1787191773760
job 32_SUM_108 started 1787191773761 core=5
job 39_POW_36 end 1787191777379
job 46_POW_36 started 1787191777379 core=0
job 45_POW_24 end 1787191786836
job 63_COPY_60 started 1787191786837 core=4
job 36_COPY_60 end 1787191808092
job 49_POW_12 started 1787191808093 core=1
job 49_POW_12 end 1787191841048
job 38_SUM_132 started 1787191841048 core=1
job 32_SUM_108 end 1787191852229
job 54_POW_24 started 1787191852230 core=5
job 63_COPY_60 end 1787191882914
job 80_COPY_60 started 1787191882914 core=4
job 46_POW_36 end 1787191911570
job 65_POW_24 started 1787191911570 core=0
job 54_POW_24 end 1787191918148
job 66_POW_12 started 1787191918148 core=5
job 38_SUM_132 end 1787191921263
job 48_SUM_84 started 1787191921263 core=1
job 66_POW_12 end 1787191951349
job 69_POW_12 started 1787191951350 core=5
job 48_SUM_84 end 1787191971667
job 74_POW_24 started 1787191971667 core=1
job 80_COPY_60 end 1787191978699
job 84_COPY_60 started 1787191978699 core=4
job 69_POW_12 end 1787191983527
job 50_SUM_84 started 1787191983527 core=5
job 65_POW_24 end 1787192003346
job 75_POW_12 started 1787192003346 core=0
job 50_SUM_84 end 1787192033973
job 82_POW_36 started 1787192033973 core=5
job 74_POW_24 end 1787192036737
job 57_SUM_108 started 1787192036737 core=1
job 75_POW_12 end 1787192049565
job 85_POW_36 started 1787192049565 core=0
job 84_COPY_60 end 1787192074208
job 88_COPY_60 started 1787192074208 core=4
job 57_SUM_108 end 1787192101388
job 60_SUM_132 started 1787192101389 core=1
job 82_POW_36 end 1787192133137
job 89_POW_12 started 1787192133138 core=5
job 89_POW_12 end 1787192166170
job 92_POW_36 started 1787192166170 core=5
job 88_COPY_60 end 1787192170523
job 95_COPY_60 started 1787192170523 core=4
job 60_SUM_132 end 1787192180704
job 96_POW_12 started 1787192180704 core=1
job 85_POW_36 end 1787192188301
job 61_SUM_108 started 1787192188302 core=0
job 96_POW_12 end 1787192212302
job 98_TGAMMA_12 started 1787192212302 core=1
job 98_TGAMMA_12 end 1787192219201
job 62_SUM_108 started 1787192219201 core=1
job 95_COPY_60 end 1787192260196
job 71_SUM_84 started 1787192260196 core=4
job 92_POW_36 end 1787192264605
job 72_SUM_132 started 1787192264606 core=5
job 61_SUM_108 end 1787192285597
job 77_SUM_84 started 1787192285597 core=0
job 62_SUM_108 end 1787192291382
job 83_SUM_84 started 1787192291382 core=1
job 71_SUM_84 end 1787192323074
job 86_SUM_84 started 1787192323074 core=4
job 77_SUM_84 end 1787192349295
job 93_SUM_132 started 1787192349295 core=0
job 83_SUM_84 end 1787192354407
job 99_COPY_60 started 1787192354408 core=1
job 72_SUM_132 end 1787192368423
job 86_SUM_84 end 1787192382721
job 93_SUM_132 end 1787192412102
job 99_COPY_60 end 1787192416193
  итерация 0: 1524994 ms
  среднее по 1 итерациям: 1524994 ms
=== Выполняется проект: no_po_balanced_25.txt (100 работ, перестановка ORDER) ===
fake 3 started 1787192416194 delay_ms=1
fake 2 started 1787192416194 delay_ms=0
fake 2 end 1787192416194
fake 0 started 1787192416194 delay_ms=0
fake 0 end 1787192416194
fake 1 started 1787192416194 delay_ms=0
fake 1 end 1787192416194
job 45_XPY_60 started 1787192416194 core=1
job 51_XPY_60 started 1787192416194 core=0
job 7_TGAMMA_60 started 1787192416194 core=4
fake 3 end 1787192416195
job 9_TGAMMA_12 started 1787192416195 core=5
job 9_TGAMMA_12 end 1787192423314
job 18_TGAMMA_120 started 1787192423315 core=5
job 7_TGAMMA_60 end 1787192451594
job 31_TGAMMA_60 started 1787192451594 core=4
job 45_XPY_60 end 1787192481955
job 76_XPY_60 started 1787192481955 core=1
job 51_XPY_60 end 1787192482280
job 3_XPY_48 started 1787192482280 core=0
job 31_TGAMMA_60 end 1787192487019
job 32_TGAMMA_60 started 1787192487020 core=4
job 18_TGAMMA_120 end 1787192494275
job 37_TGAMMA_60 started 1787192494276 core=5
job 32_TGAMMA_60 end 1787192522455
job 40_TGAMMA_60 started 1787192522455 core=4
job 37_TGAMMA_60 end 1787192529782
job 41_TGAMMA_12 started 1787192529782 core=5
job 3_XPY_48 end 1787192535111
job 10_XPY_48 started 1787192535112 core=0
job 41_TGAMMA_12 end 1787192536955
job 49_TGAMMA_12 started 1787192536956 core=5
job 49_TGAMMA_12 end 1787192544141
job 50_TGAMMA_120 started 1787192544141 core=5
job 76_XPY_60 end 1787192547702
job 35_XPY_48 started 1787192547702 core=1
job 40_TGAMMA_60 end 1787192557868
job 52_TGAMMA_120 started 1787192557868 core=4
job 10_XPY_48 end 1787192587896
job 36_XPY_48 started 1787192587896 core=0
job 35_XPY_48 end 1787192600314
job 60_XPY_48 started 1787192600314 core=1
job 50_TGAMMA_120 end 1787192615100
job 53_TGAMMA_12 started 1787192615100 core=5
job 53_TGAMMA_12 end 1787192622278
job 75_TGAMMA_12 started 1787192622278 core=5
job 52_TGAMMA_120 end 1787192628682
job 79_TGAMMA_120 started 1787192628682 core=4
job 75_TGAMMA_12 end 1787192629454
job 81_TGAMMA_12 started 1787192629455 core=5
job 81_TGAMMA_12 end 1787192636638
job 87_TGAMMA_120 started 1787192636639 core=5
job 36_XPY_48 end 1787192640679
job 69_XPY_48 started 1787192640679 core=0
job 60_XPY_48 end 1787192652932
job 92_XPY_48 started 1787192652932 core=1
job 69_XPY_48 end 1787192693316
job 15_DOT_36 started 1787192693316 core=0
job 79_TGAMMA_120 end 1787192699426
job 4_POW_12 started 1787192699427 core=4
job 92_XPY_48 end 1787192707193
job 24_DOT_36 started 1787192707193 core=1
job 87_TGAMMA_120 end 1787192707866
job 5_POW_12 started 1787192707866 core=5
job 15_DOT_36 end 1787192731933
job 0_SUM_132 started 1787192731934 core=0
job 4_POW_12 end 1787192740402
job 8_POW_12 started 1787192740403 core=4
job 24_DOT_36 end 1787192749319
job 12_POW_36 started 1787192749320 core=1
job 5_POW_12 end 1787192750366
job 11_COPY_84 started 1787192750366 core=5
job 8_POW_12 end 1787192773954
job 13_POW_36 started 1787192773954 core=4
job 0_SUM_132 end 1787192813065
job 2_SUM_108 started 1787192813065 core=0
job 13_POW_36 end 1787192872966
job 14_POW_24 started 1787192872968 core=4
job 2_SUM_108 end 1787192878089
job 77_COPY_84 started 1787192878090 core=0
job 11_COPY_84 end 1787192885077
job 16_POW_24 started 1787192885077 core=5
job 12_POW_36 end 1787192886308
job 6_SUM_108 started 1787192886308 core=1
job 6_SUM_108 end 1787192951138
job 17_POW_24 started 1787192951139 core=1
job 16_POW_24 end 1787192951294
job 21_POW_36 started 1787192951294 core=5
job 14_POW_24 end 1787192961441
job 19_SUM_132 started 1787192961441 core=4
job 77_COPY_84 end 1787193006761
job 25_COPY_60 started 1787193006761 core=0
job 17_POW_24 end 1787193014663
job 27_POW_36 started 1787193014663 core=1
job 21_POW_36 end 1787193046977
job 20_SUM_84 started 1787193046978 core=5
job 19_SUM_132 end 1787193087016
job 39_POW_12 started 1787193087017 core=4
job 20_SUM_84 end 1787193098725
job 26_COPY_60 started 1787193098725 core=5
job 25_COPY_60 end 1787193098923
job 42_POW_12 started 1787193098924 core=0
job 27_POW_36 end 1787193119195
job 47_POW_36 started 1787193119195 core=1
job 39_POW_12 end 1787193121647
job 22_SUM_108 started 1787193121647 core=4
job 42_POW_12 end 1787193130429
job 48_POW_12 started 1787193130429 core=0
job 48_POW_12 end 1787193163464
job 57_POW_12 started 1787193163464 core=0
job 22_SUM_108 end 1787193186457
job 33_COPY_60 started 1787193186457 core=4
job 26_COPY_60 end 1787193192318
job 23_SUM_108 started 1787193192318 core=5
job 57_POW_12 end 1787193199666
job 58_POW_36 started 1787193199666 core=0
job 47_POW_36 end 1787193238811
job 59_POW_12 started 1787193238811 core=1
job 23_SUM_108 end 1787193257136
job 63_POW_12 started 1787193257136 core=5
job 59_POW_12 end 1787193270881
job 29_SUM_108 started 1787193270881 core=1
job 33_COPY_60 end 1787193280800
job 44_COPY_60 started 1787193280800 core=4
job 63_POW_12 end 1787193289275
job 64_POW_12 started 1787193289275 core=5
job 64_POW_12 end 1787193322262
job 72_POW_24 started 1787193322262 core=5
job 29_SUM_108 end 1787193335917
job 86_POW_36 started 1787193335917 core=1
job 58_POW_36 end 1787193337549
job 30_SUM_108 started 1787193337550 core=0
job 44_COPY_60 end 1787193374726
job 61_COPY_60 started 1787193374727 core=4
job 72_POW_24 end 1787193386695
job 94_POW_24 started 1787193386695 core=5
job 86_POW_36 end 1787193431888
job 46_SUM_108 started 1787193431889 core=1
job 30_SUM_108 end 1787193437444
job 99_POW_12 started 1787193437445 core=0
job 94_POW_24 end 1787193451707
job 34_DOT_36 started 1787193451707 core=5
job 61_COPY_60 end 1787193465223
job 1_SQRTX_12 started 1787193465223 core=4
job 99_POW_12 end 1787193479591
job 88_TGAMMA_120 started 1787193479591 core=0
job 1_SQRTX_12 end 1787193482552
job 65_DOT_36 started 1787193482553 core=4
job 34_DOT_36 end 1787193492130
job 28_ERF_48 started 1787193492131 core=5
job 46_SUM_108 end 1787193509751
job 66_DOT_84 started 1787193509751 core=1
job 65_DOT_36 end 1787193513969
job 68_DOT_84 started 1787193513969 core=4
job 88_TGAMMA_120 end 1787193549952
job 91_TGAMMA_120 started 1787193549952 core=0
job 68_DOT_84 end 1787193587700
job 70_DOT_84 started 1787193587701 core=4
job 66_DOT_84 end 1787193609355
job 38_ERF_12 started 1787193609356 core=1
job 28_ERF_48 end 1787193613507
job 73_DOT_84 started 1787193613507 core=5
job 91_TGAMMA_120 end 1787193620222
job 93_TGAMMA_60 started 1787193620222 core=0
job 38_ERF_12 end 1787193639946
job 78_ERF_24 started 1787193639946 core=1
job 93_TGAMMA_60 end 1787193655373
job 95_TGAMMA_60 started 1787193655373 core=0
job 70_DOT_84 end 1787193660529
job 74_DOT_36 started 1787193660529 core=4
job 95_TGAMMA_60 end 1787193690545
job 82_ERF_48 started 1787193690545 core=0
job 74_DOT_36 end 1787193692786
job 96_TGAMMA_12 started 1787193692787 core=4
job 96_TGAMMA_12 end 1787193699707
job 97_TGAMMA_120 started 1787193699707 core=4
job 78_ERF_24 end 1787193702183
job 80_DOT_36 started 1787193702183 core=1
job 73_DOT_84 end 1787193712045
job 90_DOT_36 started 1787193712045 core=5
job 80_DOT_36 end 1787193747377
job 98_DOT_36 started 1787193747377 core=1
job 90_DOT_36 end 1787193757128
job 55_SUM_132 started 1787193757128 core=5
job 82_ERF_48 end 1787193761435
job 43_SQRTX_12 started 1787193761435 core=0
job 97_TGAMMA_120 end 1787193769219
job 84_ERF_48 started 1787193769219 core=4
job 43_SQRTX_12 end 1787193775893
job 85_SQRTX_48 started 1787193775894 core=0
job 98_DOT_36 end 1787193787280
job 54_SQRTX_12 started 1787193787280 core=1
job 54_SQRTX_12 end 1787193802877
job 67_SQRTX_12 started 1787193802877 core=1
job 67_SQRTX_12 end 1787193818476
job 56_SUM_84 started 1787193818476 core=1
job 55_SUM_132 end 1787193841171
job 62_SUM_84 started 1787193841172 core=5
job 85_SQRTX_48 end 1787193848432
job 71_SUM_84 started 1787193848432 core=0
job 84_ERF_48 end 1787193863127
job 83_SUM_108 started 1787193863127 core=4
job 56_SUM_84 end 1787193874642
job 89_SUM_132 started 1787193874642 core=1
job 62_SUM_84 end 1787193901833
job 71_SUM_84 end 1787193911232
job 83_SUM_108 end 1787193927490
job 89_SUM_132 end 1787193934772
  итерация 0: 1518578 ms
  среднее по 1 итерациям: 1518578 ms
=== Выполняется проект: no_po_balanced_26.txt (100 работ, перестановка ORDER) ===
fake 3 started 1787193934773 delay_ms=1
fake 2 started 1787193934773 delay_ms=0
fake 2 end 1787193934773
fake 0 started 1787193934773 delay_ms=0
fake 0 end 1787193934773
fake 1 started 1787193934773 delay_ms=0
fake 1 end 1787193934773
job 0_XPY_60 started 1787193934773 core=1
job 22_XPY_60 started 1787193934773 core=4
job 4_TGAMMA_12 started 1787193934773 core=0
fake 3 end 1787193934786
job 6_TGAMMA_60 started 1787193934787 core=5
job 4_TGAMMA_12 end 1787193941941
job 10_TGAMMA_120 started 1787193941941 core=0
job 6_TGAMMA_60 end 1787193970217
job 12_TGAMMA_60 started 1787193970218 core=5
job 0_XPY_60 end 1787194000691
job 43_XPY_60 started 1787194000691 core=1
job 22_XPY_60 end 1787194000700
job 39_XPY_48 started 1787194000700 core=4
job 12_TGAMMA_60 end 1787194005694
job 19_TGAMMA_120 started 1787194005694 core=5
job 10_TGAMMA_120 end 1787194013174
job 20_TGAMMA_60 started 1787194013174 core=0
job 20_TGAMMA_60 end 1787194048802
job 29_TGAMMA_12 started 1787194048802 core=0
job 39_XPY_48 end 1787194053368
job 61_XPY_48 started 1787194053368 core=4
job 29_TGAMMA_12 end 1787194055994
job 32_TGAMMA_60 started 1787194055994 core=0
job 43_XPY_60 end 1787194066421
job 76_XPY_48 started 1787194066421 core=1
job 19_TGAMMA_120 end 1787194076602
job 35_TGAMMA_60 started 1787194076602 core=5
job 32_TGAMMA_60 end 1787194091604
job 45_TGAMMA_120 started 1787194091605 core=0
job 61_XPY_48 end 1787194106040
job 82_XPY_48 started 1787194106040 core=4
job 35_TGAMMA_60 end 1787194112064
job 50_TGAMMA_12 started 1787194112065 core=5
job 76_XPY_48 end 1787194118982
job 71_XPY_60 started 1787194118982 core=1
job 50_TGAMMA_12 end 1787194119177
job 51_TGAMMA_120 started 1787194119177 core=5
job 82_XPY_48 end 1787194158551
job 91_XPY_60 started 1787194158551 core=4
job 45_TGAMMA_120 end 1787194162748
job 59_TGAMMA_12 started 1787194162748 core=0
job 59_TGAMMA_12 end 1787194169974
job 63_TGAMMA_120 started 1787194169974 core=0
job 71_XPY_60 end 1787194184734
job 99_XPY_60 started 1787194184734 core=1
job 51_TGAMMA_120 end 1787194189994
job 67_TGAMMA_60 started 1787194189995 core=5
job 91_XPY_60 end 1787194224282
job 1_DOT_36 started 1787194224282 core=4
job 67_TGAMMA_60 end 1787194225463
job 2_POW_36 started 1787194225463 core=5
job 63_TGAMMA_120 end 1787194240895
job 72_TGAMMA_60 started 1787194240895 core=0
job 1_DOT_36 end 1787194253504
job 28_DOT_84 started 1787194253505 core=4
job 99_XPY_60 end 1787194259995
job 33_DOT_84 started 1787194259996 core=1
job 72_TGAMMA_60 end 1787194275997
job 3_POW_12 started 1787194275997 core=0
job 3_POW_12 end 1787194318852
job 5_POW_24 started 1787194318852 core=0
job 28_DOT_84 end 1787194344686
job 7_POW_24 started 1787194344686 core=4
job 2_POW_36 end 1787194357819
job 9_SUM_108 started 1787194357819 core=5
job 33_DOT_84 end 1787194359084
job 11_COPY_84 started 1787194359084 core=1
job 5_POW_24 end 1787194390332
job 8_POW_24 started 1787194390332 core=0
job 7_POW_24 end 1787194409403
job 14_POW_36 started 1787194409403 core=4
job 8_POW_24 end 1787194454724
job 13_SUM_132 started 1787194454725 core=0
job 9_SUM_108 end 1787194457786
job 16_POW_24 started 1787194457787 core=5
job 11_COPY_84 end 1787194484103
job 17_COPY_84 started 1787194484104 core=1
job 14_POW_36 end 1787194507088
job 15_SUM_132 started 1787194507089 core=4
job 13_SUM_132 end 1787194537169
job 24_POW_12 started 1787194537170 core=0
job 16_POW_24 end 1787194552023
job 26_POW_24 started 1787194552024 core=5
job 24_POW_12 end 1787194570230
job 30_POW_24 started 1787194570230 core=0
job 15_SUM_132 end 1787194588957
job 34_POW_24 started 1787194588957 core=4
job 17_COPY_84 end 1787194618205
job 25_SUM_108 started 1787194618205 core=1
job 30_POW_24 end 1787194634564
job 21_COPY_84 started 1787194634564 core=0
job 26_POW_24 end 1787194635845
job 36_POW_36 started 1787194635845 core=5
job 34_POW_24 end 1787194660029
job 40_POW_36 started 1787194660030 core=4
job 25_SUM_108 end 1787194683152
job 38_SUM_108 started 1787194683154 core=1
job 36_POW_36 end 1787194734740
job 37_COPY_84 started 1787194734740 core=5
job 38_SUM_108 end 1787194754781
job 44_POW_24 started 1787194754781 core=1
job 21_COPY_84 end 1787194767984
job 41_SUM_132 started 1787194767984 core=0
job 40_POW_36 end 1787194788549
job 55_POW_12 started 1787194788549 core=4
job 55_POW_12 end 1787194821434
job 64_POW_36 started 1787194821435 core=4
job 44_POW_24 end 1787194846073
job 66_POW_24 started 1787194846074 core=1
job 41_SUM_132 end 1787194847895
job 46_SUM_132 started 1787194847895 core=0
job 37_COPY_84 end 1787194866234
job 68_COPY_84 started 1787194866235 core=5
job 64_POW_36 end 1787194920336
job 70_POW_12 started 1787194920336 core=4
job 46_SUM_132 end 1787194927491
job 73_POW_12 started 1787194927491 core=0
job 66_POW_24 end 1787194937606
job 74_POW_24 started 1787194937606 core=1
job 70_POW_12 end 1787194951602
job 48_SUM_132 started 1787194951602 core=4
job 73_POW_12 end 1787194959129
job 80_POW_24 started 1787194959129 core=0
job 68_COPY_84 end 1787194999112
job 77_COPY_84 started 1787194999112 core=5
job 80_POW_24 end 1787195025104
job 89_POW_36 started 1787195025104 core=0
job 74_POW_24 end 1787195028536
job 52_SUM_132 started 1787195028536 core=1
job 48_SUM_132 end 1787195030743
job 90_POW_12 started 1787195030743 core=4
job 90_POW_12 end 1787195062824
job 94_POW_24 started 1787195062824 core=4
job 89_POW_36 end 1787195121767
job 18_COPY_60 started 1787195121767 core=0
job 77_COPY_84 end 1787195126411
job 95_POW_12 started 1787195126412 core=5
job 94_POW_24 end 1787195128683
job 53_SUM_108 started 1787195128684 core=4
job 52_SUM_132 end 1787195140886
job 96_POW_12 started 1787195140886 core=1
job 95_POW_12 end 1787195159308
job 31_SQRTX_12 started 1787195159309 core=5
job 96_POW_12 end 1787195172556
job 49_SQRTX_12 started 1787195172556 core=1
job 31_SQRTX_12 end 1787195175450
job 85_TGAMMA_12 started 1787195175450 core=5
job 85_TGAMMA_12 end 1787195182343
job 92_TGAMMA_12 started 1787195182343 core=5
job 49_SQRTX_12 end 1787195184109
job 23_ERF_24 started 1787195184109 core=1
job 92_TGAMMA_12 end 1787195189241
job 81_DOT_36 started 1787195189241 core=5
job 18_COPY_60 end 1787195210114
job 98_TGAMMA_12 started 1787195210114 core=0
job 98_TGAMMA_12 end 1787195217209
job 88_DOT_84 started 1787195217209 core=0
job 53_SUM_108 end 1787195219173
job 79_SQRTX_12 started 1787195219173 core=4
job 81_DOT_36 end 1787195228646
job 97_SQRTX_48 started 1787195228646 core=5
job 23_ERF_24 end 1787195238121
job 62_ERF_12 started 1787195238121 core=1
job 79_SQRTX_12 end 1787195240066
job 69_ERF_48 started 1787195240067 core=4
job 62_ERF_12 end 1787195260817
job 84_ERF_12 started 1787195260817 core=1
job 84_ERF_12 end 1787195283685
job 86_ERF_48 started 1787195283686 core=1
job 97_SQRTX_48 end 1787195300539
job 27_COPY_60 started 1787195300540 core=5
job 88_DOT_84 end 1787195301835
job 87_ERF_12 started 1787195301836 core=0
job 87_ERF_12 end 1787195324020
job 56_SUM_84 started 1787195324020 core=0
job 69_ERF_48 end 1787195344968
job 58_SUM_108 started 1787195344968 core=4
job 56_SUM_84 end 1787195376708
job 65_SUM_132 started 1787195376708 core=0
job 27_COPY_60 end 1787195394924
job 75_SUM_108 started 1787195394924 core=5
job 86_ERF_48 end 1787195410701
job 78_SUM_132 started 1787195410701 core=1
job 58_SUM_108 end 1787195417047
job 93_SUM_132 started 1787195417047 core=4
job 65_SUM_132 end 1787195472254
job 42_COPY_60 started 1787195472255 core=0
job 75_SUM_108 end 1787195475652
job 47_COPY_60 started 1787195475652 core=5
job 78_SUM_132 end 1787195519492
job 54_COPY_60 started 1787195519492 core=1
job 93_SUM_132 end 1787195529539
job 57_COPY_60 started 1787195529540 core=4
job 42_COPY_60 end 1787195568650
job 60_COPY_60 started 1787195568650 core=0
job 47_COPY_60 end 1787195575871
job 83_COPY_60 started 1787195575871 core=5
job 54_COPY_60 end 1787195630271
job 57_COPY_60 end 1787195639834
job 83_COPY_60 end 1787195658467
job 60_COPY_60 end 1787195659010
  итерация 0: 1724237 ms
  среднее по 1 итерациям: 1724237 ms
=== Выполняется проект: no_po_balanced_27.txt (100 работ, перестановка ORDER) ===
fake 3 started 1787195659011 delay_ms=1
fake 2 started 1787195659011 delay_ms=0
fake 2 end 1787195659011
fake 0 started 1787195659011 delay_ms=0
fake 0 end 1787195659011
fake 1 started 1787195659011 delay_ms=0
fake 1 end 1787195659011
job 20_XPY_60 started 1787195659011 core=5
job 2_XPY_60 started 1787195659011 core=0
job 14_TGAMMA_120 started 1787195659011 core=4
fake 3 end 1787195659012
job 19_TGAMMA_120 started 1787195659012 core=1
job 20_XPY_60 end 1787195724857
job 36_XPY_60 started 1787195724857 core=5
job 2_XPY_60 end 1787195725166
job 61_XPY_48 started 1787195725166 core=0
job 14_TGAMMA_120 end 1787195729822
job 21_TGAMMA_12 started 1787195729823 core=4
job 19_TGAMMA_120 end 1787195729843
job 25_TGAMMA_60 started 1787195729844 core=1
job 21_TGAMMA_12 end 1787195737038
job 26_TGAMMA_120 started 1787195737038 core=4
job 25_TGAMMA_60 end 1787195765299
job 28_TGAMMA_60 started 1787195765299 core=1
job 61_XPY_48 end 1787195778087
job 70_XPY_48 started 1787195778088 core=0
job 36_XPY_60 end 1787195790677
job 91_XPY_48 started 1787195790677 core=5
job 28_TGAMMA_60 end 1787195800717
job 29_TGAMMA_12 started 1787195800717 core=1
job 29_TGAMMA_12 end 1787195807880
job 30_TGAMMA_120 started 1787195807880 core=1
job 26_TGAMMA_120 end 1787195807972
job 33_TGAMMA_120 started 1787195807973 core=4
job 70_XPY_48 end 1787195830888
job 78_XPY_60 started 1787195830888 core=0
job 91_XPY_48 end 1787195843338
job 4_DOT_84 started 1787195843338 core=5
job 30_TGAMMA_120 end 1787195878283
job 0_POW_36 started 1787195878283 core=1
job 33_TGAMMA_120 end 1787195879407
job 34_TGAMMA_60 started 1787195879407 core=4
job 78_XPY_60 end 1787195904066
job 8_DOT_36 started 1787195904066 core=0
job 34_TGAMMA_60 end 1787195915300
job 5_POW_36 started 1787195915300 core=4
job 4_DOT_84 end 1787195923898
job 1_SUM_132 started 1787195923898 core=5
job 8_DOT_36 end 1787195943097
job 42_COPY_84 started 1787195943097 core=0
job 0_POW_36 end 1787195986640
job 9_POW_36 started 1787195986640 core=1
job 1_SUM_132 end 1787196004977
job 3_SUM_132 started 1787196004977 core=5
job 5_POW_36 end 1787196050486
job 10_POW_24 started 1787196050487 core=4
job 42_COPY_84 end 1787196079195
job 44_COPY_84 started 1787196079195 core=0
job 3_SUM_132 end 1787196084083
job 12_POW_12 started 1787196084084 core=5
job 9_POW_36 end 1787196085592
job 18_POW_12 started 1787196085592 core=1
job 12_POW_12 end 1787196114986
job 6_SUM_132 started 1787196114986 core=5
job 18_POW_12 end 1787196116796
job 22_POW_24 started 1787196116797 core=1
job 10_POW_24 end 1787196139870
job 31_POW_24 started 1787196139870 core=4
job 22_POW_24 end 1787196182702
job 48_COPY_84 started 1787196182702 core=1
job 6_SUM_132 end 1787196200000
job 7_SUM_84 started 1787196200000 core=5
job 44_COPY_84 end 1787196209783
job 41_POW_36 started 1787196209783 core=0
job 31_POW_24 end 1787196224532
job 50_POW_36 started 1787196224532 core=4
job 7_SUM_84 end 1787196278069
job 13_SUM_132 started 1787196278069 core=5
job 48_COPY_84 end 1787196305422
job 60_COPY_84 started 1787196305422 core=1
job 41_POW_36 end 1787196306037
job 56_POW_24 started 1787196306037 core=0
job 50_POW_36 end 1787196320329
job 62_POW_36 started 1787196320329 core=4
job 56_POW_24 end 1787196370316
job 16_SUM_84 started 1787196370316 core=0
job 13_SUM_132 end 1787196403176
job 64_POW_12 started 1787196403177 core=5
job 62_POW_36 end 1787196419227
job 23_SUM_108 started 1787196419227 core=4
job 16_SUM_84 end 1787196422425
job 65_POW_12 started 1787196422425 core=0
job 60_COPY_84 end 1787196433556
job 74_POW_24 started 1787196433556 core=1
job 64_POW_12 end 1787196445308
job 75_COPY_84 started 1787196445309 core=5
job 65_POW_12 end 1787196455381
job 87_POW_12 started 1787196455381 core=0
job 23_SUM_108 end 1787196484352
job 24_SUM_84 started 1787196484352 core=4
job 87_POW_12 end 1787196488618
job 90_POW_12 started 1787196488618 core=0
job 74_POW_24 end 1787196521619
job 52_SQRTX_48 started 1787196521619 core=1
job 90_POW_12 end 1787196521652
job 32_SUM_84 started 1787196521652 core=0
job 24_SUM_84 end 1787196535630
job 38_TGAMMA_12 started 1787196535630 core=4
job 38_TGAMMA_12 end 1787196542627
job 40_TGAMMA_60 started 1787196542627 core=4
job 32_SUM_84 end 1787196560663
job 15_DOT_36 started 1787196560663 core=0
job 40_TGAMMA_60 end 1787196577389
job 11_ERF_12 started 1787196577389 core=4
job 75_COPY_84 end 1787196579130
job 49_TGAMMA_60 started 1787196579131 core=5
job 15_DOT_36 end 1787196591035
job 17_DOT_36 started 1787196591035 core=0
job 52_SQRTX_48 end 1787196596492
job 39_DOT_36 started 1787196596493 core=1
job 11_ERF_12 end 1787196605407
job 27_ERF_12 started 1787196605407 core=4
job 49_TGAMMA_60 end 1787196614000
job 53_TGAMMA_60 started 1787196614000 core=5
job 39_DOT_36 end 1787196628127
job 63_DOT_36 started 1787196628127 core=1
job 17_DOT_36 end 1787196632534
job 35_ERF_24 started 1787196632535 core=0
job 27_ERF_12 end 1787196635959
job 77_DOT_84 started 1787196635959 core=4
job 53_TGAMMA_60 end 1787196649053
job 54_TGAMMA_12 started 1787196649054 core=5
job 54_TGAMMA_12 end 1787196656128
job 55_TGAMMA_60 started 1787196656128 core=5
job 63_DOT_36 end 1787196659078
job 81_DOT_36 started 1787196659078 core=1
job 81_DOT_36 end 1787196690705
job 71_ERF_12 started 1787196690705 core=1
job 55_TGAMMA_60 end 1787196691233
job 59_TGAMMA_60 started 1787196691233 core=5
job 35_ERF_24 end 1787196694658
job 88_DOT_84 started 1787196694658 core=0
job 71_ERF_12 end 1787196707936
job 83_ERF_48 started 1787196707937 core=1
job 59_TGAMMA_60 end 1787196726039
job 94_DOT_84 started 1787196726040 core=5
job 77_DOT_84 end 1787196737931
job 66_TGAMMA_120 started 1787196737932 core=4
job 88_DOT_84 end 1787196782259
job 80_COPY_84 started 1787196782260 core=0
job 66_TGAMMA_120 end 1787196808440
job 68_TGAMMA_12 started 1787196808440 core=4
job 68_TGAMMA_12 end 1787196815655
job 73_TGAMMA_12 started 1787196815655 core=4
job 83_ERF_48 end 1787196819046
job 76_TGAMMA_12 started 1787196819046 core=1
job 94_DOT_84 end 1787196820299
job 89_ERF_24 started 1787196820299 core=5
job 73_TGAMMA_12 end 1787196822835
job 93_COPY_84 started 1787196822836 core=4
job 76_TGAMMA_12 end 1787196825953
job 79_TGAMMA_12 started 1787196825954 core=1
job 79_TGAMMA_12 end 1787196832831
job 84_TGAMMA_60 started 1787196832831 core=1
job 89_ERF_24 end 1787196850538
job 85_TGAMMA_60 started 1787196850538 core=5
job 84_TGAMMA_60 end 1787196867166
job 99_ERF_24 started 1787196867166 core=1
job 85_TGAMMA_60 end 1787196884829
job 86_TGAMMA_60 started 1787196884829 core=5
job 99_ERF_24 end 1787196897443
job 57_COPY_60 started 1787196897443 core=1
job 80_COPY_84 end 1787196898092
job 67_SQRTX_48 started 1787196898092 core=0
job 86_TGAMMA_60 end 1787196919662
job 97_COPY_60 started 1787196919662 core=5
job 93_COPY_84 end 1787196944401
job 92_TGAMMA_60 started 1787196944402 core=4
job 67_SQRTX_48 end 1787196963352
job 96_TGAMMA_120 started 1787196963352 core=0
job 57_COPY_60 end 1787196978206
job 37_SUM_108 started 1787196978206 core=1
job 92_TGAMMA_60 end 1787196978709
job 43_SUM_108 started 1787196978709 core=4
job 97_COPY_60 end 1787197010335
job 45_SUM_132 started 1787197010336 core=5
job 43_SUM_108 end 1787197026458
job 98_TGAMMA_60 started 1787197026458 core=4
job 96_TGAMMA_120 end 1787197032937
job 46_SUM_108 started 1787197032937 core=0
job 37_SUM_108 end 1787197061384
job 47_SUM_108 started 1787197061384 core=1
job 98_TGAMMA_60 end 1787197061445
job 69_SQRTX_48 started 1787197061445 core=4
job 46_SUM_108 end 1787197096740
job 51_SUM_84 started 1787197096740 core=0
job 45_SUM_132 end 1787197099196
job 58_SUM_132 started 1787197099197 core=5
job 69_SQRTX_48 end 1787197131574
job 72_SUM_108 started 1787197131575 core=4
job 47_SUM_108 end 1787197134373
job 82_SUM_108 started 1787197134373 core=1
job 51_SUM_84 end 1787197159179
job 95_SUM_108 started 1787197159179 core=0
job 58_SUM_132 end 1787197194706
job 82_SUM_108 end 1787197206297
job 72_SUM_108 end 1787197209353
job 95_SUM_108 end 1787197218114
  итерация 0: 1559103 ms
  среднее по 1 итерациям: 1559103 ms
=== Выполняется проект: no_po_balanced_28.txt (100 работ, перестановка ORDER) ===
fake 3 started 1787197218115 delay_ms=1
fake 2 started 1787197218115 delay_ms=0
fake 2 end 1787197218115
fake 0 started 1787197218115 delay_ms=0
fake 0 end 1787197218115
fake 1 started 1787197218115 delay_ms=0
fake 1 end 1787197218115
job 21_XPY_48 started 1787197218115 core=0
job 81_XPY_48 started 1787197218115 core=4
fake 3 end 1787197218116
job 2_TGAMMA_12 started 1787197218116 core=1
job 6_TGAMMA_60 started 1787197218117 core=5
job 2_TGAMMA_12 end 1787197224938
job 9_TGAMMA_60 started 1787197224938 core=1
job 6_TGAMMA_60 end 1787197252306
job 14_TGAMMA_12 started 1787197252306 core=5
job 9_TGAMMA_60 end 1787197259116
job 22_TGAMMA_60 started 1787197259117 core=1
job 14_TGAMMA_12 end 1787197259139
job 24_TGAMMA_120 started 1787197259139 core=5
job 81_XPY_48 end 1787197271259
job 92_XPY_48 started 1787197271259 core=4
job 21_XPY_48 end 1787197271561
job 96_XPY_48 started 1787197271561 core=0
job 22_TGAMMA_60 end 1787197293309
job 27_TGAMMA_12 started 1787197293309 core=1
job 27_TGAMMA_12 end 1787197300124
job 30_TGAMMA_12 started 1787197300124 core=1
job 30_TGAMMA_12 end 1787197306936
job 32_TGAMMA_12 started 1787197306937 core=1
job 32_TGAMMA_12 end 1787197313748
job 33_TGAMMA_12 started 1787197313748 core=1
job 33_TGAMMA_12 end 1787197320562
job 98_XPY_48 started 1787197320563 core=1
job 92_XPY_48 end 1787197326913
job 13_DOT_84 started 1787197326913 core=4
job 96_XPY_48 end 1787197327547
job 4_POW_36 started 1787197327548 core=0
job 24_TGAMMA_120 end 1787197327788
job 40_TGAMMA_60 started 1787197327788 core=5
job 40_TGAMMA_60 end 1787197363922
job 42_TGAMMA_120 started 1787197363922 core=5
job 98_XPY_48 end 1787197380369
job 16_DOT_36 started 1787197380369 core=1
job 16_DOT_36 end 1787197412429
job 18_DOT_84 started 1787197412429 core=1
job 13_DOT_84 end 1787197421677
job 19_DOT_84 started 1787197421677 core=4
job 42_TGAMMA_120 end 1787197434699
job 23_ERF_24 started 1787197434699 core=5
job 4_POW_36 end 1787197447580
job 45_TGAMMA_120 started 1787197447580 core=0
job 23_ERF_24 end 1787197499979
job 28_ERF_48 started 1787197499979 core=5
job 19_DOT_84 end 1787197502298
job 37_DOT_36 started 1787197502298 core=4
job 18_DOT_84 end 1787197503625
job 46_TGAMMA_120 started 1787197503625 core=1
job 45_TGAMMA_120 end 1787197517797
job 49_DOT_36 started 1787197517797 core=0
job 37_DOT_36 end 1787197537755
job 55_DOT_36 started 1787197537755 core=4
job 49_DOT_36 end 1787197563042
job 70_DOT_84 started 1787197563042 core=0
job 28_ERF_48 end 1787197570840
job 74_DOT_36 started 1787197570840 core=5
job 46_TGAMMA_120 end 1787197573106
job 57_TGAMMA_60 started 1787197573106 core=1
job 55_DOT_36 end 1787197584670
job 31_ERF_24 started 1787197584670 core=4
job 74_DOT_36 end 1787197603277
job 60_TGAMMA_12 started 1787197603277 core=5
job 57_TGAMMA_60 end 1787197608131
job 77_DOT_36 started 1787197608131 core=1
job 60_TGAMMA_12 end 1787197610171
job 61_TGAMMA_60 started 1787197610171 core=5
job 77_DOT_36 end 1787197639724
job 95_DOT_84 started 1787197639724 core=1
job 61_TGAMMA_60 end 1787197645304
job 0_COPY_84 started 1787197645304 core=5
job 31_ERF_24 end 1787197645418
job 41_ERF_12 started 1787197645418 core=4
job 70_DOT_84 end 1787197661302
job 62_TGAMMA_60 started 1787197661302 core=0
job 41_ERF_12 end 1787197669196
job 43_ERF_12 started 1787197669197 core=4
job 43_ERF_12 end 1787197685359
job 68_TGAMMA_60 started 1787197685359 core=4
job 62_TGAMMA_60 end 1787197695905
job 50_ERF_12 started 1787197695905 core=0
job 50_ERF_12 end 1787197712060
job 69_TGAMMA_12 started 1787197712060 core=0
job 69_TGAMMA_12 end 1787197718907
job 5_COPY_84 started 1787197718907 core=0
job 68_TGAMMA_60 end 1787197719737
job 71_ERF_48 started 1787197719737 core=4
job 95_DOT_84 end 1787197749703
job 72_TGAMMA_120 started 1787197749703 core=1
job 0_COPY_84 end 1787197763452
job 20_COPY_84 started 1787197763452 core=5
job 72_TGAMMA_120 end 1787197820021
job 73_TGAMMA_120 started 1787197820021 core=1
job 5_COPY_84 end 1787197839285
job 86_ERF_48 started 1787197839286 core=0
job 71_ERF_48 end 1787197844580
job 48_COPY_84 started 1787197844580 core=4
job 20_COPY_84 end 1787197855220
job 84_TGAMMA_12 started 1787197855220 core=5
job 84_TGAMMA_12 end 1787197862027
job 66_COPY_84 started 1787197862027 core=5
job 73_TGAMMA_120 end 1787197890130
job 88_TGAMMA_120 started 1787197890130 core=1
job 66_COPY_84 end 1787197954106
job 93_ERF_48 started 1787197954106 core=5
job 48_COPY_84 end 1787197956320
job 90_TGAMMA_12 started 1787197956320 core=4
job 86_ERF_48 end 1787197957885
job 79_COPY_84 started 1787197957885 core=0
job 88_TGAMMA_120 end 1787197960331
job 7_POW_36 started 1787197960331 core=1
job 90_TGAMMA_12 end 1787197963291
job 1_SUM_132 started 1787197963291 core=4
job 93_ERF_48 end 1787198043559
job 8_POW_24 started 1787198043559 core=5
job 7_POW_36 end 1787198058072
job 25_POW_24 started 1787198058072 core=1
job 79_COPY_84 end 1787198077666
job 94_COPY_84 started 1787198077666 core=0
job 1_SUM_132 end 1787198081694
job 10_SUM_108 started 1787198081695 core=4
job 8_POW_24 end 1787198107553
job 26_POW_24 started 1787198107554 core=5
job 25_POW_24 end 1787198122009
job 29_POW_12 started 1787198122009 core=1
job 29_POW_12 end 1787198153980
job 12_SUM_132 started 1787198153980 core=1
job 26_POW_24 end 1787198173297
job 36_POW_36 started 1787198173297 core=5
job 10_SUM_108 end 1787198185742
job 39_POW_24 started 1787198185742 core=4
job 94_COPY_84 end 1787198204392
job 97_COPY_84 started 1787198204392 core=0
job 12_SUM_132 end 1787198234284
job 15_SUM_132 started 1787198234284 core=1
job 36_POW_36 end 1787198272685
job 44_POW_24 started 1787198272685 core=5
job 39_POW_24 end 1787198278006
job 47_POW_12 started 1787198278006 core=4
job 15_SUM_132 end 1787198313529
job 54_POW_36 started 1787198313529 core=1
job 47_POW_12 end 1787198323572
job 11_COPY_60 started 1787198323573 core=4
job 44_POW_24 end 1787198336836
job 58_POW_36 started 1787198336836 core=5
job 97_COPY_84 end 1787198341428
job 34_SUM_132 started 1787198341428 core=0
job 54_POW_36 end 1787198408055
job 17_COPY_60 started 1787198408055 core=1
job 11_COPY_60 end 1787198414567
job 35_SUM_108 started 1787198414567 core=4
job 58_POW_36 end 1787198444610
job 59_POW_24 started 1787198444610 core=5
job 34_SUM_132 end 1787198451156
job 63_POW_36 started 1787198451156 core=0
job 35_SUM_108 end 1787198482623
job 65_POW_36 started 1787198482623 core=4
job 17_COPY_60 end 1787198504052
job 38_SUM_108 started 1787198504052 core=1
job 59_POW_24 end 1787198527367
job 51_COPY_60 started 1787198527367 core=5
job 63_POW_36 end 1787198548575
job 78_POW_12 started 1787198548575 core=0
job 65_POW_36 end 1787198578660
job 52_SUM_132 started 1787198578660 core=4
job 78_POW_12 end 1787198581108
job 83_POW_12 started 1787198581108 core=0
job 38_SUM_108 end 1787198593649
job 76_COPY_60 started 1787198593649 core=1
job 83_POW_12 end 1787198614350
job 85_POW_36 started 1787198614350 core=0
job 51_COPY_60 end 1787198624350
job 89_POW_24 started 1787198624351 core=5
job 52_SUM_132 end 1787198658007
job 53_SUM_132 started 1787198658007 core=4
job 76_COPY_60 end 1787198697541
job 87_COPY_60 started 1787198697541 core=1
job 85_POW_36 end 1787198713585
job 99_POW_36 started 1787198713585 core=0
job 89_POW_24 end 1787198716821
job 3_SQRTX_12 started 1787198716821 core=5
job 53_SUM_132 end 1787198736539
job 56_SUM_108 started 1787198736540 core=4
job 3_SQRTX_12 end 1787198740327
job 64_SUM_84 started 1787198740327 core=5
job 87_COPY_60 end 1787198793996
job 67_SUM_132 started 1787198793996 core=1
job 56_SUM_108 end 1787198804277
job 75_SUM_132 started 1787198804278 core=4
job 64_SUM_84 end 1787198815161
job 80_SUM_108 started 1787198815161 core=5
job 99_POW_36 end 1787198817220
job 82_SUM_132 started 1787198817220 core=0
job 67_SUM_132 end 1787198892088
job 91_SUM_108 started 1787198892088 core=1
job 80_SUM_108 end 1787198896639
job 75_SUM_132 end 1787198902160
job 82_SUM_132 end 1787198909512
job 91_SUM_108 end 1787198925962
  итерация 0: 1707847 ms
  среднее по 1 итерациям: 1707847 ms
=== Выполняется проект: no_po_balanced_29.txt (100 работ, перестановка ORDER) ===
fake 3 started 1787198925963 delay_ms=1
fake 2 started 1787198925963 delay_ms=0
fake 2 end 1787198925963
fake 0 started 1787198925963 delay_ms=0
fake 0 end 1787198925963
fake 1 started 1787198925963 delay_ms=0
fake 1 end 1787198925963
job 11_XPY_60 started 1787198925963 core=1
job 24_XPY_60 started 1787198925963 core=0
job 0_TGAMMA_12 started 1787198925963 core=4
fake 3 end 1787198925964
job 4_TGAMMA_120 started 1787198925964 core=5
job 0_TGAMMA_12 end 1787198933117
job 7_TGAMMA_12 started 1787198933117 core=4
job 7_TGAMMA_12 end 1787198940312
job 10_TGAMMA_120 started 1787198940312 core=4
job 11_XPY_60 end 1787198991824
job 71_XPY_60 started 1787198991825 core=1
job 24_XPY_60 end 1787198992029
job 1_XPY_48 started 1787198992029 core=0
job 4_TGAMMA_120 end 1787198996819
job 12_TGAMMA_120 started 1787198996819 core=5
job 10_TGAMMA_120 end 1787199011275
job 35_TGAMMA_12 started 1787199011278 core=4
job 35_TGAMMA_12 end 1787199018485
job 37_TGAMMA_120 started 1787199018485 core=4
job 1_XPY_48 end 1787199044933
job 48_XPY_48 started 1787199044934 core=0
job 71_XPY_60 end 1787199057597
job 90_XPY_60 started 1787199057597 core=1
job 12_TGAMMA_120 end 1787199067757
job 38_TGAMMA_60 started 1787199067758 core=5
job 37_TGAMMA_120 end 1787199089475
job 42_TGAMMA_120 started 1787199089475 core=4
job 48_XPY_48 end 1787199097748
job 97_XPY_60 started 1787199097748 core=0
job 38_TGAMMA_60 end 1787199103247
job 44_TGAMMA_120 started 1787199103247 core=5
job 90_XPY_60 end 1787199123440
job 6_DOT_84 started 1787199123440 core=1
job 42_TGAMMA_120 end 1787199161085
job 3_POW_12 started 1787199161086 core=4
job 97_XPY_60 end 1787199170436
job 18_DOT_84 started 1787199170437 core=0
job 44_TGAMMA_120 end 1787199173379
job 9_POW_12 started 1787199173379 core=5
job 6_DOT_84 end 1787199199202
job 13_POW_24 started 1787199199202 core=1
job 3_POW_12 end 1787199204583
job 8_SUM_108 started 1787199204584 core=4
job 9_POW_12 end 1787199213274
job 14_POW_24 started 1787199213275 core=5
job 18_DOT_84 end 1787199267835
job 32_COPY_84 started 1787199267835 core=0
job 13_POW_24 end 1787199269903
job 17_POW_12 started 1787199269903 core=1
job 14_POW_24 end 1787199282924
job 19_SUM_132 started 1787199282924 core=5
job 8_SUM_108 end 1787199295323
job 20_POW_36 started 1787199295324 core=4
job 17_POW_12 end 1787199303250
job 22_POW_36 started 1787199303251 core=1
job 19_SUM_132 end 1787199362726
job 31_SUM_84 started 1787199362727 core=5
job 22_POW_36 end 1787199402253
job 36_COPY_84 started 1787199402253 core=1
job 32_COPY_84 end 1787199402585
job 27_POW_12 started 1787199402585 core=0
job 31_SUM_84 end 1787199418572
job 28_POW_36 started 1787199418572 core=5
job 20_POW_36 end 1787199424148
job 45_SUM_132 started 1787199424148 core=4
job 27_POW_12 end 1787199434850
job 46_POW_12 started 1787199434850 core=0
job 46_POW_12 end 1787199467930
job 50_POW_12 started 1787199467930 core=0
job 50_POW_12 end 1787199500952
job 57_POW_12 started 1787199500953 core=0
job 45_SUM_132 end 1787199503551
job 40_COPY_84 started 1787199503551 core=4
job 36_COPY_84 end 1787199532091
job 52_SUM_132 started 1787199532091 core=1
job 57_POW_12 end 1787199543164
job 59_POW_36 started 1787199543164 core=0
job 28_POW_36 end 1787199547939
job 60_POW_12 started 1787199547939 core=5
job 60_POW_12 end 1787199580883
job 65_POW_36 started 1787199580883 core=5
job 52_SUM_132 end 1787199611427
job 53_SUM_84 started 1787199611428 core=1
job 40_COPY_84 end 1787199635911
job 67_COPY_84 started 1787199635912 core=4
job 53_SUM_84 end 1787199661649
job 70_POW_24 started 1787199661649 core=1
job 65_POW_36 end 1787199678591
job 54_SUM_108 started 1787199678591 core=5
job 59_POW_36 end 1787199680758
job 72_POW_12 started 1787199680758 core=0
job 70_POW_24 end 1787199726579
job 78_POW_24 started 1787199726579 core=1
job 72_POW_12 end 1787199727332
job 84_POW_36 started 1787199727333 core=0
job 54_SUM_108 end 1787199743432
job 63_SUM_84 started 1787199743432 core=5
job 67_COPY_84 end 1787199769814
job 68_COPY_84 started 1787199769814 core=4
job 78_POW_24 end 1787199792415
job 91_POW_24 started 1787199792415 core=1
job 63_SUM_84 end 1787199793821
job 73_SUM_84 started 1787199793821 core=5
job 73_SUM_84 end 1787199844254
job 55_SQRTX_12 started 1787199844254 core=5
job 91_POW_24 end 1787199857162
job 77_SQRTX_12 started 1787199857162 core=1
job 55_SQRTX_12 end 1787199859669
job 47_TGAMMA_120 started 1787199859669 core=5
job 84_POW_36 end 1787199863632
job 30_DOT_36 started 1787199863633 core=0
job 77_SQRTX_12 end 1787199868722
job 2_ERF_12 started 1787199868723 core=1
job 2_ERF_12 end 1787199884829
job 33_DOT_36 started 1787199884829 core=1
job 68_COPY_84 end 1787199901298
job 34_DOT_36 started 1787199901298 core=4
job 33_DOT_36 end 1787199916683
job 15_ERF_24 started 1787199916683 core=1
job 30_DOT_36 end 1787199917562
job 39_DOT_84 started 1787199917562 core=0
job 47_TGAMMA_120 end 1787199929358
job 51_TGAMMA_120 started 1787199929359 core=5
job 34_DOT_36 end 1787199948653
job 43_DOT_36 started 1787199948653 core=4
job 15_ERF_24 end 1787199951825
job 26_ERF_24 started 1787199951825 core=1
job 26_ERF_24 end 1787199987481
job 49_DOT_84 started 1787199987481 core=1
job 43_DOT_36 end 1787199994554
job 61_TGAMMA_60 started 1787199994554 core=4
job 51_TGAMMA_120 end 1787199999215
job 81_ERF_48 started 1787199999215 core=5
job 39_DOT_84 end 1787200015184
job 58_DOT_36 started 1787200015184 core=0
job 61_TGAMMA_60 end 1787200029684
job 64_TGAMMA_120 started 1787200029685 core=4
job 58_DOT_36 end 1787200046985
job 83_DOT_36 started 1787200046985 core=0
job 83_DOT_36 end 1787200078649
job 89_DOT_36 started 1787200078650 core=0
job 49_DOT_84 end 1787200083366
job 74_COPY_84 started 1787200083366 core=1
job 64_TGAMMA_120 end 1787200099818
job 5_COPY_60 started 1787200099819 core=4
job 89_DOT_36 end 1787200114716
job 66_TGAMMA_120 started 1787200114716 core=0
job 81_ERF_48 end 1787200128798
job 82_ERF_12 started 1787200128798 core=5
job 82_ERF_12 end 1787200160259
job 93_ERF_12 started 1787200160260 core=5
job 5_COPY_60 end 1787200170676
job 23_SQRTX_48 started 1787200170676 core=4
job 66_TGAMMA_120 end 1787200184964
job 69_TGAMMA_120 started 1787200184964 core=0
job 93_ERF_12 end 1787200190428
job 16_COPY_60 started 1787200190428 core=5
job 74_COPY_84 end 1787200203802
job 21_COPY_60 started 1787200203805 core=1
job 23_SQRTX_48 end 1787200213000
job 62_SQRTX_48 started 1787200213000 core=4
job 69_TGAMMA_120 end 1787200253950
job 75_TGAMMA_12 started 1787200253950 core=0
job 62_SQRTX_48 end 1787200254830
job 76_TGAMMA_120 started 1787200254830 core=4
job 75_TGAMMA_12 end 1787200260788
job 25_COPY_60 started 1787200260788 core=0
job 16_COPY_60 end 1787200288824
job 29_COPY_60 started 1787200288824 core=5
job 21_COPY_60 end 1787200303207
job 79_SUM_84 started 1787200303208 core=1
job 76_TGAMMA_120 end 1787200325098
job 85_TGAMMA_12 started 1787200325098 core=4
job 25_COPY_60 end 1787200328182
job 86_TGAMMA_120 started 1787200328182 core=0
job 85_TGAMMA_12 end 1787200332096
job 80_SUM_132 started 1787200332097 core=4
job 79_SUM_84 end 1787200375415
job 87_SUM_108 started 1787200375415 core=1
job 29_COPY_60 end 1787200382431
job 88_SUM_132 started 1787200382432 core=5
job 80_SUM_132 end 1787200389669
job 92_TGAMMA_120 started 1787200389669 core=4
job 86_TGAMMA_120 end 1787200397911
job 95_SUM_84 started 1787200397911 core=0
job 95_SUM_84 end 1787200437616
job 41_COPY_60 started 1787200437616 core=0
job 87_SUM_108 end 1787200448975
job 56_COPY_60 started 1787200448975 core=1
job 92_TGAMMA_120 end 1787200460135
job 94_TGAMMA_12 started 1787200460135 core=4
job 94_TGAMMA_12 end 1787200467316
job 96_TGAMMA_12 started 1787200467316 core=4
job 96_TGAMMA_12 end 1787200474491
job 98_TGAMMA_120 started 1787200474492 core=4
job 88_SUM_132 end 1787200477712
job 99_TGAMMA_12 started 1787200477713 core=5
job 99_TGAMMA_12 end 1787200484773
job 41_COPY_60 end 1787200507132
job 56_COPY_60 end 1787200511650
job 98_TGAMMA_120 end 1787200543333
  итерация 0: 1617370 ms
  среднее по 1 итерациям: 1617370 ms
=== Выполняется проект: no_po_balanced_3.txt (100 работ, перестановка ORDER) ===
fake 3 started 1787200543334 delay_ms=1
fake 2 started 1787200543334 delay_ms=0
fake 2 end 1787200543334
fake 0 started 1787200543334 delay_ms=0
fake 0 end 1787200543334
fake 1 started 1787200543334 delay_ms=0
fake 1 end 1787200543334
job 8_XPY_60 started 1787200543334 core=4
job 37_XPY_60 started 1787200543334 core=1
job 13_TGAMMA_120 started 1787200543334 core=0
fake 3 end 1787200543347
job 14_TGAMMA_60 started 1787200543348 core=5
job 14_TGAMMA_60 end 1787200578796
job 16_TGAMMA_60 started 1787200578797 core=5
job 37_XPY_60 end 1787200609127
job 57_XPY_60 started 1787200609127 core=1
job 8_XPY_60 end 1787200609286
job 15_XPY_48 started 1787200609286 core=4
job 16_TGAMMA_60 end 1787200614276
job 20_TGAMMA_12 started 1787200614276 core=5
job 13_TGAMMA_120 end 1787200614406
job 21_TGAMMA_60 started 1787200614406 core=0
job 20_TGAMMA_12 end 1787200621474
job 24_TGAMMA_120 started 1787200621475 core=5
job 21_TGAMMA_60 end 1787200650036
job 30_TGAMMA_12 started 1787200650036 core=0
job 30_TGAMMA_12 end 1787200657274
job 35_TGAMMA_120 started 1787200657274 core=0
job 15_XPY_48 end 1787200662091
job 17_XPY_48 started 1787200662091 core=4
job 57_XPY_60 end 1787200674877
job 96_XPY_60 started 1787200674877 core=1
job 24_TGAMMA_120 end 1787200692417
job 39_TGAMMA_120 started 1787200692417 core=5
job 17_XPY_48 end 1787200714568
job 99_XPY_60 started 1787200714569 core=4
job 35_TGAMMA_120 end 1787200728449
job 42_TGAMMA_120 started 1787200728450 core=0
job 96_XPY_60 end 1787200740573
job 7_DOT_84 started 1787200740573 core=1
job 39_TGAMMA_120 end 1787200762956
job 6_POW_12 started 1787200762956 core=5
job 99_XPY_60 end 1787200785890
job 31_DOT_36 started 1787200785890 core=4
job 42_TGAMMA_120 end 1787200800358
job 9_POW_24 started 1787200800358 core=0
job 6_POW_12 end 1787200802184
job 11_POW_36 started 1787200802185 core=5
job 31_DOT_36 end 1787200823656
job 0_SUM_108 started 1787200823656 core=4
job 7_DOT_84 end 1787200827046
job 32_COPY_84 started 1787200827046 core=1
job 9_POW_24 end 1787200872392
job 18_POW_24 started 1787200872392 core=0
job 0_SUM_108 end 1787200888774
job 3_SUM_108 started 1787200888774 core=4
job 18_POW_24 end 1787200938775
job 25_POW_12 started 1787200938775 core=0
job 11_POW_36 end 1787200938840
job 26_POW_36 started 1787200938841 core=5
job 3_SUM_108 end 1787200953527
job 27_POW_36 started 1787200953527 core=4
job 32_COPY_84 end 1787200961678
job 85_COPY_84 started 1787200961678 core=1
job 25_POW_12 end 1787200970626
job 4_SUM_84 started 1787200970626 core=0
job 4_SUM_84 end 1787201021264
job 5_SUM_84 started 1787201021264 core=0
job 27_POW_36 end 1787201051361
job 28_POW_36 started 1787201051361 core=4
job 5_SUM_84 end 1787201072102
job 29_POW_24 started 1787201072102 core=0
job 26_POW_36 end 1787201075706
job 52_COPY_60 started 1787201075706 core=5
job 85_COPY_84 end 1787201098144
job 10_SUM_84 started 1787201098144 core=1
job 29_POW_24 end 1787201134836
job 34_POW_24 started 1787201134837 core=0
job 28_POW_36 end 1787201146615
job 12_SUM_132 started 1787201146615 core=4
job 52_COPY_60 end 1787201169622
job 38_POW_36 started 1787201169622 core=5
job 10_SUM_84 end 1787201176570
job 73_COPY_60 started 1787201176571 core=1
job 34_POW_24 end 1787201202397
job 41_POW_36 started 1787201202397 core=0
job 12_SUM_132 end 1787201227035
job 19_SUM_108 started 1787201227035 core=4
job 73_COPY_60 end 1787201273305
job 81_COPY_60 started 1787201273306 core=1
job 19_SUM_108 end 1787201291657
job 43_POW_36 started 1787201291658 core=4
job 41_POW_36 end 1787201301256
job 22_SUM_84 started 1787201301256 core=0
job 38_POW_36 end 1787201305400
job 44_POW_36 started 1787201305400 core=5
job 22_SUM_84 end 1787201351768
job 84_COPY_60 started 1787201351768 core=0
job 81_COPY_60 end 1787201367113
job 23_SUM_108 started 1787201367113 core=1
job 43_POW_36 end 1787201403523
job 54_POW_24 started 1787201403523 core=4
job 44_POW_36 end 1787201421255
job 60_POW_12 started 1787201421256 core=5
job 23_SUM_108 end 1787201431888
job 33_SUM_108 started 1787201431888 core=1
job 84_COPY_60 end 1787201447230
job 36_DOT_84 started 1787201447231 core=0
job 60_POW_12 end 1787201454723
job 62_POW_12 started 1787201454723 core=5
job 62_POW_12 end 1787201491325
job 66_POW_24 started 1787201491325 core=5
job 54_POW_24 end 1787201491505
job 75_POW_12 started 1787201491505 core=4
job 33_SUM_108 end 1787201501619
job 40_SUM_108 started 1787201501620 core=1
job 75_POW_12 end 1787201533320
job 82_POW_24 started 1787201533320 core=4
job 36_DOT_84 end 1787201546746
job 94_SQRTX_12 started 1787201546746 core=0
job 66_POW_24 end 1787201562119
job 45_SUM_108 started 1787201562120 core=5
job 94_SQRTX_12 end 1787201564149
job 1_SQRTX_48 started 1787201564150 core=0
job 40_SUM_108 end 1787201570640
job 49_SUM_132 started 1787201570641 core=1
job 82_POW_24 end 1787201602667
job 46_TGAMMA_12 started 1787201602667 core=4
job 46_TGAMMA_12 end 1787201609621
job 61_DOT_36 started 1787201609622 core=4
job 45_SUM_108 end 1787201632344
job 48_TGAMMA_12 started 1787201632344 core=5
job 48_TGAMMA_12 end 1787201639402
job 55_TGAMMA_60 started 1787201639402 core=5
job 1_SQRTX_48 end 1787201639540
job 2_ERF_12 started 1787201639540 core=0
job 49_SUM_132 end 1787201648844
job 64_DOT_84 started 1787201648844 core=1
job 61_DOT_36 end 1787201651728
job 47_ERF_12 started 1787201651728 core=4
job 2_ERF_12 end 1787201666671
job 58_TGAMMA_12 started 1787201666671 core=0
job 47_ERF_12 end 1787201673122
job 67_TGAMMA_60 started 1787201673122 core=4
job 58_TGAMMA_12 end 1787201673628
job 65_DOT_36 started 1787201673628 core=0
job 55_TGAMMA_60 end 1787201674332
job 53_ERF_24 started 1787201674332 core=5
job 65_DOT_36 end 1787201705325
job 68_TGAMMA_12 started 1787201705325 core=0
job 67_TGAMMA_60 end 1787201708098
job 70_TGAMMA_60 started 1787201708098 core=4
job 68_TGAMMA_12 end 1787201712183
job 69_DOT_84 started 1787201712183 core=0
job 64_DOT_84 end 1787201730854
job 59_ERF_12 started 1787201730855 core=1
job 53_ERF_24 end 1787201733570
job 72_DOT_36 started 1787201733571 core=5
job 70_TGAMMA_60 end 1787201743052
job 76_TGAMMA_60 started 1787201743053 core=4
job 59_ERF_12 end 1787201761893
job 63_ERF_24 started 1787201761893 core=1
job 72_DOT_36 end 1787201776708
job 79_DOT_36 started 1787201776709 core=5
job 76_TGAMMA_60 end 1787201778152
job 83_TGAMMA_12 started 1787201778153 core=4
job 83_TGAMMA_12 end 1787201785199
job 86_TGAMMA_12 started 1787201785199 core=4
job 69_DOT_84 end 1787201785637
job 88_TGAMMA_60 started 1787201785637 core=0
job 86_TGAMMA_12 end 1787201792064
job 80_DOT_84 started 1787201792064 core=4
job 79_DOT_36 end 1787201814538
job 87_ERF_12 started 1787201814539 core=5
job 63_ERF_24 end 1787201820581
job 89_DOT_36 started 1787201820581 core=1
job 88_TGAMMA_60 end 1787201820674
job 91_TGAMMA_12 started 1787201820674 core=0
job 91_TGAMMA_12 end 1787201827805
job 93_TGAMMA_120 started 1787201827805 core=0
job 87_ERF_12 end 1787201844634
job 97_ERF_24 started 1787201844634 core=5
job 89_DOT_36 end 1787201863910
job 50_SUM_84 started 1787201863911 core=1
job 80_DOT_84 end 1787201864913
job 51_SUM_84 started 1787201864914 core=4
job 93_TGAMMA_120 end 1787201898082
job 71_SUM_108 started 1787201898082 core=0
job 97_ERF_24 end 1787201899983
job 74_SUM_84 started 1787201899984 core=5
job 51_SUM_84 end 1787201905163
job 95_TGAMMA_12 started 1787201905163 core=4
job 95_TGAMMA_12 end 1787201912229
job 98_TGAMMA_60 started 1787201912229 core=4
job 50_SUM_84 end 1787201921078
job 77_SUM_108 started 1787201921079 core=1
job 98_TGAMMA_60 end 1787201947351
job 56_SQRTX_48 started 1787201947353 core=4
job 71_SUM_108 end 1787201953524
job 78_SUM_84 started 1787201953524 core=0
job 74_SUM_84 end 1787201960057
job 90_SUM_108 started 1787201960057 core=5
job 77_SUM_108 end 1787201995751
job 92_SUM_84 started 1787201995751 core=1
job 78_SUM_84 end 1787202015179
job 56_SQRTX_48 end 1787202016581
job 90_SUM_108 end 1787202026172
job 92_SUM_84 end 1787202033044
  итерация 0: 1489710 ms
  среднее по 1 итерациям: 1489710 ms
=== Выполняется проект: no_po_balanced_30.txt (100 работ, перестановка ORDER) ===
fake 3 started 1787202033045 delay_ms=1
fake 2 started 1787202033045 delay_ms=0
fake 2 end 1787202033045
fake 1 started 1787202033045 delay_ms=0
fake 1 end 1787202033045
fake 0 started 1787202033045 delay_ms=0
fake 0 end 1787202033045
job 13_XPY_60 started 1787202033045 core=1
job 0_XPY_60 started 1787202033045 core=5
job 6_TGAMMA_120 started 1787202033046 core=4
fake 3 end 1787202033046
job 12_TGAMMA_12 started 1787202033046 core=0
job 12_TGAMMA_12 end 1787202039909
job 18_TGAMMA_120 started 1787202039909 core=0
job 13_XPY_60 end 1787202099657
job 28_XPY_60 started 1787202099657 core=1
job 0_XPY_60 end 1787202099687
job 5_XPY_48 started 1787202099688 core=5
job 6_TGAMMA_120 end 1787202101463
job 22_TGAMMA_60 started 1787202101463 core=4
job 18_TGAMMA_120 end 1787202108534
job 29_TGAMMA_120 started 1787202108534 core=0
job 22_TGAMMA_60 end 1787202135641
job 33_TGAMMA_120 started 1787202135641 core=4
job 5_XPY_48 end 1787202152915
job 20_XPY_48 started 1787202152915 core=5
job 28_XPY_60 end 1787202166072
job 26_XPY_48 started 1787202166072 core=1
job 29_TGAMMA_120 end 1787202177114
job 36_TGAMMA_60 started 1787202177114 core=0
job 33_TGAMMA_120 end 1787202204027
job 45_XPY_48 started 1787202204028 core=4
job 20_XPY_48 end 1787202207402
job 39_TGAMMA_60 started 1787202207402 core=5
job 36_TGAMMA_60 end 1787202211688
job 48_XPY_48 started 1787202211689 core=0
job 26_XPY_48 end 1787202220791
job 41_TGAMMA_120 started 1787202220791 core=1
job 39_TGAMMA_60 end 1787202242146
job 44_TGAMMA_60 started 1787202242146 core=5
job 45_XPY_48 end 1787202260571
job 56_XPY_48 started 1787202260571 core=4
job 48_XPY_48 end 1787202268925
job 67_XPY_48 started 1787202268925 core=0
job 44_TGAMMA_60 end 1787202276359
job 46_TGAMMA_12 started 1787202276359 core=5
job 46_TGAMMA_12 end 1787202283183
job 54_TGAMMA_12 started 1787202283183 core=5
job 41_TGAMMA_120 end 1787202289195
job 58_TGAMMA_120 started 1787202289196 core=1
job 54_TGAMMA_12 end 1787202290004
job 65_TGAMMA_60 started 1787202290004 core=5
job 56_XPY_48 end 1787202313876
job 69_XPY_48 started 1787202313876 core=4
job 67_XPY_48 end 1787202322552
job 72_XPY_48 started 1787202322553 core=0
job 65_TGAMMA_60 end 1787202324207
job 70_TGAMMA_120 started 1787202324208 core=5
job 58_TGAMMA_120 end 1787202357576
job 71_TGAMMA_120 started 1787202357576 core=1
job 69_XPY_48 end 1787202367222
job 55_XPY_60 started 1787202367222 core=4
job 72_XPY_48 end 1787202376110
job 17_DOT_36 started 1787202376110 core=0
job 70_TGAMMA_120 end 1787202392605
job 2_POW_12 started 1787202392605 core=5
job 17_DOT_36 end 1787202417697
job 3_SUM_84 started 1787202417698 core=0
job 2_POW_12 end 1787202419486
job 75_TGAMMA_12 started 1787202419486 core=5
job 71_TGAMMA_120 end 1787202426134
job 30_DOT_84 started 1787202426134 core=1
job 75_TGAMMA_12 end 1787202426311
job 8_POW_36 started 1787202426311 core=5
job 55_XPY_60 end 1787202439165
job 9_POW_36 started 1787202439165 core=4
job 3_SUM_84 end 1787202477310
job 15_SUM_132 started 1787202477310 core=0
job 30_DOT_84 end 1787202523763
job 24_COPY_84 started 1787202523763 core=1
job 9_POW_36 end 1787202546501
job 10_POW_36 started 1787202546501 core=4
job 8_POW_36 end 1787202554977
job 11_POW_24 started 1787202554977 core=5
job 15_SUM_132 end 1787202561376
job 16_SUM_132 started 1787202561376 core=0
job 16_SUM_132 end 1787202640913
job 14_POW_36 started 1787202640913 core=0
job 10_POW_36 end 1787202645358
job 19_SUM_84 started 1787202645359 core=4
job 11_POW_24 end 1787202647036
job 32_COPY_84 started 1787202647036 core=5
job 24_COPY_84 end 1787202661181
job 21_POW_24 started 1787202661181 core=1
job 19_SUM_84 end 1787202695350
job 25_SUM_84 started 1787202695351 core=4
job 14_POW_36 end 1787202739737
job 23_POW_24 started 1787202739737 core=0
job 25_SUM_84 end 1787202745797
job 27_POW_12 started 1787202745797 core=4
job 21_POW_24 end 1787202753415
job 42_SUM_132 started 1787202753415 core=1
job 27_POW_12 end 1787202777304
job 31_POW_24 started 1787202777304 core=4
job 32_COPY_84 end 1787202782132
job 43_COPY_84 started 1787202782132 core=5
job 23_POW_24 end 1787202803681
job 35_POW_24 started 1787202803681 core=0
job 31_POW_24 end 1787202841299
job 47_POW_36 started 1787202841299 core=4
job 35_POW_24 end 1787202868073
job 49_SUM_84 started 1787202868074 core=0
job 42_SUM_132 end 1787202878173
job 50_POW_36 started 1787202878173 core=1
job 43_COPY_84 end 1787202907534
job 77_COPY_84 started 1787202907535 core=5
job 49_SUM_84 end 1787202918895
job 51_SUM_84 started 1787202918895 core=0
job 47_POW_36 end 1787202939803
job 61_POW_24 started 1787202939803 core=4
job 51_SUM_84 end 1787202969625
job 53_SUM_84 started 1787202969625 core=0
job 61_POW_24 end 1787203005745
job 66_POW_24 started 1787203005745 core=4
job 50_POW_36 end 1787203016832
job 57_SUM_108 started 1787203016832 core=1
job 53_SUM_84 end 1787203020408
job 68_POW_36 started 1787203020408 core=0
job 77_COPY_84 end 1787203040417
job 99_COPY_84 started 1787203040418 core=5
job 66_POW_24 end 1787203070173
job 88_POW_12 started 1787203070173 core=4
job 88_POW_12 end 1787203102186
job 64_SUM_84 started 1787203102186 core=4
job 68_POW_36 end 1787203118079
job 90_POW_12 started 1787203118080 core=0
job 57_SUM_108 end 1787203118276
job 94_POW_24 started 1787203118276 core=1
job 90_POW_12 end 1787203151087
job 97_POW_12 started 1787203151087 core=0
job 64_SUM_84 end 1787203153174
job 1_COPY_60 started 1787203153174 core=4
job 99_COPY_84 end 1787203167837
job 73_SUM_132 started 1787203167837 core=5
job 97_POW_12 end 1787203195103
job 98_POW_36 started 1787203195103 core=0
job 94_POW_24 end 1787203197580
job 60_SQRTX_12 started 1787203197580 core=1
job 60_SQRTX_12 end 1787203213259
job 63_SQRTX_48 started 1787203213259 core=1
job 1_COPY_60 end 1787203244433
job 74_SUM_84 started 1787203244433 core=4
job 73_SUM_132 end 1787203248264
job 79_SUM_132 started 1787203248264 core=5
job 63_SQRTX_48 end 1787203278380
job 76_TGAMMA_60 started 1787203278380 core=1
job 74_SUM_84 end 1787203296564
job 82_SUM_132 started 1787203296564 core=4
job 98_POW_36 end 1787203310288
job 83_SUM_108 started 1787203310288 core=0
job 76_TGAMMA_60 end 1787203313372
job 80_TGAMMA_60 started 1787203313372 core=1
job 79_SUM_132 end 1787203318221
job 87_SUM_132 started 1787203318221 core=5
job 80_TGAMMA_60 end 1787203348549
job 89_TGAMMA_12 started 1787203348549 core=1
job 89_TGAMMA_12 end 1787203355645
job 91_TGAMMA_120 started 1787203355645 core=1
job 87_SUM_132 end 1787203380638
job 38_COPY_60 started 1787203380638 core=5
job 83_SUM_108 end 1787203387503
job 4_ERF_48 started 1787203387504 core=0
job 82_SUM_132 end 1787203388857
job 52_DOT_84 started 1787203388857 core=4
job 91_TGAMMA_120 end 1787203426574
job 92_TGAMMA_12 started 1787203426574 core=1
job 92_TGAMMA_12 end 1787203433804
job 95_TGAMMA_12 started 1787203433804 core=1
job 95_TGAMMA_12 end 1787203441014
job 96_TGAMMA_12 started 1787203441014 core=1
job 96_TGAMMA_12 end 1787203448240
job 59_DOT_36 started 1787203448240 core=1
job 38_COPY_60 end 1787203458952
job 78_SQRTX_48 started 1787203458953 core=5
job 52_DOT_84 end 1787203476489
job 85_SQRTX_48 started 1787203476489 core=4
job 59_DOT_36 end 1787203490126
job 7_ERF_12 started 1787203490127 core=1
job 4_ERF_48 end 1787203500197
job 62_DOT_84 started 1787203500197 core=0
job 7_ERF_12 end 1787203512191
job 34_ERF_48 started 1787203512191 core=1
job 78_SQRTX_48 end 1787203534354
job 37_ERF_48 started 1787203534355 core=5
job 85_SQRTX_48 end 1787203554670
job 81_ERF_12 started 1787203554672 core=4
job 62_DOT_84 end 1787203583337
job 40_COPY_60 started 1787203583337 core=0
job 81_ERF_12 end 1787203584619
job 93_ERF_12 started 1787203584620 core=4
job 34_ERF_48 end 1787203605112
job 84_DOT_84 started 1787203605112 core=1
job 93_ERF_12 end 1787203616986
job 86_DOT_36 started 1787203616986 core=4
job 37_ERF_48 end 1787203635569
job 84_DOT_84 end 1787203676826
job 86_DOT_36 end 1787203677168
job 40_COPY_60 end 1787203678602
  итерация 0: 1645557 ms
  среднее по 1 итерациям: 1645557 ms
=== Выполняется проект: no_po_balanced_4.txt (100 работ, перестановка ORDER) ===
fake 3 started 1787203678603 delay_ms=1
fake 2 started 1787203678603 delay_ms=0
fake 2 end 1787203678603
fake 0 started 1787203678603 delay_ms=0
fake 1 started 1787203678603 delay_ms=0
fake 1 end 1787203678603
fake 0 end 1787203678603
job 50_XPY_60 started 1787203678603 core=0
job 41_XPY_60 started 1787203678603 core=4
job 5_TGAMMA_12 started 1787203678603 core=1
fake 3 end 1787203678604
job 10_TGAMMA_60 started 1787203678604 core=5
job 5_TGAMMA_12 end 1787203685442
job 13_TGAMMA_120 started 1787203685443 core=1
job 10_TGAMMA_60 end 1787203712807
job 14_TGAMMA_12 started 1787203712807 core=5
job 14_TGAMMA_12 end 1787203719621
job 15_TGAMMA_120 started 1787203719621 core=5
job 41_XPY_60 end 1787203745123
job 75_XPY_60 started 1787203745123 core=4
job 50_XPY_60 end 1787203745362
job 22_XPY_48 started 1787203745362 core=0
job 13_TGAMMA_120 end 1787203753900
job 17_TGAMMA_120 started 1787203753901 core=1
job 15_TGAMMA_120 end 1787203788071
job 23_TGAMMA_60 started 1787203788071 core=5
job 22_XPY_48 end 1787203798752
job 37_XPY_48 started 1787203798753 core=0
job 75_XPY_60 end 1787203811440
job 52_XPY_48 started 1787203811440 core=4
job 23_TGAMMA_60 end 1787203822294
job 24_TGAMMA_120 started 1787203822294 core=5
job 17_TGAMMA_120 end 1787203822411
job 27_TGAMMA_12 started 1787203822411 core=1
job 27_TGAMMA_12 end 1787203829236
job 29_TGAMMA_60 started 1787203829236 core=1
job 37_XPY_48 end 1787203852209
job 62_XPY_48 started 1787203852209 core=0
job 29_TGAMMA_60 end 1787203863432
job 72_XPY_48 started 1787203863432 core=1
job 52_XPY_48 end 1787203865509
job 35_TGAMMA_120 started 1787203865509 core=4
job 24_TGAMMA_120 end 1787203891640
job 38_TGAMMA_60 started 1787203891640 core=5
job 62_XPY_48 end 1787203906374
job 98_XPY_48 started 1787203906374 core=0
job 72_XPY_48 end 1787203916032
job 12_DOT_84 started 1787203916033 core=1
job 38_TGAMMA_60 end 1787203926919
job 0_POW_36 started 1787203926919 core=5
job 35_TGAMMA_120 end 1787203936807
job 56_TGAMMA_60 started 1787203936808 core=4
job 98_XPY_48 end 1787203965377
job 18_DOT_84 started 1787203965377 core=0
job 56_TGAMMA_60 end 1787203972827
job 1_POW_12 started 1787203972827 core=4
job 12_DOT_84 end 1787204006305
job 4_SUM_84 started 1787204006305 core=1
job 1_POW_12 end 1787204015194
job 2_POW_24 started 1787204015194 core=4
job 0_POW_36 end 1787204042934
job 6_POW_24 started 1787204042934 core=5
job 4_SUM_84 end 1787204062042
job 26_COPY_84 started 1787204062042 core=1
job 18_DOT_84 end 1787204062370
job 11_SUM_108 started 1787204062370 core=0
job 2_POW_24 end 1787204091606
job 7_POW_24 started 1787204091606 core=4
job 11_SUM_108 end 1787204127392
job 21_POW_12 started 1787204127392 core=0
job 6_POW_24 end 1787204130124
job 19_SUM_108 started 1787204130125 core=5
job 7_POW_24 end 1787204156647
job 36_POW_36 started 1787204156648 core=4
job 21_POW_12 end 1787204159538
job 43_POW_24 started 1787204159539 core=0
job 26_COPY_84 end 1787204193103
job 42_COPY_84 started 1787204193103 core=1
job 19_SUM_108 end 1787204223649
job 20_SUM_108 started 1787204223650 core=5
job 43_POW_24 end 1787204223860
job 44_POW_36 started 1787204223860 core=0
job 36_POW_36 end 1787204253155
job 46_POW_36 started 1787204253155 core=4
job 20_SUM_108 end 1787204317427
job 28_SUM_84 started 1787204317428 core=5
job 44_POW_36 end 1787204320447
job 66_COPY_84 started 1787204320447 core=0
job 42_COPY_84 end 1787204320725
job 32_SUM_84 started 1787204320725 core=1
job 46_POW_36 end 1787204364428
job 58_POW_36 started 1787204364428 core=4
job 28_SUM_84 end 1787204373421
job 74_POW_12 started 1787204373422 core=5
job 32_SUM_84 end 1787204375644
job 40_SUM_84 started 1787204375644 core=1
job 74_POW_12 end 1787204406555
job 78_POW_36 started 1787204406555 core=5
job 40_SUM_84 end 1787204426195
job 68_COPY_84 started 1787204426195 core=1
job 66_COPY_84 end 1787204456278
job 84_POW_36 started 1787204456278 core=0
job 58_POW_36 end 1787204485997
job 47_SUM_108 started 1787204485997 core=4
job 78_POW_36 end 1787204531879
job 86_POW_36 started 1787204531879 core=5
job 47_SUM_108 end 1787204550777
job 48_SUM_108 started 1787204550778 core=4
job 84_POW_36 end 1787204553567
job 70_COPY_84 started 1787204553567 core=0
job 68_COPY_84 end 1787204554538
job 87_POW_36 started 1787204554538 core=1
job 86_POW_36 end 1787204634836
job 49_SUM_84 started 1787204634836 core=5
job 48_SUM_108 end 1787204650846
job 88_POW_12 started 1787204650846 core=4
job 87_POW_36 end 1787204651783
job 53_SUM_132 started 1787204651783 core=1
job 70_COPY_84 end 1787204682107
job 90_POW_24 started 1787204682107 core=0
job 49_SUM_84 end 1787204689356
job 91_POW_36 started 1787204689356 core=5
job 88_POW_12 end 1787204694642
job 97_COPY_84 started 1787204694642 core=4
job 53_SUM_132 end 1787204734425
job 93_POW_12 started 1787204734425 core=1
job 93_POW_12 end 1787204765218
job 55_SUM_132 started 1787204765218 core=1
job 90_POW_24 end 1787204767622
job 94_POW_12 started 1787204767622 core=0
job 91_POW_36 end 1787204786208
job 96_POW_36 started 1787204786208 core=5
job 94_POW_12 end 1787204814071
job 63_COPY_60 started 1787204814071 core=0
job 97_COPY_84 end 1787204830396
job 99_POW_36 started 1787204830396 core=4
job 55_SUM_132 end 1787204844201
job 57_SUM_108 started 1787204844201 core=1
job 96_POW_36 end 1787204884763
job 9_SQRTX_12 started 1787204884763 core=5
job 9_SQRTX_12 end 1787204900409
job 64_SUM_84 started 1787204900410 core=5
job 57_SUM_108 end 1787204910291
job 16_SQRTX_12 started 1787204910291 core=1
job 63_COPY_60 end 1787204914039
job 67_SUM_132 started 1787204914039 core=0
job 16_SQRTX_12 end 1787204926677
job 59_TGAMMA_120 started 1787204926677 core=1
job 64_SUM_84 end 1787204946641
job 69_SUM_108 started 1787204946641 core=5
job 99_POW_36 end 1787204955917
job 71_SUM_132 started 1787204955917 core=4
job 59_TGAMMA_120 end 1787204996882
job 60_TGAMMA_12 started 1787204996882 core=1
job 69_SUM_108 end 1787204996986
job 80_SUM_84 started 1787204996986 core=5
job 67_SUM_132 end 1787205003687
job 82_SUM_84 started 1787205003688 core=0
job 60_TGAMMA_12 end 1787205003963
job 65_TGAMMA_120 started 1787205003963 core=1
job 80_SUM_84 end 1787205036581
job 95_SUM_84 started 1787205036581 core=5
job 71_SUM_132 end 1787205051278
job 83_COPY_60 started 1787205051278 core=4
job 82_SUM_84 end 1787205069172
job 3_ERF_12 started 1787205069173 core=0
job 95_SUM_84 end 1787205073864
job 73_TGAMMA_120 started 1787205073865 core=5
job 65_TGAMMA_120 end 1787205074068
job 31_ERF_12 started 1787205074068 core=1
job 31_ERF_12 end 1787205089209
job 33_DOT_84 started 1787205089209 core=1
job 3_ERF_12 end 1787205101053
job 76_ERF_12 started 1787205101053 core=0
job 76_ERF_12 end 1787205136956
job 8_SQRTX_48 started 1787205136956 core=0
job 83_COPY_60 end 1787205141024
job 34_DOT_36 started 1787205141024 core=4
job 73_TGAMMA_120 end 1787205143318
job 77_TGAMMA_60 started 1787205143318 core=5
job 33_DOT_84 end 1787205157203
job 39_DOT_36 started 1787205157203 core=1
job 77_TGAMMA_60 end 1787205178333
job 45_DOT_36 started 1787205178333 core=5
job 34_DOT_36 end 1787205182528
job 79_TGAMMA_12 started 1787205182528 core=4
job 79_TGAMMA_12 end 1787205189497
job 81_TGAMMA_60 started 1787205189497 core=4
job 39_DOT_36 end 1787205192368
job 30_SQRTX_48 started 1787205192368 core=1
job 8_SQRTX_48 end 1787205204345
job 51_DOT_84 started 1787205204345 core=0
job 45_DOT_36 end 1787205216319
job 92_COPY_60 started 1787205216319 core=5
job 81_TGAMMA_60 end 1787205224332
job 85_TGAMMA_120 started 1787205224332 core=4
job 51_DOT_84 end 1787205271066
job 54_SQRTX_48 started 1787205271066 core=0
job 30_SQRTX_48 end 1787205281534
job 25_SQRTX_12 started 1787205281534 core=1
job 85_TGAMMA_120 end 1787205293761
job 61_SQRTX_12 started 1787205293761 core=4
job 25_SQRTX_12 end 1787205303581
job 89_TGAMMA_120 started 1787205303581 core=1
job 92_COPY_60 end 1787205306001
job 61_SQRTX_12 end 1787205308482
job 54_SQRTX_48 end 1787205316871
job 89_TGAMMA_120 end 1787205371190
  итерация 0: 1692586 ms
  среднее по 1 итерациям: 1692586 ms
=== Выполняется проект: no_po_balanced_5.txt (100 работ, перестановка ORDER) ===
fake 2 started 1787205371190 delay_ms=0
fake 2 end 1787205371190
fake 3 started 1787205371190 delay_ms=1
fake 0 started 1787205371190 delay_ms=0
fake 0 end 1787205371190
fake 1 started 1787205371190 delay_ms=0
fake 1 end 1787205371190
job 30_XPY_60 started 1787205371191 core=0
job 0_TGAMMA_12 started 1787205371191 core=4
job 12_XPY_60 started 1787205371191 core=1
fake 3 end 1787205371202
job 6_TGAMMA_60 started 1787205371203 core=5
job 0_TGAMMA_12 end 1787205378264
job 9_TGAMMA_12 started 1787205378264 core=4
job 9_TGAMMA_12 end 1787205385373
job 10_TGAMMA_60 started 1787205385373 core=4
job 6_TGAMMA_60 end 1787205406638
job 11_TGAMMA_120 started 1787205406638 core=5
job 10_TGAMMA_60 end 1787205420803
job 17_TGAMMA_120 started 1787205420803 core=4
job 12_XPY_60 end 1787205437127
job 58_XPY_60 started 1787205437127 core=1
job 30_XPY_60 end 1787205437146
job 2_XPY_48 started 1787205437147 core=0
job 11_TGAMMA_120 end 1787205477541
job 22_TGAMMA_60 started 1787205477542 core=5
job 2_XPY_48 end 1787205489779
job 14_XPY_48 started 1787205489779 core=0
job 17_TGAMMA_120 end 1787205491686
job 28_TGAMMA_12 started 1787205491686 core=4
job 28_TGAMMA_12 end 1787205498810
job 31_TGAMMA_12 started 1787205498810 core=4
job 58_XPY_60 end 1787205502637
job 15_XPY_48 started 1787205502637 core=1
job 31_TGAMMA_12 end 1787205505920
job 32_TGAMMA_120 started 1787205505920 core=4
job 22_TGAMMA_60 end 1787205513001
job 33_TGAMMA_12 started 1787205513001 core=5
job 33_TGAMMA_12 end 1787205520200
job 37_TGAMMA_120 started 1787205520201 core=5
job 14_XPY_48 end 1787205542546
job 40_XPY_48 started 1787205542546 core=0
job 15_XPY_48 end 1787205555191
job 43_XPY_48 started 1787205555191 core=1
job 32_TGAMMA_120 end 1787205576856
job 39_TGAMMA_60 started 1787205576856 core=4
job 37_TGAMMA_120 end 1787205591103
job 41_TGAMMA_12 started 1787205591104 core=5
job 40_XPY_48 end 1787205595250
job 49_XPY_48 started 1787205595250 core=0
job 41_TGAMMA_12 end 1787205598295
job 42_TGAMMA_120 started 1787205598295 core=5
job 43_XPY_48 end 1787205607752
job 60_XPY_60 started 1787205607752 core=1
job 39_TGAMMA_60 end 1787205612322
job 50_TGAMMA_60 started 1787205612323 core=4
job 50_TGAMMA_60 end 1787205647788
job 62_TGAMMA_60 started 1787205647789 core=4
job 49_XPY_48 end 1787205647895
job 83_XPY_60 started 1787205647896 core=0
job 42_TGAMMA_120 end 1787205669205
job 67_TGAMMA_120 started 1787205669205 core=5
job 60_XPY_60 end 1787205673429
job 16_DOT_36 started 1787205673429 core=1
job 62_TGAMMA_60 end 1787205683444
job 3_POW_12 started 1787205683445 core=4
job 16_DOT_36 end 1787205702478
job 1_SUM_108 started 1787205702478 core=1
job 83_XPY_60 end 1787205725882
job 5_POW_36 started 1787205725883 core=0
job 3_POW_12 end 1787205731212
job 34_DOT_36 started 1787205731212 core=4
job 67_TGAMMA_120 end 1787205739132
job 7_POW_12 started 1787205739132 core=5
job 1_SUM_108 end 1787205753701
job 82_COPY_84 started 1787205753702 core=1
job 34_DOT_36 end 1787205771747
job 13_POW_36 started 1787205771747 core=4
job 7_POW_12 end 1787205780668
job 8_SUM_132 started 1787205780668 core=5
job 5_POW_36 end 1787205830102
job 18_POW_36 started 1787205830102 core=0
job 13_POW_36 end 1787205867335
job 29_SUM_108 started 1787205867335 core=4
job 82_COPY_84 end 1787205878701
job 93_COPY_84 started 1787205878701 core=1
job 8_SUM_132 end 1787205906294
job 19_POW_24 started 1787205906295 core=5
job 18_POW_36 end 1787205929796
job 24_POW_12 started 1787205929797 core=0
job 29_SUM_108 end 1787205933502
job 53_SUM_108 started 1787205933502 core=4
job 24_POW_12 end 1787205963062
job 44_POW_36 started 1787205963062 core=0
job 53_SUM_108 end 1787205998591
job 45_POW_24 started 1787205998591 core=4
job 19_POW_24 end 1787205998923
job 20_COPY_60 started 1787205998924 core=5
job 93_COPY_84 end 1787206015874
job 56_SUM_132 started 1787206015874 core=1
job 44_POW_36 end 1787206059271
job 51_POW_24 started 1787206059272 core=0
job 45_POW_24 end 1787206061597
job 52_POW_24 started 1787206061597 core=4
job 20_COPY_60 end 1787206090159
job 23_COPY_60 started 1787206090159 core=5
job 51_POW_24 end 1787206123606
job 68_SUM_132 started 1787206123606 core=0
job 52_POW_24 end 1787206126136
job 54_POW_24 started 1787206126136 core=4
job 56_SUM_132 end 1787206137187
job 55_POW_36 started 1787206137187 core=1
job 23_COPY_60 end 1787206184948
job 35_COPY_60 started 1787206184948 core=5
job 54_POW_24 end 1787206192457
job 57_POW_36 started 1787206192458 core=4
job 68_SUM_132 end 1787206203698
job 69_SUM_108 started 1787206203698 core=0
job 69_SUM_108 end 1787206268626
job 63_POW_36 started 1787206268626 core=0
job 55_POW_36 end 1787206275248
job 71_SUM_132 started 1787206275248 core=1
job 35_COPY_60 end 1787206280562
job 38_COPY_60 started 1787206280562 core=5
job 57_POW_36 end 1787206290578
job 73_POW_36 started 1787206290578 core=4
job 63_POW_36 end 1787206364550
job 75_POW_12 started 1787206364551 core=0
job 38_COPY_60 end 1787206367299
job 74_SUM_108 started 1787206367299 core=5
job 73_POW_36 end 1787206388578
job 47_COPY_60 started 1787206388578 core=4
job 71_SUM_132 end 1787206390035
job 78_POW_36 started 1787206390035 core=1
job 75_POW_12 end 1787206402743
job 80_POW_24 started 1787206402743 core=0
job 74_SUM_108 end 1787206434436
job 79_SUM_132 started 1787206434436 core=5
job 47_COPY_60 end 1787206485534
job 77_COPY_60 started 1787206485534 core=4
job 78_POW_36 end 1787206488870
job 87_POW_36 started 1787206488870 core=1
job 80_POW_24 end 1787206495401
job 90_POW_12 started 1787206495402 core=0
job 79_SUM_132 end 1787206513697
job 92_SUM_132 started 1787206513697 core=5
job 90_POW_12 end 1787206541902
job 27_SQRTX_12 started 1787206541902 core=0
job 27_SQRTX_12 end 1787206565620
job 94_SUM_132 started 1787206565620 core=0
job 77_COPY_60 end 1787206581699
job 46_SQRTX_12 started 1787206581699 core=4
job 87_POW_36 end 1787206587340
job 36_SQRTX_48 started 1787206587340 core=1
job 92_SUM_132 end 1787206593032
job 72_TGAMMA_120 started 1787206593032 core=5
job 46_SQRTX_12 end 1787206597868
job 48_DOT_84 started 1787206597868 core=4
job 36_SQRTX_48 end 1787206635440
job 61_DOT_84 started 1787206635440 core=1
job 72_TGAMMA_120 end 1787206662966
job 4_ERF_48 started 1787206662966 core=5
job 94_SUM_132 end 1787206667905
job 76_TGAMMA_120 started 1787206667906 core=0
job 48_DOT_84 end 1787206686378
job 64_DOT_36 started 1787206686378 core=4
job 64_DOT_36 end 1787206718007
job 66_DOT_84 started 1787206718007 core=4
job 61_DOT_84 end 1787206727543
job 84_TGAMMA_60 started 1787206727544 core=1
job 76_TGAMMA_120 end 1787206738196
job 70_DOT_84 started 1787206738196 core=0
job 4_ERF_48 end 1787206761378
job 21_ERF_12 started 1787206761378 core=5
job 84_TGAMMA_60 end 1787206762256
job 86_TGAMMA_12 started 1787206762256 core=1
job 86_TGAMMA_12 end 1787206769232
job 88_TGAMMA_120 started 1787206769233 core=1
job 21_ERF_12 end 1787206779312
job 25_ERF_48 started 1787206779312 core=5
job 66_DOT_84 end 1787206812345
job 81_DOT_36 started 1787206812345 core=4
job 88_TGAMMA_120 end 1787206838801
job 85_DOT_84 started 1787206838802 core=1
job 70_DOT_84 end 1787206843922
job 98_DOT_36 started 1787206843922 core=0
job 81_DOT_36 end 1787206859739
job 91_TGAMMA_12 started 1787206859739 core=4
job 25_ERF_48 end 1787206860202
job 59_SQRTX_48 started 1787206860203 core=5
job 91_TGAMMA_12 end 1787206866775
job 26_ERF_48 started 1787206866775 core=4
job 98_DOT_36 end 1787206885502
job 65_ERF_48 started 1787206885503 core=0
job 85_DOT_84 end 1787206929873
job 95_SUM_132 started 1787206929874 core=1
job 59_SQRTX_48 end 1787206940997
job 89_ERF_24 started 1787206940997 core=5
job 26_ERF_48 end 1787206966890
job 96_SUM_108 started 1787206966890 core=4
job 65_ERF_48 end 1787206982589
job 97_SUM_108 started 1787206982589 core=0
job 89_ERF_24 end 1787206991644
job 99_DOT_36 started 1787206991644 core=5
job 95_SUM_132 end 1787207020386
job 99_DOT_36 end 1787207031273
job 96_SUM_108 end 1787207038535
job 97_SUM_108 end 1787207044246
  итерация 0: 1673055 ms
  среднее по 1 итерациям: 1673055 ms
=== Выполняется проект: no_po_balanced_6.txt (100 работ, перестановка ORDER) ===
fake 3 started 1787207044246 delay_ms=1
fake 2 started 1787207044246 delay_ms=0
fake 2 end 1787207044246
fake 0 started 1787207044246 delay_ms=0
fake 0 end 1787207044246
fake 1 started 1787207044246 delay_ms=0
fake 1 end 1787207044246
job 3_XPY_60 started 1787207044246 core=0
job 11_XPY_60 started 1787207044246 core=4
job 1_TGAMMA_12 started 1787207044247 core=5
fake 3 end 1787207044259
job 2_TGAMMA_12 started 1787207044260 core=1
job 1_TGAMMA_12 end 1787207051064
job 4_TGAMMA_12 started 1787207051064 core=5
job 2_TGAMMA_12 end 1787207051071
job 10_TGAMMA_120 started 1787207051072 core=1
job 4_TGAMMA_12 end 1787207057899
job 16_TGAMMA_12 started 1787207057900 core=5
job 16_TGAMMA_12 end 1787207064725
job 17_TGAMMA_120 started 1787207064726 core=5
job 11_XPY_60 end 1787207110822
job 12_XPY_60 started 1787207110824 core=4
job 3_XPY_60 end 1787207111225
job 8_XPY_48 started 1787207111225 core=0
job 10_TGAMMA_120 end 1787207119466
job 39_TGAMMA_120 started 1787207119466 core=1
job 17_TGAMMA_120 end 1787207133156
job 44_TGAMMA_120 started 1787207133156 core=5
job 8_XPY_48 end 1787207164771
job 24_XPY_48 started 1787207164771 core=0
job 12_XPY_60 end 1787207177090
job 25_XPY_48 started 1787207177091 core=4
job 39_TGAMMA_120 end 1787207187832
job 50_TGAMMA_60 started 1787207187832 core=1
job 44_TGAMMA_120 end 1787207201572
job 52_TGAMMA_120 started 1787207201572 core=5
job 24_XPY_48 end 1787207218379
job 31_XPY_48 started 1787207218380 core=0
job 50_TGAMMA_60 end 1787207222015
job 88_XPY_48 started 1787207222015 core=1
job 25_XPY_48 end 1787207235673
job 53_TGAMMA_12 started 1787207235673 core=4
job 53_TGAMMA_12 end 1787207242784
job 54_TGAMMA_60 started 1787207242785 core=4
job 52_TGAMMA_120 end 1787207271611
job 94_XPY_48 started 1787207271611 core=5
job 88_XPY_48 end 1787207276555
job 58_TGAMMA_12 started 1787207276555 core=1
job 31_XPY_48 end 1787207277262
job 62_TGAMMA_120 started 1787207277262 core=0
job 54_TGAMMA_60 end 1787207278192
job 69_TGAMMA_120 started 1787207278192 core=4
job 58_TGAMMA_12 end 1787207283589
job 47_XPY_60 started 1787207283589 core=1
job 94_XPY_48 end 1787207322366
job 57_XPY_60 started 1787207322366 core=5
job 62_TGAMMA_120 end 1787207345873
job 77_XPY_60 started 1787207345873 core=0
job 69_TGAMMA_120 end 1787207346604
job 72_TGAMMA_120 started 1787207346604 core=4
job 47_XPY_60 end 1787207352889
job 78_TGAMMA_60 started 1787207352889 core=1
job 78_TGAMMA_60 end 1787207388317
job 91_TGAMMA_12 started 1787207388317 core=1
job 57_XPY_60 end 1787207391643
job 5_DOT_36 started 1787207391643 core=5
job 91_TGAMMA_12 end 1787207395424
job 19_POW_24 started 1787207395425 core=1
job 77_XPY_60 end 1787207415073
job 13_DOT_36 started 1787207415075 core=0
job 72_TGAMMA_120 end 1787207417854
job 20_POW_12 started 1787207417854 core=4
job 5_DOT_36 end 1787207430444
job 0_SUM_132 started 1787207430444 core=5
job 13_DOT_36 end 1787207456173
job 9_COPY_84 started 1787207456173 core=0
job 20_POW_12 end 1787207460722
job 21_POW_12 started 1787207460722 core=4
job 19_POW_24 end 1787207469535
job 22_POW_24 started 1787207469535 core=1
job 21_POW_12 end 1787207506985
job 27_POW_12 started 1787207506985 core=4
job 0_SUM_132 end 1787207512147
job 6_SUM_84 started 1787207512148 core=5
job 22_POW_24 end 1787207535499
job 33_POW_12 started 1787207535499 core=1
job 27_POW_12 end 1787207553113
job 36_POW_12 started 1787207553113 core=4
job 6_SUM_84 end 1787207562550
job 38_POW_24 started 1787207562550 core=5
job 33_POW_12 end 1787207568078
job 14_SUM_108 started 1787207568079 core=1
job 9_COPY_84 end 1787207591654
job 40_POW_24 started 1787207591654 core=0
job 36_POW_12 end 1787207596919
job 28_COPY_84 started 1787207596919 core=4
job 38_POW_24 end 1787207628146
job 43_POW_24 started 1787207628146 core=5
job 14_SUM_108 end 1787207632826
job 15_SUM_132 started 1787207632826 core=1
job 40_POW_24 end 1787207682364
job 45_POW_24 started 1787207682364 core=0
job 43_POW_24 end 1787207694305
job 34_COPY_84 started 1787207694305 core=5
job 15_SUM_132 end 1787207720949
job 46_POW_12 started 1787207720949 core=1
job 28_COPY_84 end 1787207729680
job 48_POW_36 started 1787207729681 core=4
job 45_POW_24 end 1787207758721
job 29_SUM_132 started 1787207758721 core=0
job 46_POW_12 end 1787207763774
job 55_POW_24 started 1787207763775 core=1
job 34_COPY_84 end 1787207822575
job 61_POW_24 started 1787207822575 core=5
job 48_POW_36 end 1787207826676
job 42_SUM_132 started 1787207826676 core=4
job 29_SUM_132 end 1787207839786
job 63_POW_24 started 1787207839786 core=0
job 55_POW_24 end 1787207847722
job 74_COPY_84 started 1787207847722 core=1
job 63_POW_24 end 1787207905894
job 64_POW_24 started 1787207905895 core=0
job 61_POW_24 end 1787207906187
job 65_POW_12 started 1787207906188 core=5
job 42_SUM_132 end 1787207907321
job 51_SUM_132 started 1787207907321 core=4
job 65_POW_12 end 1787207952399
job 68_POW_36 started 1787207952400 core=5
job 64_POW_24 end 1787207972226
job 80_COPY_84 started 1787207972226 core=0
job 74_COPY_84 end 1787207982802
job 70_POW_12 started 1787207982803 core=1
job 51_SUM_132 end 1787207993613
job 73_POW_12 started 1787207993614 core=4
job 70_POW_12 end 1787208013963
job 59_SUM_108 started 1787208013963 core=1
job 73_POW_12 end 1787208038127
job 75_POW_12 started 1787208038127 core=4
job 68_POW_36 end 1787208058053
job 92_POW_36 started 1787208058053 core=5
job 59_SUM_108 end 1787208078912
job 96_POW_36 started 1787208078912 core=1
job 75_POW_12 end 1787208083934
job 98_COPY_84 started 1787208083935 core=4
job 80_COPY_84 end 1787208105753
job 60_SUM_84 started 1787208105753 core=0
job 92_POW_36 end 1787208153158
job 66_SUM_84 started 1787208153158 core=5
job 96_POW_36 end 1787208174939
job 97_POW_12 started 1787208174940 core=1
job 60_SUM_84 end 1787208188374
job 23_SQRTX_12 started 1787208188375 core=0
job 66_SUM_84 end 1787208204378
job 93_TGAMMA_120 started 1787208204378 core=5
job 97_POW_12 end 1787208207103
job 18_DOT_36 started 1787208207104 core=1
job 23_SQRTX_12 end 1787208211227
job 35_DOT_36 started 1787208211227 core=0
job 98_COPY_84 end 1787208214970
job 56_ERF_48 started 1787208214970 core=4
job 18_DOT_36 end 1787208237833
job 41_DOT_36 started 1787208237833 core=1
job 35_DOT_36 end 1787208254889
job 49_DOT_36 started 1787208254889 core=0
job 41_DOT_36 end 1787208269316
job 95_TGAMMA_120 started 1787208269316 core=1
job 93_TGAMMA_120 end 1787208274284
job 71_DOT_84 started 1787208274284 core=5
job 49_DOT_36 end 1787208293475
job 81_DOT_36 started 1787208293476 core=0
job 81_DOT_36 end 1787208335989
job 76_ERF_12 started 1787208335990 core=0
job 95_TGAMMA_120 end 1787208339265
job 7_COPY_60 started 1787208339266 core=1
job 56_ERF_48 end 1787208341046
job 32_SQRTX_12 started 1787208341046 core=4
job 71_DOT_84 end 1787208352887
job 84_SQRTX_12 started 1787208352887 core=5
job 76_ERF_12 end 1787208358257
job 26_SQRTX_48 started 1787208358257 core=0
job 32_SQRTX_12 end 1787208358283
job 82_SQRTX_48 started 1787208358284 core=4
job 84_SQRTX_12 end 1787208375645
job 87_ERF_12 started 1787208375646 core=5
job 87_ERF_12 end 1787208408262
job 90_ERF_24 started 1787208408263 core=5
job 82_SQRTX_48 end 1787208422432
job 30_COPY_60 started 1787208422433 core=4
job 26_SQRTX_48 end 1787208422865
job 99_ERF_12 started 1787208422866 core=0
job 7_COPY_60 end 1787208428670
job 67_SUM_108 started 1787208428670 core=1
job 99_ERF_12 end 1787208456780
job 85_SUM_132 started 1787208456780 core=0
job 90_ERF_24 end 1787208462685
job 86_SUM_132 started 1787208462685 core=5
job 67_SUM_108 end 1787208496742
job 89_SUM_132 started 1787208496742 core=1
job 30_COPY_60 end 1787208518690
job 37_COPY_60 started 1787208518690 core=4
job 86_SUM_132 end 1787208552846
job 79_COPY_60 started 1787208552846 core=5
job 85_SUM_132 end 1787208596034
job 83_COPY_60 started 1787208596035 core=0
job 89_SUM_132 end 1787208600756
job 37_COPY_60 end 1787208615240
job 79_COPY_60 end 1787208626282
job 83_COPY_60 end 1787208643764
  итерация 0: 1599517 ms
  среднее по 1 итерациям: 1599517 ms
=== Выполняется проект: no_po_balanced_7.txt (100 работ, перестановка ORDER) ===
fake 3 started 1787208643765 delay_ms=1
fake 2 started 1787208643765 delay_ms=0
fake 2 end 1787208643765
fake 0 started 1787208643765 delay_ms=0
fake 0 end 1787208643765
fake 1 started 1787208643765 delay_ms=0
fake 1 end 1787208643765
job 19_XPY_60 started 1787208643765 core=0
job 25_XPY_60 started 1787208643765 core=5
job 2_TGAMMA_12 started 1787208643765 core=4
fake 3 end 1787208643766
job 7_TGAMMA_60 started 1787208643766 core=1
job 2_TGAMMA_12 end 1787208650907
job 9_TGAMMA_120 started 1787208650907 core=4
job 7_TGAMMA_60 end 1787208679178
job 11_TGAMMA_60 started 1787208679178 core=1
job 19_XPY_60 end 1787208709802
job 29_XPY_60 started 1787208709802 core=0
job 25_XPY_60 end 1787208709822
job 66_XPY_48 started 1787208709823 core=5
job 11_TGAMMA_60 end 1787208714609
job 16_TGAMMA_120 started 1787208714609 core=1
job 9_TGAMMA_120 end 1787208721815
job 30_TGAMMA_60 started 1787208721815 core=4
job 30_TGAMMA_60 end 1787208757290
job 35_TGAMMA_60 started 1787208757290 core=4
job 66_XPY_48 end 1787208762508
job 70_XPY_48 started 1787208762508 core=5
job 29_XPY_60 end 1787208775749
job 72_XPY_48 started 1787208775749 core=0
job 16_TGAMMA_120 end 1787208785446
job 36_TGAMMA_12 started 1787208785447 core=1
job 36_TGAMMA_12 end 1787208792613
job 38_TGAMMA_60 started 1787208792613 core=1
job 35_TGAMMA_60 end 1787208792761
job 41_TGAMMA_120 started 1787208792762 core=4
job 70_XPY_48 end 1787208815032
job 88_XPY_48 started 1787208815032 core=5
job 38_TGAMMA_60 end 1787208828043
job 47_XPY_60 started 1787208828044 core=1
job 72_XPY_48 end 1787208828451
job 45_TGAMMA_12 started 1787208828452 core=0
job 45_TGAMMA_12 end 1787208835288
job 53_TGAMMA_120 started 1787208835288 core=0
job 41_TGAMMA_120 end 1787208862548
job 54_TGAMMA_60 started 1787208862548 core=4
job 88_XPY_48 end 1787208867953
job 48_XPY_60 started 1787208867953 core=5
job 47_XPY_60 end 1787208894847
job 91_XPY_60 started 1787208894847 core=1
job 54_TGAMMA_60 end 1787208896782
job 60_TGAMMA_12 started 1787208896782 core=4
job 60_TGAMMA_12 end 1787208903624
job 61_TGAMMA_60 started 1787208903624 core=4
job 53_TGAMMA_120 end 1787208903829
job 63_TGAMMA_12 started 1787208903829 core=0
job 63_TGAMMA_12 end 1787208910676
job 65_TGAMMA_120 started 1787208910676 core=0
job 48_XPY_60 end 1787208934753
job 0_DOT_84 started 1787208934754 core=5
job 61_TGAMMA_60 end 1787208937890
job 1_POW_24 started 1787208937890 core=4
job 91_XPY_60 end 1787208966660
job 4_DOT_36 started 1787208966660 core=1
job 65_TGAMMA_120 end 1787208979662
job 5_POW_12 started 1787208979662 core=0
job 1_POW_24 end 1787208996514
job 6_SUM_108 started 1787208996514 core=4
job 4_DOT_36 end 1787209014251
job 10_POW_24 started 1787209014251 core=1
job 5_POW_12 end 1787209016905
job 12_POW_36 started 1787209016905 core=0
job 0_DOT_84 end 1787209041074
job 17_COPY_84 started 1787209041074 core=5
job 6_SUM_108 end 1787209066705
job 14_SUM_84 started 1787209066705 core=4
job 10_POW_24 end 1787209103758
job 18_POW_12 started 1787209103758 core=1
job 14_SUM_84 end 1787209117192
job 23_POW_24 started 1787209117193 core=4
job 12_POW_36 end 1787209118195
job 26_POW_12 started 1787209118195 core=0
job 18_POW_12 end 1787209147515
job 15_SUM_108 started 1787209147515 core=1
job 26_POW_12 end 1787209149043
job 24_COPY_84 started 1787209149043 core=0
job 17_COPY_84 end 1787209171078
job 27_POW_36 started 1787209171078 core=5
job 23_POW_24 end 1787209192456
job 37_POW_24 started 1787209192457 core=4
job 15_SUM_108 end 1787209219925
job 28_SUM_132 started 1787209219925 core=1
job 27_POW_36 end 1787209270119
job 40_POW_24 started 1787209270119 core=5
job 24_COPY_84 end 1787209283593
job 34_COPY_84 started 1787209283593 core=0
job 37_POW_24 end 1787209284950
job 44_POW_36 started 1787209284950 core=4
job 28_SUM_132 end 1787209298985
job 42_SUM_108 started 1787209298985 core=1
job 40_POW_24 end 1787209336072
job 50_POW_36 started 1787209336072 core=5
job 42_SUM_108 end 1787209363887
job 49_SUM_84 started 1787209363887 core=1
job 49_SUM_84 end 1787209414266
job 62_POW_24 started 1787209414266 core=1
job 34_COPY_84 end 1787209418802
job 39_COPY_84 started 1787209418802 core=0
job 44_POW_36 end 1787209422395
job 51_SUM_84 started 1787209422396 core=4
job 50_POW_36 end 1787209434145
job 64_POW_36 started 1787209434145 core=5
job 62_POW_24 end 1787209477840
job 68_POW_24 started 1787209477840 core=1
job 51_SUM_84 end 1787209500810
job 52_SUM_84 started 1787209500810 core=4
job 64_POW_36 end 1787209530247
job 59_COPY_84 started 1787209530247 core=5
job 39_COPY_84 end 1787209540808
job 75_POW_36 started 1787209540808 core=0
job 68_POW_24 end 1787209545874
job 57_SUM_108 started 1787209545874 core=1
job 52_SUM_84 end 1787209565971
job 84_POW_24 started 1787209565971 core=4
job 84_POW_24 end 1787209629903
job 80_SUM_108 started 1787209629904 core=4
job 75_POW_36 end 1787209639425
job 86_POW_36 started 1787209639425 core=0
job 57_SUM_108 end 1787209649788
job 87_POW_12 started 1787209649788 core=1
job 59_COPY_84 end 1787209657621
job 74_COPY_84 started 1787209657621 core=5
job 80_SUM_108 end 1787209695352
job 90_POW_36 started 1787209695352 core=4
job 87_POW_12 end 1787209695865
job 82_SUM_108 started 1787209695865 core=1
job 86_POW_36 end 1787209737459
job 93_POW_12 started 1787209737459 core=0
job 93_POW_12 end 1787209769533
job 13_COPY_60 started 1787209769534 core=0
job 74_COPY_84 end 1787209783435
job 21_COPY_60 started 1787209783435 core=5
job 82_SUM_108 end 1787209795940
job 96_POW_36 started 1787209795940 core=1
job 90_POW_36 end 1787209799156
job 98_POW_12 started 1787209799156 core=4
job 98_POW_12 end 1787209841503
job 76_SQRTX_12 started 1787209841503 core=4
job 13_COPY_60 end 1787209857352
job 32_SQRTX_48 started 1787209857353 core=0
job 76_SQRTX_12 end 1787209861442
job 33_COPY_60 started 1787209861442 core=4
job 21_COPY_60 end 1787209869866
job 58_COPY_60 started 1787209869866 core=5
job 96_POW_36 end 1787209919698
job 73_TGAMMA_60 started 1787209919698 core=1
job 32_SQRTX_48 end 1787209941209
job 3_ERF_24 started 1787209941209 core=0
job 33_COPY_60 end 1787209945575
job 77_TGAMMA_12 started 1787209945575 core=4
job 58_COPY_60 end 1787209945727
job 81_TGAMMA_60 started 1787209945727 core=5
job 77_TGAMMA_12 end 1787209952353
job 8_DOT_36 started 1787209952353 core=4
job 73_TGAMMA_60 end 1787209954509
job 20_DOT_84 started 1787209954509 core=1
job 81_TGAMMA_60 end 1787209980570
job 83_TGAMMA_60 started 1787209980571 core=5
job 3_ERF_24 end 1787209993053
job 31_ERF_48 started 1787209993053 core=0
job 8_DOT_36 end 1787209993977
job 22_DOT_84 started 1787209993977 core=4
job 83_TGAMMA_60 end 1787210015693
job 99_TGAMMA_60 started 1787210015693 core=5
job 20_DOT_84 end 1787210027922
job 43_DOT_84 started 1787210027922 core=1
job 99_TGAMMA_60 end 1787210050904
job 46_ERF_24 started 1787210050904 core=5
job 22_DOT_84 end 1787210089550
job 67_ERF_48 started 1787210089551 core=4
job 46_ERF_24 end 1787210113243
job 69_ERF_48 started 1787210113243 core=5
job 43_DOT_84 end 1787210114928
job 85_ERF_12 started 1787210114928 core=1
job 31_ERF_48 end 1787210116742
job 78_COPY_60 started 1787210116743 core=0
job 85_ERF_12 end 1787210137006
job 89_ERF_48 started 1787210137007 core=1
job 78_COPY_60 end 1787210201095
job 92_ERF_12 started 1787210201096 core=0
job 69_ERF_48 end 1787210202284
job 94_COPY_84 started 1787210202284 core=5
job 67_ERF_48 end 1787210205357
job 95_COPY_84 started 1787210205357 core=4
job 92_ERF_12 end 1787210230466
job 55_DOT_84 started 1787210230466 core=0
job 89_ERF_48 end 1787210234765
job 56_DOT_36 started 1787210234765 core=1
job 56_DOT_36 end 1787210293563
job 71_DOT_36 started 1787210293564 core=1
job 94_COPY_84 end 1787210340058
job 79_DOT_84 started 1787210340059 core=5
job 95_COPY_84 end 1787210343388
job 97_DOT_84 started 1787210343388 core=4
job 71_DOT_36 end 1787210350736
job 55_DOT_84 end 1787210365190
job 79_DOT_84 end 1787210410120
job 97_DOT_84 end 1787210414754
  итерация 0: 1770989 ms
  среднее по 1 итерациям: 1770989 ms
=== Выполняется проект: no_po_balanced_8.txt (100 работ, перестановка ORDER) ===
fake 3 started 1787210414755 delay_ms=1
fake 2 started 1787210414755 delay_ms=0
fake 2 end 1787210414755
fake 0 started 1787210414755 delay_ms=0
fake 0 end 1787210414755
fake 1 started 1787210414755 delay_ms=0
fake 1 end 1787210414755
job 15_XPY_60 started 1787210414755 core=4
job 27_XPY_60 started 1787210414755 core=5
job 3_TGAMMA_60 started 1787210414755 core=0
fake 3 end 1787210414756
job 6_TGAMMA_12 started 1787210414756 core=1
job 6_TGAMMA_12 end 1787210421869
job 9_TGAMMA_60 started 1787210421869 core=1
job 3_TGAMMA_60 end 1787210450274
job 18_TGAMMA_120 started 1787210450274 core=0
job 9_TGAMMA_60 end 1787210457317
job 19_TGAMMA_60 started 1787210457317 core=1
job 15_XPY_60 end 1787210480562
job 57_XPY_60 started 1787210480562 core=4
job 27_XPY_60 end 1787210480750
job 23_XPY_48 started 1787210480750 core=5
job 19_TGAMMA_60 end 1787210492755
job 20_TGAMMA_12 started 1787210492755 core=1
job 20_TGAMMA_12 end 1787210499931
job 21_TGAMMA_12 started 1787210499931 core=1
job 21_TGAMMA_12 end 1787210507103
job 26_TGAMMA_12 started 1787210507104 core=1
job 26_TGAMMA_12 end 1787210514279
job 32_TGAMMA_60 started 1787210514279 core=1
job 18_TGAMMA_120 end 1787210521341
job 35_TGAMMA_120 started 1787210521341 core=0
job 23_XPY_48 end 1787210533475
job 41_XPY_48 started 1787210533475 core=5
job 57_XPY_60 end 1787210546278
job 55_XPY_48 started 1787210546278 core=4
job 32_TGAMMA_60 end 1787210549749
job 37_TGAMMA_120 started 1787210549749 core=1
job 41_XPY_48 end 1787210586271
job 56_XPY_48 started 1787210586271 core=5
job 35_TGAMMA_120 end 1787210592455
job 42_TGAMMA_120 started 1787210592456 core=0
job 55_XPY_48 end 1787210599111
job 99_XPY_48 started 1787210599111 core=4
job 37_TGAMMA_120 end 1787210620508
job 46_TGAMMA_12 started 1787210620509 core=1
job 46_TGAMMA_12 end 1787210627633
job 51_TGAMMA_120 started 1787210627633 core=1
job 56_XPY_48 end 1787210639273
job 76_XPY_60 started 1787210639273 core=5
job 99_XPY_48 end 1787210651364
job 77_XPY_60 started 1787210651364 core=4
job 42_TGAMMA_120 end 1787210663467
job 61_TGAMMA_120 started 1787210663468 core=0
job 51_TGAMMA_120 end 1787210698460
job 63_TGAMMA_12 started 1787210698461 core=1
job 76_XPY_60 end 1787210705072
job 81_XPY_60 started 1787210705072 core=5
job 63_TGAMMA_12 end 1787210705640
job 65_TGAMMA_120 started 1787210705640 core=1
job 77_XPY_60 end 1787210717193
job 88_XPY_60 started 1787210717193 core=4
job 61_TGAMMA_120 end 1787210734503
job 66_TGAMMA_12 started 1787210734503 core=0
job 66_TGAMMA_12 end 1787210741640
job 70_TGAMMA_12 started 1787210741640 core=0
job 70_TGAMMA_12 end 1787210748772
job 79_TGAMMA_120 started 1787210748772 core=0
job 81_XPY_60 end 1787210770883
job 2_DOT_84 started 1787210770883 core=5
job 65_TGAMMA_120 end 1787210776451
job 1_POW_12 started 1787210776451 core=1
job 88_XPY_60 end 1787210784484
job 12_DOT_36 started 1787210784484 core=4
job 12_DOT_36 end 1787210816524
job 43_ERF_24 started 1787210816525 core=4
job 1_POW_12 end 1787210818293
job 94_TGAMMA_12 started 1787210818293 core=1
job 79_TGAMMA_120 end 1787210819724
job 14_DOT_84 started 1787210819724 core=0
job 94_TGAMMA_12 end 1787210825373
job 97_TGAMMA_120 started 1787210825374 core=1
job 2_DOT_84 end 1787210853465
job 31_DOT_84 started 1787210853466 core=5
job 43_ERF_24 end 1787210877960
job 45_ERF_24 started 1787210877961 core=4
job 97_TGAMMA_120 end 1787210895620
job 5_POW_24 started 1787210895622 core=1
job 14_DOT_84 end 1787210918708
job 62_ERF_48 started 1787210918708 core=0
job 31_DOT_84 end 1787210936222
job 96_ERF_48 started 1787210936222 core=5
job 45_ERF_24 end 1787210937284
job 39_DOT_36 started 1787210937285 core=4
job 5_POW_24 end 1787210969453
job 24_SQRTX_12 started 1787210969453 core=1
job 39_DOT_36 end 1787210974107
job 0_COPY_60 started 1787210974107 core=4
job 24_SQRTX_12 end 1787210986525
job 83_SQRTX_12 started 1787210986526 core=1
job 83_SQRTX_12 end 1787211003128
job 4_SQRTX_48 started 1787211003128 core=1
job 96_ERF_48 end 1787211024815
job 7_SQRTX_48 started 1787211024815 core=5
job 62_ERF_48 end 1787211037828
job 36_SQRTX_48 started 1787211037828 core=0
job 0_COPY_60 end 1787211059965
job 58_DOT_84 started 1787211059965 core=4
job 4_SQRTX_48 end 1787211068724
job 75_SQRTX_48 started 1787211068725 core=1
job 7_SQRTX_48 end 1787211089465
job 8_POW_24 started 1787211089466 core=5
job 36_SQRTX_48 end 1787211123160
job 11_SUM_132 started 1787211123160 core=0
job 75_SQRTX_48 end 1787211135667
job 10_POW_12 started 1787211135668 core=1
job 58_DOT_84 end 1787211142117
job 38_COPY_84 started 1787211142117 core=4
job 8_POW_24 end 1787211154193
job 13_POW_12 started 1787211154194 core=5
job 10_POW_12 end 1787211168273
job 22_POW_24 started 1787211168273 core=1
job 13_POW_12 end 1787211186331
job 16_SUM_108 started 1787211186331 core=5
job 22_POW_24 end 1787211236358
job 25_POW_24 started 1787211236359 core=1
job 11_SUM_132 end 1787211249136
job 28_POW_36 started 1787211249136 core=0
job 16_SUM_108 end 1787211253147
job 17_SUM_108 started 1787211253147 core=5
job 38_COPY_84 end 1787211270333
job 30_POW_36 started 1787211270334 core=4
job 25_POW_24 end 1787211303378
job 44_COPY_84 started 1787211303378 core=1
job 17_SUM_108 end 1787211326121
job 50_SUM_84 started 1787211326121 core=5
job 28_POW_36 end 1787211353377
job 33_POW_36 started 1787211353378 core=0
job 30_POW_36 end 1787211367831
job 34_POW_12 started 1787211367832 core=4
job 34_POW_12 end 1787211399805
job 52_SUM_84 started 1787211399805 core=4
job 50_SUM_84 end 1787211404613
job 47_COPY_84 started 1787211404613 core=5
job 44_COPY_84 end 1787211435206
job 40_POW_12 started 1787211435206 core=1
job 52_SUM_84 end 1787211449820
job 54_SUM_84 started 1787211449820 core=4
job 33_POW_36 end 1787211451042
job 48_POW_36 started 1787211451043 core=0
job 40_POW_12 end 1787211481464
job 53_POW_12 started 1787211481464 core=1
job 54_SUM_84 end 1787211500260
job 78_SUM_108 started 1787211500261 core=4
job 53_POW_12 end 1787211527743
job 59_POW_24 started 1787211527743 core=1
job 47_COPY_84 end 1787211547469
job 49_COPY_84 started 1787211547469 core=5
job 48_POW_36 end 1787211550015
job 60_POW_24 started 1787211550015 core=0
job 78_SUM_108 end 1787211564882
job 84_SUM_132 started 1787211564882 core=4
job 60_POW_24 end 1787211616372
job 64_POW_36 started 1787211616372 core=0
job 59_POW_24 end 1787211619966
job 67_POW_36 started 1787211619966 core=1
job 84_SUM_132 end 1787211644012
job 74_COPY_84 started 1787211644012 core=4
job 49_COPY_84 end 1787211679101
job 87_SUM_132 started 1787211679101 core=5
job 67_POW_36 end 1787211733910
job 71_POW_24 started 1787211733910 core=1
job 64_POW_36 end 1787211740593
job 73_POW_36 started 1787211740593 core=0
job 87_SUM_132 end 1787211758346
job 93_SUM_84 started 1787211758346 core=5
job 74_COPY_84 end 1787211775320
job 82_POW_36 started 1787211775320 core=4
job 71_POW_24 end 1787211800234
job 91_COPY_84 started 1787211800234 core=1
job 93_SUM_84 end 1787211813314
job 95_SUM_84 started 1787211813314 core=5
job 73_POW_36 end 1787211848686
job 85_POW_24 started 1787211848687 core=0
job 82_POW_36 end 1787211872358
job 29_COPY_60 started 1787211872359 core=4
job 95_SUM_84 end 1787211891409
job 86_POW_12 started 1787211891409 core=5
job 91_COPY_84 end 1787211922733
job 68_COPY_60 started 1787211922733 core=1
job 85_POW_24 end 1787211926458
job 80_COPY_60 started 1787211926458 core=0
job 86_POW_12 end 1787211933344
job 90_COPY_60 started 1787211933344 core=5
job 29_COPY_60 end 1787211968743
job 69_DOT_84 started 1787211968744 core=4
job 80_COPY_60 end 1787212028819
job 72_DOT_84 started 1787212028819 core=0
job 68_COPY_60 end 1787212034588
job 89_DOT_36 started 1787212034588 core=1
job 90_COPY_60 end 1787212049554
job 92_DOT_84 started 1787212049555 core=5
job 89_DOT_36 end 1787212092022
job 98_DOT_36 started 1787212092022 core=1
job 69_DOT_84 end 1787212093315
job 72_DOT_84 end 1787212125373
job 98_DOT_36 end 1787212135846
job 92_DOT_84 end 1787212144966
  итерация 0: 1730211 ms
  среднее по 1 итерациям: 1730211 ms
=== Выполняется проект: no_po_balanced_9.txt (100 работ, перестановка ORDER) ===
fake 3 started 1787212144967 delay_ms=1
fake 2 started 1787212144967 delay_ms=0
fake 2 end 1787212144967
fake 0 started 1787212144967 delay_ms=0
fake 0 end 1787212144967
fake 1 started 1787212144967 delay_ms=0
fake 1 end 1787212144967
job 22_XPY_60 started 1787212144967 core=5
job 27_XPY_60 started 1787212144967 core=1
job 1_TGAMMA_60 started 1787212144978 core=0
fake 3 end 1787212144980
job 2_TGAMMA_12 started 1787212144981 core=4
job 2_TGAMMA_12 end 1787212151804
job 8_TGAMMA_12 started 1787212151804 core=4
job 8_TGAMMA_12 end 1787212158618
job 12_TGAMMA_120 started 1787212158618 core=4
job 1_TGAMMA_60 end 1787212179224
job 21_TGAMMA_60 started 1787212179224 core=0
job 27_XPY_60 end 1787212211413
job 31_XPY_60 started 1787212211413 core=1
job 22_XPY_60 end 1787212211642
job 70_XPY_48 started 1787212211642 core=5
job 21_TGAMMA_60 end 1787212213453
job 23_TGAMMA_60 started 1787212213454 core=0
job 12_TGAMMA_120 end 1787212226953
job 30_TGAMMA_12 started 1787212226953 core=4
job 30_TGAMMA_12 end 1787212233762
job 32_TGAMMA_12 started 1787212233762 core=4
job 32_TGAMMA_12 end 1787212240577
job 33_TGAMMA_60 started 1787212240578 core=4
job 23_TGAMMA_60 end 1787212247687
job 35_TGAMMA_12 started 1787212247687 core=0
job 35_TGAMMA_12 end 1787212254520
job 37_TGAMMA_120 started 1787212254520 core=0
job 70_XPY_48 end 1787212264891
job 83_XPY_48 started 1787212264891 core=5
job 33_TGAMMA_60 end 1787212274739
job 36_XPY_60 started 1787212274739 core=4
job 31_XPY_60 end 1787212279832
job 45_TGAMMA_120 started 1787212279832 core=1
job 83_XPY_48 end 1787212320099
job 50_XPY_60 started 1787212320099 core=5
job 37_TGAMMA_120 end 1787212324693
job 49_TGAMMA_12 started 1787212324693 core=0
job 49_TGAMMA_12 end 1787212331817
job 56_TGAMMA_60 started 1787212331817 core=0
job 36_XPY_60 end 1787212340404
job 58_XPY_60 started 1787212340404 core=4
job 45_TGAMMA_120 end 1787212350738
job 64_TGAMMA_60 started 1787212350739 core=1
job 56_TGAMMA_60 end 1787212367159
job 71_TGAMMA_12 started 1787212367160 core=0
job 71_TGAMMA_12 end 1787212374236
job 72_TGAMMA_60 started 1787212374237 core=0
job 50_XPY_60 end 1787212385681
job 0_DOT_36 started 1787212385681 core=5
job 64_TGAMMA_60 end 1787212386209
job 10_POW_12 started 1787212386209 core=1
job 58_XPY_60 end 1787212409844
job 3_DOT_84 started 1787212409845 core=4
job 72_TGAMMA_60 end 1787212409873
job 13_POW_24 started 1787212409873 core=0
job 10_POW_12 end 1787212424673
job 4_SUM_132 started 1787212424673 core=1
job 0_DOT_36 end 1787212425605
job 15_POW_36 started 1787212425605 core=5
job 13_POW_24 end 1787212494223
job 18_POW_24 started 1787212494224 core=0
job 3_DOT_84 end 1787212508854
job 20_COPY_84 started 1787212508855 core=4
job 4_SUM_132 end 1787212512443
job 16_SUM_132 started 1787212512443 core=1
job 15_POW_36 end 1787212532890
job 25_POW_12 started 1787212532890 core=5
job 25_POW_12 end 1787212565872
job 26_POW_24 started 1787212565872 core=5
job 18_POW_24 end 1787212585207
job 34_POW_12 started 1787212585208 core=0
job 16_SUM_132 end 1787212591923
job 39_SUM_132 started 1787212591924 core=1
job 34_POW_12 end 1787212631573
job 38_POW_12 started 1787212631573 core=0
job 26_POW_24 end 1787212631994
job 47_COPY_84 started 1787212631994 core=5
job 20_COPY_84 end 1787212643092
job 40_POW_12 started 1787212643092 core=4
job 38_POW_12 end 1787212666768
job 44_POW_12 started 1787212666768 core=0
job 40_POW_12 end 1787212675122
job 51_POW_24 started 1787212675122 core=4
job 39_SUM_132 end 1787212692356
job 53_POW_36 started 1787212692359 core=1
job 44_POW_12 end 1787212698668
job 41_SUM_132 started 1787212698668 core=0
job 51_POW_24 end 1787212740269
job 60_POW_24 started 1787212740269 core=4
job 47_COPY_84 end 1787212760297
job 65_COPY_84 started 1787212760297 core=5
job 41_SUM_132 end 1787212778058
job 43_SUM_132 started 1787212778058 core=0
job 60_POW_24 end 1787212806201
job 62_POW_24 started 1787212806201 core=4
job 53_POW_36 end 1787212830250
job 66_POW_24 started 1787212830251 core=1
job 43_SUM_132 end 1787212857461
job 67_POW_36 started 1787212857462 core=0
job 62_POW_24 end 1787212871177
job 48_SUM_84 started 1787212871177 core=4
job 65_COPY_84 end 1787212894194
job 76_COPY_84 started 1787212894194 core=5
job 48_SUM_84 end 1787212921414
job 73_POW_12 started 1787212921414 core=4
job 66_POW_24 end 1787212921457
job 77_POW_36 started 1787212921457 core=1
job 73_POW_12 end 1787212952167
job 54_SUM_108 started 1787212952168 core=4
job 67_POW_36 end 1787212953724
job 86_POW_36 started 1787212953725 core=0
job 54_SUM_108 end 1787213017107
job 85_COPY_84 started 1787213017107 core=4
job 76_COPY_84 end 1787213025624
job 57_SUM_132 started 1787213025624 core=5
job 77_POW_36 end 1787213048066
job 90_POW_12 started 1787213048066 core=1
job 86_POW_36 end 1787213066332
job 91_POW_12 started 1787213066332 core=0
job 90_POW_12 end 1787213080956
job 92_POW_12 started 1787213080956 core=1
job 57_SUM_132 end 1787213104934
job 61_SUM_132 started 1787213104934 core=5
job 91_POW_12 end 1787213112816
job 93_POW_12 started 1787213112816 core=0
job 92_POW_12 end 1787213114137
job 94_POW_24 started 1787213114137 core=1
job 85_COPY_84 end 1787213151191
job 28_COPY_60 started 1787213151191 core=4
job 93_POW_12 end 1787213159288
job 95_POW_36 started 1787213159288 core=0
job 94_POW_24 end 1787213179797
job 74_SUM_84 started 1787213179797 core=1
job 61_SUM_132 end 1787213184627
job 42_SQRTX_12 started 1787213184627 core=5
job 42_SQRTX_12 end 1787213200261
job 84_SQRTX_48 started 1787213200261 core=5
job 74_SUM_84 end 1787213231514
job 81_SUM_84 started 1787213231514 core=1
job 28_COPY_60 end 1787213243323
job 88_SUM_84 started 1787213243323 core=4
job 84_SQRTX_48 end 1787213264471
job 80_TGAMMA_60 started 1787213264471 core=5
job 81_SUM_84 end 1787213279718
job 6_DOT_84 started 1787213279718 core=1
job 95_POW_36 end 1787213282281
job 5_ERF_12 started 1787213282281 core=0
job 88_SUM_84 end 1787213297052
job 97_TGAMMA_120 started 1787213297053 core=4
job 80_TGAMMA_60 end 1787213299515
job 7_DOT_36 started 1787213299515 core=5
job 5_ERF_12 end 1787213304509
job 9_ERF_24 started 1787213304509 core=0
job 9_ERF_24 end 1787213340242
job 11_DOT_84 started 1787213340242 core=0
job 7_DOT_36 end 1787213344942
job 19_ERF_24 started 1787213344942 core=5
job 97_TGAMMA_120 end 1787213366878
job 99_TGAMMA_120 started 1787213366878 core=4
job 6_DOT_84 end 1787213373944
job 14_DOT_84 started 1787213373944 core=1
job 19_ERF_24 end 1787213409156
job 24_ERF_24 started 1787213409156 core=5
job 11_DOT_84 end 1787213414364
job 17_DOT_36 started 1787213414365 core=0
job 99_TGAMMA_120 end 1787213437014
job 87_SQRTX_48 started 1787213437014 core=4
job 17_DOT_36 end 1787213448914
job 46_ERF_12 started 1787213448915 core=0
job 14_DOT_84 end 1787213468854
job 59_COPY_60 started 1787213468854 core=1
job 24_ERF_24 end 1787213470177
job 68_ERF_24 started 1787213470177 core=5
job 46_ERF_12 end 1787213471674
job 79_ERF_48 started 1787213471674 core=0
job 87_SQRTX_48 end 1787213507493
job 89_SUM_84 started 1787213507493 core=4
job 68_ERF_24 end 1787213535389
job 98_SUM_84 started 1787213535389 core=5
job 89_SUM_84 end 1787213557655
job 63_COPY_60 started 1787213557656 core=4
job 59_COPY_60 end 1787213557674
job 78_COPY_60 started 1787213557674 core=1
job 79_ERF_48 end 1787213566919
job 82_COPY_60 started 1787213566919 core=0
job 98_SUM_84 end 1787213612948
job 29_DOT_84 started 1787213612948 core=5
job 78_COPY_60 end 1787213646406
job 52_DOT_36 started 1787213646406 core=1
job 63_COPY_60 end 1787213675225
job 55_DOT_36 started 1787213675226 core=4
job 82_COPY_60 end 1787213688616
job 69_DOT_36 started 1787213688617 core=0
job 52_DOT_36 end 1787213694772
job 75_DOT_84 started 1787213694773 core=1
job 55_DOT_36 end 1787213731676
job 96_DOT_36 started 1787213731676 core=4
job 29_DOT_84 end 1787213734780
job 69_DOT_36 end 1787213743015
job 96_DOT_36 end 1787213764601
job 75_DOT_84 end 1787213773232
  итерация 0: 1628265 ms
  среднее по 1 итерациям: 1628265 ms
=== Выполняется проект: no_po_compute-heavy_1.txt (100 работ, перестановка ORDER) ===
fake 3 started 1787213773233 delay_ms=1
fake 2 started 1787213773233 delay_ms=0
fake 2 end 1787213773233
fake 0 started 1787213773233 delay_ms=0
fake 0 end 1787213773233
fake 1 started 1787213773233 delay_ms=0
fake 1 end 1787213773233
job 51_XPY_60 started 1787213773233 core=1
job 24_XPY_48 started 1787213773233 core=4
job 0_TGAMMA_60 started 1787213773233 core=0
fake 3 end 1787213773244
job 1_TGAMMA_120 started 1787213773245 core=5
job 0_TGAMMA_60 end 1787213808738
job 2_TGAMMA_12 started 1787213808739 core=0
job 2_TGAMMA_12 end 1787213815945
job 3_TGAMMA_12 started 1787213815946 core=0
job 3_TGAMMA_12 end 1787213823159
job 4_TGAMMA_60 started 1787213823159 core=0
job 24_XPY_48 end 1787213825973
job 27_XPY_48 started 1787213825974 core=4
job 51_XPY_60 end 1787213838830
job 6_DOT_84 started 1787213838830 core=1
job 1_TGAMMA_120 end 1787213844025
job 5_POW_36 started 1787213844025 core=5
job 4_TGAMMA_60 end 1787213859008
job 7_TGAMMA_120 started 1787213859008 core=0
job 27_XPY_48 end 1787213884416
job 13_DOT_84 started 1787213884416 core=4
job 7_TGAMMA_120 end 1787213930253
job 18_DOT_84 started 1787213930254 core=0
job 6_DOT_84 end 1787213931714
job 12_POW_12 started 1787213931714 core=1
job 5_POW_36 end 1787213960274
job 25_POW_36 started 1787213960275 core=5
job 12_POW_12 end 1787213967460
job 28_POW_36 started 1787213967460 core=1
job 13_DOT_84 end 1787213973981
job 26_SUM_132 started 1787213973981 core=4
job 18_DOT_84 end 1787214033344
job 22_COPY_84 started 1787214033344 core=0
job 25_POW_36 end 1787214063794
job 30_POW_36 started 1787214063794 core=5
job 28_POW_36 end 1787214070107
job 31_SUM_108 started 1787214070107 core=1
job 26_SUM_132 end 1787214090251
job 32_POW_24 started 1787214090251 core=4
job 31_SUM_108 end 1787214135579
job 37_SUM_132 started 1787214135579 core=1
job 30_POW_36 end 1787214163760
job 59_COPY_84 started 1787214163761 core=5
job 22_COPY_84 end 1787214164204
job 33_POW_12 started 1787214164204 core=0
job 32_POW_24 end 1787214177178
job 35_POW_12 started 1787214177178 core=4
job 33_POW_12 end 1787214196228
job 45_POW_36 started 1787214196228 core=0
job 35_POW_12 end 1787214209332
job 49_POW_24 started 1787214209332 core=4
job 37_SUM_132 end 1787214243467
job 39_SUM_108 started 1787214243468 core=1
job 49_POW_24 end 1787214273162
job 65_COPY_60 started 1787214273162 core=4
job 59_COPY_84 end 1787214285086
job 56_POW_36 started 1787214285086 core=5
job 45_POW_36 end 1787214300160
job 63_POW_36 started 1787214300160 core=0
job 39_SUM_108 end 1787214323396
job 54_SUM_132 started 1787214323397 core=1
job 65_COPY_60 end 1787214369299
job 78_COPY_60 started 1787214369301 core=4
job 56_POW_36 end 1787214384131
job 64_POW_24 started 1787214384131 core=5
job 54_SUM_132 end 1787214402648
job 55_SUM_108 started 1787214402648 core=1
job 63_POW_36 end 1787214439916
job 66_POW_24 started 1787214439916 core=0
job 64_POW_24 end 1787214450249
job 58_DOT_84 started 1787214450249 core=5
job 78_COPY_60 end 1787214466847
job 67_POW_12 started 1787214466847 core=4
job 55_SUM_108 end 1787214473049
job 61_SUM_108 started 1787214473050 core=1
job 67_POW_12 end 1787214502362
job 71_POW_12 started 1787214502362 core=4
job 66_POW_24 end 1787214518229
job 75_POW_36 started 1787214518229 core=0
job 71_POW_12 end 1787214538304
job 76_POW_36 started 1787214538304 core=4
job 58_DOT_84 end 1787214546271
job 68_DOT_84 started 1787214546272 core=5
job 61_SUM_108 end 1787214560204
job 69_SUM_108 started 1787214560204 core=1
job 75_POW_36 end 1787214625348
job 79_POW_36 started 1787214625348 core=0
job 68_DOT_84 end 1787214642363
job 88_SUM_132 started 1787214642364 core=5
job 76_POW_36 end 1787214644908
job 80_POW_36 started 1787214644908 core=4
job 69_SUM_108 end 1787214647113
job 74_DOT_36 started 1787214647113 core=1
job 74_DOT_36 end 1787214688189
job 82_DOT_36 started 1787214688190 core=1
job 82_DOT_36 end 1787214729271
job 90_SUM_84 started 1787214729271 core=1
job 79_POW_36 end 1787214732206
job 89_DOT_84 started 1787214732207 core=0
job 88_SUM_132 end 1787214746039
job 96_POW_24 started 1787214746040 core=5
job 80_POW_36 end 1787214755764
job 98_POW_36 started 1787214755764 core=4
job 90_SUM_84 end 1787214785719
job 15_ERF_48 started 1787214785719 core=1
job 96_POW_24 end 1787214817253
job 21_ERF_48 started 1787214817254 core=5
job 89_DOT_84 end 1787214828534
job 29_ERF_48 started 1787214828534 core=0
job 98_POW_36 end 1787214864469
job 36_ERF_24 started 1787214864469 core=4
job 15_ERF_48 end 1787214879320
job 46_ERF_24 started 1787214879320 core=1
job 21_ERF_48 end 1787214907003
job 86_ERF_48 started 1787214907003 core=5
job 36_ERF_24 end 1787214908618
job 94_ERF_24 started 1787214908618 core=4
job 29_ERF_48 end 1787214916451
job 95_SQRTX_48 started 1787214916452 core=0
job 46_ERF_24 end 1787214923554
job 47_SQRTX_12 started 1787214923554 core=1
job 47_SQRTX_12 end 1787214941165
job 99_SQRTX_12 started 1787214941165 core=1
job 94_ERF_24 end 1787214952193
job 8_TGAMMA_120 started 1787214952194 core=4
job 99_SQRTX_12 end 1787214958537
job 9_TGAMMA_60 started 1787214958537 core=1
job 95_SQRTX_48 end 1787214972401
job 10_TGAMMA_120 started 1787214972401 core=0
job 86_ERF_48 end 1787214981155
job 11_TGAMMA_60 started 1787214981156 core=5
job 9_TGAMMA_60 end 1787214992530
job 14_TGAMMA_60 started 1787214992530 core=1
job 11_TGAMMA_60 end 1787215014932
job 16_TGAMMA_60 started 1787215014932 core=5
job 8_TGAMMA_120 end 1787215020147
job 17_TGAMMA_12 started 1787215020147 core=4
job 14_TGAMMA_60 end 1787215026321
job 19_TGAMMA_12 started 1787215026321 core=1
job 17_TGAMMA_12 end 1787215026887
job 20_TGAMMA_60 started 1787215026887 core=4
job 19_TGAMMA_12 end 1787215033077
job 23_TGAMMA_12 started 1787215033077 core=1
job 23_TGAMMA_12 end 1787215039829
job 34_TGAMMA_60 started 1787215039829 core=1
job 10_TGAMMA_120 end 1787215040073
job 38_TGAMMA_60 started 1787215040073 core=0
job 16_TGAMMA_60 end 1787215048714
job 40_TGAMMA_120 started 1787215048714 core=5
job 20_TGAMMA_60 end 1787215060639
job 41_TGAMMA_120 started 1787215060639 core=4
job 34_TGAMMA_60 end 1787215073614
job 42_TGAMMA_120 started 1787215073615 core=1
job 38_TGAMMA_60 end 1787215073869
job 43_TGAMMA_12 started 1787215073869 core=0
job 43_TGAMMA_12 end 1787215080619
job 44_TGAMMA_12 started 1787215080619 core=0
job 44_TGAMMA_12 end 1787215087363
job 48_TGAMMA_60 started 1787215087363 core=0
job 40_TGAMMA_120 end 1787215116257
job 50_TGAMMA_60 started 1787215116257 core=5
job 48_TGAMMA_60 end 1787215121155
job 52_TGAMMA_60 started 1787215121155 core=0
job 41_TGAMMA_120 end 1787215128123
job 53_TGAMMA_120 started 1787215128123 core=4
job 42_TGAMMA_120 end 1787215141170
job 57_TGAMMA_12 started 1787215141170 core=1
job 57_TGAMMA_12 end 1787215147916
job 60_TGAMMA_12 started 1787215147916 core=1
job 50_TGAMMA_60 end 1787215150013
job 62_TGAMMA_60 started 1787215150013 core=5
job 60_TGAMMA_12 end 1787215154668
job 70_TGAMMA_120 started 1787215154668 core=1
job 52_TGAMMA_60 end 1787215154941
job 72_TGAMMA_120 started 1787215154941 core=0
job 62_TGAMMA_60 end 1787215183789
job 73_TGAMMA_120 started 1787215183789 core=5
job 53_TGAMMA_120 end 1787215195608
job 77_TGAMMA_120 started 1787215195608 core=4
job 70_TGAMMA_120 end 1787215222232
job 81_TGAMMA_120 started 1787215222232 core=1
job 72_TGAMMA_120 end 1787215222533
job 83_TGAMMA_120 started 1787215222533 core=0
job 73_TGAMMA_120 end 1787215251337
job 84_TGAMMA_60 started 1787215251337 core=5
job 77_TGAMMA_120 end 1787215263101
job 85_TGAMMA_120 started 1787215263101 core=4
job 84_TGAMMA_60 end 1787215285078
job 87_TGAMMA_12 started 1787215285078 core=5
job 81_TGAMMA_120 end 1787215289779
job 91_TGAMMA_12 started 1787215289779 core=1
job 83_TGAMMA_120 end 1787215290101
job 92_TGAMMA_60 started 1787215290101 core=0
job 87_TGAMMA_12 end 1787215291824
job 93_TGAMMA_60 started 1787215291824 core=5
job 91_TGAMMA_12 end 1787215296528
job 97_TGAMMA_60 started 1787215296528 core=1
job 92_TGAMMA_60 end 1787215323898
job 93_TGAMMA_60 end 1787215325592
job 97_TGAMMA_60 end 1787215330292
job 85_TGAMMA_120 end 1787215330540
  итерация 0: 1557307 ms
  среднее по 1 итерациям: 1557307 ms
=== Выполняется проект: no_po_compute-heavy_10.txt (100 работ, перестановка ORDER) ===
fake 3 started 1787215330541 delay_ms=1
fake 1 started 1787215330541 delay_ms=0
fake 1 end 1787215330541
fake 0 started 1787215330541 delay_ms=0
fake 0 end 1787215330541
fake 2 started 1787215330541 delay_ms=0
job 46_XPY_48 started 1787215330541 core=4
fake 2 end 1787215330541
job 2_TGAMMA_12 started 1787215330541 core=5
job 7_XPY_60 started 1787215330541 core=1
fake 3 end 1787215330553
job 4_TGAMMA_60 started 1787215330554 core=0
job 2_TGAMMA_12 end 1787215337633
job 6_TGAMMA_12 started 1787215337633 core=5
job 6_TGAMMA_12 end 1787215344756
job 9_TGAMMA_120 started 1787215344756 core=5
job 4_TGAMMA_60 end 1787215366044
job 11_TGAMMA_60 started 1787215366044 core=0
job 46_XPY_48 end 1787215383160
job 49_XPY_48 started 1787215383160 core=4
job 7_XPY_60 end 1787215396260
job 58_DOT_84 started 1787215396261 core=1
job 11_TGAMMA_60 end 1787215401611
job 0_POW_36 started 1787215401611 core=0
job 9_TGAMMA_120 end 1787215415470
job 12_TGAMMA_120 started 1787215415471 core=5
job 49_XPY_48 end 1787215449135
job 60_DOT_84 started 1787215449136 core=4
job 58_DOT_84 end 1787215465781
job 78_DOT_36 started 1787215465782 core=1
job 12_TGAMMA_120 end 1787215485582
job 1_POW_24 started 1787215485582 core=5
job 78_DOT_36 end 1787215502160
job 3_POW_24 started 1787215502160 core=1
job 0_POW_36 end 1787215534630
job 27_SUM_108 started 1787215534630 core=0
job 60_DOT_84 end 1787215546148
job 21_COPY_84 started 1787215546149 core=4
job 1_POW_24 end 1787215556898
job 5_POW_36 started 1787215556899 core=5
job 3_POW_24 end 1787215569277
job 8_POW_12 started 1787215569277 core=1
job 8_POW_12 end 1787215601356
job 29_SUM_108 started 1787215601356 core=1
job 27_SUM_108 end 1787215632881
job 10_POW_12 started 1787215632881 core=0
job 5_POW_36 end 1787215656447
job 13_POW_24 started 1787215656447 core=5
job 29_SUM_108 end 1787215667360
job 24_COPY_84 started 1787215667360 core=1
job 21_COPY_84 end 1787215675613
job 16_POW_12 started 1787215675613 core=4
job 10_POW_12 end 1787215677567
job 34_SUM_84 started 1787215677567 core=0
job 16_POW_12 end 1787215708572
job 17_POW_12 started 1787215708572 core=4
job 34_SUM_84 end 1787215728116
job 40_SUM_132 started 1787215728116 core=0
job 17_POW_12 end 1787215741755
job 22_POW_24 started 1787215741756 core=4
job 13_POW_24 end 1787215743431
job 23_POW_24 started 1787215743431 core=5
job 24_COPY_84 end 1787215801305
job 25_COPY_84 started 1787215801305 core=1
job 22_POW_24 end 1787215807389
job 30_POW_36 started 1787215807389 core=4
job 40_SUM_132 end 1787215807455
job 36_POW_12 started 1787215807455 core=0
job 23_POW_24 end 1787215833937
job 63_SUM_84 started 1787215833938 core=5
job 36_POW_12 end 1787215838501
job 38_POW_12 started 1787215838501 core=0
job 38_POW_12 end 1787215870665
job 77_SUM_108 started 1787215870665 core=0
job 30_POW_36 end 1787215905139
job 39_POW_36 started 1787215905139 core=4
job 63_SUM_84 end 1787215912718
job 26_COPY_60 started 1787215912718 core=5
job 25_COPY_84 end 1787215935810
job 41_POW_12 started 1787215935810 core=1
job 77_SUM_108 end 1787215937007
job 87_SUM_132 started 1787215937007 core=0
job 41_POW_12 end 1787215982169
job 43_POW_24 started 1787215982170 core=1
job 39_POW_36 end 1787216003903
job 52_POW_36 started 1787216003904 core=4
job 26_COPY_60 end 1787216015050
job 32_COPY_60 started 1787216015050 core=5
job 87_SUM_132 end 1787216016492
job 54_POW_24 started 1787216016492 core=0
job 43_POW_24 end 1787216070258
job 35_COPY_60 started 1787216070258 core=1
job 54_POW_24 end 1787216078041
job 50_COPY_60 started 1787216078041 core=0
job 52_POW_36 end 1787216103463
job 59_POW_36 started 1787216103464 core=4
job 32_COPY_60 end 1787216111612
job 61_POW_24 started 1787216111612 core=5
job 50_COPY_60 end 1787216164891
job 69_COPY_60 started 1787216164892 core=0
job 35_COPY_60 end 1787216166753
job 71_COPY_60 started 1787216166754 core=1
job 61_POW_24 end 1787216196138
job 70_POW_12 started 1787216196140 core=5
job 59_POW_36 end 1787216230043
job 73_POW_12 started 1787216230043 core=4
job 70_POW_12 end 1787216238500
job 75_COPY_60 started 1787216238500 core=5
job 69_COPY_60 end 1787216251748
job 74_POW_24 started 1787216251748 core=0
job 71_COPY_60 end 1787216257895
job 79_POW_36 started 1787216257896 core=1
job 73_POW_12 end 1787216266540
job 80_DOT_36 started 1787216266540 core=4
job 80_DOT_36 end 1787216305640
job 81_POW_12 started 1787216305640 core=4
job 74_POW_24 end 1787216320862
job 89_DOT_84 started 1787216320862 core=0
job 75_COPY_60 end 1787216336261
job 18_ERF_48 started 1787216336261 core=5
job 81_POW_12 end 1787216339933
job 28_ERF_12 started 1787216339933 core=4
job 28_ERF_12 end 1787216370049
job 15_SQRTX_12 started 1787216370050 core=4
job 79_POW_36 end 1787216379430
job 56_SQRTX_48 started 1787216379430 core=1
job 15_SQRTX_12 end 1787216390472
job 76_SQRTX_12 started 1787216390472 core=4
job 89_DOT_84 end 1787216406183
job 31_ERF_24 started 1787216406183 core=0
job 76_SQRTX_12 end 1787216410214
job 45_ERF_48 started 1787216410214 core=4
job 18_ERF_48 end 1787216428166
job 57_ERF_12 started 1787216428166 core=5
job 56_SQRTX_48 end 1787216448014
job 82_ERF_48 started 1787216448015 core=1
job 57_ERF_12 end 1787216449416
job 97_ERF_12 started 1787216449416 core=5
job 31_ERF_24 end 1787216450784
job 85_POW_24 started 1787216450784 core=0
job 97_ERF_12 end 1787216471560
job 90_POW_36 started 1787216471561 core=5
job 45_ERF_48 end 1787216498024
job 91_POW_24 started 1787216498024 core=4
job 85_POW_24 end 1787216513473
job 92_POW_36 started 1787216513473 core=0
job 82_ERF_48 end 1787216536282
job 93_POW_36 started 1787216536282 core=1
job 91_POW_24 end 1787216559643
job 94_POW_36 started 1787216559643 core=4
job 90_POW_36 end 1787216566190
job 95_POW_36 started 1787216566191 core=5
job 92_POW_36 end 1787216606586
job 96_POW_36 started 1787216606586 core=0
job 93_POW_36 end 1787216629449
job 14_TGAMMA_120 started 1787216629449 core=1
job 94_POW_36 end 1787216649831
job 19_TGAMMA_120 started 1787216649831 core=4
job 95_POW_36 end 1787216654552
job 20_TGAMMA_120 started 1787216654552 core=5
job 96_POW_36 end 1787216686880
job 33_TGAMMA_12 started 1787216686880 core=0
job 33_TGAMMA_12 end 1787216693627
job 37_TGAMMA_120 started 1787216693627 core=0
job 14_TGAMMA_120 end 1787216697513
job 42_TGAMMA_60 started 1787216697513 core=1
job 19_TGAMMA_120 end 1787216717467
job 44_TGAMMA_12 started 1787216717467 core=4
job 20_TGAMMA_120 end 1787216722179
job 47_TGAMMA_60 started 1787216722179 core=5
job 44_TGAMMA_12 end 1787216724206
job 48_TGAMMA_12 started 1787216724206 core=4
job 48_TGAMMA_12 end 1787216730948
job 51_TGAMMA_60 started 1787216730948 core=4
job 42_TGAMMA_60 end 1787216731304
job 53_TGAMMA_12 started 1787216731304 core=1
job 53_TGAMMA_12 end 1787216738054
job 55_TGAMMA_60 started 1787216738055 core=1
job 47_TGAMMA_60 end 1787216755956
job 62_TGAMMA_60 started 1787216755956 core=5
job 37_TGAMMA_120 end 1787216761217
job 64_TGAMMA_12 started 1787216761218 core=0
job 51_TGAMMA_60 end 1787216764694
job 65_TGAMMA_60 started 1787216764694 core=4
job 64_TGAMMA_12 end 1787216767966
job 66_TGAMMA_12 started 1787216767966 core=0
job 55_TGAMMA_60 end 1787216771838
job 67_TGAMMA_12 started 1787216771838 core=1
job 66_TGAMMA_12 end 1787216774709
job 68_TGAMMA_120 started 1787216774710 core=0
job 67_TGAMMA_12 end 1787216778584
job 72_TGAMMA_60 started 1787216778584 core=1
job 62_TGAMMA_60 end 1787216789721
job 83_TGAMMA_120 started 1787216789721 core=5
job 65_TGAMMA_60 end 1787216798437
job 84_TGAMMA_60 started 1787216798437 core=4
job 72_TGAMMA_60 end 1787216812373
job 86_TGAMMA_60 started 1787216812373 core=1
job 84_TGAMMA_60 end 1787216832180
job 88_TGAMMA_120 started 1787216832180 core=4
job 68_TGAMMA_120 end 1787216842278
job 98_TGAMMA_12 started 1787216842278 core=0
job 86_TGAMMA_60 end 1787216846143
job 99_TGAMMA_60 started 1787216846143 core=1
job 98_TGAMMA_12 end 1787216849015
job 83_TGAMMA_120 end 1787216857208
job 99_TGAMMA_60 end 1787216879814
job 88_TGAMMA_120 end 1787216899452
  итерация 0: 1568910 ms
  среднее по 1 итерациям: 1568910 ms
=== Выполняется проект: no_po_compute-heavy_11.txt (100 работ, перестановка ORDER) ===
fake 2 started 1787216899452 delay_ms=0
fake 2 end 1787216899452
fake 1 started 1787216899452 delay_ms=0
fake 3 started 1787216899452 delay_ms=1
fake 0 started 1787216899452 delay_ms=0
fake 0 end 1787216899452
fake 1 end 1787216899452
job 14_XPY_60 started 1787216899453 core=4
job 46_XPY_60 started 1787216899453 core=1
job 0_TGAMMA_120 started 1787216899453 core=5
fake 3 end 1787216899464
job 1_TGAMMA_60 started 1787216899465 core=0
job 1_TGAMMA_60 end 1787216935008
job 8_TGAMMA_60 started 1787216935008 core=0
job 46_XPY_60 end 1787216965354
job 67_XPY_60 started 1787216965355 core=1
job 14_XPY_60 end 1787216965513
job 31_XPY_48 started 1787216965513 core=4
job 0_TGAMMA_120 end 1787216970314
job 9_TGAMMA_120 started 1787216970315 core=5
job 8_TGAMMA_60 end 1787216970555
job 11_TGAMMA_120 started 1787216970555 core=0
job 31_XPY_48 end 1787217018181
job 89_XPY_60 started 1787217018181 core=4
job 67_XPY_60 end 1787217031229
job 12_DOT_36 started 1787217031229 core=1
job 9_TGAMMA_120 end 1787217041032
job 6_POW_36 started 1787217041032 core=5
job 11_TGAMMA_120 end 1787217041726
job 15_TGAMMA_60 started 1787217041727 core=0
job 12_DOT_36 end 1787217066882
job 3_SUM_132 started 1787217066882 core=1
job 15_TGAMMA_60 end 1787217077932
job 18_TGAMMA_120 started 1787217077932 core=0
job 89_XPY_60 end 1787217091352
job 24_DOT_84 started 1787217091352 core=4
job 6_POW_36 end 1787217148259
job 38_DOT_84 started 1787217148259 core=5
job 18_TGAMMA_120 end 1787217148713
job 7_POW_24 started 1787217148713 core=0
job 3_SUM_132 end 1787217152704
job 13_POW_36 started 1787217152705 core=1
job 24_DOT_84 end 1787217170693
job 4_SUM_132 started 1787217170693 core=4
job 7_POW_24 end 1787217225226
job 16_POW_12 started 1787217225226 core=0
job 38_DOT_84 end 1787217247625
job 63_COPY_84 started 1787217247625 core=5
job 4_SUM_132 end 1787217257081
job 17_POW_12 started 1787217257082 core=4
job 16_POW_12 end 1787217260130
job 19_POW_24 started 1787217260131 core=0
job 13_POW_36 end 1787217280074
job 10_SUM_108 started 1787217280074 core=1
job 17_POW_12 end 1787217288098
job 25_POW_36 started 1787217288099 core=4
job 19_POW_24 end 1787217323454
job 30_POW_12 started 1787217323454 core=0
job 30_POW_12 end 1787217355496
job 32_SUM_84 started 1787217355496 core=0
job 63_COPY_84 end 1787217372158
job 74_COPY_84 started 1787217372159 core=5
job 10_SUM_108 end 1787217382483
job 40_POW_36 started 1787217382483 core=1
job 25_POW_36 end 1787217386086
job 36_SUM_108 started 1787217386087 core=4
job 32_SUM_84 end 1787217408942
job 42_POW_36 started 1787217408942 core=0
job 36_SUM_108 end 1787217452897
job 39_SUM_84 started 1787217452897 core=4
job 39_SUM_84 end 1787217503184
job 43_POW_12 started 1787217503186 core=4
job 42_POW_36 end 1787217508173
job 5_COPY_60 started 1787217508173 core=0
job 74_COPY_84 end 1787217508608
job 47_POW_12 started 1787217508608 core=5
job 40_POW_36 end 1787217517694
job 48_POW_12 started 1787217517694 core=1
job 47_POW_12 end 1787217539417
job 45_SUM_132 started 1787217539417 core=5
job 43_POW_12 end 1787217544015
job 49_POW_36 started 1787217544015 core=4
job 48_POW_12 end 1787217549322
job 54_POW_36 started 1787217549322 core=1
job 5_COPY_60 end 1787217601478
job 29_COPY_60 started 1787217601478 core=0
job 45_SUM_132 end 1787217618596
job 50_SUM_84 started 1787217618596 core=5
job 54_POW_36 end 1787217648468
job 62_POW_36 started 1787217648469 core=1
job 50_SUM_84 end 1787217669127
job 64_POW_24 started 1787217669127 core=5
job 49_POW_36 end 1787217681836
job 34_COPY_60 started 1787217681837 core=4
job 29_COPY_60 end 1787217698965
job 82_SUM_84 started 1787217698965 core=0
job 64_POW_24 end 1787217731555
job 66_POW_24 started 1787217731555 core=5
job 62_POW_36 end 1787217743686
job 91_SUM_132 started 1787217743686 core=1
job 34_COPY_60 end 1787217775425
job 92_SUM_84 started 1787217775425 core=4
job 82_SUM_84 end 1787217779304
job 69_POW_36 started 1787217779304 core=0
job 66_POW_24 end 1787217801086
job 78_POW_24 started 1787217801086 core=5
job 91_SUM_132 end 1787217828606
job 96_SUM_132 started 1787217828607 core=1
job 92_SUM_84 end 1787217830354
job 2_ERF_24 started 1787217830354 core=4
job 78_POW_24 end 1787217869675
job 44_ERF_48 started 1787217869675 core=5
job 2_ERF_24 end 1787217879572
job 55_ERF_24 started 1787217879572 core=4
job 69_POW_36 end 1787217884542
job 65_ERF_48 started 1787217884542 core=0
job 96_SUM_132 end 1787217906952
job 71_ERF_24 started 1787217906952 core=1
job 55_ERF_24 end 1787217926154
job 75_ERF_24 started 1787217926154 core=4
job 71_ERF_24 end 1787217951182
job 93_ERF_12 started 1787217951182 core=1
job 44_ERF_48 end 1787217961769
job 27_SQRTX_48 started 1787217961769 core=5
job 75_ERF_24 end 1787217970311
job 80_SQRTX_48 started 1787217970311 core=4
job 93_ERF_12 end 1787217972906
job 35_SQRTX_12 started 1787217972906 core=1
job 65_ERF_48 end 1787217975330
job 79_POW_12 started 1787217975330 core=0
job 35_SQRTX_12 end 1787217989511
job 81_POW_24 started 1787217989511 core=1
job 79_POW_12 end 1787218005974
job 83_POW_24 started 1787218005974 core=0
job 27_SQRTX_48 end 1787218025479
job 84_POW_24 started 1787218025479 core=5
job 80_SQRTX_48 end 1787218033863
job 85_POW_36 started 1787218033863 core=4
job 81_POW_24 end 1787218049834
job 86_POW_12 started 1787218049834 core=1
job 83_POW_24 end 1787218067265
job 87_POW_36 started 1787218067265 core=0
job 86_POW_12 end 1787218080859
job 94_POW_24 started 1787218080859 core=1
job 84_POW_24 end 1787218087324
job 97_POW_12 started 1787218087324 core=5
job 97_POW_12 end 1787218118422
job 98_POW_36 started 1787218118422 core=5
job 85_POW_36 end 1787218126929
job 20_TGAMMA_120 started 1787218126929 core=4
job 94_POW_24 end 1787218141059
job 21_TGAMMA_120 started 1787218141060 core=1
job 87_POW_36 end 1787218154684
job 22_TGAMMA_120 started 1787218154684 core=0
job 20_TGAMMA_120 end 1787218194887
job 23_TGAMMA_120 started 1787218194887 core=4
job 98_POW_36 end 1787218195231
job 26_TGAMMA_60 started 1787218195231 core=5
job 21_TGAMMA_120 end 1787218208835
job 28_TGAMMA_60 started 1787218208835 core=1
job 22_TGAMMA_120 end 1787218222379
job 33_TGAMMA_60 started 1787218222379 core=0
job 26_TGAMMA_60 end 1787218228999
job 37_TGAMMA_12 started 1787218228999 core=5
job 37_TGAMMA_12 end 1787218235744
job 41_TGAMMA_60 started 1787218235744 core=5
job 28_TGAMMA_60 end 1787218242625
job 51_TGAMMA_12 started 1787218242625 core=1
job 51_TGAMMA_12 end 1787218249377
job 52_TGAMMA_120 started 1787218249377 core=1
job 33_TGAMMA_60 end 1787218256188
job 53_TGAMMA_60 started 1787218256188 core=0
job 23_TGAMMA_120 end 1787218262412
job 56_TGAMMA_12 started 1787218262412 core=4
job 56_TGAMMA_12 end 1787218269147
job 57_TGAMMA_12 started 1787218269147 core=4
job 41_TGAMMA_60 end 1787218269526
job 58_TGAMMA_60 started 1787218269526 core=5
job 57_TGAMMA_12 end 1787218275882
job 59_TGAMMA_12 started 1787218275882 core=4
job 59_TGAMMA_12 end 1787218282625
job 60_TGAMMA_120 started 1787218282625 core=4
job 53_TGAMMA_60 end 1787218289983
job 61_TGAMMA_60 started 1787218289983 core=0
job 58_TGAMMA_60 end 1787218303292
job 68_TGAMMA_120 started 1787218303292 core=5
job 52_TGAMMA_120 end 1787218316942
job 70_TGAMMA_60 started 1787218316942 core=1
job 61_TGAMMA_60 end 1787218323787
job 72_TGAMMA_12 started 1787218323787 core=0
job 72_TGAMMA_12 end 1787218330545
job 73_TGAMMA_60 started 1787218330545 core=0
job 60_TGAMMA_120 end 1787218350129
job 76_TGAMMA_12 started 1787218350130 core=4
job 70_TGAMMA_60 end 1787218350741
job 77_TGAMMA_120 started 1787218350741 core=1
job 76_TGAMMA_12 end 1787218356864
job 88_TGAMMA_12 started 1787218356864 core=4
job 88_TGAMMA_12 end 1787218363600
job 90_TGAMMA_60 started 1787218363600 core=4
job 73_TGAMMA_60 end 1787218364356
job 95_TGAMMA_60 started 1787218364356 core=0
job 68_TGAMMA_120 end 1787218370841
job 99_TGAMMA_12 started 1787218370841 core=5
job 99_TGAMMA_12 end 1787218377585
job 90_TGAMMA_60 end 1787218397327
job 95_TGAMMA_60 end 1787218398130
job 77_TGAMMA_120 end 1787218418234
  итерация 0: 1518781 ms
  среднее по 1 итерациям: 1518781 ms
=== Выполняется проект: no_po_compute-heavy_12.txt (100 работ, перестановка ORDER) ===
fake 3 started 1787218418234 delay_ms=1
fake 2 started 1787218418234 delay_ms=0
fake 2 end 1787218418234
fake 1 started 1787218418234 delay_ms=0
fake 1 end 1787218418234
job 58_XPY_60 started 1787218418234 core=1
fake 0 started 1787218418234 delay_ms=0
fake 0 end 1787218418234
job 35_XPY_60 started 1787218418235 core=0
job 6_TGAMMA_12 started 1787218418235 core=4
fake 3 end 1787218418245
job 7_TGAMMA_12 started 1787218418246 core=5
job 6_TGAMMA_12 end 1787218425310
job 8_TGAMMA_12 started 1787218425310 core=4
job 7_TGAMMA_12 end 1787218425401
job 10_TGAMMA_120 started 1787218425402 core=5
job 8_TGAMMA_12 end 1787218432428
job 11_TGAMMA_120 started 1787218432429 core=4
job 58_XPY_60 end 1787218484217
job 71_XPY_60 started 1787218484217 core=1
job 35_XPY_60 end 1787218484235
job 1_XPY_48 started 1787218484235 core=0
job 10_TGAMMA_120 end 1787218496327
job 13_TGAMMA_120 started 1787218496327 core=5
job 11_TGAMMA_120 end 1787218503271
job 17_TGAMMA_60 started 1787218503271 core=4
job 1_XPY_48 end 1787218536939
job 55_XPY_48 started 1787218536939 core=0
job 17_TGAMMA_60 end 1787218538676
job 21_TGAMMA_60 started 1787218538676 core=4
job 71_XPY_60 end 1787218550003
job 59_XPY_48 started 1787218550003 core=1
job 13_TGAMMA_120 end 1787218567221
job 22_TGAMMA_120 started 1787218567222 core=5
job 21_TGAMMA_60 end 1787218574097
job 23_TGAMMA_120 started 1787218574097 core=4
job 55_XPY_48 end 1787218589724
job 68_XPY_48 started 1787218589724 core=0
job 59_XPY_48 end 1787218602734
job 77_XPY_48 started 1787218602734 core=1
job 22_TGAMMA_120 end 1787218638115
job 24_TGAMMA_60 started 1787218638115 core=5
job 68_XPY_48 end 1787218642316
job 94_XPY_60 started 1787218642316 core=0
job 23_TGAMMA_120 end 1787218644881
job 26_TGAMMA_12 started 1787218644881 core=4
job 26_TGAMMA_12 end 1787218651997
job 32_TGAMMA_120 started 1787218651997 core=4
job 77_XPY_48 end 1787218655321
job 3_DOT_36 started 1787218655321 core=1
job 24_TGAMMA_60 end 1787218673284
job 2_POW_12 started 1787218673285 core=5
job 3_DOT_36 end 1787218688029
job 25_SUM_108 started 1787218688029 core=1
job 2_POW_12 end 1787218707767
job 4_POW_24 started 1787218707767 core=5
job 94_XPY_60 end 1787218715433
job 9_DOT_36 started 1787218715433 core=0
job 32_TGAMMA_120 end 1787218723839
job 5_POW_24 started 1787218723840 core=4
job 9_DOT_36 end 1787218755095
job 45_COPY_84 started 1787218755095 core=0
job 25_SUM_108 end 1787218756324
job 52_SUM_84 started 1787218756324 core=1
job 4_POW_24 end 1787218777326
job 14_POW_24 started 1787218777327 core=5
job 52_SUM_84 end 1787218806866
job 15_POW_12 started 1787218806866 core=1
job 5_POW_24 end 1787218812416
job 57_SUM_108 started 1787218812416 core=4
job 15_POW_12 end 1787218838532
job 16_POW_36 started 1787218838532 core=1
job 14_POW_24 end 1787218842070
job 18_POW_24 started 1787218842070 core=5
job 45_COPY_84 end 1787218882680
job 46_COPY_84 started 1787218882680 core=0
job 18_POW_24 end 1787218906012
job 60_SUM_84 started 1787218906012 core=5
job 57_SUM_108 end 1787218912489
job 27_POW_24 started 1787218912490 core=4
job 16_POW_36 end 1787218935852
job 28_POW_12 started 1787218935852 core=1
job 60_SUM_84 end 1787218956687
job 64_SUM_108 started 1787218956687 core=5
job 28_POW_12 end 1787218969091
job 29_POW_24 started 1787218969091 core=1
job 27_POW_24 end 1787219004900
job 31_POW_12 started 1787219004900 core=4
job 46_COPY_84 end 1787219016073
job 48_COPY_84 started 1787219016073 core=0
job 64_SUM_108 end 1787219021440
job 84_SUM_84 started 1787219021441 core=5
job 29_POW_24 end 1787219035129
job 34_POW_12 started 1787219035129 core=1
job 31_POW_12 end 1787219050644
job 36_POW_24 started 1787219050644 core=4
job 34_POW_12 end 1787219068052
job 40_POW_12 started 1787219068052 core=1
job 84_SUM_84 end 1787219071867
job 90_SUM_132 started 1787219071867 core=5
job 40_POW_12 end 1787219101298
job 43_POW_24 started 1787219101298 core=1
job 36_POW_24 end 1787219143006
job 47_POW_36 started 1787219143006 core=4
job 90_SUM_132 end 1787219151119
job 91_COPY_84 started 1787219151119 core=5
job 48_COPY_84 end 1787219151857
job 20_DOT_36 started 1787219151857 core=0
job 43_POW_24 end 1787219173365
job 49_POW_12 started 1787219173365 core=1
job 20_DOT_36 end 1787219190980
job 81_DOT_84 started 1787219190980 core=0
job 49_POW_12 end 1787219220030
job 54_POW_24 started 1787219220030 core=1
job 47_POW_36 end 1787219258126
job 61_POW_12 started 1787219258127 core=4
job 81_DOT_84 end 1787219282572
job 88_DOT_84 started 1787219282573 core=0
job 91_COPY_84 end 1787219287873
job 62_POW_24 started 1787219287873 core=5
job 61_POW_12 end 1787219296117
job 63_POW_24 started 1787219296118 core=4
job 54_POW_24 end 1787219306645
job 0_ERF_24 started 1787219306645 core=1
job 62_POW_24 end 1787219356655
job 12_ERF_24 started 1787219356655 core=5
job 0_ERF_24 end 1787219357304
job 38_ERF_48 started 1787219357304 core=1
job 63_POW_24 end 1787219371154
job 39_ERF_48 started 1787219371154 core=4
job 88_DOT_84 end 1787219373948
job 74_ERF_48 started 1787219373949 core=0
job 12_ERF_24 end 1787219402888
job 89_ERF_48 started 1787219402889 core=5
job 38_ERF_48 end 1787219447592
job 30_SQRTX_48 started 1787219447592 core=1
job 39_ERF_48 end 1787219460254
job 37_SQRTX_48 started 1787219460254 core=4
job 74_ERF_48 end 1787219462666
job 96_SQRTX_48 started 1787219462666 core=0
job 89_ERF_48 end 1787219492174
job 19_SQRTX_12 started 1787219492174 core=5
job 19_SQRTX_12 end 1787219510213
job 65_POW_36 started 1787219510216 core=5
job 30_SQRTX_48 end 1787219519319
job 69_POW_36 started 1787219519319 core=1
job 37_SQRTX_48 end 1787219528200
job 73_POW_36 started 1787219528200 core=4
job 96_SQRTX_48 end 1787219530476
job 79_POW_12 started 1787219530476 core=0
job 79_POW_12 end 1787219561610
job 82_POW_12 started 1787219561610 core=0
job 82_POW_12 end 1787219592781
job 86_POW_12 started 1787219592781 core=0
job 65_POW_36 end 1787219603331
job 87_POW_12 started 1787219603331 core=5
job 69_POW_36 end 1787219611995
job 93_POW_12 started 1787219611995 core=1
job 73_POW_36 end 1787219621562
job 99_POW_36 started 1787219621562 core=4
job 86_POW_12 end 1787219624017
job 33_TGAMMA_60 started 1787219624017 core=0
job 87_POW_12 end 1787219632943
job 41_TGAMMA_120 started 1787219632943 core=5
job 93_POW_12 end 1787219639929
job 42_TGAMMA_12 started 1787219639929 core=1
job 42_TGAMMA_12 end 1787219646691
job 44_TGAMMA_12 started 1787219646691 core=1
job 44_TGAMMA_12 end 1787219653449
job 50_TGAMMA_120 started 1787219653449 core=1
job 33_TGAMMA_60 end 1787219658089
job 51_TGAMMA_60 started 1787219658089 core=0
job 51_TGAMMA_60 end 1787219691950
job 53_TGAMMA_120 started 1787219691950 core=0
job 99_POW_36 end 1787219696303
job 56_TGAMMA_120 started 1787219696303 core=4
job 41_TGAMMA_120 end 1787219700676
job 66_TGAMMA_12 started 1787219700676 core=5
job 66_TGAMMA_12 end 1787219707424
job 67_TGAMMA_60 started 1787219707424 core=5
job 50_TGAMMA_120 end 1787219721039
job 70_TGAMMA_120 started 1787219721039 core=1
job 67_TGAMMA_60 end 1787219741191
job 72_TGAMMA_12 started 1787219741191 core=5
job 72_TGAMMA_12 end 1787219747935
job 75_TGAMMA_60 started 1787219747935 core=5
job 53_TGAMMA_120 end 1787219759611
job 76_TGAMMA_12 started 1787219759612 core=0
job 56_TGAMMA_120 end 1787219763891
job 78_TGAMMA_120 started 1787219763891 core=4
job 76_TGAMMA_12 end 1787219766364
job 80_TGAMMA_120 started 1787219766364 core=0
job 75_TGAMMA_60 end 1787219781685
job 83_TGAMMA_12 started 1787219781686 core=5
job 83_TGAMMA_12 end 1787219788431
job 85_TGAMMA_12 started 1787219788431 core=5
job 70_TGAMMA_120 end 1787219788529
job 92_TGAMMA_120 started 1787219788529 core=1
job 85_TGAMMA_12 end 1787219795173
job 95_TGAMMA_60 started 1787219795173 core=5
job 95_TGAMMA_60 end 1787219828947
job 97_TGAMMA_12 started 1787219828947 core=5
job 78_TGAMMA_120 end 1787219831473
job 98_TGAMMA_12 started 1787219831473 core=4
job 80_TGAMMA_120 end 1787219833985
job 97_TGAMMA_12 end 1787219835682
job 98_TGAMMA_12 end 1787219838216
job 92_TGAMMA_120 end 1787219855969
  итерация 0: 1437735 ms
  среднее по 1 итерациям: 1437735 ms
=== Выполняется проект: no_po_compute-heavy_13.txt (100 работ, перестановка ORDER) ===
fake 3 started 1787219855970 delay_ms=1
fake 1 started 1787219855970 delay_ms=0
fake 1 end 1787219855970
fake 2 started 1787219855970 delay_ms=0
fake 2 end 1787219855970
job 16_XPY_60 started 1787219855970 core=1
fake 0 started 1787219855970 delay_ms=0
fake 0 end 1787219855970
job 3_XPY_60 started 1787219855970 core=4
job 6_TGAMMA_120 started 1787219855970 core=5
fake 3 end 1787219855982
job 9_TGAMMA_120 started 1787219855983 core=0
job 3_XPY_60 end 1787219921784
job 23_XPY_60 started 1787219921784 core=4
job 16_XPY_60 end 1787219921951
job 7_XPY_48 started 1787219921951 core=1
job 6_TGAMMA_120 end 1787219926805
job 10_TGAMMA_120 started 1787219926806 core=5
job 9_TGAMMA_120 end 1787219926971
job 12_TGAMMA_60 started 1787219926972 core=0
job 12_TGAMMA_60 end 1787219962528
job 17_TGAMMA_12 started 1787219962528 core=0
job 17_TGAMMA_12 end 1787219969662
job 19_TGAMMA_120 started 1787219969662 core=0
job 7_XPY_48 end 1787219974615
job 26_XPY_48 started 1787219974616 core=1
job 23_XPY_60 end 1787219987671
job 44_XPY_60 started 1787219987671 core=4
job 10_TGAMMA_120 end 1787219997662
job 20_TGAMMA_120 started 1787219997663 core=5
job 26_XPY_48 end 1787220027184
job 18_DOT_36 started 1787220027184 core=1
job 19_TGAMMA_120 end 1787220040988
job 0_POW_12 started 1787220040988 core=0
job 18_DOT_36 end 1787220056254
job 41_DOT_84 started 1787220056255 core=1
job 44_XPY_60 end 1787220060095
job 42_DOT_84 started 1787220060096 core=4
job 20_TGAMMA_120 end 1787220067967
job 2_POW_36 started 1787220067969 core=5
job 0_POW_12 end 1787220087406
job 4_POW_24 started 1787220087406 core=0
job 41_DOT_84 end 1787220151251
job 38_SUM_108 started 1787220151251 core=1
job 42_DOT_84 end 1787220159435
job 5_POW_24 started 1787220159435 core=4
job 4_POW_24 end 1787220170232
job 1_COPY_84 started 1787220170232 core=0
job 2_POW_36 end 1787220186840
job 8_POW_24 started 1787220186840 core=5
job 38_SUM_108 end 1787220216885
job 11_POW_36 started 1787220216885 core=1
job 5_POW_24 end 1787220245324
job 46_SUM_84 started 1787220245325 core=4
job 8_POW_24 end 1787220250643
job 13_POW_24 started 1787220250643 core=5
job 1_COPY_84 end 1787220297557
job 52_COPY_84 started 1787220297557 core=0
job 11_POW_36 end 1787220311577
job 50_SUM_108 started 1787220311577 core=1
job 13_POW_24 end 1787220314981
job 14_POW_12 started 1787220314981 core=5
job 46_SUM_84 end 1787220323865
job 21_POW_24 started 1787220323866 core=4
job 14_POW_12 end 1787220348194
job 61_SUM_84 started 1787220348195 core=5
job 50_SUM_108 end 1787220379638
job 24_POW_24 started 1787220379638 core=1
job 61_SUM_84 end 1787220401453
job 25_POW_12 started 1787220401453 core=5
job 21_POW_24 end 1787220416926
job 70_COPY_84 started 1787220416927 core=4
job 25_POW_12 end 1787220431926
job 63_SUM_84 started 1787220431927 core=5
job 52_COPY_84 end 1787220433962
job 30_POW_12 started 1787220433962 core=0
job 24_POW_24 end 1787220443153
job 31_POW_24 started 1787220443154 core=1
job 30_POW_12 end 1787220480430
job 33_POW_12 started 1787220480430 core=0
job 63_SUM_84 end 1787220482307
job 80_SUM_84 started 1787220482308 core=5
job 31_POW_24 end 1787220509159
job 36_POW_12 started 1787220509159 core=1
job 33_POW_12 end 1787220526804
job 37_POW_12 started 1787220526805 core=0
job 80_SUM_84 end 1787220532707
job 94_SUM_84 started 1787220532707 core=5
job 36_POW_12 end 1787220542214
job 48_COPY_60 started 1787220542214 core=1
job 70_COPY_84 end 1787220554518
job 40_POW_24 started 1787220554518 core=4
job 37_POW_12 end 1787220566988
job 47_POW_12 started 1787220566988 core=0
job 47_POW_12 end 1787220599045
job 95_SUM_132 started 1787220599045 core=0
job 94_SUM_84 end 1787220606742
job 56_POW_24 started 1787220606743 core=5
job 40_POW_24 end 1787220619712
job 57_POW_36 started 1787220619712 core=4
job 48_COPY_60 end 1787220631725
job 54_COPY_60 started 1787220631726 core=1
job 95_SUM_132 end 1787220678764
job 58_POW_24 started 1787220678764 core=0
job 56_POW_24 end 1787220697766
job 53_DOT_36 started 1787220697766 core=5
job 57_POW_36 end 1787220716805
job 60_DOT_84 started 1787220716806 core=4
job 54_COPY_60 end 1787220727626
job 87_DOT_36 started 1787220727627 core=1
job 58_POW_24 end 1787220751057
job 59_POW_24 started 1787220751058 core=0
job 53_DOT_36 end 1787220752689
job 65_POW_12 started 1787220752689 core=5
job 87_DOT_36 end 1787220775103
job 15_ERF_48 started 1787220775103 core=1
job 65_POW_12 end 1787220791576
job 35_ERF_48 started 1787220791576 core=5
job 60_DOT_84 end 1787220813727
job 43_SQRTX_12 started 1787220813727 core=4
job 59_POW_24 end 1787220825692
job 45_ERF_48 started 1787220825692 core=0
job 43_SQRTX_12 end 1787220829335
job 51_ERF_24 started 1787220829335 core=4
job 15_ERF_48 end 1787220867917
job 89_ERF_12 started 1787220867917 core=1
job 51_ERF_24 end 1787220873518
job 93_ERF_12 started 1787220873518 core=4
job 35_ERF_48 end 1787220882457
job 22_SQRTX_48 started 1787220882458 core=5
job 89_ERF_12 end 1787220889718
job 75_SQRTX_48 started 1787220889719 core=1
job 93_ERF_12 end 1787220896019
job 98_SQRTX_48 started 1787220896020 core=4
job 45_ERF_48 end 1787220915772
job 66_POW_12 started 1787220915772 core=0
job 66_POW_12 end 1787220947457
job 67_POW_36 started 1787220947457 core=0
job 22_SQRTX_48 end 1787220949357
job 71_POW_24 started 1787220949357 core=5
job 75_SQRTX_48 end 1787220955967
job 72_POW_36 started 1787220955967 core=1
job 98_SQRTX_48 end 1787220964863
job 73_POW_36 started 1787220964864 core=4
job 71_POW_24 end 1787221010994
job 77_POW_24 started 1787221010994 core=5
job 67_POW_36 end 1787221040561
job 78_POW_36 started 1787221040561 core=0
job 72_POW_36 end 1787221048654
job 81_POW_24 started 1787221048654 core=1
job 73_POW_36 end 1787221058190
job 82_POW_36 started 1787221058190 core=4
job 77_POW_24 end 1787221073035
job 84_POW_12 started 1787221073035 core=5
job 84_POW_12 end 1787221104123
job 91_POW_36 started 1787221104123 core=5
job 81_POW_24 end 1787221110885
job 92_POW_12 started 1787221110885 core=1
job 78_POW_36 end 1787221133944
job 97_POW_24 started 1787221133944 core=0
job 92_POW_12 end 1787221141885
job 99_POW_36 started 1787221141885 core=1
job 82_POW_36 end 1787221151329
job 27_TGAMMA_120 started 1787221151329 core=4
job 97_POW_24 end 1787221189215
job 28_TGAMMA_120 started 1787221189215 core=0
job 91_POW_36 end 1787221191141
job 29_TGAMMA_120 started 1787221191141 core=5
job 27_TGAMMA_120 end 1787221219588
job 32_TGAMMA_60 started 1787221219588 core=4
job 99_POW_36 end 1787221220650
job 34_TGAMMA_120 started 1787221220650 core=1
job 32_TGAMMA_60 end 1787221253373
job 39_TGAMMA_60 started 1787221253373 core=4
job 28_TGAMMA_120 end 1787221256927
job 49_TGAMMA_120 started 1787221256927 core=0
job 29_TGAMMA_120 end 1787221258695
job 55_TGAMMA_12 started 1787221258695 core=5
job 55_TGAMMA_12 end 1787221265430
job 62_TGAMMA_12 started 1787221265430 core=5
job 62_TGAMMA_12 end 1787221272170
job 64_TGAMMA_120 started 1787221272171 core=5
job 39_TGAMMA_60 end 1787221287156
job 68_TGAMMA_120 started 1787221287156 core=4
job 34_TGAMMA_120 end 1787221288115
job 69_TGAMMA_12 started 1787221288115 core=1
job 69_TGAMMA_12 end 1787221294854
job 74_TGAMMA_120 started 1787221294854 core=1
job 49_TGAMMA_120 end 1787221324526
job 76_TGAMMA_60 started 1787221324526 core=0
job 64_TGAMMA_120 end 1787221339683
job 79_TGAMMA_12 started 1787221339683 core=5
job 79_TGAMMA_12 end 1787221346426
job 83_TGAMMA_12 started 1787221346426 core=5
job 83_TGAMMA_12 end 1787221353164
job 85_TGAMMA_60 started 1787221353164 core=5
job 68_TGAMMA_120 end 1787221354720
job 86_TGAMMA_60 started 1787221354721 core=4
job 76_TGAMMA_60 end 1787221358327
job 88_TGAMMA_12 started 1787221358327 core=0
job 74_TGAMMA_120 end 1787221362325
job 90_TGAMMA_12 started 1787221362325 core=1
job 88_TGAMMA_12 end 1787221365083
job 96_TGAMMA_120 started 1787221365083 core=0
job 90_TGAMMA_12 end 1787221369068
job 85_TGAMMA_60 end 1787221386864
job 86_TGAMMA_60 end 1787221388431
job 96_TGAMMA_120 end 1787221432394
  итерация 0: 1576424 ms
  среднее по 1 итерациям: 1576424 ms
=== Выполняется проект: no_po_compute-heavy_14.txt (100 работ, перестановка ORDER) ===
fake 3 started 1787221432395 delay_ms=1
fake 2 started 1787221432395 delay_ms=0
fake 2 end 1787221432395
fake 0 started 1787221432395 delay_ms=0
fake 0 end 1787221432395
fake 1 started 1787221432395 delay_ms=0
fake 1 end 1787221432395
job 93_XPY_60 started 1787221432395 core=4
job 33_XPY_60 started 1787221432395 core=0
fake 3 end 1787221432396
job 1_TGAMMA_60 started 1787221432396 core=5
job 8_TGAMMA_120 started 1787221432423 core=1
job 1_TGAMMA_60 end 1787221466603
job 10_TGAMMA_120 started 1787221466603 core=5
job 93_XPY_60 end 1787221499084
job 6_XPY_48 started 1787221499084 core=4
job 33_XPY_60 end 1787221499487
job 21_XPY_48 started 1787221499487 core=0
job 8_TGAMMA_120 end 1787221500792
job 11_TGAMMA_120 started 1787221500792 core=1
job 10_TGAMMA_120 end 1787221535019
job 12_TGAMMA_60 started 1787221535019 core=5
job 6_XPY_48 end 1787221552543
job 59_XPY_48 started 1787221552543 core=4
job 21_XPY_48 end 1787221553122
job 13_DOT_84 started 1787221553122 core=0
job 12_TGAMMA_60 end 1787221569239
job 0_POW_12 started 1787221569239 core=5
job 11_TGAMMA_120 end 1787221569296
job 15_TGAMMA_60 started 1787221569296 core=1
job 0_POW_12 end 1787221596240
job 16_TGAMMA_60 started 1787221596240 core=5
job 15_TGAMMA_60 end 1787221603729
job 25_DOT_84 started 1787221603729 core=1
job 59_XPY_48 end 1787221611158
job 3_ERF_48 started 1787221611159 core=4
job 16_TGAMMA_60 end 1787221631179
job 43_DOT_36 started 1787221631179 core=5
job 13_DOT_84 end 1787221653150
job 17_TGAMMA_60 started 1787221653150 core=0
job 43_DOT_36 end 1787221679302
job 76_DOT_36 started 1787221679302 core=5
job 17_TGAMMA_60 end 1787221688047
job 18_TGAMMA_60 started 1787221688047 core=0
job 25_DOT_84 end 1787221699560
job 77_DOT_36 started 1787221699560 core=1
job 3_ERF_48 end 1787221701582
job 83_DOT_36 started 1787221701582 core=4
job 18_TGAMMA_60 end 1787221723251
job 27_TGAMMA_12 started 1787221723252 core=0
job 76_DOT_36 end 1787221728416
job 48_ERF_48 started 1787221728416 core=5
job 27_TGAMMA_12 end 1787221730439
job 28_TGAMMA_12 started 1787221730439 core=0
job 83_DOT_36 end 1787221734760
job 37_TGAMMA_12 started 1787221734760 core=4
job 28_TGAMMA_12 end 1787221737450
job 38_TGAMMA_120 started 1787221737450 core=0
job 37_TGAMMA_12 end 1787221741581
job 96_DOT_84 started 1787221741581 core=4
job 77_DOT_36 end 1787221742513
job 26_COPY_84 started 1787221742513 core=1
job 38_TGAMMA_120 end 1787221807164
job 44_TGAMMA_60 started 1787221807166 core=0
job 96_DOT_84 end 1787221808747
job 50_COPY_84 started 1787221808748 core=4
job 44_TGAMMA_60 end 1787221842354
job 53_ERF_48 started 1787221842355 core=0
job 48_ERF_48 end 1787221858908
job 46_TGAMMA_60 started 1787221858908 core=5
job 26_COPY_84 end 1787221865816
job 70_COPY_84 started 1787221865817 core=1
job 46_TGAMMA_60 end 1787221894142
job 49_TGAMMA_60 started 1787221894143 core=5
job 50_COPY_84 end 1787221916793
job 51_TGAMMA_60 started 1787221916793 core=4
job 49_TGAMMA_60 end 1787221929365
job 61_ERF_48 started 1787221929365 core=5
job 53_ERF_48 end 1787221941540
job 74_COPY_84 started 1787221941541 core=0
job 51_TGAMMA_60 end 1787221951358
job 62_TGAMMA_120 started 1787221951359 core=4
job 70_COPY_84 end 1787221962002
job 24_SUM_108 started 1787221962002 core=1
job 62_TGAMMA_120 end 1787222022332
job 64_TGAMMA_120 started 1787222022333 core=4
job 24_SUM_108 end 1787222024952
job 63_ERF_24 started 1787222024952 core=1
job 61_ERF_48 end 1787222033002
job 35_SUM_108 started 1787222033003 core=5
job 74_COPY_84 end 1787222040719
job 55_SUM_108 started 1787222040719 core=0
job 63_ERF_24 end 1787222074864
job 56_SUM_108 started 1787222074864 core=1
job 55_SUM_108 end 1787222089501
job 71_TGAMMA_120 started 1787222089501 core=0
job 64_TGAMMA_120 end 1787222092545
job 69_SUM_132 started 1787222092545 core=4
job 35_SUM_108 end 1787222103637
job 85_SUM_108 started 1787222103637 core=5
job 56_SUM_108 end 1787222151163
job 89_SUM_84 started 1787222151163 core=1
job 69_SUM_132 end 1787222154527
job 72_TGAMMA_12 started 1787222154527 core=4
job 71_TGAMMA_120 end 1787222159755
job 75_TGAMMA_120 started 1787222159755 core=0
job 72_TGAMMA_12 end 1787222161364
job 94_SUM_84 started 1787222161364 core=4
job 85_SUM_108 end 1787222178305
job 97_SUM_84 started 1787222178306 core=5
job 94_SUM_84 end 1787222200858
job 88_ERF_24 started 1787222200858 core=4
job 89_SUM_84 end 1787222207069
job 92_ERF_48 started 1787222207070 core=1
job 75_TGAMMA_120 end 1787222229702
job 14_SQRTX_48 started 1787222229702 core=0
job 97_SUM_84 end 1787222230241
job 9_SQRTX_12 started 1787222230241 core=5
job 88_ERF_24 end 1787222235640
job 81_SQRTX_12 started 1787222235641 core=4
job 9_SQRTX_12 end 1787222248573
job 2_POW_36 started 1787222248573 core=5
job 81_SQRTX_12 end 1787222252402
job 4_POW_36 started 1787222252403 core=4
job 14_SQRTX_48 end 1787222292879
job 5_POW_12 started 1787222292879 core=0
job 92_ERF_48 end 1787222295518
job 7_POW_12 started 1787222295518 core=1
job 5_POW_12 end 1787222323973
job 19_POW_12 started 1787222323973 core=0
job 7_POW_12 end 1787222326544
job 20_POW_12 started 1787222326544 core=1
job 2_POW_36 end 1787222341582
job 22_POW_36 started 1787222341582 core=5
job 4_POW_36 end 1787222343820
job 23_POW_36 started 1787222343820 core=4
job 19_POW_12 end 1787222355171
job 29_POW_12 started 1787222355172 core=0
job 20_POW_12 end 1787222357643
job 30_POW_12 started 1787222357644 core=1
job 29_POW_12 end 1787222386306
job 31_POW_12 started 1787222386307 core=0
job 30_POW_12 end 1787222388671
job 32_POW_12 started 1787222388671 core=1
job 31_POW_12 end 1787222417544
job 34_POW_36 started 1787222417545 core=0
job 32_POW_12 end 1787222419730
job 36_POW_24 started 1787222419730 core=1
job 22_POW_36 end 1787222434886
job 39_POW_24 started 1787222434887 core=5
job 23_POW_36 end 1787222437313
job 40_POW_24 started 1787222437313 core=4
job 36_POW_24 end 1787222481913
job 41_POW_12 started 1787222481913 core=1
job 39_POW_24 end 1787222497062
job 42_POW_36 started 1787222497062 core=5
job 40_POW_24 end 1787222499404
job 45_POW_36 started 1787222499404 core=4
job 34_POW_36 end 1787222511052
job 47_POW_36 started 1787222511052 core=0
job 41_POW_12 end 1787222512964
job 52_POW_36 started 1787222512964 core=1
job 42_POW_36 end 1787222590286
job 54_POW_24 started 1787222590286 core=5
job 45_POW_36 end 1787222592698
job 57_POW_36 started 1787222592699 core=4
job 47_POW_36 end 1787222604515
job 58_POW_12 started 1787222604515 core=0
job 52_POW_36 end 1787222606125
job 60_POW_36 started 1787222606126 core=1
job 58_POW_12 end 1787222635572
job 65_POW_24 started 1787222635572 core=0
job 54_POW_24 end 1787222652397
job 66_POW_12 started 1787222652398 core=5
job 66_POW_12 end 1787222683466
job 67_POW_12 started 1787222683466 core=5
job 57_POW_36 end 1787222685985
job 68_POW_12 started 1787222685985 core=4
job 65_POW_24 end 1787222697886
job 73_POW_12 started 1787222697886 core=0
job 60_POW_36 end 1787222699266
job 80_POW_12 started 1787222699266 core=1
job 67_POW_12 end 1787222714544
job 86_POW_24 started 1787222714544 core=5
job 68_POW_12 end 1787222717060
job 91_POW_36 started 1787222717060 core=4
job 73_POW_12 end 1787222729098
job 95_POW_24 started 1787222729099 core=0
job 80_POW_12 end 1787222730280
job 99_POW_24 started 1787222730280 core=1
job 86_POW_24 end 1787222776653
job 78_TGAMMA_60 started 1787222776654 core=5
job 95_POW_24 end 1787222789337
job 79_TGAMMA_12 started 1787222789337 core=0
job 99_POW_24 end 1787222789958
job 82_TGAMMA_120 started 1787222789958 core=1
job 79_TGAMMA_12 end 1787222796114
job 84_TGAMMA_60 started 1787222796114 core=0
job 91_POW_36 end 1787222804332
job 87_TGAMMA_120 started 1787222804332 core=4
job 78_TGAMMA_60 end 1787222810666
job 90_TGAMMA_60 started 1787222810666 core=5
job 84_TGAMMA_60 end 1787222829934
job 98_TGAMMA_60 started 1787222829934 core=0
job 90_TGAMMA_60 end 1787222844416
job 82_TGAMMA_120 end 1787222857476
job 98_TGAMMA_60 end 1787222863708
job 87_TGAMMA_120 end 1787222871807
  итерация 0: 1439412 ms
  среднее по 1 итерациям: 1439412 ms
=== Выполняется проект: no_po_compute-heavy_15.txt (100 работ, перестановка ORDER) ===
fake 3 started 1787222871808 delay_ms=1
fake 2 started 1787222871808 delay_ms=0
fake 2 end 1787222871808
fake 0 started 1787222871808 delay_ms=0
fake 0 end 1787222871808
fake 1 started 1787222871808 delay_ms=0
fake 1 end 1787222871808
job 6_XPY_60 started 1787222871808 core=4
job 9_XPY_60 started 1787222871808 core=0
fake 3 end 1787222871809
job 0_TGAMMA_12 started 1787222871809 core=1
job 2_TGAMMA_12 started 1787222871834 core=5
job 0_TGAMMA_12 end 1787222878618
job 10_TGAMMA_120 started 1787222878618 core=1
job 2_TGAMMA_12 end 1787222878659
job 14_TGAMMA_120 started 1787222878659 core=5
job 6_XPY_60 end 1787222938580
job 26_XPY_60 started 1787222938580 core=4
job 9_XPY_60 end 1787222938621
job 48_XPY_48 started 1787222938621 core=0
job 10_TGAMMA_120 end 1787222947071
job 15_TGAMMA_60 started 1787222947071 core=1
job 14_TGAMMA_120 end 1787222947163
job 16_TGAMMA_60 started 1787222947163 core=5
job 15_TGAMMA_60 end 1787222981284
job 20_TGAMMA_60 started 1787222981284 core=1
job 16_TGAMMA_60 end 1787222981428
job 24_TGAMMA_12 started 1787222981428 core=5
job 24_TGAMMA_12 end 1787222988263
job 54_XPY_48 started 1787222988263 core=5
job 48_XPY_48 end 1787222994316
job 27_TGAMMA_60 started 1787222994316 core=0
job 26_XPY_60 end 1787223007455
job 78_XPY_60 started 1787223007455 core=4
job 20_TGAMMA_60 end 1787223016377
job 28_TGAMMA_12 started 1787223016377 core=1
job 28_TGAMMA_12 end 1787223023549
job 30_TGAMMA_120 started 1787223023550 core=1
job 27_TGAMMA_60 end 1787223029848
job 32_TGAMMA_60 started 1787223029848 core=0
job 54_XPY_48 end 1787223041065
job 88_XPY_60 started 1787223041065 core=5
job 32_TGAMMA_60 end 1787223065368
job 35_TGAMMA_120 started 1787223065368 core=0
job 78_XPY_60 end 1787223073261
job 57_DOT_84 started 1787223073261 core=4
job 30_TGAMMA_120 end 1787223094716
job 5_POW_36 started 1787223094716 core=1
job 88_XPY_60 end 1787223115025
job 76_DOT_84 started 1787223115025 core=5
job 35_TGAMMA_120 end 1787223135517
job 8_POW_36 started 1787223135518 core=0
job 57_DOT_84 end 1787223146105
job 1_SUM_84 started 1787223146105 core=4
job 1_SUM_84 end 1787223201789
job 3_COPY_84 started 1787223201789 core=4
job 76_DOT_84 end 1787223213246
job 7_SUM_132 started 1787223213246 core=5
job 5_POW_36 end 1787223221712
job 11_POW_24 started 1787223221713 core=1
job 8_POW_36 end 1787223258838
job 13_POW_36 started 1787223258839 core=0
job 11_POW_24 end 1787223287515
job 18_POW_12 started 1787223287516 core=1
job 7_SUM_132 end 1787223292701
job 17_SUM_108 started 1787223292702 core=5
job 18_POW_12 end 1787223320741
job 21_POW_12 started 1787223320741 core=1
job 3_COPY_84 end 1787223337236
job 93_COPY_84 started 1787223337237 core=4
job 21_POW_12 end 1787223353509
job 23_POW_24 started 1787223353510 core=1
job 17_SUM_108 end 1787223357752
job 29_POW_36 started 1787223357752 core=5
job 13_POW_36 end 1787223394566
job 19_SUM_84 started 1787223394569 core=0
job 23_POW_24 end 1787223416233
job 31_POW_12 started 1787223416234 core=1
job 31_POW_12 end 1787223448270
job 25_SUM_84 started 1787223448270 core=1
job 29_POW_36 end 1787223452934
job 22_COPY_60 started 1787223452935 core=5
job 93_COPY_84 end 1787223461962
job 33_POW_12 started 1787223461962 core=4
job 19_SUM_84 end 1787223469736
job 36_POW_24 started 1787223469736 core=0
job 33_POW_12 end 1787223494595
job 45_SUM_108 started 1787223494595 core=4
job 25_SUM_84 end 1787223528727
job 38_POW_12 started 1787223528727 core=1
job 36_POW_24 end 1787223536756
job 43_POW_12 started 1787223536756 core=0
job 22_COPY_60 end 1787223545101
job 44_POW_36 started 1787223545101 core=5
job 45_SUM_108 end 1787223560606
job 34_COPY_60 started 1787223560606 core=4
job 38_POW_12 end 1787223566475
job 47_SUM_108 started 1787223566475 core=1
job 43_POW_12 end 1787223572824
job 52_POW_36 started 1787223572824 core=0
job 47_SUM_108 end 1787223631195
job 51_SUM_108 started 1787223631195 core=1
job 44_POW_36 end 1787223644354
job 84_SUM_108 started 1787223644354 core=5
job 34_COPY_60 end 1787223657037
job 61_POW_24 started 1787223657037 core=4
job 52_POW_36 end 1787223699996
job 62_POW_24 started 1787223699997 core=0
job 51_SUM_108 end 1787223701888
job 92_SUM_132 started 1787223701888 core=1
job 84_SUM_108 end 1787223716845
job 95_SUM_108 started 1787223716845 core=5
job 61_POW_24 end 1787223727594
job 65_POW_36 started 1787223727594 core=4
job 62_POW_24 end 1787223770787
job 66_POW_12 started 1787223770787 core=0
job 95_SUM_108 end 1787223789377
job 98_DOT_84 started 1787223789377 core=5
job 92_SUM_132 end 1787223790511
job 69_POW_36 started 1787223790511 core=1
job 66_POW_12 end 1787223805222
job 4_ERF_24 started 1787223805222 core=0
job 65_POW_36 end 1787223832112
job 37_ERF_12 started 1787223832112 core=4
job 4_ERF_24 end 1787223855762
job 46_ERF_48 started 1787223855762 core=0
job 37_ERF_12 end 1787223857309
job 49_ERF_12 started 1787223857309 core=4
job 98_DOT_84 end 1787223880520
job 64_ERF_48 started 1787223880521 core=5
job 49_ERF_12 end 1787223882182
job 68_ERF_48 started 1787223882182 core=4
job 69_POW_36 end 1787223899225
job 59_SQRTX_48 started 1787223899225 core=1
job 46_ERF_48 end 1787223947769
job 86_SQRTX_48 started 1787223947770 core=0
job 64_ERF_48 end 1787223965991
job 12_SQRTX_12 started 1787223965991 core=5
job 59_SQRTX_48 end 1787223967694
job 75_SQRTX_12 started 1787223967695 core=1
job 68_ERF_48 end 1787223971012
job 71_POW_36 started 1787223971012 core=4
job 12_SQRTX_12 end 1787223982728
job 72_POW_12 started 1787223982729 core=5
job 75_SQRTX_12 end 1787223984298
job 74_POW_36 started 1787223984298 core=1
job 72_POW_12 end 1787224012670
job 77_POW_36 started 1787224012670 core=5
job 86_SQRTX_48 end 1787224013637
job 80_POW_36 started 1787224013638 core=0
job 71_POW_36 end 1787224063454
job 81_POW_24 started 1787224063455 core=4
job 74_POW_36 end 1787224076262
job 82_POW_12 started 1787224076263 core=1
job 77_POW_36 end 1787224105847
job 83_POW_36 started 1787224105847 core=5
job 80_POW_36 end 1787224106988
job 96_POW_36 started 1787224106988 core=0
job 82_POW_12 end 1787224107487
job 97_POW_12 started 1787224107487 core=1
job 81_POW_24 end 1787224125527
job 39_TGAMMA_120 started 1787224125527 core=4
job 97_POW_12 end 1787224136770
job 40_TGAMMA_120 started 1787224136770 core=1
job 83_POW_36 end 1787224185752
job 41_TGAMMA_120 started 1787224185752 core=5
job 96_POW_36 end 1787224186459
job 42_TGAMMA_12 started 1787224186459 core=0
job 42_TGAMMA_12 end 1787224193207
job 50_TGAMMA_120 started 1787224193208 core=0
job 39_TGAMMA_120 end 1787224193553
job 53_TGAMMA_60 started 1787224193553 core=4
job 40_TGAMMA_120 end 1787224204598
job 55_TGAMMA_60 started 1787224204598 core=1
job 53_TGAMMA_60 end 1787224227295
job 56_TGAMMA_12 started 1787224227295 core=4
job 56_TGAMMA_12 end 1787224234028
job 58_TGAMMA_12 started 1787224234028 core=4
job 55_TGAMMA_60 end 1787224238344
job 60_TGAMMA_120 started 1787224238344 core=1
job 58_TGAMMA_12 end 1787224240772
job 63_TGAMMA_120 started 1787224240772 core=4
job 41_TGAMMA_120 end 1787224253339
job 67_TGAMMA_12 started 1787224253340 core=5
job 67_TGAMMA_12 end 1787224260080
job 70_TGAMMA_60 started 1787224260080 core=5
job 50_TGAMMA_120 end 1787224260768
job 73_TGAMMA_120 started 1787224260768 core=0
job 70_TGAMMA_60 end 1787224293876
job 79_TGAMMA_12 started 1787224293876 core=5
job 79_TGAMMA_12 end 1787224300621
job 85_TGAMMA_120 started 1787224300621 core=5
job 60_TGAMMA_120 end 1787224305825
job 87_TGAMMA_12 started 1787224305825 core=1
job 63_TGAMMA_120 end 1787224308234
job 89_TGAMMA_12 started 1787224308234 core=4
job 87_TGAMMA_12 end 1787224312570
job 90_TGAMMA_12 started 1787224312570 core=1
job 89_TGAMMA_12 end 1787224314974
job 91_TGAMMA_120 started 1787224314974 core=4
job 90_TGAMMA_12 end 1787224319314
job 94_TGAMMA_60 started 1787224319314 core=1
job 73_TGAMMA_120 end 1787224328333
job 99_TGAMMA_12 started 1787224328334 core=0
job 99_TGAMMA_12 end 1787224335083
job 94_TGAMMA_60 end 1787224352990
job 85_TGAMMA_120 end 1787224368084
job 91_TGAMMA_120 end 1787224382259
  итерация 0: 1510450 ms
  среднее по 1 итерациям: 1510450 ms
=== Выполняется проект: no_po_compute-heavy_16.txt (100 работ, перестановка ORDER) ===
fake 3 started 1787224382260 delay_ms=1
fake 2 started 1787224382260 delay_ms=0
fake 2 end 1787224382260
fake 1 started 1787224382260 delay_ms=0
fake 1 end 1787224382260
fake 0 started 1787224382260 delay_ms=0
fake 0 end 1787224382260
job 33_XPY_48 started 1787224382260 core=4
job 75_XPY_60 started 1787224382260 core=5
job 4_TGAMMA_60 started 1787224382260 core=1
fake 3 end 1787224382267
job 9_TGAMMA_120 started 1787224382268 core=0
job 4_TGAMMA_60 end 1787224417629
job 14_TGAMMA_120 started 1787224417629 core=1
job 33_XPY_48 end 1787224434938
job 39_XPY_48 started 1787224434938 core=4
job 75_XPY_60 end 1787224447894
job 61_XPY_48 started 1787224447895 core=5
job 9_TGAMMA_120 end 1787224453174
job 19_TGAMMA_60 started 1787224453174 core=0
job 39_XPY_48 end 1787224487548
job 62_XPY_48 started 1787224487549 core=4
job 14_TGAMMA_120 end 1787224488396
job 20_TGAMMA_120 started 1787224488396 core=1
job 19_TGAMMA_60 end 1787224488704
job 22_TGAMMA_12 started 1787224488704 core=0
job 22_TGAMMA_12 end 1787224495912
job 24_TGAMMA_12 started 1787224495912 core=0
job 61_XPY_48 end 1787224500489
job 6_DOT_84 started 1787224500489 core=5
job 24_TGAMMA_12 end 1787224503122
job 0_POW_36 started 1787224503122 core=0
job 62_XPY_48 end 1787224554634
job 12_DOT_84 started 1787224554635 core=4
job 20_TGAMMA_120 end 1787224558353
job 5_POW_24 started 1787224558353 core=1
job 6_DOT_84 end 1787224573520
job 1_SUM_84 started 1787224573521 core=5
job 1_SUM_84 end 1787224629183
job 7_POW_12 started 1787224629183 core=5
job 5_POW_24 end 1787224633630
job 8_POW_24 started 1787224633630 core=1
job 0_POW_36 end 1787224638745
job 78_COPY_84 started 1787224638745 core=0
job 12_DOT_84 end 1787224656697
job 3_SUM_108 started 1787224656697 core=4
job 7_POW_12 end 1787224661859
job 10_POW_36 started 1787224661859 core=5
job 8_POW_24 end 1787224698031
job 15_POW_12 started 1787224698031 core=1
job 15_POW_12 end 1787224730027
job 32_SUM_132 started 1787224730027 core=1
job 3_SUM_108 end 1787224759665
job 16_POW_24 started 1787224759665 core=4
job 10_POW_36 end 1787224760340
job 17_POW_36 started 1787224760340 core=5
job 78_COPY_84 end 1787224766701
job 13_DOT_84 started 1787224766701 core=0
job 32_SUM_132 end 1787224814485
job 34_SUM_84 started 1787224814486 core=1
job 16_POW_24 end 1787224844604
job 21_POW_36 started 1787224844604 core=4
job 13_DOT_84 end 1787224865927
job 18_DOT_36 started 1787224865927 core=0
job 17_POW_36 end 1787224868548
job 46_SUM_84 started 1787224868548 core=5
job 34_SUM_84 end 1787224870315
job 25_POW_36 started 1787224870316 core=1
job 18_DOT_36 end 1787224908163
job 23_DOT_36 started 1787224908164 core=0
job 46_SUM_84 end 1787224924651
job 26_POW_24 started 1787224924652 core=5
job 23_DOT_36 end 1787224948912
job 53_SUM_84 started 1787224948912 core=0
job 21_POW_36 end 1787224965155
job 36_DOT_36 started 1787224965155 core=4
job 25_POW_36 end 1787224975888
job 27_POW_24 started 1787224975888 core=1
job 26_POW_24 end 1787224993785
job 50_DOT_84 started 1787224993785 core=5
job 36_DOT_36 end 1787225006946
job 60_SUM_132 started 1787225006946 core=4
job 53_SUM_84 end 1787225011991
job 30_POW_12 started 1787225011991 core=0
job 30_POW_12 end 1787225048666
job 31_POW_24 started 1787225048666 core=0
job 27_POW_24 end 1787225057752
job 37_POW_36 started 1787225057752 core=1
job 50_DOT_84 end 1787225093811
job 57_DOT_84 started 1787225093811 core=5
job 60_SUM_132 end 1787225094964
job 91_SUM_132 started 1787225094964 core=4
job 31_POW_24 end 1787225121857
job 43_POW_36 started 1787225121857 core=0
job 91_SUM_132 end 1787225182567
job 47_POW_12 started 1787225182569 core=4
job 37_POW_36 end 1787225183888
job 69_DOT_36 started 1787225183888 core=1
job 57_DOT_84 end 1787225193579
job 93_SUM_132 started 1787225193579 core=5
job 47_POW_12 end 1787225217781
job 48_POW_36 started 1787225217781 core=4
job 69_DOT_36 end 1787225226578
job 80_DOT_36 started 1787225226578 core=1
job 43_POW_36 end 1787225230261
job 49_POW_36 started 1787225230261 core=0
job 80_DOT_36 end 1787225267513
job 2_ERF_48 started 1787225267513 core=1
job 93_SUM_132 end 1787225292361
job 74_ERF_12 started 1787225292361 core=5
job 74_ERF_12 end 1787225314841
job 86_ERF_12 started 1787225314841 core=5
job 48_POW_36 end 1787225318342
job 88_ERF_48 started 1787225318342 core=4
job 49_POW_36 end 1787225329794
job 92_ERF_24 started 1787225329795 core=0
job 86_ERF_12 end 1787225336973
job 56_SQRTX_48 started 1787225336973 core=5
job 2_ERF_48 end 1787225358053
job 11_SQRTX_12 started 1787225358053 core=1
job 11_SQRTX_12 end 1787225374409
job 44_SQRTX_12 started 1787225374410 core=1
job 92_ERF_24 end 1787225375535
job 54_SQRTX_12 started 1787225375535 core=0
job 44_SQRTX_12 end 1787225391389
job 99_SQRTX_12 started 1787225391389 core=1
job 54_SQRTX_12 end 1787225394322
job 51_POW_36 started 1787225394323 core=0
job 56_SQRTX_48 end 1787225403603
job 58_POW_12 started 1787225403604 core=5
job 99_SQRTX_12 end 1787225407292
job 64_POW_36 started 1787225407292 core=1
job 88_ERF_48 end 1787225408737
job 65_POW_36 started 1787225408738 core=4
job 58_POW_12 end 1787225434595
job 67_POW_24 started 1787225434595 core=5
job 51_POW_36 end 1787225488257
job 70_POW_24 started 1787225488257 core=0
job 67_POW_24 end 1787225496786
job 72_POW_12 started 1787225496787 core=5
job 64_POW_36 end 1787225500537
job 76_POW_12 started 1787225500537 core=1
job 65_POW_36 end 1787225502010
job 79_POW_12 started 1787225502010 core=4
job 72_POW_12 end 1787225527901
job 81_POW_12 started 1787225527902 core=5
job 76_POW_12 end 1787225531634
job 82_POW_24 started 1787225531634 core=1
job 79_POW_12 end 1787225533010
job 85_POW_12 started 1787225533010 core=4
job 70_POW_24 end 1787225550548
job 87_POW_36 started 1787225550548 core=0
job 81_POW_12 end 1787225558958
job 89_POW_36 started 1787225558959 core=5
job 85_POW_12 end 1787225564148
job 94_POW_24 started 1787225564149 core=4
job 82_POW_24 end 1787225593703
job 95_POW_24 started 1787225593703 core=1
job 94_POW_24 end 1787225626233
job 98_POW_36 started 1787225626234 core=4
job 87_POW_36 end 1787225644206
job 28_TGAMMA_120 started 1787225644206 core=0
job 89_POW_36 end 1787225651164
job 29_TGAMMA_12 started 1787225651164 core=5
job 95_POW_24 end 1787225654076
job 35_TGAMMA_60 started 1787225654076 core=1
job 29_TGAMMA_12 end 1787225657950
job 38_TGAMMA_60 started 1787225657950 core=5
job 35_TGAMMA_60 end 1787225687907
job 40_TGAMMA_120 started 1787225687907 core=1
job 38_TGAMMA_60 end 1787225691806
job 41_TGAMMA_120 started 1787225691806 core=5
job 98_POW_36 end 1787225703969
job 42_TGAMMA_12 started 1787225703969 core=4
job 42_TGAMMA_12 end 1787225710720
job 45_TGAMMA_60 started 1787225710720 core=4
job 28_TGAMMA_120 end 1787225712247
job 52_TGAMMA_120 started 1787225712247 core=0
job 45_TGAMMA_60 end 1787225744492
job 55_TGAMMA_12 started 1787225744492 core=4
job 55_TGAMMA_12 end 1787225751233
job 59_TGAMMA_60 started 1787225751233 core=4
job 40_TGAMMA_120 end 1787225755489
job 63_TGAMMA_120 started 1787225755489 core=1
job 41_TGAMMA_120 end 1787225759399
job 66_TGAMMA_120 started 1787225759400 core=5
job 52_TGAMMA_120 end 1787225779936
job 68_TGAMMA_120 started 1787225779936 core=0
job 59_TGAMMA_60 end 1787225784994
job 71_TGAMMA_120 started 1787225784994 core=4
job 63_TGAMMA_120 end 1787225823002
job 73_TGAMMA_60 started 1787225823002 core=1
job 66_TGAMMA_120 end 1787225826934
job 77_TGAMMA_120 started 1787225826935 core=5
job 68_TGAMMA_120 end 1787225847634
job 83_TGAMMA_120 started 1787225847634 core=0
job 71_TGAMMA_120 end 1787225852521
job 84_TGAMMA_120 started 1787225852521 core=4
job 73_TGAMMA_60 end 1787225856766
job 90_TGAMMA_120 started 1787225856766 core=1
job 77_TGAMMA_120 end 1787225894485
job 96_TGAMMA_120 started 1787225894485 core=5
job 83_TGAMMA_120 end 1787225915345
job 97_TGAMMA_60 started 1787225915345 core=0
job 84_TGAMMA_120 end 1787225920058
job 90_TGAMMA_120 end 1787225924287
job 97_TGAMMA_60 end 1787225949104
job 96_TGAMMA_120 end 1787225961921
  итерация 0: 1579661 ms
  среднее по 1 итерациям: 1579661 ms
=== Выполняется проект: no_po_compute-heavy_17.txt (100 работ, перестановка ORDER) ===
fake 3 started 1787225961922 delay_ms=1
fake 2 started 1787225961922 delay_ms=0
fake 2 end 1787225961922
fake 0 started 1787225961922 delay_ms=0
fake 0 end 1787225961922
fake 1 started 1787225961922 delay_ms=0
fake 1 end 1787225961922
job 45_XPY_60 started 1787225961922 core=5
job 46_XPY_60 started 1787225961922 core=0
job 0_TGAMMA_60 started 1787225961922 core=1
fake 3 end 1787225961923
job 3_TGAMMA_60 started 1787225961923 core=4
job 3_TGAMMA_60 end 1787225997326
job 5_TGAMMA_120 started 1787225997326 core=4
job 0_TGAMMA_60 end 1787225997390
job 6_TGAMMA_12 started 1787225997391 core=1
job 6_TGAMMA_12 end 1787226004596
job 9_TGAMMA_120 started 1787226004596 core=1
job 45_XPY_60 end 1787226027897
job 70_XPY_60 started 1787226027897 core=5
job 46_XPY_60 end 1787226028099
job 55_XPY_48 started 1787226028099 core=0
job 5_TGAMMA_120 end 1787226068264
job 19_TGAMMA_60 started 1787226068264 core=4
job 9_TGAMMA_120 end 1787226075445
job 24_TGAMMA_120 started 1787226075445 core=1
job 55_XPY_48 end 1787226080937
job 56_XPY_48 started 1787226080937 core=0
job 70_XPY_60 end 1787226093686
job 64_XPY_48 started 1787226093686 core=5
job 19_TGAMMA_60 end 1787226103729
job 30_TGAMMA_120 started 1787226103729 core=4
job 56_XPY_48 end 1787226133726
job 66_XPY_48 started 1787226133726 core=0
job 64_XPY_48 end 1787226146207
job 81_XPY_60 started 1787226146207 core=5
job 24_TGAMMA_120 end 1787226146253
job 31_TGAMMA_12 started 1787226146253 core=1
job 31_TGAMMA_12 end 1787226153399
job 37_TGAMMA_120 started 1787226153399 core=1
job 30_TGAMMA_120 end 1787226174359
job 42_TGAMMA_120 started 1787226174359 core=4
job 66_XPY_48 end 1787226186836
job 4_DOT_84 started 1787226186836 core=0
job 81_XPY_60 end 1787226214686
job 7_DOT_84 started 1787226214686 core=5
job 37_TGAMMA_120 end 1787226224612
job 8_ERF_12 started 1787226224613 core=1
job 42_TGAMMA_120 end 1787226244471
job 47_TGAMMA_120 started 1787226244471 core=4
job 8_ERF_12 end 1787226256525
job 10_ERF_24 started 1787226256525 core=1
job 4_DOT_84 end 1787226258194
job 22_DOT_84 started 1787226258194 core=0
job 7_DOT_84 end 1787226311026
job 23_DOT_84 started 1787226311026 core=5
job 47_TGAMMA_120 end 1787226314686
job 15_ERF_48 started 1787226314686 core=4
job 10_ERF_24 end 1787226319145
job 48_TGAMMA_60 started 1787226319146 core=1
job 22_DOT_84 end 1787226337254
job 49_TGAMMA_120 started 1787226337254 core=0
job 48_TGAMMA_60 end 1787226354074
job 32_DOT_36 started 1787226354074 core=1
job 15_ERF_48 end 1787226394511
job 84_DOT_36 started 1787226394511 core=4
job 23_DOT_84 end 1787226398264
job 2_COPY_84 started 1787226398264 core=5
job 32_DOT_36 end 1787226399763
job 20_ERF_12 started 1787226399763 core=1
job 49_TGAMMA_120 end 1787226406969
job 51_TGAMMA_12 started 1787226406969 core=0
job 51_TGAMMA_12 end 1787226413968
job 78_COPY_84 started 1787226413968 core=0
job 84_DOT_36 end 1787226432265
job 60_TGAMMA_60 started 1787226432266 core=4
job 20_ERF_12 end 1787226433958
job 21_ERF_12 started 1787226433958 core=1
job 21_ERF_12 end 1787226465417
job 61_TGAMMA_60 started 1787226465417 core=1
job 60_TGAMMA_60 end 1787226467485
job 36_ERF_48 started 1787226467485 core=4
job 61_TGAMMA_60 end 1787226500562
job 65_TGAMMA_60 started 1787226500562 core=1
job 2_COPY_84 end 1787226507760
job 82_COPY_84 started 1787226507760 core=5
job 78_COPY_84 end 1787226524677
job 68_TGAMMA_12 started 1787226524677 core=0
job 68_TGAMMA_12 end 1787226531566
job 16_COPY_60 started 1787226531566 core=0
job 65_TGAMMA_60 end 1787226535699
job 71_TGAMMA_60 started 1787226535699 core=1
job 71_TGAMMA_60 end 1787226570844
job 75_ERF_48 started 1787226570844 core=1
job 36_ERF_48 end 1787226585068
job 73_TGAMMA_120 started 1787226585069 core=4
job 82_COPY_84 end 1787226606674
job 33_COPY_60 started 1787226606674 core=5
job 16_COPY_60 end 1787226609304
job 87_COPY_60 started 1787226609304 core=0
job 73_TGAMMA_120 end 1787226655445
job 79_TGAMMA_12 started 1787226655445 core=4
job 79_TGAMMA_12 end 1787226662563
job 86_TGAMMA_120 started 1787226662564 core=4
job 87_COPY_60 end 1787226675167
job 76_ERF_24 started 1787226675167 core=0
job 33_COPY_60 end 1787226688755
job 1_SUM_108 started 1787226688755 core=5
job 75_ERF_48 end 1787226693573
job 40_SUM_108 started 1787226693573 core=1
job 76_ERF_24 end 1787226707513
job 41_SUM_132 started 1787226707513 core=0
job 86_TGAMMA_120 end 1787226732422
job 88_TGAMMA_120 started 1787226732422 core=4
job 1_SUM_108 end 1787226762813
job 54_SUM_84 started 1787226762813 core=5
job 40_SUM_108 end 1787226769158
job 62_SUM_84 started 1787226769158 core=1
job 41_SUM_132 end 1787226769876
job 90_TGAMMA_120 started 1787226769876 core=0
job 88_TGAMMA_120 end 1787226802005
job 95_ERF_48 started 1787226802006 core=4
job 54_SUM_84 end 1787226805382
job 44_SQRTX_12 started 1787226805382 core=5
job 62_SUM_84 end 1787226809883
job 11_POW_24 started 1787226809883 core=1
job 44_SQRTX_12 end 1787226819697
job 12_POW_24 started 1787226819698 core=5
job 90_TGAMMA_120 end 1787226838724
job 13_POW_12 started 1787226838724 core=0
job 11_POW_24 end 1787226869248
job 14_POW_12 started 1787226869248 core=1
job 13_POW_12 end 1787226870704
job 17_POW_36 started 1787226870705 core=0
job 95_ERF_48 end 1787226874663
job 18_POW_36 started 1787226874664 core=4
job 12_POW_24 end 1787226879666
job 25_POW_36 started 1787226879666 core=5
job 14_POW_12 end 1787226900233
job 26_POW_24 started 1787226900233 core=1
job 26_POW_24 end 1787226962387
job 27_POW_24 started 1787226962388 core=1
job 17_POW_36 end 1787226964275
job 28_POW_12 started 1787226964275 core=0
job 18_POW_36 end 1787226967840
job 29_POW_24 started 1787226967840 core=4
job 25_POW_36 end 1787226973059
job 34_POW_36 started 1787226973059 core=5
job 28_POW_12 end 1787226995425
job 35_POW_24 started 1787226995425 core=0
job 27_POW_24 end 1787227024467
job 38_POW_36 started 1787227024467 core=1
job 29_POW_24 end 1787227029920
job 39_POW_24 started 1787227029921 core=4
job 35_POW_24 end 1787227057722
job 43_POW_12 started 1787227057722 core=0
job 34_POW_36 end 1787227066255
job 50_POW_24 started 1787227066255 core=5
job 43_POW_12 end 1787227088830
job 52_POW_12 started 1787227088830 core=0
job 39_POW_24 end 1787227092174
job 53_POW_24 started 1787227092175 core=4
job 38_POW_36 end 1787227117555
job 57_POW_12 started 1787227117555 core=1
job 52_POW_12 end 1787227120055
job 58_POW_24 started 1787227120056 core=0
job 50_POW_24 end 1787227128302
job 59_POW_12 started 1787227128303 core=5
job 57_POW_12 end 1787227148624
job 63_POW_36 started 1787227148624 core=1
job 53_POW_24 end 1787227154343
job 67_POW_24 started 1787227154343 core=4
job 59_POW_12 end 1787227159499
job 69_POW_24 started 1787227159499 core=5
job 58_POW_24 end 1787227182310
job 72_POW_24 started 1787227182311 core=0
job 67_POW_24 end 1787227216594
job 74_POW_12 started 1787227216594 core=4
job 69_POW_24 end 1787227221594
job 77_POW_36 started 1787227221594 core=5
job 63_POW_36 end 1787227241926
job 80_POW_24 started 1787227241926 core=1
job 72_POW_24 end 1787227244496
job 83_POW_24 started 1787227244496 core=0
job 74_POW_12 end 1787227247634
job 85_POW_36 started 1787227247635 core=4
job 80_POW_24 end 1787227303894
job 89_POW_24 started 1787227303895 core=1
job 83_POW_24 end 1787227306912
job 94_POW_36 started 1787227306912 core=0
job 77_POW_36 end 1787227314780
job 99_POW_24 started 1787227314780 core=5
job 85_POW_36 end 1787227340961
job 91_TGAMMA_60 started 1787227340961 core=4
job 89_POW_24 end 1787227362591
job 92_TGAMMA_120 started 1787227362591 core=1
job 99_POW_24 end 1787227371434
job 93_TGAMMA_12 started 1787227371434 core=5
job 91_TGAMMA_60 end 1787227375150
job 96_TGAMMA_12 started 1787227375150 core=4
job 93_TGAMMA_12 end 1787227378192
job 97_TGAMMA_120 started 1787227378192 core=5
job 96_TGAMMA_12 end 1787227381916
job 98_TGAMMA_12 started 1787227381916 core=4
job 98_TGAMMA_12 end 1787227388674
job 94_POW_36 end 1787227389281
job 92_TGAMMA_120 end 1787227430194
job 97_TGAMMA_120 end 1787227445650
  итерация 0: 1483728 ms
  среднее по 1 итерациям: 1483728 ms
=== Выполняется проект: no_po_compute-heavy_18.txt (100 работ, перестановка ORDER) ===
fake 3 started 1787227445651 delay_ms=1
fake 2 started 1787227445651 delay_ms=0
fake 2 end 1787227445651
fake 0 started 1787227445651 delay_ms=0
fake 0 end 1787227445651
fake 1 started 1787227445651 delay_ms=0
fake 1 end 1787227445651
job 5_XPY_60 started 1787227445651 core=5
job 38_XPY_60 started 1787227445651 core=1
job 1_TGAMMA_60 started 1787227445651 core=0
fake 3 end 1787227445652
job 2_TGAMMA_60 started 1787227445652 core=4
job 2_TGAMMA_60 end 1787227479827
job 3_TGAMMA_12 started 1787227479828 core=4
job 1_TGAMMA_60 end 1787227479888
job 4_TGAMMA_60 started 1787227479888 core=0
job 3_TGAMMA_12 end 1787227486645
job 14_TGAMMA_60 started 1787227486645 core=4
job 5_XPY_60 end 1787227512163
job 50_XPY_60 started 1787227512163 core=5
job 38_XPY_60 end 1787227512259
job 8_XPY_48 started 1787227512259 core=1
job 4_TGAMMA_60 end 1787227514122
job 17_TGAMMA_12 started 1787227514122 core=0
job 14_TGAMMA_60 end 1787227520803
job 31_TGAMMA_120 started 1787227520804 core=4
job 17_TGAMMA_12 end 1787227520948
job 34_TGAMMA_12 started 1787227520948 core=0
job 34_TGAMMA_12 end 1787227527782
job 35_TGAMMA_60 started 1787227527782 core=0
job 35_TGAMMA_60 end 1787227562023
job 11_XPY_48 started 1787227562023 core=0
job 8_XPY_48 end 1787227567752
job 45_TGAMMA_12 started 1787227567752 core=1
job 45_TGAMMA_12 end 1787227574877
job 46_TGAMMA_12 started 1787227574877 core=1
job 50_XPY_60 end 1787227580827
job 39_XPY_48 started 1787227580828 core=5
job 46_TGAMMA_12 end 1787227581987
job 49_TGAMMA_60 started 1787227581988 core=1
job 31_TGAMMA_120 end 1787227590064
job 52_TGAMMA_120 started 1787227590064 core=4
job 11_XPY_48 end 1787227614841
job 53_TGAMMA_120 started 1787227614841 core=0
job 49_TGAMMA_60 end 1787227617398
job 51_XPY_60 started 1787227617398 core=1
job 39_XPY_48 end 1787227631727
job 77_XPY_60 started 1787227631727 core=5
job 52_TGAMMA_120 end 1787227659346
job 57_TGAMMA_120 started 1787227659346 core=4
job 53_TGAMMA_120 end 1787227683305
job 97_XPY_60 started 1787227683305 core=0
job 51_XPY_60 end 1787227685275
job 59_TGAMMA_60 started 1787227685276 core=1
job 77_XPY_60 end 1787227699275
job 28_DOT_84 started 1787227699275 core=5
job 59_TGAMMA_60 end 1787227720419
job 0_POW_36 started 1787227720419 core=1
job 57_TGAMMA_120 end 1787227729719
job 60_TGAMMA_12 started 1787227729719 core=4
job 60_TGAMMA_12 end 1787227736999
job 63_TGAMMA_120 started 1787227736999 core=4
job 97_XPY_60 end 1787227756253
job 29_DOT_36 started 1787227756253 core=0
job 28_DOT_84 end 1787227785096
job 95_DOT_36 started 1787227785097 core=5
job 29_DOT_36 end 1787227788232
job 96_DOT_36 started 1787227788232 core=0
job 63_TGAMMA_120 end 1787227807769
job 7_POW_36 started 1787227807769 core=4
job 96_DOT_36 end 1787227824871
job 22_SUM_84 started 1787227824871 core=0
job 95_DOT_36 end 1787227827527
job 6_COPY_84 started 1787227827527 core=5
job 0_POW_36 end 1787227844316
job 9_POW_36 started 1787227844317 core=1
job 22_SUM_84 end 1787227875456
job 27_SUM_132 started 1787227875456 core=0
job 7_POW_36 end 1787227910823
job 10_POW_24 started 1787227910823 core=4
job 27_SUM_132 end 1787227954830
job 13_POW_12 started 1787227954830 core=0
job 6_COPY_84 end 1787227962101
job 36_COPY_60 started 1787227962101 core=5
job 10_POW_24 end 1787227975081
job 32_SUM_84 started 1787227975081 core=4
job 9_POW_36 end 1787227981685
job 15_POW_24 started 1787227981685 core=1
job 13_POW_12 end 1787227986423
job 16_POW_12 started 1787227986423 core=0
job 16_POW_12 end 1787228019443
job 56_SUM_108 started 1787228019444 core=0
job 32_SUM_84 end 1787228026193
job 19_POW_12 started 1787228026193 core=4
job 36_COPY_60 end 1787228057792
job 47_COPY_60 started 1787228057793 core=5
job 19_POW_12 end 1787228059055
job 20_POW_12 started 1787228059055 core=4
job 15_POW_24 end 1787228074520
job 21_POW_12 started 1787228074520 core=1
job 56_SUM_108 end 1787228084921
job 23_POW_24 started 1787228084921 core=0
job 20_POW_12 end 1787228091543
job 67_SUM_84 started 1787228091543 core=4
job 21_POW_12 end 1787228120262
job 24_POW_36 started 1787228120262 core=1
job 67_SUM_84 end 1787228141820
job 80_COPY_60 started 1787228141820 core=4
job 47_COPY_60 end 1787228152722
job 88_SUM_108 started 1787228152723 core=5
job 23_POW_24 end 1787228152824
job 25_POW_24 started 1787228152825 core=0
job 88_SUM_108 end 1787228217397
job 26_POW_24 started 1787228217398 core=5
job 24_POW_36 end 1787228227420
job 91_SUM_108 started 1787228227420 core=1
job 80_COPY_60 end 1787228235526
job 92_SUM_132 started 1787228235526 core=4
job 25_POW_24 end 1787228243741
job 33_POW_36 started 1787228243742 core=0
job 26_POW_24 end 1787228287254
job 37_POW_24 started 1787228287254 core=5
job 91_SUM_108 end 1787228297332
job 12_ERF_24 started 1787228297333 core=1
job 92_SUM_132 end 1787228319754
job 18_ERF_12 started 1787228319755 core=4
job 18_ERF_12 end 1787228341472
job 44_ERF_48 started 1787228341472 core=4
job 12_ERF_24 end 1787228343590
job 55_ERF_12 started 1787228343590 core=1
job 33_POW_36 end 1787228346195
job 74_ERF_12 started 1787228346195 core=0
job 37_POW_24 end 1787228353300
job 75_ERF_48 started 1787228353300 core=5
job 55_ERF_12 end 1787228365591
job 82_ERF_12 started 1787228365591 core=1
job 74_ERF_12 end 1787228368341
job 90_ERF_24 started 1787228368341 core=0
job 82_ERF_12 end 1787228387702
job 30_SQRTX_48 started 1787228387702 core=1
job 90_ERF_24 end 1787228412802
job 69_SQRTX_12 started 1787228412803 core=0
job 44_ERF_48 end 1787228429673
job 40_POW_24 started 1787228429674 core=4
job 69_SQRTX_12 end 1787228430418
job 41_POW_24 started 1787228430418 core=0
job 75_ERF_48 end 1787228439700
job 42_POW_12 started 1787228439701 core=5
job 30_SQRTX_48 end 1787228454254
job 43_POW_24 started 1787228454255 core=1
job 42_POW_12 end 1787228470435
job 48_POW_12 started 1787228470437 core=5
job 40_POW_24 end 1787228490764
job 54_POW_36 started 1787228490764 core=4
job 41_POW_24 end 1787228491660
job 58_POW_12 started 1787228491660 core=0
job 48_POW_12 end 1787228501411
job 61_POW_36 started 1787228501411 core=5
job 43_POW_24 end 1787228516570
job 62_POW_36 started 1787228516570 core=1
job 58_POW_12 end 1787228522626
job 66_POW_36 started 1787228522626 core=0
job 54_POW_36 end 1787228583912
job 72_POW_36 started 1787228583912 core=4
job 61_POW_36 end 1787228594700
job 73_POW_36 started 1787228594701 core=5
job 62_POW_36 end 1787228609867
job 76_POW_12 started 1787228609867 core=1
job 66_POW_36 end 1787228616070
job 78_POW_12 started 1787228616070 core=0
job 76_POW_12 end 1787228640959
job 85_POW_36 started 1787228640959 core=1
job 78_POW_12 end 1787228647133
job 87_POW_24 started 1787228647133 core=0
job 72_POW_36 end 1787228677034
job 89_POW_24 started 1787228677035 core=4
job 73_POW_36 end 1787228688093
job 99_POW_36 started 1787228688093 core=5
job 87_POW_24 end 1787228709430
job 64_TGAMMA_60 started 1787228709430 core=0
job 85_POW_36 end 1787228730897
job 65_TGAMMA_12 started 1787228730897 core=1
job 89_POW_24 end 1787228734371
job 68_TGAMMA_120 started 1787228734371 core=4
job 65_TGAMMA_12 end 1787228737692
job 70_TGAMMA_120 started 1787228737692 core=1
job 64_TGAMMA_60 end 1787228743633
job 71_TGAMMA_60 started 1787228743633 core=0
job 99_POW_36 end 1787228768051
job 79_TGAMMA_120 started 1787228768051 core=5
job 71_TGAMMA_60 end 1787228777518
job 81_TGAMMA_60 started 1787228777518 core=0
job 68_TGAMMA_120 end 1787228801996
job 83_TGAMMA_60 started 1787228801996 core=4
job 70_TGAMMA_120 end 1787228805381
job 84_TGAMMA_60 started 1787228805381 core=1
job 81_TGAMMA_60 end 1787228811336
job 86_TGAMMA_12 started 1787228811336 core=0
job 86_TGAMMA_12 end 1787228818085
job 93_TGAMMA_120 started 1787228818086 core=0
job 79_TGAMMA_120 end 1787228835624
job 94_TGAMMA_120 started 1787228835624 core=5
job 83_TGAMMA_60 end 1787228835750
job 98_TGAMMA_60 started 1787228835750 core=4
job 84_TGAMMA_60 end 1787228839182
job 98_TGAMMA_60 end 1787228869380
job 93_TGAMMA_120 end 1787228885511
job 94_TGAMMA_120 end 1787228903002
  итерация 0: 1457351 ms
  среднее по 1 итерациям: 1457351 ms
=== Выполняется проект: no_po_compute-heavy_19.txt (100 работ, перестановка ORDER) ===
fake 3 started 1787228903003 delay_ms=1
fake 2 started 1787228903003 delay_ms=0
fake 2 end 1787228903003
fake 0 started 1787228903003 delay_ms=0
fake 0 end 1787228903003
fake 1 started 1787228903003 delay_ms=0
fake 1 end 1787228903003
job 7_XPY_48 started 1787228903003 core=5
job 26_XPY_48 started 1787228903003 core=0
fake 3 end 1787228903004
job 5_TGAMMA_60 started 1787228903004 core=4
job 12_TGAMMA_60 started 1787228903015 core=1
job 5_TGAMMA_60 end 1787228938374
job 16_TGAMMA_120 started 1787228938374 core=4
job 12_TGAMMA_60 end 1787228938409
job 18_TGAMMA_120 started 1787228938409 core=1
job 26_XPY_48 end 1787228955910
job 33_XPY_48 started 1787228955910 core=0
job 7_XPY_48 end 1787228955926
job 2_DOT_36 started 1787228955926 core=5
job 2_DOT_36 end 1787228984711
job 4_DOT_84 started 1787228984711 core=5
job 18_TGAMMA_120 end 1787229008482
job 1_POW_36 started 1787229008482 core=1
job 16_TGAMMA_120 end 1787229010244
job 19_TGAMMA_60 started 1787229010244 core=4
job 33_XPY_48 end 1787229015201
job 22_DOT_36 started 1787229015201 core=0
job 19_TGAMMA_60 end 1787229045529
job 8_POW_12 started 1787229045529 core=4
job 22_DOT_36 end 1787229048389
job 0_SUM_84 started 1787229048389 core=0
job 4_DOT_84 end 1787229071138
job 3_COPY_84 started 1787229071138 core=5
job 8_POW_12 end 1787229081393
job 9_POW_24 started 1787229081393 core=4
job 0_SUM_84 end 1787229101110
job 11_SUM_84 started 1787229101111 core=0
job 1_POW_36 end 1787229141949
job 13_POW_36 started 1787229141949 core=1
job 9_POW_24 end 1787229147263
job 14_POW_24 started 1787229147263 core=4
job 11_SUM_84 end 1787229151689
job 20_SUM_108 started 1787229151690 core=0
job 3_COPY_84 end 1787229206719
job 96_COPY_84 started 1787229206719 core=5
job 14_POW_24 end 1787229213094
job 15_POW_12 started 1787229213095 core=4
job 20_SUM_108 end 1787229216581
job 21_POW_24 started 1787229216581 core=0
job 15_POW_12 end 1787229244160
job 36_SUM_84 started 1787229244160 core=4
job 13_POW_36 end 1787229278077
job 23_POW_24 started 1787229278077 core=1
job 21_POW_24 end 1787229280750
job 38_SUM_132 started 1787229280750 core=0
job 36_SUM_84 end 1787229295942
job 25_POW_36 started 1787229295942 core=4
job 96_COPY_84 end 1787229339997
job 10_COPY_60 started 1787229339997 core=5
job 38_SUM_132 end 1787229361498
job 31_POW_24 started 1787229361498 core=0
job 23_POW_24 end 1787229370595
job 52_SUM_84 started 1787229370595 core=1
job 25_POW_36 end 1787229393183
job 34_POW_12 started 1787229393183 core=4
job 34_POW_12 end 1787229425112
job 41_COPY_60 started 1787229425112 core=4
job 31_POW_24 end 1787229425120
job 42_POW_36 started 1787229425120 core=0
job 10_COPY_60 end 1787229428856
job 54_SUM_84 started 1787229428856 core=5
job 52_SUM_84 end 1787229443694
job 43_POW_24 started 1787229443694 core=1
job 54_SUM_84 end 1787229480627
job 83_COPY_60 started 1787229480627 core=5
job 43_POW_24 end 1787229517778
job 87_SUM_108 started 1787229517779 core=1
job 41_COPY_60 end 1787229518106
job 53_POW_12 started 1787229518106 core=4
job 42_POW_36 end 1787229548043
job 56_POW_36 started 1787229548043 core=0
job 53_POW_12 end 1787229550154
job 57_POW_12 started 1787229550154 core=4
job 83_COPY_60 end 1787229567868
job 95_COPY_60 started 1787229567868 core=5
job 57_POW_12 end 1787229582025
job 67_DOT_36 started 1787229582025 core=4
job 67_DOT_36 end 1787229622322
job 59_POW_24 started 1787229622324 core=4
job 87_SUM_108 end 1787229623094
job 68_DOT_84 started 1787229623094 core=1
job 56_POW_36 end 1787229652369
job 62_POW_12 started 1787229652370 core=0
job 95_COPY_60 end 1787229663113
job 81_DOT_36 started 1787229663113 core=5
job 62_POW_12 end 1787229686926
job 63_POW_24 started 1787229686926 core=0
job 59_POW_24 end 1787229689200
job 64_POW_24 started 1787229689200 core=4
job 81_DOT_36 end 1787229711417
job 85_DOT_84 started 1787229711417 core=5
job 68_DOT_84 end 1787229741665
job 90_DOT_84 started 1787229741665 core=1
job 63_POW_24 end 1787229757889
job 70_POW_12 started 1787229757889 core=0
job 64_POW_24 end 1787229759897
job 72_POW_24 started 1787229759897 core=4
job 70_POW_12 end 1787229793905
job 76_POW_12 started 1787229793905 core=0
job 85_DOT_84 end 1787229824567
job 6_ERF_48 started 1787229824568 core=5
job 76_POW_12 end 1787229829324
job 32_ERF_12 started 1787229829324 core=0
job 72_POW_24 end 1787229830997
job 17_SQRTX_12 started 1787229830997 core=4
job 90_DOT_84 end 1787229847302
job 40_ERF_24 started 1787229847302 core=1
job 17_SQRTX_12 end 1787229848951
job 47_ERF_12 started 1787229848951 core=4
job 32_ERF_12 end 1787229852094
job 78_ERF_24 started 1787229852095 core=0
job 47_ERF_12 end 1787229871050
job 88_ERF_12 started 1787229871050 core=4
job 40_ERF_24 end 1787229891529
job 66_SQRTX_48 started 1787229891530 core=1
job 88_ERF_12 end 1787229893094
job 73_SQRTX_48 started 1787229893094 core=4
job 78_ERF_24 end 1787229896437
job 30_SQRTX_12 started 1787229896437 core=0
job 30_SQRTX_12 end 1787229913540
job 80_POW_12 started 1787229913540 core=0
job 6_ERF_48 end 1787229919057
job 82_POW_12 started 1787229919058 core=5
job 80_POW_12 end 1787229943463
job 84_POW_36 started 1787229943463 core=0
job 82_POW_12 end 1787229948830
job 86_POW_12 started 1787229948830 core=5
job 73_SQRTX_48 end 1787229956776
job 89_POW_12 started 1787229956776 core=4
job 66_SQRTX_48 end 1787229957100
job 91_POW_24 started 1787229957100 core=1
job 86_POW_12 end 1787229979692
job 92_POW_24 started 1787229979692 core=5
job 89_POW_12 end 1787229987695
job 93_POW_36 started 1787229987695 core=4
job 91_POW_24 end 1787230019266
job 94_POW_12 started 1787230019267 core=1
job 84_POW_36 end 1787230036456
job 97_POW_36 started 1787230036457 core=0
job 92_POW_24 end 1787230041813
job 24_TGAMMA_12 started 1787230041813 core=5
job 24_TGAMMA_12 end 1787230048670
job 27_TGAMMA_12 started 1787230048670 core=5
job 94_POW_12 end 1787230048951
job 28_TGAMMA_12 started 1787230048951 core=1
job 27_TGAMMA_12 end 1787230055461
job 29_TGAMMA_60 started 1787230055461 core=5
job 28_TGAMMA_12 end 1787230055725
job 35_TGAMMA_120 started 1787230055725 core=1
job 93_POW_36 end 1787230074059
job 37_TGAMMA_12 started 1787230074060 core=4
job 37_TGAMMA_12 end 1787230080817
job 39_TGAMMA_12 started 1787230080817 core=4
job 39_TGAMMA_12 end 1787230087586
job 44_TGAMMA_120 started 1787230087586 core=4
job 29_TGAMMA_60 end 1787230089423
job 45_TGAMMA_60 started 1787230089423 core=5
job 97_POW_36 end 1787230112487
job 46_TGAMMA_120 started 1787230112487 core=0
job 45_TGAMMA_60 end 1787230123295
job 48_TGAMMA_12 started 1787230123295 core=5
job 35_TGAMMA_120 end 1787230123480
job 49_TGAMMA_12 started 1787230123480 core=1
job 48_TGAMMA_12 end 1787230130049
job 50_TGAMMA_12 started 1787230130049 core=5
job 49_TGAMMA_12 end 1787230130225
job 51_TGAMMA_12 started 1787230130225 core=1
job 50_TGAMMA_12 end 1787230136793
job 55_TGAMMA_120 started 1787230136793 core=5
job 51_TGAMMA_12 end 1787230136962
job 58_TGAMMA_60 started 1787230136962 core=1
job 44_TGAMMA_120 end 1787230155126
job 60_TGAMMA_60 started 1787230155126 core=4
job 58_TGAMMA_60 end 1787230170686
job 61_TGAMMA_120 started 1787230170686 core=1
job 46_TGAMMA_120 end 1787230180039
job 65_TGAMMA_60 started 1787230180039 core=0
job 60_TGAMMA_60 end 1787230188851
job 69_TGAMMA_60 started 1787230188851 core=4
job 55_TGAMMA_120 end 1787230204357
job 71_TGAMMA_12 started 1787230204357 core=5
job 71_TGAMMA_12 end 1787230211110
job 74_TGAMMA_60 started 1787230211111 core=5
job 65_TGAMMA_60 end 1787230213845
job 75_TGAMMA_60 started 1787230213845 core=0
job 69_TGAMMA_60 end 1787230222608
job 77_TGAMMA_120 started 1787230222608 core=4
job 61_TGAMMA_120 end 1787230238202
job 79_TGAMMA_12 started 1787230238202 core=1
job 74_TGAMMA_60 end 1787230244916
job 98_TGAMMA_60 started 1787230244916 core=5
job 79_TGAMMA_12 end 1787230244946
job 99_TGAMMA_60 started 1787230244947 core=1
job 75_TGAMMA_60 end 1787230247642
job 99_TGAMMA_60 end 1787230278606
job 98_TGAMMA_60 end 1787230278613
job 77_TGAMMA_120 end 1787230289937
  итерация 0: 1386934 ms
  среднее по 1 итерациям: 1386934 ms
=== Выполняется проект: no_po_compute-heavy_2.txt (100 работ, перестановка ORDER) ===
fake 3 started 1787230289938 delay_ms=1
fake 2 started 1787230289938 delay_ms=0
fake 2 end 1787230289938
fake 1 started 1787230289938 delay_ms=0
fake 1 end 1787230289938
fake 0 started 1787230289938 delay_ms=0
fake 0 end 1787230289938
job 0_TGAMMA_12 started 1787230289938 core=4
job 85_XPY_60 started 1787230289938 core=5
job 36_XPY_60 started 1787230289938 core=1
fake 3 end 1787230289948
job 8_TGAMMA_60 started 1787230289949 core=0
job 0_TGAMMA_12 end 1787230296775
job 12_TGAMMA_60 started 1787230296775 core=4
job 8_TGAMMA_60 end 1787230324213
job 21_TGAMMA_12 started 1787230324213 core=0
job 12_TGAMMA_60 end 1787230331014
job 25_TGAMMA_60 started 1787230331015 core=4
job 21_TGAMMA_12 end 1787230331043
job 34_TGAMMA_12 started 1787230331044 core=0
job 34_TGAMMA_12 end 1787230337886
job 35_TGAMMA_120 started 1787230337887 core=0
job 36_XPY_60 end 1787230356589
job 32_XPY_48 started 1787230356589 core=1
job 85_XPY_60 end 1787230356632
job 3_DOT_36 started 1787230356633 core=5
job 25_TGAMMA_60 end 1787230365263
job 1_POW_24 started 1787230365263 core=4
job 3_DOT_36 end 1787230400396
job 2_SUM_84 started 1787230400396 core=5
job 35_TGAMMA_120 end 1787230406715
job 39_TGAMMA_60 started 1787230406715 core=0
job 32_XPY_48 end 1787230416636
job 4_DOT_36 started 1787230416637 core=1
job 1_POW_24 end 1787230419183
job 7_DOT_84 started 1787230419183 core=4
job 39_TGAMMA_60 end 1787230441806
job 16_ERF_48 started 1787230441806 core=0
job 4_DOT_36 end 1787230459796
job 40_TGAMMA_60 started 1787230459796 core=1
job 2_SUM_84 end 1787230465284
job 19_DOT_84 started 1787230465284 core=5
job 40_TGAMMA_60 end 1787230494832
job 43_TGAMMA_120 started 1787230494832 core=1
job 7_DOT_84 end 1787230513986
job 26_DOT_84 started 1787230513986 core=4
job 19_DOT_84 end 1787230538768
job 51_DOT_36 started 1787230538768 core=5
job 43_TGAMMA_120 end 1787230564943
job 29_ERF_12 started 1787230564943 core=1
job 16_ERF_48 end 1787230568443
job 44_TGAMMA_60 started 1787230568444 core=0
job 51_DOT_36 end 1787230572194
job 38_ERF_48 started 1787230572194 core=5
job 29_ERF_12 end 1787230591222
job 97_DOT_84 started 1787230591222 core=1
job 26_DOT_84 end 1787230600142
job 45_TGAMMA_60 started 1787230600142 core=4
job 44_TGAMMA_60 end 1787230603384
job 15_COPY_84 started 1787230603384 core=0
job 45_TGAMMA_60 end 1787230635664
job 47_TGAMMA_120 started 1787230635664 core=4
job 97_DOT_84 end 1787230676630
job 5_COPY_60 started 1787230676631 core=1
job 38_ERF_48 end 1787230687030
job 60_ERF_48 started 1787230687030 core=5
job 15_COPY_84 end 1787230704801
job 49_TGAMMA_12 started 1787230704801 core=0
job 47_TGAMMA_120 end 1787230706653
job 50_TGAMMA_12 started 1787230706653 core=4
job 49_TGAMMA_12 end 1787230711617
job 52_TGAMMA_60 started 1787230711617 core=0
job 50_TGAMMA_12 end 1787230713476
job 23_COPY_60 started 1787230713477 core=4
job 52_TGAMMA_60 end 1787230746787
job 53_TGAMMA_60 started 1787230746787 core=0
job 5_COPY_60 end 1787230753797
job 11_SUM_108 started 1787230753797 core=1
job 23_COPY_60 end 1787230782049
job 55_TGAMMA_12 started 1787230782049 core=4
job 53_TGAMMA_60 end 1787230782360
job 68_TGAMMA_60 started 1787230782360 core=0
job 55_TGAMMA_12 end 1787230788874
job 63_ERF_24 started 1787230788874 core=4
job 60_ERF_48 end 1787230794733
job 18_SUM_84 started 1787230794734 core=5
job 11_SUM_108 end 1787230813902
job 22_SUM_84 started 1787230813902 core=1
job 68_TGAMMA_60 end 1787230817017
job 6_POW_24 started 1787230817018 core=0
job 63_ERF_24 end 1787230826765
job 9_POW_24 started 1787230826765 core=4
job 18_SUM_84 end 1787230849178
job 24_SUM_132 started 1787230849178 core=5
job 22_SUM_84 end 1787230869765
job 33_SUM_132 started 1787230869765 core=1
job 6_POW_24 end 1787230887793
job 10_POW_24 started 1787230887793 core=0
job 9_POW_24 end 1787230897341
job 13_POW_24 started 1787230897341 core=4
job 24_SUM_132 end 1787230937756
job 54_SUM_132 started 1787230937756 core=5
job 33_SUM_132 end 1787230958298
job 66_SUM_108 started 1787230958299 core=1
job 10_POW_24 end 1787230958747
job 14_POW_36 started 1787230958747 core=0
job 13_POW_24 end 1787230968100
job 17_POW_36 started 1787230968101 core=4
job 54_SUM_132 end 1787231026191
job 84_SUM_84 started 1787231026191 core=5
job 66_SUM_108 end 1787231030559
job 94_SUM_108 started 1787231030559 core=1
job 14_POW_36 end 1787231065120
job 20_POW_36 started 1787231065120 core=0
job 17_POW_36 end 1787231074418
job 98_SUM_132 started 1787231074418 core=4
job 84_SUM_84 end 1787231082891
job 28_POW_12 started 1787231082891 core=5
job 94_SUM_108 end 1787231102744
job 99_SUM_84 started 1787231102744 core=1
job 28_POW_12 end 1787231119345
job 30_POW_24 started 1787231119345 core=5
job 99_SUM_84 end 1787231157761
job 90_ERF_12 started 1787231157763 core=1
job 98_SUM_132 end 1787231160998
job 31_SQRTX_48 started 1787231160998 core=4
job 20_POW_36 end 1787231171727
job 46_SQRTX_48 started 1787231171728 core=0
job 90_ERF_12 end 1787231179691
job 27_SQRTX_12 started 1787231179691 core=1
job 30_POW_24 end 1787231187481
job 88_SQRTX_12 started 1787231187481 core=5
job 27_SQRTX_12 end 1787231197391
job 37_POW_24 started 1787231197391 core=1
job 88_SQRTX_12 end 1787231205200
job 41_POW_12 started 1787231205200 core=5
job 31_SQRTX_48 end 1787231224984
job 42_POW_36 started 1787231224984 core=4
job 41_POW_12 end 1787231235110
job 48_POW_12 started 1787231235110 core=5
job 46_SQRTX_48 end 1787231235894
job 56_POW_36 started 1787231235894 core=0
job 37_POW_24 end 1787231258570
job 57_POW_12 started 1787231258570 core=1
job 48_POW_12 end 1787231266145
job 58_POW_12 started 1787231266145 core=5
job 57_POW_12 end 1787231289683
job 59_POW_36 started 1787231289683 core=1
job 58_POW_12 end 1787231297376
job 61_POW_36 started 1787231297376 core=5
job 42_POW_36 end 1787231318094
job 62_POW_12 started 1787231318094 core=4
job 56_POW_36 end 1787231329361
job 64_POW_12 started 1787231329361 core=0
job 62_POW_12 end 1787231349279
job 65_POW_36 started 1787231349279 core=4
job 64_POW_12 end 1787231360684
job 67_POW_12 started 1787231360684 core=0
job 59_POW_36 end 1787231382816
job 71_POW_36 started 1787231382816 core=1
job 61_POW_36 end 1787231390575
job 72_POW_12 started 1787231390575 core=5
job 67_POW_12 end 1787231391718
job 73_POW_36 started 1787231391718 core=0
job 72_POW_12 end 1787231421574
job 75_POW_12 started 1787231421574 core=5
job 65_POW_36 end 1787231442646
job 76_POW_24 started 1787231442647 core=4
job 75_POW_12 end 1787231452608
job 77_POW_12 started 1787231452608 core=5
job 71_POW_36 end 1787231476033
job 80_POW_12 started 1787231476034 core=1
job 77_POW_12 end 1787231483765
job 81_POW_36 started 1787231483765 core=5
job 73_POW_36 end 1787231485183
job 86_POW_12 started 1787231485183 core=0
job 76_POW_24 end 1787231504783
job 87_POW_12 started 1787231504783 core=4
job 80_POW_12 end 1787231507209
job 91_POW_36 started 1787231507210 core=1
job 86_POW_12 end 1787231516336
job 92_POW_36 started 1787231516336 core=0
job 87_POW_12 end 1787231536013
job 69_TGAMMA_60 started 1787231536013 core=4
job 69_TGAMMA_60 end 1787231570352
job 70_TGAMMA_12 started 1787231570352 core=4
job 81_POW_36 end 1787231571484
job 74_TGAMMA_12 started 1787231571485 core=5
job 70_TGAMMA_12 end 1787231577179
job 78_TGAMMA_120 started 1787231577179 core=4
job 74_TGAMMA_12 end 1787231578288
job 79_TGAMMA_12 started 1787231578289 core=5
job 79_TGAMMA_12 end 1787231585091
job 82_TGAMMA_60 started 1787231585091 core=5
job 91_POW_36 end 1787231590338
job 83_TGAMMA_60 started 1787231590338 core=1
job 92_POW_36 end 1787231597067
job 89_TGAMMA_120 started 1787231597067 core=0
job 82_TGAMMA_60 end 1787231618928
job 93_TGAMMA_12 started 1787231618928 core=5
job 83_TGAMMA_60 end 1787231624112
job 95_TGAMMA_12 started 1787231624112 core=1
job 93_TGAMMA_12 end 1787231625670
job 96_TGAMMA_12 started 1787231625671 core=5
job 95_TGAMMA_12 end 1787231630845
job 96_TGAMMA_12 end 1787231632405
job 78_TGAMMA_120 end 1787231644888
job 89_TGAMMA_120 end 1787231664563
  итерация 0: 1374624 ms
  среднее по 1 итерациям: 1374624 ms
=== Выполняется проект: no_po_compute-heavy_20.txt (100 работ, перестановка ORDER) ===
fake 2 started 1787231664563 delay_ms=0
fake 2 end 1787231664563
fake 3 started 1787231664563 delay_ms=1
fake 0 started 1787231664563 delay_ms=0
fake 0 end 1787231664563
fake 1 started 1787231664563 delay_ms=0
fake 1 end 1787231664564
job 7_XPY_60 started 1787231664564 core=0
job 35_XPY_60 started 1787231664564 core=4
job 3_TGAMMA_60 started 1787231664564 core=5
fake 3 end 1787231664574
job 9_TGAMMA_120 started 1787231664575 core=1
job 3_TGAMMA_60 end 1787231698851
job 11_TGAMMA_12 started 1787231698851 core=5
job 11_TGAMMA_12 end 1787231705697
job 13_TGAMMA_12 started 1787231705697 core=5
job 13_TGAMMA_12 end 1787231712541
job 16_TGAMMA_12 started 1787231712541 core=5
job 16_TGAMMA_12 end 1787231719385
job 23_TGAMMA_12 started 1787231719386 core=5
job 23_TGAMMA_12 end 1787231726231
job 25_TGAMMA_120 started 1787231726231 core=5
job 35_XPY_60 end 1787231731165
job 78_XPY_60 started 1787231731165 core=4
job 7_XPY_60 end 1787231731380
job 41_XPY_48 started 1787231731380 core=0
job 9_TGAMMA_120 end 1787231733029
job 27_TGAMMA_60 started 1787231733029 core=1
job 27_TGAMMA_60 end 1787231767240
job 29_TGAMMA_60 started 1787231767240 core=1
job 41_XPY_48 end 1787231784721
job 69_XPY_48 started 1787231784721 core=0
job 25_TGAMMA_120 end 1787231794759
job 96_XPY_48 started 1787231794759 core=5
job 78_XPY_60 end 1787231799049
job 33_TGAMMA_60 started 1787231799049 core=4
job 29_TGAMMA_60 end 1787231801666
job 36_TGAMMA_60 started 1787231801667 core=1
job 33_TGAMMA_60 end 1787231834462
job 38_TGAMMA_120 started 1787231834462 core=4
job 36_TGAMMA_60 end 1787231837069
job 86_XPY_60 started 1787231837069 core=1
job 69_XPY_48 end 1787231839722
job 40_TGAMMA_60 started 1787231839722 core=0
job 96_XPY_48 end 1787231848510
job 1_DOT_84 started 1787231848510 core=5
job 40_TGAMMA_60 end 1787231873986
job 0_POW_36 started 1787231873986 core=0
job 38_TGAMMA_120 end 1787231903365
job 44_TGAMMA_120 started 1787231903365 core=4
job 86_XPY_60 end 1787231908646
job 50_DOT_84 started 1787231908647 core=1
job 1_DOT_84 end 1787231946124
job 63_DOT_36 started 1787231946124 core=5
job 0_POW_36 end 1787231956666
job 67_DOT_84 started 1787231956666 core=0
job 44_TGAMMA_120 end 1787231973059
job 4_POW_36 started 1787231973059 core=4
job 63_DOT_36 end 1787231995777
job 5_POW_12 started 1787231995778 core=5
job 50_DOT_84 end 1787232015113
job 6_SUM_132 started 1787232015113 core=1
job 5_POW_12 end 1787232035636
job 8_POW_36 started 1787232035636 core=5
job 67_DOT_84 end 1787232052738
job 19_COPY_84 started 1787232052739 core=0
job 6_SUM_132 end 1787232097976
job 12_POW_36 started 1787232097977 core=1
job 4_POW_36 end 1787232104805
job 24_SUM_108 started 1787232104805 core=4
job 8_POW_36 end 1787232134822
job 14_POW_24 started 1787232134822 core=5
job 19_COPY_84 end 1787232181467
job 42_SUM_84 started 1787232181467 core=0
job 12_POW_36 end 1787232195061
job 34_COPY_84 started 1787232195061 core=1
job 24_SUM_108 end 1787232196601
job 15_POW_24 started 1787232196602 core=4
job 14_POW_24 end 1787232202229
job 17_POW_12 started 1787232202229 core=5
job 42_SUM_84 end 1787232233441
job 65_SUM_108 started 1787232233441 core=0
job 17_POW_12 end 1787232248645
job 20_POW_12 started 1787232248645 core=5
job 15_POW_24 end 1787232262515
job 21_POW_12 started 1787232262516 core=4
job 20_POW_12 end 1787232295215
job 22_POW_24 started 1787232295216 core=5
job 21_POW_12 end 1787232295430
job 76_SUM_132 started 1787232295430 core=4
job 65_SUM_108 end 1787232298829
job 28_POW_12 started 1787232298829 core=0
job 34_COPY_84 end 1787232330724
job 10_COPY_60 started 1787232330724 core=1
job 28_POW_12 end 1787232331775
job 30_POW_24 started 1787232331775 core=0
job 76_SUM_132 end 1787232374836
job 31_POW_12 started 1787232374836 core=4
job 22_POW_24 end 1787232387149
job 79_SUM_84 started 1787232387149 core=5
job 30_POW_24 end 1787232396501
job 37_POW_36 started 1787232396501 core=0
job 31_POW_12 end 1787232406365
job 89_COPY_60 started 1787232406366 core=4
job 10_COPY_60 end 1787232421746
job 39_POW_12 started 1787232421746 core=1
job 79_SUM_84 end 1787232450104
job 94_COPY_60 started 1787232450104 core=5
job 39_POW_12 end 1787232455765
job 43_POW_12 started 1787232455765 core=1
job 89_COPY_60 end 1787232496531
job 45_POW_12 started 1787232496532 core=4
job 43_POW_12 end 1787232498099
job 82_DOT_36 started 1787232498099 core=1
job 37_POW_36 end 1787232517051
job 46_POW_12 started 1787232517051 core=0
job 45_POW_12 end 1787232528765
job 47_POW_12 started 1787232528765 core=4
job 94_COPY_60 end 1787232542680
job 83_DOT_36 started 1787232542681 core=5
job 46_POW_12 end 1787232550158
job 99_DOT_84 started 1787232550158 core=0
job 82_DOT_36 end 1787232552349
job 51_POW_12 started 1787232552349 core=1
job 47_POW_12 end 1787232565366
job 54_POW_36 started 1787232565366 core=4
job 83_DOT_36 end 1787232586541
job 2_ERF_12 started 1787232586541 core=5
job 51_POW_12 end 1787232593200
job 18_ERF_24 started 1787232593201 core=1
job 2_ERF_12 end 1787232611793
job 48_ERF_12 started 1787232611793 core=5
job 48_ERF_12 end 1787232637019
job 58_ERF_24 started 1787232637019 core=5
job 18_ERF_24 end 1787232643529
job 66_ERF_12 started 1787232643529 core=1
job 99_DOT_84 end 1787232644605
job 73_ERF_48 started 1787232644605 core=0
job 66_ERF_12 end 1787232665711
job 74_ERF_12 started 1787232665711 core=1
job 54_POW_36 end 1787232673775
job 32_SQRTX_48 started 1787232673775 core=4
job 58_ERF_24 end 1787232682275
job 88_SQRTX_48 started 1787232682275 core=5
job 74_ERF_12 end 1787232687847
job 26_SQRTX_12 started 1787232687847 core=1
job 26_SQRTX_12 end 1787232704863
job 55_POW_12 started 1787232704863 core=1
job 73_ERF_48 end 1787232731820
job 60_POW_24 started 1787232731821 core=0
job 55_POW_12 end 1787232735083
job 62_POW_24 started 1787232735083 core=1
job 32_SQRTX_48 end 1787232742151
job 68_POW_24 started 1787232742151 core=4
job 88_SQRTX_48 end 1787232747159
job 77_POW_12 started 1787232747159 core=5
job 77_POW_12 end 1787232778248
job 80_POW_36 started 1787232778248 core=5
job 60_POW_24 end 1787232793472
job 87_POW_12 started 1787232793472 core=0
job 62_POW_24 end 1787232796956
job 90_POW_24 started 1787232796956 core=1
job 68_POW_24 end 1787232803915
job 92_POW_24 started 1787232803915 core=4
job 87_POW_12 end 1787232824660
job 97_POW_36 started 1787232824660 core=0
job 90_POW_24 end 1787232858954
job 98_POW_24 started 1787232858954 core=1
job 92_POW_24 end 1787232866105
job 49_TGAMMA_120 started 1787232866106 core=4
job 80_POW_36 end 1787232870891
job 52_TGAMMA_12 started 1787232870891 core=5
job 52_TGAMMA_12 end 1787232877692
job 53_TGAMMA_12 started 1787232877693 core=5
job 53_TGAMMA_12 end 1787232884491
job 56_TGAMMA_12 started 1787232884491 core=5
job 56_TGAMMA_12 end 1787232891288
job 57_TGAMMA_12 started 1787232891288 core=5
job 57_TGAMMA_12 end 1787232898096
job 59_TGAMMA_60 started 1787232898096 core=5
job 97_POW_36 end 1787232908245
job 61_TGAMMA_12 started 1787232908245 core=0
job 98_POW_24 end 1787232910784
job 64_TGAMMA_12 started 1787232910784 core=1
job 61_TGAMMA_12 end 1787232914993
job 70_TGAMMA_120 started 1787232914993 core=0
job 64_TGAMMA_12 end 1787232917516
job 71_TGAMMA_12 started 1787232917516 core=1
job 71_TGAMMA_12 end 1787232924254
job 72_TGAMMA_120 started 1787232924254 core=1
job 59_TGAMMA_60 end 1787232931990
job 75_TGAMMA_120 started 1787232931990 core=5
job 49_TGAMMA_120 end 1787232933965
job 81_TGAMMA_60 started 1787232933965 core=4
job 81_TGAMMA_60 end 1787232967702
job 84_TGAMMA_120 started 1787232967702 core=4
job 70_TGAMMA_120 end 1787232982572
job 85_TGAMMA_120 started 1787232982572 core=0
job 72_TGAMMA_120 end 1787232991761
job 91_TGAMMA_120 started 1787232991761 core=1
job 75_TGAMMA_120 end 1787232999583
job 93_TGAMMA_120 started 1787232999583 core=5
job 84_TGAMMA_120 end 1787233035175
job 95_TGAMMA_12 started 1787233035175 core=4
job 95_TGAMMA_12 end 1787233041916
job 85_TGAMMA_120 end 1787233050146
job 91_TGAMMA_120 end 1787233059234
job 93_TGAMMA_120 end 1787233067112
  итерация 0: 1402548 ms
  среднее по 1 итерациям: 1402548 ms
=== Выполняется проект: no_po_compute-heavy_21.txt (100 работ, перестановка ORDER) ===
fake 3 started 1787233067112 delay_ms=1
fake 0 started 1787233067112 delay_ms=0
fake 2 started 1787233067112 delay_ms=0
fake 2 end 1787233067112
fake 0 end 1787233067112
fake 1 started 1787233067112 delay_ms=0
fake 1 end 1787233067112
job 15_XPY_60 started 1787233067112 core=5
job 19_XPY_60 started 1787233067112 core=1
fake 3 end 1787233067113
job 0_TGAMMA_120 started 1787233067113 core=0
job 1_TGAMMA_120 started 1787233067129 core=4
job 19_XPY_60 end 1787233133561
job 28_XPY_60 started 1787233133561 core=1
job 15_XPY_60 end 1787233133757
job 45_XPY_48 started 1787233133757 core=5
job 1_TGAMMA_120 end 1787233135512
job 2_TGAMMA_120 started 1787233135512 core=4
job 0_TGAMMA_120 end 1787233135619
job 3_TGAMMA_120 started 1787233135620 core=0
job 45_XPY_48 end 1787233186974
job 83_XPY_48 started 1787233186976 core=5
job 28_XPY_60 end 1787233200088
job 84_XPY_48 started 1787233200088 core=1
job 2_TGAMMA_120 end 1787233203858
job 6_TGAMMA_12 started 1787233203858 core=4
job 3_TGAMMA_120 end 1787233204071
job 7_TGAMMA_12 started 1787233204071 core=0
job 6_TGAMMA_12 end 1787233210677
job 11_TGAMMA_120 started 1787233210677 core=4
job 7_TGAMMA_12 end 1787233210898
job 12_TGAMMA_60 started 1787233210898 core=0
job 83_XPY_48 end 1787233240227
job 56_XPY_60 started 1787233240227 core=5
job 12_TGAMMA_60 end 1787233245134
job 60_XPY_60 started 1787233245134 core=0
job 84_XPY_48 end 1787233258723
job 13_TGAMMA_120 started 1787233258723 core=1
job 11_TGAMMA_120 end 1787233280195
job 14_TGAMMA_12 started 1787233280195 core=4
job 14_TGAMMA_12 end 1787233287316
job 16_TGAMMA_12 started 1787233287316 core=4
job 16_TGAMMA_12 end 1787233294419
job 17_TGAMMA_60 started 1787233294419 core=4
job 60_XPY_60 end 1787233311298
job 4_DOT_36 started 1787233311298 core=0
job 56_XPY_60 end 1787233312020
job 39_DOT_84 started 1787233312021 core=5
job 13_TGAMMA_120 end 1787233329526
job 21_ERF_12 started 1787233329526 core=1
job 17_TGAMMA_60 end 1787233329664
job 20_TGAMMA_120 started 1787233329664 core=4
job 4_DOT_36 end 1787233342852
job 50_DOT_84 started 1787233342852 core=0
job 21_ERF_12 end 1787233361073
job 25_ERF_24 started 1787233361073 core=1
job 20_TGAMMA_120 end 1787233399781
job 29_ERF_48 started 1787233399782 core=4
job 39_DOT_84 end 1787233405869
job 67_DOT_36 started 1787233405869 core=5
job 50_DOT_84 end 1787233421939
job 27_TGAMMA_12 started 1787233421939 core=0
job 25_ERF_24 end 1787233424085
job 32_TGAMMA_120 started 1787233424086 core=1
job 27_TGAMMA_12 end 1787233428884
job 73_DOT_84 started 1787233428884 core=0
job 67_DOT_36 end 1787233440584
job 94_DOT_36 started 1787233440584 core=5
job 94_DOT_36 end 1787233472088
job 95_DOT_36 started 1787233472088 core=5
job 32_TGAMMA_120 end 1787233494206
job 36_TGAMMA_120 started 1787233494206 core=1
job 95_DOT_36 end 1787233503739
job 30_ERF_12 started 1787233503739 core=5
job 29_ERF_48 end 1787233517402
job 97_DOT_84 started 1787233517402 core=4
job 30_ERF_12 end 1787233520298
job 88_COPY_84 started 1787233520298 core=5
job 73_DOT_84 end 1787233526632
job 49_ERF_12 started 1787233526633 core=0
job 49_ERF_12 end 1787233556635
job 37_TGAMMA_12 started 1787233556635 core=0
job 37_TGAMMA_12 end 1787233563730
job 40_TGAMMA_120 started 1787233563730 core=0
job 36_TGAMMA_120 end 1787233565004
job 53_ERF_48 started 1787233565005 core=1
job 97_DOT_84 end 1787233594488
job 8_COPY_60 started 1787233594488 core=4
job 40_TGAMMA_120 end 1787233633887
job 41_TGAMMA_120 started 1787233633887 core=0
job 88_COPY_84 end 1787233636553
job 55_COPY_60 started 1787233636553 core=5
job 8_COPY_60 end 1787233660053
job 98_ERF_24 started 1787233660053 core=4
job 98_ERF_24 end 1787233690266
job 79_COPY_60 started 1787233690267 core=4
job 53_ERF_48 end 1787233691687
job 47_TGAMMA_120 started 1787233691687 core=1
job 41_TGAMMA_120 end 1787233703624
job 18_SUM_132 started 1787233703624 core=0
job 55_COPY_60 end 1787233711606
job 33_SUM_108 started 1787233711606 core=5
job 33_SUM_108 end 1787233758290
job 42_SUM_84 started 1787233758290 core=5
job 47_TGAMMA_120 end 1787233761800
job 48_TGAMMA_12 started 1787233761800 core=1
job 48_TGAMMA_12 end 1787233768828
job 54_TGAMMA_120 started 1787233768828 core=1
job 79_COPY_60 end 1787233775701
job 51_SUM_132 started 1787233775701 core=4
job 42_SUM_84 end 1787233796145
job 99_SUM_84 started 1787233796145 core=5
job 18_SUM_132 end 1787233818532
job 10_SQRTX_12 started 1787233818532 core=0
job 99_SUM_84 end 1787233834228
job 22_SQRTX_12 started 1787233834228 core=5
job 10_SQRTX_12 end 1787233835026
job 71_SQRTX_12 started 1787233835026 core=0
job 54_TGAMMA_120 end 1787233838852
job 5_POW_24 started 1787233838852 core=1
job 22_SQRTX_12 end 1787233847954
job 9_POW_36 started 1787233847954 core=5
job 71_SQRTX_12 end 1787233850581
job 23_POW_36 started 1787233850581 core=0
job 51_SUM_132 end 1787233861519
job 24_POW_36 started 1787233861519 core=4
job 5_POW_24 end 1787233901893
job 26_POW_12 started 1787233901893 core=1
job 26_POW_12 end 1787233933028
job 31_POW_36 started 1787233933028 core=1
job 9_POW_36 end 1787233942259
job 34_POW_24 started 1787233942259 core=5
job 23_POW_36 end 1787233944716
job 35_POW_36 started 1787233944716 core=0
job 24_POW_36 end 1787233954698
job 38_POW_36 started 1787233954698 core=4
job 34_POW_24 end 1787234004262
job 43_POW_12 started 1787234004263 core=5
job 31_POW_36 end 1787234026288
job 44_POW_24 started 1787234026288 core=1
job 43_POW_12 end 1787234035476
job 46_POW_36 started 1787234035476 core=5
job 35_POW_36 end 1787234038062
job 52_POW_24 started 1787234038062 core=0
job 38_POW_36 end 1787234047776
job 57_POW_12 started 1787234047776 core=4
job 57_POW_12 end 1787234078844
job 58_POW_36 started 1787234078844 core=4
job 44_POW_24 end 1787234088468
job 61_POW_12 started 1787234088469 core=1
job 52_POW_24 end 1787234100516
job 63_POW_24 started 1787234100517 core=0
job 61_POW_12 end 1787234119551
job 64_POW_24 started 1787234119551 core=1
job 46_POW_36 end 1787234128756
job 65_POW_24 started 1787234128756 core=5
job 63_POW_24 end 1787234162663
job 68_POW_24 started 1787234162663 core=0
job 58_POW_36 end 1787234172067
job 69_POW_36 started 1787234172067 core=4
job 64_POW_24 end 1787234181650
job 74_POW_36 started 1787234181651 core=1
job 65_POW_24 end 1787234190934
job 76_POW_36 started 1787234190935 core=5
job 68_POW_24 end 1787234224867
job 77_POW_24 started 1787234224867 core=0
job 69_POW_36 end 1787234265154
job 81_POW_12 started 1787234265154 core=4
job 74_POW_36 end 1787234275045
job 86_POW_24 started 1787234275045 core=1
job 76_POW_36 end 1787234284299
job 90_POW_12 started 1787234284299 core=5
job 77_POW_24 end 1787234287105
job 91_POW_24 started 1787234287105 core=0
job 81_POW_12 end 1787234296228
job 59_TGAMMA_12 started 1787234296228 core=4
job 59_TGAMMA_12 end 1787234303083
job 62_TGAMMA_120 started 1787234303083 core=4
job 90_POW_12 end 1787234312757
job 66_TGAMMA_120 started 1787234312757 core=5
job 86_POW_24 end 1787234330482
job 70_TGAMMA_120 started 1787234330482 core=1
job 91_POW_24 end 1787234339680
job 72_TGAMMA_60 started 1787234339680 core=0
job 62_TGAMMA_120 end 1787234370953
job 75_TGAMMA_12 started 1787234370953 core=4
job 72_TGAMMA_60 end 1787234373482
job 78_TGAMMA_120 started 1787234373482 core=0
job 75_TGAMMA_12 end 1787234377701
job 80_TGAMMA_120 started 1787234377701 core=4
job 66_TGAMMA_120 end 1787234380483
job 82_TGAMMA_12 started 1787234380483 core=5
job 82_TGAMMA_12 end 1787234387222
job 85_TGAMMA_60 started 1787234387222 core=5
job 70_TGAMMA_120 end 1787234398098
job 87_TGAMMA_120 started 1787234398098 core=1
job 85_TGAMMA_60 end 1787234420977
job 89_TGAMMA_120 started 1787234420978 core=5
job 78_TGAMMA_120 end 1787234441036
job 92_TGAMMA_60 started 1787234441036 core=0
job 80_TGAMMA_120 end 1787234445162
job 93_TGAMMA_60 started 1787234445162 core=4
job 87_TGAMMA_120 end 1787234465639
job 96_TGAMMA_60 started 1787234465640 core=1
job 92_TGAMMA_60 end 1787234474825
job 93_TGAMMA_60 end 1787234478892
job 89_TGAMMA_120 end 1787234488475
job 96_TGAMMA_60 end 1787234499350
  итерация 0: 1432237 ms
  среднее по 1 итерациям: 1432237 ms
=== Выполняется проект: no_po_compute-heavy_22.txt (100 работ, перестановка ORDER) ===
fake 3 started 1787234499350 delay_ms=1
fake 2 started 1787234499350 delay_ms=0
fake 2 end 1787234499350
fake 0 started 1787234499350 delay_ms=0
fake 0 end 1787234499350
fake 1 started 1787234499350 delay_ms=0
fake 1 end 1787234499350
job 27_XPY_60 started 1787234499350 core=1
job 41_XPY_60 started 1787234499351 core=5
job 4_TGAMMA_60 started 1787234499351 core=4
fake 3 end 1787234499361
job 5_TGAMMA_120 started 1787234499362 core=0
job 4_TGAMMA_60 end 1787234533546
job 11_TGAMMA_60 started 1787234533546 core=4
job 27_XPY_60 end 1787234565933
job 60_XPY_60 started 1787234565933 core=1
job 41_XPY_60 end 1787234566118
job 82_XPY_48 started 1787234566118 core=5
job 11_TGAMMA_60 end 1787234567709
job 21_TGAMMA_12 started 1787234567709 core=4
job 5_TGAMMA_120 end 1787234567838
job 23_TGAMMA_12 started 1787234567838 core=0
job 21_TGAMMA_12 end 1787234574528
job 25_TGAMMA_120 started 1787234574528 core=4
job 23_TGAMMA_12 end 1787234574677
job 26_TGAMMA_120 started 1787234574677 core=0
job 82_XPY_48 end 1787234619563
job 63_XPY_60 started 1787234619563 core=5
job 60_XPY_60 end 1787234632241
job 66_XPY_60 started 1787234632242 core=1
job 25_TGAMMA_120 end 1787234642896
job 28_TGAMMA_60 started 1787234642897 core=4
job 26_TGAMMA_120 end 1787234643161
job 29_TGAMMA_60 started 1787234643161 core=0
job 28_TGAMMA_60 end 1787234677090
job 36_TGAMMA_60 started 1787234677090 core=4
job 29_TGAMMA_60 end 1787234677411
job 37_TGAMMA_120 started 1787234677412 core=0
job 63_XPY_60 end 1787234686495
job 12_DOT_36 started 1787234686496 core=5
job 66_XPY_60 end 1787234698034
job 16_DOT_84 started 1787234698034 core=1
job 36_TGAMMA_60 end 1787234711354
job 17_DOT_36 started 1787234711354 core=4
job 12_DOT_36 end 1787234725577
job 13_ERF_12 started 1787234725578 core=5
job 17_DOT_36 end 1787234743821
job 18_ERF_12 started 1787234743822 core=4
job 37_TGAMMA_120 end 1787234746915
job 40_DOT_84 started 1787234746915 core=0
job 13_ERF_12 end 1787234756745
job 45_TGAMMA_12 started 1787234756745 core=5
job 45_TGAMMA_12 end 1787234763879
job 53_TGAMMA_120 started 1787234763879 core=5
job 18_ERF_12 end 1787234772647
job 19_ERF_48 started 1787234772647 core=4
job 16_DOT_84 end 1787234785204
job 55_DOT_36 started 1787234785204 core=1
job 55_DOT_36 end 1787234816776
job 62_DOT_36 started 1787234816777 core=1
job 53_TGAMMA_120 end 1787234834186
job 57_TGAMMA_12 started 1787234834186 core=5
job 57_TGAMMA_12 end 1787234841325
job 58_TGAMMA_120 started 1787234841325 core=5
job 40_DOT_84 end 1787234845913
job 95_DOT_84 started 1787234845913 core=0
job 62_DOT_36 end 1787234848169
job 35_COPY_84 started 1787234848169 core=1
job 19_ERF_48 end 1787234898349
job 30_ERF_24 started 1787234898350 core=4
job 58_TGAMMA_120 end 1787234912640
job 64_TGAMMA_60 started 1787234912640 core=5
job 95_DOT_84 end 1787234932310
job 51_COPY_84 started 1787234932310 core=0
job 64_TGAMMA_60 end 1787234948190
job 50_ERF_12 started 1787234948190 core=5
job 35_COPY_84 end 1787234951256
job 65_TGAMMA_60 started 1787234951256 core=1
job 30_ERF_24 end 1787234958399
job 61_ERF_12 started 1787234958399 core=4
job 50_ERF_12 end 1787234964947
job 3_COPY_60 started 1787234964947 core=5
job 65_TGAMMA_60 end 1787234986085
job 70_TGAMMA_120 started 1787234986085 core=1
job 61_ERF_12 end 1787234989161
job 83_SQRTX_48 started 1787234989162 core=4
job 3_COPY_60 end 1787235029641
job 46_COPY_60 started 1787235029641 core=5
job 51_COPY_84 end 1787235047699
job 0_POW_24 started 1787235047699 core=0
job 70_TGAMMA_120 end 1787235056265
job 31_SUM_132 started 1787235056266 core=1
job 83_SQRTX_48 end 1787235066531
job 2_POW_24 started 1787235066532 core=4
job 46_COPY_60 end 1787235106462
job 6_POW_36 started 1787235106462 core=5
job 0_POW_24 end 1787235110971
job 7_POW_24 started 1787235110971 core=0
job 2_POW_24 end 1787235131710
job 38_SUM_84 started 1787235131711 core=4
job 31_SUM_132 end 1787235155525
job 44_SUM_132 started 1787235155525 core=1
job 7_POW_24 end 1787235182088
job 47_SUM_84 started 1787235182088 core=0
job 38_SUM_84 end 1787235186835
job 8_POW_12 started 1787235186835 core=4
job 6_POW_36 end 1787235213339
job 9_POW_24 started 1787235213339 core=5
job 8_POW_12 end 1787235222898
job 69_SUM_132 started 1787235222899 core=4
job 47_SUM_84 end 1787235239370
job 10_POW_24 started 1787235239371 core=0
job 44_SUM_132 end 1787235242873
job 89_SUM_84 started 1787235242874 core=1
job 9_POW_24 end 1787235286596
job 91_SUM_108 started 1787235286596 core=5
job 89_SUM_84 end 1787235299131
job 14_POW_12 started 1787235299131 core=1
job 69_SUM_132 end 1787235311110
job 15_POW_36 started 1787235311110 core=4
job 10_POW_24 end 1787235312309
job 98_SUM_132 started 1787235312309 core=0
job 14_POW_12 end 1787235334851
job 20_POW_12 started 1787235334851 core=1
job 91_SUM_108 end 1787235358284
job 1_SQRTX_12 started 1787235358285 core=5
job 20_POW_12 end 1787235369707
job 68_SQRTX_12 started 1787235369707 core=1
job 1_SQRTX_12 end 1787235375402
job 71_SQRTX_12 started 1787235375402 core=5
job 68_SQRTX_12 end 1787235386059
job 22_POW_12 started 1787235386059 core=1
job 71_SQRTX_12 end 1787235392185
job 24_POW_24 started 1787235392185 core=5
job 98_SUM_132 end 1787235393951
job 32_POW_36 started 1787235393951 core=0
job 15_POW_36 end 1787235410999
job 33_POW_24 started 1787235411000 core=4
job 22_POW_12 end 1787235417518
job 34_POW_12 started 1787235417518 core=1
job 34_POW_12 end 1787235448597
job 39_POW_24 started 1787235448597 core=1
job 24_POW_24 end 1787235454578
job 42_POW_24 started 1787235454578 core=5
job 33_POW_24 end 1787235472980
job 43_POW_24 started 1787235472980 core=4
job 32_POW_36 end 1787235487478
job 48_POW_24 started 1787235487478 core=0
job 39_POW_24 end 1787235510754
job 49_POW_24 started 1787235510754 core=1
job 42_POW_24 end 1787235516804
job 52_POW_24 started 1787235516804 core=5
job 43_POW_24 end 1787235535098
job 54_POW_12 started 1787235535098 core=4
job 48_POW_24 end 1787235549673
job 56_POW_24 started 1787235549673 core=0
job 54_POW_12 end 1787235566230
job 59_POW_12 started 1787235566230 core=4
job 49_POW_24 end 1787235572875
job 67_POW_12 started 1787235572876 core=1
job 52_POW_24 end 1787235578948
job 72_POW_12 started 1787235578948 core=5
job 59_POW_12 end 1787235597228
job 74_POW_36 started 1787235597228 core=4
job 67_POW_12 end 1787235603928
job 77_POW_12 started 1787235603928 core=1
job 72_POW_12 end 1787235610036
job 80_POW_24 started 1787235610036 core=5
job 56_POW_24 end 1787235611997
job 81_POW_12 started 1787235611997 core=0
job 77_POW_12 end 1787235635069
job 88_POW_24 started 1787235635069 core=1
job 81_POW_12 end 1787235643089
job 90_POW_12 started 1787235643089 core=0
job 80_POW_24 end 1787235672318
job 93_POW_24 started 1787235672318 core=5
job 90_POW_12 end 1787235674176
job 96_POW_12 started 1787235674176 core=0
job 74_POW_36 end 1787235690368
job 97_POW_36 started 1787235690369 core=4
job 88_POW_24 end 1787235697224
job 99_POW_24 started 1787235697224 core=1
job 96_POW_12 end 1787235705447
job 73_TGAMMA_12 started 1787235705447 core=0
job 73_TGAMMA_12 end 1787235712326
job 75_TGAMMA_60 started 1787235712326 core=0
job 93_POW_24 end 1787235730621
job 76_TGAMMA_12 started 1787235730621 core=5
job 76_TGAMMA_12 end 1787235737430
job 78_TGAMMA_60 started 1787235737430 core=5
job 75_TGAMMA_60 end 1787235746588
job 79_TGAMMA_120 started 1787235746588 core=0
job 99_POW_24 end 1787235750715
job 84_TGAMMA_12 started 1787235750715 core=1
job 84_TGAMMA_12 end 1787235757483
job 85_TGAMMA_12 started 1787235757483 core=1
job 85_TGAMMA_12 end 1787235764246
job 86_TGAMMA_60 started 1787235764247 core=1
job 97_POW_36 end 1787235769194
job 87_TGAMMA_60 started 1787235769194 core=4
job 78_TGAMMA_60 end 1787235771408
job 92_TGAMMA_120 started 1787235771408 core=5
job 86_TGAMMA_60 end 1787235798030
job 94_TGAMMA_60 started 1787235798030 core=1
job 87_TGAMMA_60 end 1787235802948
job 79_TGAMMA_120 end 1787235814325
job 94_TGAMMA_60 end 1787235831757
job 92_TGAMMA_120 end 1787235838947
  итерация 0: 1339597 ms
  среднее по 1 итерациям: 1339597 ms
=== Выполняется проект: no_po_compute-heavy_23.txt (100 работ, перестановка ORDER) ===
fake 3 started 1787235838948 delay_ms=1
fake 2 started 1787235838948 delay_ms=0
fake 2 end 1787235838948
fake 0 started 1787235838948 delay_ms=0
fake 0 end 1787235838948
job 33_XPY_60 started 1787235838948 core=5
fake 1 started 1787235838948 delay_ms=0
fake 1 end 1787235838948
job 43_XPY_60 started 1787235838948 core=1
job 4_TGAMMA_60 started 1787235838948 core=0
fake 3 end 1787235838969
job 7_TGAMMA_120 started 1787235838970 core=4
job 4_TGAMMA_60 end 1787235873225
job 10_TGAMMA_60 started 1787235873225 core=0
job 33_XPY_60 end 1787235905684
job 72_XPY_60 started 1787235905685 core=5
job 43_XPY_60 end 1787235905759
job 38_XPY_48 started 1787235905759 core=1
job 7_TGAMMA_120 end 1787235907379
job 14_TGAMMA_60 started 1787235907380 core=4
job 10_TGAMMA_60 end 1787235907495
job 16_TGAMMA_60 started 1787235907495 core=0
job 14_TGAMMA_60 end 1787235941574
job 20_TGAMMA_120 started 1787235941574 core=4
job 16_TGAMMA_60 end 1787235941754
job 23_TGAMMA_12 started 1787235941754 core=0
job 23_TGAMMA_12 end 1787235948586
job 24_TGAMMA_12 started 1787235948586 core=0
job 24_TGAMMA_12 end 1787235955417
job 69_XPY_48 started 1787235955417 core=0
job 38_XPY_48 end 1787235961218
job 25_TGAMMA_12 started 1787235961218 core=1
job 25_TGAMMA_12 end 1787235968417
job 40_TGAMMA_12 started 1787235968418 core=1
job 72_XPY_60 end 1787235974690
job 95_XPY_48 started 1787235974690 core=5
job 40_TGAMMA_12 end 1787235975587
job 45_TGAMMA_120 started 1787235975588 core=1
job 69_XPY_48 end 1787236008145
job 74_XPY_60 started 1787236008145 core=0
job 20_TGAMMA_120 end 1787236011780
job 46_TGAMMA_60 started 1787236011780 core=4
job 95_XPY_48 end 1787236027491
job 87_XPY_60 started 1787236027491 core=5
job 45_TGAMMA_120 end 1787236046429
job 50_TGAMMA_60 started 1787236046429 core=1
job 46_TGAMMA_60 end 1787236047221
job 53_TGAMMA_60 started 1787236047221 core=4
job 74_XPY_60 end 1787236074150
job 3_DOT_84 started 1787236074150 core=0
job 50_TGAMMA_60 end 1787236081962
job 0_POW_36 started 1787236081962 core=1
job 53_TGAMMA_60 end 1787236082516
job 54_TGAMMA_60 started 1787236082516 core=4
job 87_XPY_60 end 1787236098925
job 18_DOT_36 started 1787236098926 core=5
job 54_TGAMMA_60 end 1787236117485
job 1_POW_36 started 1787236117485 core=4
job 18_DOT_36 end 1787236141688
job 5_SUM_132 started 1787236141689 core=5
job 3_DOT_84 end 1787236155965
job 22_COPY_60 started 1787236155965 core=0
job 0_POW_36 end 1787236198409
job 6_POW_24 started 1787236198410 core=1
job 5_SUM_132 end 1787236222515
job 29_SUM_108 started 1787236222515 core=5
job 1_POW_36 end 1787236252582
job 8_POW_24 started 1787236252583 core=4
job 22_COPY_60 end 1787236252869
job 71_COPY_60 started 1787236252869 core=0
job 6_POW_24 end 1787236264349
job 9_POW_24 started 1787236264349 core=1
job 29_SUM_108 end 1787236287451
job 31_SUM_132 started 1787236287452 core=5
job 9_POW_24 end 1787236330479
job 11_POW_12 started 1787236330479 core=1
job 8_POW_24 end 1787236344915
job 12_POW_12 started 1787236344916 core=4
job 71_COPY_60 end 1787236349676
job 15_POW_12 started 1787236349676 core=0
job 11_POW_12 end 1787236363605
job 19_DOT_36 started 1787236363605 core=1
job 31_SUM_132 end 1787236368131
job 17_POW_24 started 1787236368131 core=5
job 12_POW_12 end 1787236380065
job 21_POW_24 started 1787236380065 core=4
job 15_POW_12 end 1787236383739
job 32_SUM_132 started 1787236383740 core=0
job 19_DOT_36 end 1787236404556
job 36_SUM_84 started 1787236404557 core=1
job 17_POW_24 end 1787236444572
job 42_SUM_108 started 1787236444572 core=5
job 21_POW_24 end 1787236452801
job 27_POW_24 started 1787236452802 core=4
job 36_SUM_84 end 1787236461043
job 28_POW_36 started 1787236461043 core=1
job 32_SUM_132 end 1787236471377
job 52_DOT_84 started 1787236471377 core=0
job 42_SUM_108 end 1787236517254
job 55_SUM_108 started 1787236517254 core=5
job 27_POW_24 end 1787236534001
job 30_POW_24 started 1787236534001 core=4
job 28_POW_36 end 1787236570114
job 34_POW_36 started 1787236570114 core=1
job 52_DOT_84 end 1787236570166
job 61_SUM_108 started 1787236570166 core=0
job 55_SUM_108 end 1787236588866
job 68_SUM_84 started 1787236588866 core=5
job 30_POW_24 end 1787236611642
job 35_POW_12 started 1787236611643 core=4
job 61_SUM_108 end 1787236640902
job 39_POW_12 started 1787236640902 core=0
job 68_SUM_84 end 1787236643875
job 94_DOT_36 started 1787236643875 core=5
job 35_POW_12 end 1787236647267
job 99_DOT_84 started 1787236647267 core=4
job 39_POW_12 end 1787236681772
job 41_POW_36 started 1787236681772 core=0
job 34_POW_36 end 1787236684490
job 44_POW_36 started 1787236684490 core=1
job 94_DOT_36 end 1787236685310
job 2_ERF_24 started 1787236685310 core=5
job 2_ERF_24 end 1787236735971
job 37_ERF_24 started 1787236735971 core=5
job 99_DOT_84 end 1787236741817
job 49_ERF_24 started 1787236741817 core=4
job 37_ERF_24 end 1787236780282
job 58_ERF_24 started 1787236780283 core=5
job 44_POW_36 end 1787236784355
job 63_ERF_48 started 1787236784356 core=1
job 49_ERF_24 end 1787236785191
job 96_ERF_24 started 1787236785191 core=4
job 41_POW_36 end 1787236786581
job 82_SQRTX_48 started 1787236786581 core=0
job 58_ERF_24 end 1787236824577
job 13_SQRTX_12 started 1787236824578 core=5
job 96_ERF_24 end 1787236827321
job 26_SQRTX_12 started 1787236827322 core=4
job 13_SQRTX_12 end 1787236843073
job 88_SQRTX_12 started 1787236843073 core=5
job 26_SQRTX_12 end 1787236844295
job 47_POW_24 started 1787236844295 core=4
job 82_SQRTX_48 end 1787236853947
job 48_POW_12 started 1787236853948 core=0
job 88_SQRTX_12 end 1787236859973
job 51_POW_12 started 1787236859973 core=5
job 63_ERF_48 end 1787236873062
job 66_POW_36 started 1787236873062 core=1
job 48_POW_12 end 1787236884483
job 67_POW_36 started 1787236884483 core=0
job 51_POW_12 end 1787236891466
job 70_POW_24 started 1787236891466 core=5
job 47_POW_24 end 1787236905813
job 75_POW_12 started 1787236905813 core=4
job 75_POW_12 end 1787236936906
job 81_POW_24 started 1787236936906 core=4
job 70_POW_24 end 1787236953649
job 86_POW_24 started 1787236953649 core=5
job 66_POW_36 end 1787236966457
job 90_POW_24 started 1787236966457 core=1
job 67_POW_36 end 1787236977964
job 56_TGAMMA_120 started 1787236977964 core=0
job 81_POW_24 end 1787236995761
job 57_TGAMMA_120 started 1787236995761 core=4
job 86_POW_24 end 1787237009930
job 59_TGAMMA_120 started 1787237009930 core=5
job 90_POW_24 end 1787237019896
job 60_TGAMMA_12 started 1787237019896 core=1
job 60_TGAMMA_12 end 1787237026647
job 62_TGAMMA_60 started 1787237026648 core=1
job 56_TGAMMA_120 end 1787237046032
job 64_TGAMMA_120 started 1787237046032 core=0
job 62_TGAMMA_60 end 1787237060432
job 65_TGAMMA_12 started 1787237060432 core=1
job 57_TGAMMA_120 end 1787237063389
job 73_TGAMMA_60 started 1787237063389 core=4
job 65_TGAMMA_12 end 1787237067190
job 76_TGAMMA_12 started 1787237067190 core=1
job 76_TGAMMA_12 end 1787237073938
job 77_TGAMMA_12 started 1787237073938 core=1
job 59_TGAMMA_120 end 1787237077514
job 78_TGAMMA_60 started 1787237077515 core=5
job 77_TGAMMA_12 end 1787237080682
job 79_TGAMMA_60 started 1787237080682 core=1
job 73_TGAMMA_60 end 1787237097130
job 80_TGAMMA_120 started 1787237097130 core=4
job 78_TGAMMA_60 end 1787237111280
job 83_TGAMMA_120 started 1787237111280 core=5
job 64_TGAMMA_120 end 1787237113636
job 84_TGAMMA_120 started 1787237113636 core=0
job 79_TGAMMA_60 end 1787237114469
job 85_TGAMMA_120 started 1787237114469 core=1
job 80_TGAMMA_120 end 1787237164611
job 89_TGAMMA_120 started 1787237164611 core=4
job 83_TGAMMA_120 end 1787237178810
job 91_TGAMMA_120 started 1787237178810 core=5
job 84_TGAMMA_120 end 1787237181224
job 92_TGAMMA_60 started 1787237181224 core=0
job 85_TGAMMA_120 end 1787237182031
job 93_TGAMMA_60 started 1787237182031 core=1
job 92_TGAMMA_60 end 1787237215008
job 97_TGAMMA_120 started 1787237215008 core=0
job 93_TGAMMA_60 end 1787237215805
job 98_TGAMMA_120 started 1787237215805 core=1
job 89_TGAMMA_120 end 1787237232086
job 91_TGAMMA_120 end 1787237246340
job 97_TGAMMA_120 end 1787237282487
job 98_TGAMMA_120 end 1787237283256
  итерация 0: 1444307 ms
  среднее по 1 итерациям: 1444307 ms
=== Выполняется проект: no_po_compute-heavy_24.txt (100 работ, перестановка ORDER) ===
fake 3 started 1787237283256 delay_ms=1
fake 2 started 1787237283256 delay_ms=0
fake 2 end 1787237283256
fake 0 started 1787237283256 delay_ms=0
fake 1 started 1787237283256 delay_ms=0
fake 1 end 1787237283256
fake 0 end 1787237283256
job 57_XPY_60 started 1787237283256 core=1
job 48_XPY_60 started 1787237283257 core=0
job 4_TGAMMA_120 started 1787237283257 core=5
fake 3 end 1787237283257
job 10_TGAMMA_60 started 1787237283258 core=4
job 10_TGAMMA_60 end 1787237318616
job 11_TGAMMA_120 started 1787237318616 core=4
job 57_XPY_60 end 1787237349116
job 49_XPY_48 started 1787237349116 core=1
job 48_XPY_60 end 1787237349177
job 79_XPY_48 started 1787237349178 core=0
job 4_TGAMMA_120 end 1787237354071
job 14_TGAMMA_12 started 1787237354071 core=5
job 14_TGAMMA_12 end 1787237361271
job 19_TGAMMA_12 started 1787237361272 core=5
job 19_TGAMMA_12 end 1787237368471
job 20_TGAMMA_120 started 1787237368471 core=5
job 11_TGAMMA_120 end 1787237389433
job 22_TGAMMA_12 started 1787237389433 core=4
job 22_TGAMMA_12 end 1787237396595
job 23_TGAMMA_60 started 1787237396595 core=4
job 49_XPY_48 end 1787237401837
job 90_XPY_48 started 1787237401838 core=1
job 79_XPY_48 end 1787237401875
job 0_DOT_36 started 1787237401875 core=0
job 0_DOT_36 end 1787237430641
job 21_DOT_84 started 1787237430641 core=0
job 23_TGAMMA_60 end 1787237431531
job 1_POW_12 started 1787237431531 core=4
job 20_TGAMMA_120 end 1787237440067
job 25_TGAMMA_60 started 1787237440067 core=5
job 90_XPY_48 end 1787237461767
job 24_DOT_36 started 1787237461768 core=1
job 1_POW_12 end 1787237469517
job 2_ERF_48 started 1787237469518 core=4
job 25_TGAMMA_60 end 1787237475867
job 27_TGAMMA_120 started 1787237475868 core=5
job 24_DOT_36 end 1787237493467
job 26_DOT_36 started 1787237493467 core=1
job 26_DOT_36 end 1787237524981
job 68_DOT_84 started 1787237524981 core=1
job 21_DOT_84 end 1787237526730
job 80_DOT_84 started 1787237526730 core=0
job 27_TGAMMA_120 end 1787237546047
job 28_TGAMMA_120 started 1787237546048 core=5
job 2_ERF_48 end 1787237596953
job 6_ERF_24 started 1787237596953 core=4
job 68_DOT_84 end 1787237598463
job 13_COPY_84 started 1787237598463 core=1
job 28_TGAMMA_120 end 1787237616549
job 33_TGAMMA_60 started 1787237616549 core=5
job 80_DOT_84 end 1787237622927
job 5_COPY_60 started 1787237622927 core=0
job 33_TGAMMA_60 end 1787237651881
job 15_ERF_48 started 1787237651881 core=5
job 6_ERF_24 end 1787237657818
job 36_TGAMMA_12 started 1787237657818 core=4
job 36_TGAMMA_12 end 1787237664929
job 38_TGAMMA_60 started 1787237664929 core=4
job 5_COPY_60 end 1787237696645
job 39_TGAMMA_12 started 1787237696646 core=0
job 38_TGAMMA_60 end 1787237700018
job 45_TGAMMA_12 started 1787237700018 core=4
job 13_COPY_84 end 1787237701660
job 17_COPY_60 started 1787237701660 core=1
job 39_TGAMMA_12 end 1787237703474
job 47_TGAMMA_120 started 1787237703474 core=0
job 45_TGAMMA_12 end 1787237706826
job 72_COPY_60 started 1787237706826 core=4
job 72_COPY_60 end 1787237772423
job 34_ERF_48 started 1787237772423 core=4
job 15_ERF_48 end 1787237772709
job 50_TGAMMA_120 started 1787237772709 core=5
job 47_TGAMMA_120 end 1787237773772
job 73_COPY_60 started 1787237773773 core=0
job 17_COPY_60 end 1787237779684
job 12_SUM_84 started 1787237779684 core=1
job 12_SUM_84 end 1787237814305
job 51_ERF_48 started 1787237814305 core=1
job 50_TGAMMA_120 end 1787237842023
job 53_TGAMMA_120 started 1787237842024 core=5
job 73_COPY_60 end 1787237855155
job 16_SUM_108 started 1787237855156 core=0
job 51_ERF_48 end 1787237876633
job 29_SUM_108 started 1787237876634 core=1
job 34_ERF_48 end 1787237886798
job 40_SUM_132 started 1787237886798 core=4
job 53_TGAMMA_120 end 1787237911622
job 3_POW_36 started 1787237911622 core=5
job 16_SUM_108 end 1787237924655
job 41_SUM_132 started 1787237924656 core=0
job 29_SUM_108 end 1787237934178
job 7_POW_36 started 1787237934178 core=1
job 40_SUM_132 end 1787237978535
job 67_SUM_132 started 1787237978536 core=4
job 41_SUM_132 end 1787238014297
job 76_SUM_108 started 1787238014299 core=0
job 3_POW_36 end 1787238019116
job 8_POW_24 started 1787238019116 core=5
job 7_POW_36 end 1787238040488
job 9_POW_36 started 1787238040488 core=1
job 67_SUM_132 end 1787238066997
job 87_SUM_108 started 1787238066997 core=4
job 76_SUM_108 end 1787238086970
job 93_SUM_132 started 1787238086970 core=0
job 8_POW_24 end 1787238089908
job 18_POW_24 started 1787238089908 core=5
job 87_SUM_108 end 1787238139448
job 30_POW_36 started 1787238139448 core=4
job 9_POW_36 end 1787238146210
job 52_ERF_24 started 1787238146210 core=1
job 18_POW_24 end 1787238159929
job 75_ERF_12 started 1787238159929 core=5
job 93_SUM_132 end 1787238171828
job 64_SQRTX_48 started 1787238171828 core=0
job 75_ERF_12 end 1787238183101
job 82_SQRTX_48 started 1787238183101 core=5
job 52_ERF_24 end 1787238192704
job 69_SQRTX_12 started 1787238192704 core=1
job 69_SQRTX_12 end 1787238209287
job 31_POW_36 started 1787238209287 core=1
job 30_POW_36 end 1787238232587
job 32_POW_36 started 1787238232588 core=4
job 64_SQRTX_48 end 1787238235685
job 35_POW_24 started 1787238235686 core=0
job 82_SQRTX_48 end 1787238246677
job 37_POW_24 started 1787238246677 core=5
job 35_POW_24 end 1787238297367
job 42_POW_12 started 1787238297367 core=0
job 31_POW_36 end 1787238301172
job 43_POW_36 started 1787238301173 core=1
job 37_POW_24 end 1787238309025
job 44_POW_36 started 1787238309025 core=5
job 32_POW_36 end 1787238325165
job 46_POW_24 started 1787238325165 core=4
job 42_POW_12 end 1787238328440
job 56_POW_24 started 1787238328440 core=0
job 46_POW_24 end 1787238387402
job 58_POW_24 started 1787238387402 core=4
job 56_POW_24 end 1787238390857
job 62_POW_24 started 1787238390857 core=0
job 43_POW_36 end 1787238394437
job 63_POW_24 started 1787238394437 core=1
job 44_POW_36 end 1787238402243
job 65_POW_24 started 1787238402243 core=5
job 58_POW_24 end 1787238449496
job 70_POW_36 started 1787238449496 core=4
job 62_POW_24 end 1787238453150
job 77_POW_12 started 1787238453150 core=0
job 63_POW_24 end 1787238456633
job 78_POW_24 started 1787238456633 core=1
job 65_POW_24 end 1787238464473
job 83_POW_12 started 1787238464473 core=5
job 77_POW_12 end 1787238484226
job 85_POW_12 started 1787238484226 core=0
job 83_POW_12 end 1787238495568
job 86_POW_12 started 1787238495569 core=5
job 85_POW_12 end 1787238515378
job 88_POW_36 started 1787238515379 core=0
job 78_POW_24 end 1787238518870
job 91_POW_24 started 1787238518870 core=1
job 86_POW_12 end 1787238526730
job 92_POW_24 started 1787238526730 core=5
job 70_POW_36 end 1787238542751
job 95_POW_24 started 1787238542752 core=4
job 91_POW_24 end 1787238581102
job 97_POW_36 started 1787238581103 core=1
job 92_POW_24 end 1787238589029
job 98_POW_12 started 1787238589029 core=5
job 95_POW_24 end 1787238604729
job 54_TGAMMA_120 started 1787238604729 core=4
job 88_POW_36 end 1787238608068
job 55_TGAMMA_120 started 1787238608068 core=0
job 98_POW_12 end 1787238617484
job 59_TGAMMA_60 started 1787238617484 core=5
job 59_TGAMMA_60 end 1787238651303
job 60_TGAMMA_120 started 1787238651303 core=5
job 97_POW_36 end 1787238660186
job 61_TGAMMA_120 started 1787238660186 core=1
job 54_TGAMMA_120 end 1787238672457
job 66_TGAMMA_120 started 1787238672457 core=4
job 55_TGAMMA_120 end 1787238675812
job 71_TGAMMA_120 started 1787238675812 core=0
job 60_TGAMMA_120 end 1787238718844
job 74_TGAMMA_60 started 1787238718844 core=5
job 61_TGAMMA_120 end 1787238727719
job 81_TGAMMA_120 started 1787238727719 core=1
job 66_TGAMMA_120 end 1787238739915
job 84_TGAMMA_60 started 1787238739915 core=4
job 71_TGAMMA_120 end 1787238743378
job 89_TGAMMA_120 started 1787238743378 core=0
job 74_TGAMMA_60 end 1787238752609
job 94_TGAMMA_12 started 1787238752609 core=5
job 94_TGAMMA_12 end 1787238759359
job 96_TGAMMA_120 started 1787238759359 core=5
job 84_TGAMMA_60 end 1787238773670
job 99_TGAMMA_120 started 1787238773670 core=4
job 81_TGAMMA_120 end 1787238795296
job 89_TGAMMA_120 end 1787238810935
job 96_TGAMMA_120 end 1787238826781
job 99_TGAMMA_120 end 1787238841021
  итерация 0: 1557765 ms
  среднее по 1 итерациям: 1557765 ms
=== Выполняется проект: no_po_compute-heavy_25.txt (100 работ, перестановка ORDER) ===
fake 3 started 1787238841022 delay_ms=1
fake 0 started 1787238841022 delay_ms=0
fake 0 end 1787238841022
fake 2 started 1787238841022 delay_ms=0
fake 2 end 1787238841022
fake 1 started 1787238841022 delay_ms=0
fake 1 end 1787238841022
job 98_XPY_60 started 1787238841022 core=4
job 37_XPY_48 started 1787238841022 core=5
job 1_TGAMMA_12 started 1787238841033 core=0
fake 3 end 1787238841035
job 4_TGAMMA_12 started 1787238841036 core=1
job 1_TGAMMA_12 end 1787238848133
job 6_TGAMMA_120 started 1787238848133 core=0
job 4_TGAMMA_12 end 1787238848156
job 10_TGAMMA_120 started 1787238848156 core=1
job 37_XPY_48 end 1787238893701
job 59_XPY_48 started 1787238893701 core=5
job 98_XPY_60 end 1787238906852
job 65_XPY_48 started 1787238906852 core=4
job 10_TGAMMA_120 end 1787238918956
job 11_TGAMMA_12 started 1787238918956 core=1
job 6_TGAMMA_120 end 1787238919178
job 15_TGAMMA_12 started 1787238919178 core=0
job 11_TGAMMA_12 end 1787238926114
job 16_TGAMMA_60 started 1787238926114 core=1
job 15_TGAMMA_12 end 1787238926307
job 17_TGAMMA_120 started 1787238926307 core=0
job 59_XPY_48 end 1787238946222
job 93_XPY_48 started 1787238946223 core=5
job 65_XPY_48 end 1787238959531
job 9_DOT_36 started 1787238959532 core=4
job 16_TGAMMA_60 end 1787238961537
job 2_POW_12 started 1787238961537 core=1
job 9_DOT_36 end 1787238988808
job 13_SUM_132 started 1787238988808 core=4
job 17_TGAMMA_120 end 1787238996822
job 20_TGAMMA_120 started 1787238996822 core=0
job 93_XPY_48 end 1787239011972
job 5_POW_24 started 1787239011972 core=5
job 2_POW_12 end 1787239012139
job 27_DOT_36 started 1787239012139 core=1
job 13_SUM_132 end 1787239047154
job 36_DOT_36 started 1787239047155 core=4
job 27_DOT_36 end 1787239054042
job 8_POW_24 started 1787239054043 core=1
job 20_TGAMMA_120 end 1787239066941
job 12_POW_36 started 1787239066942 core=0
job 36_DOT_36 end 1787239080915
job 21_SUM_108 started 1787239080916 core=4
job 5_POW_24 end 1787239087709
job 91_COPY_84 started 1787239087709 core=5
job 8_POW_24 end 1787239133711
job 14_POW_24 started 1787239133711 core=1
job 21_SUM_108 end 1787239145739
job 24_SUM_84 started 1787239145739 core=4
job 12_POW_36 end 1787239168320
job 18_POW_36 started 1787239168320 core=0
job 24_SUM_84 end 1787239196348
job 51_COPY_60 started 1787239196348 core=4
job 91_COPY_84 end 1787239220498
job 42_SUM_108 started 1787239220498 core=5
job 14_POW_24 end 1787239223221
job 19_POW_12 started 1787239223221 core=1
job 19_POW_12 end 1787239256124
job 23_POW_12 started 1787239256125 core=1
job 42_SUM_108 end 1787239285468
job 47_SUM_84 started 1787239285468 core=5
job 23_POW_12 end 1787239289241
job 30_POW_12 started 1787239289241 core=1
job 51_COPY_60 end 1787239290104
job 31_POW_36 started 1787239290104 core=4
job 18_POW_36 end 1787239292957
job 52_SUM_108 started 1787239292957 core=0
job 30_POW_12 end 1787239324797
job 32_POW_24 started 1787239324797 core=1
job 47_SUM_84 end 1787239339711
job 62_DOT_84 started 1787239339711 core=5
job 52_SUM_108 end 1787239363839
job 66_SUM_132 started 1787239363840 core=0
job 31_POW_36 end 1787239399197
job 35_POW_12 started 1787239399197 core=4
job 32_POW_24 end 1787239406313
job 38_POW_12 started 1787239406313 core=1
job 35_POW_12 end 1787239435829
job 63_DOT_84 started 1787239435829 core=4
job 62_DOT_84 end 1787239437676
job 43_POW_36 started 1787239437676 core=5
job 38_POW_12 end 1787239447487
job 45_POW_36 started 1787239447487 core=1
job 66_SUM_132 end 1787239455305
job 83_SUM_108 started 1787239455305 core=0
job 63_DOT_84 end 1787239532164
job 74_DOT_36 started 1787239532165 core=4
job 83_SUM_108 end 1787239543510
job 90_SUM_84 started 1787239543510 core=0
job 43_POW_36 end 1787239544502
job 46_POW_12 started 1787239544503 core=5
job 45_POW_36 end 1787239554142
job 49_POW_24 started 1787239554142 core=1
job 74_DOT_36 end 1787239573413
job 77_DOT_36 started 1787239573415 core=4
job 46_POW_12 end 1787239580207
job 50_POW_36 started 1787239580207 core=5
job 90_SUM_84 end 1787239611917
job 97_SUM_108 started 1787239611917 core=0
job 77_DOT_36 end 1787239614690
job 79_DOT_84 started 1787239614690 core=4
job 49_POW_24 end 1787239624991
job 53_POW_36 started 1787239624992 core=1
job 50_POW_36 end 1787239686972
job 0_ERF_24 started 1787239686972 core=5
job 97_SUM_108 end 1787239699536
job 7_ERF_24 started 1787239699536 core=0
job 79_DOT_84 end 1787239709448
job 28_ERF_12 started 1787239709449 core=4
job 53_POW_36 end 1787239728913
job 44_ERF_12 started 1787239728914 core=1
job 28_ERF_12 end 1787239731578
job 76_ERF_48 started 1787239731578 core=4
job 0_ERF_24 end 1787239733984
job 94_ERF_48 started 1787239733984 core=5
job 7_ERF_24 end 1787239746486
job 25_SQRTX_48 started 1787239746487 core=0
job 44_ERF_12 end 1787239750994
job 3_SQRTX_12 started 1787239750994 core=1
job 3_SQRTX_12 end 1787239768555
job 33_SQRTX_12 started 1787239768556 core=1
job 33_SQRTX_12 end 1787239786104
job 89_SQRTX_12 started 1787239786104 core=1
job 89_SQRTX_12 end 1787239803688
job 57_POW_12 started 1787239803688 core=1
job 25_SQRTX_48 end 1787239815788
job 58_POW_36 started 1787239815789 core=0
job 76_ERF_48 end 1787239818898
job 60_POW_12 started 1787239818899 core=4
job 94_ERF_48 end 1787239821221
job 64_POW_12 started 1787239821221 core=5
job 57_POW_12 end 1787239834714
job 68_POW_36 started 1787239834715 core=1
job 60_POW_12 end 1787239849851
job 72_POW_24 started 1787239849851 core=4
job 64_POW_12 end 1787239852402
job 75_POW_12 started 1787239852402 core=5
job 75_POW_12 end 1787239883457
job 81_POW_36 started 1787239883457 core=5
job 58_POW_36 end 1787239909182
job 82_POW_36 started 1787239909182 core=0
job 72_POW_24 end 1787239912073
job 86_POW_24 started 1787239912073 core=4
job 68_POW_36 end 1787239927825
job 88_POW_36 started 1787239927826 core=1
job 86_POW_24 end 1787239974209
job 92_POW_12 started 1787239974209 core=4
job 81_POW_36 end 1787239976614
job 95_POW_24 started 1787239976614 core=5
job 82_POW_36 end 1787240002754
job 99_POW_36 started 1787240002755 core=0
job 92_POW_12 end 1787240005455
job 22_TGAMMA_120 started 1787240005455 core=4
job 88_POW_36 end 1787240018860
job 26_TGAMMA_120 started 1787240018860 core=1
job 95_POW_24 end 1787240033210
job 29_TGAMMA_12 started 1787240033210 core=5
job 29_TGAMMA_12 end 1787240039964
job 34_TGAMMA_12 started 1787240039964 core=5
job 34_TGAMMA_12 end 1787240046723
job 39_TGAMMA_12 started 1787240046723 core=5
job 39_TGAMMA_12 end 1787240053482
job 40_TGAMMA_120 started 1787240053482 core=5
job 22_TGAMMA_120 end 1787240073459
job 41_TGAMMA_120 started 1787240073460 core=4
job 99_POW_36 end 1787240078119
job 48_TGAMMA_60 started 1787240078120 core=0
job 26_TGAMMA_120 end 1787240086566
job 54_TGAMMA_120 started 1787240086566 core=1
job 48_TGAMMA_60 end 1787240111947
job 55_TGAMMA_120 started 1787240111947 core=0
job 40_TGAMMA_120 end 1787240121085
job 56_TGAMMA_60 started 1787240121085 core=5
job 41_TGAMMA_120 end 1787240141055
job 61_TGAMMA_12 started 1787240141055 core=4
job 61_TGAMMA_12 end 1787240147794
job 67_TGAMMA_12 started 1787240147794 core=4
job 54_TGAMMA_120 end 1787240154053
job 69_TGAMMA_12 started 1787240154053 core=1
job 67_TGAMMA_12 end 1787240154539
job 70_TGAMMA_12 started 1787240154539 core=4
job 56_TGAMMA_60 end 1787240154839
job 71_TGAMMA_12 started 1787240154839 core=5
job 69_TGAMMA_12 end 1787240160794
job 73_TGAMMA_12 started 1787240160794 core=1
job 70_TGAMMA_12 end 1787240161282
job 78_TGAMMA_60 started 1787240161282 core=4
job 71_TGAMMA_12 end 1787240161581
job 80_TGAMMA_60 started 1787240161581 core=5
job 73_TGAMMA_12 end 1787240167541
job 84_TGAMMA_60 started 1787240167541 core=1
job 55_TGAMMA_120 end 1787240179573
job 85_TGAMMA_120 started 1787240179573 core=0
job 78_TGAMMA_60 end 1787240195103
job 87_TGAMMA_12 started 1787240195103 core=4
job 80_TGAMMA_60 end 1787240195377
job 96_TGAMMA_60 started 1787240195377 core=5
job 84_TGAMMA_60 end 1787240201313
job 87_TGAMMA_12 end 1787240201846
job 96_TGAMMA_60 end 1787240229044
job 85_TGAMMA_120 end 1787240247046
  итерация 0: 1406023 ms
  среднее по 1 итерациям: 1406023 ms
=== Выполняется проект: no_po_compute-heavy_26.txt (100 работ, перестановка ORDER) ===
fake 3 started 1787240247047 delay_ms=1
fake 2 started 1787240247047 delay_ms=0
fake 2 end 1787240247047
fake 1 started 1787240247047 delay_ms=0
fake 1 end 1787240247047
fake 0 started 1787240247047 delay_ms=0
fake 0 end 1787240247047
job 75_XPY_60 started 1787240247047 core=0
job 9_XPY_60 started 1787240247047 core=5
job 4_TGAMMA_12 started 1787240247047 core=4
fake 3 end 1787240247048
job 5_TGAMMA_12 started 1787240247058 core=1
job 4_TGAMMA_12 end 1787240254129
job 6_TGAMMA_120 started 1787240254130 core=4
job 5_TGAMMA_12 end 1787240254214
job 12_TGAMMA_120 started 1787240254214 core=1
job 9_XPY_60 end 1787240312901
job 25_XPY_48 started 1787240312901 core=5
job 75_XPY_60 end 1787240313207
job 43_XPY_48 started 1787240313208 core=0
job 6_TGAMMA_120 end 1787240325006
job 18_TGAMMA_60 started 1787240325007 core=4
job 12_TGAMMA_120 end 1787240325077
job 35_TGAMMA_12 started 1787240325077 core=1
job 35_TGAMMA_12 end 1787240332271
job 38_TGAMMA_120 started 1787240332271 core=1
job 18_TGAMMA_60 end 1787240360503
job 39_TGAMMA_60 started 1787240360503 core=4
job 25_XPY_48 end 1787240365497
job 97_XPY_48 started 1787240365497 core=5
job 43_XPY_48 end 1787240365957
job 20_DOT_36 started 1787240365957 core=0
job 20_DOT_36 end 1787240394901
job 99_DOT_84 started 1787240394901 core=0
job 39_TGAMMA_60 end 1787240395513
job 1_POW_24 started 1787240395513 core=4
job 38_TGAMMA_120 end 1787240403790
job 40_TGAMMA_60 started 1787240403791 core=1
job 97_XPY_48 end 1787240425194
job 10_COPY_84 started 1787240425195 core=5
job 40_TGAMMA_60 end 1787240439839
job 2_POW_24 started 1787240439839 core=1
job 1_POW_24 end 1787240470285
job 3_POW_12 started 1787240470285 core=4
job 99_DOT_84 end 1787240485761
job 11_SUM_108 started 1787240485761 core=0
job 3_POW_12 end 1787240505460
job 8_POW_36 started 1787240505460 core=4
job 2_POW_24 end 1787240533191
job 15_POW_12 started 1787240533191 core=1
job 11_SUM_108 end 1787240550849
job 14_COPY_84 started 1787240550849 core=0
job 10_COPY_84 end 1787240556525
job 16_POW_24 started 1787240556525 core=5
job 15_POW_12 end 1787240571531
job 13_SUM_132 started 1787240571531 core=1
job 16_POW_24 end 1787240621709
job 17_POW_24 started 1787240621709 core=5
job 8_POW_36 end 1787240623425
job 23_POW_12 started 1787240623425 core=4
job 13_SUM_132 end 1787240650904
job 19_SUM_132 started 1787240650904 core=1
job 23_POW_12 end 1787240669549
job 24_POW_12 started 1787240669550 core=4
job 14_COPY_84 end 1787240684020
job 58_COPY_84 started 1787240684020 core=0
job 17_POW_24 end 1787240687645
job 27_POW_12 started 1787240687645 core=5
job 24_POW_12 end 1787240715495
job 28_POW_24 started 1787240715495 core=4
job 27_POW_12 end 1787240720566
job 30_POW_36 started 1787240720567 core=5
job 19_SUM_132 end 1787240730256
job 22_SUM_84 started 1787240730256 core=1
job 22_SUM_84 end 1787240780774
job 32_POW_36 started 1787240780775 core=1
job 28_POW_24 end 1787240805691
job 98_COPY_84 started 1787240805691 core=4
job 30_POW_36 end 1787240816977
job 29_SUM_108 started 1787240816977 core=5
job 58_COPY_84 end 1787240818406
job 33_POW_12 started 1787240818406 core=0
job 33_POW_12 end 1787240865018
job 34_POW_36 started 1787240865018 core=0
job 32_POW_36 end 1787240877046
job 36_SUM_132 started 1787240877046 core=1
job 29_SUM_108 end 1787240882365
job 41_POW_36 started 1787240882366 core=5
job 98_COPY_84 end 1787240943699
job 93_COPY_60 started 1787240943699 core=4
job 36_SUM_132 end 1787240956974
job 37_SUM_108 started 1787240956974 core=1
job 41_POW_36 end 1787240981314
job 52_POW_24 started 1787240981314 core=5
job 34_POW_36 end 1787241004405
job 53_POW_12 started 1787241004406 core=0
job 37_SUM_108 end 1787241021977
job 42_SUM_132 started 1787241021978 core=1
job 93_COPY_60 end 1787241039850
job 54_POW_12 started 1787241039851 core=4
job 52_POW_24 end 1787241047552
job 45_SUM_84 started 1787241047552 core=5
job 53_POW_12 end 1787241047858
job 56_POW_12 started 1787241047859 core=0
job 54_POW_12 end 1787241074751
job 60_POW_36 started 1787241074752 core=4
job 56_POW_12 end 1787241083487
job 61_POW_24 started 1787241083488 core=0
job 45_SUM_84 end 1787241103642
job 66_SUM_132 started 1787241103643 core=5
job 42_SUM_132 end 1787241107805
job 74_SUM_132 started 1787241107805 core=1
job 61_POW_24 end 1787241154028
job 64_POW_24 started 1787241154029 core=0
job 60_POW_36 end 1787241180777
job 67_POW_24 started 1787241180777 core=4
job 66_SUM_132 end 1787241192200
job 79_SUM_108 started 1787241192200 core=5
job 74_SUM_132 end 1787241196487
job 84_SUM_132 started 1787241196487 core=1
job 64_POW_24 end 1787241224736
job 68_POW_12 started 1787241224736 core=0
job 67_POW_24 end 1787241251269
job 69_POW_12 started 1787241251270 core=4
job 68_POW_12 end 1787241260355
job 21_ERF_12 started 1787241260355 core=0
job 79_SUM_108 end 1787241264638
job 31_ERF_48 started 1787241264638 core=5
job 84_SUM_132 end 1787241282616
job 0_SQRTX_48 started 1787241282617 core=1
job 21_ERF_12 end 1787241284533
job 7_SQRTX_48 started 1787241284533 core=0
job 69_POW_12 end 1787241285359
job 48_SQRTX_48 started 1787241285360 core=4
job 7_SQRTX_48 end 1787241352928
job 62_SQRTX_48 started 1787241352928 core=0
job 48_SQRTX_48 end 1787241353564
job 83_SQRTX_48 started 1787241353564 core=4
job 0_SQRTX_48 end 1787241357114
job 26_SQRTX_12 started 1787241357114 core=1
job 31_ERF_48 end 1787241358463
job 59_SQRTX_12 started 1787241358466 core=5
job 26_SQRTX_12 end 1787241375263
job 90_SQRTX_12 started 1787241375263 core=1
job 59_SQRTX_12 end 1787241376556
job 71_POW_12 started 1787241376556 core=5
job 90_SQRTX_12 end 1787241392628
job 72_POW_24 started 1787241392628 core=1
job 71_POW_12 end 1787241407426
job 73_POW_12 started 1787241407427 core=5
job 62_SQRTX_48 end 1787241418668
job 76_POW_24 started 1787241418668 core=0
job 83_SQRTX_48 end 1787241419013
job 80_POW_24 started 1787241419013 core=4
job 73_POW_12 end 1787241438007
job 81_POW_24 started 1787241438007 core=5
job 72_POW_24 end 1787241453875
job 86_POW_12 started 1787241453875 core=1
job 76_POW_24 end 1787241480986
job 87_POW_36 started 1787241480986 core=0
job 80_POW_24 end 1787241481137
job 88_POW_12 started 1787241481137 core=4
job 86_POW_12 end 1787241484886
job 94_POW_36 started 1787241484886 core=1
job 81_POW_24 end 1787241500349
job 44_TGAMMA_12 started 1787241500349 core=5
job 44_TGAMMA_12 end 1787241507207
job 46_TGAMMA_12 started 1787241507208 core=5
job 88_POW_12 end 1787241510639
job 47_TGAMMA_12 started 1787241510639 core=4
job 46_TGAMMA_12 end 1787241514040
job 49_TGAMMA_12 started 1787241514040 core=5
job 47_TGAMMA_12 end 1787241517436
job 50_TGAMMA_12 started 1787241517437 core=4
job 49_TGAMMA_12 end 1787241520834
job 51_TGAMMA_12 started 1787241520834 core=5
job 50_TGAMMA_12 end 1787241524237
job 55_TGAMMA_60 started 1787241524238 core=4
job 51_TGAMMA_12 end 1787241527636
job 57_TGAMMA_60 started 1787241527636 core=5
job 55_TGAMMA_60 end 1787241558226
job 63_TGAMMA_60 started 1787241558226 core=4
job 87_POW_36 end 1787241560873
job 65_TGAMMA_12 started 1787241560873 core=0
job 57_TGAMMA_60 end 1787241561644
job 70_TGAMMA_12 started 1787241561644 core=5
job 94_POW_36 end 1787241563675
job 77_TGAMMA_12 started 1787241563675 core=1
job 65_TGAMMA_12 end 1787241567628
job 78_TGAMMA_60 started 1787241567628 core=0
job 70_TGAMMA_12 end 1787241568398
job 82_TGAMMA_60 started 1787241568398 core=5
job 77_TGAMMA_12 end 1787241570421
job 85_TGAMMA_60 started 1787241570421 core=1
job 63_TGAMMA_60 end 1787241592038
job 89_TGAMMA_12 started 1787241592038 core=4
job 89_TGAMMA_12 end 1787241598784
job 91_TGAMMA_60 started 1787241598784 core=4
job 78_TGAMMA_60 end 1787241601440
job 92_TGAMMA_12 started 1787241601440 core=0
job 82_TGAMMA_60 end 1787241602180
job 95_TGAMMA_120 started 1787241602180 core=5
job 85_TGAMMA_60 end 1787241604224
job 96_TGAMMA_120 started 1787241604224 core=1
job 92_TGAMMA_12 end 1787241608191
job 91_TGAMMA_60 end 1787241632460
job 95_TGAMMA_120 end 1787241669589
job 96_TGAMMA_120 end 1787241671658
  итерация 0: 1424611 ms
  среднее по 1 итерациям: 1424611 ms
=== Выполняется проект: no_po_compute-heavy_27.txt (100 работ, перестановка ORDER) ===
fake 3 started 1787241671659 delay_ms=1
fake 2 started 1787241671659 delay_ms=0
fake 2 end 1787241671659
fake 0 started 1787241671659 delay_ms=0
fake 0 end 1787241671659
fake 1 started 1787241671659 delay_ms=0
fake 1 end 1787241671659
job 2_XPY_60 started 1787241671659 core=1
job 13_XPY_60 started 1787241671659 core=5
job 0_TGAMMA_120 started 1787241671659 core=4
fake 3 end 1787241671672
job 1_TGAMMA_120 started 1787241671673 core=0
job 2_XPY_60 end 1787241738133
job 35_XPY_60 started 1787241738134 core=1
job 13_XPY_60 end 1787241738347
job 11_XPY_48 started 1787241738347 core=5
job 0_TGAMMA_120 end 1787241740070
job 6_TGAMMA_120 started 1787241740071 core=4
job 1_TGAMMA_120 end 1787241740216
job 8_TGAMMA_12 started 1787241740217 core=0
job 8_TGAMMA_12 end 1787241747042
job 19_TGAMMA_60 started 1787241747042 core=0
job 19_TGAMMA_60 end 1787241781291
job 20_TGAMMA_60 started 1787241781291 core=0
job 11_XPY_48 end 1787241791665
job 74_XPY_60 started 1787241791665 core=5
job 35_XPY_60 end 1787241804671
job 85_XPY_60 started 1787241804671 core=1
job 6_TGAMMA_120 end 1787241808439
job 21_TGAMMA_60 started 1787241808439 core=4
job 20_TGAMMA_60 end 1787241815545
job 23_TGAMMA_12 started 1787241815545 core=0
job 23_TGAMMA_12 end 1787241822378
job 31_TGAMMA_12 started 1787241822378 core=0
job 31_TGAMMA_12 end 1787241829210
job 33_TGAMMA_120 started 1787241829210 core=0
job 21_TGAMMA_60 end 1787241842650
job 36_TGAMMA_120 started 1787241842650 core=4
job 74_XPY_60 end 1787241858372
job 9_DOT_84 started 1787241858372 core=5
job 85_XPY_60 end 1787241870534
job 39_DOT_84 started 1787241870534 core=1
job 33_TGAMMA_120 end 1787241897811
job 18_ERF_12 started 1787241897811 core=0
job 36_TGAMMA_120 end 1787241911352
job 40_TGAMMA_60 started 1787241911352 core=4
job 18_ERF_12 end 1787241915743
job 32_ERF_48 started 1787241915744 core=0
job 40_TGAMMA_60 end 1787241946167
job 53_DOT_36 started 1787241946167 core=4
job 9_DOT_84 end 1787241950819
job 58_DOT_84 started 1787241950820 core=5
job 39_DOT_84 end 1787241969210
job 41_TGAMMA_12 started 1787241969210 core=1
job 41_TGAMMA_12 end 1787241976270
job 42_TGAMMA_12 started 1787241976270 core=1
job 42_TGAMMA_12 end 1787241983322
job 49_TGAMMA_120 started 1787241983322 core=1
job 53_DOT_36 end 1787241988729
job 63_DOT_36 started 1787241988729 core=4
job 32_ERF_48 end 1787242023635
job 79_DOT_36 started 1787242023636 core=0
job 58_DOT_84 end 1787242032221
job 54_TGAMMA_60 started 1787242032221 core=5
job 63_DOT_36 end 1787242032407
job 27_COPY_84 started 1787242032407 core=4
job 49_TGAMMA_120 end 1787242053108
job 82_ERF_48 started 1787242053108 core=1
job 79_DOT_36 end 1787242063667
job 96_COPY_84 started 1787242063667 core=0
job 54_TGAMMA_60 end 1787242066594
job 55_TGAMMA_120 started 1787242066595 core=5
job 82_ERF_48 end 1787242114261
job 57_TGAMMA_12 started 1787242114261 core=1
job 57_TGAMMA_12 end 1787242121095
job 45_SQRTX_48 started 1787242121095 core=1
job 55_TGAMMA_120 end 1787242135311
job 59_TGAMMA_12 started 1787242135311 core=5
job 59_TGAMMA_12 end 1787242142198
job 99_COPY_84 started 1787242142198 core=5
job 27_COPY_84 end 1787242154714
job 60_TGAMMA_60 started 1787242154714 core=4
job 45_SQRTX_48 end 1787242183776
job 7_COPY_60 started 1787242183776 core=1
job 96_COPY_84 end 1787242184178
job 62_TGAMMA_12 started 1787242184178 core=0
job 60_TGAMMA_60 end 1787242189641
job 64_TGAMMA_60 started 1787242189641 core=4
job 62_TGAMMA_12 end 1787242190990
job 84_SQRTX_48 started 1787242190990 core=0
job 64_TGAMMA_60 end 1787242224012
job 66_TGAMMA_120 started 1787242224012 core=4
job 84_SQRTX_48 end 1787242232994
job 14_COPY_60 started 1787242232994 core=0
job 99_COPY_84 end 1787242272522
job 34_COPY_60 started 1787242272522 core=5
job 7_COPY_60 end 1787242283883
job 3_SQRTX_12 started 1787242283883 core=1
job 66_TGAMMA_120 end 1787242294058
job 4_POW_36 started 1787242294058 core=4
job 14_COPY_60 end 1787242299618
job 12_POW_36 started 1787242299619 core=0
job 3_SQRTX_12 end 1787242305116
job 5_SUM_84 started 1787242305116 core=1
job 34_COPY_60 end 1787242361184
job 65_COPY_60 started 1787242361184 core=5
job 5_SUM_84 end 1787242384489
job 10_SUM_108 started 1787242384490 core=1
job 4_POW_36 end 1787242390494
job 15_POW_24 started 1787242390494 core=4
job 12_POW_36 end 1787242395051
job 17_POW_36 started 1787242395051 core=0
job 65_COPY_60 end 1787242448065
job 16_SUM_132 started 1787242448065 core=5
job 15_POW_24 end 1787242455033
job 26_SUM_108 started 1787242455033 core=4
job 10_SUM_108 end 1787242476838
job 25_POW_24 started 1787242476838 core=1
job 17_POW_36 end 1787242497998
job 77_SUM_108 started 1787242497998 core=0
job 26_SUM_108 end 1787242529520
job 94_SUM_84 started 1787242529521 core=4
job 16_SUM_132 end 1787242538606
job 29_POW_24 started 1787242538606 core=5
job 25_POW_24 end 1787242550683
job 30_POW_12 started 1787242550684 core=1
job 77_SUM_108 end 1787242573221
job 22_SQRTX_12 started 1787242573221 core=0
job 30_POW_12 end 1787242584779
job 24_SQRTX_12 started 1787242584780 core=1
job 94_SUM_84 end 1787242585150
job 28_SQRTX_12 started 1787242585151 core=4
job 22_SQRTX_12 end 1787242589321
job 71_SQRTX_12 started 1787242589321 core=0
job 28_SQRTX_12 end 1787242601674
job 37_POW_24 started 1787242601674 core=4
job 24_SQRTX_12 end 1787242602016
job 38_POW_12 started 1787242602017 core=1
job 29_POW_24 end 1787242605481
job 43_POW_36 started 1787242605481 core=5
job 71_SQRTX_12 end 1787242605606
job 44_POW_12 started 1787242605607 core=0
job 38_POW_12 end 1787242633078
job 46_POW_36 started 1787242633078 core=1
job 44_POW_12 end 1787242636573
job 47_POW_12 started 1787242636573 core=0
job 37_POW_24 end 1787242663659
job 48_POW_24 started 1787242663659 core=4
job 47_POW_12 end 1787242667810
job 50_POW_36 started 1787242667810 core=0
job 43_POW_36 end 1787242698797
job 51_POW_12 started 1787242698797 core=5
job 48_POW_24 end 1787242725908
job 52_POW_24 started 1787242725909 core=4
job 46_POW_36 end 1787242726183
job 56_POW_24 started 1787242726183 core=1
job 51_POW_12 end 1787242729954
job 61_POW_24 started 1787242729954 core=5
job 50_POW_36 end 1787242761148
job 70_POW_24 started 1787242761148 core=0
job 52_POW_24 end 1787242787995
job 72_POW_12 started 1787242787996 core=4
job 56_POW_24 end 1787242788311
job 76_POW_24 started 1787242788311 core=1
job 61_POW_24 end 1787242792197
job 78_POW_24 started 1787242792197 core=5
job 72_POW_12 end 1787242818944
job 80_POW_36 started 1787242818944 core=4
job 70_POW_24 end 1787242823512
job 86_POW_36 started 1787242823512 core=0
job 76_POW_24 end 1787242850408
job 87_POW_24 started 1787242850409 core=1
job 78_POW_24 end 1787242854372
job 88_POW_24 started 1787242854373 core=5
job 80_POW_36 end 1787242912183
job 89_POW_24 started 1787242912184 core=4
job 87_POW_24 end 1787242912625
job 92_POW_36 started 1787242912625 core=1
job 88_POW_24 end 1787242916686
job 95_POW_24 started 1787242916686 core=5
job 86_POW_36 end 1787242916824
job 98_POW_24 started 1787242916824 core=0
job 89_POW_24 end 1787242974252
job 67_TGAMMA_120 started 1787242974252 core=4
job 95_POW_24 end 1787242978259
job 68_TGAMMA_120 started 1787242978259 core=5
job 98_POW_24 end 1787242978353
job 69_TGAMMA_120 started 1787242978353 core=0
job 92_POW_36 end 1787242999522
job 73_TGAMMA_12 started 1787242999522 core=1
job 73_TGAMMA_12 end 1787243006276
job 75_TGAMMA_60 started 1787243006276 core=1
job 75_TGAMMA_60 end 1787243040037
job 81_TGAMMA_120 started 1787243040037 core=1
job 67_TGAMMA_120 end 1787243041953
job 83_TGAMMA_60 started 1787243041953 core=4
job 68_TGAMMA_120 end 1787243045950
job 90_TGAMMA_120 started 1787243045950 core=5
job 69_TGAMMA_120 end 1787243046026
job 91_TGAMMA_120 started 1787243046026 core=0
job 83_TGAMMA_60 end 1787243075701
job 93_TGAMMA_12 started 1787243075701 core=4
job 93_TGAMMA_12 end 1787243082436
job 97_TGAMMA_12 started 1787243082436 core=4
job 97_TGAMMA_12 end 1787243089171
job 81_TGAMMA_120 end 1787243107532
job 90_TGAMMA_120 end 1787243113511
job 91_TGAMMA_120 end 1787243113585
  итерация 0: 1441925 ms
  среднее по 1 итерациям: 1441925 ms
=== Выполняется проект: no_po_compute-heavy_28.txt (100 работ, перестановка ORDER) ===
fake 3 started 1787243113585 delay_ms=1
fake 1 started 1787243113585 delay_ms=0
fake 1 end 1787243113585
fake 2 started 1787243113585 delay_ms=0
fake 2 end 1787243113585
fake 0 started 1787243113585 delay_ms=0
fake 0 end 1787243113585
job 50_XPY_60 started 1787243113586 core=0
job 41_XPY_60 started 1787243113586 core=5
fake 3 end 1787243113586
job 5_TGAMMA_12 started 1787243113586 core=1
job 10_TGAMMA_60 started 1787243113586 core=4
job 5_TGAMMA_12 end 1787243120728
job 13_TGAMMA_120 started 1787243120728 core=1
job 10_TGAMMA_60 end 1787243148991
job 14_TGAMMA_12 started 1787243148991 core=4
job 14_TGAMMA_12 end 1787243156188
job 15_TGAMMA_120 started 1787243156188 core=4
job 41_XPY_60 end 1787243179448
job 75_XPY_60 started 1787243179448 core=5
job 50_XPY_60 end 1787243179803
job 22_XPY_48 started 1787243179803 core=0
job 13_TGAMMA_120 end 1787243191619
job 16_TGAMMA_120 started 1787243191620 core=1
job 15_TGAMMA_120 end 1787243227104
job 17_TGAMMA_120 started 1787243227104 core=4
job 22_XPY_48 end 1787243232713
job 52_XPY_48 started 1787243232713 core=0
job 75_XPY_60 end 1787243245222
job 62_XPY_48 started 1787243245222 core=5
job 16_TGAMMA_120 end 1787243262485
job 18_TGAMMA_12 started 1787243262485 core=1
job 18_TGAMMA_12 end 1787243269686
job 23_TGAMMA_60 started 1787243269687 core=1
job 52_XPY_48 end 1787243285429
job 72_XPY_48 started 1787243285429 core=0
job 62_XPY_48 end 1787243297771
job 98_XPY_48 started 1787243297772 core=5
job 17_TGAMMA_120 end 1787243298027
job 24_TGAMMA_120 started 1787243298027 core=4
job 23_TGAMMA_60 end 1787243305101
job 27_TGAMMA_12 started 1787243305101 core=1
job 27_TGAMMA_12 end 1787243312283
job 29_TGAMMA_60 started 1787243312283 core=1
job 72_XPY_48 end 1787243338218
job 39_DOT_36 started 1787243338218 core=0
job 29_TGAMMA_60 end 1787243347907
job 0_POW_36 started 1787243347907 core=1
job 98_XPY_48 end 1787243352939
job 51_DOT_84 started 1787243352939 core=5
job 39_DOT_36 end 1787243368353
job 1_POW_12 started 1787243368353 core=0
job 24_TGAMMA_120 end 1787243368484
job 11_SUM_108 started 1787243368484 core=4
job 1_POW_12 end 1787243405415
job 2_POW_24 started 1787243405416 core=0
job 11_SUM_108 end 1787243440127
job 42_COPY_84 started 1787243440127 core=4
job 51_DOT_84 end 1787243450632
job 32_SUM_84 started 1787243450632 core=5
job 0_POW_36 end 1787243469342
job 3_POW_24 started 1787243469343 core=1
job 2_POW_24 end 1787243489675
job 6_POW_24 started 1787243489675 core=0
job 32_SUM_84 end 1787243501048
job 40_SUM_84 started 1787243501048 core=5
job 3_POW_24 end 1787243535303
job 7_POW_24 started 1787243535304 core=1
job 40_SUM_84 end 1787243551522
job 8_POW_24 started 1787243551523 core=5
job 42_COPY_84 end 1787243572823
job 47_SUM_108 started 1787243572824 core=4
job 6_POW_24 end 1787243578960
job 66_COPY_84 started 1787243578961 core=0
job 7_POW_24 end 1787243598955
job 9_POW_36 started 1787243598956 core=1
job 8_POW_24 end 1787243614862
job 21_POW_12 started 1787243614862 core=5
job 21_POW_12 end 1787243646825
job 53_SUM_132 started 1787243646826 core=5
job 47_SUM_108 end 1787243672289
job 25_POW_36 started 1787243672289 core=4
job 9_POW_36 end 1787243697693
job 68_COPY_84 started 1787243697693 core=1
job 66_COPY_84 end 1787243706130
job 30_POW_36 started 1787243706130 core=0
job 53_SUM_132 end 1787243742073
job 55_SUM_132 started 1787243742073 core=5
job 25_POW_36 end 1787243778378
job 33_POW_12 started 1787243778379 core=4
job 30_POW_36 end 1787243802367
job 34_POW_36 started 1787243802367 core=0
job 33_POW_12 end 1787243810566
job 70_COPY_84 started 1787243810566 core=4
job 68_COPY_84 end 1787243820445
job 64_SUM_84 started 1787243820445 core=1
job 55_SUM_132 end 1787243851372
job 36_POW_36 started 1787243851372 core=5
job 64_SUM_84 end 1787243873782
job 69_SUM_108 started 1787243873782 core=1
job 69_SUM_108 end 1787243938607
job 43_POW_24 started 1787243938608 core=1
job 34_POW_36 end 1787243939206
job 44_POW_36 started 1787243939207 core=0
job 70_COPY_84 end 1787243946478
job 83_COPY_60 started 1787243946478 core=4
job 36_POW_36 end 1787243949695
job 71_SUM_132 started 1787243949696 core=5
job 43_POW_24 end 1787244003869
job 45_POW_36 started 1787244003869 core=1
job 71_SUM_132 end 1787244029066
job 92_COPY_60 started 1787244029066 core=5
job 83_COPY_60 end 1787244041190
job 4_ERF_48 started 1787244041191 core=4
job 44_POW_36 end 1787244065356
job 12_ERF_48 started 1787244065356 core=0
job 92_COPY_60 end 1787244114378
job 20_SQRTX_12 started 1787244114378 core=5
job 45_POW_36 end 1787244120035
job 67_SQRTX_12 started 1787244120035 core=1
job 20_SQRTX_12 end 1787244130338
job 19_ERF_24 started 1787244130338 core=5
job 4_ERF_48 end 1787244130853
job 28_ERF_24 started 1787244130854 core=4
job 67_SQRTX_12 end 1787244136524
job 57_ERF_12 started 1787244136524 core=1
job 12_ERF_48 end 1787244155140
job 95_ERF_12 started 1787244155140 core=0
job 57_ERF_12 end 1787244158656
job 26_SQRTX_48 started 1787244158656 core=1
job 19_ERF_24 end 1787244173619
job 97_SQRTX_48 started 1787244173620 core=5
job 28_ERF_24 end 1787244175195
job 46_POW_36 started 1787244175195 core=4
job 95_ERF_12 end 1787244177620
job 49_POW_24 started 1787244177620 core=0
job 26_SQRTX_48 end 1787244221354
job 58_POW_36 started 1787244221354 core=1
job 97_SQRTX_48 end 1787244234953
job 61_POW_12 started 1787244234954 core=5
job 49_POW_24 end 1787244237441
job 63_POW_12 started 1787244237442 core=0
job 61_POW_12 end 1787244266051
job 74_POW_12 started 1787244266051 core=5
job 46_POW_36 end 1787244266185
job 78_POW_36 started 1787244266185 core=4
job 63_POW_12 end 1787244268724
job 84_POW_36 started 1787244268724 core=0
job 74_POW_12 end 1787244296966
job 86_POW_36 started 1787244296966 core=5
job 58_POW_36 end 1787244314312
job 87_POW_36 started 1787244314312 core=1
job 78_POW_36 end 1787244359266
job 88_POW_12 started 1787244359266 core=4
job 84_POW_36 end 1787244361969
job 90_POW_24 started 1787244361969 core=0
job 86_POW_36 end 1787244390374
job 91_POW_36 started 1787244390374 core=5
job 88_POW_12 end 1787244390460
job 93_POW_12 started 1787244390460 core=4
job 87_POW_36 end 1787244407652
job 94_POW_12 started 1787244407653 core=1
job 93_POW_12 end 1787244421398
job 96_POW_36 started 1787244421398 core=4
job 90_POW_24 end 1787244424347
job 99_POW_36 started 1787244424347 core=0
job 94_POW_12 end 1787244438577
job 31_TGAMMA_60 started 1787244438577 core=1
job 31_TGAMMA_60 end 1787244472925
job 35_TGAMMA_120 started 1787244472926 core=1
job 91_POW_36 end 1787244476637
job 37_TGAMMA_60 started 1787244476637 core=5
job 96_POW_36 end 1787244502852
job 38_TGAMMA_60 started 1787244502852 core=4
job 99_POW_36 end 1787244505214
job 48_TGAMMA_120 started 1787244505215 core=0
job 37_TGAMMA_60 end 1787244510584
job 54_TGAMMA_60 started 1787244510584 core=5
job 38_TGAMMA_60 end 1787244536608
job 56_TGAMMA_60 started 1787244536608 core=4
job 35_TGAMMA_120 end 1787244540803
job 59_TGAMMA_120 started 1787244540803 core=1
job 54_TGAMMA_60 end 1787244544358
job 60_TGAMMA_12 started 1787244544358 core=5
job 60_TGAMMA_12 end 1787244551111
job 65_TGAMMA_120 started 1787244551111 core=5
job 56_TGAMMA_60 end 1787244570368
job 73_TGAMMA_120 started 1787244570368 core=4
job 48_TGAMMA_120 end 1787244572813
job 76_TGAMMA_12 started 1787244572813 core=0
job 76_TGAMMA_12 end 1787244579567
job 77_TGAMMA_60 started 1787244579567 core=0
job 59_TGAMMA_120 end 1787244608365
job 79_TGAMMA_12 started 1787244608365 core=1
job 77_TGAMMA_60 end 1787244613350
job 80_TGAMMA_60 started 1787244613350 core=0
job 79_TGAMMA_12 end 1787244615110
job 81_TGAMMA_60 started 1787244615110 core=1
job 65_TGAMMA_120 end 1787244618628
job 82_TGAMMA_60 started 1787244618628 core=5
job 73_TGAMMA_120 end 1787244637863
job 85_TGAMMA_120 started 1787244637863 core=4
job 80_TGAMMA_60 end 1787244647175
job 89_TGAMMA_120 started 1787244647175 core=0
job 81_TGAMMA_60 end 1787244648922
job 82_TGAMMA_60 end 1787244652414
job 85_TGAMMA_120 end 1787244705220
job 89_TGAMMA_120 end 1787244714618
  итерация 0: 1601032 ms
  среднее по 1 итерациям: 1601032 ms
=== Выполняется проект: no_po_compute-heavy_29.txt (100 работ, перестановка ORDER) ===
fake 3 started 1787244714618 delay_ms=1
fake 2 started 1787244714618 delay_ms=0
fake 0 started 1787244714618 delay_ms=0
fake 0 end 1787244714618
fake 2 end 1787244714618
fake 1 started 1787244714618 delay_ms=0
fake 1 end 1787244714618
job 60_XPY_60 started 1787244714618 core=4
job 58_XPY_60 started 1787244714618 core=0
job 0_TGAMMA_12 started 1787244714618 core=5
fake 3 end 1787244714629
job 6_TGAMMA_60 started 1787244714630 core=1
job 0_TGAMMA_12 end 1787244721452
job 9_TGAMMA_12 started 1787244721452 core=5
job 9_TGAMMA_12 end 1787244728300
job 10_TGAMMA_60 started 1787244728300 core=5
job 6_TGAMMA_60 end 1787244748860
job 11_TGAMMA_120 started 1787244748860 core=1
job 10_TGAMMA_60 end 1787244762596
job 12_TGAMMA_120 started 1787244762596 core=5
job 60_XPY_60 end 1787244781247
job 83_XPY_60 started 1787244781248 core=4
job 58_XPY_60 end 1787244781479
job 2_XPY_48 started 1787244781479 core=0
job 11_TGAMMA_120 end 1787244817288
job 17_TGAMMA_120 started 1787244817288 core=1
job 12_TGAMMA_120 end 1787244831117
job 15_XPY_48 started 1787244831117 core=5
job 2_XPY_48 end 1787244837255
job 22_TGAMMA_60 started 1787244837256 core=0
job 83_XPY_60 end 1787244850132
job 43_XPY_48 started 1787244850132 core=4
job 22_TGAMMA_60 end 1787244872799
job 26_TGAMMA_12 started 1787244872799 core=0
job 26_TGAMMA_12 end 1787244880012
job 27_TGAMMA_120 started 1787244880012 core=0
job 15_XPY_48 end 1787244883954
job 49_XPY_48 started 1787244883954 core=5
job 17_TGAMMA_120 end 1787244887495
job 28_TGAMMA_12 started 1787244887496 core=1
job 28_TGAMMA_12 end 1787244894665
job 16_DOT_36 started 1787244894665 core=1
job 43_XPY_48 end 1787244903437
job 3_POW_12 started 1787244903438 core=4
job 3_POW_12 end 1787244930353
job 8_SUM_132 started 1787244930353 core=4
job 16_DOT_36 end 1787244945794
job 4_POW_36 started 1787244945794 core=1
job 27_TGAMMA_120 end 1787244950191
job 61_DOT_84 started 1787244950191 core=0
job 49_XPY_48 end 1787244951581
job 5_POW_36 started 1787244951581 core=5
job 8_SUM_132 end 1787245020535
job 53_SUM_108 started 1787245020536 core=4
job 61_DOT_84 end 1787245046542
job 93_COPY_84 started 1787245046542 core=0
job 4_POW_36 end 1787245053410
job 7_POW_12 started 1787245053410 core=1
job 5_POW_36 end 1787245057179
job 13_POW_36 started 1787245057179 core=5
job 7_POW_12 end 1787245085684
job 18_POW_36 started 1787245085685 core=1
job 53_SUM_108 end 1787245116537
job 68_SUM_132 started 1787245116537 core=4
job 13_POW_36 end 1787245153382
job 35_COPY_60 started 1787245153382 core=5
job 93_COPY_84 end 1787245169192
job 19_POW_24 started 1787245169192 core=0
job 18_POW_36 end 1787245193243
job 69_SUM_108 started 1787245193244 core=1
job 68_SUM_132 end 1787245214942
job 21_POW_36 started 1787245214942 core=4
job 19_POW_24 end 1787245235595
job 24_POW_12 started 1787245235596 core=0
job 35_COPY_60 end 1787245246910
job 38_COPY_60 started 1787245246911 core=5
job 24_POW_12 end 1787245267679
job 71_SUM_132 started 1787245267679 core=0
job 69_SUM_108 end 1787245293913
job 25_POW_12 started 1787245293913 core=1
job 21_POW_36 end 1787245313734
job 29_POW_36 started 1787245313734 core=4
job 25_POW_12 end 1787245340368
job 30_POW_36 started 1787245340369 core=1
job 38_COPY_60 end 1787245342216
job 47_COPY_60 started 1787245342216 core=5
job 71_SUM_132 end 1787245348133
job 74_SUM_108 started 1787245348133 core=0
job 29_POW_36 end 1787245412666
job 34_POW_36 started 1787245412666 core=4
job 74_SUM_108 end 1787245413147
job 44_POW_36 started 1787245413147 core=0
job 47_COPY_60 end 1787245436293
job 79_SUM_132 started 1787245436293 core=5
job 30_POW_36 end 1787245466268
job 77_COPY_60 started 1787245466268 core=1
job 34_POW_36 end 1787245509257
job 92_SUM_132 started 1787245509257 core=4
job 44_POW_36 end 1787245510189
job 45_POW_24 started 1787245510190 core=0
job 79_SUM_132 end 1787245540204
job 66_DOT_84 started 1787245540204 core=5
job 77_COPY_60 end 1787245563602
job 48_POW_12 started 1787245563602 core=1
job 45_POW_24 end 1787245580291
job 51_POW_24 started 1787245580291 core=0
job 92_SUM_132 end 1787245593331
job 52_POW_24 started 1787245593331 core=4
job 48_POW_12 end 1787245604613
job 96_SUM_108 started 1787245604613 core=1
job 66_DOT_84 end 1787245644559
job 99_DOT_36 started 1787245644559 core=5
job 51_POW_24 end 1787245651338
job 54_POW_24 started 1787245651338 core=0
job 52_POW_24 end 1787245663852
job 14_ERF_12 started 1787245663852 core=4
job 99_DOT_36 end 1787245685183
job 23_ERF_12 started 1787245685183 core=5
job 14_ERF_12 end 1787245690070
job 40_ERF_48 started 1787245690070 core=4
job 96_SUM_108 end 1787245690231
job 81_ERF_12 started 1787245690232 core=1
job 23_ERF_12 end 1787245707838
job 82_ERF_48 started 1787245707839 core=5
job 81_ERF_12 end 1787245712385
job 95_ERF_24 started 1787245712385 core=1
job 54_POW_24 end 1787245718820
job 97_ERF_24 started 1787245718820 core=0
job 95_ERF_24 end 1787245756589
job 20_SQRTX_48 started 1787245756589 core=1
job 97_ERF_24 end 1787245763183
job 1_SQRTX_12 started 1787245763183 core=0
job 40_ERF_48 end 1787245777707
job 85_SQRTX_12 started 1787245777708 core=4
job 1_SQRTX_12 end 1787245780730
job 55_POW_36 started 1787245780730 core=0
job 85_SQRTX_12 end 1787245793960
job 56_POW_12 started 1787245793960 core=4
job 82_ERF_48 end 1787245795642
job 57_POW_36 started 1787245795643 core=5
job 20_SQRTX_48 end 1787245822379
job 59_POW_12 started 1787245822379 core=1
job 56_POW_12 end 1787245823638
job 63_POW_36 started 1787245823638 core=4
job 59_POW_12 end 1787245853403
job 64_POW_36 started 1787245853403 core=1
job 55_POW_36 end 1787245872748
job 65_POW_36 started 1787245872749 core=0
job 57_POW_36 end 1787245888236
job 73_POW_36 started 1787245888237 core=5
job 63_POW_36 end 1787245916763
job 75_POW_12 started 1787245916763 core=4
job 64_POW_36 end 1787245946652
job 78_POW_36 started 1787245946652 core=1
job 75_POW_12 end 1787245947738
job 80_POW_24 started 1787245947738 core=4
job 65_POW_36 end 1787245966117
job 87_POW_36 started 1787245966117 core=0
job 73_POW_36 end 1787245981593
job 90_POW_12 started 1787245981593 core=5
job 80_POW_24 end 1787246010010
job 98_POW_36 started 1787246010010 core=4
job 90_POW_12 end 1787246012625
job 31_TGAMMA_12 started 1787246012625 core=5
job 31_TGAMMA_12 end 1787246019502
job 32_TGAMMA_120 started 1787246019502 core=5
job 78_POW_36 end 1787246035630
job 33_TGAMMA_12 started 1787246035630 core=1
job 33_TGAMMA_12 end 1787246042415
job 36_TGAMMA_12 started 1787246042415 core=1
job 36_TGAMMA_12 end 1787246049192
job 37_TGAMMA_120 started 1787246049192 core=1
job 87_POW_36 end 1787246052261
job 39_TGAMMA_60 started 1787246052261 core=0
job 39_TGAMMA_60 end 1787246086146
job 41_TGAMMA_12 started 1787246086146 core=0
job 98_POW_36 end 1787246086489
job 42_TGAMMA_120 started 1787246086489 core=4
job 32_TGAMMA_120 end 1787246087627
job 46_TGAMMA_12 started 1787246087627 core=5
job 41_TGAMMA_12 end 1787246092903
job 50_TGAMMA_60 started 1787246092903 core=0
job 46_TGAMMA_12 end 1787246094391
job 62_TGAMMA_60 started 1787246094391 core=5
job 37_TGAMMA_120 end 1787246116847
job 67_TGAMMA_120 started 1787246116847 core=1
job 50_TGAMMA_60 end 1787246126693
job 70_TGAMMA_12 started 1787246126693 core=0
job 62_TGAMMA_60 end 1787246128185
job 72_TGAMMA_120 started 1787246128185 core=5
job 70_TGAMMA_12 end 1787246133448
job 76_TGAMMA_120 started 1787246133448 core=0
job 42_TGAMMA_120 end 1787246153995
job 84_TGAMMA_60 started 1787246153995 core=4
job 67_TGAMMA_120 end 1787246184374
job 86_TGAMMA_12 started 1787246184374 core=1
job 84_TGAMMA_60 end 1787246187745
job 88_TGAMMA_120 started 1787246187745 core=4
job 86_TGAMMA_12 end 1787246191115
job 89_TGAMMA_12 started 1787246191115 core=1
job 72_TGAMMA_120 end 1787246195805
job 91_TGAMMA_12 started 1787246195805 core=5
job 89_TGAMMA_12 end 1787246197861
job 94_TGAMMA_12 started 1787246197861 core=1
job 76_TGAMMA_120 end 1787246201049
job 91_TGAMMA_12 end 1787246202559
job 94_TGAMMA_12 end 1787246204592
job 88_TGAMMA_120 end 1787246254984
  итерация 0: 1540366 ms
  среднее по 1 итерациям: 1540366 ms
=== Выполняется проект: no_po_compute-heavy_3.txt (100 работ, перестановка ORDER) ===
fake 3 started 1787246254985 delay_ms=1
fake 2 started 1787246254985 delay_ms=0
fake 2 end 1787246254985
fake 1 started 1787246254985 delay_ms=0
fake 1 end 1787246254985
fake 0 started 1787246254985 delay_ms=0
fake 0 end 1787246254985
job 4_DOT_84 started 1787246254986 core=4
job 79_XPY_60 started 1787246254986 core=1
fake 3 end 1787246254986
job 1_POW_24 started 1787246254986 core=5
job 0_TGAMMA_60 started 1787246255012 core=0
job 0_TGAMMA_60 end 1787246290032
job 5_TGAMMA_120 started 1787246290032 core=0
job 4_DOT_84 end 1787246323559
job 9_POW_24 started 1787246323559 core=4
job 79_XPY_60 end 1787246339265
job 16_DOT_36 started 1787246339266 core=1
job 1_POW_24 end 1787246348863
job 33_DOT_36 started 1787246348863 core=5
job 5_TGAMMA_120 end 1787246359653
job 11_POW_36 started 1787246359654 core=0
job 16_DOT_36 end 1787246381712
job 2_SUM_108 started 1787246381713 core=1
job 9_POW_24 end 1787246383530
job 28_COPY_84 started 1787246383530 core=4
job 33_DOT_36 end 1787246393620
job 14_POW_24 started 1787246393620 core=5
job 2_SUM_108 end 1787246449361
job 3_SUM_84 started 1787246449362 core=1
job 14_POW_24 end 1787246459688
job 17_POW_24 started 1787246459688 core=5
job 11_POW_36 end 1787246491793
job 20_POW_24 started 1787246491794 core=0
job 3_SUM_84 end 1787246499756
job 24_SUM_108 started 1787246499756 core=1
job 28_COPY_84 end 1787246520071
job 40_COPY_84 started 1787246520071 core=4
job 17_POW_24 end 1787246525578
job 32_POW_12 started 1787246525579 core=5
job 32_POW_12 end 1787246558554
job 38_POW_36 started 1787246558554 core=5
job 24_SUM_108 end 1787246564585
job 34_SUM_84 started 1787246564585 core=1
job 20_POW_24 end 1787246584201
job 39_POW_12 started 1787246584202 core=0
job 34_SUM_84 end 1787246614853
job 48_POW_36 started 1787246614853 core=1
job 39_POW_12 end 1787246629505
job 72_COPY_84 started 1787246629506 core=0
job 38_POW_36 end 1787246654671
job 35_SUM_132 started 1787246654671 core=5
job 40_COPY_84 end 1787246657472
job 51_POW_12 started 1787246657472 core=4
job 51_POW_12 end 1787246703990
job 57_POW_12 started 1787246703990 core=4
job 48_POW_36 end 1787246710948
job 58_POW_36 started 1787246710949 core=1
job 35_SUM_132 end 1787246733993
job 37_SUM_108 started 1787246733994 core=5
job 57_POW_12 end 1787246750162
job 59_POW_12 started 1787246750162 core=4
job 72_COPY_84 end 1787246769919
job 98_COPY_84 started 1787246769920 core=0
job 59_POW_12 end 1787246796260
job 62_POW_36 started 1787246796261 core=4
job 37_SUM_108 end 1787246798697
job 42_SUM_84 started 1787246798698 core=5
job 58_POW_36 end 1787246809806
job 69_POW_24 started 1787246809806 core=1
job 42_SUM_84 end 1787246849200
job 61_SUM_132 started 1787246849200 core=5
job 69_POW_24 end 1787246875960
job 70_POW_12 started 1787246875960 core=1
job 98_COPY_84 end 1787246905891
job 6_COPY_60 started 1787246905892 core=0
job 70_POW_12 end 1787246908775
job 75_POW_12 started 1787246908775 core=1
job 61_SUM_132 end 1787246928429
job 77_POW_24 started 1787246928429 core=5
job 62_POW_36 end 1787246934286
job 78_POW_36 started 1787246934286 core=4
job 75_POW_12 end 1787246940842
job 67_SUM_132 started 1787246940843 core=1
job 77_POW_24 end 1787246993699
job 21_COPY_60 started 1787246993699 core=5
job 6_COPY_60 end 1787247000824
job 82_POW_36 started 1787247000824 core=0
job 67_SUM_132 end 1787247034471
job 22_COPY_60 started 1787247034472 core=1
job 78_POW_36 end 1787247049633
job 83_POW_12 started 1787247049633 core=4
job 83_POW_12 end 1787247080044
job 44_COPY_60 started 1787247080044 core=4
job 21_COPY_60 end 1787247093790
job 86_POW_24 started 1787247093790 core=5
job 82_POW_36 end 1787247098965
job 87_POW_36 started 1787247098965 core=0
job 22_COPY_60 end 1787247134983
job 49_COPY_60 started 1787247134984 core=1
job 44_COPY_60 end 1787247166970
job 65_COPY_60 started 1787247166971 core=4
job 86_POW_24 end 1787247178269
job 88_POW_24 started 1787247178270 core=5
job 49_COPY_60 end 1787247221909
job 92_POW_36 started 1787247221910 core=1
job 87_POW_36 end 1787247225989
job 91_COPY_60 started 1787247225990 core=0
job 88_POW_24 end 1787247251615
job 84_DOT_84 started 1787247251616 core=5
job 65_COPY_60 end 1787247262768
job 93_POW_24 started 1787247262768 core=4
job 92_POW_36 end 1787247328057
job 8_ERF_12 started 1787247328057 core=1
job 91_COPY_60 end 1787247330461
job 12_ERF_24 started 1787247330462 core=0
job 84_DOT_84 end 1787247342039
job 73_SQRTX_48 started 1787247342039 core=5
job 93_POW_24 end 1787247348679
job 25_ERF_48 started 1787247348679 core=4
job 8_ERF_12 end 1787247353162
job 36_ERF_48 started 1787247353162 core=1
job 12_ERF_24 end 1787247375860
job 50_ERF_48 started 1787247375860 core=0
job 73_SQRTX_48 end 1787247409280
job 60_ERF_24 started 1787247409282 core=5
job 25_ERF_48 end 1787247437492
job 76_ERF_12 started 1787247437493 core=4
job 36_ERF_48 end 1787247438605
job 80_ERF_12 started 1787247438605 core=1
job 60_ERF_24 end 1787247453433
job 81_ERF_48 started 1787247453433 core=5
job 76_ERF_12 end 1787247459533
job 94_POW_12 started 1787247459533 core=4
job 80_ERF_12 end 1787247460692
job 97_POW_36 started 1787247460693 core=1
job 50_ERF_48 end 1787247464477
job 99_POW_24 started 1787247464478 core=0
job 94_POW_12 end 1787247490348
job 7_TGAMMA_12 started 1787247490348 core=4
job 7_TGAMMA_12 end 1787247497199
job 10_TGAMMA_12 started 1787247497199 core=4
job 10_TGAMMA_12 end 1787247504054
job 13_TGAMMA_120 started 1787247504054 core=4
job 99_POW_24 end 1787247520743
job 15_TGAMMA_120 started 1787247520743 core=0
job 81_ERF_48 end 1787247529160
job 18_TGAMMA_12 started 1787247529160 core=5
job 18_TGAMMA_12 end 1787247535919
job 19_TGAMMA_120 started 1787247535919 core=5
job 97_POW_36 end 1787247545093
job 23_TGAMMA_12 started 1787247545093 core=1
job 23_TGAMMA_12 end 1787247551831
job 26_TGAMMA_60 started 1787247551831 core=1
job 13_TGAMMA_120 end 1787247572053
job 27_TGAMMA_12 started 1787247572053 core=4
job 27_TGAMMA_12 end 1787247578806
job 29_TGAMMA_12 started 1787247578806 core=4
job 29_TGAMMA_12 end 1787247585559
job 30_TGAMMA_60 started 1787247585559 core=4
job 26_TGAMMA_60 end 1787247585602
job 31_TGAMMA_12 started 1787247585602 core=1
job 15_TGAMMA_120 end 1787247588524
job 41_TGAMMA_60 started 1787247588524 core=0
job 31_TGAMMA_12 end 1787247592336
job 43_TGAMMA_60 started 1787247592336 core=1
job 19_TGAMMA_120 end 1787247603492
job 45_TGAMMA_12 started 1787247603492 core=5
job 45_TGAMMA_12 end 1787247610235
job 46_TGAMMA_60 started 1787247610235 core=5
job 30_TGAMMA_60 end 1787247619319
job 47_TGAMMA_12 started 1787247619319 core=4
job 41_TGAMMA_60 end 1787247622309
job 52_TGAMMA_12 started 1787247622309 core=0
job 43_TGAMMA_60 end 1787247626066
job 53_TGAMMA_120 started 1787247626066 core=1
job 47_TGAMMA_12 end 1787247626075
job 54_TGAMMA_60 started 1787247626075 core=4
job 52_TGAMMA_12 end 1787247629074
job 55_TGAMMA_120 started 1787247629075 core=0
job 46_TGAMMA_60 end 1787247644012
job 56_TGAMMA_60 started 1787247644012 core=5
job 54_TGAMMA_60 end 1787247659867
job 63_TGAMMA_60 started 1787247659867 core=4
job 56_TGAMMA_60 end 1787247677775
job 64_TGAMMA_60 started 1787247677775 core=5
job 53_TGAMMA_120 end 1787247693576
job 66_TGAMMA_60 started 1787247693576 core=1
job 63_TGAMMA_60 end 1787247693606
job 68_TGAMMA_12 started 1787247693606 core=4
job 55_TGAMMA_120 end 1787247696748
job 71_TGAMMA_60 started 1787247696748 core=0
job 68_TGAMMA_12 end 1787247700352
job 74_TGAMMA_12 started 1787247700353 core=4
job 74_TGAMMA_12 end 1787247707094
job 85_TGAMMA_120 started 1787247707094 core=4
job 64_TGAMMA_60 end 1787247711534
job 89_TGAMMA_60 started 1787247711534 core=5
job 66_TGAMMA_60 end 1787247727320
job 90_TGAMMA_12 started 1787247727320 core=1
job 71_TGAMMA_60 end 1787247730579
job 95_TGAMMA_120 started 1787247730579 core=0
job 90_TGAMMA_12 end 1787247734055
job 96_TGAMMA_12 started 1787247734055 core=1
job 96_TGAMMA_12 end 1787247740796
job 89_TGAMMA_60 end 1787247745282
job 85_TGAMMA_120 end 1787247774492
job 95_TGAMMA_120 end 1787247797999
  итерация 0: 1543013 ms
  среднее по 1 итерациям: 1543013 ms
=== Выполняется проект: no_po_compute-heavy_30.txt (100 работ, перестановка ORDER) ===
fake 3 started 1787247797999 delay_ms=1
fake 2 started 1787247797999 delay_ms=0
fake 2 end 1787247797999
fake 0 started 1787247797999 delay_ms=0
fake 0 end 1787247797999
fake 1 started 1787247797999 delay_ms=0
fake 1 end 1787247797999
job 11_XPY_60 started 1787247797999 core=0
job 12_XPY_60 started 1787247797999 core=4
job 0_TGAMMA_12 started 1787247798000 core=5
fake 3 end 1787247798011
job 1_TGAMMA_12 started 1787247798012 core=1
job 0_TGAMMA_12 end 1787247804824
job 2_TGAMMA_12 started 1787247804824 core=5
job 1_TGAMMA_12 end 1787247804842
job 4_TGAMMA_12 started 1787247804842 core=1
job 2_TGAMMA_12 end 1787247811655
job 10_TGAMMA_120 started 1787247811655 core=5
job 4_TGAMMA_12 end 1787247811677
job 16_TGAMMA_12 started 1787247811678 core=1
job 16_TGAMMA_12 end 1787247818520
job 17_TGAMMA_120 started 1787247818521 core=1
job 12_XPY_60 end 1787247864434
job 47_XPY_60 started 1787247864434 core=4
job 11_XPY_60 end 1787247864872
job 25_XPY_48 started 1787247864872 core=0
job 10_TGAMMA_120 end 1787247880092
job 24_TGAMMA_60 started 1787247880092 core=5
job 17_TGAMMA_120 end 1787247886894
job 32_TGAMMA_60 started 1787247886895 core=1
job 24_TGAMMA_60 end 1787247914375
job 31_XPY_48 started 1787247914375 core=5
job 25_XPY_48 end 1787247920846
job 34_TGAMMA_60 started 1787247920847 core=0
job 32_TGAMMA_60 end 1787247921336
job 39_TGAMMA_120 started 1787247921336 core=1
job 47_XPY_60 end 1787247933499
job 88_XPY_48 started 1787247933499 core=4
job 34_TGAMMA_60 end 1787247956363
job 41_TGAMMA_120 started 1787247956364 core=0
job 31_XPY_48 end 1787247967211
job 77_XPY_60 started 1787247967211 core=5
job 88_XPY_48 end 1787247986004
job 13_DOT_36 started 1787247986004 core=4
job 39_TGAMMA_120 end 1787247992230
job 5_POW_36 started 1787247992230 core=1
job 13_DOT_36 end 1787248015104
job 6_SUM_84 started 1787248015104 core=4
job 41_TGAMMA_120 end 1787248026716
job 44_TGAMMA_120 started 1787248026716 core=0
job 77_XPY_60 end 1787248048339
job 71_DOT_84 started 1787248048340 core=5
job 6_SUM_84 end 1787248050415
job 81_DOT_36 started 1787248050415 core=4
job 81_DOT_36 end 1787248082414
job 18_POW_36 started 1787248082414 core=4
job 44_TGAMMA_120 end 1787248096676
job 15_SUM_132 started 1787248096676 core=0
job 5_POW_36 end 1787248124222
job 19_POW_24 started 1787248124223 core=1
job 71_DOT_84 end 1787248144318
job 9_COPY_84 started 1787248144318 core=5
job 15_SUM_132 end 1787248180535
job 20_POW_12 started 1787248180535 core=0
job 18_POW_36 end 1787248182912
job 29_SUM_132 started 1787248182912 core=4
job 20_POW_12 end 1787248213694
job 21_POW_12 started 1787248213695 core=0
job 19_POW_24 end 1787248214134
job 22_POW_24 started 1787248214135 core=1
job 21_POW_12 end 1787248246682
job 23_POW_24 started 1787248246682 core=0
job 29_SUM_132 end 1787248262163
job 28_COPY_84 started 1787248262164 core=4
job 9_COPY_84 end 1787248278190
job 51_SUM_132 started 1787248278190 core=5
job 22_POW_24 end 1787248297676
job 26_POW_24 started 1787248297676 core=1
job 23_POW_24 end 1787248331322
job 27_POW_12 started 1787248331323 core=0
job 51_SUM_132 end 1787248357743
job 33_POW_12 started 1787248357743 core=5
job 26_POW_24 end 1787248363208
job 36_POW_12 started 1787248363208 core=1
job 27_POW_12 end 1787248376293
job 59_SUM_108 started 1787248376294 core=0
job 33_POW_12 end 1787248389025
job 74_COPY_84 started 1787248389025 core=5
job 28_COPY_84 end 1787248391974
job 37_POW_12 started 1787248391974 core=4
job 36_POW_12 end 1787248396597
job 38_POW_24 started 1787248396597 core=1
job 37_POW_12 end 1787248424825
job 40_POW_24 started 1787248424825 core=4
job 59_SUM_108 end 1787248446708
job 66_SUM_84 started 1787248446708 core=0
job 38_POW_24 end 1787248489169
job 43_POW_24 started 1787248489169 core=1
job 40_POW_24 end 1787248490695
job 45_POW_24 started 1787248490695 core=4
job 66_SUM_84 end 1787248497224
job 80_COPY_84 started 1787248497225 core=0
job 74_COPY_84 end 1787248521912
job 67_SUM_108 started 1787248521914 core=5
job 43_POW_24 end 1787248562892
job 46_POW_12 started 1787248562892 core=1
job 45_POW_24 end 1787248577689
job 48_POW_36 started 1787248577689 core=4
job 67_SUM_108 end 1787248586878
job 55_POW_24 started 1787248586879 core=5
job 46_POW_12 end 1787248595289
job 85_SUM_132 started 1787248595289 core=1
job 80_COPY_84 end 1787248629214
job 7_COPY_60 started 1787248629215 core=0
job 55_POW_24 end 1787248652494
job 57_POW_36 started 1787248652494 core=5
job 85_SUM_132 end 1787248674480
job 86_SUM_132 started 1787248674480 core=1
job 48_POW_36 end 1787248715084
job 61_POW_24 started 1787248715084 core=4
job 7_COPY_60 end 1787248726355
job 79_COPY_60 started 1787248726356 core=0
job 57_POW_36 end 1787248751689
job 63_POW_24 started 1787248751690 core=5
job 86_SUM_132 end 1787248753618
job 64_POW_24 started 1787248753618 core=1
job 61_POW_24 end 1787248803434
job 8_ERF_48 started 1787248803434 core=4
job 63_POW_24 end 1787248813398
job 14_ERF_48 started 1787248813398 core=5
job 64_POW_24 end 1787248815149
job 35_ERF_24 started 1787248815150 core=1
job 79_COPY_60 end 1787248816202
job 42_ERF_12 started 1787248816202 core=0
job 42_ERF_12 end 1787248838323
job 60_ERF_24 started 1787248838323 core=0
job 35_ERF_24 end 1787248859244
job 89_ERF_48 started 1787248859244 core=1
job 60_ERF_24 end 1787248882532
job 30_SQRTX_48 started 1787248882533 core=0
job 8_ERF_48 end 1787248894971
job 83_SQRTX_48 started 1787248894972 core=4
job 14_ERF_48 end 1787248902428
job 98_SQRTX_48 started 1787248902429 core=5
job 30_SQRTX_48 end 1787248950445
job 3_SQRTX_12 started 1787248950446 core=0
job 89_ERF_48 end 1787248950683
job 65_POW_12 started 1787248950684 core=1
job 83_SQRTX_48 end 1787248962380
job 68_POW_36 started 1787248962380 core=4
job 3_SQRTX_12 end 1787248966735
job 70_POW_12 started 1787248966735 core=0
job 98_SQRTX_48 end 1787248973917
job 73_POW_12 started 1787248973918 core=5
job 65_POW_12 end 1787248981502
job 75_POW_12 started 1787248981502 core=1
job 70_POW_12 end 1787248997423
job 76_POW_24 started 1787248997423 core=0
job 73_POW_12 end 1787249005010
job 82_POW_12 started 1787249005010 core=5
job 75_POW_12 end 1787249012561
job 84_POW_36 started 1787249012561 core=1
job 82_POW_12 end 1787249036295
job 90_POW_24 started 1787249036295 core=5
job 68_POW_36 end 1787249054982
job 92_POW_36 started 1787249054982 core=4
job 76_POW_24 end 1787249059622
job 94_POW_24 started 1787249059622 core=0
job 90_POW_24 end 1787249098376
job 96_POW_36 started 1787249098376 core=5
job 84_POW_36 end 1787249105887
job 97_POW_12 started 1787249105888 core=1
job 94_POW_24 end 1787249121739
job 99_POW_24 started 1787249121739 core=0
job 97_POW_12 end 1787249136939
job 49_TGAMMA_120 started 1787249136939 core=1
job 92_POW_36 end 1787249146686
job 50_TGAMMA_60 started 1787249146686 core=4
job 99_POW_24 end 1787249175659
job 52_TGAMMA_120 started 1787249175660 core=0
job 50_TGAMMA_60 end 1787249180658
job 53_TGAMMA_12 started 1787249180658 core=4
job 96_POW_36 end 1787249181595
job 54_TGAMMA_60 started 1787249181595 core=5
job 53_TGAMMA_12 end 1787249187397
job 56_TGAMMA_60 started 1787249187397 core=4
job 49_TGAMMA_120 end 1787249204885
job 58_TGAMMA_12 started 1787249204885 core=1
job 58_TGAMMA_12 end 1787249211632
job 62_TGAMMA_120 started 1787249211632 core=1
job 54_TGAMMA_60 end 1787249215393
job 69_TGAMMA_120 started 1787249215393 core=5
job 56_TGAMMA_60 end 1787249221142
job 72_TGAMMA_120 started 1787249221142 core=4
job 52_TGAMMA_120 end 1787249243308
job 78_TGAMMA_60 started 1787249243308 core=0
job 78_TGAMMA_60 end 1787249277102
job 87_TGAMMA_120 started 1787249277103 core=0
job 62_TGAMMA_120 end 1787249279175
job 91_TGAMMA_12 started 1787249279175 core=1
job 69_TGAMMA_120 end 1787249283034
job 93_TGAMMA_120 started 1787249283035 core=5
job 91_TGAMMA_12 end 1787249285931
job 95_TGAMMA_120 started 1787249285931 core=1
job 72_TGAMMA_120 end 1787249288658
job 87_TGAMMA_120 end 1787249344673
job 93_TGAMMA_120 end 1787249350585
job 95_TGAMMA_120 end 1787249353372
  итерация 0: 1555372 ms
  среднее по 1 итерациям: 1555372 ms
=== Выполняется проект: no_po_compute-heavy_4.txt (100 работ, перестановка ORDER) ===
fake 3 started 1787249353372 delay_ms=1
fake 1 started 1787249353372 delay_ms=0
fake 1 end 1787249353372
fake 2 started 1787249353372 delay_ms=0
fake 2 end 1787249353372
fake 0 started 1787249353372 delay_ms=0
fake 0 end 1787249353372
job 35_XPY_48 started 1787249353372 core=1
job 28_XPY_48 started 1787249353372 core=5
job 0_TGAMMA_12 started 1787249353373 core=0
fake 3 end 1787249353373
job 1_TGAMMA_120 started 1787249353374 core=4
job 0_TGAMMA_12 end 1787249360221
job 2_TGAMMA_12 started 1787249360221 core=0
job 2_TGAMMA_12 end 1787249367063
job 8_TGAMMA_12 started 1787249367063 core=0
job 8_TGAMMA_12 end 1787249373896
job 10_TGAMMA_12 started 1787249373896 core=0
job 10_TGAMMA_12 end 1787249380732
job 12_TGAMMA_60 started 1787249380733 core=0
job 28_XPY_48 end 1787249406726
job 58_XPY_48 started 1787249406728 core=5
job 35_XPY_48 end 1787249406810
job 21_DOT_84 started 1787249406810 core=1
job 12_TGAMMA_60 end 1787249414983
job 3_POW_24 started 1787249414983 core=0
job 1_TGAMMA_120 end 1787249421807
job 19_TGAMMA_12 started 1787249421807 core=4
job 19_TGAMMA_12 end 1787249428698
job 22_TGAMMA_12 started 1787249428698 core=4
job 22_TGAMMA_12 end 1787249435591
job 25_TGAMMA_60 started 1787249435591 core=4
job 58_XPY_48 end 1787249468983
job 44_DOT_84 started 1787249468984 core=5
job 3_POW_24 end 1787249469019
job 6_POW_24 started 1787249469019 core=0
job 25_TGAMMA_60 end 1787249470082
job 9_POW_36 started 1787249470083 core=4
job 21_DOT_84 end 1787249514415
job 4_SUM_84 started 1787249514415 core=1
job 6_POW_24 end 1787249540112
job 11_POW_36 started 1787249540112 core=0
job 44_DOT_84 end 1787249571681
job 5_SUM_132 started 1787249571681 core=5
job 9_POW_36 end 1787249576827
job 7_COPY_84 started 1787249576827 core=4
job 4_SUM_84 end 1787249580878
job 14_POW_12 started 1787249580878 core=1
job 14_POW_12 end 1787249613851
job 15_POW_24 started 1787249613851 core=1
job 5_SUM_132 end 1787249651793
job 30_SUM_132 started 1787249651794 core=5
job 11_POW_36 end 1787249668183
job 16_POW_36 started 1787249668184 core=0
job 15_POW_24 end 1787249679987
job 41_COPY_84 started 1787249679987 core=1
job 7_COPY_84 end 1787249710553
job 17_POW_36 started 1787249710553 core=4
job 30_SUM_132 end 1787249753296
job 32_SUM_84 started 1787249753297 core=5
job 16_POW_36 end 1787249776717
job 20_POW_12 started 1787249776718 core=0
job 17_POW_36 end 1787249806780
job 36_SUM_108 started 1787249806780 core=4
job 41_COPY_84 end 1787249807262
job 23_POW_24 started 1787249807263 core=1
job 20_POW_12 end 1787249809364
job 48_COPY_84 started 1787249809364 core=0
job 32_SUM_84 end 1787249820971
job 24_POW_36 started 1787249820971 core=5
job 23_POW_24 end 1787249872219
job 61_SUM_84 started 1787249872219 core=1
job 36_SUM_108 end 1787249910071
job 27_POW_12 started 1787249910072 core=4
job 24_POW_36 end 1787249920241
job 29_POW_36 started 1787249920241 core=5
job 61_SUM_84 end 1787249924025
job 73_SUM_84 started 1787249924025 core=1
job 48_COPY_84 end 1787249938622
job 40_POW_12 started 1787249938622 core=0
job 27_POW_12 end 1787249951465
job 67_COPY_84 started 1787249951465 core=4
job 73_SUM_84 end 1787249974377
job 43_POW_24 started 1787249974378 core=1
job 40_POW_12 end 1787249979443
job 74_SUM_84 started 1787249979444 core=0
job 29_POW_36 end 1787250017706
job 45_POW_36 started 1787250017707 core=5
job 43_POW_24 end 1787250038216
job 83_SUM_132 started 1787250038216 core=1
job 74_SUM_84 end 1787250059503
job 46_POW_12 started 1787250059503 core=0
job 67_COPY_84 end 1787250079917
job 86_COPY_84 started 1787250079918 core=4
job 46_POW_12 end 1787250105731
job 49_POW_24 started 1787250105731 core=0
job 45_POW_36 end 1787250116956
job 96_SUM_108 started 1787250116956 core=5
job 83_SUM_132 end 1787250118187
job 51_POW_24 started 1787250118188 core=1
job 96_SUM_108 end 1787250181932
job 52_POW_36 started 1787250181933 core=5
job 51_POW_24 end 1787250184090
job 91_COPY_84 started 1787250184090 core=1
job 49_POW_24 end 1787250196998
job 81_COPY_60 started 1787250196999 core=0
job 86_COPY_84 end 1787250216299
job 53_POW_36 started 1787250216299 core=4
job 81_COPY_60 end 1787250288978
job 55_POW_36 started 1787250288979 core=0
job 91_COPY_84 end 1787250305491
job 95_COPY_84 started 1787250305491 core=1
job 52_POW_36 end 1787250307188
job 54_DOT_36 started 1787250307188 core=5
job 53_POW_36 end 1787250329619
job 56_POW_12 started 1787250329620 core=4
job 56_POW_12 end 1787250362045
job 84_DOT_36 started 1787250362047 core=4
job 54_DOT_36 end 1787250363147
job 62_POW_12 started 1787250363148 core=5
job 55_POW_36 end 1787250389440
job 63_POW_24 started 1787250389441 core=0
job 84_DOT_36 end 1787250401365
job 68_POW_36 started 1787250401365 core=4
job 62_POW_12 end 1787250409217
job 50_ERF_48 started 1787250409217 core=5
job 95_COPY_84 end 1787250438033
job 70_ERF_12 started 1787250438033 core=1
job 63_POW_24 end 1787250453032
job 78_ERF_24 started 1787250453033 core=0
job 70_ERF_12 end 1787250460370
job 79_ERF_48 started 1787250460371 core=1
job 68_POW_36 end 1787250494057
job 99_ERF_12 started 1787250494057 core=4
job 78_ERF_24 end 1787250496577
job 71_SQRTX_48 started 1787250496577 core=0
job 50_ERF_48 end 1787250507138
job 13_SQRTX_12 started 1787250507138 core=5
job 99_ERF_12 end 1787250515622
job 18_SQRTX_12 started 1787250515622 core=4
job 13_SQRTX_12 end 1787250525258
job 37_SQRTX_12 started 1787250525258 core=5
job 18_SQRTX_12 end 1787250532629
job 42_SQRTX_12 started 1787250532630 core=4
job 37_SQRTX_12 end 1787250543949
job 72_POW_36 started 1787250543949 core=5
job 42_SQRTX_12 end 1787250549303
job 75_POW_36 started 1787250549303 core=4
job 79_ERF_48 end 1787250550317
job 76_POW_24 started 1787250550317 core=1
job 71_SQRTX_48 end 1787250563064
job 77_POW_36 started 1787250563064 core=0
job 76_POW_24 end 1787250611712
job 85_POW_24 started 1787250611713 core=1
job 72_POW_36 end 1787250636813
job 87_POW_24 started 1787250636813 core=5
job 75_POW_36 end 1787250642215
job 88_POW_12 started 1787250642215 core=4
job 77_POW_36 end 1787250656477
job 94_POW_36 started 1787250656478 core=0
job 88_POW_12 end 1787250673473
job 97_POW_36 started 1787250673474 core=4
job 85_POW_24 end 1787250673786
job 98_POW_12 started 1787250673786 core=1
job 87_POW_24 end 1787250698833
job 26_TGAMMA_120 started 1787250698833 core=5
job 98_POW_12 end 1787250703941
job 31_TGAMMA_120 started 1787250703941 core=1
job 94_POW_36 end 1787250740851
job 33_TGAMMA_60 started 1787250740852 core=0
job 97_POW_36 end 1787250753947
job 34_TGAMMA_60 started 1787250753947 core=4
job 26_TGAMMA_120 end 1787250766748
job 38_TGAMMA_120 started 1787250766748 core=5
job 31_TGAMMA_120 end 1787250771700
job 39_TGAMMA_60 started 1787250771700 core=1
job 33_TGAMMA_60 end 1787250774682
job 47_TGAMMA_60 started 1787250774682 core=0
job 34_TGAMMA_60 end 1787250787725
job 57_TGAMMA_60 started 1787250787725 core=4
job 39_TGAMMA_60 end 1787250805430
job 59_TGAMMA_120 started 1787250805430 core=1
job 47_TGAMMA_60 end 1787250808477
job 60_TGAMMA_60 started 1787250808477 core=0
job 57_TGAMMA_60 end 1787250821489
job 64_TGAMMA_60 started 1787250821489 core=4
job 38_TGAMMA_120 end 1787250834235
job 65_TGAMMA_120 started 1787250834235 core=5
job 60_TGAMMA_60 end 1787250842262
job 66_TGAMMA_12 started 1787250842262 core=0
job 66_TGAMMA_12 end 1787250849014
job 69_TGAMMA_120 started 1787250849014 core=0
job 64_TGAMMA_60 end 1787250855256
job 80_TGAMMA_60 started 1787250855256 core=4
job 59_TGAMMA_120 end 1787250872862
job 82_TGAMMA_60 started 1787250872862 core=1
job 80_TGAMMA_60 end 1787250889032
job 89_TGAMMA_12 started 1787250889032 core=4
job 89_TGAMMA_12 end 1787250895780
job 90_TGAMMA_12 started 1787250895780 core=4
job 65_TGAMMA_120 end 1787250901726
job 92_TGAMMA_60 started 1787250901726 core=5
job 90_TGAMMA_12 end 1787250902526
job 93_TGAMMA_120 started 1787250902526 core=4
job 82_TGAMMA_60 end 1787250906609
job 69_TGAMMA_120 end 1787250916583
job 92_TGAMMA_60 end 1787250935392
job 93_TGAMMA_120 end 1787250969795
  итерация 0: 1616423 ms
  среднее по 1 итерациям: 1616423 ms
=== Выполняется проект: no_po_compute-heavy_5.txt (100 работ, перестановка ORDER) ===
fake 3 started 1787250969796 delay_ms=1
fake 2 started 1787250969796 delay_ms=0
fake 2 end 1787250969796
fake 1 started 1787250969796 delay_ms=0
fake 1 end 1787250969796
fake 0 started 1787250969796 delay_ms=0
fake 0 end 1787250969796
job 45_XPY_60 started 1787250969796 core=4
job 8_XPY_60 started 1787250969796 core=5
job 0_TGAMMA_60 started 1787250969796 core=0
fake 3 end 1787250969809
job 1_TGAMMA_120 started 1787250969810 core=1
job 0_TGAMMA_60 end 1787251005347
job 3_TGAMMA_12 started 1787251005348 core=0
job 3_TGAMMA_12 end 1787251012561
job 12_TGAMMA_60 started 1787251012561 core=0
job 8_XPY_60 end 1787251035654
job 51_XPY_60 started 1787251035654 core=5
job 45_XPY_60 end 1787251035755
job 71_XPY_48 started 1787251035755 core=4
job 1_TGAMMA_120 end 1787251040657
job 13_TGAMMA_60 started 1787251040658 core=1
job 12_TGAMMA_60 end 1787251048125
job 17_TGAMMA_12 started 1787251048126 core=0
job 17_TGAMMA_12 end 1787251055346
job 24_TGAMMA_60 started 1787251055346 core=0
job 13_TGAMMA_60 end 1787251076095
job 27_TGAMMA_120 started 1787251076095 core=1
job 71_XPY_48 end 1787251088323
job 28_DOT_36 started 1787251088323 core=4
job 24_TGAMMA_60 end 1787251090922
job 4_POW_24 started 1787251090922 core=0
job 51_XPY_60 end 1787251103335
job 65_DOT_84 started 1787251103335 core=5
job 28_DOT_36 end 1787251128326
job 85_DOT_84 started 1787251128327 core=4
job 27_TGAMMA_120 end 1787251146901
job 9_POW_24 started 1787251146901 core=1
job 4_POW_24 end 1787251174802
job 10_POW_36 started 1787251174802 core=0
job 65_DOT_84 end 1787251188304
job 2_SUM_84 started 1787251188304 core=5
job 9_POW_24 end 1787251226438
job 5_COPY_84 started 1787251226439 core=1
job 85_DOT_84 end 1787251227740
job 14_POW_24 started 1787251227740 core=4
job 2_SUM_84 end 1787251250126
job 6_SUM_84 started 1787251250126 core=5
job 10_POW_36 end 1787251284129
job 15_POW_36 started 1787251284130 core=0
job 14_POW_24 end 1787251291900
job 16_POW_36 started 1787251291901 core=4
job 6_SUM_84 end 1787251326566
job 7_SUM_132 started 1787251326567 core=5
job 5_COPY_84 end 1787251350768
job 11_COPY_84 started 1787251350769 core=1
job 15_POW_36 end 1787251380501
job 18_POW_36 started 1787251380501 core=0
job 16_POW_36 end 1787251387893
job 19_SUM_132 started 1787251387894 core=4
job 7_SUM_132 end 1787251453381
job 21_POW_12 started 1787251453382 core=5
job 19_SUM_132 end 1787251469124
job 22_POW_36 started 1787251469124 core=4
job 11_COPY_84 end 1787251479995
job 54_COPY_84 started 1787251479995 core=1
job 18_POW_36 end 1787251482021
job 50_SUM_84 started 1787251482021 core=0
job 21_POW_12 end 1787251498294
job 23_POW_36 started 1787251498295 core=5
job 50_SUM_84 end 1787251532477
job 26_POW_12 started 1787251532478 core=0
job 26_POW_12 end 1787251563362
job 57_SUM_108 started 1787251563362 core=0
job 22_POW_36 end 1787251565311
job 31_POW_24 started 1787251565312 core=4
job 54_COPY_84 end 1787251611697
job 89_COPY_84 started 1787251611697 core=1
job 57_SUM_108 end 1787251628242
job 32_POW_24 started 1787251628243 core=0
job 31_POW_24 end 1787251630947
job 58_SUM_108 started 1787251630947 core=4
job 23_POW_36 end 1787251633935
job 33_POW_12 started 1787251633936 core=5
job 33_POW_12 end 1787251680604
job 34_POW_12 started 1787251680605 core=5
job 32_POW_24 end 1787251694299
job 36_POW_36 started 1787251694300 core=0
job 58_SUM_108 end 1787251695980
job 62_SUM_108 started 1787251695981 core=4
job 34_POW_12 end 1787251726968
job 39_POW_12 started 1787251726968 core=5
job 89_COPY_84 end 1787251746454
job 55_COPY_60 started 1787251746454 core=1
job 62_SUM_108 end 1787251760778
job 43_POW_12 started 1787251760779 core=4
job 39_POW_12 end 1787251772287
job 70_SUM_108 started 1787251772287 core=5
job 36_POW_36 end 1787251791995
job 48_POW_24 started 1787251791996 core=0
job 43_POW_12 end 1787251792340
job 49_POW_24 started 1787251792340 core=4
job 55_COPY_60 end 1787251836546
job 78_COPY_60 started 1787251836546 core=1
job 48_POW_24 end 1787251856365
job 72_SUM_108 started 1787251856365 core=0
job 49_POW_24 end 1787251856455
job 52_POW_36 started 1787251856456 core=4
job 70_SUM_108 end 1787251868868
job 56_POW_24 started 1787251868869 core=5
job 72_SUM_108 end 1787251922184
job 82_SUM_132 started 1787251922185 core=0
job 78_COPY_60 end 1787251931869
job 92_DOT_84 started 1787251931870 core=1
job 52_POW_36 end 1787251958361
job 59_POW_12 started 1787251958361 core=4
job 56_POW_24 end 1787251959042
job 63_POW_24 started 1787251959042 core=5
job 59_POW_12 end 1787251994873
job 66_POW_24 started 1787251994873 core=4
job 82_SUM_132 end 1787252008856
job 38_ERF_12 started 1787252008856 core=0
job 92_DOT_84 end 1787252028911
job 80_ERF_48 started 1787252028911 core=1
job 38_ERF_12 end 1787252033429
job 87_ERF_12 started 1787252033430 core=0
job 63_POW_24 end 1787252038130
job 37_SQRTX_48 started 1787252038130 core=5
job 87_ERF_12 end 1787252054755
job 84_SQRTX_48 started 1787252054755 core=0
job 66_POW_24 end 1787252060996
job 88_SQRTX_48 started 1787252060996 core=4
job 37_SQRTX_48 end 1787252110204
job 20_SQRTX_12 started 1787252110207 core=5
job 80_ERF_48 end 1787252118730
job 25_SQRTX_12 started 1787252118731 core=1
job 84_SQRTX_48 end 1787252123351
job 46_SQRTX_12 started 1787252123351 core=0
job 20_SQRTX_12 end 1787252128492
job 86_SQRTX_12 started 1787252128492 core=5
job 88_SQRTX_48 end 1787252129941
job 68_POW_36 started 1787252129941 core=4
job 25_SQRTX_12 end 1787252136178
job 69_POW_36 started 1787252136179 core=1
job 46_SQRTX_12 end 1787252140479
job 73_POW_36 started 1787252140479 core=0
job 86_SQRTX_12 end 1787252144534
job 74_POW_24 started 1787252144535 core=5
job 74_POW_24 end 1787252206707
job 75_POW_36 started 1787252206708 core=5
job 68_POW_36 end 1787252223071
job 77_POW_24 started 1787252223072 core=4
job 69_POW_36 end 1787252229314
job 81_POW_36 started 1787252229314 core=1
job 73_POW_36 end 1787252233706
job 93_POW_12 started 1787252233707 core=0
job 93_POW_12 end 1787252264864
job 94_POW_24 started 1787252264865 core=0
job 77_POW_24 end 1787252285274
job 96_POW_24 started 1787252285274 core=4
job 75_POW_36 end 1787252299898
job 97_POW_12 started 1787252299898 core=5
job 81_POW_36 end 1787252322393
job 29_TGAMMA_60 started 1787252322394 core=1
job 94_POW_24 end 1787252326645
job 30_TGAMMA_60 started 1787252326645 core=0
job 97_POW_12 end 1787252329556
job 35_TGAMMA_120 started 1787252329556 core=5
job 96_POW_24 end 1787252342532
job 40_TGAMMA_120 started 1787252342532 core=4
job 29_TGAMMA_60 end 1787252356296
job 41_TGAMMA_60 started 1787252356296 core=1
job 30_TGAMMA_60 end 1787252360555
job 42_TGAMMA_120 started 1787252360555 core=0
job 41_TGAMMA_60 end 1787252390051
job 44_TGAMMA_12 started 1787252390051 core=1
job 44_TGAMMA_12 end 1787252396789
job 47_TGAMMA_12 started 1787252396789 core=1
job 35_TGAMMA_120 end 1787252397131
job 53_TGAMMA_12 started 1787252397132 core=5
job 47_TGAMMA_12 end 1787252403524
job 60_TGAMMA_120 started 1787252403524 core=1
job 53_TGAMMA_12 end 1787252403874
job 61_TGAMMA_12 started 1787252403874 core=5
job 40_TGAMMA_120 end 1787252410034
job 64_TGAMMA_60 started 1787252410034 core=4
job 61_TGAMMA_12 end 1787252410611
job 67_TGAMMA_60 started 1787252410611 core=5
job 42_TGAMMA_120 end 1787252428196
job 76_TGAMMA_12 started 1787252428196 core=0
job 76_TGAMMA_12 end 1787252434951
job 79_TGAMMA_60 started 1787252434952 core=0
job 64_TGAMMA_60 end 1787252443766
job 83_TGAMMA_120 started 1787252443766 core=4
job 67_TGAMMA_60 end 1787252444348
job 90_TGAMMA_120 started 1787252444348 core=5
job 79_TGAMMA_60 end 1787252468775
job 91_TGAMMA_120 started 1787252468775 core=0
job 60_TGAMMA_120 end 1787252470982
job 95_TGAMMA_60 started 1787252470982 core=1
job 95_TGAMMA_60 end 1787252504706
job 98_TGAMMA_60 started 1787252504706 core=1
job 83_TGAMMA_120 end 1787252511244
job 99_TGAMMA_60 started 1787252511244 core=4
job 90_TGAMMA_120 end 1787252511839
job 91_TGAMMA_120 end 1787252536388
job 98_TGAMMA_60 end 1787252538431
job 99_TGAMMA_60 end 1787252544937
  итерация 0: 1575140 ms
  среднее по 1 итерациям: 1575140 ms
=== Выполняется проект: no_po_compute-heavy_6.txt (100 работ, перестановка ORDER) ===
fake 3 started 1787252544937 delay_ms=1
fake 0 started 1787252544937 delay_ms=0
fake 0 end 1787252544938
fake 2 started 1787252544937 delay_ms=0
fake 2 end 1787252544938
fake 1 started 1787252544938 delay_ms=0
fake 1 end 1787252544938
job 21_XPY_60 started 1787252544938 core=4
job 26_XPY_60 started 1787252544938 core=1
job 4_TGAMMA_120 started 1787252544938 core=0
fake 3 end 1787252544950
job 5_TGAMMA_12 started 1787252544951 core=5
job 5_TGAMMA_12 end 1787252552095
job 6_TGAMMA_60 started 1787252552095 core=5
job 6_TGAMMA_60 end 1787252587575
job 8_TGAMMA_12 started 1787252587575 core=5
job 8_TGAMMA_12 end 1787252594764
job 17_TGAMMA_60 started 1787252594764 core=5
job 21_XPY_60 end 1787252610628
job 33_XPY_60 started 1787252610629 core=4
job 26_XPY_60 end 1787252610801
job 16_XPY_48 started 1787252610802 core=1
job 4_TGAMMA_120 end 1787252615876
job 18_TGAMMA_12 started 1787252615876 core=0
job 18_TGAMMA_12 end 1787252623014
job 19_TGAMMA_12 started 1787252623014 core=0
job 19_TGAMMA_12 end 1787252630149
job 20_TGAMMA_12 started 1787252630149 core=0
job 17_TGAMMA_60 end 1787252630230
job 25_TGAMMA_120 started 1787252630230 core=5
job 20_TGAMMA_12 end 1787252637294
job 27_TGAMMA_120 started 1787252637294 core=0
job 16_XPY_48 end 1787252663508
job 23_XPY_48 started 1787252663508 core=1
job 33_XPY_60 end 1787252676306
job 62_XPY_60 started 1787252676306 core=4
job 25_TGAMMA_120 end 1787252701242
job 29_TGAMMA_60 started 1787252701242 core=5
job 27_TGAMMA_120 end 1787252708345
job 30_TGAMMA_12 started 1787252708345 core=0
job 30_TGAMMA_12 end 1787252715479
job 32_TGAMMA_12 started 1787252715480 core=0
job 23_XPY_48 end 1787252716075
job 15_DOT_36 started 1787252716075 core=1
job 32_TGAMMA_12 end 1787252722727
job 7_POW_12 started 1787252722727 core=0
job 29_TGAMMA_60 end 1787252736424
job 34_TGAMMA_12 started 1787252736424 core=5
job 34_TGAMMA_12 end 1787252743537
job 36_TGAMMA_120 started 1787252743537 core=5
job 15_DOT_36 end 1787252745316
job 47_DOT_36 started 1787252745317 core=1
job 62_XPY_60 end 1787252750371
job 54_DOT_36 started 1787252750373 core=4
job 7_POW_12 end 1787252770319
job 28_ERF_48 started 1787252770319 core=0
job 47_DOT_36 end 1787252776544
job 61_DOT_84 started 1787252776545 core=1
job 54_DOT_36 end 1787252792771
job 65_DOT_36 started 1787252792772 core=4
job 36_TGAMMA_120 end 1787252813776
job 38_TGAMMA_12 started 1787252813776 core=5
job 38_TGAMMA_12 end 1787252820921
job 41_TGAMMA_60 started 1787252820921 core=5
job 65_DOT_36 end 1787252835021
job 66_DOT_84 started 1787252835022 core=4
job 61_DOT_84 end 1787252849827
job 43_TGAMMA_120 started 1787252849827 core=1
job 41_TGAMMA_60 end 1787252855899
job 42_ERF_24 started 1787252855899 core=5
job 42_ERF_24 end 1787252889464
job 75_COPY_84 started 1787252889464 core=5
job 28_ERF_48 end 1787252891835
job 22_COPY_60 started 1787252891835 core=0
job 43_TGAMMA_120 end 1787252919623
job 56_ERF_12 started 1787252919623 core=1
job 66_DOT_84 end 1787252929686
job 45_TGAMMA_60 started 1787252929687 core=4
job 56_ERF_12 end 1787252951799
job 57_ERF_12 started 1787252951800 core=1
job 45_TGAMMA_60 end 1787252964849
job 48_TGAMMA_120 started 1787252964850 core=4
job 22_COPY_60 end 1787252969945
job 79_ERF_24 started 1787252969945 core=0
job 57_ERF_12 end 1787252982316
job 58_COPY_60 started 1787252982316 core=1
job 79_ERF_24 end 1787253000147
job 83_COPY_60 started 1787253000148 core=0
job 75_COPY_84 end 1787253004688
job 88_ERF_48 started 1787253004688 core=5
job 48_TGAMMA_120 end 1787253034420
job 49_TGAMMA_12 started 1787253034420 core=4
job 49_TGAMMA_12 end 1787253041514
job 53_TGAMMA_12 started 1787253041514 core=4
job 53_TGAMMA_12 end 1787253048625
job 55_TGAMMA_120 started 1787253048625 core=4
job 83_COPY_60 end 1787253065912
job 2_SUM_84 started 1787253065912 core=0
job 58_COPY_60 end 1787253070459
job 3_SUM_84 started 1787253070460 core=1
job 2_SUM_84 end 1787253102744
job 10_SUM_108 started 1787253102744 core=0
job 55_TGAMMA_120 end 1787253118627
job 9_POW_36 started 1787253118627 core=4
job 88_ERF_48 end 1787253118866
job 11_POW_24 started 1787253118866 core=5
job 3_SUM_84 end 1787253126045
job 13_SUM_84 started 1787253126045 core=1
job 10_SUM_108 end 1787253166269
job 24_SUM_132 started 1787253166269 core=0
job 13_SUM_84 end 1787253180906
job 51_SUM_108 started 1787253180906 core=1
job 11_POW_24 end 1787253191421
job 12_POW_12 started 1787253191421 core=5
job 9_POW_36 end 1787253226845
job 14_POW_36 started 1787253226845 core=4
job 12_POW_12 end 1787253227595
job 31_POW_12 started 1787253227595 core=5
job 51_SUM_108 end 1787253251699
job 69_SUM_108 started 1787253251700 core=1
job 24_SUM_132 end 1787253252696
job 37_POW_36 started 1787253252696 core=0
job 31_POW_12 end 1787253263080
job 77_SUM_132 started 1787253263081 core=5
job 69_SUM_108 end 1787253323369
job 90_SUM_84 started 1787253323370 core=1
job 14_POW_36 end 1787253332619
job 39_POW_36 started 1787253332620 core=4
job 77_SUM_132 end 1787253351700
job 0_SQRTX_12 started 1787253351700 core=5
job 37_POW_36 end 1787253357821
job 1_SQRTX_12 started 1787253357821 core=0
job 0_SQRTX_12 end 1787253367360
job 35_SQRTX_12 started 1787253367360 core=5
job 1_SQRTX_12 end 1787253373819
job 50_SQRTX_12 started 1787253373819 core=0
job 90_SUM_84 end 1787253375779
job 40_POW_12 started 1787253375780 core=1
job 35_SQRTX_12 end 1787253382769
job 44_POW_24 started 1787253382769 core=5
job 50_SQRTX_12 end 1787253389151
job 46_POW_12 started 1787253389151 core=0
job 40_POW_12 end 1787253406368
job 52_POW_12 started 1787253406368 core=1
job 46_POW_12 end 1787253420246
job 60_POW_12 started 1787253420247 core=0
job 39_POW_36 end 1787253427496
job 63_POW_36 started 1787253427496 core=4
job 52_POW_12 end 1787253437348
job 67_POW_24 started 1787253437349 core=1
job 44_POW_24 end 1787253444692
job 74_POW_12 started 1787253444693 core=5
job 60_POW_12 end 1787253451444
job 84_POW_36 started 1787253451444 core=0
job 74_POW_12 end 1787253475732
job 86_POW_24 started 1787253475732 core=5
job 67_POW_24 end 1787253499613
job 92_POW_12 started 1787253499613 core=1
job 63_POW_36 end 1787253520599
job 93_POW_24 started 1787253520599 core=4
job 92_POW_12 end 1787253530649
job 97_POW_24 started 1787253530649 core=1
job 86_POW_24 end 1787253538007
job 98_POW_12 started 1787253538007 core=5
job 84_POW_36 end 1787253544703
job 99_POW_24 started 1787253544703 core=0
job 98_POW_12 end 1787253569070
job 59_TGAMMA_12 started 1787253569070 core=5
job 59_TGAMMA_12 end 1787253575931
job 64_TGAMMA_12 started 1787253575931 core=5
job 93_POW_24 end 1787253580835
job 68_TGAMMA_12 started 1787253580836 core=4
job 64_TGAMMA_12 end 1787253582769
job 70_TGAMMA_60 started 1787253582769 core=5
job 68_TGAMMA_12 end 1787253587630
job 71_TGAMMA_120 started 1787253587630 core=4
job 97_POW_24 end 1787253588820
job 72_TGAMMA_120 started 1787253588820 core=1
job 99_POW_24 end 1787253600150
job 73_TGAMMA_60 started 1787253600151 core=0
job 70_TGAMMA_60 end 1787253616620
job 76_TGAMMA_120 started 1787253616621 core=5
job 73_TGAMMA_60 end 1787253633941
job 78_TGAMMA_12 started 1787253633942 core=0
job 78_TGAMMA_12 end 1787253640702
job 80_TGAMMA_120 started 1787253640702 core=0
job 71_TGAMMA_120 end 1787253655182
job 81_TGAMMA_120 started 1787253655182 core=4
job 72_TGAMMA_120 end 1787253656424
job 82_TGAMMA_12 started 1787253656424 core=1
job 82_TGAMMA_12 end 1787253663165
job 85_TGAMMA_12 started 1787253663165 core=1
job 85_TGAMMA_12 end 1787253669913
job 87_TGAMMA_120 started 1787253669913 core=1
job 76_TGAMMA_120 end 1787253684149
job 89_TGAMMA_120 started 1787253684149 core=5
job 80_TGAMMA_120 end 1787253708273
job 91_TGAMMA_60 started 1787253708273 core=0
job 81_TGAMMA_120 end 1787253722647
job 94_TGAMMA_12 started 1787253722647 core=4
job 94_TGAMMA_12 end 1787253729390
job 95_TGAMMA_120 started 1787253729390 core=4
job 87_TGAMMA_120 end 1787253737473
job 96_TGAMMA_12 started 1787253737473 core=1
job 91_TGAMMA_60 end 1787253742069
job 96_TGAMMA_12 end 1787253744213
job 89_TGAMMA_120 end 1787253751639
job 95_TGAMMA_120 end 1787253796627
  итерация 0: 1251689 ms
  среднее по 1 итерациям: 1251689 ms
=== Выполняется проект: no_po_compute-heavy_7.txt (100 работ, перестановка ORDER) ===
fake 3 started 1787253796628 delay_ms=1
fake 2 started 1787253796628 delay_ms=0
fake 2 end 1787253796628
fake 1 started 1787253796628 delay_ms=0
fake 1 end 1787253796628
fake 0 started 1787253796628 delay_ms=0
job 40_XPY_60 started 1787253796628 core=4
fake 0 end 1787253796628
job 16_XPY_60 started 1787253796628 core=5
fake 3 end 1787253796629
job 0_TGAMMA_12 started 1787253796629 core=1
job 1_TGAMMA_12 started 1787253796656 core=0
job 1_TGAMMA_12 end 1787253803762
job 2_TGAMMA_120 started 1787253803762 core=0
job 0_TGAMMA_12 end 1787253803774
job 3_TGAMMA_60 started 1787253803775 core=1
job 3_TGAMMA_60 end 1787253839232
job 6_TGAMMA_120 started 1787253839232 core=1
job 40_XPY_60 end 1787253862386
job 91_XPY_60 started 1787253862386 core=4
job 16_XPY_60 end 1787253862669
job 42_XPY_48 started 1787253862669 core=5
job 2_TGAMMA_120 end 1787253874799
job 10_TGAMMA_120 started 1787253874800 core=0
job 6_TGAMMA_120 end 1787253910182
job 11_TGAMMA_120 started 1787253910182 core=1
job 42_XPY_48 end 1787253915581
job 7_DOT_36 started 1787253915581 core=5
job 91_XPY_60 end 1787253929886
job 8_DOT_84 started 1787253929886 core=4
job 7_DOT_36 end 1787253945778
job 9_ERF_24 started 1787253945778 core=5
job 10_TGAMMA_120 end 1787253946021
job 26_DOT_84 started 1787253946021 core=0
job 11_TGAMMA_120 end 1787253980166
job 12_TGAMMA_60 started 1787253980166 core=1
job 9_ERF_24 end 1787253981130
job 19_ERF_24 started 1787253981130 core=5
job 12_TGAMMA_60 end 1787254015047
job 29_DOT_84 started 1787254015047 core=1
job 19_ERF_24 end 1787254018224
job 14_TGAMMA_12 started 1787254018225 core=5
job 14_TGAMMA_12 end 1787254025436
job 20_TGAMMA_120 started 1787254025436 core=5
job 8_DOT_84 end 1787254030071
job 49_DOT_84 started 1787254030071 core=4
job 26_DOT_84 end 1787254057477
job 39_ERF_12 started 1787254057477 core=0
job 39_ERF_12 end 1787254090284
job 47_ERF_12 started 1787254090284 core=0
job 29_DOT_84 end 1787254092180
job 22_TGAMMA_120 started 1787254092180 core=1
job 20_TGAMMA_120 end 1787254095713
job 59_DOT_84 started 1787254095713 core=5
job 47_ERF_12 end 1787254120842
job 68_ERF_12 started 1787254120843 core=0
job 49_DOT_84 end 1787254131543
job 76_DOT_36 started 1787254131543 core=4
job 68_ERF_12 end 1787254152998
job 70_ERF_48 started 1787254152999 core=0
job 22_TGAMMA_120 end 1787254162239
job 28_TGAMMA_60 started 1787254162240 core=1
job 59_DOT_84 end 1787254169403
job 82_DOT_36 started 1787254169403 core=5
job 76_DOT_36 end 1787254173960
job 86_DOT_36 started 1787254173961 core=4
job 28_TGAMMA_60 end 1787254197362
job 30_TGAMMA_120 started 1787254197362 core=1
job 82_DOT_36 end 1787254201053
job 21_COPY_84 started 1787254201053 core=5
job 86_DOT_36 end 1787254213683
job 57_COPY_84 started 1787254213683 core=4
job 30_TGAMMA_120 end 1787254267927
job 75_ERF_48 started 1787254267927 core=1
job 70_ERF_48 end 1787254280963
job 33_TGAMMA_60 started 1787254280964 core=0
job 21_COPY_84 end 1787254302146
job 34_TGAMMA_60 started 1787254302147 core=5
job 33_TGAMMA_60 end 1787254316178
job 27_COPY_60 started 1787254316179 core=0
job 57_COPY_84 end 1787254319433
job 35_TGAMMA_60 started 1787254319433 core=4
job 34_TGAMMA_60 end 1787254336520
job 43_COPY_60 started 1787254336520 core=5
job 35_TGAMMA_60 end 1787254354530
job 36_SQRTX_48 started 1787254354531 core=4
job 75_ERF_48 end 1787254355986
job 4_POW_24 started 1787254355986 core=1
job 27_COPY_60 end 1787254388854
job 13_SUM_132 started 1787254388854 core=0
job 43_COPY_60 end 1787254422329
job 5_POW_12 started 1787254422329 core=5
job 36_SQRTX_48 end 1787254426537
job 51_COPY_60 started 1787254426537 core=4
job 4_POW_24 end 1787254435890
job 15_POW_24 started 1787254435890 core=1
job 5_POW_12 end 1787254454313
job 18_POW_36 started 1787254454313 core=5
job 13_SUM_132 end 1787254493014
job 17_SUM_108 started 1787254493014 core=0
job 15_POW_24 end 1787254499881
job 88_COPY_60 started 1787254499881 core=1
job 51_COPY_60 end 1787254513008
job 23_POW_12 started 1787254513009 core=4
job 23_POW_12 end 1787254545935
job 24_POW_36 started 1787254545935 core=4
job 17_SUM_108 end 1787254565269
job 52_SUM_108 started 1787254565271 core=0
job 18_POW_36 end 1787254571749
job 25_POW_24 started 1787254571749 core=5
job 88_COPY_60 end 1787254595942
job 53_SUM_132 started 1787254595942 core=1
job 52_SUM_108 end 1787254633026
job 83_SUM_132 started 1787254633026 core=0
job 25_POW_24 end 1787254649567
job 31_POW_12 started 1787254649568 core=5
job 24_POW_36 end 1787254649626
job 32_POW_36 started 1787254649626 core=4
job 53_SUM_132 end 1787254682204
job 41_POW_12 started 1787254682204 core=1
job 31_POW_12 end 1787254685564
job 98_SUM_84 started 1787254685564 core=5
job 41_POW_12 end 1787254718488
job 48_POW_24 started 1787254718488 core=1
job 83_SUM_132 end 1787254719306
job 62_SQRTX_48 started 1787254719306 core=0
job 98_SUM_84 end 1787254738183
job 85_SQRTX_48 started 1787254738183 core=5
job 32_POW_36 end 1787254752293
job 54_POW_36 started 1787254752294 core=4
job 48_POW_24 end 1787254779179
job 61_POW_24 started 1787254779180 core=1
job 62_SQRTX_48 end 1787254782926
job 63_POW_24 started 1787254782926 core=0
job 85_SQRTX_48 end 1787254799449
job 65_POW_36 started 1787254799449 core=5
job 61_POW_24 end 1787254840790
job 69_POW_12 started 1787254840790 core=1
job 54_POW_36 end 1787254843399
job 73_POW_12 started 1787254843399 core=4
job 63_POW_24 end 1787254844329
job 74_POW_24 started 1787254844330 core=0
job 69_POW_12 end 1787254871763
job 77_POW_36 started 1787254871764 core=1
job 73_POW_12 end 1787254874442
job 80_POW_12 started 1787254874442 core=4
job 65_POW_36 end 1787254892791
job 89_POW_24 started 1787254892792 core=5
job 80_POW_12 end 1787254905447
job 93_POW_12 started 1787254905448 core=4
job 74_POW_24 end 1787254906514
job 94_POW_24 started 1787254906514 core=0
job 93_POW_12 end 1787254936618
job 96_POW_12 started 1787254936618 core=4
job 89_POW_24 end 1787254954851
job 97_POW_12 started 1787254954852 core=5
job 77_POW_36 end 1787254965030
job 99_POW_12 started 1787254965030 core=1
job 96_POW_12 end 1787254967585
job 37_TGAMMA_12 started 1787254967585 core=4
job 94_POW_24 end 1787254968566
job 38_TGAMMA_120 started 1787254968566 core=0
job 37_TGAMMA_12 end 1787254974381
job 44_TGAMMA_120 started 1787254974381 core=4
job 97_POW_12 end 1787254982644
job 45_TGAMMA_120 started 1787254982644 core=5
job 99_POW_12 end 1787254990594
job 46_TGAMMA_120 started 1787254990594 core=1
job 38_TGAMMA_120 end 1787255036259
job 50_TGAMMA_12 started 1787255036259 core=0
job 44_TGAMMA_120 end 1787255041938
job 55_TGAMMA_120 started 1787255041938 core=4
job 50_TGAMMA_12 end 1787255043018
job 56_TGAMMA_60 started 1787255043018 core=0
job 45_TGAMMA_120 end 1787255050174
job 58_TGAMMA_60 started 1787255050174 core=5
job 46_TGAMMA_120 end 1787255058130
job 60_TGAMMA_120 started 1787255058130 core=1
job 56_TGAMMA_60 end 1787255076813
job 64_TGAMMA_12 started 1787255076814 core=0
job 64_TGAMMA_12 end 1787255083577
job 66_TGAMMA_60 started 1787255083578 core=0
job 58_TGAMMA_60 end 1787255083953
job 67_TGAMMA_60 started 1787255083953 core=5
job 55_TGAMMA_120 end 1787255109444
job 71_TGAMMA_60 started 1787255109444 core=4
job 66_TGAMMA_60 end 1787255117393
job 72_TGAMMA_12 started 1787255117393 core=0
job 67_TGAMMA_60 end 1787255117742
job 78_TGAMMA_12 started 1787255117742 core=5
job 72_TGAMMA_12 end 1787255124157
job 79_TGAMMA_60 started 1787255124157 core=0
job 78_TGAMMA_12 end 1787255124490
job 81_TGAMMA_60 started 1787255124490 core=5
job 60_TGAMMA_120 end 1787255125734
job 84_TGAMMA_120 started 1787255125734 core=1
job 71_TGAMMA_60 end 1787255143205
job 87_TGAMMA_60 started 1787255143205 core=4
job 79_TGAMMA_60 end 1787255157953
job 90_TGAMMA_120 started 1787255157953 core=0
job 81_TGAMMA_60 end 1787255158261
job 92_TGAMMA_120 started 1787255158261 core=5
job 87_TGAMMA_60 end 1787255176923
job 95_TGAMMA_120 started 1787255176923 core=4
job 84_TGAMMA_120 end 1787255193275
job 90_TGAMMA_120 end 1787255225379
job 92_TGAMMA_120 end 1787255225699
job 95_TGAMMA_120 end 1787255244181
  итерация 0: 1447553 ms
  среднее по 1 итерациям: 1447553 ms
=== Выполняется проект: no_po_compute-heavy_8.txt (100 работ, перестановка ORDER) ===
fake 3 started 1787255244182 delay_ms=1
fake 2 started 1787255244182 delay_ms=0
fake 2 end 1787255244182
fake 1 started 1787255244182 delay_ms=0
fake 1 end 1787255244182
fake 0 started 1787255244182 delay_ms=0
job 52_DOT_36 started 1787255244182 core=4
fake 0 end 1787255244182
job 75_XPY_48 started 1787255244182 core=5
job 2_POW_24 started 1787255244192 core=0
fake 3 end 1787255244193
job 1_TGAMMA_120 started 1787255244193 core=1
job 52_DOT_36 end 1787255282958
job 16_SUM_132 started 1787255282959 core=4
job 75_XPY_48 end 1787255304772
job 64_DOT_36 started 1787255304772 core=5
job 2_POW_24 end 1787255315381
job 3_POW_24 started 1787255315381 core=0
job 1_TGAMMA_120 end 1787255315995
job 5_POW_24 started 1787255315996 core=1
job 64_DOT_36 end 1787255343479
job 37_COPY_84 started 1787255343479 core=5
job 16_SUM_132 end 1787255365319
job 27_SUM_84 started 1787255365319 core=4
job 3_POW_24 end 1787255384125
job 6_POW_12 started 1787255384125 core=0
job 5_POW_24 end 1787255405562
job 7_POW_24 started 1787255405562 core=1
job 27_SUM_84 end 1787255415697
job 29_SUM_132 started 1787255415697 core=4
job 6_POW_12 end 1787255417388
job 8_POW_24 started 1787255417388 core=0
job 37_COPY_84 end 1787255479500
job 11_POW_24 started 1787255479501 core=5
job 8_POW_24 end 1787255483345
job 83_COPY_84 started 1787255483345 core=0
job 7_POW_24 end 1787255492474
job 17_POW_12 started 1787255492474 core=1
job 29_SUM_132 end 1787255500679
job 34_SUM_132 started 1787255500680 core=4
job 17_POW_12 end 1787255524303
job 18_POW_36 started 1787255524303 core=1
job 11_POW_24 end 1787255543742
job 21_POW_12 started 1787255543742 core=5
job 21_POW_12 end 1787255575793
job 22_POW_36 started 1787255575794 core=5
job 83_COPY_84 end 1787255606058
job 96_COPY_84 started 1787255606059 core=0
job 18_POW_36 end 1787255620479
job 38_SUM_108 started 1787255620479 core=1
job 34_SUM_132 end 1787255622722
job 25_POW_36 started 1787255622723 core=4
job 22_POW_36 end 1787255673620
job 39_SUM_132 started 1787255673621 core=5
job 38_SUM_108 end 1787255686621
job 30_POW_24 started 1787255686621 core=1
job 96_COPY_84 end 1787255741363
job 15_COPY_60 started 1787255741364 core=0
job 30_POW_24 end 1787255752442
job 35_POW_36 started 1787255752442 core=1
job 39_SUM_132 end 1787255754418
job 36_POW_24 started 1787255754419 core=5
job 25_POW_36 end 1787255761297
job 44_SUM_84 started 1787255761298 core=4
job 36_POW_24 end 1787255818258
job 31_COPY_60 started 1787255818259 core=5
job 15_COPY_60 end 1787255829384
job 53_SUM_84 started 1787255829384 core=0
job 44_SUM_84 end 1787255837147
job 42_POW_12 started 1787255837147 core=4
job 35_POW_36 end 1787255861834
job 45_POW_12 started 1787255861834 core=1
job 42_POW_12 end 1787255870014
job 46_POW_36 started 1787255870014 core=4
job 53_SUM_84 end 1787255880724
job 66_SUM_84 started 1787255880725 core=0
job 45_POW_12 end 1787255908163
job 41_COPY_60 started 1787255908164 core=1
job 31_COPY_60 end 1787255916120
job 48_POW_24 started 1787255916121 core=5
job 66_SUM_84 end 1787255931036
job 74_SUM_108 started 1787255931036 core=0
job 46_POW_36 end 1787255968903
job 55_POW_24 started 1787255968903 core=4
job 74_SUM_108 end 1787255996109
job 56_POW_36 started 1787255996109 core=0
job 41_COPY_60 end 1787256005668
job 68_COPY_60 started 1787256005668 core=1
job 48_POW_24 end 1787256008053
job 82_SUM_132 started 1787256008053 core=5
job 55_POW_24 end 1787256033062
job 58_POW_24 started 1787256033062 core=4
job 56_POW_36 end 1787256091605
job 85_COPY_60 started 1787256091607 core=0
job 68_COPY_60 end 1787256092421
job 59_POW_24 started 1787256092421 core=1
job 58_POW_24 end 1787256099029
job 87_COPY_60 started 1787256099030 core=4
job 82_SUM_132 end 1787256118103
job 69_POW_36 started 1787256118103 core=5
job 59_POW_24 end 1787256154942
job 70_POW_36 started 1787256154943 core=1
job 85_COPY_60 end 1787256204394
job 73_DOT_36 started 1787256204395 core=0
job 69_POW_36 end 1787256209719
job 98_DOT_36 started 1787256209719 core=5
job 87_COPY_60 end 1787256212422
job 0_ERF_24 started 1787256212422 core=4
job 73_DOT_36 end 1787256249515
job 12_ERF_12 started 1787256249516 core=0
job 98_DOT_36 end 1787256251601
job 33_ERF_24 started 1787256251601 core=5
job 70_POW_36 end 1787256257657
job 47_ERF_48 started 1787256257658 core=1
job 0_ERF_24 end 1787256267962
job 54_ERF_48 started 1787256267962 core=4
job 12_ERF_12 end 1787256271915
job 80_ERF_48 started 1787256271915 core=0
job 33_ERF_24 end 1787256295751
job 89_ERF_24 started 1787256295751 core=5
job 89_ERF_24 end 1787256340108
job 61_SQRTX_48 started 1787256340108 core=5
job 47_ERF_48 end 1787256345891
job 10_SQRTX_12 started 1787256345891 core=1
job 54_ERF_48 end 1787256357134
job 62_SQRTX_12 started 1787256357134 core=4
job 80_ERF_48 end 1787256361647
job 71_POW_24 started 1787256361647 core=0
job 10_SQRTX_12 end 1787256362474
job 72_POW_12 started 1787256362475 core=1
job 62_SQRTX_12 end 1787256373391
job 76_POW_36 started 1787256373391 core=4
job 72_POW_12 end 1787256392375
job 77_POW_24 started 1787256392375 core=1
job 61_SQRTX_48 end 1787256403314
job 78_POW_12 started 1787256403314 core=5
job 71_POW_24 end 1787256422266
job 79_POW_24 started 1787256422267 core=0
job 78_POW_12 end 1787256434392
job 86_POW_12 started 1787256434392 core=5
job 77_POW_24 end 1787256454281
job 93_POW_12 started 1787256454281 core=1
job 76_POW_36 end 1787256465180
job 99_POW_36 started 1787256465180 core=4
job 86_POW_12 end 1787256465569
job 4_TGAMMA_12 started 1787256465569 core=5
job 4_TGAMMA_12 end 1787256472438
job 9_TGAMMA_120 started 1787256472439 core=5
job 79_POW_24 end 1787256482046
job 13_TGAMMA_60 started 1787256482046 core=0
job 93_POW_12 end 1787256482313
job 14_TGAMMA_60 started 1787256482313 core=1
job 13_TGAMMA_60 end 1787256515933
job 19_TGAMMA_60 started 1787256515933 core=0
job 14_TGAMMA_60 end 1787256516148
job 20_TGAMMA_12 started 1787256516148 core=1
job 20_TGAMMA_12 end 1787256522905
job 23_TGAMMA_120 started 1787256522905 core=1
job 99_POW_36 end 1787256539943
job 24_TGAMMA_120 started 1787256539943 core=4
job 9_TGAMMA_120 end 1787256540394
job 26_TGAMMA_60 started 1787256540394 core=5
job 19_TGAMMA_60 end 1787256549791
job 28_TGAMMA_120 started 1787256549791 core=0
job 26_TGAMMA_60 end 1787256574165
job 32_TGAMMA_12 started 1787256574165 core=5
job 32_TGAMMA_12 end 1787256580919
job 40_TGAMMA_12 started 1787256580919 core=5
job 40_TGAMMA_12 end 1787256587679
job 43_TGAMMA_120 started 1787256587679 core=5
job 23_TGAMMA_120 end 1787256590532
job 49_TGAMMA_12 started 1787256590532 core=1
job 49_TGAMMA_12 end 1787256597283
job 50_TGAMMA_120 started 1787256597283 core=1
job 24_TGAMMA_120 end 1787256607444
job 51_TGAMMA_60 started 1787256607444 core=4
job 28_TGAMMA_120 end 1787256617389
job 57_TGAMMA_12 started 1787256617389 core=0
job 57_TGAMMA_12 end 1787256624141
job 60_TGAMMA_60 started 1787256624141 core=0
job 51_TGAMMA_60 end 1787256641195
job 63_TGAMMA_120 started 1787256641195 core=4
job 43_TGAMMA_120 end 1787256655241
job 65_TGAMMA_12 started 1787256655242 core=5
job 60_TGAMMA_60 end 1787256657943
job 67_TGAMMA_60 started 1787256657943 core=0
job 65_TGAMMA_12 end 1787256661995
job 81_TGAMMA_120 started 1787256661996 core=5
job 50_TGAMMA_120 end 1787256664871
job 84_TGAMMA_60 started 1787256664871 core=1
job 67_TGAMMA_60 end 1787256691748
job 88_TGAMMA_60 started 1787256691748 core=0
job 84_TGAMMA_60 end 1787256698663
job 90_TGAMMA_60 started 1787256698663 core=1
job 63_TGAMMA_120 end 1787256708694
job 91_TGAMMA_60 started 1787256708694 core=4
job 88_TGAMMA_60 end 1787256725553
job 92_TGAMMA_120 started 1787256725553 core=0
job 81_TGAMMA_120 end 1787256729551
job 94_TGAMMA_60 started 1787256729551 core=5
job 90_TGAMMA_60 end 1787256732463
job 95_TGAMMA_60 started 1787256732463 core=1
job 91_TGAMMA_60 end 1787256742443
job 97_TGAMMA_120 started 1787256742443 core=4
job 94_TGAMMA_60 end 1787256763325
job 95_TGAMMA_60 end 1787256766256
job 92_TGAMMA_120 end 1787256793118
job 97_TGAMMA_120 end 1787256809797
  итерация 0: 1565615 ms
  среднее по 1 итерациям: 1565615 ms
=== Выполняется проект: no_po_compute-heavy_9.txt (100 работ, перестановка ORDER) ===
fake 3 started 1787256809797 delay_ms=1
fake 1 started 1787256809797 delay_ms=0
fake 1 end 1787256809797
fake 0 started 1787256809797 delay_ms=0
fake 0 end 1787256809797
fake 2 started 1787256809797 delay_ms=0
fake 2 end 1787256809797
job 29_XPY_60 started 1787256809797 core=4
job 85_XPY_60 started 1787256809797 core=0
fake 3 end 1787256809798
job 0_TGAMMA_12 started 1787256809799 core=1
job 4_TGAMMA_120 started 1787256809826 core=5
job 0_TGAMMA_12 end 1787256816615
job 6_TGAMMA_12 started 1787256816616 core=1
job 6_TGAMMA_12 end 1787256823439
job 9_TGAMMA_120 started 1787256823440 core=1
job 85_XPY_60 end 1787256876693
job 15_XPY_48 started 1787256876693 core=0
job 29_XPY_60 end 1787256876702
job 50_XPY_48 started 1787256876703 core=4
job 4_TGAMMA_120 end 1787256878249
job 14_TGAMMA_120 started 1787256878249 core=5
job 9_TGAMMA_120 end 1787256891850
job 18_TGAMMA_120 started 1787256891850 core=1
job 50_XPY_48 end 1787256930001
job 64_XPY_48 started 1787256930002 core=4
job 15_XPY_48 end 1787256930160
job 3_DOT_36 started 1787256930161 core=0
job 14_TGAMMA_120 end 1787256946813
job 1_POW_24 started 1787256946814 core=5
job 18_TGAMMA_120 end 1787256960379
job 7_SUM_132 started 1787256960379 core=1
job 3_DOT_36 end 1787256974444
job 19_TGAMMA_60 started 1787256974445 core=0
job 64_XPY_48 end 1787256991471
job 45_DOT_84 started 1787256991471 core=4
job 19_TGAMMA_60 end 1787257010135
job 2_POW_36 started 1787257010135 core=0
job 1_POW_24 end 1787257012146
job 5_POW_24 started 1787257012146 core=5
job 7_SUM_132 end 1787257045089
job 11_SUM_132 started 1787257045090 core=1
job 45_DOT_84 end 1787257083196
job 89_COPY_84 started 1787257083196 core=4
job 5_POW_24 end 1787257085495
job 8_POW_12 started 1787257085496 core=5
job 8_POW_12 end 1787257118448
job 10_POW_24 started 1787257118448 core=5
job 11_SUM_132 end 1787257128121
job 16_POW_24 started 1787257128121 core=1
job 2_POW_36 end 1787257141564
job 12_SUM_108 started 1787257141564 core=0
job 10_POW_24 end 1787257182189
job 17_POW_24 started 1787257182189 core=5
job 16_POW_24 end 1787257191573
job 53_COPY_60 started 1787257191573 core=1
job 89_COPY_84 end 1787257208925
job 21_POW_24 started 1787257208926 core=4
job 12_SUM_108 end 1787257231151
job 20_SUM_132 started 1787257231151 core=0
job 17_POW_24 end 1787257269534
job 30_POW_36 started 1787257269535 core=5
job 21_POW_24 end 1787257274951
job 32_POW_24 started 1787257274952 core=4
job 53_COPY_60 end 1787257287342
job 59_COPY_60 started 1787257287343 core=1
job 20_SUM_132 end 1787257310432
job 24_SUM_132 started 1787257310432 core=0
job 32_POW_24 end 1787257340919
job 33_POW_12 started 1787257340920 core=4
job 33_POW_12 end 1787257373814
job 34_POW_36 started 1787257373814 core=4
job 59_COPY_60 end 1787257383886
job 84_COPY_60 started 1787257383886 core=1
job 24_SUM_132 end 1787257389874
job 36_POW_24 started 1787257389874 core=0
job 30_POW_36 end 1787257406938
job 40_SUM_84 started 1787257406938 core=5
job 36_POW_24 end 1787257453181
job 47_SUM_108 started 1787257453181 core=0
job 34_POW_36 end 1787257470863
job 37_POW_24 started 1787257470863 core=4
job 84_COPY_60 end 1787257472913
job 57_SUM_84 started 1787257472913 core=1
job 40_SUM_84 end 1787257484401
job 42_POW_12 started 1787257484401 core=5
job 42_POW_12 end 1787257520652
job 46_POW_12 started 1787257520652 core=5
job 47_SUM_108 end 1787257523612
job 68_SUM_108 started 1787257523612 core=0
job 57_SUM_84 end 1787257528917
job 72_SUM_132 started 1787257528917 core=1
job 37_POW_24 end 1787257543357
job 49_POW_12 started 1787257543357 core=4
job 46_POW_12 end 1787257556935
job 52_POW_24 started 1787257556936 core=5
job 49_POW_12 end 1787257579471
job 56_POW_36 started 1787257579471 core=4
job 68_SUM_108 end 1787257594375
job 83_DOT_36 started 1787257594376 core=0
job 72_SUM_132 end 1787257615540
job 86_SUM_132 started 1787257615540 core=1
job 52_POW_24 end 1787257629725
job 63_POW_12 started 1787257629725 core=5
job 83_DOT_36 end 1787257636464
job 88_DOT_84 started 1787257636465 core=0
job 63_POW_12 end 1787257665760
job 67_POW_24 started 1787257665760 core=5
job 56_POW_36 end 1787257701988
job 69_POW_12 started 1787257701989 core=4
job 86_SUM_132 end 1787257702848
job 93_SUM_84 started 1787257702848 core=1
job 88_DOT_84 end 1787257736712
job 70_POW_24 started 1787257736712 core=0
job 67_POW_24 end 1787257738647
job 13_ERF_24 started 1787257738647 core=5
job 69_POW_12 end 1787257741905
job 26_ERF_12 started 1787257741906 core=4
job 93_SUM_84 end 1787257756150
job 35_ERF_48 started 1787257756150 core=1
job 26_ERF_12 end 1787257764986
job 44_ERF_48 started 1787257764987 core=4
job 13_ERF_24 end 1787257784797
job 48_ERF_24 started 1787257784797 core=5
job 70_POW_24 end 1787257800842
job 61_ERF_12 started 1787257800845 core=0
job 61_ERF_12 end 1787257822975
job 71_ERF_24 started 1787257822975 core=0
job 48_ERF_24 end 1787257829030
job 80_ERF_12 started 1787257829030 core=5
job 35_ERF_48 end 1787257844684
job 82_ERF_12 started 1787257844685 core=1
job 80_ERF_12 end 1787257851170
job 91_SQRTX_48 started 1787257851170 core=5
job 44_ERF_48 end 1787257852611
job 75_POW_36 started 1787257852611 core=4
job 82_ERF_12 end 1787257865760
job 77_POW_12 started 1787257865761 core=1
job 71_ERF_24 end 1787257866702
job 78_POW_12 started 1787257866702 core=0
job 77_POW_12 end 1787257895794
job 79_POW_24 started 1787257895794 core=1
job 78_POW_12 end 1787257896423
job 81_POW_12 started 1787257896423 core=0
job 91_SQRTX_48 end 1787257913477
job 90_POW_24 started 1787257913477 core=5
job 81_POW_12 end 1787257926701
job 97_POW_36 started 1787257926702 core=0
job 75_POW_36 end 1787257943650
job 98_POW_12 started 1787257943650 core=4
job 79_POW_24 end 1787257957372
job 99_POW_12 started 1787257957372 core=1
job 98_POW_12 end 1787257974697
job 22_TGAMMA_120 started 1787257974698 core=4
job 90_POW_24 end 1787257975514
job 23_TGAMMA_120 started 1787257975514 core=5
job 99_POW_12 end 1787257985949
job 25_TGAMMA_12 started 1787257985949 core=1
job 25_TGAMMA_12 end 1787257992708
job 27_TGAMMA_60 started 1787257992708 core=1
job 97_POW_36 end 1787258010748
job 28_TGAMMA_60 started 1787258010748 core=0
job 27_TGAMMA_60 end 1787258026520
job 31_TGAMMA_12 started 1787258026520 core=1
job 31_TGAMMA_12 end 1787258033275
job 38_TGAMMA_60 started 1787258033275 core=1
job 22_TGAMMA_120 end 1787258042388
job 39_TGAMMA_120 started 1787258042388 core=4
job 23_TGAMMA_120 end 1787258043210
job 41_TGAMMA_12 started 1787258043210 core=5
job 28_TGAMMA_60 end 1787258044540
job 43_TGAMMA_12 started 1787258044540 core=0
job 41_TGAMMA_12 end 1787258049950
job 51_TGAMMA_60 started 1787258049950 core=5
job 43_TGAMMA_12 end 1787258051290
job 54_TGAMMA_12 started 1787258051290 core=0
job 54_TGAMMA_12 end 1787258058042
job 55_TGAMMA_12 started 1787258058042 core=0
job 55_TGAMMA_12 end 1787258064790
job 58_TGAMMA_12 started 1787258064790 core=0
job 38_TGAMMA_60 end 1787258067056
job 60_TGAMMA_60 started 1787258067056 core=1
job 58_TGAMMA_12 end 1787258071543
job 62_TGAMMA_12 started 1787258071543 core=0
job 62_TGAMMA_12 end 1787258078290
job 65_TGAMMA_12 started 1787258078290 core=0
job 51_TGAMMA_60 end 1787258083718
job 66_TGAMMA_12 started 1787258083718 core=5
job 65_TGAMMA_12 end 1787258085043
job 73_TGAMMA_12 started 1787258085043 core=0
job 66_TGAMMA_12 end 1787258090453
job 74_TGAMMA_60 started 1787258090453 core=5
job 73_TGAMMA_12 end 1787258091787
job 76_TGAMMA_60 started 1787258091787 core=0
job 60_TGAMMA_60 end 1787258100831
job 87_TGAMMA_60 started 1787258100831 core=1
job 39_TGAMMA_120 end 1787258109879
job 92_TGAMMA_120 started 1787258109879 core=4
job 74_TGAMMA_60 end 1787258124234
job 94_TGAMMA_60 started 1787258124234 core=5
job 76_TGAMMA_60 end 1787258125589
job 95_TGAMMA_120 started 1787258125589 core=0
job 87_TGAMMA_60 end 1787258134638
job 96_TGAMMA_120 started 1787258134638 core=1
job 94_TGAMMA_60 end 1787258158017
job 92_TGAMMA_120 end 1787258177363
job 95_TGAMMA_120 end 1787258193103
job 96_TGAMMA_120 end 1787258202123
  итерация 0: 1392325 ms
  среднее по 1 итерациям: 1392325 ms
=== Выполняется проект: no_po_memory50_cpu50_1.txt (100 работ, перестановка ORDER) ===
fake 3 started 1787258202124 delay_ms=1
fake 2 started 1787258202124 delay_ms=0
fake 2 end 1787258202124
fake 0 started 1787258202124 delay_ms=0
fake 0 end 1787258202124
fake 1 started 1787258202124 delay_ms=0
fake 1 end 1787258202124
job 0_XPY_60 started 1787258202124 core=1
job 3_XPY_60 started 1787258202124 core=0
job 50_TGAMMA_60 started 1787258202124 core=4
fake 3 end 1787258202125
job 51_TGAMMA_120 started 1787258202126 core=5
job 50_TGAMMA_60 end 1787258237510
job 52_TGAMMA_120 started 1787258237511 core=4
job 0_XPY_60 end 1787258268096
job 11_XPY_60 started 1787258268097 core=1
job 3_XPY_60 end 1787258268148
job 5_XPY_48 started 1787258268148 core=0
job 51_TGAMMA_120 end 1787258273020
job 54_TGAMMA_120 started 1787258273021 core=5
job 52_TGAMMA_120 end 1787258308307
job 56_TGAMMA_60 started 1787258308307 core=4
job 5_XPY_48 end 1787258320824
job 8_XPY_48 started 1787258320824 core=0
job 11_XPY_60 end 1787258333840
job 26_XPY_48 started 1787258333841 core=1
job 56_TGAMMA_60 end 1787258343687
job 57_TGAMMA_60 started 1787258343687 core=4
job 54_TGAMMA_120 end 1787258343874
job 60_TGAMMA_60 started 1787258343874 core=5
job 8_XPY_48 end 1787258373395
job 37_XPY_48 started 1787258373395 core=0
job 57_TGAMMA_60 end 1787258379063
job 62_TGAMMA_120 started 1787258379063 core=4
job 60_TGAMMA_60 end 1787258379292
job 63_TGAMMA_60 started 1787258379292 core=5
job 26_XPY_48 end 1787258386475
job 38_XPY_48 started 1787258386476 core=1
job 63_TGAMMA_60 end 1787258414746
job 64_TGAMMA_120 started 1787258414747 core=5
job 37_XPY_48 end 1787258426059
job 43_XPY_48 started 1787258426059 core=0
job 38_XPY_48 end 1787258439163
job 49_XPY_48 started 1787258439163 core=1
job 62_TGAMMA_120 end 1787258449853
job 65_TGAMMA_120 started 1787258449854 core=4
job 43_XPY_48 end 1787258478732
job 14_XPY_60 started 1787258478732 core=0
job 64_TGAMMA_120 end 1787258485617
job 66_TGAMMA_120 started 1787258485617 core=5
job 49_XPY_48 end 1787258491776
job 19_XPY_60 started 1787258491776 core=1
job 65_TGAMMA_120 end 1787258520672
job 67_TGAMMA_60 started 1787258520673 core=4
job 14_XPY_60 end 1787258544445
job 22_XPY_60 started 1787258544445 core=0
job 67_TGAMMA_60 end 1787258556088
job 72_TGAMMA_60 started 1787258556089 core=4
job 66_TGAMMA_120 end 1787258556491
job 73_TGAMMA_60 started 1787258556492 core=5
job 19_XPY_60 end 1787258557537
job 42_XPY_60 started 1787258557537 core=1
job 72_TGAMMA_60 end 1787258591459
job 74_TGAMMA_60 started 1787258591460 core=4
job 73_TGAMMA_60 end 1787258591896
job 76_TGAMMA_120 started 1787258591896 core=5
job 22_XPY_60 end 1787258610166
job 1_DOT_84 started 1787258610166 core=0
job 42_XPY_60 end 1787258624749
job 7_DOT_36 started 1787258624749 core=1
job 74_TGAMMA_60 end 1787258626646
job 53_POW_24 started 1787258626646 core=4
job 7_DOT_36 end 1787258656772
job 9_DOT_36 started 1787258656772 core=1
job 76_TGAMMA_120 end 1787258662748
job 55_POW_24 started 1787258662748 core=5
job 9_DOT_36 end 1787258697257
job 6_SUM_108 started 1787258697257 core=1
job 1_DOT_84 end 1787258701797
job 18_COPY_84 started 1787258701798 core=0
job 53_POW_24 end 1787258713050
job 58_POW_12 started 1787258713050 core=4
job 55_POW_24 end 1787258737704
job 59_POW_12 started 1787258737704 core=5
job 58_POW_12 end 1787258759350
job 61_POW_36 started 1787258759351 core=4
job 6_SUM_108 end 1787258762562
job 12_SUM_132 started 1787258762562 core=1
job 59_POW_12 end 1787258770888
job 68_POW_12 started 1787258770888 core=5
job 68_POW_12 end 1787258803856
job 69_POW_12 started 1787258803857 core=5
job 69_POW_12 end 1787258836831
job 28_COPY_84 started 1787258836831 core=5
job 18_COPY_84 end 1787258837826
job 70_POW_24 started 1787258837827 core=0
job 12_SUM_132 end 1787258844245
job 71_POW_36 started 1787258844245 core=1
job 61_POW_36 end 1787258877968
job 15_SUM_108 started 1787258877968 core=4
job 70_POW_24 end 1787258901392
job 75_POW_36 started 1787258901392 core=0
job 15_SUM_108 end 1787258942857
job 16_SUM_132 started 1787258942857 core=4
job 28_COPY_84 end 1787258967878
job 48_COPY_84 started 1787258967878 core=5
job 71_POW_36 end 1787258980060
job 77_POW_24 started 1787258980060 core=1
job 75_POW_36 end 1787259000476
job 17_SUM_132 started 1787259000477 core=0
job 16_SUM_132 end 1787259024101
job 78_POW_36 started 1787259024102 core=4
job 77_POW_24 end 1787259074085
job 79_POW_12 started 1787259074085 core=1
job 17_SUM_132 end 1787259082083
job 81_POW_24 started 1787259082083 core=0
job 48_COPY_84 end 1787259102784
job 2_COPY_60 started 1787259102785 core=5
job 79_POW_12 end 1787259117295
job 20_SUM_108 started 1787259117295 core=1
job 78_POW_36 end 1787259120071
job 82_POW_36 started 1787259120071 core=4
job 81_POW_24 end 1787259144711
job 85_POW_12 started 1787259144712 core=0
job 85_POW_12 end 1787259176760
job 4_COPY_60 started 1787259176761 core=0
job 2_COPY_60 end 1787259189783
job 86_POW_12 started 1787259189783 core=5
job 20_SUM_108 end 1787259208233
job 21_SUM_84 started 1787259208234 core=1
job 86_POW_12 end 1787259222931
job 90_POW_12 started 1787259222931 core=5
job 82_POW_36 end 1787259232688
job 92_POW_12 started 1787259232688 core=4
job 90_POW_12 end 1787259255854
job 23_SUM_132 started 1787259255854 core=5
job 21_SUM_84 end 1787259259246
job 93_POW_12 started 1787259259246 core=1
job 4_COPY_60 end 1787259272901
job 13_COPY_60 started 1787259272901 core=0
job 92_POW_12 end 1787259278818
job 94_POW_36 started 1787259278818 core=4
job 93_POW_12 end 1787259292026
job 95_POW_12 started 1787259292026 core=1
job 95_POW_12 end 1787259325035
job 96_POW_12 started 1787259325036 core=1
job 23_SUM_132 end 1787259335397
job 24_SUM_108 started 1787259335397 core=5
job 96_POW_12 end 1787259358228
job 25_COPY_60 started 1787259358228 core=1
job 13_COPY_60 end 1787259369374
job 99_POW_24 started 1787259369375 core=0
job 94_POW_36 end 1787259402291
job 80_TGAMMA_12 started 1787259402291 core=4
job 80_TGAMMA_12 end 1787259409172
job 83_TGAMMA_120 started 1787259409172 core=4
job 24_SUM_108 end 1787259419322
job 10_DOT_36 started 1787259419323 core=5
job 99_POW_24 end 1787259428474
job 29_DOT_84 started 1787259428474 core=0
job 25_COPY_60 end 1787259443942
job 27_SUM_84 started 1787259443943 core=1
job 10_DOT_36 end 1787259468371
job 30_SUM_84 started 1787259468373 core=5
job 83_TGAMMA_120 end 1787259479080
job 84_TGAMMA_60 started 1787259479080 core=4
job 29_DOT_84 end 1787259505018
job 33_SUM_108 started 1787259505018 core=0
job 27_SUM_84 end 1787259509883
job 35_SUM_108 started 1787259509884 core=1
job 84_TGAMMA_60 end 1787259514355
job 87_TGAMMA_12 started 1787259514355 core=4
job 87_TGAMMA_12 end 1787259521440
job 88_TGAMMA_120 started 1787259521440 core=4
job 30_SUM_84 end 1787259529525
job 40_SUM_108 started 1787259529526 core=5
job 33_SUM_108 end 1787259555810
job 41_SUM_84 started 1787259555810 core=0
job 35_SUM_108 end 1787259588051
job 44_SUM_108 started 1787259588052 core=1
job 88_TGAMMA_120 end 1787259591692
job 89_TGAMMA_60 started 1787259591692 core=4
job 41_SUM_84 end 1787259595400
job 45_SUM_132 started 1787259595400 core=0
job 40_SUM_108 end 1787259607208
job 46_SUM_84 started 1787259607208 core=5
job 89_TGAMMA_60 end 1787259626866
job 91_TGAMMA_12 started 1787259626867 core=4
job 91_TGAMMA_12 end 1787259633982
job 97_TGAMMA_12 started 1787259633982 core=4
job 97_TGAMMA_12 end 1787259641085
job 98_TGAMMA_120 started 1787259641085 core=4
job 45_SUM_132 end 1787259657792
job 31_DOT_84 started 1787259657792 core=0
job 44_SUM_108 end 1787259665756
job 32_DOT_36 started 1787259665756 core=1
job 46_SUM_84 end 1787259668045
job 34_DOT_36 started 1787259668045 core=5
job 98_TGAMMA_120 end 1787259711582
job 36_DOT_84 started 1787259711582 core=4
job 32_DOT_36 end 1787259718346
job 39_DOT_84 started 1787259718347 core=1
job 34_DOT_36 end 1787259721136
job 47_DOT_36 started 1787259721136 core=5
job 31_DOT_84 end 1787259751047
job 47_DOT_36 end 1787259774832
job 36_DOT_84 end 1787259796315
job 39_DOT_84 end 1787259804427
  итерация 0: 1602303 ms
  среднее по 1 итерациям: 1602303 ms
=== Выполняется проект: no_po_memory50_cpu50_10.txt (100 работ, перестановка ORDER) ===
fake 3 started 1787259804428 delay_ms=1
fake 2 started 1787259804428 delay_ms=0
fake 2 end 1787259804428
fake 0 started 1787259804428 delay_ms=0
fake 0 end 1787259804428
fake 1 started 1787259804428 delay_ms=0
job 52_TGAMMA_60 started 1787259804428 core=1
fake 1 end 1787259804428
job 12_XPY_60 started 1787259804428 core=4
job 22_XPY_60 started 1787259804428 core=5
fake 3 end 1787259804440
job 55_TGAMMA_12 started 1787259804441 core=0
job 55_TGAMMA_12 end 1787259811618
job 56_TGAMMA_12 started 1787259811618 core=0
job 56_TGAMMA_12 end 1787259818824
job 58_TGAMMA_120 started 1787259818824 core=0
job 52_TGAMMA_60 end 1787259839815
job 62_TGAMMA_120 started 1787259839816 core=1
job 22_XPY_60 end 1787259870285
job 24_XPY_48 started 1787259870285 core=5
job 12_XPY_60 end 1787259870351
job 29_XPY_48 started 1787259870351 core=4
job 58_TGAMMA_120 end 1787259889856
job 68_TGAMMA_12 started 1787259889856 core=0
job 68_TGAMMA_12 end 1787259897071
job 69_TGAMMA_12 started 1787259897071 core=0
job 69_TGAMMA_12 end 1787259904288
job 71_TGAMMA_60 started 1787259904288 core=0
job 62_TGAMMA_120 end 1787259910684
job 73_TGAMMA_120 started 1787259910685 core=1
job 29_XPY_48 end 1787259923025
job 31_XPY_48 started 1787259923025 core=4
job 24_XPY_48 end 1787259923070
job 33_XPY_48 started 1787259923071 core=5
job 71_TGAMMA_60 end 1787259939808
job 75_TGAMMA_60 started 1787259939809 core=0
job 75_TGAMMA_60 end 1787259975363
job 76_TGAMMA_60 started 1787259975364 core=0
job 31_XPY_48 end 1787259975784
job 40_XPY_48 started 1787259975784 core=4
job 33_XPY_48 end 1787259975801
job 5_DOT_36 started 1787259975802 core=5
job 73_TGAMMA_120 end 1787259981570
job 50_POW_24 started 1787259981570 core=1
job 76_TGAMMA_60 end 1787260011584
job 77_TGAMMA_12 started 1787260011584 core=0
job 5_DOT_36 end 1787260012584
job 1_SUM_84 started 1787260012584 core=5
job 77_TGAMMA_12 end 1787260018871
job 80_TGAMMA_120 started 1787260018871 core=0
job 40_XPY_48 end 1787260036053
job 6_DOT_84 started 1787260036053 core=4
job 50_POW_24 end 1787260052087
job 8_SUM_108 started 1787260052087 core=1
job 1_SUM_84 end 1787260066763
job 9_SUM_108 started 1787260066763 core=5
job 80_TGAMMA_120 end 1787260090001
job 82_TGAMMA_12 started 1787260090001 core=0
job 82_TGAMMA_12 end 1787260097234
job 83_TGAMMA_12 started 1787260097234 core=0
job 83_TGAMMA_12 end 1787260104465
job 85_TGAMMA_12 started 1787260104466 core=0
job 85_TGAMMA_12 end 1787260111704
job 86_TGAMMA_120 started 1787260111704 core=0
job 6_DOT_84 end 1787260112713
job 14_SUM_132 started 1787260112713 core=4
job 8_SUM_108 end 1787260131184
job 15_SUM_84 started 1787260131184 core=1
job 9_SUM_108 end 1787260145453
job 17_SUM_132 started 1787260145453 core=5
job 14_SUM_132 end 1787260174663
job 18_SUM_108 started 1787260174664 core=4
job 86_TGAMMA_120 end 1787260182294
job 87_TGAMMA_60 started 1787260182294 core=0
job 15_SUM_84 end 1787260191987
job 20_SUM_108 started 1787260191987 core=1
job 87_TGAMMA_60 end 1787260217511
job 21_SUM_84 started 1787260217512 core=0
job 18_SUM_108 end 1787260230536
job 88_TGAMMA_120 started 1787260230536 core=4
job 17_SUM_132 end 1787260241244
job 23_SUM_108 started 1787260241244 core=5
job 21_SUM_84 end 1787260261885
job 25_SUM_132 started 1787260261885 core=0
job 20_SUM_108 end 1787260270409
job 30_SUM_108 started 1787260270409 core=1
job 88_TGAMMA_120 end 1787260300759
job 90_TGAMMA_120 started 1787260300759 core=4
job 23_SUM_108 end 1787260319074
job 34_SUM_132 started 1787260319074 core=5
job 25_SUM_132 end 1787260324002
job 35_SUM_108 started 1787260324003 core=0
job 30_SUM_108 end 1787260348516
job 36_SUM_132 started 1787260348516 core=1
job 90_TGAMMA_120 end 1787260371010
job 92_TGAMMA_120 started 1787260371010 core=4
job 35_SUM_108 end 1787260374942
job 37_SUM_108 started 1787260374942 core=0
job 34_SUM_132 end 1787260414068
job 38_SUM_108 started 1787260414068 core=5
job 37_SUM_108 end 1787260425790
job 93_TGAMMA_12 started 1787260425790 core=0
job 93_TGAMMA_12 end 1787260432626
job 39_SUM_132 started 1787260432627 core=0
job 36_SUM_132 end 1787260439848
job 97_TGAMMA_120 started 1787260439848 core=1
job 92_TGAMMA_120 end 1787260441106
job 45_SUM_108 started 1787260441106 core=4
job 38_SUM_108 end 1787260471004
job 3_COPY_60 started 1787260471004 core=5
job 97_TGAMMA_120 end 1787260511191
job 98_TGAMMA_12 started 1787260511191 core=1
job 45_SUM_108 end 1787260514043
job 51_POW_36 started 1787260514044 core=4
job 98_TGAMMA_12 end 1787260518448
job 53_POW_12 started 1787260518449 core=1
job 39_SUM_132 end 1787260518459
job 4_COPY_60 started 1787260518460 core=0
job 3_COPY_60 end 1787260554117
job 54_POW_36 started 1787260554118 core=5
job 53_POW_12 end 1787260559138
job 10_COPY_60 started 1787260559139 core=1
job 4_COPY_60 end 1787260605633
job 16_COPY_60 started 1787260605633 core=0
job 51_POW_36 end 1787260639105
job 57_POW_24 started 1787260639105 core=4
job 10_COPY_60 end 1787260645861
job 27_COPY_60 started 1787260645861 core=1
job 54_POW_36 end 1787260679040
job 59_POW_36 started 1787260679040 core=5
job 16_COPY_60 end 1787260692722
job 60_POW_36 started 1787260692722 core=0
job 57_POW_24 end 1787260715389
job 28_COPY_60 started 1787260715389 core=4
job 27_COPY_60 end 1787260732698
job 47_COPY_60 started 1787260732698 core=1
job 28_COPY_60 end 1787260802310
job 61_POW_24 started 1787260802310 core=4
job 59_POW_36 end 1787260806169
job 48_COPY_60 started 1787260806169 core=5
job 60_POW_36 end 1787260808890
job 63_POW_36 started 1787260808890 core=0
job 47_COPY_60 end 1787260822904
job 0_COPY_84 started 1787260822904 core=1
job 61_POW_24 end 1787260863169
job 64_POW_24 started 1787260863170 core=4
job 63_POW_36 end 1787260900282
job 2_COPY_84 started 1787260900282 core=0
job 48_COPY_60 end 1787260918408
job 65_POW_12 started 1787260918408 core=5
job 64_POW_24 end 1787260932697
job 66_POW_36 started 1787260932697 core=4
job 65_POW_12 end 1787260960667
job 7_COPY_84 started 1787260960667 core=5
job 0_COPY_84 end 1787260967753
job 67_POW_36 started 1787260967753 core=1
job 2_COPY_84 end 1787261022183
job 13_COPY_84 started 1787261022183 core=0
job 66_POW_36 end 1787261058949
job 70_POW_36 started 1787261058949 core=4
job 7_COPY_84 end 1787261084364
job 72_POW_12 started 1787261084364 core=5
job 67_POW_36 end 1787261091799
job 26_COPY_84 started 1787261091799 core=1
job 72_POW_12 end 1787261123657
job 74_POW_36 started 1787261123659 core=5
job 13_COPY_84 end 1787261144493
job 41_COPY_84 started 1787261144494 core=0
job 70_POW_36 end 1787261185357
job 78_POW_36 started 1787261185357 core=4
job 26_COPY_84 end 1787261213638
job 43_COPY_84 started 1787261213638 core=1
job 74_POW_36 end 1787261250209
job 79_POW_12 started 1787261250210 core=5
job 41_COPY_84 end 1787261266871
job 81_POW_24 started 1787261266871 core=0
job 79_POW_12 end 1787261292875
job 84_POW_24 started 1787261292875 core=5
job 78_POW_36 end 1787261299855
job 44_COPY_84 started 1787261299855 core=4
job 43_COPY_84 end 1787261335562
job 11_DOT_36 started 1787261335562 core=1
job 81_POW_24 end 1787261339371
job 89_POW_24 started 1787261339372 core=0
job 84_POW_24 end 1787261373095
job 91_POW_12 started 1787261373095 core=5
job 11_DOT_36 end 1787261374776
job 19_DOT_84 started 1787261374776 core=1
job 91_POW_12 end 1787261411106
job 94_POW_36 started 1787261411106 core=5
job 44_COPY_84 end 1787261432396
job 32_DOT_36 started 1787261432397 core=4
job 89_POW_24 end 1787261433334
job 95_POW_12 started 1787261433334 core=0
job 19_DOT_84 end 1787261468418
job 42_DOT_36 started 1787261468418 core=1
job 32_DOT_36 end 1787261475377
job 96_POW_12 started 1787261475378 core=4
job 95_POW_12 end 1787261475897
job 46_DOT_84 started 1787261475897 core=0
job 42_DOT_36 end 1787261509906
job 49_DOT_84 started 1787261509906 core=1
job 96_POW_12 end 1787261517323
job 99_POW_24 started 1787261517323 core=4
job 94_POW_36 end 1787261538918
job 46_DOT_84 end 1787261575452
job 49_DOT_84 end 1787261582245
job 99_POW_24 end 1787261591665
  итерация 0: 1787237 ms
  среднее по 1 итерациям: 1787237 ms
=== Выполняется проект: no_po_memory50_cpu50_11.txt (100 работ, перестановка ORDER) ===
fake 3 started 1787261591666 delay_ms=1
fake 2 started 1787261591666 delay_ms=0
fake 2 end 1787261591666
fake 1 started 1787261591666 delay_ms=0
fake 1 end 1787261591666
fake 0 started 1787261591666 delay_ms=0
fake 0 end 1787261591666
job 0_XPY_60 started 1787261591666 core=4
job 5_XPY_60 started 1787261591666 core=1
job 50_TGAMMA_120 started 1787261591666 core=0
fake 3 end 1787261591667
job 52_TGAMMA_60 started 1787261591679 core=5
job 52_TGAMMA_60 end 1787261627123
job 53_TGAMMA_120 started 1787261627124 core=5
job 5_XPY_60 end 1787261657564
job 11_XPY_60 started 1787261657564 core=1
job 0_XPY_60 end 1787261657679
job 1_XPY_48 started 1787261657679 core=4
job 50_TGAMMA_120 end 1787261662683
job 55_TGAMMA_12 started 1787261662683 core=0
job 55_TGAMMA_12 end 1787261669840
job 56_TGAMMA_120 started 1787261669840 core=0
job 53_TGAMMA_120 end 1787261698043
job 57_TGAMMA_60 started 1787261698044 core=5
job 1_XPY_48 end 1787261710485
job 25_XPY_48 started 1787261710485 core=4
job 11_XPY_60 end 1787261723364
job 28_XPY_48 started 1787261723365 core=1
job 57_TGAMMA_60 end 1787261733492
job 61_TGAMMA_60 started 1787261733492 core=5
job 56_TGAMMA_120 end 1787261741009
job 63_TGAMMA_60 started 1787261741009 core=0
job 25_XPY_48 end 1787261763198
job 35_XPY_48 started 1787261763198 core=4
job 61_TGAMMA_60 end 1787261769000
job 64_TGAMMA_120 started 1787261769000 core=5
job 28_XPY_48 end 1787261776129
job 13_XPY_60 started 1787261776129 core=1
job 63_TGAMMA_60 end 1787261776638
job 65_TGAMMA_12 started 1787261776638 core=0
job 65_TGAMMA_12 end 1787261783753
job 67_TGAMMA_120 started 1787261783753 core=0
job 35_XPY_48 end 1787261815862
job 15_XPY_60 started 1787261815862 core=4
job 64_TGAMMA_120 end 1787261839890
job 72_TGAMMA_12 started 1787261839890 core=5
job 13_XPY_60 end 1787261841772
job 18_XPY_60 started 1787261841772 core=1
job 72_TGAMMA_12 end 1787261847052
job 73_TGAMMA_120 started 1787261847052 core=5
job 67_TGAMMA_120 end 1787261854826
job 74_TGAMMA_120 started 1787261854826 core=0
job 15_XPY_60 end 1787261881858
job 29_XPY_60 started 1787261881858 core=4
job 18_XPY_60 end 1787261907584
job 42_XPY_60 started 1787261907585 core=1
job 73_TGAMMA_120 end 1787261917983
job 77_TGAMMA_60 started 1787261917983 core=5
job 74_TGAMMA_120 end 1787261925902
job 78_TGAMMA_120 started 1787261925903 core=0
job 29_XPY_60 end 1787261947840
job 44_XPY_60 started 1787261947841 core=4
job 77_TGAMMA_60 end 1787261953451
job 80_TGAMMA_12 started 1787261953451 core=5
job 80_TGAMMA_12 end 1787261960647
job 81_TGAMMA_60 started 1787261960647 core=5
job 42_XPY_60 end 1787261973356
job 46_XPY_60 started 1787261973357 core=1
job 81_TGAMMA_60 end 1787261996133
job 86_TGAMMA_12 started 1787261996134 core=5
job 78_TGAMMA_120 end 1787261996973
job 88_TGAMMA_60 started 1787261996973 core=0
job 86_TGAMMA_12 end 1787262003351
job 89_TGAMMA_120 started 1787262003351 core=5
job 44_XPY_60 end 1787262013794
job 6_DOT_84 started 1787262013795 core=4
job 88_TGAMMA_60 end 1787262032263
job 51_POW_12 started 1787262032264 core=0
job 46_XPY_60 end 1787262042267
job 8_DOT_36 started 1787262042267 core=1
job 51_POW_12 end 1787262073517
job 54_POW_36 started 1787262073518 core=0
job 8_DOT_36 end 1787262074320
job 58_POW_12 started 1787262074320 core=1
job 89_TGAMMA_120 end 1787262074540
job 2_SUM_108 started 1787262074541 core=5
job 6_DOT_84 end 1787262103857
job 7_COPY_84 started 1787262103858 core=4
job 58_POW_12 end 1787262110203
job 59_POW_36 started 1787262110203 core=1
job 2_SUM_108 end 1787262142233
job 3_SUM_84 started 1787262142233 core=5
job 3_SUM_84 end 1787262192652
job 60_POW_24 started 1787262192652 core=5
job 54_POW_36 end 1787262207826
job 9_SUM_84 started 1787262207826 core=0
job 59_POW_36 end 1787262208189
job 62_POW_24 started 1787262208190 core=1
job 7_COPY_84 end 1787262235109
job 12_COPY_84 started 1787262235110 core=4
job 60_POW_24 end 1787262256012
job 66_POW_36 started 1787262256013 core=5
job 62_POW_24 end 1787262272179
job 20_SUM_108 started 1787262272179 core=1
job 9_SUM_84 end 1787262287525
job 68_POW_36 started 1787262287526 core=0
job 20_SUM_108 end 1787262337423
job 21_SUM_132 started 1787262337423 core=1
job 66_POW_36 end 1787262355400
job 24_COPY_84 started 1787262355400 core=5
job 12_COPY_84 end 1787262365208
job 69_POW_36 started 1787262365209 core=4
job 68_POW_36 end 1787262407618
job 70_POW_24 started 1787262407619 core=0
job 21_SUM_132 end 1787262451231
job 22_SUM_132 started 1787262451232 core=1
job 69_POW_36 end 1787262461136
job 71_POW_24 started 1787262461136 core=4
job 70_POW_24 end 1787262471666
job 47_COPY_84 started 1787262471667 core=0
job 24_COPY_84 end 1787262476735
job 75_POW_36 started 1787262476735 core=5
job 22_SUM_132 end 1787262539497
job 26_SUM_132 started 1787262539497 core=1
job 71_POW_24 end 1787262548412
job 76_POW_36 started 1787262548413 core=4
job 75_POW_36 end 1787262575693
job 79_POW_36 started 1787262575693 core=5
job 47_COPY_84 end 1787262607136
job 4_COPY_60 started 1787262607136 core=0
job 26_SUM_132 end 1787262618571
job 31_SUM_132 started 1787262618571 core=1
job 79_POW_36 end 1787262674609
job 82_POW_36 started 1787262674610 core=5
job 76_POW_36 end 1787262687207
job 10_COPY_60 started 1787262687208 core=4
job 31_SUM_132 end 1787262697589
job 83_POW_12 started 1787262697590 core=1
job 4_COPY_60 end 1787262707215
job 32_SUM_84 started 1787262707216 core=0
job 83_POW_12 end 1787262728938
job 84_POW_24 started 1787262728938 core=1
job 82_POW_36 end 1787262770499
job 34_SUM_132 started 1787262770499 core=5
job 10_COPY_60 end 1787262781224
job 85_POW_36 started 1787262781224 core=4
job 32_SUM_84 end 1787262784614
job 14_COPY_60 started 1787262784615 core=0
job 84_POW_24 end 1787262794366
job 87_POW_12 started 1787262794367 core=1
job 87_POW_12 end 1787262827252
job 90_POW_36 started 1787262827252 core=1
job 34_SUM_132 end 1787262850359
job 41_SUM_132 started 1787262850359 core=5
job 14_COPY_60 end 1787262881224
job 17_COPY_60 started 1787262881224 core=0
job 85_POW_36 end 1787262919327
job 92_POW_24 started 1787262919328 core=4
job 90_POW_36 end 1787262926144
job 43_SUM_84 started 1787262926144 core=1
job 41_SUM_132 end 1787262930049
job 95_POW_12 started 1787262930049 core=5
job 95_POW_12 end 1787262962991
job 91_TGAMMA_12 started 1787262962991 core=5
job 91_TGAMMA_12 end 1787262970009
job 16_DOT_84 started 1787262970010 core=5
job 43_SUM_84 end 1787262974902
job 93_TGAMMA_120 started 1787262974902 core=1
job 17_COPY_60 end 1787262978143
job 45_SUM_132 started 1787262978143 core=0
job 92_POW_24 end 1787263005448
job 48_SUM_132 started 1787263005448 core=4
job 93_TGAMMA_120 end 1787263045163
job 94_TGAMMA_12 started 1787263045163 core=1
job 16_DOT_84 end 1787263046615
job 96_TGAMMA_120 started 1787263046615 core=5
job 94_TGAMMA_12 end 1787263052078
job 49_SUM_132 started 1787263052079 core=1
job 45_SUM_132 end 1787263069126
job 30_COPY_60 started 1787263069126 core=0
job 48_SUM_132 end 1787263109544
job 36_COPY_60 started 1787263109544 core=4
job 49_SUM_132 end 1787263110466
job 97_TGAMMA_120 started 1787263110466 core=1
job 96_TGAMMA_120 end 1787263116378
job 39_COPY_60 started 1787263116378 core=5
job 30_COPY_60 end 1787263167350
job 40_COPY_60 started 1787263167350 core=0
job 97_TGAMMA_120 end 1787263180526
job 19_DOT_84 started 1787263180526 core=1
job 39_COPY_60 end 1787263182651
job 98_TGAMMA_12 started 1787263182651 core=5
job 98_TGAMMA_12 end 1787263189728
job 99_TGAMMA_60 started 1787263189728 core=5
job 36_COPY_60 end 1787263219878
job 23_DOT_84 started 1787263219878 core=4
job 99_TGAMMA_60 end 1787263224566
job 27_DOT_36 started 1787263224567 core=5
job 19_DOT_84 end 1787263266166
job 33_DOT_84 started 1787263266166 core=1
job 27_DOT_36 end 1787263274742
job 37_DOT_36 started 1787263274743 core=5
job 40_COPY_60 end 1787263284132
job 38_DOT_84 started 1787263284132 core=0
job 37_DOT_36 end 1787263328284
job 23_DOT_84 end 1787263355691
job 33_DOT_84 end 1787263361640
job 38_DOT_84 end 1787263374452
  итерация 0: 1782786 ms
  среднее по 1 итерациям: 1782786 ms
=== Выполняется проект: no_po_memory50_cpu50_12.txt (100 работ, перестановка ORDER) ===
fake 3 started 1787263374453 delay_ms=1
fake 2 started 1787263374453 delay_ms=0
fake 2 end 1787263374453
fake 0 started 1787263374453 delay_ms=0
fake 0 end 1787263374453
fake 1 started 1787263374453 delay_ms=0
fake 1 end 1787263374453
job 1_XPY_60 started 1787263374453 core=0
job 7_XPY_60 started 1787263374453 core=1
job 50_TGAMMA_12 started 1787263374453 core=4
fake 3 end 1787263374454
job 51_TGAMMA_60 started 1787263374454 core=5
job 50_TGAMMA_12 end 1787263381526
job 52_TGAMMA_120 started 1787263381527 core=4
job 51_TGAMMA_60 end 1787263409874
job 53_TGAMMA_60 started 1787263409874 core=5
job 7_XPY_60 end 1787263440220
job 13_XPY_60 started 1787263440220 core=1
job 1_XPY_60 end 1787263440552
job 6_XPY_48 started 1787263440552 core=0
job 53_TGAMMA_60 end 1787263445339
job 55_TGAMMA_60 started 1787263445339 core=5
job 52_TGAMMA_120 end 1787263452424
job 56_TGAMMA_60 started 1787263452424 core=4
job 55_TGAMMA_60 end 1787263480804
job 58_TGAMMA_120 started 1787263480804 core=5
job 56_TGAMMA_60 end 1787263487905
job 62_TGAMMA_12 started 1787263487905 core=4
job 6_XPY_48 end 1787263493391
job 9_XPY_48 started 1787263493391 core=0
job 62_TGAMMA_12 end 1787263495006
job 63_TGAMMA_120 started 1787263495006 core=4
job 13_XPY_60 end 1787263505984
job 19_XPY_48 started 1787263505984 core=1
job 9_XPY_48 end 1787263546246
job 46_XPY_48 started 1787263546246 core=0
job 58_TGAMMA_120 end 1787263551711
job 69_TGAMMA_60 started 1787263551712 core=5
job 19_XPY_48 end 1787263558606
job 49_XPY_48 started 1787263558607 core=1
job 63_TGAMMA_120 end 1787263565943
job 70_TGAMMA_12 started 1787263565944 core=4
job 70_TGAMMA_12 end 1787263573064
job 71_TGAMMA_120 started 1787263573065 core=4
job 69_TGAMMA_60 end 1787263587172
job 73_TGAMMA_60 started 1787263587172 core=5
job 46_XPY_48 end 1787263599058
job 20_XPY_60 started 1787263599058 core=0
job 49_XPY_48 end 1787263611088
job 34_XPY_60 started 1787263611088 core=1
job 73_TGAMMA_60 end 1787263622607
job 74_TGAMMA_60 started 1787263622608 core=5
job 71_TGAMMA_120 end 1787263644002
job 75_TGAMMA_60 started 1787263644002 core=4
job 74_TGAMMA_60 end 1787263658096
job 77_TGAMMA_120 started 1787263658096 core=5
job 20_XPY_60 end 1787263665014
job 37_XPY_60 started 1787263665014 core=0
job 34_XPY_60 end 1787263676897
job 43_XPY_60 started 1787263676897 core=1
job 75_TGAMMA_60 end 1787263679460
job 83_TGAMMA_120 started 1787263679460 core=4
job 77_TGAMMA_120 end 1787263729006
job 84_TGAMMA_12 started 1787263729006 core=5
job 37_XPY_60 end 1787263731042
job 44_XPY_60 started 1787263731042 core=0
job 84_TGAMMA_12 end 1787263736179
job 86_TGAMMA_120 started 1787263736180 core=5
job 43_XPY_60 end 1787263742759
job 4_DOT_36 started 1787263742759 core=1
job 83_TGAMMA_120 end 1787263750548
job 54_POW_12 started 1787263750549 core=4
job 4_DOT_36 end 1787263771960
job 11_SUM_84 started 1787263771960 core=1
job 54_POW_12 end 1787263801120
job 57_POW_36 started 1787263801120 core=4
job 86_TGAMMA_120 end 1787263806129
job 5_DOT_36 started 1787263806130 core=5
job 11_SUM_84 end 1787263808136
job 59_POW_36 started 1787263808137 core=1
job 44_XPY_60 end 1787263814328
job 25_SUM_108 started 1787263814329 core=0
job 5_DOT_36 end 1787263847970
job 0_COPY_84 started 1787263847970 core=5
job 25_SUM_108 end 1787263882430
job 60_POW_12 started 1787263882430 core=0
job 57_POW_36 end 1787263906389
job 26_SUM_132 started 1787263906390 core=4
job 60_POW_12 end 1787263914097
job 61_POW_36 started 1787263914098 core=0
job 59_POW_36 end 1787263939675
job 64_POW_12 started 1787263939675 core=1
job 0_COPY_84 end 1787263980862
job 3_COPY_84 started 1787263980862 core=5
job 26_SUM_132 end 1787263985800
job 65_POW_24 started 1787263985801 core=4
job 64_POW_12 end 1787263985856
job 27_SUM_84 started 1787263985856 core=1
job 61_POW_36 end 1787264012215
job 66_POW_36 started 1787264012215 core=0
job 65_POW_24 end 1787264049930
job 67_POW_36 started 1787264049931 core=4
job 27_SUM_84 end 1787264063808
job 29_SUM_132 started 1787264063809 core=1
job 3_COPY_84 end 1787264103997
job 8_COPY_84 started 1787264103998 core=5
job 66_POW_36 end 1787264108397
job 68_POW_12 started 1787264108397 core=0
job 68_POW_12 end 1787264140502
job 30_SUM_108 started 1787264140502 core=0
job 67_POW_36 end 1787264146449
job 72_POW_36 started 1787264146450 core=4
job 29_SUM_132 end 1787264190077
job 76_POW_12 started 1787264190077 core=1
job 30_SUM_108 end 1787264207291
job 78_POW_12 started 1787264207292 core=0
job 8_COPY_84 end 1787264232059
job 14_COPY_84 started 1787264232060 core=5
job 76_POW_12 end 1787264233940
job 32_SUM_84 started 1787264233941 core=1
job 78_POW_12 end 1787264238129
job 79_POW_12 started 1787264238129 core=0
job 72_POW_36 end 1787264244988
job 80_POW_24 started 1787264244988 core=4
job 79_POW_12 end 1787264270384
job 33_SUM_108 started 1787264270384 core=0
job 80_POW_24 end 1787264312463
job 81_POW_24 started 1787264312464 core=4
job 32_SUM_84 end 1787264312683
job 82_POW_12 started 1787264312683 core=1
job 33_SUM_108 end 1787264336951
job 31_COPY_84 started 1787264336951 core=0
job 82_POW_12 end 1787264356984
job 41_SUM_84 started 1787264356984 core=1
job 14_COPY_84 end 1787264361661
job 85_POW_12 started 1787264361661 core=5
job 81_POW_24 end 1787264392643
job 87_POW_24 started 1787264392643 core=4
job 85_POW_12 end 1787264394533
job 90_POW_12 started 1787264394534 core=5
job 41_SUM_84 end 1787264408875
job 45_SUM_84 started 1787264408876 core=1
job 90_POW_12 end 1787264427677
job 91_POW_24 started 1787264427677 core=5
job 45_SUM_84 end 1787264459328
job 92_POW_12 started 1787264459328 core=1
job 31_COPY_84 end 1787264469232
job 47_SUM_84 started 1787264469233 core=0
job 87_POW_24 end 1787264480403
job 36_COPY_84 started 1787264480403 core=4
job 92_POW_12 end 1787264491245
job 96_POW_12 started 1787264491245 core=1
job 91_POW_24 end 1787264492644
job 88_TGAMMA_120 started 1787264492644 core=5
job 96_POW_12 end 1787264518330
job 48_SUM_132 started 1787264518331 core=1
job 47_SUM_84 end 1787264535362
job 2_COPY_60 started 1787264535362 core=0
job 88_TGAMMA_120 end 1787264562043
job 89_TGAMMA_120 started 1787264562043 core=5
job 48_SUM_132 end 1787264573437
job 18_COPY_60 started 1787264573438 core=1
job 36_COPY_84 end 1787264617244
job 21_COPY_60 started 1787264617244 core=4
job 89_TGAMMA_120 end 1787264632221
job 23_COPY_60 started 1787264632221 core=5
job 18_COPY_60 end 1787264643202
job 93_TGAMMA_12 started 1787264643202 core=1
job 2_COPY_60 end 1787264648435
job 94_TGAMMA_120 started 1787264648435 core=0
job 93_TGAMMA_12 end 1787264650338
job 24_COPY_60 started 1787264650338 core=1
job 21_COPY_60 end 1787264695790
job 38_COPY_60 started 1787264695790 core=4
job 94_TGAMMA_120 end 1787264718981
job 42_COPY_60 started 1787264718983 core=0
job 23_COPY_60 end 1787264737227
job 95_TGAMMA_60 started 1787264737227 core=5
job 24_COPY_60 end 1787264751071
job 97_TGAMMA_12 started 1787264751071 core=1
job 97_TGAMMA_12 end 1787264757877
job 98_TGAMMA_120 started 1787264757877 core=1
job 95_TGAMMA_60 end 1787264771804
job 40_COPY_84 started 1787264771805 core=5
job 38_COPY_60 end 1787264775565
job 10_DOT_84 started 1787264775565 core=4
job 42_COPY_60 end 1787264810362
job 12_DOT_36 started 1787264810362 core=0
job 98_TGAMMA_120 end 1787264828356
job 99_TGAMMA_60 started 1787264828356 core=1
job 12_DOT_36 end 1787264857534
job 15_DOT_84 started 1787264857534 core=0
job 99_TGAMMA_60 end 1787264864379
job 16_DOT_84 started 1787264864379 core=1
job 40_COPY_84 end 1787264885616
job 17_DOT_84 started 1787264885616 core=5
job 10_DOT_84 end 1787264891331
job 22_DOT_36 started 1787264891332 core=4
job 22_DOT_36 end 1787264946321
job 28_DOT_36 started 1787264946322 core=4
job 15_DOT_84 end 1787264982125
job 35_DOT_84 started 1787264982126 core=0
job 16_DOT_84 end 1787264995151
job 39_DOT_36 started 1787264995151 core=1
job 28_DOT_36 end 1787265001290
job 17_DOT_84 end 1787265012431
job 39_DOT_36 end 1787265030941
job 35_DOT_84 end 1787265046137
  итерация 0: 1671684 ms
  среднее по 1 итерациям: 1671684 ms
=== Выполняется проект: no_po_memory50_cpu50_13.txt (100 работ, перестановка ORDER) ===
fake 3 started 1787265046138 delay_ms=1
fake 2 started 1787265046138 delay_ms=0
fake 2 end 1787265046138
fake 1 started 1787265046138 delay_ms=0
fake 1 end 1787265046138
fake 0 started 1787265046138 delay_ms=0
fake 0 end 1787265046138
job 18_XPY_60 started 1787265046138 core=0
job 10_XPY_60 started 1787265046138 core=1
job 50_TGAMMA_120 started 1787265046138 core=5
fake 3 end 1787265046139
job 51_TGAMMA_60 started 1787265046139 core=4
job 51_TGAMMA_60 end 1787265081558
job 52_TGAMMA_12 started 1787265081558 core=4
job 52_TGAMMA_12 end 1787265088757
job 56_TGAMMA_60 started 1787265088757 core=4
job 10_XPY_60 end 1787265111952
job 25_XPY_60 started 1787265111952 core=1
job 18_XPY_60 end 1787265112291
job 23_XPY_48 started 1787265112291 core=0
job 50_TGAMMA_120 end 1787265117001
job 57_TGAMMA_60 started 1787265117001 core=5
job 56_TGAMMA_60 end 1787265124199
job 58_TGAMMA_120 started 1787265124200 core=4
job 57_TGAMMA_60 end 1787265152479
job 60_TGAMMA_12 started 1787265152480 core=5
job 60_TGAMMA_12 end 1787265159674
job 62_TGAMMA_12 started 1787265159674 core=5
job 23_XPY_48 end 1787265165152
job 35_XPY_48 started 1787265165152 core=0
job 62_TGAMMA_12 end 1787265166860
job 63_TGAMMA_12 started 1787265166860 core=5
job 63_TGAMMA_12 end 1787265174058
job 64_TGAMMA_60 started 1787265174058 core=5
job 25_XPY_60 end 1787265177630
job 41_XPY_48 started 1787265177630 core=1
job 58_TGAMMA_120 end 1787265195150
job 68_TGAMMA_120 started 1787265195150 core=4
job 64_TGAMMA_60 end 1787265209543
job 70_TGAMMA_12 started 1787265209543 core=5
job 70_TGAMMA_12 end 1787265216744
job 72_TGAMMA_12 started 1787265216744 core=5
job 35_XPY_48 end 1787265218006
job 46_XPY_48 started 1787265218006 core=0
job 72_TGAMMA_12 end 1787265223932
job 73_TGAMMA_12 started 1787265223932 core=5
job 41_XPY_48 end 1787265230130
job 36_XPY_60 started 1787265230131 core=1
job 73_TGAMMA_12 end 1787265231098
job 74_TGAMMA_12 started 1787265231098 core=5
job 74_TGAMMA_12 end 1787265238292
job 75_TGAMMA_12 started 1787265238292 core=5
job 75_TGAMMA_12 end 1787265245498
job 76_TGAMMA_120 started 1787265245498 core=5
job 68_TGAMMA_120 end 1787265266108
job 78_TGAMMA_120 started 1787265266108 core=4
job 46_XPY_48 end 1787265270737
job 37_XPY_60 started 1787265270737 core=0
job 36_XPY_60 end 1787265295807
job 42_XPY_60 started 1787265295807 core=1
job 76_TGAMMA_120 end 1787265316368
job 81_TGAMMA_60 started 1787265316368 core=5
job 37_XPY_60 end 1787265336537
job 45_XPY_60 started 1787265336537 core=0
job 78_TGAMMA_120 end 1787265337021
job 82_TGAMMA_120 started 1787265337021 core=4
job 81_TGAMMA_60 end 1787265351842
job 83_TGAMMA_60 started 1787265351842 core=5
job 42_XPY_60 end 1787265361596
job 47_XPY_60 started 1787265361596 core=1
job 83_TGAMMA_60 end 1787265387292
job 84_TGAMMA_12 started 1787265387292 core=5
job 84_TGAMMA_12 end 1787265394496
job 85_TGAMMA_120 started 1787265394496 core=5
job 45_XPY_60 end 1787265402655
job 49_XPY_60 started 1787265402655 core=0
job 82_TGAMMA_120 end 1787265407820
job 86_TGAMMA_12 started 1787265407821 core=4
job 86_TGAMMA_12 end 1787265414954
job 88_TGAMMA_12 started 1787265414954 core=4
job 88_TGAMMA_12 end 1787265422092
job 90_TGAMMA_120 started 1787265422092 core=4
job 47_XPY_60 end 1787265427247
job 0_DOT_84 started 1787265427247 core=1
job 85_TGAMMA_120 end 1787265464784
job 53_POW_36 started 1787265464784 core=5
job 49_XPY_60 end 1787265474330
job 1_DOT_84 started 1787265474330 core=0
job 90_TGAMMA_120 end 1787265493093
job 54_POW_12 started 1787265493093 core=4
job 0_DOT_84 end 1787265507865
job 2_SUM_132 started 1787265507865 core=1
job 54_POW_12 end 1787265535061
job 55_POW_24 started 1787265535062 core=4
job 1_DOT_84 end 1787265567741
job 3_COPY_84 started 1787265567741 core=0
job 53_POW_36 end 1787265577945
job 59_POW_24 started 1787265577946 core=5
job 2_SUM_132 end 1787265592713
job 5_SUM_84 started 1787265592714 core=1
job 55_POW_24 end 1787265623980
job 61_POW_36 started 1787265623980 core=4
job 5_SUM_84 end 1787265643005
job 65_POW_36 started 1787265643005 core=1
job 59_POW_24 end 1787265644038
job 7_SUM_132 started 1787265644038 core=5
job 3_COPY_84 end 1787265703722
job 4_COPY_84 started 1787265703722 core=0
job 7_SUM_132 end 1787265723224
job 66_POW_12 started 1787265723224 core=5
job 65_POW_36 end 1787265740587
job 8_SUM_132 started 1787265740587 core=1
job 66_POW_12 end 1787265755216
job 67_POW_12 started 1787265755216 core=5
job 61_POW_36 end 1787265760433
job 69_POW_36 started 1787265760433 core=4
job 67_POW_12 end 1787265788076
job 71_POW_24 started 1787265788077 core=5
job 8_SUM_132 end 1787265819767
job 13_COPY_84 started 1787265819767 core=1
job 4_COPY_84 end 1787265836038
job 9_SUM_84 started 1787265836038 core=0
job 71_POW_24 end 1787265865818
job 77_POW_12 started 1787265865819 core=5
job 69_POW_36 end 1787265879875
job 79_POW_12 started 1787265879875 core=4
job 9_SUM_84 end 1787265886631
job 80_POW_24 started 1787265886631 core=0
job 77_POW_12 end 1787265910153
job 11_SUM_84 started 1787265910153 core=5
job 79_POW_12 end 1787265911109
job 87_POW_12 started 1787265911109 core=4
job 87_POW_12 end 1787265943035
job 20_COPY_84 started 1787265943035 core=4
job 13_COPY_84 end 1787265946612
job 89_POW_36 started 1787265946612 core=1
job 80_POW_24 end 1787265952182
job 14_SUM_108 started 1787265952183 core=0
job 11_SUM_84 end 1787265974148
job 94_POW_36 started 1787265974148 core=5
job 89_POW_36 end 1787266044338
job 17_SUM_108 started 1787266044338 core=1
job 14_SUM_108 end 1787266056206
job 95_POW_12 started 1787266056207 core=0
job 20_COPY_84 end 1787266070212
job 21_COPY_84 started 1787266070213 core=4
job 94_POW_36 end 1787266071615
job 96_POW_24 started 1787266071616 core=5
job 95_POW_12 end 1787266102446
job 97_POW_12 started 1787266102447 core=0
job 17_SUM_108 end 1787266109468
job 22_SUM_132 started 1787266109469 core=1
job 96_POW_24 end 1787266137676
job 99_POW_24 started 1787266137676 core=5
job 97_POW_12 end 1787266148838
job 91_TGAMMA_12 started 1787266148839 core=0
job 91_TGAMMA_12 end 1787266156029
job 92_TGAMMA_120 started 1787266156029 core=0
job 22_SUM_132 end 1787266188153
job 12_DOT_84 started 1787266188153 core=1
job 21_COPY_84 end 1787266192773
job 15_DOT_84 started 1787266192773 core=4
job 99_POW_24 end 1787266206174
job 31_SUM_132 started 1787266206174 core=5
job 92_TGAMMA_120 end 1787266227258
job 93_TGAMMA_120 started 1787266227258 core=0
job 15_DOT_84 end 1787266270410
job 34_SUM_108 started 1787266270410 core=4
job 12_DOT_84 end 1787266290847
job 39_SUM_84 started 1787266290847 core=1
job 93_TGAMMA_120 end 1787266298098
job 6_COPY_60 started 1787266298098 core=0
job 31_SUM_132 end 1787266316320
job 98_TGAMMA_12 started 1787266316321 core=5
job 98_TGAMMA_12 end 1787266323365
job 27_COPY_60 started 1787266323365 core=5
job 34_SUM_108 end 1787266348377
job 33_COPY_60 started 1787266348377 core=4
job 39_SUM_84 end 1787266352735
job 28_COPY_84 started 1787266352735 core=1
job 6_COPY_60 end 1787266399708
job 30_COPY_84 started 1787266399708 core=0
job 27_COPY_60 end 1787266425968
job 38_COPY_84 started 1787266425969 core=5
job 33_COPY_60 end 1787266458372
job 43_COPY_84 started 1787266458373 core=4
job 28_COPY_84 end 1787266507020
job 16_DOT_36 started 1787266507023 core=1
job 30_COPY_84 end 1787266558590
job 19_DOT_36 started 1787266558590 core=0
job 16_DOT_36 end 1787266561994
job 24_DOT_84 started 1787266561994 core=1
job 38_COPY_84 end 1787266572437
job 26_DOT_84 started 1787266572437 core=5
job 43_COPY_84 end 1787266616614
job 29_DOT_84 started 1787266616614 core=4
job 19_DOT_36 end 1787266621144
job 32_DOT_36 started 1787266621144 core=0
job 32_DOT_36 end 1787266676446
job 40_DOT_36 started 1787266676446 core=0
job 24_DOT_84 end 1787266685528
job 44_DOT_36 started 1787266685528 core=1
job 26_DOT_84 end 1787266695486
job 48_DOT_36 started 1787266695487 core=5
job 40_DOT_36 end 1787266731324
job 29_DOT_84 end 1787266738145
job 44_DOT_36 end 1787266739202
job 48_DOT_36 end 1787266742109
  итерация 0: 1695971 ms
  среднее по 1 итерациям: 1695971 ms
=== Выполняется проект: no_po_memory50_cpu50_14.txt (100 работ, перестановка ORDER) ===
fake 3 started 1787266742110 delay_ms=1
fake 2 started 1787266742110 delay_ms=0
fake 2 end 1787266742110
fake 0 started 1787266742110 delay_ms=0
fake 0 end 1787266742110
fake 1 started 1787266742110 delay_ms=0
fake 1 end 1787266742110
job 14_XPY_60 started 1787266742110 core=5
job 16_XPY_60 started 1787266742110 core=1
job 52_TGAMMA_120 started 1787266742110 core=4
fake 3 end 1787266742111
job 55_TGAMMA_60 started 1787266742111 core=0
job 55_TGAMMA_60 end 1787266776393
job 59_TGAMMA_60 started 1787266776393 core=0
job 14_XPY_60 end 1787266808681
job 25_XPY_60 started 1787266808681 core=5
job 16_XPY_60 end 1787266808786
job 1_XPY_48 started 1787266808787 core=1
job 52_TGAMMA_120 end 1787266810505
job 60_TGAMMA_12 started 1787266810505 core=4
job 59_TGAMMA_60 end 1787266810641
job 61_TGAMMA_60 started 1787266810641 core=0
job 60_TGAMMA_12 end 1787266817331
job 62_TGAMMA_12 started 1787266817332 core=4
job 62_TGAMMA_12 end 1787266824145
job 63_TGAMMA_12 started 1787266824146 core=4
job 63_TGAMMA_12 end 1787266830959
job 65_TGAMMA_12 started 1787266830959 core=4
job 65_TGAMMA_12 end 1787266837772
job 66_TGAMMA_60 started 1787266837772 core=4
job 61_TGAMMA_60 end 1787266844874
job 67_TGAMMA_120 started 1787266844874 core=0
job 1_XPY_48 end 1787266862133
job 6_XPY_48 started 1787266862133 core=1
job 66_TGAMMA_60 end 1787266871963
job 7_XPY_48 started 1787266871963 core=4
job 25_XPY_60 end 1787266877048
job 69_TGAMMA_12 started 1787266877049 core=5
job 69_TGAMMA_12 end 1787266884167
job 70_TGAMMA_120 started 1787266884168 core=5
job 67_TGAMMA_120 end 1787266914811
job 19_XPY_48 started 1787266914811 core=0
job 6_XPY_48 end 1787266917429
job 71_TGAMMA_12 started 1787266917429 core=1
job 71_TGAMMA_12 end 1787266924267
job 32_XPY_48 started 1787266924267 core=1
job 7_XPY_48 end 1787266926326
job 73_TGAMMA_60 started 1787266926326 core=4
job 70_TGAMMA_120 end 1787266954833
job 78_TGAMMA_120 started 1787266954834 core=5
job 73_TGAMMA_60 end 1787266961760
job 81_TGAMMA_12 started 1787266961760 core=4
job 81_TGAMMA_12 end 1787266968946
job 39_XPY_48 started 1787266968946 core=4
job 19_XPY_48 end 1787266970356
job 83_TGAMMA_60 started 1787266970356 core=0
job 32_XPY_48 end 1787266977074
job 47_XPY_48 started 1787266977074 core=1
job 83_TGAMMA_60 end 1787267005861
job 86_TGAMMA_12 started 1787267005862 core=0
job 86_TGAMMA_12 end 1787267013048
job 90_TGAMMA_120 started 1787267013048 core=0
job 39_XPY_48 end 1787267022395
job 31_XPY_60 started 1787267022395 core=4
job 78_TGAMMA_120 end 1787267025733
job 91_TGAMMA_120 started 1787267025734 core=5
job 47_XPY_48 end 1787267029764
job 0_DOT_84 started 1787267029764 core=1
job 90_TGAMMA_120 end 1787267085143
job 50_POW_12 started 1787267085144 core=0
job 91_TGAMMA_120 end 1787267095660
job 2_DOT_84 started 1787267095660 core=5
job 31_XPY_60 end 1787267097728
job 51_POW_36 started 1787267097728 core=4
job 0_DOT_84 end 1787267098740
job 8_SUM_132 started 1787267098740 core=1
job 50_POW_12 end 1787267124456
job 53_POW_24 started 1787267124457 core=0
job 2_DOT_84 end 1787267192657
job 3_COPY_84 started 1787267192657 core=5
job 53_POW_24 end 1787267195554
job 54_POW_12 started 1787267195554 core=0
job 51_POW_36 end 1787267203250
job 10_SUM_132 started 1787267203251 core=4
job 8_SUM_132 end 1787267207498
job 56_POW_12 started 1787267207498 core=1
job 54_POW_12 end 1787267228738
job 57_POW_36 started 1787267228738 core=0
job 56_POW_12 end 1787267253852
job 58_POW_12 started 1787267253852 core=1
job 10_SUM_132 end 1787267282510
job 64_POW_12 started 1787267282510 core=4
job 58_POW_12 end 1787267299208
job 11_SUM_108 started 1787267299208 core=1
job 64_POW_12 end 1787267313681
job 27_COPY_84 started 1787267313681 core=4
job 3_COPY_84 end 1787267322642
job 68_POW_12 started 1787267322642 core=5
job 57_POW_36 end 1787267330232
job 72_POW_12 started 1787267330232 core=0
job 68_POW_12 end 1787267355900
job 74_POW_12 started 1787267355902 core=5
job 11_SUM_108 end 1787267372880
job 12_SUM_84 started 1787267372880 core=1
job 72_POW_12 end 1787267377471
job 75_POW_36 started 1787267377471 core=0
job 74_POW_12 end 1787267389459
job 76_POW_36 started 1787267389459 core=5
job 12_SUM_84 end 1787267423546
job 17_SUM_84 started 1787267423547 core=1
job 27_COPY_84 end 1787267449057
job 29_COPY_84 started 1787267449058 core=4
job 17_SUM_84 end 1787267473828
job 20_SUM_108 started 1787267473829 core=1
job 76_POW_36 end 1787267488650
job 77_POW_12 started 1787267488650 core=5
job 75_POW_36 end 1787267516764
job 79_POW_12 started 1787267516765 core=0
job 77_POW_12 end 1787267521641
job 80_POW_24 started 1787267521641 core=5
job 20_SUM_108 end 1787267538768
job 82_POW_24 started 1787267538768 core=1
job 79_POW_12 end 1787267561444
job 22_SUM_132 started 1787267561444 core=0
job 29_COPY_84 end 1787267579943
job 37_COPY_84 started 1787267579943 core=4
job 80_POW_24 end 1787267585134
job 84_POW_12 started 1787267585134 core=5
job 82_POW_24 end 1787267601606
job 85_POW_12 started 1787267601606 core=1
job 84_POW_12 end 1787267617194
job 87_POW_12 started 1787267617195 core=5
job 85_POW_12 end 1787267633625
job 26_SUM_108 started 1787267633626 core=1
job 87_POW_12 end 1787267650630
job 88_POW_12 started 1787267650630 core=5
job 88_POW_12 end 1787267685131
job 89_POW_12 started 1787267685131 core=5
job 22_SUM_132 end 1787267690578
job 49_COPY_84 started 1787267690579 core=0
job 26_SUM_108 end 1787267700158
job 92_POW_36 started 1787267700158 core=1
job 37_COPY_84 end 1787267710503
job 94_POW_24 started 1787267710504 core=4
job 89_POW_12 end 1787267716844
job 30_SUM_84 started 1787267716845 core=5
job 30_SUM_84 end 1787267767362
job 34_SUM_84 started 1787267767362 core=5
job 92_POW_36 end 1787267797870
job 95_POW_24 started 1787267797870 core=1
job 94_POW_24 end 1787267802181
job 96_POW_36 started 1787267802181 core=4
job 34_SUM_84 end 1787267817893
job 13_COPY_60 started 1787267817894 core=5
job 49_COPY_84 end 1787267828309
job 35_SUM_84 started 1787267828309 core=0
job 35_SUM_84 end 1787267878810
job 93_TGAMMA_60 started 1787267878810 core=0
job 95_POW_24 end 1787267880665
job 4_DOT_36 started 1787267880665 core=1
job 96_POW_36 end 1787267902432
job 97_TGAMMA_12 started 1787267902432 core=4
job 13_COPY_60 end 1787267906495
job 5_DOT_84 started 1787267906495 core=5
job 97_TGAMMA_12 end 1787267909248
job 98_TGAMMA_60 started 1787267909248 core=4
job 93_TGAMMA_60 end 1787267913250
job 36_SUM_108 started 1787267913250 core=0
job 4_DOT_36 end 1787267922862
job 38_SUM_84 started 1787267922862 core=1
job 98_TGAMMA_60 end 1787267944320
job 99_TGAMMA_60 started 1787267944320 core=4
job 36_SUM_108 end 1787267964614
job 42_SUM_84 started 1787267964614 core=0
job 99_TGAMMA_60 end 1787267979494
job 43_SUM_132 started 1787267979494 core=4
job 38_SUM_84 end 1787267996876
job 44_SUM_84 started 1787267996877 core=1
job 5_DOT_84 end 1787268010197
job 45_SUM_108 started 1787268010197 core=5
job 42_SUM_84 end 1787268019711
job 46_SUM_132 started 1787268019712 core=0
job 44_SUM_84 end 1787268062606
job 48_SUM_84 started 1787268062606 core=1
job 43_SUM_132 end 1787268078935
job 18_COPY_60 started 1787268078935 core=4
job 45_SUM_108 end 1787268090646
job 9_DOT_84 started 1787268090646 core=5
job 48_SUM_84 end 1787268128010
job 15_DOT_36 started 1787268128010 core=1
job 46_SUM_132 end 1787268137754
job 21_DOT_36 started 1787268137754 core=0
job 15_DOT_36 end 1787268177633
job 23_DOT_36 started 1787268177634 core=1
job 18_COPY_60 end 1787268184725
job 24_DOT_36 started 1787268184725 core=4
job 21_DOT_36 end 1787268199965
job 28_DOT_84 started 1787268199965 core=0
job 9_DOT_84 end 1787268201311
job 33_DOT_84 started 1787268201311 core=5
job 23_DOT_36 end 1787268231217
job 40_DOT_36 started 1787268231217 core=1
job 24_DOT_36 end 1787268239010
job 41_DOT_36 started 1787268239010 core=4
job 40_DOT_36 end 1787268285904
job 41_DOT_36 end 1787268293411
job 33_DOT_84 end 1787268307986
job 28_DOT_84 end 1787268309508
  итерация 0: 1567398 ms
  среднее по 1 итерациям: 1567398 ms
=== Выполняется проект: no_po_memory50_cpu50_15.txt (100 работ, перестановка ORDER) ===
fake 3 started 1787268309509 delay_ms=1
fake 2 started 1787268309509 delay_ms=0
fake 2 end 1787268309509
fake 1 started 1787268309509 delay_ms=0
fake 0 started 1787268309509 delay_ms=0
fake 0 end 1787268309509
fake 1 end 1787268309509
job 4_XPY_60 started 1787268309509 core=0
job 5_XPY_60 started 1787268309509 core=5
job 55_TGAMMA_60 started 1787268309509 core=4
fake 3 end 1787268309510
job 57_TGAMMA_60 started 1787268309510 core=1
job 57_TGAMMA_60 end 1787268344882
job 59_TGAMMA_120 started 1787268344883 core=1
job 55_TGAMMA_60 end 1787268344901
job 61_TGAMMA_12 started 1787268344901 core=4
job 61_TGAMMA_12 end 1787268352099
job 62_TGAMMA_12 started 1787268352099 core=4
job 62_TGAMMA_12 end 1787268359307
job 65_TGAMMA_120 started 1787268359307 core=4
job 5_XPY_60 end 1787268375436
job 6_XPY_60 started 1787268375436 core=5
job 4_XPY_60 end 1787268375724
job 0_XPY_48 started 1787268375724 core=0
job 59_TGAMMA_120 end 1787268415768
job 67_TGAMMA_12 started 1787268415769 core=1
job 67_TGAMMA_12 end 1787268422887
job 68_TGAMMA_60 started 1787268422888 core=1
job 0_XPY_48 end 1787268428420
job 3_XPY_48 started 1787268428421 core=0
job 65_TGAMMA_120 end 1787268430152
job 69_TGAMMA_12 started 1787268430153 core=4
job 69_TGAMMA_12 end 1787268437344
job 70_TGAMMA_12 started 1787268437344 core=4
job 6_XPY_60 end 1787268441264
job 18_XPY_48 started 1787268441264 core=5
job 70_TGAMMA_12 end 1787268444521
job 73_TGAMMA_120 started 1787268444522 core=4
job 68_TGAMMA_60 end 1787268458308
job 74_TGAMMA_60 started 1787268458308 core=1
job 3_XPY_48 end 1787268481176
job 21_XPY_48 started 1787268481176 core=0
job 74_TGAMMA_60 end 1787268493780
job 28_XPY_48 started 1787268493780 core=1
job 18_XPY_48 end 1787268494078
job 80_TGAMMA_120 started 1787268494078 core=5
job 73_TGAMMA_120 end 1787268515417
job 84_TGAMMA_60 started 1787268515417 core=4
job 21_XPY_48 end 1787268533899
job 30_XPY_48 started 1787268533900 core=0
job 28_XPY_48 end 1787268546743
job 37_XPY_48 started 1787268546744 core=1
job 84_TGAMMA_60 end 1787268550816
job 90_TGAMMA_60 started 1787268550817 core=4
job 80_TGAMMA_120 end 1787268564912
job 91_TGAMMA_60 started 1787268564913 core=5
job 90_TGAMMA_60 end 1787268586238
job 93_TGAMMA_120 started 1787268586239 core=4
job 30_XPY_48 end 1787268586590
job 43_XPY_48 started 1787268586590 core=0
job 37_XPY_48 end 1787268599384
job 44_XPY_48 started 1787268599384 core=1
job 91_TGAMMA_60 end 1787268600344
job 94_TGAMMA_120 started 1787268600344 core=5
job 43_XPY_48 end 1787268639290
job 45_XPY_48 started 1787268639290 core=0
job 44_XPY_48 end 1787268652237
job 47_XPY_48 started 1787268652237 core=1
job 93_TGAMMA_120 end 1787268657065
job 97_TGAMMA_120 started 1787268657065 core=4
job 94_TGAMMA_120 end 1787268671276
job 98_TGAMMA_120 started 1787268671276 core=5
job 45_XPY_48 end 1787268692042
job 19_XPY_60 started 1787268692042 core=0
job 47_XPY_48 end 1787268704917
job 27_XPY_60 started 1787268704917 core=1
job 97_TGAMMA_120 end 1787268727885
job 99_TGAMMA_60 started 1787268727886 core=4
job 98_TGAMMA_120 end 1787268742157
job 50_POW_12 started 1787268742158 core=5
job 19_XPY_60 end 1787268758063
job 2_SUM_108 started 1787268758063 core=0
job 99_TGAMMA_60 end 1787268763250
job 51_POW_12 started 1787268763251 core=4
job 27_XPY_60 end 1787268779524
job 14_COPY_84 started 1787268779525 core=1
job 50_POW_12 end 1787268789781
job 52_POW_12 started 1787268789781 core=5
job 51_POW_12 end 1787268795949
job 53_POW_24 started 1787268795949 core=4
job 2_SUM_108 end 1787268821055
job 54_POW_36 started 1787268821055 core=0
job 52_POW_12 end 1787268834899
job 7_SUM_108 started 1787268834899 core=5
job 53_POW_24 end 1787268860065
job 56_POW_24 started 1787268860066 core=4
job 14_COPY_84 end 1787268906353
job 26_COPY_84 started 1787268906353 core=1
job 54_POW_36 end 1787268916603
job 10_SUM_132 started 1787268916603 core=0
job 56_POW_24 end 1787268924793
job 58_POW_24 started 1787268924793 core=4
job 7_SUM_108 end 1787268936430
job 60_POW_24 started 1787268936431 core=5
job 58_POW_24 end 1787268991073
job 11_SUM_108 started 1787268991075 core=4
job 10_SUM_132 end 1787268997467
job 63_POW_24 started 1787268997467 core=0
job 60_POW_24 end 1787269029429
job 64_POW_12 started 1787269029430 core=5
job 26_COPY_84 end 1787269041129
job 41_COPY_84 started 1787269041129 core=1
job 11_SUM_108 end 1787269056277
job 66_POW_24 started 1787269056277 core=4
job 63_POW_24 end 1787269062894
job 71_POW_36 started 1787269062894 core=0
job 64_POW_12 end 1787269073859
job 12_SUM_84 started 1787269073859 core=5
job 66_POW_24 end 1787269119568
job 72_POW_24 started 1787269119569 core=4
job 12_SUM_84 end 1787269152178
job 13_SUM_84 started 1787269152179 core=5
job 71_POW_36 end 1787269158481
job 1_DOT_84 started 1787269158482 core=0
job 41_COPY_84 end 1787269165527
job 75_POW_12 started 1787269165527 core=1
job 72_POW_24 end 1787269190954
job 15_SUM_108 started 1787269190955 core=4
job 75_POW_12 end 1787269202458
job 76_POW_36 started 1787269202458 core=1
job 13_SUM_84 end 1787269213167
job 77_POW_12 started 1787269213167 core=5
job 77_POW_12 end 1787269248902
job 8_DOT_36 started 1787269248902 core=5
job 1_DOT_84 end 1787269257297
job 78_POW_12 started 1787269257297 core=0
job 15_SUM_108 end 1787269276277
job 16_SUM_132 started 1787269276277 core=4
job 8_DOT_36 end 1787269291618
job 9_DOT_36 started 1787269291618 core=5
job 78_POW_12 end 1787269293984
job 79_POW_12 started 1787269293985 core=0
job 76_POW_36 end 1787269321640
job 81_POW_24 started 1787269321640 core=1
job 79_POW_12 end 1787269330549
job 17_SUM_132 started 1787269330550 core=0
job 9_DOT_36 end 1787269334136
job 82_POW_12 started 1787269334137 core=5
job 16_SUM_132 end 1787269364375
job 20_DOT_36 started 1787269364375 core=4
job 82_POW_12 end 1787269369451
job 83_POW_36 started 1787269369451 core=5
job 81_POW_24 end 1787269394828
job 85_POW_12 started 1787269394828 core=1
job 20_DOT_36 end 1787269405294
job 22_SUM_84 started 1787269405294 core=4
job 17_SUM_132 end 1787269426797
job 23_SUM_84 started 1787269426798 core=0
job 85_POW_12 end 1787269430127
job 86_POW_12 started 1787269430128 core=1
job 22_SUM_84 end 1787269461672
job 24_SUM_132 started 1787269461672 core=4
job 86_POW_12 end 1787269465385
job 87_POW_24 started 1787269465385 core=1
job 83_POW_36 end 1787269475984
job 25_SUM_132 started 1787269475984 core=5
job 23_SUM_84 end 1787269483629
job 88_POW_12 started 1787269483629 core=0
job 88_POW_12 end 1787269519982
job 89_POW_12 started 1787269519983 core=0
job 87_POW_24 end 1787269538716
job 92_POW_36 started 1787269538716 core=1
job 24_SUM_132 end 1787269548588
job 29_DOT_84 started 1787269548588 core=4
job 89_POW_12 end 1787269557398
job 95_POW_12 started 1787269557398 core=0
job 25_SUM_132 end 1787269562427
job 32_SUM_108 started 1787269562427 core=5
job 95_POW_12 end 1787269599440
job 96_POW_24 started 1787269599440 core=0
job 32_SUM_108 end 1787269634067
job 31_DOT_84 started 1787269634067 core=5
job 29_DOT_84 end 1787269646965
job 38_SUM_108 started 1787269646966 core=4
job 92_POW_36 end 1787269650315
job 40_SUM_84 started 1787269650315 core=1
job 96_POW_24 end 1787269680340
job 48_SUM_108 started 1787269680341 core=0
job 40_SUM_84 end 1787269725812
job 34_DOT_84 started 1787269725812 core=1
job 38_SUM_108 end 1787269725955
job 35_DOT_84 started 1787269725956 core=4
job 31_DOT_84 end 1787269740964
job 36_DOT_36 started 1787269740965 core=5
job 48_SUM_108 end 1787269769827
job 39_DOT_84 started 1787269769827 core=0
job 36_DOT_36 end 1787269795467
job 46_DOT_84 started 1787269795467 core=5
job 35_DOT_84 end 1787269844887
job 33_XPY_60 started 1787269844888 core=4
job 34_DOT_84 end 1787269852636
job 42_XPY_60 started 1787269852637 core=1
job 39_DOT_84 end 1787269902263
job 49_XPY_60 started 1787269902264 core=0
job 46_DOT_84 end 1787269925647
job 42_XPY_60 end 1787269941772
job 33_XPY_60 end 1787269947576
job 49_XPY_60 end 1787269964438
  итерация 0: 1654929 ms
  среднее по 1 итерациям: 1654929 ms
=== Выполняется проект: no_po_memory50_cpu50_16.txt (100 работ, перестановка ORDER) ===
fake 3 started 1787269964439 delay_ms=1
fake 2 started 1787269964439 delay_ms=0
fake 2 end 1787269964439
fake 0 started 1787269964439 delay_ms=0
fake 0 end 1787269964439
fake 1 started 1787269964439 delay_ms=0
fake 1 end 1787269964439
job 12_XPY_60 started 1787269964439 core=4
job 5_XPY_60 started 1787269964439 core=0
job 51_TGAMMA_60 started 1787269964439 core=1
fake 3 end 1787269964440
job 52_TGAMMA_120 started 1787269964440 core=5
job 51_TGAMMA_60 end 1787269998680
job 54_TGAMMA_60 started 1787269998680 core=1
job 12_XPY_60 end 1787270030965
job 25_XPY_60 started 1787270030965 core=4
job 5_XPY_60 end 1787270031197
job 17_XPY_48 started 1787270031197 core=0
job 54_TGAMMA_60 end 1787270032872
job 59_TGAMMA_60 started 1787270032872 core=1
job 52_TGAMMA_120 end 1787270032984
job 60_TGAMMA_120 started 1787270032985 core=5
job 59_TGAMMA_60 end 1787270067092
job 62_TGAMMA_12 started 1787270067092 core=1
job 62_TGAMMA_12 end 1787270073917
job 64_TGAMMA_120 started 1787270073917 core=1
job 17_XPY_48 end 1787270084624
job 22_XPY_48 started 1787270084624 core=0
job 25_XPY_60 end 1787270097310
job 24_XPY_48 started 1787270097310 core=4
job 60_TGAMMA_120 end 1787270101513
job 65_TGAMMA_120 started 1787270101513 core=5
job 22_XPY_48 end 1787270138034
job 40_XPY_48 started 1787270138034 core=0
job 64_TGAMMA_120 end 1787270142281
job 31_XPY_60 started 1787270142281 core=1
job 24_XPY_48 end 1787270155872
job 66_TGAMMA_12 started 1787270155872 core=4
job 66_TGAMMA_12 end 1787270163070
job 67_TGAMMA_60 started 1787270163070 core=4
job 65_TGAMMA_120 end 1787270170968
job 68_TGAMMA_12 started 1787270170968 core=5
job 68_TGAMMA_12 end 1787270178137
job 69_TGAMMA_12 started 1787270178137 core=5
job 69_TGAMMA_12 end 1787270185313
job 45_XPY_60 started 1787270185313 core=5
job 40_XPY_48 end 1787270196738
job 72_TGAMMA_60 started 1787270196738 core=0
job 67_TGAMMA_60 end 1787270198431
job 73_TGAMMA_60 started 1787270198431 core=4
job 31_XPY_60 end 1787270212664
job 6_DOT_36 started 1787270212664 core=1
job 72_TGAMMA_60 end 1787270230985
job 50_POW_36 started 1787270230985 core=0
job 73_TGAMMA_60 end 1787270232643
job 74_TGAMMA_60 started 1787270232643 core=4
job 6_DOT_36 end 1787270253335
job 0_SUM_132 started 1787270253335 core=1
job 45_XPY_60 end 1787270259660
job 9_DOT_84 started 1787270259660 core=5
job 74_TGAMMA_60 end 1787270267126
job 53_POW_24 started 1787270267127 core=4
job 50_POW_36 end 1787270326853
job 55_POW_24 started 1787270326853 core=0
job 53_POW_24 end 1787270338670
job 1_SUM_132 started 1787270338671 core=4
job 9_DOT_84 end 1787270355380
job 56_POW_24 started 1787270355380 core=5
job 0_SUM_132 end 1787270358738
job 2_COPY_84 started 1787270358739 core=1
job 55_POW_24 end 1787270396505
job 57_POW_24 started 1787270396505 core=0
job 1_SUM_132 end 1787270420489
job 58_POW_24 started 1787270420489 core=4
job 56_POW_24 end 1787270445016
job 4_SUM_108 started 1787270445016 core=5
job 57_POW_24 end 1787270460338
job 11_COPY_84 started 1787270460338 core=0
job 2_COPY_84 end 1787270486994
job 61_POW_12 started 1787270486996 core=1
job 58_POW_24 end 1787270491942
job 63_POW_36 started 1787270491942 core=4
job 61_POW_12 end 1787270519815
job 7_SUM_132 started 1787270519816 core=1
job 4_SUM_108 end 1787270525296
job 70_POW_36 started 1787270525296 core=5
job 11_COPY_84 end 1787270594816
job 71_POW_36 started 1787270594816 core=0
job 7_SUM_132 end 1787270599505
job 8_SUM_84 started 1787270599505 core=1
job 63_POW_36 end 1787270621128
job 32_COPY_84 started 1787270621128 core=4
job 70_POW_36 end 1787270624513
job 76_POW_36 started 1787270624513 core=5
job 8_SUM_84 end 1787270650182
job 10_SUM_84 started 1787270650182 core=1
job 10_SUM_84 end 1787270700563
job 77_POW_24 started 1787270700563 core=1
job 71_POW_36 end 1787270721947
job 13_SUM_84 started 1787270721947 core=0
job 76_POW_36 end 1787270722287
job 33_COPY_84 started 1787270722287 core=5
job 32_COPY_84 end 1787270751621
job 80_POW_24 started 1787270751621 core=4
job 77_POW_24 end 1787270780463
job 16_SUM_108 started 1787270780464 core=1
job 13_SUM_84 end 1787270781619
job 81_POW_24 started 1787270781619 core=0
job 80_POW_24 end 1787270816437
job 85_POW_24 started 1787270816438 core=4
job 81_POW_24 end 1787270845863
job 23_SUM_132 started 1787270845863 core=0
job 33_COPY_84 end 1787270849224
job 86_POW_36 started 1787270849224 core=5
job 16_SUM_108 end 1787270871937
job 41_COPY_84 started 1787270871937 core=1
job 85_POW_24 end 1787270883669
job 89_POW_24 started 1787270883669 core=4
job 23_SUM_132 end 1787270927074
job 27_SUM_132 started 1787270927074 core=0
job 89_POW_24 end 1787270949880
job 92_POW_24 started 1787270949880 core=4
job 86_POW_36 end 1787270981153
job 94_POW_12 started 1787270981153 core=5
job 27_SUM_132 end 1787271006527
job 42_COPY_84 started 1787271006527 core=0
job 41_COPY_84 end 1787271007258
job 97_POW_12 started 1787271007259 core=1
job 92_POW_24 end 1787271018270
job 34_SUM_132 started 1787271018270 core=4
job 94_POW_12 end 1787271020577
job 75_TGAMMA_12 started 1787271020577 core=5
job 75_TGAMMA_12 end 1787271027461
job 36_SUM_84 started 1787271027461 core=5
job 97_POW_12 end 1787271038228
job 78_TGAMMA_120 started 1787271038228 core=1
job 36_SUM_84 end 1787271067095
job 37_SUM_132 started 1787271067095 core=5
job 78_TGAMMA_120 end 1787271108049
job 39_SUM_132 started 1787271108049 core=1
job 37_SUM_132 end 1787271133851
job 79_TGAMMA_60 started 1787271133851 core=5
job 42_COPY_84 end 1787271136103
job 44_SUM_132 started 1787271136103 core=0
job 34_SUM_132 end 1787271145333
job 82_TGAMMA_12 started 1787271145333 core=4
job 82_TGAMMA_12 end 1787271152421
job 83_TGAMMA_60 started 1787271152421 core=4
job 79_TGAMMA_60 end 1787271168941
job 48_SUM_108 started 1787271168941 core=5
job 39_SUM_132 end 1787271180810
job 49_SUM_132 started 1787271180810 core=1
job 83_TGAMMA_60 end 1787271187568
job 84_TGAMMA_120 started 1787271187569 core=4
job 44_SUM_132 end 1787271200067
job 3_COPY_60 started 1787271200067 core=0
job 48_SUM_108 end 1787271242192
job 14_COPY_60 started 1787271242192 core=5
job 84_TGAMMA_120 end 1787271259086
job 87_TGAMMA_120 started 1787271259087 core=4
job 49_SUM_132 end 1787271275798
job 15_COPY_60 started 1787271275799 core=1
job 3_COPY_60 end 1787271276417
job 19_COPY_60 started 1787271276417 core=0
job 87_TGAMMA_120 end 1787271329635
job 88_TGAMMA_60 started 1787271329635 core=4
job 19_COPY_60 end 1787271342197
job 21_COPY_60 started 1787271342198 core=0
job 14_COPY_60 end 1787271343503
job 26_COPY_60 started 1787271343504 core=5
job 88_TGAMMA_60 end 1787271364837
job 90_TGAMMA_60 started 1787271364837 core=4
job 15_COPY_60 end 1787271385085
job 29_COPY_60 started 1787271385085 core=1
job 90_TGAMMA_60 end 1787271400035
job 91_TGAMMA_12 started 1787271400036 core=4
job 91_TGAMMA_12 end 1787271407170
job 93_TGAMMA_12 started 1787271407170 core=4
job 21_COPY_60 end 1787271407802
job 95_TGAMMA_12 started 1787271407802 core=0
job 93_TGAMMA_12 end 1787271414022
job 96_TGAMMA_12 started 1787271414023 core=4
job 95_TGAMMA_12 end 1787271414627
job 47_COPY_60 started 1787271414627 core=0
job 96_TGAMMA_12 end 1787271421088
job 98_TGAMMA_120 started 1787271421088 core=4
job 26_COPY_60 end 1787271448503
job 46_COPY_84 started 1787271448503 core=5
job 47_COPY_60 end 1787271480350
job 18_DOT_36 started 1787271480350 core=0
job 29_COPY_60 end 1787271490921
job 99_TGAMMA_60 started 1787271490921 core=1
job 98_TGAMMA_120 end 1787271491387
job 20_DOT_36 started 1787271491387 core=4
job 18_DOT_36 end 1787271520281
job 28_DOT_36 started 1787271520281 core=0
job 99_TGAMMA_60 end 1787271526957
job 30_DOT_36 started 1787271526957 core=1
job 20_DOT_36 end 1787271538833
job 35_DOT_36 started 1787271538834 core=4
job 28_DOT_36 end 1787271569982
job 38_DOT_84 started 1787271569982 core=0
job 35_DOT_36 end 1787271588808
job 43_DOT_84 started 1787271588808 core=4
job 30_DOT_36 end 1787271591131
job 46_COPY_84 end 1787271592207
job 38_DOT_84 end 1787271646735
job 43_DOT_84 end 1787271652861
  итерация 0: 1688422 ms
  среднее по 1 итерациям: 1688422 ms
=== Выполняется проект: no_po_memory50_cpu50_17.txt (100 работ, перестановка ORDER) ===
fake 3 started 1787271652862 delay_ms=1
fake 2 started 1787271652862 delay_ms=0
fake 0 started 1787271652862 delay_ms=0
fake 0 end 1787271652862
fake 2 end 1787271652862
fake 1 started 1787271652862 delay_ms=0
fake 1 end 1787271652862
job 32_XPY_60 started 1787271652862 core=0
job 10_XPY_60 started 1787271652862 core=4
job 50_TGAMMA_120 started 1787271652862 core=5
fake 3 end 1787271652863
job 54_TGAMMA_60 started 1787271652863 core=1
job 54_TGAMMA_60 end 1787271687116
job 55_TGAMMA_120 started 1787271687116 core=1
job 10_XPY_60 end 1787271719340
job 45_XPY_60 started 1787271719340 core=4
job 32_XPY_60 end 1787271719535
job 8_XPY_48 started 1787271719535 core=0
job 50_TGAMMA_120 end 1787271721309
job 56_TGAMMA_12 started 1787271721309 core=5
job 56_TGAMMA_12 end 1787271728140
job 57_TGAMMA_120 started 1787271728140 core=5
job 55_TGAMMA_120 end 1787271755585
job 59_TGAMMA_60 started 1787271755585 core=1
job 8_XPY_48 end 1787271772843
job 18_XPY_48 started 1787271772844 core=0
job 45_XPY_60 end 1787271785603
job 21_XPY_48 started 1787271785603 core=4
job 59_TGAMMA_60 end 1787271789816
job 63_TGAMMA_60 started 1787271789816 core=1
job 57_TGAMMA_120 end 1787271796565
job 64_TGAMMA_60 started 1787271796565 core=5
job 63_TGAMMA_60 end 1787271824064
job 25_XPY_48 started 1787271824064 core=1
job 18_XPY_48 end 1787271827437
job 65_TGAMMA_12 started 1787271827437 core=0
job 64_TGAMMA_60 end 1787271831002
job 29_XPY_48 started 1787271831002 core=5
job 65_TGAMMA_12 end 1787271834574
job 67_TGAMMA_60 started 1787271834574 core=0
job 21_XPY_48 end 1787271840251
job 68_TGAMMA_60 started 1787271840251 core=4
job 67_TGAMMA_60 end 1787271869086
job 69_TGAMMA_60 started 1787271869086 core=0
job 68_TGAMMA_60 end 1787271874435
job 77_TGAMMA_120 started 1787271874435 core=4
job 25_XPY_48 end 1787271880886
job 38_XPY_48 started 1787271880886 core=1
job 29_XPY_48 end 1787271888013
job 39_XPY_48 started 1787271888013 core=5
job 69_TGAMMA_60 end 1787271903349
job 78_TGAMMA_12 started 1787271903349 core=0
job 78_TGAMMA_12 end 1787271910185
job 79_TGAMMA_12 started 1787271910185 core=0
job 79_TGAMMA_12 end 1787271917026
job 85_TGAMMA_120 started 1787271917026 core=0
job 38_XPY_48 end 1787271934386
job 40_XPY_48 started 1787271934386 core=1
job 39_XPY_48 end 1787271941380
job 47_XPY_60 started 1787271941380 core=5
job 77_TGAMMA_120 end 1787271942817
job 86_TGAMMA_12 started 1787271942817 core=4
job 86_TGAMMA_12 end 1787271949633
job 91_TGAMMA_12 started 1787271949633 core=4
job 91_TGAMMA_12 end 1787271956445
job 95_TGAMMA_12 started 1787271956445 core=4
job 95_TGAMMA_12 end 1787271963268
job 97_TGAMMA_120 started 1787271963268 core=4
job 85_TGAMMA_120 end 1787271985506
job 0_DOT_84 started 1787271985506 core=0
job 40_XPY_48 end 1787271989399
job 51_POW_12 started 1787271989399 core=1
job 47_XPY_60 end 1787272017485
job 1_DOT_84 started 1787272017486 core=5
job 97_TGAMMA_120 end 1787272032575
job 52_POW_24 started 1787272032575 core=4
job 51_POW_12 end 1787272036887
job 53_POW_24 started 1787272036888 core=1
job 0_DOT_84 end 1787272065331
job 2_SUM_108 started 1787272065331 core=0
job 52_POW_24 end 1787272110535
job 58_POW_12 started 1787272110536 core=4
job 1_DOT_84 end 1787272116769
job 6_COPY_84 started 1787272116769 core=5
job 53_POW_24 end 1787272121647
job 60_POW_36 started 1787272121648 core=1
job 2_SUM_108 end 1787272135164
job 61_POW_36 started 1787272135164 core=0
job 58_POW_12 end 1787272143395
job 3_SUM_132 started 1787272143395 core=4
job 3_SUM_132 end 1787272222489
job 62_POW_12 started 1787272222489 core=4
job 61_POW_36 end 1787272233210
job 14_COPY_84 started 1787272233210 core=0
job 6_COPY_84 end 1787272248242
job 7_SUM_84 started 1787272248242 core=5
job 60_POW_36 end 1787272255322
job 66_POW_12 started 1787272255322 core=1
job 62_POW_12 end 1787272261353
job 70_POW_36 started 1787272261353 core=4
job 66_POW_12 end 1787272288208
job 71_POW_24 started 1787272288209 core=1
job 7_SUM_84 end 1787272298717
job 11_SUM_84 started 1787272298717 core=5
job 11_SUM_84 end 1787272349185
job 12_SUM_108 started 1787272349185 core=5
job 71_POW_24 end 1787272354573
job 16_COPY_84 started 1787272354573 core=1
job 14_COPY_84 end 1787272366271
job 72_POW_12 started 1787272366271 core=0
job 70_POW_36 end 1787272389075
job 73_POW_36 started 1787272389075 core=4
job 72_POW_12 end 1787272398527
job 74_POW_12 started 1787272398527 core=0
job 74_POW_12 end 1787272430604
job 13_SUM_84 started 1787272430604 core=0
job 12_SUM_108 end 1787272447917
job 75_POW_12 started 1787272447918 core=5
job 16_COPY_84 end 1787272481605
job 76_POW_24 started 1787272481606 core=1
job 13_SUM_84 end 1787272481789
job 80_POW_36 started 1787272481789 core=0
job 73_POW_36 end 1787272487358
job 19_COPY_84 started 1787272487359 core=4
job 75_POW_12 end 1787272490067
job 15_SUM_132 started 1787272490067 core=5
job 76_POW_24 end 1787272547146
job 81_POW_36 started 1787272547148 core=1
job 15_SUM_132 end 1787272569487
job 33_SUM_132 started 1787272569488 core=5
job 80_POW_36 end 1787272617749
job 82_POW_12 started 1787272617749 core=0
job 19_COPY_84 end 1787272622028
job 24_COPY_84 started 1787272622029 core=4
job 81_POW_36 end 1787272646152
job 83_POW_12 started 1787272646152 core=1
job 33_SUM_132 end 1787272648668
job 84_POW_24 started 1787272648669 core=5
job 82_POW_12 end 1787272662723
job 87_POW_12 started 1787272662723 core=0
job 83_POW_12 end 1787272677190
job 36_SUM_84 started 1787272677191 core=1
job 87_POW_12 end 1787272707998
job 88_POW_24 started 1787272707998 core=0
job 84_POW_24 end 1787272712753
job 37_SUM_132 started 1787272712754 core=5
job 36_SUM_84 end 1787272729257
job 89_POW_36 started 1787272729258 core=1
job 24_COPY_84 end 1787272755121
job 31_COPY_84 started 1787272755121 core=4
job 37_SUM_132 end 1787272793510
job 90_POW_12 started 1787272793511 core=5
job 88_POW_24 end 1787272800880
job 92_POW_12 started 1787272800881 core=0
job 90_POW_12 end 1787272824306
job 43_SUM_132 started 1787272824306 core=5
job 89_POW_36 end 1787272826187
job 93_POW_36 started 1787272826188 core=1
job 92_POW_12 end 1787272845234
job 94_POW_24 started 1787272845234 core=0
job 31_COPY_84 end 1787272887075
job 20_COPY_60 started 1787272887075 core=4
job 43_SUM_132 end 1787272903575
job 48_SUM_84 started 1787272903576 core=5
job 93_POW_36 end 1787272925091
job 96_POW_24 started 1787272925092 core=1
job 94_POW_24 end 1787272938164
job 22_COPY_60 started 1787272938165 core=0
job 48_SUM_84 end 1787272953836
job 98_POW_12 started 1787272953836 core=5
job 98_POW_12 end 1787272984342
job 49_SUM_132 started 1787272984342 core=5
job 96_POW_24 end 1787272988523
job 99_TGAMMA_12 started 1787272988523 core=1
job 20_COPY_60 end 1787272992649
job 28_COPY_60 started 1787272992649 core=4
job 99_TGAMMA_12 end 1787272995527
job 34_COPY_60 started 1787272995527 core=1
job 22_COPY_60 end 1787273055531
job 44_COPY_60 started 1787273055531 core=0
job 34_COPY_60 end 1787273080174
job 46_COPY_60 started 1787273080174 core=1
job 49_SUM_132 end 1787273094748
job 4_DOT_84 started 1787273094748 core=5
job 28_COPY_60 end 1787273109484
job 5_DOT_84 started 1787273109484 core=4
job 44_COPY_60 end 1787273165712
job 9_DOT_36 started 1787273165712 core=0
job 46_COPY_60 end 1787273180677
job 17_DOT_36 started 1787273180677 core=1
job 9_DOT_36 end 1787273219166
job 23_DOT_36 started 1787273219166 core=0
job 4_DOT_84 end 1787273227974
job 26_DOT_36 started 1787273227974 core=5
job 17_DOT_36 end 1787273235608
job 27_DOT_36 started 1787273235609 core=1
job 5_DOT_84 end 1787273239245
job 30_DOT_84 started 1787273239246 core=4
job 23_DOT_36 end 1787273274071
job 35_DOT_36 started 1787273274072 core=0
job 26_DOT_36 end 1787273282282
job 41_DOT_36 started 1787273282282 core=5
job 27_DOT_36 end 1787273290017
job 42_DOT_84 started 1787273290018 core=1
job 35_DOT_36 end 1787273328479
job 41_DOT_36 end 1787273336896
job 30_DOT_84 end 1787273348074
job 42_DOT_84 end 1787273365436
  итерация 0: 1712574 ms
  среднее по 1 итерациям: 1712574 ms
=== Выполняется проект: no_po_memory50_cpu50_18.txt (100 работ, перестановка ORDER) ===
fake 3 started 1787273365437 delay_ms=1
fake 2 started 1787273365437 delay_ms=0
fake 2 end 1787273365437
fake 0 started 1787273365437 delay_ms=0
fake 0 end 1787273365437
fake 1 started 1787273365437 delay_ms=0
fake 1 end 1787273365437
job 50_TGAMMA_60 started 1787273365437 core=1
job 1_XPY_60 started 1787273365437 core=4
job 8_XPY_60 started 1787273365437 core=5
fake 3 end 1787273365439
job 51_TGAMMA_12 started 1787273365439 core=0
job 51_TGAMMA_12 end 1787273372580
job 54_TGAMMA_120 started 1787273372580 core=0
job 50_TGAMMA_60 end 1787273400904
job 58_TGAMMA_120 started 1787273400904 core=1
job 1_XPY_60 end 1787273431318
job 43_XPY_60 started 1787273431319 core=4
job 8_XPY_60 end 1787273431476
job 7_XPY_48 started 1787273431477 core=5
job 54_TGAMMA_120 end 1787273443674
job 60_TGAMMA_12 started 1787273443674 core=0
job 60_TGAMMA_12 end 1787273450850
job 61_TGAMMA_12 started 1787273450850 core=0
job 61_TGAMMA_12 end 1787273458027
job 62_TGAMMA_12 started 1787273458027 core=0
job 62_TGAMMA_12 end 1787273465213
job 65_TGAMMA_120 started 1787273465213 core=0
job 58_TGAMMA_120 end 1787273471816
job 74_TGAMMA_60 started 1787273471817 core=1
job 7_XPY_48 end 1787273484152
job 13_XPY_48 started 1787273484152 core=5
job 43_XPY_60 end 1787273496972
job 15_XPY_48 started 1787273496972 core=4
job 74_TGAMMA_60 end 1787273507276
job 76_TGAMMA_120 started 1787273507276 core=1
job 65_TGAMMA_120 end 1787273536262
job 78_TGAMMA_120 started 1787273536263 core=0
job 13_XPY_48 end 1787273536901
job 48_XPY_48 started 1787273536901 core=5
job 15_XPY_48 end 1787273549606
job 47_XPY_60 started 1787273549607 core=4
job 76_TGAMMA_120 end 1787273578217
job 79_TGAMMA_60 started 1787273578218 core=1
job 48_XPY_48 end 1787273589533
job 6_DOT_36 started 1787273589533 core=5
job 78_TGAMMA_120 end 1787273607668
job 52_POW_24 started 1787273607668 core=0
job 79_TGAMMA_60 end 1787273613327
job 80_TGAMMA_120 started 1787273613327 core=1
job 6_DOT_36 end 1787273618584
job 11_DOT_36 started 1787273618584 core=5
job 47_XPY_60 end 1787273621162
job 14_DOT_36 started 1787273621162 core=4
job 11_DOT_36 end 1787273650170
job 16_DOT_84 started 1787273650170 core=5
job 14_DOT_36 end 1787273663881
job 19_DOT_36 started 1787273663881 core=4
job 80_TGAMMA_120 end 1787273683514
job 53_POW_12 started 1787273683515 core=1
job 52_POW_24 end 1787273695479
job 55_POW_12 started 1787273695480 core=0
job 19_DOT_36 end 1787273706960
job 0_SUM_108 started 1787273706960 core=4
job 53_POW_12 end 1787273726903
job 56_POW_36 started 1787273726904 core=1
job 55_POW_12 end 1787273734029
job 57_POW_36 started 1787273734030 core=0
job 16_DOT_84 end 1787273737619
job 3_COPY_84 started 1787273737619 core=5
job 0_SUM_108 end 1787273774628
job 2_SUM_84 started 1787273774630 core=4
job 2_SUM_84 end 1787273825013
job 59_POW_36 started 1787273825013 core=4
job 57_POW_36 end 1787273832983
job 63_POW_24 started 1787273832984 core=0
job 56_POW_36 end 1787273861501
job 4_SUM_108 started 1787273861502 core=1
job 3_COPY_84 end 1787273868817
job 35_COPY_84 started 1787273868817 core=5
job 63_POW_24 end 1787273895834
job 64_POW_12 started 1787273895835 core=0
job 59_POW_36 end 1787273919472
job 5_SUM_108 started 1787273919473 core=4
job 64_POW_12 end 1787273928744
job 66_POW_36 started 1787273928744 core=0
job 4_SUM_108 end 1787273965538
job 67_POW_24 started 1787273965538 core=1
job 5_SUM_108 end 1787273985932
job 9_SUM_84 started 1787273985933 core=4
job 35_COPY_84 end 1787273998021
job 37_COPY_84 started 1787273998021 core=5
job 66_POW_36 end 1787274029309
job 68_POW_36 started 1787274029309 core=0
job 9_SUM_84 end 1787274036330
job 10_SUM_132 started 1787274036330 core=4
job 67_POW_24 end 1787274057694
job 69_POW_36 started 1787274057694 core=1
job 10_SUM_132 end 1787274115398
job 12_COPY_60 started 1787274115398 core=4
job 37_COPY_84 end 1787274131994
job 70_POW_36 started 1787274131994 core=5
job 68_POW_36 end 1787274132168
job 17_SUM_132 started 1787274132169 core=0
job 69_POW_36 end 1787274175714
job 71_POW_12 started 1787274175714 core=1
job 12_COPY_60 end 1787274202211
job 72_POW_24 started 1787274202212 core=4
job 71_POW_12 end 1787274207951
job 22_COPY_60 started 1787274207951 core=1
job 70_POW_36 end 1787274237130
job 18_SUM_84 started 1787274237130 core=5
job 17_SUM_132 end 1787274237297
job 73_POW_36 started 1787274237297 core=0
job 72_POW_24 end 1787274267260
job 75_POW_24 started 1787274267261 core=4
job 22_COPY_60 end 1787274299495
job 20_SUM_84 started 1787274299495 core=1
job 18_SUM_84 end 1787274309662
job 42_COPY_60 started 1787274309663 core=5
job 75_POW_24 end 1787274331989
job 21_SUM_84 started 1787274331989 core=4
job 73_POW_36 end 1787274334752
job 77_POW_12 started 1787274334752 core=0
job 77_POW_12 end 1787274369269
job 82_POW_36 started 1787274369270 core=0
job 20_SUM_84 end 1787274378575
job 83_POW_24 started 1787274378575 core=1
job 21_SUM_84 end 1787274384044
job 23_SUM_84 started 1787274384044 core=4
job 42_COPY_60 end 1787274402459
job 24_DOT_84 started 1787274402460 core=5
job 23_SUM_84 end 1787274437359
job 25_SUM_108 started 1787274437359 core=4
job 83_POW_24 end 1787274465159
job 85_POW_24 started 1787274465159 core=1
job 82_POW_36 end 1787274475829
job 86_POW_24 started 1787274475829 core=0
job 24_DOT_84 end 1787274501369
job 26_DOT_84 started 1787274501369 core=5
job 25_SUM_108 end 1787274508610
job 87_POW_24 started 1787274508610 core=4
job 86_POW_24 end 1787274546069
job 27_SUM_108 started 1787274546069 core=0
job 85_POW_24 end 1787274546183
job 90_POW_36 started 1787274546183 core=1
job 87_POW_24 end 1787274579263
job 28_SUM_108 started 1787274579263 core=4
job 26_DOT_84 end 1787274598603
job 91_POW_24 started 1787274598603 core=5
job 27_SUM_108 end 1787274619791
job 29_SUM_132 started 1787274619791 core=0
job 28_SUM_108 end 1787274653153
job 93_POW_24 started 1787274653154 core=4
job 90_POW_36 end 1787274661176
job 30_SUM_84 started 1787274661176 core=1
job 91_POW_24 end 1787274669308
job 95_POW_24 started 1787274669308 core=5
job 29_SUM_132 end 1787274706469
job 31_SUM_108 started 1787274706469 core=0
job 30_SUM_84 end 1787274716050
job 32_DOT_84 started 1787274716051 core=1
job 93_POW_24 end 1787274724518
job 96_POW_36 started 1787274724518 core=4
job 95_POW_24 end 1787274745844
job 97_POW_24 started 1787274745844 core=5
job 31_SUM_108 end 1787274777964
job 33_SUM_108 started 1787274777965 core=0
job 32_DOT_84 end 1787274814737
job 34_SUM_132 started 1787274814737 core=1
job 97_POW_24 end 1787274828513
job 99_POW_24 started 1787274828513 core=5
job 96_POW_36 end 1787274833700
job 81_TGAMMA_12 started 1787274833700 core=4
job 81_TGAMMA_12 end 1787274840780
job 84_TGAMMA_60 started 1787274840780 core=4
job 33_SUM_108 end 1787274844427
job 36_SUM_84 started 1787274844427 core=0
job 84_TGAMMA_60 end 1787274875831
job 88_TGAMMA_12 started 1787274875831 core=4
job 36_SUM_84 end 1787274882585
job 89_TGAMMA_120 started 1787274882586 core=0
job 88_TGAMMA_12 end 1787274882894
job 38_SUM_84 started 1787274882894 core=4
job 34_SUM_132 end 1787274899703
job 39_SUM_84 started 1787274899704 core=1
job 99_POW_24 end 1787274900667
job 40_SUM_132 started 1787274900668 core=5
job 38_SUM_84 end 1787274921385
job 41_SUM_132 started 1787274921385 core=4
job 89_TGAMMA_120 end 1787274952983
job 44_SUM_132 started 1787274952983 core=0
job 39_SUM_84 end 1787274960399
job 92_TGAMMA_120 started 1787274960399 core=1
job 40_SUM_132 end 1787274983588
job 45_SUM_132 started 1787274983588 core=5
job 41_SUM_132 end 1787275000429
job 94_TGAMMA_60 started 1787275000429 core=4
job 44_SUM_132 end 1787275030272
job 46_SUM_108 started 1787275030272 core=0
job 92_TGAMMA_120 end 1787275030678
job 49_SUM_84 started 1787275030678 core=1
job 94_TGAMMA_60 end 1787275035455
job 98_TGAMMA_60 started 1787275035455 core=4
job 45_SUM_132 end 1787275051575
job 98_TGAMMA_60 end 1787275070545
job 49_SUM_84 end 1787275072892
job 46_SUM_108 end 1787275076018
  итерация 0: 1710581 ms
  среднее по 1 итерациям: 1710581 ms
=== Выполняется проект: no_po_memory50_cpu50_19.txt (100 работ, перестановка ORDER) ===
fake 3 started 1787275076019 delay_ms=1
fake 2 started 1787275076019 delay_ms=0
fake 2 end 1787275076019
fake 1 started 1787275076019 delay_ms=0
fake 1 end 1787275076019
fake 0 started 1787275076019 delay_ms=0
fake 0 end 1787275076019
job 19_XPY_60 started 1787275076019 core=0
job 23_XPY_60 started 1787275076019 core=1
job 50_TGAMMA_60 started 1787275076019 core=4
fake 3 end 1787275076020
job 52_TGAMMA_60 started 1787275076020 core=5
job 50_TGAMMA_60 end 1787275111440
job 55_TGAMMA_12 started 1787275111440 core=4
job 52_TGAMMA_60 end 1787275111481
job 58_TGAMMA_120 started 1787275111482 core=5
job 55_TGAMMA_12 end 1787275118626
job 59_TGAMMA_60 started 1787275118626 core=4
job 19_XPY_60 end 1787275141958
job 27_XPY_60 started 1787275141958 core=0
job 23_XPY_60 end 1787275141993
job 16_XPY_48 started 1787275141993 core=1
job 59_TGAMMA_60 end 1787275154040
job 60_TGAMMA_12 started 1787275154040 core=4
job 60_TGAMMA_12 end 1787275161228
job 62_TGAMMA_60 started 1787275161228 core=4
job 58_TGAMMA_120 end 1787275182447
job 63_TGAMMA_60 started 1787275182447 core=5
job 16_XPY_48 end 1787275194586
job 33_XPY_48 started 1787275194587 core=1
job 62_TGAMMA_60 end 1787275196654
job 68_TGAMMA_12 started 1787275196654 core=4
job 68_TGAMMA_12 end 1787275203845
job 71_TGAMMA_12 started 1787275203845 core=4
job 27_XPY_60 end 1787275207773
job 38_XPY_48 started 1787275207773 core=0
job 71_TGAMMA_12 end 1787275211007
job 72_TGAMMA_60 started 1787275211007 core=4
job 63_TGAMMA_60 end 1787275217958
job 73_TGAMMA_12 started 1787275217958 core=5
job 73_TGAMMA_12 end 1787275225168
job 74_TGAMMA_120 started 1787275225169 core=5
job 72_TGAMMA_60 end 1787275246425
job 76_TGAMMA_12 started 1787275246425 core=4
job 33_XPY_48 end 1787275247135
job 28_XPY_60 started 1787275247136 core=1
job 76_TGAMMA_12 end 1787275253596
job 80_TGAMMA_60 started 1787275253596 core=4
job 38_XPY_48 end 1787275260352
job 40_XPY_60 started 1787275260352 core=0
job 80_TGAMMA_60 end 1787275288981
job 81_TGAMMA_60 started 1787275288982 core=4
job 74_TGAMMA_120 end 1787275296121
job 82_TGAMMA_12 started 1787275296121 core=5
job 82_TGAMMA_12 end 1787275303326
job 86_TGAMMA_60 started 1787275303326 core=5
job 28_XPY_60 end 1787275312711
job 1_DOT_36 started 1787275312711 core=1
job 81_TGAMMA_60 end 1787275324618
job 51_POW_24 started 1787275324618 core=4
job 40_XPY_60 end 1787275328876
job 8_DOT_36 started 1787275328876 core=0
job 86_TGAMMA_60 end 1787275338503
job 53_POW_12 started 1787275338504 core=5
job 1_DOT_36 end 1787275344192
job 0_SUM_132 started 1787275344192 core=1
job 8_DOT_36 end 1787275371318
job 10_COPY_84 started 1787275371319 core=0
job 53_POW_12 end 1787275375761
job 54_POW_12 started 1787275375761 core=5
job 54_POW_12 end 1787275408787
job 56_POW_12 started 1787275408788 core=5
job 51_POW_24 end 1787275413050
job 57_POW_24 started 1787275413051 core=4
job 0_SUM_132 end 1787275425865
job 61_POW_12 started 1787275425865 core=1
job 56_POW_12 end 1787275440743
job 2_SUM_132 started 1787275440744 core=5
job 61_POW_12 end 1787275458065
job 64_POW_24 started 1787275458065 core=1
job 57_POW_24 end 1787275504136
job 65_POW_36 started 1787275504139 core=4
job 10_COPY_84 end 1787275505745
job 11_COPY_84 started 1787275505745 core=0
job 2_SUM_132 end 1787275520046
job 3_SUM_108 started 1787275520047 core=5
job 64_POW_24 end 1787275523950
job 66_POW_24 started 1787275523950 core=1
job 3_SUM_108 end 1787275585134
job 67_POW_12 started 1787275585134 core=5
job 66_POW_24 end 1787275589559
job 4_SUM_108 started 1787275589559 core=1
job 67_POW_12 end 1787275618052
job 31_COPY_84 started 1787275618052 core=5
job 11_COPY_84 end 1787275639515
job 69_POW_24 started 1787275639515 core=0
job 65_POW_36 end 1787275640339
job 70_POW_36 started 1787275640339 core=4
job 4_SUM_108 end 1787275673550
job 6_SUM_108 started 1787275673550 core=1
job 69_POW_24 end 1787275703693
job 75_POW_12 started 1787275703693 core=0
job 75_POW_12 end 1787275735802
job 77_POW_12 started 1787275735803 core=0
job 70_POW_36 end 1787275736316
job 44_COPY_84 started 1787275736316 core=4
job 31_COPY_84 end 1787275740522
job 78_POW_12 started 1787275740522 core=5
job 6_SUM_108 end 1787275762069
job 7_SUM_132 started 1787275762069 core=1
job 78_POW_12 end 1787275773855
job 79_POW_36 started 1787275773855 core=5
job 77_POW_12 end 1787275781399
job 83_POW_12 started 1787275781400 core=0
job 83_POW_12 end 1787275828108
job 84_POW_12 started 1787275828109 core=0
job 7_SUM_132 end 1787275841327
job 9_SUM_108 started 1787275841327 core=1
job 44_COPY_84 end 1787275871251
job 85_POW_36 started 1787275871251 core=4
job 79_POW_36 end 1787275873256
job 45_COPY_84 started 1787275873256 core=5
job 84_POW_12 end 1787275873836
job 87_POW_36 started 1787275873837 core=0
job 9_SUM_108 end 1787275923609
job 15_SUM_108 started 1787275923609 core=1
job 85_POW_36 end 1787275967309
job 88_POW_24 started 1787275967309 core=4
job 87_POW_36 end 1787275969973
job 89_POW_12 started 1787275969973 core=0
job 45_COPY_84 end 1787275995807
job 5_COPY_60 started 1787275995807 core=5
job 89_POW_12 end 1787276001976
job 18_SUM_84 started 1787276001976 core=0
job 15_SUM_108 end 1787276025366
job 91_POW_24 started 1787276025366 core=1
job 88_POW_24 end 1787276033379
job 92_POW_36 started 1787276033379 core=4
job 18_SUM_84 end 1787276053435
job 24_SUM_108 started 1787276053435 core=0
job 5_COPY_60 end 1787276091626
job 17_COPY_60 started 1787276091626 core=5
job 91_POW_24 end 1787276117516
job 93_POW_12 started 1787276117516 core=1
job 24_SUM_108 end 1787276118312
job 25_SUM_84 started 1787276118312 core=0
job 92_POW_36 end 1787276132536
job 95_POW_36 started 1787276132536 core=4
job 93_POW_12 end 1787276163607
job 96_POW_12 started 1787276163607 core=1
job 25_SUM_84 end 1787276168944
job 21_COPY_60 started 1787276168944 core=0
job 17_COPY_60 end 1787276186454
job 97_POW_36 started 1787276186455 core=5
job 96_POW_12 end 1787276201019
job 26_SUM_108 started 1787276201019 core=1
job 95_POW_36 end 1787276253859
job 90_TGAMMA_120 started 1787276253860 core=4
job 21_COPY_60 end 1787276260425
job 12_DOT_36 started 1787276260426 core=0
job 26_SUM_108 end 1787276266144
job 13_DOT_36 started 1787276266144 core=1
job 97_POW_36 end 1787276291348
job 29_SUM_108 started 1787276291348 core=5
job 12_DOT_36 end 1787276292254
job 32_SUM_132 started 1787276292254 core=0
job 13_DOT_36 end 1787276309181
job 35_SUM_132 started 1787276309181 core=1
job 90_TGAMMA_120 end 1787276324371
job 94_TGAMMA_60 started 1787276324371 core=4
job 32_SUM_132 end 1787276354523
job 98_TGAMMA_12 started 1787276354523 core=0
job 94_TGAMMA_60 end 1787276359416
job 99_TGAMMA_120 started 1787276359416 core=4
job 98_TGAMMA_12 end 1787276361363
job 39_SUM_84 started 1787276361364 core=0
job 29_SUM_108 end 1787276368577
job 41_SUM_132 started 1787276368577 core=5
job 35_SUM_132 end 1787276400868
job 42_SUM_84 started 1787276400868 core=1
job 39_SUM_84 end 1787276400890
job 46_SUM_132 started 1787276400890 core=0
job 99_TGAMMA_120 end 1787276429731
job 47_SUM_132 started 1787276429731 core=4
job 42_SUM_84 end 1787276462376
job 48_SUM_84 started 1787276462376 core=1
job 41_SUM_132 end 1787276465339
job 22_COPY_60 started 1787276465339 core=5
job 46_SUM_132 end 1787276481782
job 34_COPY_60 started 1787276481782 core=0
job 47_SUM_132 end 1787276541020
job 36_COPY_60 started 1787276541020 core=4
job 48_SUM_84 end 1787276545166
job 14_DOT_36 started 1787276545167 core=1
job 22_COPY_60 end 1787276557072
job 20_DOT_36 started 1787276557072 core=5
job 34_COPY_60 end 1787276583764
job 30_DOT_84 started 1787276583764 core=0
job 14_DOT_36 end 1787276594096
job 37_DOT_36 started 1787276594096 core=1
job 20_DOT_36 end 1787276605050
job 43_DOT_84 started 1787276605050 core=5
job 37_DOT_36 end 1787276644183
job 49_DOT_84 started 1787276644184 core=1
job 36_COPY_60 end 1787276659497
job 30_DOT_84 end 1787276693374
job 43_DOT_84 end 1787276710520
job 49_DOT_84 end 1787276723211
  итерация 0: 1647192 ms
  среднее по 1 итерациям: 1647192 ms
=== Выполняется проект: no_po_memory50_cpu50_2.txt (100 работ, перестановка ORDER) ===
fake 3 started 1787276723212 delay_ms=1
fake 0 started 1787276723212 delay_ms=0
fake 0 end 1787276723212
fake 2 started 1787276723212 delay_ms=0
fake 2 end 1787276723212
fake 1 started 1787276723212 delay_ms=0
fake 1 end 1787276723212
job 7_XPY_60 started 1787276723212 core=5
job 4_XPY_60 started 1787276723212 core=1
fake 3 end 1787276723222
job 54_TGAMMA_60 started 1787276723223 core=0
job 55_TGAMMA_60 started 1787276723234 core=4
job 55_TGAMMA_60 end 1787276757467
job 56_TGAMMA_120 started 1787276757467 core=4
job 54_TGAMMA_60 end 1787276757568
job 58_TGAMMA_120 started 1787276757569 core=0
job 4_XPY_60 end 1787276790284
job 10_XPY_60 started 1787276790284 core=1
job 7_XPY_60 end 1787276790350
job 13_XPY_48 started 1787276790350 core=5
job 56_TGAMMA_120 end 1787276826006
job 61_TGAMMA_12 started 1787276826007 core=4
job 58_TGAMMA_120 end 1787276826163
job 62_TGAMMA_120 started 1787276826163 core=0
job 61_TGAMMA_12 end 1787276832852
job 63_TGAMMA_120 started 1787276832852 core=4
job 13_XPY_48 end 1787276843723
job 16_XPY_48 started 1787276843723 core=5
job 10_XPY_60 end 1787276856845
job 17_XPY_48 started 1787276856845 core=1
job 62_TGAMMA_120 end 1787276894732
job 28_XPY_48 started 1787276894732 core=0
job 16_XPY_48 end 1787276898418
job 64_TGAMMA_60 started 1787276898419 core=5
job 63_TGAMMA_120 end 1787276901575
job 18_XPY_60 started 1787276901575 core=4
job 17_XPY_48 end 1787276911723
job 65_TGAMMA_12 started 1787276911723 core=1
job 65_TGAMMA_12 end 1787276918533
job 66_TGAMMA_120 started 1787276918533 core=1
job 64_TGAMMA_60 end 1787276933149
job 69_TGAMMA_60 started 1787276933149 core=5
job 28_XPY_48 end 1787276951915
job 24_XPY_60 started 1787276951915 core=0
job 69_TGAMMA_60 end 1787276967363
job 70_TGAMMA_120 started 1787276967363 core=5
job 18_XPY_60 end 1787276972416
job 31_XPY_60 started 1787276972417 core=4
job 66_TGAMMA_120 end 1787276986922
job 71_TGAMMA_120 started 1787276986923 core=1
job 24_XPY_60 end 1787277018734
job 38_XPY_60 started 1787277018734 core=0
job 70_TGAMMA_120 end 1787277035761
job 43_XPY_60 started 1787277035761 core=5
job 31_XPY_60 end 1787277041149
job 73_TGAMMA_12 started 1787277041149 core=4
job 73_TGAMMA_12 end 1787277048269
job 76_TGAMMA_12 started 1787277048270 core=4
job 76_TGAMMA_12 end 1787277055386
job 77_TGAMMA_12 started 1787277055386 core=4
job 71_TGAMMA_120 end 1787277055917
job 78_TGAMMA_60 started 1787277055917 core=1
job 77_TGAMMA_12 end 1787277062506
job 80_TGAMMA_120 started 1787277062506 core=4
job 38_XPY_60 end 1787277087597
job 44_XPY_60 started 1787277087597 core=0
job 78_TGAMMA_60 end 1787277091349
job 81_TGAMMA_60 started 1787277091350 core=1
job 43_XPY_60 end 1787277101528
job 47_XPY_60 started 1787277101528 core=5
job 81_TGAMMA_60 end 1787277126784
job 82_TGAMMA_120 started 1787277126784 core=1
job 80_TGAMMA_120 end 1787277133456
job 83_TGAMMA_60 started 1787277133456 core=4
job 44_XPY_60 end 1787277153476
job 0_DOT_84 started 1787277153476 core=0
job 83_TGAMMA_60 end 1787277168698
job 50_POW_24 started 1787277168698 core=4
job 47_XPY_60 end 1787277168900
job 9_DOT_36 started 1787277168900 core=5
job 82_TGAMMA_120 end 1787277197636
job 51_POW_36 started 1787277197636 core=1
job 9_DOT_36 end 1787277202340
job 2_SUM_132 started 1787277202340 core=5
job 0_DOT_84 end 1787277243942
job 1_COPY_84 started 1787277243942 core=0
job 50_POW_24 end 1787277256607
job 52_POW_36 started 1787277256607 core=4
job 2_SUM_132 end 1787277285437
job 5_SUM_84 started 1787277285437 core=5
job 51_POW_36 end 1787277301943
job 53_POW_12 started 1787277301943 core=1
job 53_POW_12 end 1787277334862
job 57_POW_36 started 1787277334862 core=1
job 5_SUM_84 end 1787277336060
job 59_POW_12 started 1787277336061 core=5
job 59_POW_12 end 1787277366881
job 3_COPY_84 started 1787277366883 core=5
job 1_COPY_84 end 1787277375469
job 8_SUM_84 started 1787277375470 core=0
job 52_POW_36 end 1787277387569
job 60_POW_24 started 1787277387569 core=4
job 8_SUM_84 end 1787277426118
job 19_SUM_132 started 1787277426118 core=0
job 60_POW_24 end 1787277453780
job 67_POW_12 started 1787277453780 core=4
job 57_POW_36 end 1787277456372
job 68_POW_36 started 1787277456372 core=1
job 67_POW_12 end 1787277486670
job 11_COPY_84 started 1787277486670 core=4
job 3_COPY_84 end 1787277500415
job 72_POW_12 started 1787277500415 core=5
job 19_SUM_132 end 1787277514637
job 21_SUM_132 started 1787277514637 core=0
job 72_POW_12 end 1787277532315
job 74_POW_24 started 1787277532315 core=5
job 68_POW_36 end 1787277565445
job 75_POW_12 started 1787277565446 core=1
job 74_POW_24 end 1787277596478
job 23_SUM_84 started 1787277596479 core=5
job 75_POW_12 end 1787277597733
job 79_POW_24 started 1787277597733 core=1
job 11_COPY_84 end 1787277612179
job 29_COPY_84 started 1787277612179 core=4
job 21_SUM_132 end 1787277638783
job 85_POW_36 started 1787277638784 core=0
job 23_SUM_84 end 1787277648405
job 26_SUM_84 started 1787277648405 core=5
job 79_POW_24 end 1787277665292
job 87_POW_12 started 1787277665292 core=1
job 87_POW_12 end 1787277698254
job 89_POW_12 started 1787277698254 core=1
job 26_SUM_84 end 1787277699001
job 30_SUM_84 started 1787277699001 core=5
job 89_POW_12 end 1787277731329
job 91_POW_12 started 1787277731329 core=1
job 29_COPY_84 end 1787277747296
job 6_COPY_60 started 1787277747297 core=4
job 30_SUM_84 end 1787277749361
job 93_POW_24 started 1787277749361 core=5
job 91_POW_12 end 1787277763261
job 95_POW_36 started 1787277763261 core=1
job 85_POW_36 end 1787277775958
job 32_SUM_84 started 1787277775958 core=0
job 93_POW_24 end 1787277812394
job 27_COPY_60 started 1787277812394 core=5
job 6_COPY_60 end 1787277834125
job 96_POW_36 started 1787277834125 core=4
job 32_SUM_84 end 1787277847817
job 33_SUM_84 started 1787277847817 core=0
job 95_POW_36 end 1787277877847
job 97_POW_36 started 1787277877848 core=1
job 33_SUM_84 end 1787277898281
job 35_SUM_108 started 1787277898281 core=0
job 27_COPY_60 end 1787277907651
job 34_COPY_60 started 1787277907651 core=5
job 96_POW_36 end 1787277933203
job 84_TGAMMA_12 started 1787277933203 core=4
job 84_TGAMMA_12 end 1787277940205
job 86_TGAMMA_12 started 1787277940205 core=4
job 86_TGAMMA_12 end 1787277947220
job 88_TGAMMA_12 started 1787277947221 core=4
job 35_SUM_108 end 1787277953934
job 90_TGAMMA_120 started 1787277953935 core=0
job 88_TGAMMA_12 end 1787277954216
job 12_DOT_84 started 1787277954216 core=4
job 34_COPY_60 end 1787278002890
job 36_SUM_132 started 1787278002890 core=5
job 97_POW_36 end 1787278013641
job 39_SUM_84 started 1787278013641 core=1
job 90_TGAMMA_120 end 1787278023980
job 92_TGAMMA_120 started 1787278023980 core=0
job 12_DOT_84 end 1787278024019
job 41_SUM_108 started 1787278024020 core=4
job 39_SUM_84 end 1787278074267
job 42_SUM_84 started 1787278074268 core=1
job 41_SUM_108 end 1787278074960
job 45_SUM_108 started 1787278074960 core=4
job 92_TGAMMA_120 end 1787278094652
job 94_TGAMMA_12 started 1787278094653 core=0
job 36_SUM_132 end 1787278097465
job 98_TGAMMA_60 started 1787278097466 core=5
job 94_TGAMMA_12 end 1787278101778
job 48_SUM_84 started 1787278101778 core=0
job 42_SUM_84 end 1787278121366
job 46_COPY_60 started 1787278121367 core=1
job 98_TGAMMA_60 end 1787278132904
job 14_DOT_84 started 1787278132905 core=5
job 45_SUM_108 end 1787278136699
job 99_TGAMMA_12 started 1787278136699 core=4
job 99_TGAMMA_12 end 1787278143730
job 15_DOT_84 started 1787278143730 core=4
job 48_SUM_84 end 1787278158107
job 20_DOT_84 started 1787278158108 core=0
job 46_COPY_60 end 1787278229650
job 22_DOT_36 started 1787278229650 core=1
job 15_DOT_84 end 1787278260245
job 25_DOT_84 started 1787278260245 core=4
job 14_DOT_84 end 1787278274861
job 37_DOT_36 started 1787278274862 core=5
job 20_DOT_84 end 1787278279828
job 40_DOT_36 started 1787278279829 core=0
job 22_DOT_36 end 1787278283961
job 49_DOT_36 started 1787278283962 core=1
job 37_DOT_36 end 1787278329706
job 49_DOT_36 end 1787278334568
job 40_DOT_36 end 1787278334597
job 25_DOT_84 end 1787278350234
  итерация 0: 1627022 ms
  среднее по 1 итерациям: 1627022 ms
=== Выполняется проект: no_po_memory50_cpu50_20.txt (100 работ, перестановка ORDER) ===
fake 3 started 1787278350235 delay_ms=1
fake 2 started 1787278350235 delay_ms=0
fake 2 end 1787278350235
fake 0 started 1787278350235 delay_ms=0
fake 0 end 1787278350235
fake 1 started 1787278350235 delay_ms=0
fake 1 end 1787278350235
job 5_XPY_60 started 1787278350235 core=4
job 7_XPY_60 started 1787278350235 core=0
job 50_TGAMMA_120 started 1787278350235 core=1
fake 3 end 1787278350236
job 51_TGAMMA_60 started 1787278350236 core=5
job 51_TGAMMA_60 end 1787278384521
job 55_TGAMMA_120 started 1787278384521 core=5
job 5_XPY_60 end 1787278416636
job 29_XPY_60 started 1787278416636 core=4
job 7_XPY_60 end 1787278416857
job 4_XPY_48 started 1787278416858 core=0
job 50_TGAMMA_120 end 1787278418631
job 57_TGAMMA_12 started 1787278418631 core=1
job 57_TGAMMA_12 end 1787278425460
job 59_TGAMMA_60 started 1787278425460 core=1
job 55_TGAMMA_120 end 1787278453030
job 60_TGAMMA_60 started 1787278453030 core=5
job 59_TGAMMA_60 end 1787278459665
job 62_TGAMMA_12 started 1787278459665 core=1
job 62_TGAMMA_12 end 1787278466489
job 6_XPY_48 started 1787278466489 core=1
job 4_XPY_48 end 1787278472459
job 63_TGAMMA_12 started 1787278472460 core=0
job 63_TGAMMA_12 end 1787278479670
job 64_TGAMMA_120 started 1787278479671 core=0
job 29_XPY_60 end 1787278485400
job 16_XPY_48 started 1787278485400 core=4
job 60_TGAMMA_60 end 1787278487979
job 67_TGAMMA_12 started 1787278487979 core=5
job 67_TGAMMA_12 end 1787278495162
job 68_TGAMMA_12 started 1787278495162 core=5
job 68_TGAMMA_12 end 1787278502335
job 69_TGAMMA_60 started 1787278502336 core=5
job 6_XPY_48 end 1787278519084
job 22_XPY_48 started 1787278519084 core=1
job 69_TGAMMA_60 end 1787278537826
job 36_XPY_48 started 1787278537826 core=5
job 16_XPY_48 end 1787278538185
job 70_TGAMMA_60 started 1787278538185 core=4
job 64_TGAMMA_120 end 1787278549952
job 72_TGAMMA_120 started 1787278549953 core=0
job 22_XPY_48 end 1787278572031
job 43_XPY_48 started 1787278572031 core=1
job 70_TGAMMA_60 end 1787278572380
job 74_TGAMMA_12 started 1787278572380 core=4
job 74_TGAMMA_12 end 1787278579202
job 75_TGAMMA_120 started 1787278579202 core=4
job 36_XPY_48 end 1787278591562
job 35_XPY_60 started 1787278591562 core=5
job 72_TGAMMA_120 end 1787278618437
job 76_TGAMMA_120 started 1787278618437 core=0
job 43_XPY_48 end 1787278625349
job 39_XPY_60 started 1787278625349 core=1
job 75_TGAMMA_120 end 1787278647546
job 48_XPY_60 started 1787278647546 core=4
job 35_XPY_60 end 1787278665577
job 77_TGAMMA_60 started 1787278665577 core=5
job 76_TGAMMA_120 end 1787278688458
job 79_TGAMMA_60 started 1787278688458 core=0
job 39_XPY_60 end 1787278699394
job 80_TGAMMA_60 started 1787278699394 core=1
job 77_TGAMMA_60 end 1787278701238
job 11_DOT_36 started 1787278701238 core=5
job 48_XPY_60 end 1787278714174
job 13_DOT_36 started 1787278714174 core=4
job 79_TGAMMA_60 end 1787278724597
job 14_DOT_84 started 1787278724597 core=0
job 11_DOT_36 end 1787278732274
job 52_POW_24 started 1787278732274 core=5
job 80_TGAMMA_60 end 1787278734685
job 53_POW_24 started 1787278734685 core=1
job 13_DOT_36 end 1787278758136
job 1_SUM_108 started 1787278758136 core=4
job 52_POW_24 end 1787278803525
job 54_POW_12 started 1787278803527 core=5
job 53_POW_24 end 1787278806352
job 56_POW_24 started 1787278806352 core=1
job 14_DOT_84 end 1787278826825
job 9_COPY_84 started 1787278826825 core=0
job 54_POW_12 end 1787278838049
job 2_SUM_132 started 1787278838049 core=5
job 1_SUM_108 end 1787278848760
job 58_POW_24 started 1787278848760 core=4
job 56_POW_24 end 1787278874144
job 61_POW_24 started 1787278874145 core=1
job 2_SUM_132 end 1787278917953
job 65_POW_36 started 1787278917953 core=5
job 61_POW_24 end 1787278938784
job 3_SUM_108 started 1787278938784 core=1
job 58_POW_24 end 1787278939483
job 27_COPY_84 started 1787278939484 core=4
job 9_COPY_84 end 1787278963955
job 66_POW_12 started 1787278963956 core=0
job 3_SUM_108 end 1787279003167
job 71_POW_36 started 1787279003167 core=1
job 66_POW_12 end 1787279009924
job 8_SUM_84 started 1787279009925 core=0
job 65_POW_36 end 1787279014783
job 73_POW_12 started 1787279014783 core=5
job 73_POW_12 end 1787279046895
job 10_SUM_132 started 1787279046895 core=5
job 27_COPY_84 end 1787279076578
job 78_POW_12 started 1787279076578 core=4
job 8_SUM_84 end 1787279085187
job 32_COPY_84 started 1787279085188 core=0
job 71_POW_36 end 1787279102747
job 81_POW_24 started 1787279102747 core=1
job 78_POW_12 end 1787279120104
job 82_POW_24 started 1787279120104 core=4
job 10_SUM_132 end 1787279128091
job 12_SUM_108 started 1787279128091 core=5
job 81_POW_24 end 1787279168802
job 84_POW_24 started 1787279168802 core=1
job 12_SUM_108 end 1787279193155
job 85_POW_36 started 1787279193155 core=5
job 82_POW_24 end 1787279210955
job 47_COPY_84 started 1787279210955 core=4
job 32_COPY_84 end 1787279219974
job 15_SUM_84 started 1787279219974 core=0
job 84_POW_24 end 1787279232265
job 86_POW_12 started 1787279232265 core=1
job 86_POW_12 end 1787279264259
job 92_POW_12 started 1787279264259 core=1
job 85_POW_36 end 1787279288031
job 93_POW_24 started 1787279288031 core=5
job 92_POW_12 end 1787279296392
job 21_SUM_108 started 1787279296392 core=1
job 15_SUM_84 end 1787279298426
job 94_POW_24 started 1787279298426 core=0
job 47_COPY_84 end 1787279339760
job 0_COPY_60 started 1787279339760 core=4
job 93_POW_24 end 1787279354023
job 99_POW_12 started 1787279354023 core=5
job 21_SUM_108 end 1787279361221
job 23_SUM_84 started 1787279361221 core=1
job 99_POW_12 end 1787279387220
job 83_TGAMMA_120 started 1787279387221 core=5
job 94_POW_24 end 1787279391170
job 26_SUM_132 started 1787279391170 core=0
job 23_SUM_84 end 1787279404580
job 28_SUM_132 started 1787279404580 core=1
job 0_COPY_60 end 1787279435742
job 30_SUM_84 started 1787279435742 core=4
job 83_TGAMMA_120 end 1787279457323
job 87_TGAMMA_12 started 1787279457323 core=5
job 28_SUM_132 end 1787279463996
job 31_SUM_108 started 1787279463996 core=1
job 87_TGAMMA_12 end 1787279464426
job 88_TGAMMA_120 started 1787279464426 core=5
job 30_SUM_84 end 1787279496239
job 34_SUM_84 started 1787279496239 core=4
job 26_SUM_132 end 1787279496998
job 44_SUM_132 started 1787279496999 core=0
job 31_SUM_108 end 1787279514763
job 45_SUM_132 started 1787279514763 core=1
job 88_TGAMMA_120 end 1787279534999
job 46_SUM_108 started 1787279534999 core=5
job 34_SUM_84 end 1787279557538
job 89_TGAMMA_12 started 1787279557538 core=4
job 89_TGAMMA_12 end 1787279564642
job 90_TGAMMA_60 started 1787279564643 core=4
job 44_SUM_132 end 1787279580753
job 49_SUM_84 started 1787279580754 core=0
job 90_TGAMMA_60 end 1787279599798
job 91_TGAMMA_120 started 1787279599798 core=4
job 45_SUM_132 end 1787279600763
job 20_COPY_60 started 1787279600764 core=1
job 49_SUM_84 end 1787279618886
job 25_COPY_60 started 1787279618886 core=0
job 46_SUM_108 end 1787279618992
job 42_COPY_60 started 1787279618992 core=5
job 91_TGAMMA_120 end 1787279670014
job 95_TGAMMA_60 started 1787279670014 core=4
job 25_COPY_60 end 1787279684640
job 96_TGAMMA_60 started 1787279684640 core=0
job 20_COPY_60 end 1787279697796
job 17_DOT_84 started 1787279697797 core=1
job 95_TGAMMA_60 end 1787279704647
job 18_DOT_36 started 1787279704648 core=4
job 42_COPY_60 end 1787279714306
job 97_TGAMMA_120 started 1787279714306 core=5
job 96_TGAMMA_60 end 1787279719222
job 19_DOT_84 started 1787279719222 core=0
job 18_DOT_36 end 1787279747509
job 24_DOT_36 started 1787279747509 core=4
job 17_DOT_84 end 1787279779913
job 33_DOT_84 started 1787279779914 core=1
job 97_TGAMMA_120 end 1787279784925
job 98_TGAMMA_60 started 1787279784925 core=5
job 24_DOT_36 end 1787279800283
job 37_DOT_36 started 1787279800283 core=4
job 98_TGAMMA_60 end 1787279820257
job 38_DOT_36 started 1787279820257 core=5
job 19_DOT_84 end 1787279843685
job 40_DOT_84 started 1787279843685 core=0
job 37_DOT_36 end 1787279854525
job 41_DOT_36 started 1787279854526 core=4
job 38_DOT_36 end 1787279874562
job 33_DOT_84 end 1787279878313
job 41_DOT_36 end 1787279894580
job 40_DOT_84 end 1787279913041
  итерация 0: 1562806 ms
  среднее по 1 итерациям: 1562806 ms
=== Выполняется проект: no_po_memory50_cpu50_21.txt (100 работ, перестановка ORDER) ===
fake 3 started 1787279913042 delay_ms=1
fake 2 started 1787279913042 delay_ms=0
fake 2 end 1787279913042
fake 1 started 1787279913042 delay_ms=0
fake 1 end 1787279913042
fake 0 started 1787279913042 delay_ms=0
fake 0 end 1787279913042
job 19_XPY_60 started 1787279913042 core=0
job 9_XPY_60 started 1787279913042 core=4
job 50_TGAMMA_120 started 1787279913042 core=1
fake 3 end 1787279913043
job 51_TGAMMA_12 started 1787279913043 core=5
job 51_TGAMMA_12 end 1787279919869
job 52_TGAMMA_12 started 1787279919869 core=5
job 52_TGAMMA_12 end 1787279926686
job 55_TGAMMA_12 started 1787279926687 core=5
job 55_TGAMMA_12 end 1787279933503
job 56_TGAMMA_12 started 1787279933503 core=5
job 56_TGAMMA_12 end 1787279940328
job 57_TGAMMA_12 started 1787279940328 core=5
job 57_TGAMMA_12 end 1787279947147
job 59_TGAMMA_120 started 1787279947147 core=5
job 9_XPY_60 end 1787279979531
job 32_XPY_60 started 1787279979531 core=4
job 19_XPY_60 end 1787279979907
job 20_XPY_48 started 1787279979907 core=0
job 50_TGAMMA_120 end 1787279981408
job 60_TGAMMA_60 started 1787279981408 core=1
job 59_TGAMMA_120 end 1787280015509
job 62_TGAMMA_120 started 1787280015509 core=5
job 60_TGAMMA_60 end 1787280015589
job 67_TGAMMA_120 started 1787280015589 core=1
job 20_XPY_48 end 1787280033450
job 24_XPY_48 started 1787280033450 core=0
job 32_XPY_60 end 1787280045788
job 36_XPY_48 started 1787280045788 core=4
job 62_TGAMMA_120 end 1787280083928
job 44_XPY_48 started 1787280083928 core=5
job 67_TGAMMA_120 end 1787280083983
job 70_TGAMMA_120 started 1787280083983 core=1
job 24_XPY_48 end 1787280088820
job 79_TGAMMA_60 started 1787280088821 core=0
job 36_XPY_48 end 1787280101002
job 35_XPY_60 started 1787280101002 core=4
job 79_TGAMMA_60 end 1787280124422
job 81_TGAMMA_120 started 1787280124422 core=0
job 44_XPY_48 end 1787280136664
job 40_XPY_60 started 1787280136664 core=5
job 70_TGAMMA_120 end 1787280154810
job 83_TGAMMA_60 started 1787280154811 core=1
job 35_XPY_60 end 1787280166796
job 43_XPY_60 started 1787280166796 core=4
job 83_TGAMMA_60 end 1787280190241
job 84_TGAMMA_60 started 1787280190241 core=1
job 81_TGAMMA_120 end 1787280195393
job 87_TGAMMA_120 started 1787280195393 core=0
job 40_XPY_60 end 1787280202438
job 46_XPY_60 started 1787280202438 core=5
job 84_TGAMMA_60 end 1787280225650
job 2_DOT_84 started 1787280225651 core=1
job 43_XPY_60 end 1787280233214
job 53_POW_36 started 1787280233214 core=4
job 87_TGAMMA_120 end 1787280265429
job 88_TGAMMA_120 started 1787280265429 core=0
job 46_XPY_60 end 1787280279107
job 3_DOT_36 started 1787280279108 core=5
job 53_POW_36 end 1787280315474
job 4_DOT_36 started 1787280315474 core=4
job 3_DOT_36 end 1787280323395
job 10_DOT_84 started 1787280323395 core=5
job 2_DOT_84 end 1787280334841
job 54_POW_12 started 1787280334841 core=1
job 88_TGAMMA_120 end 1787280335361
job 58_POW_12 started 1787280335361 core=0
job 4_DOT_36 end 1787280351996
job 0_SUM_108 started 1787280351996 core=4
job 58_POW_12 end 1787280375115
job 61_POW_24 started 1787280375115 core=0
job 54_POW_12 end 1787280376809
job 63_POW_12 started 1787280376809 core=1
job 63_POW_12 end 1787280418900
job 5_COPY_84 started 1787280418901 core=1
job 0_SUM_108 end 1787280423297
job 64_POW_12 started 1787280423297 core=4
job 10_DOT_84 end 1787280426753
job 1_SUM_108 started 1787280426753 core=5
job 61_POW_24 end 1787280445045
job 65_POW_12 started 1787280445045 core=0
job 64_POW_12 end 1787280455261
job 66_POW_24 started 1787280455262 core=4
job 65_POW_12 end 1787280477274
job 68_POW_24 started 1787280477274 core=0
job 66_POW_24 end 1787280519361
job 6_SUM_108 started 1787280519362 core=4
job 1_SUM_108 end 1787280527952
job 69_POW_12 started 1787280527952 core=5
job 68_POW_24 end 1787280542738
job 17_COPY_84 started 1787280542738 core=0
job 5_COPY_84 end 1787280544795
job 71_POW_24 started 1787280544795 core=1
job 69_POW_12 end 1787280565174
job 72_POW_36 started 1787280565174 core=5
job 6_SUM_108 end 1787280606713
job 8_SUM_84 started 1787280606713 core=4
job 71_POW_24 end 1787280608851
job 73_POW_12 started 1787280608851 core=1
job 73_POW_12 end 1787280640831
job 12_SUM_108 started 1787280640831 core=1
job 72_POW_36 end 1787280663057
job 41_COPY_84 started 1787280663058 core=5
job 17_COPY_84 end 1787280667380
job 74_POW_12 started 1787280667380 core=0
job 8_SUM_84 end 1787280680131
job 75_POW_24 started 1787280680131 core=4
job 74_POW_12 end 1787280700456
job 76_POW_12 started 1787280700456 core=0
job 12_SUM_108 end 1787280732175
job 13_SUM_108 started 1787280732175 core=1
job 76_POW_12 end 1787280732531
job 77_POW_36 started 1787280732531 core=0
job 75_POW_24 end 1787280744179
job 78_POW_12 started 1787280744179 core=4
job 78_POW_12 end 1787280776180
job 48_COPY_84 started 1787280776180 core=4
job 41_COPY_84 end 1787280785471
job 14_SUM_132 started 1787280785471 core=5
job 13_SUM_108 end 1787280819353
job 80_POW_12 started 1787280819353 core=1
job 80_POW_12 end 1787280852256
job 82_POW_24 started 1787280852257 core=1
job 77_POW_36 end 1787280853544
job 85_POW_12 started 1787280853545 core=0
job 14_SUM_132 end 1787280867751
job 18_SUM_108 started 1787280867751 core=5
job 85_POW_12 end 1787280900088
job 86_POW_12 started 1787280900088 core=0
job 48_COPY_84 end 1787280913081
job 93_POW_12 started 1787280913083 core=4
job 82_POW_24 end 1787280918332
job 49_COPY_84 started 1787280918332 core=1
job 86_POW_12 end 1787280936571
job 95_POW_24 started 1787280936571 core=0
job 18_SUM_108 end 1787280938745
job 96_POW_12 started 1787280938745 core=5
job 93_POW_12 end 1787280945185
job 22_SUM_108 started 1787280945185 core=4
job 96_POW_12 end 1787280984780
job 99_POW_24 started 1787280984780 core=5
job 95_POW_24 end 1787281002356
job 89_TGAMMA_12 started 1787281002356 core=0
job 22_SUM_108 end 1787281007666
job 90_TGAMMA_60 started 1787281007666 core=4
job 89_TGAMMA_12 end 1787281009327
job 15_DOT_36 started 1787281009327 core=0
job 15_DOT_36 end 1787281038503
job 21_DOT_84 started 1787281038503 core=0
job 90_TGAMMA_60 end 1787281042532
job 23_SUM_108 started 1787281042532 core=4
job 49_COPY_84 end 1787281049026
job 91_TGAMMA_60 started 1787281049026 core=1
job 99_POW_24 end 1787281065910
job 27_SUM_84 started 1787281065910 core=5
job 91_TGAMMA_60 end 1787281084013
job 92_TGAMMA_120 started 1787281084014 core=1
job 27_SUM_84 end 1787281105966
job 28_SUM_84 started 1787281105967 core=5
job 23_SUM_108 end 1787281132680
job 30_SUM_84 started 1787281132680 core=4
job 21_DOT_84 end 1787281135403
job 31_SUM_84 started 1787281135403 core=0
job 28_SUM_84 end 1787281145546
job 94_TGAMMA_12 started 1787281145547 core=5
job 94_TGAMMA_12 end 1787281152374
job 97_TGAMMA_60 started 1787281152375 core=5
job 92_TGAMMA_120 end 1787281154100
job 33_SUM_84 started 1787281154100 core=1
job 97_TGAMMA_60 end 1787281187499
job 34_SUM_84 started 1787281187499 core=5
job 30_SUM_84 end 1787281189119
job 42_SUM_84 started 1787281189119 core=4
job 31_SUM_84 end 1787281191674
job 98_TGAMMA_12 started 1787281191675 core=0
job 33_SUM_84 end 1787281197298
job 45_SUM_132 started 1787281197298 core=1
job 98_TGAMMA_12 end 1787281198754
job 47_SUM_132 started 1787281198754 core=0
job 42_SUM_84 end 1787281248315
job 7_COPY_60 started 1787281248315 core=4
job 34_SUM_84 end 1787281250206
job 11_COPY_60 started 1787281250206 core=5
job 45_SUM_132 end 1787281305092
job 16_COPY_60 started 1787281305092 core=1
job 47_SUM_132 end 1787281308216
job 26_COPY_60 started 1787281308216 core=0
job 7_COPY_60 end 1787281348394
job 38_COPY_60 started 1787281348394 core=4
job 11_COPY_60 end 1787281351293
job 25_DOT_84 started 1787281351293 core=5
job 16_COPY_60 end 1787281407722
job 29_DOT_36 started 1787281407722 core=1
job 26_COPY_60 end 1787281425650
job 37_DOT_36 started 1787281425650 core=0
job 29_DOT_36 end 1787281456399
job 39_DOT_84 started 1787281456399 core=1
job 38_COPY_60 end 1787281467349
job 25_DOT_84 end 1787281471866
job 37_DOT_36 end 1787281477387
job 39_DOT_84 end 1787281507076
  итерация 0: 1594034 ms
  среднее по 1 итерациям: 1594034 ms
=== Выполняется проект: no_po_memory50_cpu50_22.txt (100 работ, перестановка ORDER) ===
fake 3 started 1787281507077 delay_ms=1
fake 2 started 1787281507077 delay_ms=0
fake 2 end 1787281507077
fake 0 started 1787281507077 delay_ms=0
fake 0 end 1787281507077
fake 1 started 1787281507077 delay_ms=0
fake 1 end 1787281507077
job 0_XPY_60 started 1787281507077 core=1
job 1_XPY_60 started 1787281507077 core=0
job 51_TGAMMA_12 started 1787281507077 core=5
fake 3 end 1787281507089
job 59_TGAMMA_120 started 1787281507090 core=4
job 51_TGAMMA_12 end 1787281514174
job 60_TGAMMA_120 started 1787281514174 core=5
job 0_XPY_60 end 1787281572966
job 25_XPY_60 started 1787281572967 core=1
job 1_XPY_60 end 1787281573133
job 14_XPY_48 started 1787281573133 core=0
job 59_TGAMMA_120 end 1787281577892
job 62_TGAMMA_12 started 1787281577892 core=4
job 62_TGAMMA_12 end 1787281585061
job 65_TGAMMA_12 started 1787281585062 core=4
job 60_TGAMMA_120 end 1787281585216
job 66_TGAMMA_60 started 1787281585216 core=5
job 65_TGAMMA_12 end 1787281592233
job 68_TGAMMA_12 started 1787281592233 core=4
job 68_TGAMMA_12 end 1787281599402
job 69_TGAMMA_120 started 1787281599402 core=4
job 66_TGAMMA_60 end 1787281620749
job 70_TGAMMA_60 started 1787281620750 core=5
job 14_XPY_48 end 1787281625980
job 18_XPY_48 started 1787281625980 core=0
job 25_XPY_60 end 1787281638693
job 34_XPY_48 started 1787281638694 core=1
job 70_TGAMMA_60 end 1787281656254
job 73_TGAMMA_12 started 1787281656255 core=5
job 73_TGAMMA_12 end 1787281663393
job 74_TGAMMA_120 started 1787281663393 core=5
job 69_TGAMMA_120 end 1787281670227
job 75_TGAMMA_120 started 1787281670227 core=4
job 18_XPY_48 end 1787281678730
job 26_XPY_60 started 1787281678731 core=0
job 34_XPY_48 end 1787281691324
job 46_XPY_60 started 1787281691324 core=1
job 74_TGAMMA_120 end 1787281734395
job 78_TGAMMA_12 started 1787281734395 core=5
job 75_TGAMMA_120 end 1787281741024
job 79_TGAMMA_120 started 1787281741025 core=4
job 78_TGAMMA_12 end 1787281741533
job 80_TGAMMA_120 started 1787281741533 core=5
job 26_XPY_60 end 1787281744674
job 9_DOT_36 started 1787281744674 core=0
job 46_XPY_60 end 1787281758788
job 11_DOT_84 started 1787281758788 core=1
job 9_DOT_36 end 1787281774893
job 12_DOT_36 started 1787281774893 core=0
job 12_DOT_36 end 1787281807312
job 17_DOT_84 started 1787281807313 core=0
job 79_TGAMMA_120 end 1787281811240
job 50_POW_24 started 1787281811240 core=4
job 80_TGAMMA_120 end 1787281812282
job 52_POW_12 started 1787281812282 core=5
job 11_DOT_84 end 1787281840709
job 3_SUM_132 started 1787281840709 core=1
job 52_POW_12 end 1787281853201
job 53_POW_36 started 1787281853202 core=5
job 50_POW_24 end 1787281897597
job 54_POW_12 started 1787281897597 core=4
job 17_DOT_84 end 1787281903614
job 30_COPY_84 started 1787281903614 core=0
job 3_SUM_132 end 1787281926161
job 55_POW_36 started 1787281926162 core=1
job 54_POW_12 end 1787281941552
job 4_SUM_108 started 1787281941553 core=4
job 53_POW_36 end 1787281955439
job 56_POW_24 started 1787281955439 core=5
job 56_POW_24 end 1787282019498
job 5_SUM_132 started 1787282019498 core=5
job 55_POW_36 end 1787282022063
job 37_COPY_84 started 1787282022064 core=1
job 30_COPY_84 end 1787282028594
job 57_POW_12 started 1787282028594 core=0
job 4_SUM_108 end 1787282037615
job 58_POW_24 started 1787282037615 core=4
job 57_POW_12 end 1787282061399
job 61_POW_12 started 1787282061400 core=0
job 61_POW_12 end 1787282093462
job 6_SUM_132 started 1787282093462 core=0
job 58_POW_24 end 1787282102539
job 63_POW_12 started 1787282102540 core=4
job 63_POW_12 end 1787282136941
job 64_POW_36 started 1787282136941 core=4
job 5_SUM_132 end 1787282145847
job 67_POW_12 started 1787282145847 core=5
job 37_COPY_84 end 1787282149953
job 48_COPY_84 started 1787282149953 core=1
job 6_SUM_132 end 1787282174657
job 71_POW_36 started 1787282174657 core=0
job 67_POW_12 end 1787282190481
job 7_SUM_108 started 1787282190481 core=5
job 64_POW_36 end 1787282233578
job 72_POW_24 started 1787282233579 core=4
job 71_POW_36 end 1787282270500
job 8_SUM_84 started 1787282270500 core=0
job 48_COPY_84 end 1787282276883
job 2_COPY_60 started 1787282276884 core=1
job 7_SUM_108 end 1787282289499
job 76_POW_36 started 1787282289499 core=5
job 72_POW_24 end 1787282299332
job 77_POW_36 started 1787282299332 core=4
job 8_SUM_84 end 1787282321732
job 10_SUM_132 started 1787282321732 core=0
job 2_COPY_60 end 1787282373766
job 21_COPY_60 started 1787282373766 core=1
job 77_POW_36 end 1787282398216
job 82_POW_24 started 1787282398216 core=4
job 10_SUM_132 end 1787282401200
job 83_POW_12 started 1787282401200 core=0
job 76_POW_36 end 1787282426194
job 13_SUM_132 started 1787282426195 core=5
job 83_POW_12 end 1787282432151
job 84_POW_24 started 1787282432151 core=0
job 82_POW_24 end 1787282461278
job 24_COPY_60 started 1787282461278 core=4
job 21_COPY_60 end 1787282463986
job 87_POW_24 started 1787282463986 core=1
job 84_POW_24 end 1787282511834
job 15_SUM_132 started 1787282511835 core=0
job 13_SUM_132 end 1787282518943
job 88_POW_24 started 1787282518944 core=5
job 87_POW_24 end 1787282529889
job 90_POW_12 started 1787282529889 core=1
job 24_COPY_60 end 1787282554001
job 38_COPY_60 started 1787282554001 core=4
job 90_POW_12 end 1787282561842
job 92_POW_12 started 1787282561842 core=1
job 88_POW_24 end 1787282583039
job 93_POW_36 started 1787282583039 core=5
job 92_POW_12 end 1787282594007
job 16_SUM_84 started 1787282594007 core=1
job 15_SUM_132 end 1787282641219
job 94_POW_12 started 1787282641219 core=0
job 38_COPY_60 end 1787282644592
job 42_COPY_60 started 1787282644593 core=4
job 16_SUM_84 end 1787282646036
job 20_SUM_84 started 1787282646036 core=1
job 93_POW_36 end 1787282683996
job 97_POW_12 started 1787282683997 core=5
job 94_POW_12 end 1787282687633
job 99_POW_36 started 1787282687633 core=0
job 20_SUM_84 end 1787282696414
job 81_TGAMMA_120 started 1787282696414 core=1
job 97_POW_12 end 1787282712873
job 19_DOT_84 started 1787282712875 core=5
job 42_COPY_60 end 1787282733014
job 22_DOT_36 started 1787282733015 core=4
job 81_TGAMMA_120 end 1787282766077
job 27_DOT_36 started 1787282766078 core=1
job 22_DOT_36 end 1787282777079
job 85_TGAMMA_12 started 1787282777079 core=4
job 85_TGAMMA_12 end 1787282784010
job 86_TGAMMA_12 started 1787282784010 core=4
job 86_TGAMMA_12 end 1787282790931
job 89_TGAMMA_120 started 1787282790931 core=4
job 19_DOT_84 end 1787282794294
job 28_DOT_84 started 1787282794294 core=5
job 99_POW_36 end 1787282802339
job 33_DOT_36 started 1787282802339 core=0
job 27_DOT_36 end 1787282812432
job 23_SUM_108 started 1787282812432 core=1
job 33_DOT_36 end 1787282835791
job 29_SUM_84 started 1787282835791 core=0
job 89_TGAMMA_120 end 1787282861188
job 91_TGAMMA_12 started 1787282861188 core=4
job 91_TGAMMA_12 end 1787282868269
job 95_TGAMMA_12 started 1787282868270 core=4
job 95_TGAMMA_12 end 1787282875340
job 96_TGAMMA_12 started 1787282875340 core=4
job 29_SUM_84 end 1787282875774
job 98_TGAMMA_120 started 1787282875774 core=0
job 96_TGAMMA_12 end 1787282882204
job 31_SUM_84 started 1787282882204 core=4
job 28_DOT_84 end 1787282895764
job 32_SUM_132 started 1787282895764 core=5
job 23_SUM_108 end 1787282902350
job 36_SUM_84 started 1787282902351 core=1
job 31_SUM_84 end 1787282921582
job 39_SUM_132 started 1787282921582 core=4
job 98_TGAMMA_120 end 1787282946079
job 41_SUM_132 started 1787282946079 core=0
job 36_SUM_84 end 1787282963219
job 47_SUM_84 started 1787282963220 core=1
job 32_SUM_132 end 1787282993173
job 49_SUM_84 started 1787282993173 core=5
job 39_SUM_132 end 1787283006672
job 45_COPY_60 started 1787283006672 core=4
job 47_SUM_84 end 1787283024754
job 35_DOT_36 started 1787283024755 core=1
job 49_SUM_84 end 1787283057829
job 40_DOT_36 started 1787283057829 core=5
job 41_SUM_132 end 1787283063405
job 43_DOT_36 started 1787283063405 core=0
job 35_DOT_36 end 1787283068003
job 44_DOT_84 started 1787283068003 core=1
job 40_DOT_36 end 1787283107868
job 45_COPY_60 end 1787283112472
job 43_DOT_36 end 1787283118945
job 44_DOT_84 end 1787283137122
  итерация 0: 1630045 ms
  среднее по 1 итерациям: 1630045 ms
=== Выполняется проект: no_po_memory50_cpu50_23.txt (100 работ, перестановка ORDER) ===
fake 3 started 1787283137122 delay_ms=1
fake 2 started 1787283137122 delay_ms=0
fake 2 end 1787283137122
fake 1 started 1787283137122 delay_ms=0
fake 1 end 1787283137122
fake 0 started 1787283137122 delay_ms=0
fake 0 end 1787283137123
job 6_XPY_60 started 1787283137123 core=1
job 5_XPY_60 started 1787283137123 core=0
job 50_TGAMMA_120 started 1787283137123 core=4
fake 3 end 1787283137133
job 51_TGAMMA_120 started 1787283137134 core=5
job 6_XPY_60 end 1787283202869
job 13_XPY_60 started 1787283202869 core=1
job 5_XPY_60 end 1787283203203
job 1_XPY_48 started 1787283203203 core=0
job 50_TGAMMA_120 end 1787283207895
job 52_TGAMMA_12 started 1787283207896 core=4
job 51_TGAMMA_120 end 1787283207975
job 53_TGAMMA_12 started 1787283207976 core=5
job 52_TGAMMA_12 end 1787283215083
job 56_TGAMMA_12 started 1787283215084 core=4
job 53_TGAMMA_12 end 1787283215174
job 57_TGAMMA_12 started 1787283215174 core=5
job 56_TGAMMA_12 end 1787283222270
job 58_TGAMMA_60 started 1787283222270 core=4
job 57_TGAMMA_12 end 1787283222371
job 62_TGAMMA_60 started 1787283222372 core=5
job 1_XPY_48 end 1787283256021
job 2_XPY_48 started 1787283256021 core=0
job 58_TGAMMA_60 end 1787283257673
job 63_TGAMMA_60 started 1787283257673 core=4
job 62_TGAMMA_60 end 1787283257823
job 64_TGAMMA_120 started 1787283257823 core=5
job 13_XPY_60 end 1787283268435
job 4_XPY_48 started 1787283268436 core=1
job 63_TGAMMA_60 end 1787283293084
job 67_TGAMMA_60 started 1787283293085 core=4
job 2_XPY_48 end 1787283308805
job 12_XPY_48 started 1787283308805 core=0
job 4_XPY_48 end 1787283320815
job 20_XPY_48 started 1787283320815 core=1
job 67_TGAMMA_60 end 1787283328501
job 68_TGAMMA_60 started 1787283328501 core=4
job 64_TGAMMA_120 end 1787283328687
job 70_TGAMMA_60 started 1787283328687 core=5
job 12_XPY_48 end 1787283361570
job 31_XPY_48 started 1787283361570 core=0
job 68_TGAMMA_60 end 1787283363927
job 71_TGAMMA_120 started 1787283363927 core=4
job 70_TGAMMA_60 end 1787283364148
job 74_TGAMMA_12 started 1787283364149 core=5
job 74_TGAMMA_12 end 1787283371348
job 75_TGAMMA_60 started 1787283371349 core=5
job 20_XPY_48 end 1787283373306
job 41_XPY_48 started 1787283373307 core=1
job 75_TGAMMA_60 end 1787283406808
job 76_TGAMMA_120 started 1787283406808 core=5
job 31_XPY_48 end 1787283414380
job 49_XPY_48 started 1787283414380 core=0
job 41_XPY_48 end 1787283425800
job 27_XPY_60 started 1787283425800 core=1
job 71_TGAMMA_120 end 1787283434740
job 77_TGAMMA_60 started 1787283434740 core=4
job 49_XPY_48 end 1787283467043
job 45_XPY_60 started 1787283467043 core=0
job 77_TGAMMA_60 end 1787283470134
job 78_TGAMMA_120 started 1787283470134 core=4
job 76_TGAMMA_120 end 1787283477648
job 79_TGAMMA_60 started 1787283477648 core=5
job 27_XPY_60 end 1787283491307
job 9_DOT_36 started 1787283491307 core=1
job 79_TGAMMA_60 end 1787283512781
job 54_POW_36 started 1787283512781 core=5
job 9_DOT_36 end 1787283522744
job 0_SUM_132 started 1787283522744 core=1
job 45_XPY_60 end 1787283538536
job 10_DOT_36 started 1787283538537 core=0
job 78_TGAMMA_120 end 1787283541779
job 55_POW_12 started 1787283541779 core=4
job 10_DOT_36 end 1787283579245
job 22_COPY_84 started 1787283579245 core=0
job 55_POW_12 end 1787283585385
job 59_POW_24 started 1787283585385 core=4
job 0_SUM_132 end 1787283605327
job 3_SUM_132 started 1787283605327 core=1
job 54_POW_36 end 1787283616620
job 60_POW_12 started 1787283616620 core=5
job 60_POW_12 end 1787283649613
job 61_POW_24 started 1787283649613 core=5
job 59_POW_24 end 1787283677681
job 65_POW_36 started 1787283677682 core=4
job 3_SUM_132 end 1787283684601
job 23_COPY_84 started 1787283684601 core=1
job 22_COPY_84 end 1787283712552
job 7_SUM_84 started 1787283712552 core=0
job 61_POW_24 end 1787283724875
job 66_POW_24 started 1787283724876 core=5
job 7_SUM_84 end 1787283763153
job 8_SUM_108 started 1787283763153 core=0
job 65_POW_36 end 1787283784881
job 69_POW_12 started 1787283784881 core=4
job 23_COPY_84 end 1787283816819
job 72_POW_36 started 1787283816819 core=1
job 66_POW_24 end 1787283817528
job 73_POW_24 started 1787283817528 core=5
job 69_POW_12 end 1787283817722
job 24_COPY_84 started 1787283817722 core=4
job 8_SUM_108 end 1787283833447
job 14_SUM_108 started 1787283833447 core=0
job 73_POW_24 end 1787283881371
job 80_POW_36 started 1787283881371 core=5
job 72_POW_36 end 1787283912891
job 81_POW_24 started 1787283912891 core=1
job 14_SUM_108 end 1787283934673
job 16_SUM_84 started 1787283934673 core=0
job 24_COPY_84 end 1787283940295
job 26_COPY_84 started 1787283940295 core=4
job 81_POW_24 end 1787283976716
job 19_SUM_132 started 1787283976717 core=1
job 80_POW_36 end 1787283977642
job 82_POW_36 started 1787283977643 core=5
job 16_SUM_84 end 1787284015960
job 84_POW_24 started 1787284015961 core=0
job 19_SUM_132 end 1787284057471
job 21_SUM_108 started 1787284057471 core=1
job 26_COPY_84 end 1787284070957
job 85_POW_24 started 1787284070957 core=4
job 82_POW_36 end 1787284078484
job 28_COPY_84 started 1787284078485 core=5
job 84_POW_24 end 1787284097559
job 92_POW_36 started 1787284097559 core=0
job 85_POW_24 end 1787284135343
job 25_SUM_84 started 1787284135343 core=4
job 21_SUM_108 end 1787284147166
job 93_POW_24 started 1787284147166 core=1
job 25_SUM_84 end 1787284186063
job 29_SUM_108 started 1787284186064 core=4
job 92_POW_36 end 1787284196524
job 99_POW_24 started 1787284196524 core=0
job 28_COPY_84 end 1787284207465
job 39_COPY_84 started 1787284207466 core=5
job 93_POW_24 end 1787284239541
job 83_TGAMMA_60 started 1787284239541 core=1
job 29_SUM_108 end 1787284250624
job 86_TGAMMA_120 started 1787284250624 core=4
job 99_POW_24 end 1787284259981
job 17_DOT_84 started 1787284259981 core=0
job 83_TGAMMA_60 end 1787284275033
job 36_SUM_132 started 1787284275033 core=1
job 86_TGAMMA_120 end 1787284320257
job 87_TGAMMA_120 started 1787284320257 core=4
job 39_COPY_84 end 1787284326598
job 46_SUM_84 started 1787284326598 core=5
job 17_DOT_84 end 1787284329920
job 48_SUM_108 started 1787284329920 core=0
job 48_SUM_108 end 1787284381054
job 11_COPY_60 started 1787284381056 core=0
job 36_SUM_132 end 1787284385028
job 15_COPY_60 started 1787284385029 core=1
job 46_SUM_84 end 1787284386555
job 88_TGAMMA_12 started 1787284386555 core=5
job 87_TGAMMA_120 end 1787284390603
job 89_TGAMMA_12 started 1787284390603 core=4
job 88_TGAMMA_12 end 1787284393686
job 90_TGAMMA_120 started 1787284393687 core=5
job 89_TGAMMA_12 end 1787284397735
job 30_COPY_60 started 1787284397735 core=4
job 15_COPY_60 end 1787284451100
job 33_COPY_60 started 1787284451100 core=1
job 90_TGAMMA_120 end 1787284464085
job 43_COPY_60 started 1787284464085 core=5
job 11_COPY_60 end 1787284480636
job 91_TGAMMA_12 started 1787284480637 core=0
job 91_TGAMMA_12 end 1787284487791
job 94_TGAMMA_120 started 1787284487791 core=0
job 30_COPY_60 end 1787284496909
job 47_COPY_84 started 1787284496909 core=4
job 33_COPY_60 end 1787284551805
job 18_DOT_36 started 1787284551805 core=1
job 94_TGAMMA_120 end 1787284558560
job 95_TGAMMA_60 started 1787284558561 core=0
job 43_COPY_60 end 1787284571645
job 32_DOT_84 started 1787284571646 core=5
job 95_TGAMMA_60 end 1787284594547
job 96_TGAMMA_60 started 1787284594547 core=0
job 47_COPY_84 end 1787284594682
job 34_DOT_84 started 1787284594683 core=4
job 18_DOT_36 end 1787284601949
job 97_TGAMMA_12 started 1787284601950 core=1
job 97_TGAMMA_12 end 1787284609019
job 98_TGAMMA_60 started 1787284609019 core=1
job 96_TGAMMA_60 end 1787284629994
job 35_DOT_84 started 1787284629995 core=0
job 98_TGAMMA_60 end 1787284644231
job 37_DOT_84 started 1787284644232 core=1
job 32_DOT_84 end 1787284666548
job 38_DOT_84 started 1787284666548 core=5
job 34_DOT_84 end 1787284697178
job 40_DOT_84 started 1787284697178 core=4
job 35_DOT_84 end 1787284757566
job 42_DOT_84 started 1787284757566 core=0
job 37_DOT_84 end 1787284771690
job 44_DOT_36 started 1787284771690 core=1
job 38_DOT_84 end 1787284793904
job 44_DOT_36 end 1787284811237
job 40_DOT_84 end 1787284817983
job 42_DOT_84 end 1787284835941
  итерация 0: 1698818 ms
  среднее по 1 итерациям: 1698818 ms
=== Выполняется проект: no_po_memory50_cpu50_24.txt (100 работ, перестановка ORDER) ===
fake 3 started 1787284835942 delay_ms=1
fake 2 started 1787284835942 delay_ms=0
fake 2 end 1787284835942
fake 1 started 1787284835942 delay_ms=0
fake 1 end 1787284835942
fake 0 started 1787284835942 delay_ms=0
fake 0 end 1787284835942
job 14_XPY_60 started 1787284835942 core=0
job 12_XPY_60 started 1787284835942 core=4
job 51_TGAMMA_120 started 1787284835942 core=1
fake 3 end 1787284835953
job 53_TGAMMA_60 started 1787284835954 core=5
job 53_TGAMMA_60 end 1787284870177
job 55_TGAMMA_12 started 1787284870177 core=5
job 55_TGAMMA_12 end 1787284877015
job 58_TGAMMA_120 started 1787284877016 core=5
job 12_XPY_60 end 1787284902634
job 32_XPY_60 started 1787284902635 core=4
job 14_XPY_60 end 1787284902677
job 3_XPY_48 started 1787284902677 core=0
job 51_TGAMMA_120 end 1787284904338
job 59_TGAMMA_60 started 1787284904338 core=1
job 59_TGAMMA_60 end 1787284938527
job 60_TGAMMA_12 started 1787284938527 core=1
job 60_TGAMMA_12 end 1787284945349
job 61_TGAMMA_60 started 1787284945349 core=1
job 58_TGAMMA_120 end 1787284945434
job 65_TGAMMA_60 started 1787284945434 core=5
job 3_XPY_48 end 1787284955950
job 7_XPY_48 started 1787284955950 core=0
job 32_XPY_60 end 1787284969090
job 16_XPY_48 started 1787284969090 core=4
job 61_TGAMMA_60 end 1787284979540
job 67_TGAMMA_60 started 1787284979540 core=1
job 65_TGAMMA_60 end 1787284979640
job 71_TGAMMA_12 started 1787284979640 core=5
job 71_TGAMMA_12 end 1787284986467
job 76_TGAMMA_60 started 1787284986467 core=5
job 7_XPY_48 end 1787285009313
job 42_XPY_48 started 1787285009313 core=0
job 67_TGAMMA_60 end 1787285013735
job 43_XPY_48 started 1787285013735 core=1
job 76_TGAMMA_60 end 1787285020916
job 78_TGAMMA_12 started 1787285020916 core=5
job 16_XPY_48 end 1787285027998
job 80_TGAMMA_12 started 1787285027998 core=4
job 78_TGAMMA_12 end 1787285028042
job 82_TGAMMA_60 started 1787285028042 core=5
job 80_TGAMMA_12 end 1787285035182
job 84_TGAMMA_120 started 1787285035182 core=4
job 82_TGAMMA_60 end 1787285063533
job 48_XPY_48 started 1787285063533 core=5
job 43_XPY_48 end 1787285068337
job 85_TGAMMA_60 started 1787285068337 core=1
job 42_XPY_48 end 1787285068398
job 33_XPY_60 started 1787285068398 core=0
job 85_TGAMMA_60 end 1787285103752
job 86_TGAMMA_60 started 1787285103752 core=1
job 84_TGAMMA_120 end 1787285106122
job 91_TGAMMA_12 started 1787285106123 core=4
job 91_TGAMMA_12 end 1787285113290
job 94_TGAMMA_120 started 1787285113291 core=4
job 48_XPY_48 end 1787285118465
job 40_XPY_60 started 1787285118465 core=5
job 33_XPY_60 end 1787285134266
job 50_POW_36 started 1787285134266 core=0
job 86_TGAMMA_60 end 1787285139079
job 0_SUM_132 started 1787285139080 core=1
job 94_TGAMMA_120 end 1787285182858
job 52_POW_12 started 1787285182858 core=4
job 40_XPY_60 end 1787285187314
job 5_COPY_84 started 1787285187314 core=5
job 52_POW_12 end 1787285214777
job 54_POW_24 started 1787285214777 core=4
job 50_POW_36 end 1787285220930
job 1_SUM_108 started 1787285220930 core=0
job 0_SUM_132 end 1787285255417
job 56_POW_24 started 1787285255418 core=1
job 54_POW_24 end 1787285282225
job 57_POW_12 started 1787285282226 core=4
job 1_SUM_108 end 1787285287063
job 10_SUM_108 started 1787285287064 core=0
job 57_POW_12 end 1787285315429
job 35_COPY_84 started 1787285315429 core=4
job 5_COPY_84 end 1787285317654
job 62_POW_12 started 1787285317654 core=5
job 56_POW_24 end 1787285338546
job 63_POW_12 started 1787285338546 core=1
job 62_POW_12 end 1787285349711
job 64_POW_36 started 1787285349712 core=5
job 63_POW_12 end 1787285370720
job 66_POW_12 started 1787285370720 core=1
job 10_SUM_108 end 1787285371655
job 15_SUM_84 started 1787285371656 core=0
job 66_POW_12 end 1787285402586
job 68_POW_12 started 1787285402588 core=1
job 68_POW_12 end 1787285434602
job 17_SUM_108 started 1787285434602 core=1
job 35_COPY_84 end 1787285438236
job 37_COPY_84 started 1787285438236 core=4
job 64_POW_36 end 1787285446738
job 69_POW_24 started 1787285446738 core=5
job 15_SUM_84 end 1787285450828
job 70_POW_24 started 1787285450828 core=0
job 17_SUM_108 end 1787285499875
job 19_SUM_84 started 1787285499875 core=1
job 69_POW_24 end 1787285512976
job 72_POW_36 started 1787285512977 core=5
job 70_POW_24 end 1787285543693
job 73_POW_24 started 1787285543693 core=0
job 19_SUM_84 end 1787285550354
job 22_SUM_84 started 1787285550354 core=1
job 37_COPY_84 end 1787285574012
job 41_COPY_84 started 1787285574013 core=4
job 22_SUM_84 end 1787285600615
job 74_POW_12 started 1787285600615 core=1
job 72_POW_36 end 1787285611033
job 23_SUM_108 started 1787285611034 core=5
job 74_POW_12 end 1787285633008
job 75_POW_12 started 1787285633008 core=1
job 73_POW_24 end 1787285635116
job 77_POW_36 started 1787285635116 core=0
job 75_POW_12 end 1787285665871
job 79_POW_12 started 1787285665871 core=1
job 23_SUM_108 end 1787285675962
job 44_COPY_84 started 1787285675962 core=5
job 79_POW_12 end 1787285705110
job 24_SUM_84 started 1787285705110 core=1
job 41_COPY_84 end 1787285705407
job 81_POW_12 started 1787285705407 core=4
job 81_POW_12 end 1787285737289
job 83_POW_24 started 1787285737289 core=4
job 77_POW_36 end 1787285751207
job 26_SUM_84 started 1787285751207 core=0
job 24_SUM_84 end 1787285787474
job 87_POW_36 started 1787285787474 core=1
job 44_COPY_84 end 1787285801988
job 88_POW_36 started 1787285801988 core=5
job 26_SUM_84 end 1787285802894
job 28_SUM_108 started 1787285802894 core=0
job 83_POW_24 end 1787285804556
job 2_COPY_60 started 1787285804556 core=4
job 87_POW_36 end 1787285888132
job 89_POW_12 started 1787285888133 core=1
job 2_COPY_60 end 1787285894034
job 29_SUM_108 started 1787285894034 core=4
job 28_SUM_108 end 1787285898102
job 4_COPY_60 started 1787285898102 core=0
job 88_POW_36 end 1787285898339
job 90_POW_24 started 1787285898339 core=5
job 89_POW_12 end 1787285920471
job 92_POW_12 started 1787285920471 core=1
job 92_POW_12 end 1787285952576
job 93_POW_36 started 1787285952576 core=1
job 90_POW_24 end 1787285962765
job 30_SUM_84 started 1787285962765 core=5
job 29_SUM_108 end 1787285988284
job 95_POW_36 started 1787285988284 core=4
job 4_COPY_60 end 1787285991679
job 6_COPY_60 started 1787285991679 core=0
job 30_SUM_84 end 1787286013948
job 34_SUM_108 started 1787286013948 core=5
job 93_POW_36 end 1787286052693
job 96_POW_36 started 1787286052694 core=1
job 34_SUM_108 end 1787286078895
job 11_COPY_60 started 1787286078895 core=5
job 6_COPY_60 end 1787286087671
job 97_POW_24 started 1787286087671 core=0
job 95_POW_36 end 1787286113190
job 36_SUM_108 started 1787286113191 core=4
job 97_POW_24 end 1787286152179
job 98_POW_24 started 1787286152180 core=0
job 11_COPY_60 end 1787286171791
job 39_SUM_132 started 1787286171792 core=5
job 96_POW_36 end 1787286176547
job 21_COPY_60 started 1787286176547 core=1
job 36_SUM_108 end 1787286178334
job 99_POW_24 started 1787286178334 core=4
job 98_POW_24 end 1787286217429
job 45_SUM_132 started 1787286217429 core=0
job 99_POW_24 end 1787286244727
job 46_SUM_132 started 1787286244727 core=4
job 21_COPY_60 end 1787286272559
job 47_SUM_132 started 1787286272559 core=1
job 39_SUM_132 end 1787286289353
job 49_SUM_108 started 1787286289354 core=5
job 45_SUM_132 end 1787286308746
job 31_COPY_60 started 1787286308746 core=0
job 46_SUM_132 end 1787286355179
job 38_COPY_60 started 1787286355179 core=4
job 49_SUM_108 end 1787286364362
job 8_DOT_84 started 1787286364362 core=5
job 47_SUM_132 end 1787286365849
job 9_DOT_84 started 1787286365849 core=1
job 31_COPY_60 end 1787286426794
job 13_DOT_84 started 1787286426794 core=0
job 8_DOT_84 end 1787286476545
job 18_DOT_84 started 1787286476545 core=5
job 9_DOT_84 end 1787286478611
job 20_DOT_84 started 1787286478611 core=1
job 38_COPY_60 end 1787286479535
job 25_DOT_36 started 1787286479535 core=4
job 25_DOT_36 end 1787286533930
job 27_DOT_84 started 1787286533930 core=4
job 13_DOT_84 end 1787286563223
job 18_DOT_84 end 1787286601234
job 20_DOT_84 end 1787286602324
job 27_DOT_84 end 1787286609935
  итерация 0: 1773993 ms
  среднее по 1 итерациям: 1773993 ms
=== Выполняется проект: no_po_memory50_cpu50_25.txt (100 работ, перестановка ORDER) ===
fake 3 started 1787286609936 delay_ms=1
fake 1 started 1787286609936 delay_ms=0
fake 1 end 1787286609936
fake 0 started 1787286609936 delay_ms=0
fake 0 end 1787286609936
fake 2 started 1787286609936 delay_ms=0
fake 2 end 1787286609936
job 17_XPY_60 started 1787286609937 core=1
job 15_XPY_60 started 1787286609937 core=4
fake 3 end 1787286609937
job 50_TGAMMA_120 started 1787286609937 core=5
job 51_TGAMMA_120 started 1787286609959 core=0
job 15_XPY_60 end 1787286675845
job 24_XPY_60 started 1787286675845 core=4
job 17_XPY_60 end 1787286675875
job 5_XPY_48 started 1787286675875 core=1
job 50_TGAMMA_120 end 1787286680907
job 52_TGAMMA_60 started 1787286680908 core=5
job 51_TGAMMA_120 end 1787286680992
job 53_TGAMMA_12 started 1787286680992 core=0
job 53_TGAMMA_12 end 1787286688211
job 54_TGAMMA_60 started 1787286688212 core=0
job 52_TGAMMA_60 end 1787286716459
job 57_TGAMMA_120 started 1787286716459 core=5
job 54_TGAMMA_60 end 1787286723789
job 60_TGAMMA_60 started 1787286723789 core=0
job 5_XPY_48 end 1787286728704
job 7_XPY_48 started 1787286728705 core=1
job 24_XPY_60 end 1787286741691
job 11_XPY_48 started 1787286741692 core=4
job 60_TGAMMA_60 end 1787286759317
job 62_TGAMMA_60 started 1787286759318 core=0
job 7_XPY_48 end 1787286781301
job 21_XPY_48 started 1787286781301 core=1
job 57_TGAMMA_120 end 1787286787516
job 63_TGAMMA_60 started 1787286787517 core=5
job 11_XPY_48 end 1787286794323
job 39_XPY_48 started 1787286794323 core=4
job 62_TGAMMA_60 end 1787286794896
job 65_TGAMMA_12 started 1787286794897 core=0
job 65_TGAMMA_12 end 1787286802108
job 66_TGAMMA_120 started 1787286802108 core=0
job 63_TGAMMA_60 end 1787286823090
job 67_TGAMMA_120 started 1787286823090 core=5
job 21_XPY_48 end 1787286834158
job 25_XPY_60 started 1787286834158 core=1
job 39_XPY_48 end 1787286847036
job 35_XPY_60 started 1787286847036 core=4
job 66_TGAMMA_120 end 1787286873202
job 68_TGAMMA_12 started 1787286873202 core=0
job 68_TGAMMA_12 end 1787286880425
job 69_TGAMMA_12 started 1787286880425 core=0
job 69_TGAMMA_12 end 1787286887645
job 70_TGAMMA_120 started 1787286887645 core=0
job 67_TGAMMA_120 end 1787286894126
job 72_TGAMMA_120 started 1787286894126 core=5
job 25_XPY_60 end 1787286900026
job 40_XPY_60 started 1787286900026 core=1
job 35_XPY_60 end 1787286912872
job 41_XPY_60 started 1787286912872 core=4
job 70_TGAMMA_120 end 1787286958743
job 73_TGAMMA_12 started 1787286958743 core=0
job 72_TGAMMA_120 end 1787286965176
job 74_TGAMMA_60 started 1787286965177 core=5
job 40_XPY_60 end 1787286965891
job 75_TGAMMA_12 started 1787286965891 core=1
job 73_TGAMMA_12 end 1787286965963
job 48_XPY_60 started 1787286965964 core=0
job 75_TGAMMA_12 end 1787286972723
job 78_TGAMMA_60 started 1787286972723 core=1
job 41_XPY_60 end 1787286978634
job 49_XPY_60 started 1787286978634 core=4
job 74_TGAMMA_60 end 1787286999531
job 79_TGAMMA_60 started 1787286999531 core=5
job 78_TGAMMA_60 end 1787287006931
job 81_TGAMMA_120 started 1787287006932 core=1
job 48_XPY_60 end 1787287033154
job 8_DOT_84 started 1787287033154 core=0
job 79_TGAMMA_60 end 1787287033807
job 55_POW_36 started 1787287033807 core=5
job 49_XPY_60 end 1787287048001
job 9_DOT_84 started 1787287048001 core=4
job 81_TGAMMA_120 end 1787287075908
job 56_POW_24 started 1787287075908 core=1
job 55_POW_36 end 1787287128766
job 0_SUM_132 started 1787287128767 core=5
job 8_DOT_84 end 1787287142695
job 1_COPY_84 started 1787287142696 core=0
job 56_POW_24 end 1787287148498
job 58_POW_24 started 1787287148498 core=1
job 9_DOT_84 end 1787287161092
job 59_POW_24 started 1787287161093 core=4
job 0_SUM_132 end 1787287210978
job 3_SUM_84 started 1787287210978 core=5
job 58_POW_24 end 1787287215409
job 61_POW_24 started 1787287215410 core=1
job 59_POW_24 end 1787287253589
job 64_POW_24 started 1787287253590 core=4
job 3_SUM_84 end 1787287261466
job 2_COPY_84 started 1787287261466 core=5
job 1_COPY_84 end 1787287279036
job 6_SUM_84 started 1787287279036 core=0
job 61_POW_24 end 1787287287303
job 71_POW_24 started 1787287287303 core=1
job 64_POW_24 end 1787287325593
job 76_POW_36 started 1787287325594 core=4
job 6_SUM_84 end 1787287329674
job 16_SUM_84 started 1787287329674 core=0
job 71_POW_24 end 1787287380070
job 77_POW_24 started 1787287380070 core=1
job 16_SUM_84 end 1787287380188
job 23_SUM_84 started 1787287380188 core=0
job 2_COPY_84 end 1787287394950
job 38_COPY_84 started 1787287394951 core=5
job 76_POW_36 end 1787287424433
job 80_POW_12 started 1787287424434 core=4
job 23_SUM_84 end 1787287430629
job 82_POW_24 started 1787287430630 core=0
job 80_POW_12 end 1787287455727
job 83_POW_24 started 1787287455727 core=4
job 77_POW_24 end 1787287469240
job 28_SUM_108 started 1787287469240 core=1
job 82_POW_24 end 1787287493261
job 84_POW_36 started 1787287493261 core=0
job 83_POW_24 end 1787287519165
job 43_COPY_84 started 1787287519166 core=4
job 38_COPY_84 end 1787287520772
job 85_POW_24 started 1787287520773 core=5
job 28_SUM_108 end 1787287552415
job 29_SUM_108 started 1787287552415 core=1
job 85_POW_24 end 1787287586958
job 86_POW_36 started 1787287586958 core=5
job 29_SUM_108 end 1787287617558
job 30_SUM_132 started 1787287617559 core=1
job 84_POW_36 end 1787287620435
job 87_POW_36 started 1787287620435 core=0
job 43_COPY_84 end 1787287654246
job 4_COPY_60 started 1787287654247 core=4
job 86_POW_36 end 1787287685871
job 31_SUM_132 started 1787287685871 core=5
job 30_SUM_132 end 1787287698055
job 88_POW_24 started 1787287698055 core=1
job 4_COPY_60 end 1787287751675
job 10_COPY_60 started 1787287751675 core=4
job 87_POW_36 end 1787287760112
job 90_POW_36 started 1787287760112 core=0
job 88_POW_24 end 1787287763849
job 91_POW_24 started 1787287763850 core=1
job 31_SUM_132 end 1787287766229
job 32_SUM_108 started 1787287766229 core=5
job 91_POW_24 end 1787287830074
job 19_COPY_60 started 1787287830074 core=1
job 32_SUM_108 end 1787287831350
job 93_POW_24 started 1787287831350 core=5
job 10_COPY_60 end 1787287846559
job 94_POW_24 started 1787287846559 core=4
job 90_POW_36 end 1787287880661
job 33_SUM_132 started 1787287880662 core=0
job 94_POW_24 end 1787287910287
job 26_COPY_60 started 1787287910287 core=4
job 93_POW_24 end 1787287919019
job 96_POW_36 started 1787287919019 core=5
job 19_COPY_60 end 1787287920882
job 97_POW_36 started 1787287920883 core=1
job 33_SUM_132 end 1787287988464
job 34_SUM_84 started 1787287988465 core=0
job 26_COPY_60 end 1787287996862
job 36_SUM_84 started 1787287996862 core=4
job 96_POW_36 end 1787288017426
job 27_COPY_60 started 1787288017426 core=5
job 97_POW_36 end 1787288019114
job 89_TGAMMA_120 started 1787288019115 core=1
job 34_SUM_84 end 1787288046364
job 37_SUM_84 started 1787288046364 core=0
job 36_SUM_84 end 1787288051989
job 44_SUM_108 started 1787288051989 core=4
job 89_TGAMMA_120 end 1787288091174
job 42_COPY_60 started 1787288091175 core=1
job 37_SUM_84 end 1787288101112
job 46_COPY_60 started 1787288101112 core=0
job 27_COPY_60 end 1787288103583
job 92_TGAMMA_120 started 1787288103584 core=5
job 44_SUM_108 end 1787288130312
job 12_DOT_84 started 1787288130312 core=4
job 42_COPY_60 end 1787288167931
job 95_TGAMMA_12 started 1787288167931 core=1
job 92_TGAMMA_120 end 1787288174406
job 98_TGAMMA_120 started 1787288174406 core=5
job 95_TGAMMA_12 end 1787288174770
job 13_DOT_84 started 1787288174770 core=1
job 46_COPY_60 end 1787288191676
job 14_DOT_36 started 1787288191676 core=0
job 98_TGAMMA_120 end 1787288244975
job 18_DOT_36 started 1787288244975 core=5
job 14_DOT_36 end 1787288245004
job 20_DOT_36 started 1787288245004 core=0
job 12_DOT_84 end 1787288253199
job 99_TGAMMA_120 started 1787288253199 core=4
job 13_DOT_84 end 1787288255300
job 22_DOT_84 started 1787288255300 core=1
job 20_DOT_36 end 1787288281529
job 45_DOT_84 started 1787288281529 core=0
job 18_DOT_36 end 1787288297856
job 47_DOT_36 started 1787288297857 core=5
job 99_TGAMMA_120 end 1787288323807
job 47_DOT_36 end 1787288350613
job 45_DOT_84 end 1787288354891
job 22_DOT_84 end 1787288360785
  итерация 0: 1750848 ms
  среднее по 1 итерациям: 1750848 ms
=== Выполняется проект: no_po_memory50_cpu50_26.txt (100 работ, перестановка ORDER) ===
fake 3 started 1787288360785 delay_ms=1
fake 2 started 1787288360785 delay_ms=0
fake 1 started 1787288360785 delay_ms=0
fake 1 end 1787288360785
fake 0 started 1787288360785 delay_ms=0
fake 0 end 1787288360785
fake 2 end 1787288360785
job 6_XPY_60 started 1787288360785 core=1
job 10_XPY_60 started 1787288360785 core=0
job 52_TGAMMA_120 started 1787288360786 core=5
fake 3 end 1787288360786
job 53_TGAMMA_60 started 1787288360787 core=4
job 53_TGAMMA_60 end 1787288396255
job 57_TGAMMA_12 started 1787288396255 core=4
job 57_TGAMMA_12 end 1787288403459
job 59_TGAMMA_120 started 1787288403459 core=4
job 6_XPY_60 end 1787288426670
job 12_XPY_60 started 1787288426670 core=1
job 10_XPY_60 end 1787288426933
job 15_XPY_48 started 1787288426933 core=0
job 52_TGAMMA_120 end 1787288431653
job 60_TGAMMA_120 started 1787288431654 core=5
job 59_TGAMMA_120 end 1787288474417
job 62_TGAMMA_60 started 1787288474420 core=4
job 15_XPY_48 end 1787288479738
job 21_XPY_48 started 1787288479738 core=0
job 12_XPY_60 end 1787288492331
job 27_XPY_48 started 1787288492331 core=1
job 60_TGAMMA_120 end 1787288502551
job 63_TGAMMA_60 started 1787288502551 core=5
job 62_TGAMMA_60 end 1787288509858
job 65_TGAMMA_60 started 1787288509859 core=4
job 21_XPY_48 end 1787288532421
job 36_XPY_48 started 1787288532421 core=0
job 63_TGAMMA_60 end 1787288538016
job 68_TGAMMA_12 started 1787288538016 core=5
job 27_XPY_48 end 1787288544847
job 39_XPY_48 started 1787288544847 core=1
job 68_TGAMMA_12 end 1787288545127
job 70_TGAMMA_60 started 1787288545127 core=5
job 65_TGAMMA_60 end 1787288545319
job 71_TGAMMA_12 started 1787288545319 core=4
job 71_TGAMMA_12 end 1787288552499
job 72_TGAMMA_120 started 1787288552499 core=4
job 70_TGAMMA_60 end 1787288580587
job 73_TGAMMA_12 started 1787288580587 core=5
job 36_XPY_48 end 1787288585135
job 23_XPY_60 started 1787288585135 core=0
job 73_TGAMMA_12 end 1787288587691
job 74_TGAMMA_60 started 1787288587691 core=5
job 39_XPY_48 end 1787288597478
job 45_XPY_60 started 1787288597479 core=1
job 74_TGAMMA_60 end 1787288623133
job 84_TGAMMA_120 started 1787288623133 core=5
job 72_TGAMMA_120 end 1787288623303
job 86_TGAMMA_12 started 1787288623304 core=4
job 86_TGAMMA_12 end 1787288630493
job 87_TGAMMA_120 started 1787288630494 core=4
job 23_XPY_60 end 1787288650903
job 3_DOT_36 started 1787288650903 core=0
job 45_XPY_60 end 1787288664984
job 8_DOT_84 started 1787288664984 core=1
job 3_DOT_36 end 1787288681097
job 11_DOT_36 started 1787288681097 core=0
job 84_TGAMMA_120 end 1787288694073
job 50_POW_24 started 1787288694073 core=5
job 87_TGAMMA_120 end 1787288700804
job 51_POW_12 started 1787288700804 core=4
job 11_DOT_36 end 1787288717459
job 1_SUM_84 started 1787288717460 core=0
job 51_POW_12 end 1787288739905
job 54_POW_12 started 1787288739905 core=4
job 8_DOT_84 end 1787288754821
job 2_COPY_84 started 1787288754821 core=1
job 1_SUM_84 end 1787288771485
job 55_POW_24 started 1787288771485 core=0
job 54_POW_12 end 1787288774072
job 56_POW_24 started 1787288774072 core=4
job 50_POW_24 end 1787288779666
job 4_SUM_132 started 1787288779666 core=5
job 55_POW_24 end 1787288835269
job 58_POW_36 started 1787288835269 core=0
job 56_POW_24 end 1787288837845
job 61_POW_12 started 1787288837845 core=4
job 61_POW_12 end 1787288869873
job 5_SUM_108 started 1787288869873 core=4
job 2_COPY_84 end 1787288881058
job 7_COPY_84 started 1787288881059 core=1
job 4_SUM_132 end 1787288901262
job 64_POW_24 started 1787288901263 core=5
job 58_POW_36 end 1787288935033
job 9_SUM_132 started 1787288935033 core=0
job 5_SUM_108 end 1787288935574
job 66_POW_24 started 1787288935575 core=4
job 64_POW_24 end 1787288993951
job 67_POW_12 started 1787288993952 core=5
job 66_POW_24 end 1787289001565
job 69_POW_24 started 1787289001565 core=4
job 9_SUM_132 end 1787289014714
job 22_COPY_84 started 1787289014714 core=0
job 7_COPY_84 end 1787289016973
job 75_POW_24 started 1787289016973 core=1
job 67_POW_12 end 1787289032352
job 13_SUM_108 started 1787289032352 core=5
job 75_POW_24 end 1787289081993
job 76_POW_36 started 1787289081993 core=1
job 69_POW_24 end 1787289086835
job 77_POW_12 started 1787289086836 core=4
job 13_SUM_108 end 1787289097305
job 16_SUM_132 started 1787289097306 core=5
job 77_POW_12 end 1787289133092
job 26_COPY_84 started 1787289133093 core=4
job 22_COPY_84 end 1787289152251
job 78_POW_36 started 1787289152251 core=0
job 16_SUM_132 end 1787289176099
job 79_POW_36 started 1787289176099 core=5
job 76_POW_36 end 1787289180323
job 17_SUM_108 started 1787289180323 core=1
job 17_SUM_108 end 1787289245098
job 80_POW_36 started 1787289245098 core=1
job 26_COPY_84 end 1787289269997
job 30_COPY_84 started 1787289269998 core=4
job 79_POW_36 end 1787289272959
job 20_SUM_108 started 1787289272960 core=5
job 78_POW_36 end 1787289288688
job 81_POW_12 started 1787289288689 core=0
job 81_POW_12 end 1787289335265
job 82_POW_36 started 1787289335265 core=0
job 20_SUM_108 end 1787289337692
job 24_SUM_132 started 1787289337692 core=5
job 80_POW_36 end 1787289342171
job 83_POW_24 started 1787289342171 core=1
job 30_COPY_84 end 1787289405252
job 40_COPY_84 started 1787289405252 core=4
job 83_POW_24 end 1787289407814
job 85_POW_24 started 1787289407814 core=1
job 24_SUM_132 end 1787289416918
job 89_POW_36 started 1787289416919 core=5
job 82_POW_36 end 1787289469719
job 25_SUM_84 started 1787289469719 core=0
job 85_POW_24 end 1787289470037
job 32_SUM_84 started 1787289470037 core=1
job 89_POW_36 end 1787289514051
job 48_COPY_84 started 1787289514052 core=5
job 32_SUM_84 end 1787289526220
job 90_POW_36 started 1787289526220 core=1
job 40_COPY_84 end 1787289531942
job 92_POW_12 started 1787289531942 core=4
job 25_SUM_84 end 1787289545579
job 38_SUM_108 started 1787289545579 core=0
job 92_POW_12 end 1787289565158
job 93_POW_12 started 1787289565159 core=4
job 93_POW_12 end 1787289598138
job 94_POW_12 started 1787289598139 core=4
job 38_SUM_108 end 1787289610591
job 95_POW_36 started 1787289610592 core=0
job 94_POW_12 end 1787289629895
job 0_COPY_60 started 1787289629896 core=4
job 48_COPY_84 end 1787289644256
job 43_SUM_108 started 1787289644257 core=5
job 90_POW_36 end 1787289657014
job 96_POW_36 started 1787289657014 core=1
job 43_SUM_108 end 1787289709245
job 46_SUM_84 started 1787289709245 core=5
job 0_COPY_60 end 1787289725007
job 18_COPY_60 started 1787289725008 core=4
job 95_POW_36 end 1787289738007
job 97_POW_36 started 1787289738007 core=0
job 96_POW_36 end 1787289755737
job 98_POW_24 started 1787289755737 core=1
job 46_SUM_84 end 1787289759655
job 19_COPY_60 started 1787289759655 core=5
job 18_COPY_60 end 1787289815958
job 29_COPY_60 started 1787289815958 core=4
job 98_POW_24 end 1787289838752
job 99_POW_12 started 1787289838752 core=1
job 19_COPY_60 end 1787289846842
job 88_TGAMMA_12 started 1787289846842 core=5
job 88_TGAMMA_12 end 1787289853708
job 91_TGAMMA_60 started 1787289853708 core=5
job 97_POW_36 end 1787289864587
job 14_DOT_36 started 1787289864588 core=0
job 99_POW_12 end 1787289868176
job 33_COPY_60 started 1787289868176 core=1
job 91_TGAMMA_60 end 1787289888688
job 28_DOT_36 started 1787289888688 core=5
job 29_COPY_60 end 1787289900456
job 31_DOT_84 started 1787289900456 core=4
job 14_DOT_36 end 1787289917499
job 34_DOT_36 started 1787289917499 core=0
job 28_DOT_36 end 1787289951801
job 35_DOT_84 started 1787289951801 core=5
job 34_DOT_36 end 1787289967301
job 37_DOT_36 started 1787289967304 core=0
job 33_COPY_60 end 1787289968836
job 41_DOT_36 started 1787289968837 core=1
job 31_DOT_84 end 1787290021576
job 42_DOT_36 started 1787290021576 core=4
job 37_DOT_36 end 1787290022029
job 44_DOT_36 started 1787290022029 core=0
job 41_DOT_36 end 1787290023389
job 47_DOT_84 started 1787290023389 core=1
job 42_DOT_36 end 1787290076092
job 49_DOT_84 started 1787290076092 core=4
job 44_DOT_36 end 1787290076672
job 35_DOT_84 end 1787290081423
job 47_DOT_84 end 1787290116100
job 49_DOT_84 end 1787290130600
  итерация 0: 1769814 ms
  среднее по 1 итерациям: 1769814 ms
=== Выполняется проект: no_po_memory50_cpu50_27.txt (100 работ, перестановка ORDER) ===
fake 3 started 1787290130601 delay_ms=1
fake 2 started 1787290130601 delay_ms=0
fake 2 end 1787290130601
fake 1 started 1787290130601 delay_ms=0
fake 1 end 1787290130601
fake 0 started 1787290130601 delay_ms=0
fake 0 end 1787290130601
job 28_XPY_60 started 1787290130601 core=4
job 16_XPY_60 started 1787290130601 core=1
job 51_TGAMMA_60 started 1787290130601 core=5
fake 3 end 1787290130613
job 52_TGAMMA_60 started 1787290130614 core=0
job 51_TGAMMA_60 end 1787290166088
job 53_TGAMMA_60 started 1787290166088 core=5
job 52_TGAMMA_60 end 1787290166132
job 55_TGAMMA_12 started 1787290166132 core=0
job 55_TGAMMA_12 end 1787290173354
job 57_TGAMMA_60 started 1787290173354 core=0
job 28_XPY_60 end 1787290196469
job 45_XPY_60 started 1787290196469 core=4
job 16_XPY_60 end 1787290196508
job 0_XPY_48 started 1787290196508 core=1
job 53_TGAMMA_60 end 1787290201628
job 58_TGAMMA_12 started 1787290201628 core=5
job 58_TGAMMA_12 end 1787290208840
job 59_TGAMMA_60 started 1787290208841 core=5
job 57_TGAMMA_60 end 1787290208922
job 61_TGAMMA_60 started 1787290208922 core=0
job 59_TGAMMA_60 end 1787290244386
job 62_TGAMMA_60 started 1787290244386 core=5
job 61_TGAMMA_60 end 1787290244505
job 64_TGAMMA_120 started 1787290244505 core=0
job 0_XPY_48 end 1787290249216
job 7_XPY_48 started 1787290249216 core=1
job 45_XPY_60 end 1787290262282
job 13_XPY_48 started 1787290262282 core=4
job 62_TGAMMA_60 end 1787290279824
job 65_TGAMMA_120 started 1787290279824 core=5
job 7_XPY_48 end 1787290301849
job 27_XPY_48 started 1787290301849 core=1
job 13_XPY_48 end 1787290314958
job 36_XPY_48 started 1787290314958 core=4
job 64_TGAMMA_120 end 1787290315556
job 67_TGAMMA_120 started 1787290315556 core=0
job 65_TGAMMA_120 end 1787290350749
job 68_TGAMMA_120 started 1787290350749 core=5
job 27_XPY_48 end 1787290354528
job 41_XPY_48 started 1787290354528 core=1
job 36_XPY_48 end 1787290367774
job 9_DOT_36 started 1787290367775 core=4
job 67_TGAMMA_120 end 1787290386323
job 50_POW_36 started 1787290386323 core=0
job 9_DOT_36 end 1787290400498
job 2_SUM_108 started 1787290400498 core=4
job 41_XPY_48 end 1787290412285
job 14_DOT_84 started 1787290412285 core=1
job 68_TGAMMA_120 end 1787290422400
job 54_POW_36 started 1787290422400 core=5
job 2_SUM_108 end 1787290470373
job 3_SUM_108 started 1787290470373 core=4
job 50_POW_36 end 1787290494920
job 56_POW_12 started 1787290494920 core=0
job 14_DOT_84 end 1787290507357
job 1_COPY_84 started 1787290507357 core=1
job 56_POW_12 end 1787290528987
job 60_POW_24 started 1787290528987 core=0
job 3_SUM_108 end 1787290538867
job 63_POW_12 started 1787290538868 core=4
job 54_POW_36 end 1787290551744
job 4_SUM_132 started 1787290551744 core=5
job 63_POW_12 end 1787290570258
job 66_POW_12 started 1787290570258 core=4
job 60_POW_24 end 1787290592965
job 69_POW_24 started 1787290592966 core=0
job 66_POW_12 end 1787290602494
job 70_POW_36 started 1787290602495 core=4
job 1_COPY_84 end 1787290635433
job 5_COPY_84 started 1787290635434 core=1
job 69_POW_24 end 1787290657448
job 11_SUM_84 started 1787290657448 core=0
job 4_SUM_132 end 1787290668048
job 73_POW_12 started 1787290668048 core=5
job 70_POW_36 end 1787290700560
job 12_SUM_84 started 1787290700561 core=4
job 11_SUM_84 end 1787290709296
job 74_POW_24 started 1787290709296 core=0
job 73_POW_12 end 1787290714900
job 75_POW_24 started 1787290714900 core=5
job 12_SUM_84 end 1787290751880
job 18_SUM_132 started 1787290751880 core=4
job 5_COPY_84 end 1787290769867
job 6_COPY_84 started 1787290769868 core=1
job 74_POW_24 end 1787290775363
job 78_POW_24 started 1787290775363 core=0
job 75_POW_24 end 1787290807415
job 87_POW_12 started 1787290807415 core=5
job 18_SUM_132 end 1787290831141
job 88_POW_24 started 1787290831142 core=4
job 78_POW_24 end 1787290840780
job 20_SUM_108 started 1787290840781 core=0
job 87_POW_12 end 1787290852845
job 89_POW_24 started 1787290852845 core=5
job 88_POW_24 end 1787290896472
job 10_COPY_84 started 1787290896472 core=4
job 6_COPY_84 end 1787290903800
job 90_POW_24 started 1787290903801 core=1
job 20_SUM_108 end 1787290910112
job 23_SUM_84 started 1787290910112 core=0
job 89_POW_24 end 1787290932346
job 94_POW_12 started 1787290932347 core=5
job 94_POW_12 end 1787290964333
job 99_POW_36 started 1787290964333 core=5
job 90_POW_24 end 1787290967885
job 71_TGAMMA_120 started 1787290967885 core=1
job 23_SUM_84 end 1787290984469
job 15_DOT_84 started 1787290984469 core=0
job 10_COPY_84 end 1787291012984
job 19_DOT_36 started 1787291012984 core=4
job 71_TGAMMA_120 end 1787291037037
job 21_DOT_36 started 1787291037037 core=1
job 99_POW_36 end 1787291052697
job 72_TGAMMA_120 started 1787291052697 core=5
job 19_DOT_36 end 1787291059797
job 22_DOT_84 started 1787291059798 core=4
job 21_DOT_36 end 1787291074546
job 29_DOT_84 started 1787291074546 core=1
job 15_DOT_84 end 1787291097172
job 25_SUM_132 started 1787291097173 core=0
job 72_TGAMMA_120 end 1787291123325
job 76_TGAMMA_60 started 1787291123325 core=5
job 29_DOT_84 end 1787291152936
job 77_TGAMMA_12 started 1787291152936 core=1
job 76_TGAMMA_60 end 1787291158479
job 79_TGAMMA_60 started 1787291158479 core=5
job 77_TGAMMA_12 end 1787291159811
job 26_SUM_84 started 1787291159811 core=1
job 22_DOT_84 end 1787291166168
job 30_SUM_108 started 1787291166168 core=4
job 79_TGAMMA_60 end 1787291193599
job 40_SUM_108 started 1787291193599 core=5
job 25_SUM_132 end 1787291202647
job 80_TGAMMA_120 started 1787291202648 core=0
job 26_SUM_84 end 1787291203085
job 42_SUM_84 started 1787291203085 core=1
job 30_SUM_108 end 1787291229697
job 48_SUM_84 started 1787291229698 core=4
job 42_SUM_84 end 1787291263827
job 49_SUM_84 started 1787291263827 core=1
job 48_SUM_84 end 1787291269196
job 81_TGAMMA_120 started 1787291269196 core=4
job 40_SUM_108 end 1787291271175
job 8_COPY_60 started 1787291271175 core=5
job 80_TGAMMA_120 end 1787291273011
job 17_COPY_60 started 1787291273012 core=0
job 49_SUM_84 end 1787291336191
job 24_COPY_60 started 1787291336192 core=1
job 81_TGAMMA_120 end 1787291339698
job 82_TGAMMA_120 started 1787291339699 core=4
job 17_COPY_60 end 1787291342928
job 31_COPY_60 started 1787291342929 core=0
job 8_COPY_60 end 1787291359336
job 43_COPY_60 started 1787291359336 core=5
job 31_COPY_60 end 1787291408523
job 47_COPY_60 started 1787291408523 core=0
job 82_TGAMMA_120 end 1787291409971
job 83_TGAMMA_60 started 1787291409971 core=4
job 83_TGAMMA_60 end 1787291445139
job 84_TGAMMA_120 started 1787291445140 core=4
job 24_COPY_60 end 1787291445828
job 35_COPY_84 started 1787291445828 core=1
job 43_COPY_60 end 1787291468743
job 39_COPY_84 started 1787291468744 core=5
job 47_COPY_60 end 1787291474137
job 32_DOT_84 started 1787291474137 core=0
job 84_TGAMMA_120 end 1787291515047
job 85_TGAMMA_60 started 1787291515047 core=4
job 32_DOT_84 end 1787291541262
job 86_TGAMMA_60 started 1787291541262 core=0
job 85_TGAMMA_60 end 1787291549717
job 33_DOT_36 started 1787291549717 core=4
job 86_TGAMMA_60 end 1787291575979
job 91_TGAMMA_120 started 1787291575980 core=0
job 33_DOT_36 end 1787291578490
job 34_DOT_84 started 1787291578490 core=4
job 35_COPY_84 end 1787291608079
job 37_DOT_36 started 1787291608080 core=1
job 39_COPY_84 end 1787291631342
job 38_DOT_36 started 1787291631343 core=5
job 91_TGAMMA_120 end 1787291646115
job 92_TGAMMA_12 started 1787291646115 core=0
job 34_DOT_84 end 1787291649112
job 44_DOT_36 started 1787291649112 core=4
job 92_TGAMMA_12 end 1787291653326
job 93_TGAMMA_12 started 1787291653327 core=0
job 93_TGAMMA_12 end 1787291660554
job 46_DOT_84 started 1787291660554 core=0
job 37_DOT_36 end 1787291664053
job 95_TGAMMA_12 started 1787291664053 core=1
job 95_TGAMMA_12 end 1787291671136
job 96_TGAMMA_60 started 1787291671136 core=1
job 38_DOT_36 end 1787291676728
job 97_TGAMMA_60 started 1787291676728 core=5
job 44_DOT_36 end 1787291688822
job 98_TGAMMA_120 started 1787291688822 core=4
job 96_TGAMMA_60 end 1787291705597
job 97_TGAMMA_60 end 1787291710957
job 46_DOT_84 end 1787291721228
job 98_TGAMMA_120 end 1787291756750
  итерация 0: 1626149 ms
  среднее по 1 итерациям: 1626149 ms
=== Выполняется проект: no_po_memory50_cpu50_28.txt (100 работ, перестановка ORDER) ===
fake 3 started 1787291756751 delay_ms=1
fake 2 started 1787291756751 delay_ms=0
fake 2 end 1787291756751
fake 0 started 1787291756751 delay_ms=0
fake 0 end 1787291756751
fake 1 started 1787291756751 delay_ms=0
job 8_XPY_60 started 1787291756751 core=4
fake 1 end 1787291756751
job 28_XPY_60 started 1787291756751 core=0
fake 3 end 1787291756752
job 50_TGAMMA_60 started 1787291756752 core=5
job 51_TGAMMA_120 started 1787291756763 core=1
job 50_TGAMMA_60 end 1787291790969
job 52_TGAMMA_60 started 1787291790970 core=5
job 8_XPY_60 end 1787291823226
job 9_XPY_48 started 1787291823226 core=4
job 28_XPY_60 end 1787291823646
job 24_XPY_48 started 1787291823646 core=0
job 51_TGAMMA_120 end 1787291825132
job 53_TGAMMA_120 started 1787291825132 core=1
job 52_TGAMMA_60 end 1787291825159
job 57_TGAMMA_12 started 1787291825160 core=5
job 57_TGAMMA_12 end 1787291831992
job 60_TGAMMA_12 started 1787291831993 core=5
job 60_TGAMMA_12 end 1787291838813
job 61_TGAMMA_120 started 1787291838814 core=5
job 9_XPY_48 end 1787291876407
job 27_XPY_48 started 1787291876407 core=4
job 24_XPY_48 end 1787291877088
job 29_XPY_48 started 1787291877088 core=0
job 53_TGAMMA_120 end 1787291893579
job 62_TGAMMA_60 started 1787291893580 core=1
job 61_TGAMMA_120 end 1787291907226
job 68_TGAMMA_12 started 1787291907226 core=5
job 68_TGAMMA_12 end 1787291914064
job 70_TGAMMA_120 started 1787291914064 core=5
job 62_TGAMMA_60 end 1787291927855
job 34_XPY_48 started 1787291927855 core=1
job 27_XPY_48 end 1787291930744
job 36_XPY_48 started 1787291930745 core=4
job 29_XPY_48 end 1787291932369
job 72_TGAMMA_120 started 1787291932369 core=0
job 34_XPY_48 end 1787291980735
job 38_XPY_48 started 1787291980735 core=1
job 70_TGAMMA_120 end 1787291984387
job 48_XPY_48 started 1787291984387 core=5
job 36_XPY_48 end 1787291984400
job 73_TGAMMA_120 started 1787291984400 core=4
job 72_TGAMMA_120 end 1787292002783
job 77_TGAMMA_120 started 1787292002783 core=0
job 38_XPY_48 end 1787292033943
job 1_DOT_36 started 1787292033943 core=1
job 48_XPY_48 end 1787292037620
job 3_DOT_84 started 1787292037620 core=5
job 73_TGAMMA_120 end 1787292052864
job 54_POW_12 started 1787292052864 core=4
job 77_TGAMMA_120 end 1787292071697
job 5_DOT_36 started 1787292071698 core=0
job 1_DOT_36 end 1787292071790
job 55_POW_36 started 1787292071790 core=1
job 54_POW_12 end 1787292085359
job 56_POW_36 started 1787292085359 core=4
job 5_DOT_36 end 1787292115589
job 0_SUM_84 started 1787292115589 core=0
job 3_DOT_84 end 1787292132895
job 11_COPY_84 started 1787292132895 core=5
job 0_SUM_84 end 1787292167692
job 2_SUM_132 started 1787292167692 core=0
job 56_POW_36 end 1787292192726
job 58_POW_12 started 1787292192727 core=4
job 55_POW_36 end 1787292204119
job 59_POW_24 started 1787292204119 core=1
job 58_POW_12 end 1787292225675
job 63_POW_36 started 1787292225675 core=4
job 2_SUM_132 end 1787292247304
job 16_COPY_84 started 1787292247304 core=0
job 11_COPY_84 end 1787292266269
job 4_SUM_84 started 1787292266270 core=5
job 59_POW_24 end 1787292286795
job 64_POW_24 started 1787292286795 core=1
job 4_SUM_84 end 1787292316792
job 7_SUM_108 started 1787292316792 core=5
job 64_POW_24 end 1787292352933
job 65_POW_12 started 1787292352934 core=1
job 63_POW_36 end 1787292353780
job 66_POW_24 started 1787292353780 core=4
job 16_COPY_84 end 1787292381035
job 20_COPY_84 started 1787292381035 core=0
job 7_SUM_108 end 1787292381615
job 67_POW_12 started 1787292381616 core=5
job 65_POW_12 end 1787292385483
job 10_SUM_108 started 1787292385483 core=1
job 67_POW_12 end 1787292414446
job 69_POW_36 started 1787292414446 core=5
job 66_POW_24 end 1787292445692
job 71_POW_12 started 1787292445693 core=4
job 10_SUM_108 end 1787292450351
job 12_SUM_132 started 1787292450351 core=1
job 71_POW_12 end 1787292491964
job 74_POW_36 started 1787292491964 core=4
job 69_POW_36 end 1787292513477
job 22_COPY_84 started 1787292513477 core=5
job 20_COPY_84 end 1787292516133
job 75_POW_36 started 1787292516133 core=0
job 12_SUM_132 end 1787292537602
job 14_SUM_84 started 1787292537602 core=1
job 74_POW_36 end 1787292595332
job 76_POW_36 started 1787292595333 core=4
job 75_POW_36 end 1787292612355
job 21_SUM_108 started 1787292612355 core=0
job 14_SUM_84 end 1787292615832
job 15_COPY_60 started 1787292615833 core=1
job 22_COPY_84 end 1787292644151
job 78_POW_12 started 1787292644152 core=5
job 21_SUM_108 end 1787292676956
job 79_POW_36 started 1787292676956 core=0
job 78_POW_12 end 1787292689572
job 23_SUM_132 started 1787292689572 core=5
job 76_POW_36 end 1787292692708
job 80_POW_36 started 1787292692708 core=4
job 15_COPY_60 end 1787292714932
job 17_COPY_60 started 1787292714932 core=1
job 79_POW_36 end 1787292772769
job 26_SUM_132 started 1787292772769 core=0
job 80_POW_36 end 1787292790357
job 88_POW_12 started 1787292790358 core=4
job 17_COPY_60 end 1787292806150
job 89_POW_12 started 1787292806151 core=1
job 23_SUM_132 end 1787292810930
job 33_COPY_60 started 1787292810930 core=5
job 88_POW_12 end 1787292824346
job 90_POW_24 started 1787292824346 core=4
job 89_POW_12 end 1787292851048
job 95_POW_36 started 1787292851048 core=1
job 26_SUM_132 end 1787292853776
job 31_SUM_108 started 1787292853776 core=0
job 90_POW_24 end 1787292890429
job 96_POW_24 started 1787292890429 core=4
job 33_COPY_60 end 1787292907550
job 44_COPY_60 started 1787292907550 core=5
job 31_SUM_108 end 1787292918684
job 32_SUM_84 started 1787292918685 core=0
job 96_POW_24 end 1787292956454
job 98_POW_36 started 1787292956454 core=4
job 32_SUM_84 end 1787292969410
job 99_POW_24 started 1787292969410 core=0
job 95_POW_36 end 1787292988291
job 6_DOT_84 started 1787292988291 core=1
job 44_COPY_60 end 1787293002302
job 37_SUM_132 started 1787293002302 core=5
job 99_POW_24 end 1787293035954
job 81_TGAMMA_120 started 1787293035954 core=0
job 98_POW_36 end 1787293053027
job 39_SUM_108 started 1787293053027 core=4
job 6_DOT_84 end 1787293088354
job 41_SUM_108 started 1787293088354 core=1
job 39_SUM_108 end 1787293104171
job 43_SUM_132 started 1787293104171 core=4
job 81_TGAMMA_120 end 1787293106312
job 82_TGAMMA_120 started 1787293106312 core=0
job 37_SUM_132 end 1787293107175
job 45_SUM_108 started 1787293107176 core=5
job 41_SUM_108 end 1787293166263
job 46_SUM_84 started 1787293166264 core=1
job 43_SUM_132 end 1787293166508
job 49_SUM_84 started 1787293166508 core=4
job 82_TGAMMA_120 end 1787293176787
job 83_TGAMMA_120 started 1787293176787 core=0
job 45_SUM_108 end 1787293185285
job 13_DOT_84 started 1787293185285 core=5
job 49_SUM_84 end 1787293205902
job 18_DOT_84 started 1787293205902 core=4
job 46_SUM_84 end 1787293235650
job 19_DOT_84 started 1787293235650 core=1
job 83_TGAMMA_120 end 1787293247431
job 84_TGAMMA_60 started 1787293247431 core=0
job 84_TGAMMA_60 end 1787293283171
job 85_TGAMMA_120 started 1787293283173 core=0
job 18_DOT_84 end 1787293284502
job 25_DOT_36 started 1787293284502 core=4
job 13_DOT_84 end 1787293299704
job 30_DOT_36 started 1787293299704 core=5
job 25_DOT_36 end 1787293318232
job 35_DOT_84 started 1787293318232 core=4
job 30_DOT_36 end 1787293352473
job 40_DOT_36 started 1787293352473 core=5
job 85_TGAMMA_120 end 1787293354052
job 42_DOT_36 started 1787293354052 core=0
job 19_DOT_84 end 1787293359686
job 86_TGAMMA_60 started 1787293359686 core=1
job 40_DOT_36 end 1787293388946
job 47_DOT_84 started 1787293388946 core=5
job 86_TGAMMA_60 end 1787293395100
job 87_TGAMMA_12 started 1787293395100 core=1
job 87_TGAMMA_12 end 1787293402323
job 91_TGAMMA_12 started 1787293402323 core=1
job 42_DOT_36 end 1787293407110
job 92_TGAMMA_60 started 1787293407110 core=0
job 91_TGAMMA_12 end 1787293409527
job 93_TGAMMA_60 started 1787293409527 core=1
job 35_DOT_84 end 1787293415519
job 94_TGAMMA_120 started 1787293415520 core=4
job 92_TGAMMA_60 end 1787293441599
job 97_TGAMMA_60 started 1787293441599 core=0
job 93_TGAMMA_60 end 1787293444132
job 47_DOT_84 end 1787293446437
job 97_TGAMMA_60 end 1787293475430
job 94_TGAMMA_120 end 1787293483285
  итерация 0: 1726533 ms
  среднее по 1 итерациям: 1726533 ms
=== Выполняется проект: no_po_memory50_cpu50_29.txt (100 работ, перестановка ORDER) ===
fake 3 started 1787293483285 delay_ms=1
fake 2 started 1787293483285 delay_ms=0
fake 1 started 1787293483285 delay_ms=0
fake 1 end 1787293483285
fake 2 end 1787293483285
fake 0 started 1787293483285 delay_ms=0
fake 0 end 1787293483285
job 27_XPY_60 started 1787293483285 core=4
job 14_XPY_60 started 1787293483285 core=0
fake 3 end 1787293483286
job 50_TGAMMA_12 started 1787293483287 core=5
job 52_TGAMMA_60 started 1787293483302 core=1
job 50_TGAMMA_12 end 1787293490112
job 53_TGAMMA_60 started 1787293490112 core=5
job 52_TGAMMA_60 end 1787293517513
job 54_TGAMMA_12 started 1787293517514 core=1
job 53_TGAMMA_60 end 1787293524340
job 55_TGAMMA_12 started 1787293524340 core=5
job 54_TGAMMA_12 end 1787293524342
job 60_TGAMMA_120 started 1787293524342 core=1
job 55_TGAMMA_12 end 1787293531173
job 63_TGAMMA_12 started 1787293531174 core=5
job 63_TGAMMA_12 end 1787293538004
job 68_TGAMMA_60 started 1787293538004 core=5
job 27_XPY_60 end 1787293550137
job 35_XPY_60 started 1787293550137 core=4
job 14_XPY_60 end 1787293550214
job 6_XPY_48 started 1787293550214 core=0
job 68_TGAMMA_60 end 1787293572224
job 69_TGAMMA_60 started 1787293572224 core=5
job 60_TGAMMA_120 end 1787293592739
job 70_TGAMMA_12 started 1787293592739 core=1
job 70_TGAMMA_12 end 1787293599557
job 8_XPY_48 started 1787293599557 core=1
job 6_XPY_48 end 1787293606105
job 74_TGAMMA_12 started 1787293606105 core=0
job 69_TGAMMA_60 end 1787293606666
job 78_TGAMMA_120 started 1787293606667 core=5
job 74_TGAMMA_12 end 1787293613243
job 79_TGAMMA_12 started 1787293613244 core=0
job 35_XPY_60 end 1787293619331
job 12_XPY_48 started 1787293619332 core=4
job 79_TGAMMA_12 end 1787293620371
job 82_TGAMMA_60 started 1787293620371 core=0
job 8_XPY_48 end 1787293652213
job 83_TGAMMA_60 started 1787293652213 core=1
job 82_TGAMMA_60 end 1787293655585
job 32_XPY_48 started 1787293655585 core=0
job 12_XPY_48 end 1787293670211
job 39_XPY_48 started 1787293670211 core=4
job 78_TGAMMA_120 end 1787293676678
job 84_TGAMMA_60 started 1787293676678 core=5
job 83_TGAMMA_60 end 1787293686386
job 85_TGAMMA_120 started 1787293686386 core=1
job 32_XPY_48 end 1787293708249
job 40_XPY_48 started 1787293708250 core=0
job 84_TGAMMA_60 end 1787293710898
job 88_TGAMMA_12 started 1787293710898 core=5
job 88_TGAMMA_12 end 1787293717725
job 36_XPY_60 started 1787293717725 core=5
job 39_XPY_48 end 1787293729334
job 89_TGAMMA_120 started 1787293729334 core=4
job 85_TGAMMA_120 end 1787293756080
job 90_TGAMMA_60 started 1787293756083 core=1
job 40_XPY_48 end 1787293765911
job 3_DOT_36 started 1787293765911 core=0
job 36_XPY_60 end 1787293786021
job 4_DOT_36 started 1787293786021 core=5
job 90_TGAMMA_60 end 1787293791886
job 7_DOT_84 started 1787293791887 core=1
job 3_DOT_36 end 1787293795470
job 51_POW_36 started 1787293795470 core=0
job 89_TGAMMA_120 end 1787293799867
job 56_POW_36 started 1787293799867 core=4
job 4_DOT_36 end 1787293831119
job 2_SUM_84 started 1787293831119 core=5
job 7_DOT_84 end 1787293893623
job 10_SUM_84 started 1787293893623 core=1
job 2_SUM_84 end 1787293898588
job 1_COPY_84 started 1787293898588 core=5
job 51_POW_36 end 1787293901340
job 57_POW_12 started 1787293901340 core=0
job 56_POW_36 end 1787293905963
job 58_POW_12 started 1787293905964 core=4
job 57_POW_12 end 1787293933553
job 11_SUM_108 started 1787293933553 core=0
job 58_POW_12 end 1787293938631
job 59_POW_36 started 1787293938631 core=4
job 10_SUM_84 end 1787293970482
job 61_POW_36 started 1787293970482 core=1
job 11_SUM_108 end 1787294000007
job 9_COPY_84 started 1787294000007 core=0
job 1_COPY_84 end 1787294027677
job 13_SUM_84 started 1787294027677 core=5
job 59_POW_36 end 1787294051649
job 62_POW_12 started 1787294051649 core=4
job 13_SUM_84 end 1787294078097
job 64_POW_12 started 1787294078097 core=5
job 61_POW_36 end 1787294083588
job 18_SUM_84 started 1787294083588 core=1
job 62_POW_12 end 1787294097617
job 65_POW_36 started 1787294097617 core=4
job 64_POW_12 end 1787294110772
job 66_POW_36 started 1787294110773 core=5
job 9_COPY_84 end 1787294132048
job 20_SUM_108 started 1787294132048 core=0
job 18_SUM_84 end 1787294134009
job 15_COPY_84 started 1787294134009 core=1
job 20_SUM_108 end 1787294197046
job 67_POW_12 started 1787294197046 core=0
job 65_POW_36 end 1787294206228
job 71_POW_36 started 1787294206228 core=4
job 67_POW_12 end 1787294228088
job 22_SUM_84 started 1787294228088 core=0
job 66_POW_36 end 1787294237206
job 72_POW_12 started 1787294237206 core=5
job 15_COPY_84 end 1787294266158
job 16_COPY_84 started 1787294266159 core=1
job 22_SUM_84 end 1787294278449
job 24_SUM_132 started 1787294278449 core=0
job 72_POW_12 end 1787294283107
job 73_POW_36 started 1787294283107 core=5
job 71_POW_36 end 1787294303813
job 75_POW_12 started 1787294303813 core=4
job 75_POW_12 end 1787294336797
job 76_POW_24 started 1787294336797 core=4
job 24_SUM_132 end 1787294357898
job 25_SUM_84 started 1787294357898 core=0
job 16_COPY_84 end 1787294401410
job 77_POW_12 started 1787294401410 core=1
job 76_POW_24 end 1787294402858
job 30_COPY_84 started 1787294402858 core=4
job 25_SUM_84 end 1787294411058
job 33_SUM_132 started 1787294411059 core=0
job 73_POW_36 end 1787294415651
job 80_POW_12 started 1787294415651 core=5
job 77_POW_12 end 1787294433252
job 81_POW_36 started 1787294433253 core=1
job 80_POW_12 end 1787294447823
job 86_POW_12 started 1787294447823 core=5
job 86_POW_12 end 1787294479835
job 87_POW_12 started 1787294479835 core=5
job 87_POW_12 end 1787294511846
job 37_SUM_84 started 1787294511846 core=5
job 30_COPY_84 end 1787294525718
job 31_COPY_84 started 1787294525718 core=4
job 81_POW_36 end 1787294530736
job 91_POW_36 started 1787294530736 core=1
job 33_SUM_132 end 1787294537254
job 92_POW_36 started 1787294537254 core=0
job 37_SUM_84 end 1787294563138
job 41_SUM_132 started 1787294563138 core=5
job 91_POW_36 end 1787294629886
job 45_COPY_84 started 1787294629887 core=1
job 41_SUM_132 end 1787294648697
job 93_TGAMMA_12 started 1787294648698 core=5
job 93_TGAMMA_12 end 1787294655836
job 43_SUM_108 started 1787294655836 core=5
job 31_COPY_84 end 1787294658661
job 94_TGAMMA_120 started 1787294658662 core=4
job 92_POW_36 end 1787294668048
job 44_SUM_84 started 1787294668048 core=0
job 44_SUM_84 end 1787294704458
job 47_SUM_108 started 1787294704459 core=0
job 94_TGAMMA_120 end 1787294728422
job 48_SUM_132 started 1787294728422 core=4
job 45_COPY_84 end 1787294754604
job 95_TGAMMA_12 started 1787294754604 core=1
job 43_SUM_108 end 1787294757640
job 96_TGAMMA_12 started 1787294757640 core=5
job 95_TGAMMA_12 end 1787294761546
job 97_TGAMMA_12 started 1787294761546 core=1
job 47_SUM_108 end 1787294762676
job 98_TGAMMA_12 started 1787294762676 core=0
job 96_TGAMMA_12 end 1787294764472
job 99_TGAMMA_60 started 1787294764472 core=5
job 97_TGAMMA_12 end 1787294768361
job 0_COPY_60 started 1787294768361 core=1
job 98_TGAMMA_12 end 1787294769579
job 5_COPY_60 started 1787294769579 core=0
job 99_TGAMMA_60 end 1787294799705
job 23_COPY_60 started 1787294799705 core=5
job 48_SUM_132 end 1787294820639
job 38_COPY_60 started 1787294820640 core=4
job 0_COPY_60 end 1787294861439
job 46_COPY_60 started 1787294861439 core=1
job 5_COPY_60 end 1787294864120
job 17_DOT_36 started 1787294864120 core=0
job 23_COPY_60 end 1787294914904
job 19_DOT_84 started 1787294914904 core=5
job 17_DOT_36 end 1787294918826
job 21_DOT_84 started 1787294918826 core=0
job 38_COPY_60 end 1787294923214
job 26_DOT_84 started 1787294923214 core=4
job 46_COPY_60 end 1787294976556
job 28_DOT_84 started 1787294976556 core=1
job 21_DOT_84 end 1787295041947
job 29_DOT_36 started 1787295041947 core=0
job 26_DOT_84 end 1787295045786
job 34_DOT_84 started 1787295045787 core=4
job 19_DOT_84 end 1787295050519
job 42_DOT_36 started 1787295050519 core=5
job 29_DOT_36 end 1787295097024
job 49_DOT_84 started 1787295097024 core=0
job 28_DOT_84 end 1787295103432
job 42_DOT_36 end 1787295104284
job 34_DOT_84 end 1787295140740
job 49_DOT_84 end 1787295156058
  итерация 0: 1672773 ms
  среднее по 1 итерациям: 1672773 ms
=== Выполняется проект: no_po_memory50_cpu50_3.txt (100 работ, перестановка ORDER) ===
fake 3 started 1787295156059 delay_ms=1
fake 2 started 1787295156059 delay_ms=0
fake 2 end 1787295156059
fake 0 started 1787295156059 delay_ms=0
fake 0 end 1787295156059
fake 1 started 1787295156059 delay_ms=0
fake 1 end 1787295156059
job 3_XPY_60 started 1787295156059 core=4
job 1_XPY_60 started 1787295156059 core=0
fake 3 end 1787295156060
job 59_TGAMMA_60 started 1787295156060 core=5
job 60_TGAMMA_120 started 1787295156086 core=1
job 59_TGAMMA_60 end 1787295190318
job 62_TGAMMA_12 started 1787295190318 core=5
job 62_TGAMMA_12 end 1787295197155
job 65_TGAMMA_60 started 1787295197155 core=5
job 3_XPY_60 end 1787295222479
job 9_XPY_60 started 1787295222479 core=4
job 1_XPY_60 end 1787295222725
job 5_XPY_48 started 1787295222725 core=0
job 60_TGAMMA_120 end 1787295224482
job 69_TGAMMA_12 started 1787295224482 core=1
job 69_TGAMMA_12 end 1787295231315
job 70_TGAMMA_120 started 1787295231315 core=1
job 65_TGAMMA_60 end 1787295231410
job 71_TGAMMA_12 started 1787295231410 core=5
job 71_TGAMMA_12 end 1787295238251
job 72_TGAMMA_12 started 1787295238252 core=5
job 72_TGAMMA_12 end 1787295245076
job 73_TGAMMA_60 started 1787295245076 core=5
job 5_XPY_48 end 1787295276087
job 7_XPY_48 started 1787295276087 core=0
job 73_TGAMMA_60 end 1787295279290
job 74_TGAMMA_120 started 1787295279290 core=5
job 9_XPY_60 end 1787295288765
job 11_XPY_48 started 1787295288765 core=4
job 70_TGAMMA_120 end 1787295299796
job 76_TGAMMA_12 started 1787295299796 core=1
job 76_TGAMMA_12 end 1787295306644
job 80_TGAMMA_60 started 1787295306644 core=1
job 7_XPY_48 end 1787295329625
job 15_XPY_48 started 1787295329625 core=0
job 80_TGAMMA_60 end 1787295340885
job 22_XPY_48 started 1787295340886 core=1
job 11_XPY_48 end 1787295342716
job 82_TGAMMA_12 started 1787295342716 core=4
job 74_TGAMMA_120 end 1787295347943
job 85_TGAMMA_12 started 1787295347943 core=5
job 82_TGAMMA_12 end 1787295349866
job 86_TGAMMA_60 started 1787295349866 core=4
job 85_TGAMMA_12 end 1787295355139
job 87_TGAMMA_120 started 1787295355139 core=5
job 15_XPY_48 end 1787295383589
job 36_XPY_48 started 1787295383589 core=0
job 86_TGAMMA_60 end 1787295385283
job 89_TGAMMA_120 started 1787295385284 core=4
job 22_XPY_48 end 1787295393593
job 46_XPY_48 started 1787295393593 core=1
job 87_TGAMMA_120 end 1787295426039
job 90_TGAMMA_12 started 1787295426039 core=5
job 90_TGAMMA_12 end 1787295433234
job 17_XPY_60 started 1787295433234 core=5
job 36_XPY_48 end 1787295436318
job 91_TGAMMA_12 started 1787295436318 core=0
job 91_TGAMMA_12 end 1787295443160
job 20_XPY_60 started 1787295443160 core=0
job 46_XPY_48 end 1787295450160
job 92_TGAMMA_60 started 1787295450160 core=1
job 89_TGAMMA_120 end 1787295455884
job 93_TGAMMA_120 started 1787295455884 core=4
job 92_TGAMMA_60 end 1787295485685
job 97_TGAMMA_60 started 1787295485686 core=1
job 17_XPY_60 end 1787295503817
job 21_XPY_60 started 1787295503817 core=5
job 20_XPY_60 end 1787295509165
job 25_XPY_60 started 1787295509165 core=0
job 97_TGAMMA_60 end 1787295521176
job 99_TGAMMA_60 started 1787295521176 core=1
job 93_TGAMMA_120 end 1787295526764
job 50_POW_12 started 1787295526764 core=4
job 99_TGAMMA_60 end 1787295556722
job 51_POW_12 started 1787295556722 core=1
job 50_POW_12 end 1787295573109
job 52_POW_36 started 1787295573109 core=4
job 21_XPY_60 end 1787295573609
job 53_POW_12 started 1787295573609 core=5
job 25_XPY_60 end 1787295587314
job 38_XPY_60 started 1787295587314 core=0
job 51_POW_12 end 1787295593312
job 54_POW_12 started 1787295593312 core=1
job 53_POW_12 end 1787295604467
job 55_POW_12 started 1787295604469 core=5
job 54_POW_12 end 1787295624277
job 56_POW_36 started 1787295624277 core=1
job 55_POW_12 end 1787295635534
job 57_POW_12 started 1787295635534 core=5
job 57_POW_12 end 1787295666477
job 0_DOT_84 started 1787295666477 core=5
job 38_XPY_60 end 1787295670431
job 8_SUM_84 started 1787295670431 core=0
job 52_POW_36 end 1787295704096
job 58_POW_12 started 1787295704096 core=4
job 8_SUM_84 end 1787295726506
job 61_POW_12 started 1787295726506 core=0
job 56_POW_36 end 1787295734414
job 63_POW_24 started 1787295734414 core=1
job 58_POW_12 end 1787295739693
job 12_SUM_108 started 1787295739693 core=4
job 61_POW_12 end 1787295762443
job 64_POW_24 started 1787295762443 core=0
job 0_DOT_84 end 1787295763833
job 14_COPY_84 started 1787295763834 core=5
job 12_SUM_108 end 1787295806726
job 66_POW_36 started 1787295806726 core=4
job 63_POW_24 end 1787295822024
job 13_SUM_84 started 1787295822024 core=1
job 64_POW_24 end 1787295827312
job 67_POW_36 started 1787295827313 core=0
job 14_COPY_84 end 1787295890250
job 19_SUM_84 started 1787295890250 core=5
job 13_SUM_84 end 1787295898157
job 27_COPY_84 started 1787295898157 core=1
job 66_POW_36 end 1787295902661
job 68_POW_12 started 1787295902662 core=4
job 67_POW_36 end 1787295924110
job 23_SUM_108 started 1787295924110 core=0
job 68_POW_12 end 1787295935737
job 75_POW_12 started 1787295935737 core=4
job 19_SUM_84 end 1787295966283
job 77_POW_24 started 1787295966283 core=5
job 75_POW_12 end 1787295970030
job 78_POW_12 started 1787295970030 core=4
job 23_SUM_108 end 1787295990709
job 26_SUM_84 started 1787295990709 core=0
job 78_POW_12 end 1787296003123
job 79_POW_24 started 1787296003123 core=4
job 27_COPY_84 end 1787296031562
job 28_COPY_84 started 1787296031562 core=1
job 26_SUM_84 end 1787296041199
job 81_POW_36 started 1787296041199 core=0
job 77_POW_24 end 1787296057113
job 29_SUM_84 started 1787296057114 core=5
job 79_POW_24 end 1787296067388
job 83_POW_12 started 1787296067388 core=4
job 83_POW_12 end 1787296099368
job 31_SUM_84 started 1787296099369 core=4
job 29_SUM_84 end 1787296138712
job 84_POW_24 started 1787296138713 core=5
job 81_POW_36 end 1787296139734
job 43_COPY_84 started 1787296139734 core=0
job 31_SUM_84 end 1787296156610
job 88_POW_12 started 1787296156610 core=4
job 28_COPY_84 end 1787296159086
job 32_SUM_84 started 1787296159086 core=1
job 88_POW_12 end 1787296202576
job 94_POW_36 started 1787296202577 core=4
job 32_SUM_84 end 1787296209509
job 95_POW_36 started 1787296209509 core=1
job 84_POW_24 end 1787296209761
job 33_SUM_132 started 1787296209761 core=5
job 43_COPY_84 end 1787296273398
job 34_COPY_60 started 1787296273398 core=0
job 33_SUM_132 end 1787296289148
job 96_POW_12 started 1787296289148 core=5
job 95_POW_36 end 1787296307353
job 98_POW_36 started 1787296307353 core=1
job 96_POW_12 end 1787296320147
job 37_SUM_132 started 1787296320147 core=5
job 94_POW_36 end 1787296338201
job 40_SUM_132 started 1787296338201 core=4
job 34_COPY_60 end 1787296366352
job 42_SUM_108 started 1787296366352 core=0
job 37_SUM_132 end 1787296405664
job 47_SUM_108 started 1787296405665 core=5
job 98_POW_36 end 1787296412762
job 49_SUM_84 started 1787296412762 core=1
job 40_SUM_132 end 1787296442508
job 35_COPY_60 started 1787296442509 core=4
job 42_SUM_108 end 1787296445988
job 41_COPY_60 started 1787296445989 core=0
job 49_SUM_84 end 1787296471653
job 2_DOT_84 started 1787296471653 core=1
job 47_SUM_108 end 1787296482622
job 4_DOT_36 started 1787296482623 core=5
job 4_DOT_36 end 1787296529681
job 6_DOT_84 started 1787296529681 core=5
job 35_COPY_60 end 1787296573887
job 10_DOT_84 started 1787296573888 core=4
job 41_COPY_60 end 1787296578905
job 16_DOT_36 started 1787296578906 core=0
job 2_DOT_84 end 1787296579615
job 18_DOT_36 started 1787296579615 core=1
job 16_DOT_36 end 1787296633775
job 24_DOT_84 started 1787296633776 core=0
job 18_DOT_36 end 1787296634316
job 30_DOT_84 started 1787296634317 core=1
job 6_DOT_84 end 1787296649288
job 39_DOT_84 started 1787296649288 core=5
job 10_DOT_84 end 1787296701716
job 44_DOT_84 started 1787296701716 core=4
job 24_DOT_84 end 1787296761360
job 45_DOT_84 started 1787296761360 core=0
job 30_DOT_84 end 1787296761597
job 48_DOT_84 started 1787296761598 core=1
job 39_DOT_84 end 1787296777172
job 44_DOT_84 end 1787296826809
job 48_DOT_84 end 1787296836055
job 45_DOT_84 end 1787296848122
  итерация 0: 1692063 ms
  среднее по 1 итерациям: 1692063 ms
=== Выполняется проект: no_po_memory50_cpu50_30.txt (100 работ, перестановка ORDER) ===
fake 3 started 1787296848123 delay_ms=1
fake 2 started 1787296848123 delay_ms=0
fake 2 end 1787296848123
fake 0 started 1787296848123 delay_ms=0
fake 0 end 1787296848123
fake 1 started 1787296848123 delay_ms=0
fake 1 end 1787296848123
job 19_XPY_60 started 1787296848123 core=1
job 13_XPY_60 started 1787296848123 core=0
job 52_TGAMMA_12 started 1787296848123 core=4
fake 3 end 1787296848135
job 53_TGAMMA_120 started 1787296848136 core=5
job 52_TGAMMA_12 end 1787296855264
job 54_TGAMMA_60 started 1787296855264 core=4
job 54_TGAMMA_60 end 1787296890708
job 55_TGAMMA_120 started 1787296890708 core=4
job 19_XPY_60 end 1787296913853
job 8_XPY_48 started 1787296913853 core=1
job 13_XPY_60 end 1787296914234
job 9_XPY_48 started 1787296914234 core=0
job 53_TGAMMA_120 end 1787296918983
job 56_TGAMMA_60 started 1787296918983 core=5
job 56_TGAMMA_60 end 1787296954464
job 60_TGAMMA_12 started 1787296954464 core=5
job 60_TGAMMA_12 end 1787296961596
job 61_TGAMMA_12 started 1787296961596 core=5
job 55_TGAMMA_120 end 1787296961629
job 63_TGAMMA_60 started 1787296961629 core=4
job 8_XPY_48 end 1787296966482
job 14_XPY_48 started 1787296966482 core=1
job 9_XPY_48 end 1787296966997
job 17_XPY_48 started 1787296966997 core=0
job 61_TGAMMA_12 end 1787296968698
job 64_TGAMMA_60 started 1787296968698 core=5
job 63_TGAMMA_60 end 1787296997126
job 66_TGAMMA_60 started 1787296997126 core=4
job 64_TGAMMA_60 end 1787297004195
job 67_TGAMMA_12 started 1787297004195 core=5
job 67_TGAMMA_12 end 1787297011304
job 68_TGAMMA_12 started 1787297011304 core=5
job 68_TGAMMA_12 end 1787297018426
job 71_TGAMMA_60 started 1787297018426 core=5
job 14_XPY_48 end 1787297019086
job 20_XPY_48 started 1787297019086 core=1
job 17_XPY_48 end 1787297019716
job 30_XPY_48 started 1787297019716 core=0
job 66_TGAMMA_60 end 1787297032592
job 72_TGAMMA_60 started 1787297032592 core=4
job 71_TGAMMA_60 end 1787297053894
job 73_TGAMMA_12 started 1787297053894 core=5
job 73_TGAMMA_12 end 1787297061005
job 74_TGAMMA_12 started 1787297061006 core=5
job 72_TGAMMA_60 end 1787297068086
job 76_TGAMMA_60 started 1787297068087 core=4
job 74_TGAMMA_12 end 1787297068129
job 79_TGAMMA_120 started 1787297068130 core=5
job 20_XPY_48 end 1787297071698
job 46_XPY_48 started 1787297071698 core=1
job 30_XPY_48 end 1787297072496
job 4_DOT_84 started 1787297072496 core=0
job 76_TGAMMA_60 end 1787297103105
job 50_POW_12 started 1787297103105 core=4
job 46_XPY_48 end 1787297131401
job 11_DOT_36 started 1787297131401 core=1
job 79_TGAMMA_120 end 1787297140084
job 51_POW_12 started 1787297140084 core=5
job 50_POW_12 end 1787297141399
job 57_POW_12 started 1787297141399 core=4
job 4_DOT_84 end 1787297155163
job 0_SUM_84 started 1787297155164 core=0
job 11_DOT_36 end 1787297170995
job 26_COPY_84 started 1787297170997 core=1
job 57_POW_12 end 1787297179077
job 58_POW_36 started 1787297179077 core=4
job 51_POW_12 end 1787297182823
job 59_POW_12 started 1787297182823 core=5
job 0_SUM_84 end 1787297207229
job 1_SUM_84 started 1787297207229 core=0
job 59_POW_12 end 1787297229123
job 62_POW_36 started 1787297229124 core=5
job 1_SUM_84 end 1787297257704
job 2_SUM_108 started 1787297257704 core=0
job 58_POW_36 end 1787297278349
job 65_POW_12 started 1787297278349 core=4
job 26_COPY_84 end 1787297306524
job 28_COPY_84 started 1787297306524 core=1
job 65_POW_12 end 1787297311158
job 69_POW_24 started 1787297311158 core=4
job 2_SUM_108 end 1787297322745
job 70_POW_12 started 1787297322745 core=0
job 70_POW_12 end 1787297353630
job 3_SUM_84 started 1787297353630 core=0
job 62_POW_36 end 1787297365184
job 75_POW_12 started 1787297365185 core=5
job 69_POW_24 end 1787297375191
job 77_POW_24 started 1787297375192 core=4
job 3_SUM_84 end 1787297404275
job 78_POW_36 started 1787297404275 core=0
job 75_POW_12 end 1787297410979
job 5_SUM_108 started 1787297410979 core=5
job 28_COPY_84 end 1787297435758
job 40_COPY_84 started 1787297435759 core=1
job 77_POW_24 end 1787297439769
job 80_POW_12 started 1787297439770 core=4
job 80_POW_12 end 1787297471955
job 7_SUM_132 started 1787297471956 core=4
job 78_POW_36 end 1787297502957
job 82_POW_36 started 1787297502958 core=0
job 5_SUM_108 end 1787297507969
job 83_POW_12 started 1787297507969 core=5
job 7_SUM_132 end 1787297552903
job 86_POW_24 started 1787297552903 core=4
job 83_POW_12 end 1787297554493
job 41_COPY_84 started 1787297554493 core=5
job 40_COPY_84 end 1787297571426
job 12_SUM_132 started 1787297571427 core=1
job 82_POW_36 end 1787297599627
job 87_POW_36 started 1787297599628 core=0
job 86_POW_24 end 1787297615863
job 88_POW_24 started 1787297615863 core=4
job 88_POW_24 end 1787297679924
job 24_SUM_108 started 1787297679924 core=4
job 41_COPY_84 end 1787297681019
job 6_COPY_60 started 1787297681019 core=5
job 12_SUM_132 end 1787297695286
job 92_POW_36 started 1787297695286 core=1
job 87_POW_36 end 1787297697230
job 93_POW_24 started 1787297697230 core=0
job 24_SUM_108 end 1787297745237
job 27_SUM_132 started 1787297745237 core=4
job 93_POW_24 end 1787297763508
job 10_COPY_60 started 1787297763508 core=0
job 6_COPY_60 end 1787297776525
job 94_POW_12 started 1787297776526 core=5
job 94_POW_12 end 1787297808616
job 97_POW_36 started 1787297808616 core=5
job 92_POW_36 end 1787297816251
job 29_SUM_132 started 1787297816251 core=1
job 10_COPY_60 end 1787297856200
job 98_POW_24 started 1787297856200 core=0
job 27_SUM_132 end 1787297856817
job 18_COPY_60 started 1787297856817 core=4
job 29_SUM_132 end 1787297896858
job 99_POW_24 started 1787297896858 core=1
job 97_POW_36 end 1787297908578
job 81_TGAMMA_120 started 1787297908578 core=5
job 18_COPY_60 end 1787297938366
job 15_DOT_36 started 1787297938367 core=4
job 98_POW_24 end 1787297940287
job 16_DOT_36 started 1787297940287 core=0
job 99_POW_24 end 1787297951913
job 23_DOT_84 started 1787297951913 core=1
job 81_TGAMMA_120 end 1787297978141
job 25_DOT_36 started 1787297978141 core=5
job 15_DOT_36 end 1787297986924
job 84_TGAMMA_12 started 1787297986924 core=4
job 16_DOT_36 end 1787297989063
job 32_SUM_132 started 1787297989063 core=0
job 84_TGAMMA_12 end 1787297994071
job 85_TGAMMA_120 started 1787297994071 core=4
job 25_DOT_36 end 1787298030499
job 34_SUM_84 started 1787298030499 core=5
job 32_SUM_132 end 1787298052077
job 35_SUM_132 started 1787298052077 core=0
job 23_DOT_84 end 1787298054708
job 89_TGAMMA_60 started 1787298054708 core=1
job 85_TGAMMA_120 end 1787298064491
job 37_SUM_108 started 1787298064491 core=4
job 34_SUM_84 end 1787298080369
job 42_SUM_84 started 1787298080370 core=5
job 89_TGAMMA_60 end 1787298089813
job 90_TGAMMA_12 started 1787298089813 core=1
job 90_TGAMMA_12 end 1787298096891
job 91_TGAMMA_12 started 1787298096891 core=1
job 91_TGAMMA_12 end 1787298103968
job 95_TGAMMA_120 started 1787298103968 core=1
job 42_SUM_84 end 1787298120113
job 43_SUM_84 started 1787298120114 core=5
job 35_SUM_132 end 1787298140695
job 21_COPY_60 started 1787298140695 core=0
job 37_SUM_108 end 1787298142539
job 22_COPY_60 started 1787298142540 core=4
job 43_SUM_84 end 1787298157271
job 96_TGAMMA_12 started 1787298157272 core=5
job 96_TGAMMA_12 end 1787298164089
job 31_COPY_60 started 1787298164089 core=5
job 95_TGAMMA_120 end 1787298173894
job 39_COPY_60 started 1787298173894 core=1
job 21_COPY_60 end 1787298247315
job 44_COPY_60 started 1787298247315 core=0
job 22_COPY_60 end 1787298248974
job 45_COPY_60 started 1787298248974 core=4
job 31_COPY_60 end 1787298267387
job 47_COPY_60 started 1787298267387 core=5
job 39_COPY_60 end 1787298284195
job 49_COPY_60 started 1787298284195 core=1
job 44_COPY_60 end 1787298358134
job 33_DOT_36 started 1787298358134 core=0
job 45_COPY_60 end 1787298359139
job 36_DOT_84 started 1787298359139 core=4
job 47_COPY_60 end 1787298381383
job 38_DOT_36 started 1787298381384 core=5
job 49_COPY_60 end 1787298399200
job 48_DOT_36 started 1787298399200 core=1
job 33_DOT_36 end 1787298407402
job 38_DOT_36 end 1787298437465
job 48_DOT_36 end 1787298445007
job 36_DOT_84 end 1787298445606
  итерация 0: 1597483 ms
  среднее по 1 итерациям: 1597483 ms
=== Выполняется проект: no_po_memory50_cpu50_4.txt (100 работ, перестановка ORDER) ===
fake 3 started 1787298445607 delay_ms=1
fake 2 started 1787298445607 delay_ms=0
fake 2 end 1787298445607
fake 1 started 1787298445607 delay_ms=0
fake 1 end 1787298445607
fake 0 started 1787298445607 delay_ms=0
fake 0 end 1787298445607
job 13_XPY_60 started 1787298445607 core=1
job 34_XPY_60 started 1787298445607 core=4
fake 3 end 1787298445608
job 50_TGAMMA_12 started 1787298445608 core=5
job 51_TGAMMA_60 started 1787298445623 core=0
job 50_TGAMMA_12 end 1787298452690
job 53_TGAMMA_12 started 1787298452691 core=5
job 53_TGAMMA_12 end 1787298459805
job 54_TGAMMA_12 started 1787298459805 core=5
job 54_TGAMMA_12 end 1787298466929
job 55_TGAMMA_60 started 1787298466929 core=5
job 51_TGAMMA_60 end 1787298481133
job 57_TGAMMA_120 started 1787298481133 core=0
job 55_TGAMMA_60 end 1787298502411
job 58_TGAMMA_60 started 1787298502411 core=5
job 13_XPY_60 end 1787298511387
job 45_XPY_60 started 1787298511387 core=1
job 34_XPY_60 end 1787298511586
job 7_XPY_48 started 1787298511586 core=4
job 58_TGAMMA_60 end 1787298537874
job 62_TGAMMA_12 started 1787298537874 core=5
job 62_TGAMMA_12 end 1787298545011
job 65_TGAMMA_12 started 1787298545011 core=5
job 65_TGAMMA_12 end 1787298552149
job 67_TGAMMA_12 started 1787298552149 core=5
job 57_TGAMMA_120 end 1787298552155
job 68_TGAMMA_120 started 1787298552155 core=0
job 67_TGAMMA_12 end 1787298559285
job 69_TGAMMA_120 started 1787298559285 core=5
job 7_XPY_48 end 1787298564276
job 16_XPY_48 started 1787298564277 core=4
job 45_XPY_60 end 1787298577132
job 17_XPY_48 started 1787298577132 core=1
job 16_XPY_48 end 1787298616782
job 33_XPY_48 started 1787298616782 core=4
job 68_TGAMMA_120 end 1787298623202
job 74_TGAMMA_120 started 1787298623202 core=0
job 17_XPY_48 end 1787298629662
job 36_XPY_48 started 1787298629662 core=1
job 69_TGAMMA_120 end 1787298630284
job 76_TGAMMA_60 started 1787298630284 core=5
job 76_TGAMMA_60 end 1787298665754
job 77_TGAMMA_120 started 1787298665754 core=5
job 33_XPY_48 end 1787298669394
job 38_XPY_48 started 1787298669394 core=4
job 36_XPY_48 end 1787298682480
job 0_DOT_36 started 1787298682480 core=1
job 74_TGAMMA_120 end 1787298694475
job 52_POW_12 started 1787298694475 core=0
job 0_DOT_36 end 1787298711585
job 1_SUM_84 started 1787298711585 core=1
job 38_XPY_48 end 1787298733215
job 2_DOT_84 started 1787298733215 core=4
job 77_TGAMMA_120 end 1787298735883
job 12_SUM_84 started 1787298735883 core=5
job 52_POW_12 end 1787298743466
job 80_TGAMMA_12 started 1787298743466 core=0
job 80_TGAMMA_12 end 1787298750698
job 81_TGAMMA_120 started 1787298750698 core=0
job 1_SUM_84 end 1787298755144
job 15_SUM_108 started 1787298755144 core=1
job 12_SUM_84 end 1787298797687
job 18_SUM_132 started 1787298797688 core=5
job 2_DOT_84 end 1787298813091
job 82_TGAMMA_12 started 1787298813091 core=4
job 82_TGAMMA_12 end 1787298819912
job 19_SUM_108 started 1787298819912 core=4
job 81_TGAMMA_120 end 1787298821204
job 83_TGAMMA_60 started 1787298821204 core=0
job 15_SUM_108 end 1787298830485
job 20_SUM_132 started 1787298830485 core=1
job 83_TGAMMA_60 end 1787298856405
job 84_TGAMMA_12 started 1787298856405 core=0
job 84_TGAMMA_12 end 1787298863534
job 86_TGAMMA_120 started 1787298863535 core=0
job 19_SUM_108 end 1787298870816
job 21_SUM_84 started 1787298870816 core=4
job 18_SUM_132 end 1787298889347
job 23_SUM_84 started 1787298889348 core=5
job 21_SUM_84 end 1787298910342
job 26_SUM_108 started 1787298910343 core=4
job 20_SUM_132 end 1787298925834
job 27_SUM_108 started 1787298925835 core=1
job 86_TGAMMA_120 end 1787298934033
job 87_TGAMMA_60 started 1787298934033 core=0
job 23_SUM_84 end 1787298950071
job 28_SUM_132 started 1787298950072 core=5
job 26_SUM_108 end 1787298960996
job 90_TGAMMA_120 started 1787298960996 core=4
job 87_TGAMMA_60 end 1787298969066
job 30_SUM_108 started 1787298969066 core=0
job 27_SUM_108 end 1787298999625
job 31_SUM_108 started 1787298999626 core=1
job 30_SUM_108 end 1787299019938
job 35_SUM_108 started 1787299019938 core=0
job 90_TGAMMA_120 end 1787299031055
job 92_TGAMMA_120 started 1787299031056 core=4
job 28_SUM_132 end 1787299040707
job 42_SUM_132 started 1787299040707 core=5
job 35_SUM_108 end 1787299070883
job 46_SUM_84 started 1787299070883 core=0
job 31_SUM_108 end 1787299077514
job 47_SUM_132 started 1787299077514 core=1
job 92_TGAMMA_120 end 1787299101329
job 4_COPY_60 started 1787299101330 core=4
job 46_SUM_84 end 1787299122370
job 94_TGAMMA_60 started 1787299122370 core=0
job 42_SUM_132 end 1787299133533
job 5_COPY_60 started 1787299133534 core=5
job 94_TGAMMA_60 end 1787299158106
job 95_TGAMMA_120 started 1787299158106 core=0
job 4_COPY_60 end 1787299179692
job 25_COPY_60 started 1787299179692 core=4
job 47_SUM_132 end 1787299180386
job 43_COPY_60 started 1787299180386 core=1
job 95_TGAMMA_120 end 1787299228784
job 97_TGAMMA_120 started 1787299228784 core=0
job 5_COPY_60 end 1787299228935
job 6_COPY_84 started 1787299228935 core=5
job 25_COPY_60 end 1787299245232
job 8_COPY_84 started 1787299245232 core=4
job 43_COPY_60 end 1787299289934
job 98_TGAMMA_12 started 1787299289934 core=1
job 98_TGAMMA_12 end 1787299297049
job 37_COPY_84 started 1787299297049 core=1
job 97_TGAMMA_120 end 1787299299321
job 56_POW_24 started 1787299299321 core=0
job 8_COPY_84 end 1787299348440
job 59_POW_24 started 1787299348440 core=4
job 56_POW_24 end 1787299373718
job 60_POW_36 started 1787299373718 core=0
job 6_COPY_84 end 1787299379326
job 44_COPY_84 started 1787299379327 core=5
job 59_POW_24 end 1787299409208
job 3_DOT_84 started 1787299409209 core=4
job 37_COPY_84 end 1787299459416
job 61_POW_36 started 1787299459417 core=1
job 60_POW_36 end 1787299478133
job 63_POW_24 started 1787299478133 core=0
job 3_DOT_84 end 1787299499888
job 9_DOT_36 started 1787299499888 core=4
job 44_COPY_84 end 1787299532262
job 10_DOT_36 started 1787299532263 core=5
job 9_DOT_36 end 1787299539428
job 64_POW_24 started 1787299539429 core=4
job 63_POW_24 end 1787299553369
job 11_DOT_36 started 1787299553369 core=0
job 10_DOT_36 end 1787299573850
job 66_POW_36 started 1787299573851 core=5
job 61_POW_36 end 1787299588737
job 14_DOT_36 started 1787299588737 core=1
job 11_DOT_36 end 1787299594235
job 22_DOT_84 started 1787299594235 core=0
job 64_POW_24 end 1787299621109
job 24_DOT_36 started 1787299621109 core=4
job 14_DOT_36 end 1787299631821
job 70_POW_12 started 1787299631822 core=1
job 70_POW_12 end 1787299667653
job 29_DOT_84 started 1787299667653 core=1
job 24_DOT_36 end 1787299670109
job 71_POW_12 started 1787299670109 core=4
job 66_POW_36 end 1787299691131
job 72_POW_24 started 1787299691132 core=5
job 22_DOT_84 end 1787299700220
job 32_DOT_36 started 1787299700220 core=0
job 71_POW_12 end 1787299712478
job 73_POW_12 started 1787299712478 core=4
job 32_DOT_36 end 1787299743368
job 75_POW_24 started 1787299743368 core=0
job 73_POW_12 end 1787299752863
job 39_DOT_36 started 1787299752864 core=4
job 29_DOT_84 end 1787299767047
job 40_DOT_84 started 1787299767048 core=1
job 72_POW_24 end 1787299774950
job 78_POW_36 started 1787299774950 core=5
job 39_DOT_36 end 1787299795217
job 41_DOT_84 started 1787299795217 core=4
job 75_POW_24 end 1787299825885
job 79_POW_24 started 1787299825885 core=0
job 40_DOT_84 end 1787299867306
job 48_DOT_84 started 1787299867307 core=1
job 41_DOT_84 end 1787299895021
job 85_POW_36 started 1787299895021 core=4
job 78_POW_36 end 1787299901595
job 49_DOT_36 started 1787299901595 core=5
job 79_POW_24 end 1787299908022
job 88_POW_36 started 1787299908022 core=0
job 49_DOT_36 end 1787299950030
job 89_POW_12 started 1787299950030 core=5
job 48_DOT_84 end 1787299970984
job 91_POW_24 started 1787299970984 core=1
job 89_POW_12 end 1787299985332
job 93_POW_36 started 1787299985332 core=5
job 85_POW_36 end 1787299996834
job 96_POW_12 started 1787299996834 core=4
job 88_POW_36 end 1787300008712
job 99_POW_24 started 1787300008712 core=0
job 96_POW_12 end 1787300028000
job 91_POW_24 end 1787300032390
job 99_POW_24 end 1787300062162
job 93_POW_36 end 1787300068066
  итерация 0: 1622459 ms
  среднее по 1 итерациям: 1622459 ms
=== Выполняется проект: no_po_memory50_cpu50_5.txt (100 работ, перестановка ORDER) ===
fake 3 started 1787300068067 delay_ms=1
fake 2 started 1787300068067 delay_ms=0
fake 2 end 1787300068067
fake 1 started 1787300068067 delay_ms=0
fake 1 end 1787300068067
fake 0 started 1787300068067 delay_ms=0
fake 0 end 1787300068067
job 38_XPY_60 started 1787300068067 core=5
job 5_XPY_60 started 1787300068067 core=0
job 50_TGAMMA_12 started 1787300068067 core=1
fake 3 end 1787300068080
job 51_TGAMMA_12 started 1787300068081 core=4
job 51_TGAMMA_12 end 1787300075178
job 53_TGAMMA_120 started 1787300075178 core=4
job 50_TGAMMA_12 end 1787300075228
job 55_TGAMMA_60 started 1787300075228 core=1
job 55_TGAMMA_60 end 1787300110706
job 57_TGAMMA_60 started 1787300110706 core=1
job 5_XPY_60 end 1787300134101
job 46_XPY_60 started 1787300134102 core=0
job 38_XPY_60 end 1787300134111
job 1_XPY_48 started 1787300134111 core=5
job 53_TGAMMA_120 end 1787300146058
job 59_TGAMMA_60 started 1787300146059 core=4
job 57_TGAMMA_60 end 1787300146136
job 64_TGAMMA_12 started 1787300146136 core=1
job 64_TGAMMA_12 end 1787300153328
job 67_TGAMMA_120 started 1787300153328 core=1
job 59_TGAMMA_60 end 1787300181558
job 69_TGAMMA_12 started 1787300181558 core=4
job 1_XPY_48 end 1787300186787
job 4_XPY_48 started 1787300186787 core=5
job 69_TGAMMA_12 end 1787300188674
job 70_TGAMMA_120 started 1787300188674 core=4
job 46_XPY_60 end 1787300200079
job 6_XPY_48 started 1787300200079 core=0
job 67_TGAMMA_120 end 1787300224172
job 71_TGAMMA_60 started 1787300224173 core=1
job 4_XPY_48 end 1787300239351
job 9_XPY_48 started 1787300239351 core=5
job 6_XPY_48 end 1787300252774
job 25_XPY_48 started 1787300252775 core=0
job 71_TGAMMA_60 end 1787300259601
job 72_TGAMMA_60 started 1787300259601 core=1
job 70_TGAMMA_120 end 1787300259608
job 73_TGAMMA_12 started 1787300259608 core=4
job 73_TGAMMA_12 end 1787300266729
job 74_TGAMMA_120 started 1787300266729 core=4
job 9_XPY_48 end 1787300291901
job 31_XPY_48 started 1787300291902 core=5
job 72_TGAMMA_60 end 1787300295034
job 75_TGAMMA_12 started 1787300295034 core=1
job 75_TGAMMA_12 end 1787300302232
job 76_TGAMMA_12 started 1787300302233 core=1
job 25_XPY_48 end 1787300305544
job 33_XPY_48 started 1787300305544 core=0
job 76_TGAMMA_12 end 1787300309431
job 81_TGAMMA_120 started 1787300309432 core=1
job 74_TGAMMA_120 end 1787300337639
job 83_TGAMMA_120 started 1787300337639 core=4
job 31_XPY_48 end 1787300344466
job 34_XPY_48 started 1787300344466 core=5
job 33_XPY_48 end 1787300358246
job 3_DOT_36 started 1787300358246 core=0
job 81_TGAMMA_120 end 1787300380637
job 52_POW_24 started 1787300380637 core=1
job 3_DOT_36 end 1787300387200
job 10_SUM_84 started 1787300387201 core=0
job 34_XPY_48 end 1787300405916
job 7_DOT_36 started 1787300405916 core=5
job 83_TGAMMA_120 end 1787300407797
job 54_POW_36 started 1787300407797 core=4
job 10_SUM_84 end 1787300431462
job 0_COPY_84 started 1787300431462 core=0
job 7_DOT_36 end 1787300446686
job 11_SUM_132 started 1787300446686 core=5
job 52_POW_24 end 1787300462866
job 56_POW_24 started 1787300462866 core=1
job 11_SUM_132 end 1787300526120
job 58_POW_24 started 1787300526120 core=5
job 56_POW_24 end 1787300528745
job 60_POW_12 started 1787300528745 core=1
job 54_POW_36 end 1787300539100
job 12_SUM_84 started 1787300539100 core=4
job 60_POW_12 end 1787300560229
job 61_POW_12 started 1787300560229 core=1
job 0_COPY_84 end 1787300563695
job 2_COPY_84 started 1787300563695 core=0
job 58_POW_24 end 1787300589582
job 62_POW_12 started 1787300589582 core=5
job 61_POW_12 end 1787300592212
job 14_SUM_84 started 1787300592212 core=1
job 12_SUM_84 end 1787300617542
job 63_POW_12 started 1787300617542 core=4
job 62_POW_12 end 1787300623836
job 65_POW_12 started 1787300623836 core=5
job 14_SUM_84 end 1787300643546
job 66_POW_12 started 1787300643546 core=1
job 65_POW_12 end 1787300655969
job 16_SUM_132 started 1787300655970 core=5
job 63_POW_12 end 1787300662661
job 68_POW_12 started 1787300662661 core=4
job 66_POW_12 end 1787300675845
job 77_POW_12 started 1787300675846 core=1
job 2_COPY_84 end 1787300695509
job 18_COPY_84 started 1787300695509 core=0
job 77_POW_12 end 1787300708664
job 78_POW_12 started 1787300708666 core=1
job 68_POW_12 end 1787300708733
job 79_POW_24 started 1787300708733 core=4
job 16_SUM_132 end 1787300735176
job 80_POW_36 started 1787300735177 core=5
job 78_POW_12 end 1787300741297
job 17_SUM_108 started 1787300741298 core=1
job 79_POW_24 end 1787300800603
job 82_POW_12 started 1787300800604 core=4
job 17_SUM_108 end 1787300806032
job 47_COPY_84 started 1787300806032 core=1
job 18_COPY_84 end 1787300828491
job 20_SUM_84 started 1787300828491 core=0
job 82_POW_12 end 1787300840087
job 85_POW_12 started 1787300840087 core=4
job 80_POW_36 end 1787300842426
job 91_POW_36 started 1787300842426 core=5
job 85_POW_12 end 1787300872930
job 92_POW_24 started 1787300872930 core=4
job 20_SUM_84 end 1787300879188
job 24_SUM_108 started 1787300879188 core=0
job 47_COPY_84 end 1787300938848
job 93_POW_24 started 1787300938848 core=1
job 92_POW_24 end 1787300939022
job 8_COPY_60 started 1787300939023 core=4
job 24_SUM_108 end 1787300946820
job 32_SUM_84 started 1787300946821 core=0
job 91_POW_36 end 1787300968122
job 96_POW_24 started 1787300968122 core=5
job 93_POW_24 end 1787301002726
job 98_POW_24 started 1787301002726 core=1
job 8_COPY_60 end 1787301025753
job 37_SUM_108 started 1787301025753 core=4
job 32_SUM_84 end 1787301026616
job 13_COPY_60 started 1787301026617 core=0
job 96_POW_24 end 1787301032095
job 99_POW_12 started 1787301032095 core=5
job 99_POW_12 end 1787301064100
job 84_TGAMMA_12 started 1787301064100 core=5
job 98_POW_24 end 1787301066187
job 41_SUM_108 started 1787301066187 core=1
job 84_TGAMMA_12 end 1787301071082
job 86_TGAMMA_120 started 1787301071083 core=5
job 41_SUM_108 end 1787301112939
job 44_SUM_132 started 1787301112939 core=1
job 13_COPY_60 end 1787301115717
job 48_SUM_132 started 1787301115717 core=0
job 37_SUM_108 end 1787301126038
job 15_COPY_60 started 1787301126038 core=4
job 86_TGAMMA_120 end 1787301140966
job 87_TGAMMA_12 started 1787301140966 core=5
job 87_TGAMMA_12 end 1787301147983
job 88_TGAMMA_12 started 1787301147983 core=5
job 88_TGAMMA_12 end 1787301155008
job 89_TGAMMA_60 started 1787301155008 core=5
job 44_SUM_132 end 1787301170599
job 21_COPY_60 started 1787301170599 core=1
job 89_TGAMMA_60 end 1787301190224
job 90_TGAMMA_12 started 1787301190224 core=5
job 90_TGAMMA_12 end 1787301197374
job 94_TGAMMA_60 started 1787301197375 core=5
job 15_COPY_60 end 1787301214564
job 27_COPY_60 started 1787301214564 core=4
job 94_TGAMMA_60 end 1787301232828
job 28_COPY_60 started 1787301232828 core=5
job 48_SUM_132 end 1787301237022
job 95_TGAMMA_60 started 1787301237022 core=0
job 21_COPY_60 end 1787301245431
job 29_COPY_60 started 1787301245431 core=1
job 95_TGAMMA_60 end 1787301272317
job 97_TGAMMA_12 started 1787301272317 core=0
job 97_TGAMMA_12 end 1787301279466
job 42_COPY_60 started 1787301279466 core=0
job 27_COPY_60 end 1787301289254
job 45_COPY_60 started 1787301289255 core=4
job 28_COPY_60 end 1787301343233
job 49_COPY_60 started 1787301343234 core=5
job 29_COPY_60 end 1787301355515
job 19_DOT_36 started 1787301355516 core=1
job 42_COPY_60 end 1787301392741
job 22_DOT_36 started 1787301392741 core=0
job 45_COPY_60 end 1787301402029
job 23_DOT_84 started 1787301402029 core=4
job 19_DOT_36 end 1787301411734
job 26_DOT_36 started 1787301411734 core=1
job 22_DOT_36 end 1787301444222
job 30_DOT_36 started 1787301444222 core=0
job 49_COPY_60 end 1787301449418
job 35_DOT_84 started 1787301449419 core=5
job 26_DOT_36 end 1787301472409
job 36_DOT_36 started 1787301472409 core=1
job 30_DOT_36 end 1787301498145
job 39_DOT_36 started 1787301498145 core=0
job 23_DOT_84 end 1787301524855
job 40_DOT_84 started 1787301524855 core=4
job 36_DOT_36 end 1787301526833
job 43_DOT_36 started 1787301526833 core=1
job 39_DOT_36 end 1787301553206
job 35_DOT_84 end 1787301575920
job 43_DOT_36 end 1787301578076
job 40_DOT_84 end 1787301593422
  итерация 0: 1525354 ms
  среднее по 1 итерациям: 1525354 ms
=== Выполняется проект: no_po_memory50_cpu50_6.txt (100 работ, перестановка ORDER) ===
fake 3 started 1787301593422 delay_ms=1
fake 2 started 1787301593422 delay_ms=0
fake 2 end 1787301593422
fake 1 started 1787301593422 delay_ms=0
fake 1 end 1787301593422
fake 0 started 1787301593422 delay_ms=0
fake 0 end 1787301593422
job 4_XPY_60 started 1787301593422 core=4
job 0_XPY_60 started 1787301593422 core=1
job 50_TGAMMA_120 started 1787301593423 core=5
fake 3 end 1787301593433
job 51_TGAMMA_120 started 1787301593434 core=0
job 0_XPY_60 end 1787301659252
job 15_XPY_60 started 1787301659252 core=1
job 4_XPY_60 end 1787301659402
job 2_XPY_48 started 1787301659402 core=4
job 50_TGAMMA_120 end 1787301664277
job 54_TGAMMA_120 started 1787301664277 core=5
job 51_TGAMMA_120 end 1787301664449
job 55_TGAMMA_120 started 1787301664449 core=0
job 2_XPY_48 end 1787301712041
job 14_XPY_48 started 1787301712041 core=4
job 15_XPY_60 end 1787301724932
job 16_XPY_48 started 1787301724932 core=1
job 54_TGAMMA_120 end 1787301735303
job 56_TGAMMA_120 started 1787301735303 core=5
job 55_TGAMMA_120 end 1787301735509
job 57_TGAMMA_60 started 1787301735509 core=0
job 14_XPY_48 end 1787301764590
job 38_XPY_48 started 1787301764590 core=4
job 57_TGAMMA_60 end 1787301771030
job 58_TGAMMA_60 started 1787301771030 core=0
job 16_XPY_48 end 1787301777572
job 42_XPY_48 started 1787301777572 core=1
job 56_TGAMMA_120 end 1787301806322
job 59_TGAMMA_60 started 1787301806323 core=5
job 58_TGAMMA_60 end 1787301806558
job 60_TGAMMA_12 started 1787301806558 core=0
job 60_TGAMMA_12 end 1787301813769
job 62_TGAMMA_60 started 1787301813769 core=0
job 38_XPY_48 end 1787301817186
job 7_DOT_84 started 1787301817186 core=4
job 42_XPY_48 end 1787301831537
job 10_DOT_36 started 1787301831538 core=1
job 59_TGAMMA_60 end 1787301842018
job 52_POW_12 started 1787301842018 core=5
job 62_TGAMMA_60 end 1787301848939
job 53_POW_24 started 1787301848939 core=0
job 10_DOT_36 end 1787301870918
job 3_SUM_108 started 1787301870919 core=1
job 52_POW_12 end 1787301883193
job 61_POW_12 started 1787301883194 core=5
job 7_DOT_84 end 1787301903470
job 1_COPY_84 started 1787301903471 core=4
job 61_POW_12 end 1787301918083
job 63_POW_24 started 1787301918083 core=5
job 53_POW_24 end 1787301936301
job 65_POW_36 started 1787301936302 core=0
job 3_SUM_108 end 1787301938791
job 5_SUM_132 started 1787301938791 core=1
job 63_POW_24 end 1787301984339
job 67_POW_12 started 1787301984339 core=5
job 67_POW_12 end 1787302017358
job 68_POW_12 started 1787302017359 core=5
job 5_SUM_132 end 1787302018083
job 11_COPY_84 started 1787302018083 core=1
job 1_COPY_84 end 1787302036673
job 72_POW_36 started 1787302036673 core=4
job 68_POW_12 end 1787302059417
job 6_SUM_132 started 1787302059418 core=5
job 65_POW_36 end 1787302061354
job 73_POW_36 started 1787302061354 core=0
job 72_POW_36 end 1787302131638
job 8_SUM_108 started 1787302131639 core=4
job 11_COPY_84 end 1787302140895
job 78_POW_36 started 1787302140896 core=1
job 73_POW_36 end 1787302160512
job 13_COPY_84 started 1787302160512 core=0
job 6_SUM_132 end 1787302170283
job 79_POW_24 started 1787302170284 core=5
job 8_SUM_108 end 1787302216799
job 9_SUM_84 started 1787302216800 core=4
job 79_POW_24 end 1787302234427
job 83_POW_36 started 1787302234428 core=5
job 78_POW_36 end 1787302240013
job 88_POW_24 started 1787302240013 core=1
job 13_COPY_84 end 1787302287373
job 12_SUM_84 started 1787302287373 core=0
job 9_SUM_84 end 1787302290360
job 32_COPY_84 started 1787302290360 core=4
job 88_POW_24 end 1787302304219
job 17_SUM_84 started 1787302304219 core=1
job 83_POW_36 end 1787302333220
job 92_POW_36 started 1787302333221 core=5
job 17_SUM_84 end 1787302356574
job 93_POW_36 started 1787302356574 core=1
job 12_SUM_84 end 1787302368499
job 19_SUM_84 started 1787302368500 core=0
job 32_COPY_84 end 1787302416863
job 41_COPY_84 started 1787302416864 core=4
job 92_POW_36 end 1787302430971
job 21_SUM_84 started 1787302430971 core=5
job 19_SUM_84 end 1787302447865
job 97_POW_12 started 1787302447865 core=0
job 93_POW_36 end 1787302453908
job 99_POW_12 started 1787302453908 core=1
job 21_SUM_84 end 1787302482183
job 64_TGAMMA_60 started 1787302482183 core=5
job 99_POW_12 end 1787302485963
job 22_DOT_36 started 1787302485964 core=1
job 97_POW_12 end 1787302493458
job 25_SUM_108 started 1787302493459 core=0
job 22_DOT_36 end 1787302515700
job 66_TGAMMA_12 started 1787302515702 core=1
job 64_TGAMMA_60 end 1787302517098
job 69_TGAMMA_120 started 1787302517098 core=5
job 66_TGAMMA_12 end 1787302522526
job 26_SUM_108 started 1787302522527 core=1
job 41_COPY_84 end 1787302542442
job 33_SUM_84 started 1787302542442 core=4
job 26_SUM_108 end 1787302571580
job 34_SUM_84 started 1787302571580 core=1
job 25_SUM_108 end 1787302581534
job 40_SUM_84 started 1787302581534 core=0
job 69_TGAMMA_120 end 1787302587272
job 70_TGAMMA_12 started 1787302587272 core=5
job 70_TGAMMA_12 end 1787302594358
job 44_SUM_108 started 1787302594358 core=5
job 33_SUM_84 end 1787302603281
job 71_TGAMMA_12 started 1787302603281 core=4
job 71_TGAMMA_12 end 1787302610388
job 74_TGAMMA_120 started 1787302610389 core=4
job 34_SUM_84 end 1787302620736
job 45_SUM_132 started 1787302620737 core=1
job 40_SUM_84 end 1787302628720
job 46_SUM_132 started 1787302628720 core=0
job 44_SUM_108 end 1787302673043
job 47_SUM_84 started 1787302673043 core=5
job 74_TGAMMA_120 end 1787302680726
job 75_TGAMMA_60 started 1787302680727 core=4
job 46_SUM_132 end 1787302691123
job 48_SUM_108 started 1787302691123 core=0
job 45_SUM_132 end 1787302715655
job 76_TGAMMA_120 started 1787302715656 core=1
job 75_TGAMMA_60 end 1787302715895
job 18_COPY_60 started 1787302715895 core=4
job 47_SUM_84 end 1787302726454
job 20_COPY_60 started 1787302726454 core=5
job 48_SUM_108 end 1787302767960
job 77_TGAMMA_12 started 1787302767960 core=0
job 77_TGAMMA_12 end 1787302775101
job 23_COPY_60 started 1787302775101 core=0
job 76_TGAMMA_120 end 1787302786106
job 80_TGAMMA_12 started 1787302786106 core=1
job 80_TGAMMA_12 end 1787302793219
job 81_TGAMMA_120 started 1787302793219 core=1
job 20_COPY_60 end 1787302794964
job 27_COPY_60 started 1787302794964 core=5
job 18_COPY_60 end 1787302805401
job 29_COPY_60 started 1787302805401 core=4
job 27_COPY_60 end 1787302860646
job 82_TGAMMA_12 started 1787302860646 core=5
job 81_TGAMMA_120 end 1787302863467
job 84_TGAMMA_120 started 1787302863467 core=1
job 82_TGAMMA_12 end 1787302867483
job 31_COPY_60 started 1787302867483 core=5
job 23_COPY_60 end 1787302880230
job 36_COPY_60 started 1787302880230 core=0
job 29_COPY_60 end 1787302910297
job 37_COPY_60 started 1787302910297 core=4
job 31_COPY_60 end 1787302933061
job 85_TGAMMA_120 started 1787302933062 core=5
job 84_TGAMMA_120 end 1787302933543
job 49_COPY_60 started 1787302933544 core=1
job 36_COPY_60 end 1787302989882
job 24_DOT_84 started 1787302989882 core=0
job 49_COPY_60 end 1787302999568
job 28_DOT_84 started 1787302999568 core=1
job 85_TGAMMA_120 end 1787303003473
job 86_TGAMMA_12 started 1787303003473 core=5
job 86_TGAMMA_12 end 1787303010512
job 87_TGAMMA_60 started 1787303010512 core=5
job 37_COPY_60 end 1787303017846
job 89_TGAMMA_60 started 1787303017846 core=4
job 87_TGAMMA_60 end 1787303045721
job 30_DOT_84 started 1787303045721 core=5
job 89_TGAMMA_60 end 1787303052997
job 35_DOT_36 started 1787303052997 core=4
job 28_DOT_84 end 1787303093423
job 39_DOT_84 started 1787303093424 core=1
job 24_DOT_84 end 1787303095225
job 90_TGAMMA_60 started 1787303095226 core=0
job 35_DOT_36 end 1787303102681
job 91_TGAMMA_60 started 1787303102681 core=4
job 90_TGAMMA_60 end 1787303129868
job 43_DOT_36 started 1787303129868 core=0
job 91_TGAMMA_60 end 1787303137262
job 94_TGAMMA_12 started 1787303137262 core=4
job 94_TGAMMA_12 end 1787303144475
job 95_TGAMMA_120 started 1787303144476 core=4
job 30_DOT_84 end 1787303155505
job 96_TGAMMA_120 started 1787303155505 core=5
job 43_DOT_36 end 1787303163391
job 98_TGAMMA_120 started 1787303163391 core=0
job 39_DOT_84 end 1787303176016
job 95_TGAMMA_120 end 1787303212879
job 96_TGAMMA_120 end 1787303223657
job 98_TGAMMA_120 end 1787303230976
  итерация 0: 1637553 ms
  среднее по 1 итерациям: 1637553 ms
=== Выполняется проект: no_po_memory50_cpu50_7.txt (100 работ, перестановка ORDER) ===
fake 3 started 1787303230976 delay_ms=1
fake 2 started 1787303230976 delay_ms=0
fake 2 end 1787303230976
fake 0 started 1787303230976 delay_ms=0
fake 0 end 1787303230976
fake 1 started 1787303230976 delay_ms=0
fake 1 end 1787303230976
job 11_XPY_60 started 1787303230977 core=5
job 3_XPY_60 started 1787303230977 core=0
job 51_TGAMMA_12 started 1787303230977 core=4
fake 3 end 1787303230977
job 52_TGAMMA_120 started 1787303230978 core=1
job 51_TGAMMA_12 end 1787303238119
job 53_TGAMMA_120 started 1787303238119 core=4
job 11_XPY_60 end 1787303296699
job 25_XPY_60 started 1787303296699 core=5
job 3_XPY_60 end 1787303296991
job 0_XPY_48 started 1787303296991 core=0
job 52_TGAMMA_120 end 1787303301720
job 54_TGAMMA_120 started 1787303301721 core=1
job 53_TGAMMA_120 end 1787303308946
job 56_TGAMMA_12 started 1787303308946 core=4
job 56_TGAMMA_12 end 1787303316141
job 57_TGAMMA_60 started 1787303316141 core=4
job 0_XPY_48 end 1787303349828
job 4_XPY_48 started 1787303349828 core=0
job 57_TGAMMA_60 end 1787303351547
job 58_TGAMMA_60 started 1787303351547 core=4
job 25_XPY_60 end 1787303362276
job 17_XPY_48 started 1787303362276 core=5
job 54_TGAMMA_120 end 1787303372525
job 59_TGAMMA_60 started 1787303372525 core=1
job 58_TGAMMA_60 end 1787303386961
job 60_TGAMMA_60 started 1787303386961 core=4
job 4_XPY_48 end 1787303402637
job 20_XPY_48 started 1787303402638 core=0
job 59_TGAMMA_60 end 1787303407950
job 64_TGAMMA_120 started 1787303407950 core=1
job 17_XPY_48 end 1787303414878
job 31_XPY_48 started 1787303414878 core=5
job 60_TGAMMA_60 end 1787303422371
job 66_TGAMMA_12 started 1787303422372 core=4
job 66_TGAMMA_12 end 1787303429554
job 67_TGAMMA_60 started 1787303429554 core=4
job 20_XPY_48 end 1787303455354
job 49_XPY_48 started 1787303455354 core=0
job 67_TGAMMA_60 end 1787303464972
job 68_TGAMMA_60 started 1787303464972 core=4
job 31_XPY_48 end 1787303467271
job 26_XPY_60 started 1787303467272 core=5
job 64_TGAMMA_120 end 1787303478735
job 70_TGAMMA_60 started 1787303478735 core=1
job 68_TGAMMA_60 end 1787303500384
job 72_TGAMMA_120 started 1787303500384 core=4
job 49_XPY_48 end 1787303508131
job 28_XPY_60 started 1787303508131 core=0
job 70_TGAMMA_60 end 1787303514145
job 74_TGAMMA_60 started 1787303514145 core=1
job 26_XPY_60 end 1787303532908
job 29_XPY_60 started 1787303532908 core=5
job 74_TGAMMA_60 end 1787303549556
job 77_TGAMMA_120 started 1787303549556 core=1
job 72_TGAMMA_120 end 1787303571183
job 79_TGAMMA_60 started 1787303571184 core=4
job 28_XPY_60 end 1787303574031
job 35_XPY_60 started 1787303574031 core=0
job 29_XPY_60 end 1787303598538
job 42_XPY_60 started 1787303598538 core=5
job 79_TGAMMA_60 end 1787303606589
job 81_TGAMMA_60 started 1787303606589 core=4
job 77_TGAMMA_120 end 1787303620350
job 83_TGAMMA_60 started 1787303620350 core=1
job 35_XPY_60 end 1787303639930
job 44_XPY_60 started 1787303639931 core=0
job 81_TGAMMA_60 end 1787303642007
job 85_TGAMMA_60 started 1787303642008 core=4
job 83_TGAMMA_60 end 1787303655754
job 88_TGAMMA_60 started 1787303655755 core=1
job 42_XPY_60 end 1787303664182
job 13_DOT_36 started 1787303664183 core=5
job 85_TGAMMA_60 end 1787303677679
job 50_POW_24 started 1787303677679 core=4
job 88_TGAMMA_60 end 1787303690758
job 89_TGAMMA_60 started 1787303690758 core=1
job 13_DOT_36 end 1787303693225
job 1_SUM_84 started 1787303693225 core=5
job 44_XPY_60 end 1787303717802
job 16_DOT_84 started 1787303717802 core=0
job 89_TGAMMA_60 end 1787303725630
job 55_POW_36 started 1787303725632 core=1
job 1_SUM_84 end 1787303730862
job 61_POW_24 started 1787303730862 core=5
job 50_POW_24 end 1787303764929
job 2_SUM_132 started 1787303764929 core=4
job 61_POW_24 end 1787303800403
job 23_COPY_84 started 1787303800403 core=5
job 16_DOT_84 end 1787303812822
job 62_POW_24 started 1787303812822 core=0
job 55_POW_36 end 1787303840718
job 63_POW_36 started 1787303840718 core=1
job 2_SUM_132 end 1787303856325
job 5_SUM_108 started 1787303856326 core=4
job 62_POW_24 end 1787303879128
job 65_POW_36 started 1787303879128 core=0
job 5_SUM_108 end 1787303921171
job 6_SUM_132 started 1787303921171 core=4
job 23_COPY_84 end 1787303936653
job 36_COPY_84 started 1787303936653 core=5
job 65_POW_36 end 1787303978533
job 69_POW_24 started 1787303978533 core=0
job 63_POW_36 end 1787303979439
job 71_POW_36 started 1787303979440 core=1
job 6_SUM_132 end 1787304000163
job 8_SUM_108 started 1787304000163 core=4
job 69_POW_24 end 1787304044808
job 73_POW_36 started 1787304044808 core=0
job 8_SUM_108 end 1787304065024
job 43_COPY_84 started 1787304065025 core=4
job 36_COPY_84 end 1787304071397
job 9_SUM_132 started 1787304071398 core=5
job 71_POW_36 end 1787304104597
job 75_POW_24 started 1787304104598 core=1
job 9_SUM_132 end 1787304150705
job 76_POW_24 started 1787304150705 core=5
job 75_POW_24 end 1787304169264
job 10_SUM_108 started 1787304169264 core=1
job 73_POW_36 end 1787304173627
job 7_COPY_60 started 1787304173627 core=0
job 43_COPY_84 end 1787304203530
job 78_POW_12 started 1787304203530 core=4
job 76_POW_24 end 1787304214986
job 80_POW_24 started 1787304214987 core=5
job 10_SUM_108 end 1787304233709
job 82_POW_12 started 1787304233710 core=1
job 78_POW_12 end 1787304248715
job 12_SUM_108 started 1787304248715 core=4
job 82_POW_12 end 1787304265023
job 84_POW_24 started 1787304265023 core=1
job 7_COPY_60 end 1787304273605
job 39_COPY_60 started 1787304273605 core=0
job 80_POW_24 end 1787304278937
job 86_POW_24 started 1787304278937 core=5
job 84_POW_24 end 1787304329058
job 14_SUM_84 started 1787304329058 core=1
job 86_POW_24 end 1787304344238
job 87_POW_24 started 1787304344238 core=5
job 12_SUM_108 end 1787304351735
job 91_POW_12 started 1787304351736 core=4
job 39_COPY_60 end 1787304363846
job 47_COPY_60 started 1787304363847 core=0
job 14_SUM_84 end 1787304380235
job 15_SUM_132 started 1787304380235 core=1
job 91_POW_12 end 1787304397791
job 95_POW_24 started 1787304397791 core=4
job 87_POW_24 end 1787304410526
job 98_POW_36 started 1787304410526 core=5
job 15_SUM_132 end 1787304459417
job 18_SUM_84 started 1787304459417 core=1
job 47_COPY_60 end 1787304460699
job 90_TGAMMA_12 started 1787304460699 core=0
job 90_TGAMMA_12 end 1787304467631
job 92_TGAMMA_60 started 1787304467631 core=0
job 95_POW_24 end 1787304478122
job 19_DOT_36 started 1787304478122 core=4
job 92_TGAMMA_60 end 1787304502735
job 22_DOT_84 started 1787304502735 core=0
job 18_SUM_84 end 1787304509686
job 93_TGAMMA_12 started 1787304509686 core=1
job 98_POW_36 end 1787304511023
job 30_DOT_84 started 1787304511023 core=5
job 19_DOT_36 end 1787304513759
job 94_TGAMMA_120 started 1787304513759 core=4
job 93_TGAMMA_12 end 1787304516760
job 21_SUM_84 started 1787304516760 core=1
job 94_TGAMMA_120 end 1787304584330
job 24_SUM_84 started 1787304584330 core=4
job 22_DOT_84 end 1787304585381
job 96_TGAMMA_12 started 1787304585382 core=0
job 21_SUM_84 end 1787304591517
job 97_TGAMMA_120 started 1787304591517 core=1
job 96_TGAMMA_12 end 1787304592479
job 27_SUM_132 started 1787304592480 core=0
job 30_DOT_84 end 1787304607915
job 33_SUM_84 started 1787304607916 core=5
job 24_SUM_84 end 1787304641685
job 34_SUM_132 started 1787304641685 core=4
job 33_SUM_84 end 1787304647443
job 37_SUM_84 started 1787304647443 core=5
job 97_TGAMMA_120 end 1787304661886
job 99_TGAMMA_12 started 1787304661886 core=1
job 99_TGAMMA_12 end 1787304668963
job 38_SUM_108 started 1787304668963 core=1
job 27_SUM_132 end 1787304688825
job 40_SUM_108 started 1787304688825 core=0
job 37_SUM_84 end 1787304698258
job 45_SUM_84 started 1787304698258 core=5
job 34_SUM_132 end 1787304739599
job 48_SUM_132 started 1787304739599 core=4
job 38_SUM_108 end 1787304750192
job 32_DOT_84 started 1787304750192 core=1
job 45_SUM_84 end 1787304764119
job 41_DOT_36 started 1787304764119 core=5
job 40_SUM_108 end 1787304770155
job 46_DOT_36 started 1787304770155 core=0
job 46_DOT_36 end 1787304816849
job 41_DOT_36 end 1787304818739
job 48_SUM_132 end 1787304832958
job 32_DOT_84 end 1787304840911
  итерация 0: 1609935 ms
  среднее по 1 итерациям: 1609935 ms
=== Выполняется проект: no_po_memory50_cpu50_8.txt (100 работ, перестановка ORDER) ===
fake 3 started 1787304840912 delay_ms=1
fake 2 started 1787304840912 delay_ms=0
fake 2 end 1787304840912
fake 0 started 1787304840912 delay_ms=0
fake 0 end 1787304840912
fake 1 started 1787304840912 delay_ms=0
fake 1 end 1787304840912
job 1_XPY_60 started 1787304840912 core=1
job 11_XPY_60 started 1787304840912 core=4
job 50_TGAMMA_120 started 1787304840912 core=5
fake 3 end 1787304840913
job 51_TGAMMA_120 started 1787304840913 core=0
job 11_XPY_60 end 1787304906793
job 18_XPY_60 started 1787304906793 core=4
job 1_XPY_60 end 1787304906972
job 2_XPY_48 started 1787304906972 core=1
job 50_TGAMMA_120 end 1787304911810
job 54_TGAMMA_60 started 1787304911811 core=5
job 51_TGAMMA_120 end 1787304911933
job 58_TGAMMA_60 started 1787304911933 core=0
job 54_TGAMMA_60 end 1787304947347
job 66_TGAMMA_120 started 1787304947348 core=5
job 58_TGAMMA_60 end 1787304947491
job 69_TGAMMA_120 started 1787304947492 core=0
job 2_XPY_48 end 1787304959816
job 37_XPY_48 started 1787304959816 core=1
job 18_XPY_60 end 1787304972662
job 47_XPY_48 started 1787304972662 core=4
job 37_XPY_48 end 1787305012449
job 48_XPY_48 started 1787305012450 core=1
job 66_TGAMMA_120 end 1787305018442
job 70_TGAMMA_120 started 1787305018442 core=5
job 69_TGAMMA_120 end 1787305018619
job 71_TGAMMA_60 started 1787305018619 core=0
job 47_XPY_48 end 1787305025291
job 38_XPY_60 started 1787305025291 core=4
job 71_TGAMMA_60 end 1787305054152
job 73_TGAMMA_60 started 1787305054152 core=0
job 48_XPY_48 end 1787305065087
job 45_XPY_60 started 1787305065087 core=1
job 70_TGAMMA_120 end 1787305089432
job 75_TGAMMA_60 started 1787305089432 core=5
job 73_TGAMMA_60 end 1787305089672
job 77_TGAMMA_12 started 1787305089672 core=0
job 38_XPY_60 end 1787305090973
job 3_DOT_84 started 1787305090973 core=4
job 77_TGAMMA_12 end 1787305096767
job 52_POW_24 started 1787305096767 core=0
job 75_TGAMMA_60 end 1787305125625
job 78_TGAMMA_60 started 1787305125628 core=5
job 45_XPY_60 end 1787305136827
job 7_DOT_84 started 1787305136828 core=1
job 78_TGAMMA_60 end 1787305161219
job 53_POW_24 started 1787305161220 core=5
job 52_POW_24 end 1787305175980
job 55_POW_36 started 1787305175981 core=0
job 3_DOT_84 end 1787305183478
job 0_SUM_108 started 1787305183478 core=4
job 7_DOT_84 end 1787305229287
job 4_COPY_84 started 1787305229287 core=1
job 53_POW_24 end 1787305245270
job 56_POW_12 started 1787305245271 core=5
job 0_SUM_108 end 1787305252498
job 6_SUM_84 started 1787305252498 core=4
job 55_POW_36 end 1787305281362
job 57_POW_36 started 1787305281362 core=0
job 56_POW_12 end 1787305291623
job 59_POW_12 started 1787305291623 core=5
job 6_SUM_84 end 1787305302984
job 9_SUM_84 started 1787305302985 core=4
job 59_POW_12 end 1787305338055
job 60_POW_24 started 1787305338055 core=5
job 9_SUM_84 end 1787305353235
job 5_COPY_84 started 1787305353235 core=4
job 4_COPY_84 end 1787305363548
job 12_SUM_108 started 1787305363548 core=1
job 57_POW_36 end 1787305390097
job 61_POW_36 started 1787305390097 core=0
job 60_POW_24 end 1787305410806
job 62_POW_24 started 1787305410807 core=5
job 12_SUM_108 end 1787305428342
job 15_SUM_132 started 1787305428342 core=1
job 62_POW_24 end 1787305477005
job 63_POW_12 started 1787305477005 core=5
job 5_COPY_84 end 1787305487135
job 17_COPY_84 started 1787305487135 core=4
job 15_SUM_132 end 1787305507504
job 64_POW_12 started 1787305507504 core=1
job 63_POW_12 end 1787305509758
job 65_POW_24 started 1787305509758 core=5
job 61_POW_36 end 1787305527597
job 67_POW_24 started 1787305527597 core=0
job 64_POW_12 end 1787305538390
job 19_SUM_108 started 1787305538390 core=1
job 65_POW_24 end 1787305573962
job 68_POW_36 started 1787305573962 core=5
job 19_SUM_108 end 1787305603417
job 72_POW_24 started 1787305603417 core=1
job 17_COPY_84 end 1787305617567
job 23_COPY_84 started 1787305617568 core=4
job 67_POW_24 end 1787305618212
job 21_SUM_84 started 1787305618212 core=0
job 72_POW_24 end 1787305666691
job 24_SUM_84 started 1787305666691 core=1
job 68_POW_36 end 1787305670808
job 74_POW_12 started 1787305670809 core=5
job 21_SUM_84 end 1787305699198
job 76_POW_12 started 1787305699198 core=0
job 74_POW_12 end 1787305705085
job 79_POW_12 started 1787305705085 core=5
job 24_SUM_84 end 1787305718322
job 80_POW_12 started 1787305718322 core=1
job 79_POW_12 end 1787305736829
job 25_SUM_132 started 1787305736830 core=5
job 76_POW_12 end 1787305743935
job 30_COPY_84 started 1787305743936 core=0
job 23_COPY_84 end 1787305745161
job 81_POW_24 started 1787305745161 core=4
job 80_POW_12 end 1787305750028
job 82_POW_12 started 1787305750028 core=1
job 82_POW_12 end 1787305782956
job 85_POW_36 started 1787305782956 core=1
job 25_SUM_132 end 1787305816305
job 27_SUM_84 started 1787305816305 core=5
job 81_POW_24 end 1787305837389
job 86_POW_36 started 1787305837389 core=4
job 27_SUM_84 end 1787305866808
job 32_COPY_84 started 1787305866808 core=5
job 30_COPY_84 end 1787305878980
job 28_SUM_108 started 1787305878980 core=0
job 85_POW_36 end 1787305886386
job 87_POW_12 started 1787305886387 core=1
job 87_POW_12 end 1787305932810
job 89_POW_36 started 1787305932810 core=1
job 28_SUM_108 end 1787305943904
job 93_POW_24 started 1787305943904 core=0
job 86_POW_36 end 1787305947285
job 29_SUM_132 started 1787305947285 core=4
job 32_COPY_84 end 1787306001027
job 41_COPY_84 started 1787306001027 core=5
job 93_POW_24 end 1787306009838
job 96_POW_36 started 1787306009838 core=0
job 29_SUM_132 end 1787306026383
job 33_SUM_132 started 1787306026383 core=4
job 89_POW_36 end 1787306070768
job 97_POW_24 started 1787306070768 core=1
job 33_SUM_132 end 1787306105491
job 43_COPY_84 started 1787306105491 core=4
job 96_POW_36 end 1787306109815
job 83_TGAMMA_120 started 1787306109816 core=0
job 41_COPY_84 end 1787306133280
job 34_SUM_108 started 1787306133280 core=5
job 97_POW_24 end 1787306152356
job 35_SUM_84 started 1787306152357 core=1
job 83_TGAMMA_120 end 1787306181354
job 36_SUM_132 started 1787306181355 core=0
job 34_SUM_108 end 1787306202744
job 84_TGAMMA_12 started 1787306202744 core=5
job 35_SUM_84 end 1787306206053
job 88_TGAMMA_120 started 1787306206054 core=1
job 84_TGAMMA_12 end 1787306209687
job 40_SUM_108 started 1787306209687 core=5
job 43_COPY_84 end 1787306216659
job 44_SUM_84 started 1787306216659 core=4
job 40_SUM_108 end 1787306259908
job 90_TGAMMA_120 started 1787306259908 core=5
job 44_SUM_84 end 1787306271204
job 49_SUM_132 started 1787306271205 core=4
job 88_TGAMMA_120 end 1787306275745
job 8_COPY_60 started 1787306275745 core=1
job 36_SUM_132 end 1787306276797
job 13_COPY_60 started 1787306276797 core=0
job 90_TGAMMA_120 end 1787306330306
job 91_TGAMMA_12 started 1787306330306 core=5
job 91_TGAMMA_12 end 1787306337430
job 92_TGAMMA_12 started 1787306337430 core=5
job 92_TGAMMA_12 end 1787306344563
job 94_TGAMMA_60 started 1787306344563 core=5
job 8_COPY_60 end 1787306346279
job 14_COPY_60 started 1787306346279 core=1
job 13_COPY_60 end 1787306361214
job 16_COPY_60 started 1787306361214 core=0
job 94_TGAMMA_60 end 1787306380048
job 22_COPY_60 started 1787306380048 core=5
job 49_SUM_132 end 1787306386573
job 95_TGAMMA_120 started 1787306386574 core=4
job 16_COPY_60 end 1787306432787
job 46_COPY_84 started 1787306432788 core=0
job 14_COPY_60 end 1787306436736
job 10_DOT_84 started 1787306436736 core=1
job 95_TGAMMA_120 end 1787306456983
job 98_TGAMMA_12 started 1787306456983 core=4
job 98_TGAMMA_12 end 1787306464170
job 20_DOT_36 started 1787306464171 core=4
job 22_COPY_60 end 1787306485369
job 99_TGAMMA_12 started 1787306485369 core=5
job 99_TGAMMA_12 end 1787306492409
job 26_DOT_84 started 1787306492409 core=5
job 20_DOT_36 end 1787306525621
job 31_DOT_36 started 1787306525621 core=4
job 10_DOT_84 end 1787306553863
job 39_DOT_36 started 1787306553863 core=1
job 46_COPY_84 end 1787306570686
job 42_DOT_84 started 1787306570686 core=0
job 31_DOT_36 end 1787306587301
job 39_DOT_36 end 1787306605426
job 26_DOT_84 end 1787306608752
job 42_DOT_84 end 1787306629739
  итерация 0: 1788827 ms
  среднее по 1 итерациям: 1788827 ms
=== Выполняется проект: no_po_memory50_cpu50_9.txt (100 работ, перестановка ORDER) ===
fake 3 started 1787306629740 delay_ms=1
fake 2 started 1787306629740 delay_ms=0
fake 2 end 1787306629740
fake 1 started 1787306629740 delay_ms=0
fake 0 started 1787306629740 delay_ms=0
fake 0 end 1787306629740
fake 1 end 1787306629740
job 6_XPY_60 started 1787306629740 core=0
job 13_XPY_60 started 1787306629740 core=5
job 50_TGAMMA_120 started 1787306629740 core=1
fake 3 end 1787306629741
job 51_TGAMMA_120 started 1787306629741 core=4
job 6_XPY_60 end 1787306695729
job 24_XPY_60 started 1787306695729 core=0
job 13_XPY_60 end 1787306695764
job 3_XPY_48 started 1787306695765 core=5
job 51_TGAMMA_120 end 1787306700523
job 53_TGAMMA_120 started 1787306700523 core=4
job 50_TGAMMA_120 end 1787306700529
job 54_TGAMMA_60 started 1787306700529 core=1
job 54_TGAMMA_60 end 1787306735963
job 55_TGAMMA_60 started 1787306735963 core=1
job 3_XPY_48 end 1787306748611
job 5_XPY_48 started 1787306748611 core=5
job 24_XPY_60 end 1787306761666
job 29_XPY_48 started 1787306761666 core=0
job 55_TGAMMA_60 end 1787306771378
job 57_TGAMMA_12 started 1787306771379 core=1
job 53_TGAMMA_120 end 1787306771388
job 60_TGAMMA_60 started 1787306771388 core=4
job 57_TGAMMA_12 end 1787306778571
job 61_TGAMMA_60 started 1787306778572 core=1
job 5_XPY_48 end 1787306801287
job 32_XPY_48 started 1787306801287 core=5
job 60_TGAMMA_60 end 1787306806818
job 63_TGAMMA_12 started 1787306806819 core=4
job 63_TGAMMA_12 end 1787306813928
job 38_XPY_48 started 1787306813928 core=4
job 61_TGAMMA_60 end 1787306813981
job 64_TGAMMA_12 started 1787306813981 core=1
job 29_XPY_48 end 1787306814470
job 67_TGAMMA_12 started 1787306814471 core=0
job 64_TGAMMA_12 end 1787306821163
job 68_TGAMMA_60 started 1787306821163 core=1
job 67_TGAMMA_12 end 1787306821649
job 70_TGAMMA_12 started 1787306821649 core=0
job 70_TGAMMA_12 end 1787306828871
job 71_TGAMMA_60 started 1787306828872 core=0
job 32_XPY_48 end 1787306854075
job 45_XPY_48 started 1787306854075 core=5
job 68_TGAMMA_60 end 1787306856603
job 74_TGAMMA_120 started 1787306856603 core=1
job 71_TGAMMA_60 end 1787306864394
job 75_TGAMMA_12 started 1787306864394 core=0
job 38_XPY_48 end 1787306866797
job 27_XPY_60 started 1787306866798 core=4
job 75_TGAMMA_12 end 1787306871575
job 78_TGAMMA_12 started 1787306871576 core=0
job 78_TGAMMA_12 end 1787306878785
job 79_TGAMMA_120 started 1787306878785 core=0
job 45_XPY_48 end 1787306906820
job 0_DOT_84 started 1787306906820 core=5
job 74_TGAMMA_120 end 1787306927124
job 52_POW_24 started 1787306927124 core=1
job 27_XPY_60 end 1787306935767
job 8_DOT_84 started 1787306935767 core=4
job 79_TGAMMA_120 end 1787306950241
job 56_POW_12 started 1787306950242 core=0
job 56_POW_12 end 1787306993303
job 58_POW_24 started 1787306993303 core=0
job 0_DOT_84 end 1787306995986
job 2_SUM_132 started 1787306995986 core=5
job 52_POW_24 end 1787307008940
job 59_POW_12 started 1787307008940 core=1
job 8_DOT_84 end 1787307030177
job 1_COPY_84 started 1787307030178 core=4
job 59_POW_12 end 1787307043812
job 62_POW_24 started 1787307043812 core=1
job 2_SUM_132 end 1787307078703
job 65_POW_24 started 1787307078703 core=5
job 58_POW_24 end 1787307081606
job 7_SUM_108 started 1787307081607 core=0
job 62_POW_24 end 1787307108662
job 66_POW_24 started 1787307108663 core=1
job 65_POW_24 end 1787307142642
job 69_POW_36 started 1787307142642 core=5
job 1_COPY_84 end 1787307156766
job 4_COPY_84 started 1787307156766 core=4
job 66_POW_24 end 1787307172736
job 10_SUM_132 started 1787307172736 core=1
job 7_SUM_108 end 1787307183113
job 72_POW_12 started 1787307183113 core=0
job 72_POW_12 end 1787307229688
job 73_POW_24 started 1787307229688 core=0
job 69_POW_36 end 1787307241348
job 76_POW_36 started 1787307241348 core=5
job 10_SUM_132 end 1787307252438
job 19_SUM_108 started 1787307252438 core=1
job 4_COPY_84 end 1787307290485
job 16_COPY_84 started 1787307290485 core=4
job 19_SUM_108 end 1787307317098
job 77_POW_36 started 1787307317099 core=1
job 73_POW_24 end 1787307321680
job 22_SUM_108 started 1787307321680 core=0
job 76_POW_36 end 1787307339576
job 80_POW_12 started 1787307339576 core=5
job 80_POW_12 end 1787307371657
job 81_POW_12 started 1787307371657 core=5
job 81_POW_12 end 1787307403725
job 26_SUM_84 started 1787307403726 core=5
job 77_POW_36 end 1787307413878
job 18_COPY_84 started 1787307413878 core=1
job 16_COPY_84 end 1787307416407
job 82_POW_12 started 1787307416407 core=4
job 22_SUM_108 end 1787307420737
job 86_POW_24 started 1787307420738 core=0
job 82_POW_12 end 1787307448891
job 91_POW_24 started 1787307448891 core=4
job 26_SUM_84 end 1787307474564
job 30_SUM_84 started 1787307474564 core=5
job 86_POW_24 end 1787307485045
job 92_POW_36 started 1787307485046 core=0
job 91_POW_24 end 1787307513055
job 95_POW_24 started 1787307513055 core=4
job 18_COPY_84 end 1787307539690
job 33_SUM_84 started 1787307539690 core=1
job 30_SUM_84 end 1787307547312
job 25_COPY_84 started 1787307547312 core=5
job 95_POW_24 end 1787307577688
job 34_SUM_84 started 1787307577688 core=4
job 92_POW_36 end 1787307582669
job 97_POW_24 started 1787307582669 core=0
job 33_SUM_84 end 1787307614606
job 98_POW_24 started 1787307614606 core=1
job 34_SUM_84 end 1787307629451
job 37_SUM_108 started 1787307629451 core=4
job 97_POW_24 end 1787307650376
job 28_COPY_84 started 1787307650377 core=0
job 25_COPY_84 end 1787307679164
job 99_POW_12 started 1787307679164 core=5
job 98_POW_24 end 1787307697409
job 83_TGAMMA_12 started 1787307697409 core=1
job 83_TGAMMA_12 end 1787307704289
job 84_TGAMMA_120 started 1787307704289 core=1
job 99_POW_12 end 1787307709043
job 40_SUM_132 started 1787307709043 core=5
job 37_SUM_108 end 1787307715364
job 41_SUM_84 started 1787307715364 core=4
job 40_SUM_132 end 1787307766098
job 42_SUM_108 started 1787307766098 core=5
job 28_COPY_84 end 1787307773117
job 85_TGAMMA_60 started 1787307773118 core=0
job 84_TGAMMA_120 end 1787307774035
job 43_SUM_108 started 1787307774035 core=1
job 41_SUM_84 end 1787307785038
job 44_SUM_132 started 1787307785039 core=4
job 85_TGAMMA_60 end 1787307808328
job 87_TGAMMA_60 started 1787307808328 core=0
job 42_SUM_108 end 1787307839262
job 46_SUM_108 started 1787307839262 core=5
job 87_TGAMMA_60 end 1787307843538
job 88_TGAMMA_120 started 1787307843538 core=0
job 44_SUM_132 end 1787307847327
job 47_SUM_108 started 1787307847327 core=4
job 43_SUM_108 end 1787307851574
job 11_COPY_60 started 1787307851574 core=1
job 47_SUM_108 end 1787307894336
job 12_COPY_60 started 1787307894336 core=4
job 88_TGAMMA_120 end 1787307913863
job 89_TGAMMA_120 started 1787307913863 core=0
job 46_SUM_108 end 1787307938473
job 14_COPY_60 started 1787307938473 core=5
job 11_COPY_60 end 1787307939626
job 17_COPY_60 started 1787307939626 core=1
job 12_COPY_60 end 1787307962892
job 90_TGAMMA_12 started 1787307962892 core=4
job 90_TGAMMA_12 end 1787307969702
job 93_TGAMMA_60 started 1787307969702 core=4
job 89_TGAMMA_120 end 1787307983943
job 31_COPY_84 started 1787307983943 core=0
job 93_TGAMMA_60 end 1787308004369
job 35_COPY_84 started 1787308004369 core=4
job 14_COPY_60 end 1787308034182
job 94_TGAMMA_120 started 1787308034182 core=5
job 17_COPY_60 end 1787308034723
job 36_COPY_84 started 1787308034724 core=1
job 94_TGAMMA_120 end 1787308104654
job 96_TGAMMA_12 started 1787308104656 core=5
job 96_TGAMMA_12 end 1787308111768
job 48_COPY_84 started 1787308111769 core=5
job 31_COPY_84 end 1787308123515
job 9_DOT_36 started 1787308123515 core=0
job 36_COPY_84 end 1787308137409
job 15_DOT_84 started 1787308137410 core=1
job 35_COPY_84 end 1787308154867
job 20_DOT_36 started 1787308154867 core=4
job 9_DOT_36 end 1787308177320
job 21_DOT_36 started 1787308177320 core=0
job 20_DOT_36 end 1787308205049
job 23_DOT_36 started 1787308205049 core=4
job 21_DOT_36 end 1787308227714
job 39_DOT_36 started 1787308227714 core=0
job 23_DOT_36 end 1787308255217
job 49_DOT_36 started 1787308255218 core=4
job 48_COPY_84 end 1787308275975
job 15_DOT_84 end 1787308277356
job 39_DOT_36 end 1787308277807
job 49_DOT_36 end 1787308286610
  итерация 0: 1656869 ms
  среднее по 1 итерациям: 1656869 ms
=== Выполняется проект: no_po_memory_heavy_1.txt (100 работ, перестановка ORDER) ===
fake 2 started 1787308286610 delay_ms=0
fake 2 end 1787308286610
fake 3 started 1787308286610 delay_ms=1
fake 0 started 1787308286610 delay_ms=0
fake 0 end 1787308286610
fake 1 started 1787308286610 delay_ms=0
fake 1 end 1787308286610
job 44_XPY_60 started 1787308286610 core=4
job 47_XPY_60 started 1787308286610 core=0
job 1_TGAMMA_120 started 1787308286611 core=1
fake 3 end 1787308286611
job 9_TGAMMA_120 started 1787308286612 core=5
job 44_XPY_60 end 1787308353360
job 88_XPY_60 started 1787308353360 core=4
job 47_XPY_60 end 1787308353554
job 36_XPY_48 started 1787308353554 core=0
job 9_TGAMMA_120 end 1787308355093
job 12_TGAMMA_120 started 1787308355093 core=5
job 1_TGAMMA_120 end 1787308355130
job 13_TGAMMA_120 started 1787308355130 core=1
job 36_XPY_48 end 1787308406955
job 57_XPY_48 started 1787308406956 core=0
job 88_XPY_60 end 1787308419669
job 58_XPY_48 started 1787308419669 core=4
job 13_TGAMMA_120 end 1787308423552
job 42_TGAMMA_60 started 1787308423552 core=1
job 12_TGAMMA_120 end 1787308423640
job 52_TGAMMA_120 started 1787308423640 core=5
job 42_TGAMMA_60 end 1787308457764
job 91_XPY_48 started 1787308457764 core=1
job 57_XPY_48 end 1787308461909
job 53_TGAMMA_120 started 1787308461909 core=0
job 58_XPY_48 end 1787308474682
job 0_DOT_84 started 1787308474682 core=4
job 52_TGAMMA_120 end 1787308493684
job 7_POW_12 started 1787308493684 core=5
job 91_XPY_48 end 1787308519614
job 4_DOT_36 started 1787308519615 core=1
job 53_TGAMMA_120 end 1787308532215
job 8_POW_36 started 1787308532215 core=0
job 7_POW_12 end 1787308540914
job 10_POW_36 started 1787308540914 core=5
job 0_DOT_84 end 1787308549077
job 5_SUM_132 started 1787308549078 core=4
job 4_DOT_36 end 1787308562281
job 16_COPY_84 started 1787308562282 core=1
job 5_SUM_132 end 1787308629402
job 14_SUM_108 started 1787308629403 core=4
job 8_POW_36 end 1787308636665
job 30_POW_24 started 1787308636665 core=0
job 10_POW_36 end 1787308678122
job 32_POW_24 started 1787308678123 core=5
job 14_SUM_108 end 1787308694174
job 19_COPY_84 started 1787308694174 core=4
job 16_COPY_84 end 1787308697311
job 35_POW_24 started 1787308697311 core=1
job 30_POW_24 end 1787308704696
job 15_SUM_84 started 1787308704697 core=0
job 32_POW_24 end 1787308747638
job 48_POW_12 started 1787308747638 core=5
job 35_POW_24 end 1787308760979
job 50_POW_36 started 1787308760979 core=1
job 48_POW_12 end 1787308779861
job 25_SUM_84 started 1787308779861 core=5
job 15_SUM_84 end 1787308783323
job 68_POW_36 started 1787308783323 core=0
job 19_COPY_84 end 1787308820360
job 28_COPY_84 started 1787308820360 core=4
job 25_SUM_84 end 1787308830259
job 26_SUM_108 started 1787308830259 core=5
job 50_POW_36 end 1787308859715
job 78_POW_24 started 1787308859715 core=1
job 26_SUM_108 end 1787308895366
job 83_POW_36 started 1787308895366 core=5
job 68_POW_36 end 1787308920127
job 43_SUM_108 started 1787308920127 core=0
job 78_POW_24 end 1787308923761
job 33_COPY_84 started 1787308923761 core=1
job 28_COPY_84 end 1787308949479
job 86_POW_24 started 1787308949479 core=4
job 43_SUM_108 end 1787308995365
job 45_SUM_108 started 1787308995365 core=0
job 86_POW_24 end 1787309015536
job 39_SQRTX_12 started 1787309015536 core=4
job 83_POW_36 end 1787309018383
job 61_TGAMMA_60 started 1787309018383 core=5
job 39_SQRTX_12 end 1787309031008
job 2_ERF_24 started 1787309031008 core=4
job 33_COPY_84 end 1787309047201
job 62_TGAMMA_60 started 1787309047201 core=1
job 61_TGAMMA_60 end 1787309053684
job 6_DOT_36 started 1787309053684 core=5
job 45_SUM_108 end 1787309056211
job 18_DOT_84 started 1787309056211 core=0
job 62_TGAMMA_60 end 1787309082037
job 23_ERF_48 started 1787309082037 core=1
job 2_ERF_24 end 1787309084124
job 64_TGAMMA_120 started 1787309084124 core=4
job 6_DOT_36 end 1787309085983
job 22_DOT_84 started 1787309085983 core=5
job 18_DOT_84 end 1787309137185
job 29_DOT_36 started 1787309137185 core=0
job 64_TGAMMA_120 end 1787309154242
job 82_TGAMMA_12 started 1787309154242 core=4
job 82_TGAMMA_12 end 1787309161352
job 85_TGAMMA_120 started 1787309161353 core=4
job 29_DOT_36 end 1787309168948
job 31_DOT_36 started 1787309168948 core=0
job 22_DOT_84 end 1787309184329
job 38_DOT_84 started 1787309184329 core=5
job 31_DOT_36 end 1787309200162
job 27_ERF_24 started 1787309200163 core=0
job 23_ERF_48 end 1787309210737
job 46_DOT_36 started 1787309210737 core=1
job 85_TGAMMA_120 end 1787309231134
job 90_TGAMMA_60 started 1787309231134 core=4
job 27_ERF_24 end 1787309235038
job 84_ERF_48 started 1787309235038 core=0
job 46_DOT_36 end 1787309255728
job 49_DOT_84 started 1787309255728 core=1
job 90_TGAMMA_60 end 1787309265936
job 11_SQRTX_48 started 1787309265937 core=4
job 38_DOT_84 end 1787309285656
job 24_SQRTX_48 started 1787309285657 core=5
job 84_ERF_48 end 1787309317813
job 51_DOT_36 started 1787309317813 core=0
job 11_SQRTX_48 end 1787309341952
job 87_ERF_48 started 1787309341952 core=4
job 49_DOT_84 end 1787309346642
job 94_ERF_48 started 1787309346642 core=1
job 51_DOT_36 end 1787309356328
job 98_ERF_24 started 1787309356329 core=0
job 24_SQRTX_48 end 1787309365385
job 63_SUM_108 started 1787309365385 core=5
job 98_ERF_24 end 1787309403966
job 65_SUM_108 started 1787309403966 core=0
job 63_SUM_108 end 1787309431595
job 66_SUM_108 started 1787309431595 core=5
job 87_ERF_48 end 1787309441755
job 69_SUM_108 started 1787309441756 core=4
job 94_ERF_48 end 1787309443669
job 70_SUM_132 started 1787309443670 core=1
job 65_SUM_108 end 1787309480040
job 73_SUM_84 started 1787309480041 core=0
job 66_SUM_108 end 1787309511782
job 77_SUM_132 started 1787309511782 core=5
job 69_SUM_108 end 1787309522678
job 80_SUM_84 started 1787309522678 core=4
job 70_SUM_132 end 1787309543241
job 81_SUM_108 started 1787309543242 core=1
job 73_SUM_84 end 1787309543535
job 89_SUM_84 started 1787309543535 core=0
job 80_SUM_84 end 1787309585996
job 96_SUM_132 started 1787309585996 core=4
job 89_SUM_84 end 1787309607273
job 97_SUM_132 started 1787309607273 core=0
job 77_SUM_132 end 1787309611193
job 3_COPY_60 started 1787309611193 core=5
job 81_SUM_108 end 1787309629342
job 17_COPY_60 started 1787309629342 core=1
job 96_SUM_132 end 1787309676252
job 20_COPY_60 started 1787309676252 core=4
job 97_SUM_132 end 1787309702021
job 21_COPY_60 started 1787309702022 core=0
job 3_COPY_60 end 1787309729255
job 40_COPY_60 started 1787309729256 core=5
job 17_COPY_60 end 1787309749040
job 60_COPY_60 started 1787309749040 core=1
job 20_COPY_60 end 1787309778540
job 72_COPY_60 started 1787309778543 core=4
job 21_COPY_60 end 1787309812703
job 76_COPY_60 started 1787309812704 core=0
job 40_COPY_60 end 1787309839740
job 79_COPY_60 started 1787309839741 core=5
job 60_COPY_60 end 1787309859315
job 92_COPY_60 started 1787309859315 core=1
job 72_COPY_60 end 1787309888945
job 34_COPY_84 started 1787309888946 core=4
job 76_COPY_60 end 1787309923216
job 37_COPY_84 started 1787309923217 core=0
job 79_COPY_60 end 1787309950094
job 41_COPY_84 started 1787309950094 core=5
job 92_COPY_60 end 1787309969298
job 56_COPY_84 started 1787309969299 core=1
job 34_COPY_84 end 1787310043528
job 59_COPY_84 started 1787310043528 core=4
job 37_COPY_84 end 1787310078021
job 74_COPY_84 started 1787310078021 core=0
job 41_COPY_84 end 1787310104506
job 75_COPY_84 started 1787310104506 core=5
job 56_COPY_84 end 1787310123595
job 93_COPY_84 started 1787310123595 core=1
job 59_COPY_84 end 1787310198076
job 95_COPY_84 started 1787310198076 core=4
job 74_COPY_84 end 1787310232817
job 54_DOT_84 started 1787310232817 core=0
job 75_COPY_84 end 1787310260727
job 55_DOT_36 started 1787310260727 core=5
job 93_COPY_84 end 1787310278908
job 67_DOT_84 started 1787310278908 core=1
job 55_DOT_36 end 1787310313527
job 71_DOT_36 started 1787310313527 core=5
job 95_COPY_84 end 1787310350068
job 99_DOT_84 started 1787310350069 core=4
job 71_DOT_36 end 1787310364398
job 54_DOT_84 end 1787310372666
job 67_DOT_84 end 1787310382428
job 99_DOT_84 end 1787310407530
  итерация 0: 2120920 ms
  среднее по 1 итерациям: 2120920 ms
=== Выполняется проект: no_po_memory_heavy_10.txt (100 работ, перестановка ORDER) ===
fake 3 started 1787310407531 delay_ms=1
fake 2 started 1787310407531 delay_ms=0
fake 2 end 1787310407531
fake 0 started 1787310407531 delay_ms=0
fake 0 end 1787310407531
fake 1 started 1787310407531 delay_ms=0
fake 1 end 1787310407531
job 39_XPY_60 started 1787310407531 core=4
job 42_XPY_60 started 1787310407531 core=1
job 5_TGAMMA_120 started 1787310407531 core=0
fake 3 end 1787310407532
job 24_TGAMMA_12 started 1787310407532 core=5
job 24_TGAMMA_12 end 1787310414655
job 36_TGAMMA_60 started 1787310414655 core=5
job 36_TGAMMA_60 end 1787310450122
job 40_TGAMMA_12 started 1787310450123 core=5
job 40_TGAMMA_12 end 1787310457301
job 44_TGAMMA_60 started 1787310457302 core=5
job 42_XPY_60 end 1787310473375
job 63_XPY_60 started 1787310473375 core=1
job 39_XPY_60 end 1787310473531
job 3_XPY_48 started 1787310473531 core=4
job 5_TGAMMA_120 end 1787310478536
job 48_TGAMMA_60 started 1787310478536 core=0
job 44_TGAMMA_60 end 1787310492788
job 57_TGAMMA_12 started 1787310492788 core=5
job 57_TGAMMA_12 end 1787310499975
job 73_TGAMMA_120 started 1787310499975 core=5
job 48_TGAMMA_60 end 1787310514101
job 85_TGAMMA_60 started 1787310514101 core=0
job 3_XPY_48 end 1787310526307
job 25_XPY_48 started 1787310526307 core=4
job 63_XPY_60 end 1787310539257
job 32_XPY_48 started 1787310539257 core=1
job 85_TGAMMA_60 end 1787310549645
job 88_TGAMMA_60 started 1787310549646 core=0
job 73_TGAMMA_120 end 1787310571010
job 90_TGAMMA_60 started 1787310571010 core=5
job 25_XPY_48 end 1787310578922
job 54_XPY_48 started 1787310578922 core=4
job 88_TGAMMA_60 end 1787310585197
job 91_TGAMMA_120 started 1787310585197 core=0
job 32_XPY_48 end 1787310591857
job 59_XPY_48 started 1787310591857 core=1
job 90_TGAMMA_60 end 1787310606511
job 0_POW_24 started 1787310606511 core=5
job 54_XPY_48 end 1787310631986
job 4_SUM_108 started 1787310631986 core=4
job 59_XPY_48 end 1787310654833
job 74_XPY_48 started 1787310654833 core=1
job 91_TGAMMA_120 end 1787310655880
job 14_POW_24 started 1787310655880 core=0
job 4_SUM_108 end 1787310686693
job 16_POW_36 started 1787310686693 core=4
job 0_POW_24 end 1787310703890
job 15_SQRTX_48 started 1787310703890 core=5
job 14_POW_24 end 1787310719374
job 67_XPY_60 started 1787310719374 core=0
job 74_XPY_48 end 1787310723522
job 17_POW_24 started 1787310723523 core=1
job 15_SQRTX_48 end 1787310773256
job 8_SQRTX_12 started 1787310773257 core=5
job 17_POW_24 end 1787310783722
job 19_POW_36 started 1787310783723 core=1
job 8_SQRTX_12 end 1787310788929
job 75_XPY_60 started 1787310788929 core=5
job 67_XPY_60 end 1787310798150
job 47_SQRTX_12 started 1787310798150 core=0
job 16_POW_36 end 1787310803911
job 20_POW_24 started 1787310803911 core=4
job 47_SQRTX_12 end 1787310813826
job 61_SQRTX_48 started 1787310813826 core=0
job 20_POW_24 end 1787310864217
job 22_POW_24 started 1787310864217 core=4
job 75_XPY_60 end 1787310867826
job 76_XPY_60 started 1787310867827 core=5
job 61_SQRTX_48 end 1787310876343
job 6_ERF_12 started 1787310876343 core=0
job 6_ERF_12 end 1787310898546
job 31_POW_24 started 1787310898546 core=0
job 19_POW_36 end 1787310917921
job 10_ERF_48 started 1787310917921 core=1
job 22_POW_24 end 1787310926242
job 45_POW_12 started 1787310926242 core=4
job 76_XPY_60 end 1787310949527
job 79_XPY_48 started 1787310949528 core=5
job 45_POW_12 end 1787310956754
job 50_POW_36 started 1787310956754 core=4
job 31_POW_24 end 1787310960125
job 77_POW_12 started 1787310960125 core=0
job 77_POW_12 end 1787310990775
job 81_POW_12 started 1787310990775 core=0
job 79_XPY_48 end 1787311014657
job 86_XPY_48 started 1787311014658 core=5
job 81_POW_12 end 1787311021340
job 30_ERF_48 started 1787311021340 core=0
job 50_POW_36 end 1787311049378
job 96_POW_24 started 1787311049378 core=4
job 10_ERF_48 end 1787311059996
job 33_ERF_24 started 1787311059996 core=1
job 86_XPY_48 end 1787311078843
job 1_DOT_84 started 1787311078843 core=5
job 30_ERF_48 end 1787311112729
job 46_ERF_12 started 1787311112730 core=0
job 96_POW_24 end 1787311114796
job 68_ERF_48 started 1787311114796 core=4
job 33_ERF_24 end 1787311122716
job 9_SUM_108 started 1787311122716 core=1
job 46_ERF_12 end 1787311138460
job 13_SUM_108 started 1787311138460 core=0
job 1_DOT_84 end 1787311171082
job 21_SUM_84 started 1787311171083 core=5
job 9_SUM_108 end 1787311205606
job 23_SUM_132 started 1787311205606 core=1
job 68_ERF_48 end 1787311218161
job 26_SUM_108 started 1787311218162 core=4
job 13_SUM_108 end 1787311220304
job 27_SUM_108 started 1787311220304 core=0
job 21_SUM_84 end 1787311230706
job 28_SUM_132 started 1787311230706 core=5
job 26_SUM_108 end 1787311299589
job 29_SUM_84 started 1787311299590 core=4
job 27_SUM_108 end 1787311302051
job 35_SUM_84 started 1787311302052 core=0
job 23_SUM_132 end 1787311303709
job 38_SUM_132 started 1787311303709 core=1
job 28_SUM_132 end 1787311330665
job 41_SUM_84 started 1787311330665 core=5
job 29_SUM_84 end 1787311362663
job 49_SUM_84 started 1787311362663 core=4
job 35_SUM_84 end 1787311365395
job 52_SUM_84 started 1787311365396 core=0
job 41_SUM_84 end 1787311393978
job 72_SUM_84 started 1787311393978 core=5
job 38_SUM_132 end 1787311403335
job 78_SUM_84 started 1787311403335 core=1
job 49_SUM_84 end 1787311425838
job 82_SUM_84 started 1787311425838 core=4
job 52_SUM_84 end 1787311428857
job 84_SUM_108 started 1787311428858 core=0
job 72_SUM_84 end 1787311457400
job 87_SUM_108 started 1787311457400 core=5
job 78_SUM_84 end 1787311466578
job 89_SUM_108 started 1787311466578 core=1
job 82_SUM_84 end 1787311488985
job 92_SUM_108 started 1787311488985 core=4
job 84_SUM_108 end 1787311510506
job 93_SUM_132 started 1787311510507 core=0
job 87_SUM_108 end 1787311538998
job 97_SUM_132 started 1787311538999 core=5
job 89_SUM_108 end 1787311547909
job 34_COPY_60 started 1787311547909 core=1
job 92_SUM_108 end 1787311568191
job 37_COPY_60 started 1787311568193 core=4
job 93_SUM_132 end 1787311619667
job 51_COPY_60 started 1787311619668 core=0
job 34_COPY_60 end 1787311638218
job 53_COPY_60 started 1787311638218 core=1
job 97_SUM_132 end 1787311665387
job 55_COPY_60 started 1787311665387 core=5
job 37_COPY_60 end 1787311668589
job 65_COPY_60 started 1787311668590 core=4
job 51_COPY_60 end 1787311732945
job 71_COPY_60 started 1787311732945 core=0
job 53_COPY_60 end 1787311739974
job 98_COPY_60 started 1787311739975 core=1
job 55_COPY_60 end 1787311776021
job 7_COPY_84 started 1787311776021 core=5
job 65_COPY_60 end 1787311778752
job 11_COPY_84 started 1787311778752 core=4
job 71_COPY_60 end 1787311843322
job 18_COPY_84 started 1787311843322 core=0
job 98_COPY_60 end 1787311849932
job 43_COPY_84 started 1787311849933 core=1
job 7_COPY_84 end 1787311930902
job 69_COPY_84 started 1787311930903 core=5
job 11_COPY_84 end 1787311933069
job 70_COPY_84 started 1787311933070 core=4
job 18_COPY_84 end 1787311998010
job 80_COPY_84 started 1787311998010 core=0
job 43_COPY_84 end 1787312004285
job 83_COPY_84 started 1787312004285 core=1
job 69_COPY_84 end 1787312085669
job 2_DOT_84 started 1787312085670 core=5
job 70_COPY_84 end 1787312087380
job 12_DOT_36 started 1787312087380 core=4
job 12_DOT_36 end 1787312145891
job 56_DOT_36 started 1787312145891 core=4
job 80_COPY_84 end 1787312148854
job 58_DOT_36 started 1787312148854 core=0
job 83_COPY_84 end 1787312154547
job 60_DOT_36 started 1787312154547 core=1
job 56_DOT_36 end 1787312200128
job 62_DOT_84 started 1787312200128 core=4
job 58_DOT_36 end 1787312203407
job 64_DOT_84 started 1787312203408 core=0
job 60_DOT_36 end 1787312208525
job 66_DOT_36 started 1787312208526 core=1
job 2_DOT_84 end 1787312217950
job 95_DOT_84 started 1787312217950 core=5
job 66_DOT_36 end 1787312263585
job 94_XPY_60 started 1787312263585 core=1
job 62_DOT_84 end 1787312321803
job 99_XPY_60 started 1787312321804 core=4
job 64_DOT_84 end 1787312325552
job 95_DOT_84 end 1787312355243
job 94_XPY_60 end 1787312363392
job 99_XPY_60 end 1787312373231
  итерация 0: 1965700 ms
  среднее по 1 итерациям: 1965700 ms
=== Выполняется проект: no_po_memory_heavy_11.txt (100 работ, перестановка ORDER) ===
fake 3 started 1787312373232 delay_ms=1
fake 2 started 1787312373232 delay_ms=0
fake 2 end 1787312373232
fake 0 started 1787312373232 delay_ms=0
fake 0 end 1787312373232
fake 1 started 1787312373232 delay_ms=0
fake 1 end 1787312373232
job 4_XPY_60 started 1787312373232 core=4
job 14_XPY_60 started 1787312373232 core=1
job 1_TGAMMA_60 started 1787312373232 core=5
fake 3 end 1787312373233
job 7_TGAMMA_60 started 1787312373233 core=0
job 1_TGAMMA_60 end 1787312408692
job 19_TGAMMA_12 started 1787312408692 core=5
job 7_TGAMMA_60 end 1787312408754
job 38_TGAMMA_60 started 1787312408754 core=0
job 19_TGAMMA_12 end 1787312415889
job 39_TGAMMA_12 started 1787312415890 core=5
job 39_TGAMMA_12 end 1787312423090
job 43_TGAMMA_60 started 1787312423090 core=5
job 4_XPY_60 end 1787312439085
job 40_XPY_60 started 1787312439086 core=4
job 14_XPY_60 end 1787312439255
job 2_XPY_48 started 1787312439255 core=1
job 38_TGAMMA_60 end 1787312444280
job 47_TGAMMA_12 started 1787312444280 core=0
job 47_TGAMMA_12 end 1787312451484
job 49_TGAMMA_60 started 1787312451484 core=0
job 43_TGAMMA_60 end 1787312458553
job 56_TGAMMA_120 started 1787312458553 core=5
job 49_TGAMMA_60 end 1787312487101
job 58_TGAMMA_12 started 1787312487101 core=0
job 2_XPY_48 end 1787312491999
job 12_XPY_48 started 1787312491999 core=1
job 58_TGAMMA_12 end 1787312494295
job 94_TGAMMA_120 started 1787312494295 core=0
job 40_XPY_60 end 1787312504954
job 16_XPY_48 started 1787312504954 core=4
job 56_TGAMMA_120 end 1787312529466
job 97_TGAMMA_12 started 1787312529466 core=5
job 97_TGAMMA_12 end 1787312536668
job 5_POW_36 started 1787312536669 core=5
job 12_XPY_48 end 1787312546553
job 0_SUM_108 started 1787312546553 core=1
job 16_XPY_48 end 1787312559107
job 36_XPY_48 started 1787312559107 core=4
job 94_TGAMMA_120 end 1787312565760
job 6_POW_36 started 1787312565760 core=0
job 0_SUM_108 end 1787312611056
job 31_SQRTX_48 started 1787312611056 core=1
job 36_XPY_48 end 1787312628057
job 46_XPY_60 started 1787312628057 core=4
job 5_POW_36 end 1787312635657
job 8_POW_36 started 1787312635657 core=5
job 31_SQRTX_48 end 1787312673438
job 15_POW_36 started 1787312673438 core=1
job 6_POW_36 end 1787312704013
job 83_SQRTX_12 started 1787312704014 core=0
job 46_XPY_60 end 1787312710950
job 63_XPY_60 started 1787312710950 core=4
job 8_POW_36 end 1787312726954
job 84_SQRTX_12 started 1787312726954 core=5
job 83_SQRTX_12 end 1787312727073
job 44_SQRTX_48 started 1787312727073 core=0
job 84_SQRTX_12 end 1787312742895
job 24_POW_24 started 1787312742895 core=5
job 15_POW_36 end 1787312764705
job 30_POW_36 started 1787312764706 core=1
job 63_XPY_60 end 1787312791332
job 70_XPY_60 started 1787312791332 core=4
job 24_POW_24 end 1787312803334
job 35_ERF_48 started 1787312803334 core=5
job 44_SQRTX_48 end 1787312820897
job 33_POW_24 started 1787312820897 core=0
job 30_POW_36 end 1787312857507
job 50_XPY_48 started 1787312857507 core=1
job 70_XPY_60 end 1787312874686
job 37_POW_12 started 1787312874686 core=4
job 33_POW_24 end 1787312898335
job 75_POW_12 started 1787312898336 core=0
job 37_POW_12 end 1787312905373
job 53_ERF_48 started 1787312905373 core=4
job 35_ERF_48 end 1787312912145
job 79_POW_24 started 1787312912145 core=5
job 50_XPY_48 end 1787312922608
job 60_XPY_48 started 1787312922608 core=1
job 75_POW_12 end 1787312929940
job 82_POW_12 started 1787312929940 core=0
job 82_POW_12 end 1787312961831
job 88_POW_24 started 1787312961832 core=0
job 60_XPY_48 end 1787312987427
job 68_XPY_48 started 1787312987427 core=1
job 53_ERF_48 end 1787312993870
job 96_POW_24 started 1787312993870 core=4
job 79_POW_24 end 1787313004750
job 66_ERF_48 started 1787313004751 core=5
job 88_POW_24 end 1787313024588
job 77_ERF_12 started 1787313024588 core=0
job 77_ERF_12 end 1787313046608
job 10_DOT_36 started 1787313046608 core=0
job 68_XPY_48 end 1787313052915
job 87_ERF_24 started 1787313052915 core=1
job 96_POW_24 end 1787313057765
job 95_ERF_24 started 1787313057765 core=4
job 10_DOT_36 end 1787313084246
job 9_SUM_84 started 1787313084246 core=0
job 87_ERF_24 end 1787313102032
job 11_SUM_108 started 1787313102033 core=1
job 95_ERF_24 end 1787313112118
job 13_SUM_108 started 1787313112119 core=4
job 66_ERF_48 end 1787313119302
job 17_SUM_132 started 1787313119303 core=5
job 9_SUM_84 end 1787313140108
job 22_SUM_84 started 1787313140109 core=0
job 11_SUM_108 end 1787313181926
job 27_SUM_84 started 1787313181926 core=1
job 13_SUM_108 end 1787313192771
job 29_SUM_84 started 1787313192771 core=4
job 22_SUM_84 end 1787313203988
job 32_SUM_84 started 1787313203988 core=0
job 17_SUM_132 end 1787313218832
job 34_SUM_84 started 1787313218832 core=5
job 27_SUM_84 end 1787313245229
job 52_SUM_132 started 1787313245229 core=1
job 29_SUM_84 end 1787313255873
job 61_SUM_132 started 1787313255873 core=4
job 32_SUM_84 end 1787313267645
job 69_SUM_132 started 1787313267646 core=0
job 34_SUM_84 end 1787313282096
job 71_SUM_132 started 1787313282097 core=5
job 52_SUM_132 end 1787313344700
job 72_SUM_132 started 1787313344702 core=1
job 61_SUM_132 end 1787313355210
job 81_SUM_132 started 1787313355211 core=4
job 69_SUM_132 end 1787313367715
job 85_SUM_132 started 1787313367716 core=0
job 71_SUM_132 end 1787313381696
job 86_SUM_84 started 1787313381696 core=5
job 72_SUM_132 end 1787313444108
job 98_SUM_84 started 1787313444109 core=1
job 86_SUM_84 end 1787313445421
job 25_COPY_60 started 1787313445421 core=5
job 81_SUM_132 end 1787313453793
job 41_COPY_60 started 1787313453794 core=4
job 85_SUM_132 end 1787313470326
job 76_COPY_60 started 1787313470326 core=0
job 98_SUM_84 end 1787313517175
job 80_COPY_60 started 1787313517175 core=1
job 25_COPY_60 end 1787313540898
job 90_COPY_60 started 1787313540898 core=5
job 41_COPY_60 end 1787313562998
job 3_COPY_84 started 1787313562998 core=4
job 76_COPY_60 end 1787313584119
job 26_COPY_84 started 1787313584120 core=0
job 80_COPY_60 end 1787313627442
job 45_COPY_84 started 1787313627442 core=1
job 90_COPY_60 end 1787313651101
job 54_COPY_84 started 1787313651102 core=5
job 3_COPY_84 end 1787313716940
job 55_COPY_84 started 1787313716940 core=4
job 26_COPY_84 end 1787313739591
job 62_COPY_84 started 1787313739592 core=0
job 45_COPY_84 end 1787313781918
job 65_COPY_84 started 1787313781918 core=1
job 54_COPY_84 end 1787313805559
job 74_COPY_84 started 1787313805559 core=5
job 55_COPY_84 end 1787313870770
job 91_COPY_84 started 1787313870770 core=4
job 62_COPY_84 end 1787313895101
job 18_DOT_84 started 1787313895101 core=0
job 65_COPY_84 end 1787313939373
job 20_DOT_84 started 1787313939373 core=1
job 74_COPY_84 end 1787313961944
job 21_DOT_36 started 1787313961945 core=5
job 21_DOT_36 end 1787314012034
job 23_DOT_84 started 1787314012034 core=5
job 91_COPY_84 end 1787314018728
job 28_DOT_84 started 1787314018728 core=4
job 18_DOT_84 end 1787314033761
job 42_DOT_84 started 1787314033761 core=0
job 20_DOT_84 end 1787314062449
job 48_DOT_36 started 1787314062450 core=1
job 48_DOT_36 end 1787314117394
job 51_DOT_36 started 1787314117395 core=1
job 23_DOT_84 end 1787314138805
job 57_DOT_84 started 1787314138806 core=5
job 28_DOT_84 end 1787314146086
job 59_DOT_36 started 1787314146086 core=4
job 42_DOT_84 end 1787314161788
job 64_DOT_36 started 1787314161789 core=0
job 51_DOT_36 end 1787314171972
job 67_DOT_84 started 1787314171972 core=1
job 59_DOT_36 end 1787314200444
job 89_DOT_36 started 1787314200444 core=4
job 64_DOT_36 end 1787314216672
job 92_DOT_84 started 1787314216672 core=0
job 89_DOT_36 end 1787314255403
job 99_DOT_36 started 1787314255403 core=4
job 57_DOT_84 end 1787314265946
job 73_XPY_48 started 1787314265947 core=5
job 67_DOT_84 end 1787314305104
job 78_XPY_48 started 1787314305104 core=1
job 99_DOT_36 end 1787314306195
job 93_XPY_48 started 1787314306195 core=4
job 92_DOT_84 end 1787314341472
job 73_XPY_48 end 1787314358124
job 93_XPY_48 end 1787314366126
job 78_XPY_48 end 1787314372184
  итерация 0: 1998952 ms
  среднее по 1 итерациям: 1998952 ms
=== Выполняется проект: no_po_memory_heavy_12.txt (100 работ, перестановка ORDER) ===
fake 3 started 1787314372185 delay_ms=1
fake 2 started 1787314372185 delay_ms=0
fake 2 end 1787314372185
fake 1 started 1787314372185 delay_ms=0
fake 1 end 1787314372185
fake 0 started 1787314372185 delay_ms=0
fake 0 end 1787314372185
job 53_XPY_60 started 1787314372185 core=1
job 11_XPY_60 started 1787314372185 core=4
job 2_TGAMMA_120 started 1787314372185 core=5
fake 3 end 1787314372186
job 3_TGAMMA_12 started 1787314372186 core=0
job 3_TGAMMA_12 end 1787314379362
job 12_TGAMMA_120 started 1787314379362 core=0
job 53_XPY_60 end 1787314438073
job 82_XPY_60 started 1787314438074 core=1
job 11_XPY_60 end 1787314438083
job 30_XPY_48 started 1787314438083 core=4
job 2_TGAMMA_120 end 1787314443065
job 17_TGAMMA_60 started 1787314443065 core=5
job 12_TGAMMA_120 end 1787314450562
job 31_TGAMMA_120 started 1787314450562 core=0
job 17_TGAMMA_60 end 1787314478547
job 46_TGAMMA_120 started 1787314478547 core=5
job 30_XPY_48 end 1787314490758
job 38_XPY_48 started 1787314490758 core=4
job 82_XPY_60 end 1787314503810
job 44_XPY_48 started 1787314503810 core=1
job 31_TGAMMA_120 end 1787314521692
job 54_TGAMMA_120 started 1787314521692 core=0
job 38_XPY_48 end 1787314543366
job 91_XPY_48 started 1787314543367 core=4
job 46_TGAMMA_120 end 1787314549419
job 55_TGAMMA_12 started 1787314549420 core=5
job 44_XPY_48 end 1787314556294
job 5_DOT_36 started 1787314556294 core=1
job 55_TGAMMA_12 end 1787314556529
job 22_POW_12 started 1787314556529 core=5
job 54_TGAMMA_120 end 1787314593585
job 62_TGAMMA_120 started 1787314593585 core=0
job 22_POW_12 end 1787314593796
job 0_SUM_132 started 1787314593797 core=5
job 5_DOT_36 end 1787314595335
job 25_POW_36 started 1787314595335 core=1
job 91_XPY_48 end 1787314601916
job 9_DOT_36 started 1787314601916 core=4
job 9_DOT_36 end 1787314633645
job 13_DOT_84 started 1787314633646 core=4
job 62_TGAMMA_120 end 1787314664399
job 37_POW_36 started 1787314664399 core=0
job 0_SUM_132 end 1787314680791
job 4_SUM_84 started 1787314680791 core=5
job 25_POW_36 end 1787314704151
job 40_POW_12 started 1787314704151 core=1
job 13_DOT_84 end 1787314721947
job 1_COPY_84 started 1787314721947 core=4
job 4_SUM_84 end 1787314735226
job 6_SUM_132 started 1787314735226 core=5
job 40_POW_12 end 1787314738969
job 45_POW_24 started 1787314738969 core=1
job 37_POW_36 end 1787314798364
job 52_POW_24 started 1787314798364 core=0
job 45_POW_24 end 1787314804777
job 69_POW_12 started 1787314804777 core=1
job 6_SUM_132 end 1787314814731
job 7_SUM_84 started 1787314814731 core=5
job 69_POW_12 end 1787314837866
job 80_POW_12 started 1787314837866 core=1
job 1_COPY_84 end 1787314857048
job 34_SQRTX_12 started 1787314857048 core=4
job 7_SUM_84 end 1787314864932
job 20_SUM_108 started 1787314864932 core=5
job 80_POW_12 end 1787314870338
job 42_SQRTX_12 started 1787314870339 core=1
job 34_SQRTX_12 end 1787314873891
job 23_SUM_132 started 1787314873891 core=4
job 52_POW_24 end 1787314881515
job 66_TGAMMA_60 started 1787314881515 core=0
job 42_SQRTX_12 end 1787314886573
job 26_SUM_84 started 1787314886573 core=1
job 66_TGAMMA_60 end 1787314916725
job 71_TGAMMA_120 started 1787314916726 core=0
job 23_SUM_132 end 1787314937188
job 32_SUM_132 started 1787314937188 core=4
job 20_SUM_108 end 1787314939254
job 33_SUM_108 started 1787314939255 core=5
job 26_SUM_84 end 1787314947142
job 47_SUM_108 started 1787314947142 core=1
job 71_TGAMMA_120 end 1787314987386
job 72_TGAMMA_120 started 1787314987386 core=0
job 32_SUM_132 end 1787314999307
job 50_SUM_132 started 1787314999307 core=4
job 33_SUM_108 end 1787315017308
job 57_SUM_132 started 1787315017308 core=5
job 47_SUM_108 end 1787315025151
job 58_SUM_84 started 1787315025151 core=1
job 72_TGAMMA_120 end 1787315058003
job 76_TGAMMA_120 started 1787315058003 core=0
job 50_SUM_132 end 1787315061381
job 60_SUM_132 started 1787315061381 core=4
job 58_SUM_84 end 1787315085595
job 64_SUM_132 started 1787315085595 core=1
job 57_SUM_132 end 1787315112890
job 67_SUM_84 started 1787315112892 core=5
job 60_SUM_132 end 1787315123434
job 86_TGAMMA_60 started 1787315123434 core=4
job 76_TGAMMA_120 end 1787315128548
job 73_SUM_132 started 1787315128548 core=0
job 86_TGAMMA_60 end 1787315158468
job 74_SUM_132 started 1787315158468 core=4
job 67_SUM_84 end 1787315170838
job 95_TGAMMA_60 started 1787315170838 core=5
job 64_SUM_132 end 1787315175812
job 83_SUM_132 started 1787315175812 core=1
job 95_TGAMMA_60 end 1787315206054
job 97_TGAMMA_120 started 1787315206054 core=5
job 73_SUM_132 end 1787315209294
job 85_SUM_84 started 1787315209295 core=0
job 83_SUM_132 end 1787315238091
job 88_SUM_108 started 1787315238091 core=1
job 74_SUM_132 end 1787315253850
job 89_SUM_132 started 1787315253850 core=4
job 85_SUM_84 end 1787315270306
job 98_TGAMMA_120 started 1787315270307 core=0
job 97_TGAMMA_120 end 1787315276345
job 90_SUM_108 started 1787315276346 core=5
job 88_SUM_108 end 1787315295234
job 93_SUM_84 started 1787315295234 core=1
job 89_SUM_132 end 1787315321103
job 94_SUM_84 started 1787315321104 core=4
job 98_TGAMMA_120 end 1787315340953
job 10_SQRTX_48 started 1787315340953 core=0
job 90_SUM_108 end 1787315353605
job 18_SQRTX_48 started 1787315353605 core=5
job 93_SUM_84 end 1787315354806
job 19_ERF_12 started 1787315354806 core=1
job 94_SUM_84 end 1787315367751
job 21_DOT_84 started 1787315367751 core=4
job 19_ERF_12 end 1787315376400
job 49_ERF_24 started 1787315376401 core=1
job 10_SQRTX_48 end 1787315416909
job 65_ERF_48 started 1787315416909 core=0
job 49_ERF_24 end 1787315420487
job 79_ERF_24 started 1787315420488 core=1
job 18_SQRTX_48 end 1787315423342
job 84_ERF_24 started 1787315423342 core=5
job 21_DOT_84 end 1787315449918
job 99_ERF_24 started 1787315449919 core=4
job 79_ERF_24 end 1787315467734
job 8_COPY_60 started 1787315467735 core=1
job 84_ERF_24 end 1787315471371
job 14_COPY_60 started 1787315471371 core=5
job 99_ERF_24 end 1787315494045
job 24_COPY_60 started 1787315494045 core=4
job 65_ERF_48 end 1787315522583
job 39_COPY_60 started 1787315522583 core=0
job 8_COPY_60 end 1787315576793
job 77_COPY_60 started 1787315576793 core=1
job 14_COPY_60 end 1787315581778
job 87_COPY_60 started 1787315581778 core=5
job 24_COPY_60 end 1787315595500
job 15_COPY_84 started 1787315595500 core=4
job 39_COPY_60 end 1787315633376
job 16_COPY_84 started 1787315633376 core=0
job 77_COPY_60 end 1787315687143
job 29_COPY_84 started 1787315687143 core=1
job 87_COPY_60 end 1787315692048
job 35_COPY_84 started 1787315692048 core=5
job 15_COPY_84 end 1787315749617
job 36_COPY_84 started 1787315749617 core=4
job 16_COPY_84 end 1787315788616
job 41_COPY_84 started 1787315788616 core=0
job 29_COPY_84 end 1787315841466
job 51_COPY_84 started 1787315841466 core=1
job 35_COPY_84 end 1787315846485
job 59_COPY_84 started 1787315846486 core=5
job 36_COPY_84 end 1787315903689
job 63_COPY_84 started 1787315903690 core=4
job 41_COPY_84 end 1787315943800
job 92_COPY_84 started 1787315943800 core=0
job 51_COPY_84 end 1787315995815
job 96_COPY_84 started 1787315995816 core=1
job 59_COPY_84 end 1787316000960
job 27_DOT_36 started 1787316000960 core=5
job 27_DOT_36 end 1787316055918
job 28_DOT_36 started 1787316055918 core=5
job 63_COPY_84 end 1787316062015
job 43_DOT_84 started 1787316062015 core=4
job 92_COPY_84 end 1787316101090
job 48_DOT_36 started 1787316101090 core=0
job 28_DOT_36 end 1787316115170
job 56_DOT_84 started 1787316115170 core=5
job 96_COPY_84 end 1787316140271
job 61_DOT_84 started 1787316140272 core=1
job 48_DOT_36 end 1787316151558
job 68_DOT_36 started 1787316151558 core=0
job 43_DOT_84 end 1787316187791
job 70_DOT_84 started 1787316187791 core=4
job 68_DOT_36 end 1787316206979
job 75_DOT_84 started 1787316206980 core=0
job 56_DOT_84 end 1787316246364
job 78_DOT_84 started 1787316246364 core=5
job 61_DOT_84 end 1787316267419
job 81_DOT_84 started 1787316267420 core=1
job 70_DOT_84 end 1787316314837
job 75_DOT_84 end 1787316325525
job 78_DOT_84 end 1787316351186
job 81_DOT_84 end 1787316357305
  итерация 0: 1985119 ms
  среднее по 1 итерациям: 1985119 ms
=== Выполняется проект: no_po_memory_heavy_13.txt (100 работ, перестановка ORDER) ===
fake 3 started 1787316357305 delay_ms=1
fake 2 started 1787316357305 delay_ms=0
fake 2 end 1787316357305
fake 0 started 1787316357305 delay_ms=0
fake 0 end 1787316357305
fake 1 started 1787316357305 delay_ms=0
fake 1 end 1787316357305
job 7_XPY_60 started 1787316357305 core=1
job 9_XPY_60 started 1787316357305 core=5
job 1_TGAMMA_120 started 1787316357306 core=0
fake 3 end 1787316357306
job 5_TGAMMA_60 started 1787316357307 core=4
job 5_TGAMMA_60 end 1787316391563
job 6_TGAMMA_12 started 1787316391564 core=4
job 6_TGAMMA_12 end 1787316398397
job 8_TGAMMA_12 started 1787316398398 core=4
job 8_TGAMMA_12 end 1787316405225
job 25_TGAMMA_12 started 1787316405225 core=4
job 25_TGAMMA_12 end 1787316412055
job 28_TGAMMA_120 started 1787316412055 core=4
job 7_XPY_60 end 1787316424402
job 41_XPY_60 started 1787316424402 core=1
job 9_XPY_60 end 1787316424469
job 31_XPY_48 started 1787316424469 core=5
job 1_TGAMMA_120 end 1787316426034
job 45_TGAMMA_12 started 1787316426034 core=0
job 45_TGAMMA_12 end 1787316432887
job 60_TGAMMA_120 started 1787316432887 core=0
job 31_XPY_48 end 1787316478084
job 50_XPY_48 started 1787316478084 core=5
job 28_TGAMMA_120 end 1787316480493
job 63_TGAMMA_12 started 1787316480493 core=4
job 63_TGAMMA_12 end 1787316487308
job 57_XPY_48 started 1787316487308 core=4
job 41_XPY_60 end 1787316493605
job 68_TGAMMA_12 started 1787316493605 core=1
job 68_TGAMMA_12 end 1787316500720
job 74_TGAMMA_120 started 1787316500721 core=1
job 60_TGAMMA_120 end 1787316502022
job 77_TGAMMA_120 started 1787316502022 core=0
job 50_XPY_48 end 1787316533981
job 64_XPY_48 started 1787316533981 core=5
job 57_XPY_48 end 1787316540104
job 79_XPY_48 started 1787316540104 core=4
job 74_TGAMMA_120 end 1787316571603
job 80_TGAMMA_120 started 1787316571603 core=1
job 77_TGAMMA_120 end 1787316573251
job 81_TGAMMA_60 started 1787316573251 core=0
job 64_XPY_48 end 1787316586750
job 43_XPY_60 started 1787316586751 core=5
job 79_XPY_48 end 1787316592792
job 76_XPY_60 started 1787316592792 core=4
job 81_TGAMMA_60 end 1787316608876
job 97_TGAMMA_12 started 1787316608877 core=0
job 97_TGAMMA_12 end 1787316616120
job 0_POW_12 started 1787316616120 core=0
job 80_TGAMMA_120 end 1787316642542
job 3_POW_12 started 1787316642542 core=1
job 43_XPY_60 end 1787316655730
job 16_SQRTX_12 started 1787316655730 core=5
job 0_POW_12 end 1787316662660
job 4_POW_36 started 1787316662661 core=0
job 76_XPY_60 end 1787316668630
job 89_XPY_60 started 1787316668631 core=4
job 16_SQRTX_12 end 1787316671293
job 27_SQRTX_12 started 1787316671294 core=5
job 3_POW_12 end 1787316677370
job 10_POW_36 started 1787316677370 core=1
job 27_SQRTX_12 end 1787316686974
job 32_SQRTX_12 started 1787316686974 core=5
job 32_SQRTX_12 end 1787316702595
job 67_SQRTX_12 started 1787316702595 core=5
job 67_SQRTX_12 end 1787316718189
job 55_SQRTX_48 started 1787316718190 core=5
job 89_XPY_60 end 1787316746746
job 2_DOT_36 started 1787316746747 core=4
job 10_POW_36 end 1787316769556
job 37_ERF_12 started 1787316769556 core=1
job 2_DOT_36 end 1787316784723
job 12_DOT_36 started 1787316784723 core=4
job 55_SQRTX_48 end 1787316785698
job 93_SQRTX_48 started 1787316785698 core=5
job 4_POW_36 end 1787316787912
job 56_ERF_24 started 1787316787912 core=0
job 37_ERF_12 end 1787316792708
job 83_ERF_48 started 1787316792708 core=1
job 12_DOT_36 end 1787316820502
job 14_COPY_60 started 1787316820502 core=4
job 56_ERF_24 end 1787316847621
job 95_ERF_48 started 1787316847621 core=0
job 93_SQRTX_48 end 1787316854995
job 11_POW_36 started 1787316854996 core=5
job 83_ERF_48 end 1787316879483
job 26_DOT_84 started 1787316879483 core=1
job 14_COPY_60 end 1787316907196
job 17_SUM_132 started 1787316907198 core=4
job 95_ERF_48 end 1787316964870
job 44_POW_24 started 1787316964870 core=0
job 11_POW_36 end 1787316967983
job 53_POW_24 started 1787316967983 core=5
job 26_DOT_84 end 1787316974293
job 13_COPY_84 started 1787316974293 core=1
job 17_SUM_132 end 1787316995781
job 18_SUM_132 started 1787316995781 core=4
job 44_POW_24 end 1787317032044
job 71_POW_36 started 1787317032044 core=0
job 53_POW_24 end 1787317059843
job 86_POW_12 started 1787317059843 core=5
job 18_SUM_132 end 1787317075071
job 90_POW_36 started 1787317075071 core=4
job 86_POW_12 end 1787317103843
job 23_SUM_132 started 1787317103843 core=5
job 13_COPY_84 end 1787317106542
job 15_COPY_84 started 1787317106542 core=1
job 71_POW_36 end 1787317128421
job 29_SUM_108 started 1787317128421 core=0
job 90_POW_36 end 1787317173202
job 30_SUM_108 started 1787317173202 core=4
job 29_SUM_108 end 1787317198348
job 33_SUM_132 started 1787317198348 core=0
job 23_SUM_132 end 1787317236648
job 34_SUM_132 started 1787317236649 core=5
job 15_COPY_84 end 1787317242999
job 39_SUM_84 started 1787317243000 core=1
job 30_SUM_108 end 1787317247139
job 48_SUM_84 started 1787317247139 core=4
job 33_SUM_132 end 1787317293765
job 49_SUM_84 started 1787317293765 core=0
job 39_SUM_84 end 1787317306186
job 51_SUM_108 started 1787317306186 core=1
job 48_SUM_84 end 1787317310507
job 58_SUM_132 started 1787317310507 core=4
job 34_SUM_132 end 1787317337966
job 59_SUM_108 started 1787317337967 core=5
job 49_SUM_84 end 1787317357451
job 66_SUM_84 started 1787317357451 core=0
job 51_SUM_108 end 1787317387556
job 72_SUM_84 started 1787317387556 core=1
job 58_SUM_132 end 1787317409847
job 78_SUM_132 started 1787317409847 core=4
job 59_SUM_108 end 1787317419384
job 85_SUM_84 started 1787317419384 core=5
job 66_SUM_84 end 1787317421234
job 88_SUM_132 started 1787317421234 core=0
job 72_SUM_84 end 1787317450676
job 91_SUM_132 started 1787317450676 core=1
job 85_SUM_84 end 1787317482923
job 94_SUM_84 started 1787317482923 core=5
job 78_SUM_132 end 1787317509079
job 20_COPY_60 started 1787317509079 core=4
job 88_SUM_132 end 1787317526297
job 24_COPY_60 started 1787317526297 core=0
job 94_SUM_84 end 1787317541877
job 35_COPY_60 started 1787317541877 core=5
job 91_SUM_132 end 1787317546533
job 38_COPY_60 started 1787317546533 core=1
job 20_COPY_60 end 1787317620282
job 65_COPY_60 started 1787317620282 core=4
job 24_COPY_60 end 1787317640153
job 69_COPY_60 started 1787317640153 core=0
job 35_COPY_60 end 1787317650674
job 75_COPY_60 started 1787317650674 core=5
job 38_COPY_60 end 1787317656843
job 84_COPY_60 started 1787317656843 core=1
job 65_COPY_60 end 1787317730373
job 19_COPY_84 started 1787317730373 core=4
job 69_COPY_60 end 1787317750870
job 21_COPY_84 started 1787317750870 core=0
job 75_COPY_60 end 1787317761007
job 22_COPY_84 started 1787317761008 core=5
job 84_COPY_60 end 1787317766940
job 46_COPY_84 started 1787317766941 core=1
job 19_COPY_84 end 1787317884337
job 61_COPY_84 started 1787317884337 core=4
job 21_COPY_84 end 1787317906055
job 82_COPY_84 started 1787317906056 core=0
job 22_COPY_84 end 1787317915623
job 36_DOT_36 started 1787317915623 core=5
job 46_COPY_84 end 1787317920950
job 40_DOT_36 started 1787317920950 core=1
job 36_DOT_36 end 1787317963488
job 42_DOT_84 started 1787317963488 core=5
job 40_DOT_36 end 1787317968038
job 47_DOT_36 started 1787317968038 core=1
job 47_DOT_36 end 1787318015141
job 52_DOT_84 started 1787318015141 core=1
job 61_COPY_84 end 1787318062830
job 54_DOT_84 started 1787318062830 core=4
job 42_DOT_84 end 1787318073739
job 62_DOT_36 started 1787318073739 core=5
job 82_COPY_84 end 1787318087329
job 70_DOT_84 started 1787318087329 core=0
job 62_DOT_36 end 1787318126872
job 73_DOT_84 started 1787318126873 core=5
job 52_DOT_84 end 1787318132144
job 87_DOT_36 started 1787318132145 core=1
job 87_DOT_36 end 1787318187050
job 92_DOT_84 started 1787318187050 core=1
job 54_DOT_84 end 1787318193275
job 96_DOT_36 started 1787318193275 core=4
job 70_DOT_84 end 1787318215169
job 98_DOT_36 started 1787318215169 core=0
job 96_DOT_36 end 1787318248125
job 99_DOT_36 started 1787318248125 core=4
job 73_DOT_84 end 1787318254848
job 98_DOT_36 end 1787318269736
job 92_DOT_84 end 1787318285573
job 99_DOT_36 end 1787318285868
  итерация 0: 1928562 ms
  среднее по 1 итерациям: 1928562 ms
=== Выполняется проект: no_po_memory_heavy_14.txt (100 работ, перестановка ORDER) ===
fake 3 started 1787318285869 delay_ms=1
fake 2 started 1787318285869 delay_ms=0
fake 2 end 1787318285869
fake 0 started 1787318285869 delay_ms=0
fake 0 end 1787318285869
fake 1 started 1787318285869 delay_ms=0
fake 1 end 1787318285869
job 61_XPY_60 started 1787318285870 core=1
job 30_XPY_60 started 1787318285870 core=4
fake 3 end 1787318285870
job 8_TGAMMA_60 started 1787318285870 core=5
job 0_TGAMMA_120 started 1787318285870 core=0
job 8_TGAMMA_60 end 1787318321346
job 16_TGAMMA_60 started 1787318321346 core=5
job 30_XPY_60 end 1787318351781
job 66_XPY_60 started 1787318351781 core=4
job 61_XPY_60 end 1787318351825
job 15_XPY_48 started 1787318351825 core=1
job 16_TGAMMA_60 end 1787318356855
job 36_TGAMMA_60 started 1787318356855 core=5
job 0_TGAMMA_120 end 1787318356917
job 39_TGAMMA_60 started 1787318356917 core=0
job 36_TGAMMA_60 end 1787318392391
job 46_TGAMMA_60 started 1787318392391 core=5
job 39_TGAMMA_60 end 1787318392484
job 51_TGAMMA_120 started 1787318392484 core=0
job 15_XPY_48 end 1787318404603
job 18_XPY_48 started 1787318404604 core=1
job 66_XPY_60 end 1787318417633
job 21_XPY_48 started 1787318417633 core=4
job 46_TGAMMA_60 end 1787318427916
job 70_TGAMMA_120 started 1787318427917 core=5
job 18_XPY_48 end 1787318457369
job 35_XPY_48 started 1787318457370 core=1
job 51_TGAMMA_120 end 1787318463582
job 72_TGAMMA_12 started 1787318463582 core=0
job 21_XPY_48 end 1787318470246
job 43_XPY_48 started 1787318470247 core=4
job 72_TGAMMA_12 end 1787318470762
job 82_TGAMMA_120 started 1787318470762 core=0
job 70_TGAMMA_120 end 1787318498985
job 97_TGAMMA_60 started 1787318498986 core=5
job 35_XPY_48 end 1787318510010
job 49_XPY_48 started 1787318510010 core=1
job 43_XPY_48 end 1787318522850
job 62_XPY_48 started 1787318522851 core=4
job 97_TGAMMA_60 end 1787318534474
job 4_POW_36 started 1787318534474 core=5
job 82_TGAMMA_120 end 1787318541791
job 6_POW_24 started 1787318541791 core=0
job 49_XPY_48 end 1787318569634
job 2_SQRTX_48 started 1787318569634 core=1
job 62_XPY_48 end 1787318583371
job 84_XPY_60 started 1787318583372 core=4
job 2_SQRTX_48 end 1787318632087
job 7_POW_36 started 1787318632087 core=1
job 6_POW_24 end 1787318633492
job 14_POW_36 started 1787318633492 core=0
job 4_POW_36 end 1787318637783
job 65_SQRTX_12 started 1787318637783 core=5
job 65_SQRTX_12 end 1787318653433
job 98_SQRTX_12 started 1787318653434 core=5
job 84_XPY_60 end 1787318661943
job 80_XPY_48 started 1787318661943 core=4
job 98_SQRTX_12 end 1787318669042
job 67_SQRTX_48 started 1787318669042 core=5
job 7_POW_36 end 1787318722659
job 22_POW_36 started 1787318722659 core=1
job 80_XPY_48 end 1787318724390
job 83_XPY_48 started 1787318724390 core=4
job 67_SQRTX_48 end 1787318731722
job 33_POW_24 started 1787318731722 core=5
job 14_POW_36 end 1787318771595
job 12_ERF_12 started 1787318771595 core=0
job 83_XPY_48 end 1787318789951
job 28_ERF_48 started 1787318789951 core=4
job 33_POW_24 end 1787318793378
job 93_XPY_48 started 1787318793379 core=5
job 12_ERF_12 end 1787318801052
job 50_POW_12 started 1787318801053 core=0
job 22_POW_36 end 1787318825793
job 53_POW_12 started 1787318825793 core=1
job 50_POW_12 end 1787318832918
job 20_DOT_36 started 1787318832918 core=0
job 93_XPY_48 end 1787318861608
job 34_ERF_48 started 1787318861609 core=5
job 20_DOT_36 end 1787318870357
job 47_ERF_48 started 1787318870358 core=0
job 53_POW_12 end 1787318871386
job 56_ERF_24 started 1787318871386 core=1
job 28_ERF_48 end 1787318888702
job 3_SUM_108 started 1787318888702 core=4
job 56_ERF_24 end 1787318918064
job 86_ERF_48 started 1787318918064 core=1
job 3_SUM_108 end 1787318951300
job 9_SUM_108 started 1787318951300 core=4
job 34_ERF_48 end 1787318957051
job 54_POW_24 started 1787318957052 core=5
job 47_ERF_48 end 1787318967200
job 10_SUM_132 started 1787318967200 core=0
job 86_ERF_48 end 1787319019260
job 11_SUM_132 started 1787319019261 core=1
job 9_SUM_108 end 1787319020419
job 59_POW_24 started 1787319020419 core=4
job 54_POW_24 end 1787319028159
job 73_POW_24 started 1787319028159 core=5
job 10_SUM_132 end 1787319054047
job 1_COPY_84 started 1787319054048 core=0
job 73_POW_24 end 1787319096408
job 77_POW_12 started 1787319096409 core=5
job 11_SUM_132 end 1787319101403
job 19_SUM_132 started 1787319101403 core=1
job 59_POW_24 end 1787319102891
job 85_POW_12 started 1787319102891 core=4
job 77_POW_12 end 1787319129667
job 87_POW_36 started 1787319129667 core=5
job 85_POW_12 end 1787319149163
job 24_SUM_84 started 1787319149163 core=4
job 19_SUM_132 end 1787319181856
job 26_SUM_84 started 1787319181857 core=1
job 1_COPY_84 end 1787319190259
job 27_SUM_108 started 1787319190259 core=0
job 24_SUM_84 end 1787319220274
job 29_SUM_132 started 1787319220274 core=4
job 87_POW_36 end 1787319236286
job 32_SUM_84 started 1787319236286 core=5
job 26_SUM_84 end 1787319239436
job 38_SUM_84 started 1787319239436 core=1
job 27_SUM_108 end 1787319269535
job 44_SUM_132 started 1787319269535 core=0
job 32_SUM_84 end 1787319299939
job 48_SUM_84 started 1787319299939 core=5
job 38_SUM_84 end 1787319302839
job 57_SUM_84 started 1787319302839 core=1
job 29_SUM_132 end 1787319318593
job 60_SUM_132 started 1787319318593 core=4
job 48_SUM_84 end 1787319363541
job 68_SUM_108 started 1787319363541 core=5
job 57_SUM_84 end 1787319366244
job 74_SUM_84 started 1787319366244 core=1
job 44_SUM_132 end 1787319369196
job 75_SUM_132 started 1787319369196 core=0
job 60_SUM_132 end 1787319418095
job 81_SUM_108 started 1787319418095 core=4
job 74_SUM_84 end 1787319429208
job 91_SUM_84 started 1787319429208 core=1
job 68_SUM_108 end 1787319445294
job 94_SUM_108 started 1787319445294 core=5
job 75_SUM_132 end 1787319469139
job 99_SUM_84 started 1787319469139 core=0
job 91_SUM_84 end 1787319492749
job 13_COPY_60 started 1787319492749 core=1
job 81_SUM_108 end 1787319498726
job 23_COPY_60 started 1787319498726 core=4
job 94_SUM_108 end 1787319533946
job 40_COPY_60 started 1787319533946 core=5
job 99_SUM_84 end 1787319539093
job 69_COPY_60 started 1787319539093 core=0
job 13_COPY_60 end 1787319596865
job 71_COPY_60 started 1787319596865 core=1
job 23_COPY_60 end 1787319600662
job 88_COPY_60 started 1787319600663 core=4
job 40_COPY_60 end 1787319644766
job 89_COPY_60 started 1787319644767 core=5
job 69_COPY_60 end 1787319649602
job 92_COPY_60 started 1787319649602 core=0
job 71_COPY_60 end 1787319707109
job 5_COPY_84 started 1787319707109 core=1
job 88_COPY_60 end 1787319710674
job 17_COPY_84 started 1787319710674 core=4
job 89_COPY_60 end 1787319755195
job 37_COPY_84 started 1787319755196 core=5
job 92_COPY_60 end 1787319760035
job 42_COPY_84 started 1787319760035 core=0
job 5_COPY_84 end 1787319861475
job 52_COPY_84 started 1787319861476 core=1
job 17_COPY_84 end 1787319865010
job 25_DOT_84 started 1787319865010 core=4
job 42_COPY_84 end 1787319909047
job 31_DOT_84 started 1787319909047 core=0
job 37_COPY_84 end 1787319913286
job 41_DOT_84 started 1787319913286 core=5
job 25_DOT_84 end 1787319984757
job 45_DOT_36 started 1787319984757 core=4
job 52_COPY_84 end 1787320024110
job 55_DOT_36 started 1787320024110 core=1
job 31_DOT_84 end 1787320025468
job 58_DOT_36 started 1787320025468 core=0
job 45_DOT_36 end 1787320035593
job 63_DOT_84 started 1787320035593 core=4
job 41_DOT_84 end 1787320058670
job 64_DOT_84 started 1787320058670 core=5
job 55_DOT_36 end 1787320078396
job 76_DOT_84 started 1787320078396 core=1
job 58_DOT_36 end 1787320080004
job 78_DOT_84 started 1787320080004 core=0
job 63_DOT_84 end 1787320162788
job 79_DOT_84 started 1787320162789 core=4
job 64_DOT_84 end 1787320186513
job 90_DOT_36 started 1787320186513 core=5
job 76_DOT_84 end 1787320205461
job 95_DOT_84 started 1787320205461 core=1
job 78_DOT_84 end 1787320207835
job 96_DOT_84 started 1787320207835 core=0
job 90_DOT_36 end 1787320241334
job 79_DOT_84 end 1787320288013
job 95_DOT_84 end 1787320289841
job 96_DOT_84 end 1787320302312
  итерация 0: 2016443 ms
  среднее по 1 итерациям: 2016443 ms
=== Выполняется проект: no_po_memory_heavy_15.txt (100 работ, перестановка ORDER) ===
fake 3 started 1787320302313 delay_ms=1
fake 2 started 1787320302313 delay_ms=0
fake 2 end 1787320302313
fake 0 started 1787320302313 delay_ms=0
fake 0 end 1787320302313
fake 1 started 1787320302313 delay_ms=0
fake 1 end 1787320302313
job 4_XPY_60 started 1787320302313 core=0
job 11_XPY_60 started 1787320302313 core=1
job 9_TGAMMA_60 started 1787320302313 core=4
fake 3 end 1787320302326
job 21_TGAMMA_60 started 1787320302327 core=5
job 9_TGAMMA_60 end 1787320337709
job 24_TGAMMA_60 started 1787320337709 core=4
job 21_TGAMMA_60 end 1787320337756
job 32_TGAMMA_60 started 1787320337757 core=5
job 11_XPY_60 end 1787320368084
job 20_XPY_60 started 1787320368084 core=1
job 4_XPY_60 end 1787320368434
job 13_XPY_48 started 1787320368434 core=0
job 24_TGAMMA_60 end 1787320373150
job 38_TGAMMA_12 started 1787320373150 core=4
job 32_TGAMMA_60 end 1787320373219
job 42_TGAMMA_12 started 1787320373219 core=5
job 38_TGAMMA_12 end 1787320380358
job 54_TGAMMA_12 started 1787320380358 core=4
job 42_TGAMMA_12 end 1787320380397
job 62_TGAMMA_12 started 1787320380398 core=5
job 54_TGAMMA_12 end 1787320387557
job 65_TGAMMA_60 started 1787320387557 core=4
job 62_TGAMMA_12 end 1787320387567
job 69_TGAMMA_12 started 1787320387567 core=5
job 69_TGAMMA_12 end 1787320394750
job 79_TGAMMA_12 started 1787320394751 core=5
job 79_TGAMMA_12 end 1787320401933
job 81_TGAMMA_60 started 1787320401933 core=5
job 13_XPY_48 end 1787320421247
job 18_XPY_48 started 1787320421247 core=0
job 65_TGAMMA_60 end 1787320423025
job 85_TGAMMA_60 started 1787320423025 core=4
job 20_XPY_60 end 1787320433735
job 83_XPY_48 started 1787320433735 core=1
job 81_TGAMMA_60 end 1787320437349
job 94_TGAMMA_12 started 1787320437350 core=5
job 94_TGAMMA_12 end 1787320444525
job 95_TGAMMA_12 started 1787320444525 core=5
job 95_TGAMMA_12 end 1787320451695
job 1_POW_36 started 1787320451696 core=5
job 85_TGAMMA_60 end 1787320458509
job 3_POW_12 started 1787320458509 core=4
job 18_XPY_48 end 1787320478115
job 82_SQRTX_48 started 1787320478115 core=0
job 83_XPY_48 end 1787320494318
job 28_XPY_60 started 1787320494319 core=1
job 3_POW_12 end 1787320495704
job 19_POW_12 started 1787320495704 core=4
job 19_POW_12 end 1787320525835
job 46_POW_36 started 1787320525837 core=4
job 82_SQRTX_48 end 1787320540861
job 44_SQRTX_12 started 1787320540861 core=0
job 44_SQRTX_12 end 1787320556540
job 49_POW_12 started 1787320556540 core=0
job 28_XPY_60 end 1787320573478
job 58_SQRTX_12 started 1787320573479 core=1
job 1_POW_36 end 1787320583726
job 34_XPY_60 started 1787320583726 core=5
job 49_POW_12 end 1787320586970
job 89_SQRTX_12 started 1787320586970 core=0
job 58_SQRTX_12 end 1787320591120
job 51_POW_12 started 1787320591120 core=1
job 89_SQRTX_12 end 1787320602701
job 99_SQRTX_12 started 1787320602702 core=0
job 46_POW_36 end 1787320616498
job 7_ERF_12 started 1787320616498 core=4
job 99_SQRTX_12 end 1787320618481
job 56_POW_12 started 1787320618482 core=0
job 51_POW_12 end 1787320637000
job 64_POW_36 started 1787320637000 core=1
job 7_ERF_12 end 1787320638513
job 90_XPY_48 started 1787320638513 core=4
job 56_POW_12 end 1787320655662
job 15_ERF_12 started 1787320655662 core=0
job 34_XPY_60 end 1787320664370
job 75_POW_36 started 1787320664371 core=5
job 15_ERF_12 end 1787320691830
job 61_ERF_24 started 1787320691830 core=0
job 90_XPY_48 end 1787320703988
job 78_XPY_60 started 1787320703988 core=4
job 64_POW_36 end 1787320738149
job 68_ERF_48 started 1787320738150 core=1
job 75_POW_36 end 1787320756731
job 96_POW_12 started 1787320756732 core=5
job 61_ERF_24 end 1787320763262
job 77_ERF_12 started 1787320763263 core=0
job 78_XPY_60 end 1787320784469
job 2_SUM_108 started 1787320784470 core=4
job 96_POW_12 end 1787320788420
job 6_SUM_84 started 1787320788420 core=5
job 77_ERF_12 end 1787320794740
job 14_SUM_108 started 1787320794740 core=0
job 68_ERF_48 end 1787320834541
job 22_SUM_132 started 1787320834541 core=1
job 6_SUM_84 end 1787320849300
job 30_SUM_84 started 1787320849300 core=5
job 2_SUM_108 end 1787320860317
job 33_SUM_84 started 1787320860317 core=4
job 14_SUM_108 end 1787320873353
job 36_SUM_84 started 1787320873354 core=0
job 30_SUM_84 end 1787320912444
job 39_SUM_84 started 1787320912444 core=5
job 33_SUM_84 end 1787320923665
job 43_SUM_84 started 1787320923665 core=4
job 22_SUM_132 end 1787320934027
job 45_SUM_108 started 1787320934027 core=1
job 36_SUM_84 end 1787320936913
job 52_SUM_84 started 1787320936913 core=0
job 39_SUM_84 end 1787320975789
job 59_SUM_84 started 1787320975789 core=5
job 43_SUM_84 end 1787320986790
job 60_SUM_108 started 1787320986790 core=4
job 52_SUM_84 end 1787321000763
job 63_SUM_132 started 1787321000764 core=0
job 45_SUM_108 end 1787321015112
job 70_SUM_84 started 1787321015112 core=1
job 59_SUM_84 end 1787321039005
job 71_SUM_84 started 1787321039006 core=5
job 60_SUM_108 end 1787321068183
job 76_SUM_108 started 1787321068183 core=4
job 70_SUM_84 end 1787321078504
job 80_SUM_84 started 1787321078505 core=1
job 63_SUM_132 end 1787321100725
job 86_SUM_108 started 1787321100725 core=0
job 71_SUM_84 end 1787321102245
job 88_SUM_108 started 1787321102246 core=5
job 80_SUM_84 end 1787321141934
job 91_SUM_84 started 1787321141934 core=1
job 76_SUM_108 end 1787321149310
job 0_COPY_60 started 1787321149310 core=4
job 88_SUM_108 end 1787321180605
job 5_COPY_60 started 1787321180605 core=5
job 86_SUM_108 end 1787321195480
job 12_COPY_60 started 1787321195480 core=0
job 91_SUM_84 end 1787321206102
job 16_COPY_60 started 1787321206102 core=1
job 0_COPY_60 end 1787321253092
job 27_COPY_60 started 1787321253093 core=4
job 5_COPY_60 end 1787321284684
job 41_COPY_60 started 1787321284685 core=5
job 12_COPY_60 end 1787321307175
job 47_COPY_60 started 1787321307176 core=0
job 16_COPY_60 end 1787321316219
job 57_COPY_60 started 1787321316219 core=1
job 27_COPY_60 end 1787321362973
job 67_COPY_60 started 1787321362973 core=4
job 41_COPY_60 end 1787321395031
job 84_COPY_60 started 1787321395031 core=5
job 47_COPY_60 end 1787321418059
job 93_COPY_60 started 1787321418061 core=0
job 57_COPY_60 end 1787321426551
job 98_COPY_60 started 1787321426552 core=1
job 67_COPY_60 end 1787321473034
job 29_COPY_84 started 1787321473035 core=4
job 84_COPY_60 end 1787321505271
job 40_COPY_84 started 1787321505271 core=5
job 93_COPY_60 end 1787321528625
job 72_COPY_84 started 1787321528625 core=0
job 98_COPY_60 end 1787321536595
job 92_COPY_84 started 1787321536595 core=1
job 29_COPY_84 end 1787321627121
job 8_DOT_84 started 1787321627121 core=4
job 40_COPY_84 end 1787321662003
job 10_DOT_84 started 1787321662003 core=5
job 72_COPY_84 end 1787321677644
job 17_DOT_84 started 1787321677644 core=0
job 92_COPY_84 end 1787321692894
job 23_DOT_84 started 1787321692894 core=1
job 8_DOT_84 end 1787321753736
job 25_DOT_36 started 1787321753736 core=4
job 10_DOT_84 end 1787321793130
job 26_DOT_36 started 1787321793130 core=5
job 17_DOT_84 end 1787321804378
job 31_DOT_84 started 1787321804378 core=0
job 25_DOT_36 end 1787321808523
job 35_DOT_36 started 1787321808523 core=4
job 23_DOT_84 end 1787321820265
job 37_DOT_84 started 1787321820266 core=1
job 26_DOT_36 end 1787321847533
job 48_DOT_84 started 1787321847533 core=5
job 35_DOT_36 end 1787321862316
job 50_DOT_84 started 1787321862317 core=4
job 31_DOT_84 end 1787321932660
job 53_DOT_36 started 1787321932660 core=0
job 37_DOT_84 end 1787321947819
job 55_DOT_36 started 1787321947819 core=1
job 48_DOT_84 end 1787321975156
job 66_DOT_36 started 1787321975157 core=5
job 53_DOT_36 end 1787321987482
job 73_DOT_84 started 1787321987482 core=0
job 50_DOT_84 end 1787321989863
job 74_DOT_84 started 1787321989863 core=4
job 55_DOT_36 end 1787322001807
job 97_DOT_84 started 1787322001807 core=1
job 66_DOT_36 end 1787322029340
job 87_XPY_60 started 1787322029341 core=5
job 73_DOT_84 end 1787322108469
job 74_DOT_84 end 1787322109094
job 87_XPY_60 end 1787322125318
job 97_DOT_84 end 1787322126239
  итерация 0: 1823926 ms
  среднее по 1 итерациям: 1823926 ms
=== Выполняется проект: no_po_memory_heavy_16.txt (100 работ, перестановка ORDER) ===
fake 3 started 1787322126240 delay_ms=1
fake 2 started 1787322126240 delay_ms=0
fake 2 end 1787322126240
fake 0 started 1787322126240 delay_ms=0
fake 0 end 1787322126240
fake 1 started 1787322126240 delay_ms=0
fake 1 end 1787322126240
job 0_XPY_60 started 1787322126240 core=1
job 29_XPY_60 started 1787322126240 core=5
job 10_TGAMMA_12 started 1787322126240 core=4
fake 3 end 1787322126253
job 27_TGAMMA_120 started 1787322126254 core=0
job 10_TGAMMA_12 end 1787322133055
job 38_TGAMMA_12 started 1787322133055 core=4
job 38_TGAMMA_12 end 1787322139872
job 45_TGAMMA_60 started 1787322139872 core=4
job 45_TGAMMA_60 end 1787322174047
job 48_TGAMMA_12 started 1787322174047 core=4
job 48_TGAMMA_12 end 1787322180873
job 52_TGAMMA_60 started 1787322180873 core=4
job 0_XPY_60 end 1787322192760
job 34_XPY_60 started 1787322192760 core=1
job 29_XPY_60 end 1787322192998
job 21_XPY_48 started 1787322192998 core=5
job 27_TGAMMA_120 end 1787322194739
job 53_TGAMMA_120 started 1787322194739 core=0
job 52_TGAMMA_60 end 1787322215106
job 69_TGAMMA_120 started 1787322215106 core=4
job 21_XPY_48 end 1787322246356
job 22_XPY_48 started 1787322246357 core=5
job 34_XPY_60 end 1787322259273
job 26_XPY_48 started 1787322259274 core=1
job 53_TGAMMA_120 end 1787322263278
job 71_TGAMMA_12 started 1787322263279 core=0
job 71_TGAMMA_12 end 1787322270115
job 76_TGAMMA_12 started 1787322270115 core=0
job 76_TGAMMA_12 end 1787322276944
job 95_TGAMMA_60 started 1787322276945 core=0
job 69_TGAMMA_120 end 1787322283583
job 2_POW_36 started 1787322283583 core=4
job 22_XPY_48 end 1787322305132
job 3_SUM_84 started 1787322305132 core=5
job 95_TGAMMA_60 end 1787322311368
job 41_XPY_48 started 1787322311369 core=0
job 26_XPY_48 end 1787322321117
job 7_POW_36 started 1787322321118 core=1
job 3_SUM_84 end 1787322360190
job 37_SQRTX_48 started 1787322360190 core=5
job 41_XPY_48 end 1787322380763
job 60_XPY_60 started 1787322380763 core=0
job 2_POW_36 end 1787322404860
job 8_POW_36 started 1787322404860 core=4
job 7_POW_36 end 1787322414731
job 13_POW_12 started 1787322414732 core=1
job 37_SQRTX_48 end 1787322422704
job 35_SQRTX_12 started 1787322422705 core=5
job 35_SQRTX_12 end 1787322438317
job 40_SQRTX_12 started 1787322438317 core=5
job 13_POW_12 end 1787322444887
job 61_XPY_60 started 1787322444887 core=1
job 40_SQRTX_12 end 1787322458397
job 17_POW_36 started 1787322458397 core=5
job 60_XPY_60 end 1787322459746
job 89_SQRTX_12 started 1787322459746 core=0
job 89_SQRTX_12 end 1787322475408
job 70_SQRTX_48 started 1787322475408 core=0
job 8_POW_36 end 1787322514269
job 30_POW_36 started 1787322514269 core=4
job 61_XPY_60 end 1787322523892
job 73_XPY_60 started 1787322523892 core=1
job 70_SQRTX_48 end 1787322538085
job 1_ERF_12 started 1787322538085 core=0
job 1_ERF_12 end 1787322560382
job 43_POW_12 started 1787322560382 core=0
job 43_POW_12 end 1787322591399
job 25_ERF_24 started 1787322591399 core=0
job 17_POW_36 end 1787322596001
job 58_POW_24 started 1787322596001 core=5
job 73_XPY_60 end 1787322605375
job 64_POW_36 started 1787322605376 core=1
job 30_POW_36 end 1787322607646
job 62_XPY_48 started 1787322607646 core=4
job 25_ERF_24 end 1787322652894
job 67_ERF_48 started 1787322652894 core=0
job 58_POW_24 end 1787322660422
job 75_XPY_48 started 1787322660422 core=5
job 62_XPY_48 end 1787322673060
job 82_POW_24 started 1787322673060 core=4
job 64_POW_36 end 1787322715762
job 84_POW_24 started 1787322715762 core=1
job 75_XPY_48 end 1787322725499
job 87_XPY_48 started 1787322725499 core=5
job 82_POW_24 end 1787322736533
job 80_ERF_48 started 1787322736533 core=4
job 67_ERF_48 end 1787322749694
job 88_POW_36 started 1787322749694 core=0
job 87_XPY_48 end 1787322790155
job 94_POW_24 started 1787322790155 core=5
job 84_POW_24 end 1787322802278
job 92_XPY_48 started 1787322802278 core=1
job 80_ERF_48 end 1787322825578
job 99_ERF_24 started 1787322825578 core=4
job 88_POW_36 end 1787322845224
job 98_POW_24 started 1787322845225 core=0
job 92_XPY_48 end 1787322867109
job 6_SUM_108 started 1787322867109 core=1
job 99_ERF_24 end 1787322870150
job 9_SUM_84 started 1787322870150 core=4
job 94_POW_24 end 1787322874240
job 12_SUM_108 started 1787322874240 core=5
job 98_POW_24 end 1787322916234
job 15_SUM_108 started 1787322916234 core=0
job 9_SUM_84 end 1787322929672
job 20_SUM_84 started 1787322929672 core=4
job 6_SUM_108 end 1787322944525
job 33_SUM_108 started 1787322944525 core=1
job 12_SUM_108 end 1787322953397
job 44_SUM_108 started 1787322953397 core=5
job 20_SUM_84 end 1787322992813
job 54_SUM_84 started 1787322992813 core=4
job 15_SUM_108 end 1787322998028
job 55_SUM_108 started 1787322998029 core=0
job 33_SUM_108 end 1787323025966
job 66_SUM_108 started 1787323025966 core=1
job 44_SUM_108 end 1787323034908
job 68_SUM_84 started 1787323034909 core=5
job 54_SUM_84 end 1787323056223
job 90_SUM_132 started 1787323056223 core=4
job 55_SUM_108 end 1787323079781
job 96_SUM_108 started 1787323079782 core=0
job 68_SUM_84 end 1787323097946
job 4_COPY_60 started 1787323097947 core=5
job 66_SUM_108 end 1787323111093
job 5_COPY_60 started 1787323111093 core=1
job 90_SUM_132 end 1787323148610
job 18_COPY_60 started 1787323148610 core=4
job 96_SUM_108 end 1787323154765
job 31_COPY_60 started 1787323154765 core=0
job 4_COPY_60 end 1787323213593
job 39_COPY_60 started 1787323213593 core=5
job 5_COPY_60 end 1787323228128
job 47_COPY_60 started 1787323228128 core=1
job 18_COPY_60 end 1787323256793
job 49_COPY_60 started 1787323256793 core=4
job 31_COPY_60 end 1787323265349
job 57_COPY_60 started 1787323265349 core=0
job 39_COPY_60 end 1787323323798
job 16_COPY_84 started 1787323323798 core=5
job 47_COPY_60 end 1787323338088
job 19_COPY_84 started 1787323338088 core=1
job 49_COPY_60 end 1787323366925
job 23_COPY_84 started 1787323366926 core=4
job 57_COPY_60 end 1787323375664
job 36_COPY_84 started 1787323375664 core=0
job 16_COPY_84 end 1787323478195
job 46_COPY_84 started 1787323478196 core=5
job 19_COPY_84 end 1787323492435
job 56_COPY_84 started 1787323492435 core=1
job 23_COPY_84 end 1787323521441
job 65_COPY_84 started 1787323521441 core=4
job 36_COPY_84 end 1787323530336
job 78_COPY_84 started 1787323530336 core=0
job 46_COPY_84 end 1787323632640
job 79_COPY_84 started 1787323632641 core=5
job 56_COPY_84 end 1787323646774
job 91_COPY_84 started 1787323646774 core=1
job 65_COPY_84 end 1787323675925
job 11_DOT_36 started 1787323675925 core=4
job 78_COPY_84 end 1787323684231
job 14_DOT_36 started 1787323684232 core=0
job 11_DOT_36 end 1787323724168
job 24_DOT_36 started 1787323724168 core=4
job 14_DOT_36 end 1787323731414
job 28_DOT_84 started 1787323731414 core=0
job 24_DOT_36 end 1787323771308
job 32_DOT_36 started 1787323771308 core=4
job 79_COPY_84 end 1787323808744
job 42_DOT_36 started 1787323808744 core=5
job 32_DOT_36 end 1787323818830
job 50_DOT_84 started 1787323818830 core=4
job 91_COPY_84 end 1787323823334
job 51_DOT_36 started 1787323823334 core=1
job 28_DOT_84 end 1787323845188
job 59_DOT_84 started 1787323845188 core=0
job 42_DOT_36 end 1787323865146
job 63_DOT_36 started 1787323865146 core=5
job 51_DOT_36 end 1787323877771
job 72_DOT_84 started 1787323877771 core=1
job 63_DOT_36 end 1787323920164
job 77_DOT_84 started 1787323920164 core=5
job 50_DOT_84 end 1787323945339
job 81_DOT_84 started 1787323945339 core=4
job 59_DOT_84 end 1787323972616
job 83_DOT_84 started 1787323972616 core=0
job 72_DOT_84 end 1787324004970
job 85_DOT_36 started 1787324004970 core=1
job 77_DOT_84 end 1787324047461
job 86_DOT_84 started 1787324047461 core=5
job 85_DOT_36 end 1787324060042
job 93_DOT_36 started 1787324060043 core=1
job 81_DOT_84 end 1787324073146
job 97_DOT_36 started 1787324073146 core=4
job 83_DOT_84 end 1787324099945
job 74_XPY_60 started 1787324099945 core=0
job 93_DOT_36 end 1787324113347
job 97_DOT_36 end 1787324131410
job 86_DOT_84 end 1787324142378
job 74_XPY_60 end 1787324158678
  итерация 0: 2032438 ms
  среднее по 1 итерациям: 2032438 ms
=== Выполняется проект: no_po_memory_heavy_17.txt (100 работ, перестановка ORDER) ===
fake 3 started 1787324158678 delay_ms=1
fake 2 started 1787324158678 delay_ms=0
fake 2 end 1787324158678
fake 0 started 1787324158678 delay_ms=0
fake 0 end 1787324158678
fake 1 started 1787324158678 delay_ms=0
fake 1 end 1787324158678
job 0_XPY_60 started 1787324158679 core=0
job 18_XPY_60 started 1787324158679 core=5
fake 3 end 1787324158692
job 2_TGAMMA_120 started 1787324158692 core=4
job 3_TGAMMA_60 started 1787324158703 core=1
job 3_TGAMMA_60 end 1787324194122
job 4_TGAMMA_120 started 1787324194122 core=1
job 18_XPY_60 end 1787324224560
job 25_XPY_60 started 1787324224561 core=5
job 0_XPY_60 end 1787324224674
job 10_XPY_48 started 1787324224674 core=0
job 2_TGAMMA_120 end 1787324229561
job 7_TGAMMA_60 started 1787324229561 core=4
job 4_TGAMMA_120 end 1787324264950
job 35_TGAMMA_12 started 1787324264950 core=1
job 7_TGAMMA_60 end 1787324265038
job 38_TGAMMA_60 started 1787324265038 core=4
job 35_TGAMMA_12 end 1787324272065
job 48_TGAMMA_120 started 1787324272066 core=1
job 10_XPY_48 end 1787324277439
job 21_XPY_48 started 1787324277439 core=0
job 25_XPY_60 end 1787324290259
job 51_XPY_48 started 1787324290259 core=5
job 38_TGAMMA_60 end 1787324300502
job 60_TGAMMA_60 started 1787324300502 core=4
job 21_XPY_48 end 1787324330179
job 59_XPY_48 started 1787324330179 core=0
job 60_TGAMMA_60 end 1787324336002
job 68_TGAMMA_120 started 1787324336002 core=4
job 51_XPY_48 end 1787324342751
job 77_XPY_48 started 1787324342751 core=5
job 48_TGAMMA_120 end 1787324342913
job 87_TGAMMA_60 started 1787324342913 core=1
job 87_TGAMMA_60 end 1787324378332
job 94_TGAMMA_60 started 1787324378332 core=1
job 59_XPY_48 end 1787324382956
job 84_XPY_48 started 1787324382956 core=0
job 77_XPY_48 end 1787324395307
job 85_XPY_48 started 1787324395307 core=5
job 68_TGAMMA_120 end 1787324406916
job 1_POW_12 started 1787324406916 core=4
job 94_TGAMMA_60 end 1787324413761
job 23_POW_24 started 1787324413761 core=1
job 84_XPY_48 end 1787324442816
job 13_SQRTX_48 started 1787324442817 core=0
job 1_POW_12 end 1787324449910
job 24_POW_12 started 1787324449911 core=4
job 85_XPY_48 end 1787324456150
job 44_XPY_60 started 1787324456151 core=5
job 24_POW_12 end 1787324480030
job 29_POW_12 started 1787324480032 core=4
job 23_POW_24 end 1787324505056
job 32_POW_12 started 1787324505056 core=1
job 13_SQRTX_48 end 1787324505405
job 39_POW_36 started 1787324505405 core=0
job 29_POW_12 end 1787324510464
job 31_SQRTX_12 started 1787324510464 core=4
job 31_SQRTX_12 end 1787324526098
job 41_POW_24 started 1787324526098 core=4
job 44_XPY_60 end 1787324535003
job 11_ERF_12 started 1787324535004 core=5
job 32_POW_12 end 1787324546241
job 90_XPY_48 started 1787324546242 core=1
job 11_ERF_12 end 1787324563581
job 16_ERF_48 started 1787324563581 core=5
job 41_POW_24 end 1787324587353
job 42_POW_12 started 1787324587353 core=4
job 39_POW_36 end 1787324597392
job 91_XPY_48 started 1787324597392 core=0
job 90_XPY_48 end 1787324611489
job 70_POW_36 started 1787324611490 core=1
job 42_POW_12 end 1787324628273
job 79_POW_12 started 1787324628273 core=4
job 91_XPY_48 end 1787324662688
job 45_XPY_60 started 1787324662688 core=0
job 16_ERF_48 end 1787324670685
job 82_POW_36 started 1787324670686 core=5
job 79_POW_12 end 1787324674358
job 27_ERF_12 started 1787324674358 core=4
job 70_POW_36 end 1787324705495
job 46_ERF_48 started 1787324705495 core=1
job 27_ERF_12 end 1787324710250
job 95_POW_12 started 1787324710250 core=4
job 45_XPY_60 end 1787324744133
job 58_XPY_60 started 1787324744134 core=0
job 95_POW_12 end 1787324756342
job 96_POW_36 started 1787324756342 core=4
job 82_POW_36 end 1787324764579
job 98_POW_24 started 1787324764580 core=5
job 46_ERF_48 end 1787324794030
job 49_ERF_24 started 1787324794031 core=1
job 58_XPY_60 end 1787324825609
job 69_XPY_60 started 1787324825609 core=0
job 98_POW_24 end 1787324828108
job 55_ERF_12 started 1787324828108 core=5
job 49_ERF_24 end 1787324838413
job 86_ERF_12 started 1787324838414 core=1
job 55_ERF_12 end 1787324850602
job 88_ERF_48 started 1787324850602 core=5
job 86_ERF_12 end 1787324860925
job 14_SUM_84 started 1787324860925 core=1
job 96_POW_36 end 1787324897711
job 17_SUM_108 started 1787324897711 core=4
job 14_SUM_84 end 1787324911629
job 19_SUM_84 started 1787324911629 core=1
job 69_XPY_60 end 1787324911865
job 20_SUM_84 started 1787324911865 core=0
job 88_ERF_48 end 1787324950537
job 22_SUM_108 started 1787324950537 core=5
job 20_SUM_84 end 1787324972426
job 33_SUM_132 started 1787324972426 core=0
job 19_SUM_84 end 1787324975222
job 34_SUM_108 started 1787324975222 core=1
job 17_SUM_108 end 1787324980144
job 37_SUM_132 started 1787324980145 core=4
job 22_SUM_108 end 1787325032168
job 40_SUM_132 started 1787325032168 core=5
job 34_SUM_108 end 1787325056819
job 43_SUM_108 started 1787325056819 core=1
job 33_SUM_132 end 1787325072104
job 53_SUM_108 started 1787325072104 core=0
job 37_SUM_132 end 1787325079781
job 54_SUM_108 started 1787325079781 core=4
job 40_SUM_132 end 1787325131724
job 57_SUM_84 started 1787325131725 core=5
job 43_SUM_108 end 1787325138097
job 64_SUM_84 started 1787325138097 core=1
job 53_SUM_108 end 1787325153761
job 65_SUM_84 started 1787325153761 core=0
job 54_SUM_108 end 1787325161278
job 66_SUM_108 started 1787325161278 core=4
job 57_SUM_84 end 1787325194942
job 71_SUM_132 started 1787325194942 core=5
job 64_SUM_84 end 1787325201369
job 75_SUM_108 started 1787325201369 core=1
job 65_SUM_84 end 1787325217118
job 89_SUM_108 started 1787325217119 core=0
job 66_SUM_108 end 1787325242687
job 9_COPY_60 started 1787325242688 core=4
job 75_SUM_108 end 1787325278744
job 15_COPY_60 started 1787325278744 core=1
job 71_SUM_132 end 1787325293314
job 26_COPY_60 started 1787325293314 core=5
job 89_SUM_108 end 1787325317572
job 36_COPY_60 started 1787325317572 core=0
job 9_COPY_60 end 1787325338588
job 56_COPY_60 started 1787325338588 core=4
job 15_COPY_60 end 1787325387219
job 74_COPY_60 started 1787325387219 core=1
job 26_COPY_60 end 1787325404978
job 80_COPY_60 started 1787325404979 core=5
job 36_COPY_60 end 1787325428063
job 6_COPY_84 started 1787325428064 core=0
job 56_COPY_60 end 1787325448783
job 63_COPY_84 started 1787325448783 core=4
job 74_COPY_60 end 1787325497440
job 73_COPY_84 started 1787325497441 core=1
job 80_COPY_60 end 1787325515035
job 92_COPY_84 started 1787325515035 core=5
job 6_COPY_84 end 1787325582773
job 99_COPY_84 started 1787325582773 core=0
job 63_COPY_84 end 1787325603354
job 5_DOT_36 started 1787325603355 core=4
job 73_COPY_84 end 1787325655462
job 8_DOT_84 started 1787325655462 core=1
job 5_DOT_36 end 1787325658179
job 12_DOT_84 started 1787325658179 core=4
job 92_COPY_84 end 1787325672216
job 28_DOT_84 started 1787325672216 core=5
job 99_COPY_84 end 1787325730995
job 30_DOT_36 started 1787325730995 core=0
job 8_DOT_84 end 1787325778319
job 47_DOT_84 started 1787325778319 core=1
job 30_DOT_36 end 1787325785563
job 50_DOT_84 started 1787325785563 core=0
job 28_DOT_84 end 1787325794127
job 52_DOT_84 started 1787325794127 core=5
job 12_DOT_84 end 1787325795603
job 61_DOT_84 started 1787325795604 core=4
job 47_DOT_84 end 1787325905606
job 62_DOT_36 started 1787325905607 core=1
job 50_DOT_84 end 1787325913885
job 67_DOT_36 started 1787325913885 core=0
job 52_DOT_84 end 1787325921768
job 72_DOT_36 started 1787325921769 core=5
job 61_DOT_84 end 1787325922943
job 76_DOT_84 started 1787325922943 core=4
job 62_DOT_36 end 1787325959913
job 78_DOT_84 started 1787325959915 core=1
job 67_DOT_36 end 1787325968568
job 81_DOT_36 started 1787325968568 core=0
job 72_DOT_36 end 1787325976164
job 93_DOT_36 started 1787325976164 core=5
job 81_DOT_36 end 1787326023616
job 97_DOT_36 started 1787326023616 core=0
job 93_DOT_36 end 1787326030952
job 83_XPY_60 started 1787326030952 core=5
job 76_DOT_84 end 1787326048499
job 97_DOT_36 end 1787326062388
job 78_DOT_84 end 1787326078345
job 83_XPY_60 end 1787326090786
  итерация 0: 1932108 ms
  среднее по 1 итерациям: 1932108 ms
=== Выполняется проект: no_po_memory_heavy_18.txt (100 работ, перестановка ORDER) ===
fake 3 started 1787326090787 delay_ms=1
fake 0 started 1787326090787 delay_ms=0
fake 0 end 1787326090787
fake 2 started 1787326090787 delay_ms=0
fake 2 end 1787326090787
fake 1 started 1787326090787 delay_ms=0
fake 1 end 1787326090787
job 14_XPY_60 started 1787326090787 core=1
job 10_XPY_60 started 1787326090787 core=5
job 5_TGAMMA_12 started 1787326090788 core=0
fake 3 end 1787326090788
job 19_TGAMMA_120 started 1787326090788 core=4
job 5_TGAMMA_12 end 1787326097631
job 21_TGAMMA_120 started 1787326097631 core=0
job 10_XPY_60 end 1787326157441
job 29_XPY_60 started 1787326157441 core=5
job 14_XPY_60 end 1787326157521
job 16_XPY_48 started 1787326157522 core=1
job 19_TGAMMA_120 end 1787326159133
job 23_TGAMMA_120 started 1787326159133 core=4
job 21_TGAMMA_120 end 1787326166126
job 24_TGAMMA_12 started 1787326166127 core=0
job 24_TGAMMA_12 end 1787326172976
job 25_TGAMMA_60 started 1787326172976 core=0
job 25_TGAMMA_60 end 1787326207282
job 49_XPY_48 started 1787326207282 core=0
job 16_XPY_48 end 1787326213001
job 26_TGAMMA_60 started 1787326213002 core=1
job 29_XPY_60 end 1787326226292
job 50_XPY_48 started 1787326226292 core=5
job 23_TGAMMA_120 end 1787326228177
job 34_TGAMMA_12 started 1787326228177 core=4
job 34_TGAMMA_12 end 1787326235340
job 41_TGAMMA_12 started 1787326235340 core=4
job 41_TGAMMA_12 end 1787326242510
job 43_TGAMMA_120 started 1787326242511 core=4
job 26_TGAMMA_60 end 1787326248433
job 52_TGAMMA_60 started 1787326248433 core=1
job 49_XPY_48 end 1787326260214
job 56_XPY_48 started 1787326260214 core=0
job 50_XPY_48 end 1787326278826
job 57_XPY_48 started 1787326278827 core=5
job 52_TGAMMA_60 end 1787326283851
job 71_TGAMMA_12 started 1787326283852 core=1
job 71_TGAMMA_12 end 1787326290960
job 90_TGAMMA_12 started 1787326290960 core=1
job 90_TGAMMA_12 end 1787326298062
job 95_TGAMMA_60 started 1787326298062 core=1
job 56_XPY_48 end 1787326312997
job 64_XPY_48 started 1787326312997 core=0
job 43_TGAMMA_120 end 1787326313309
job 9_POW_24 started 1787326313309 core=4
job 57_XPY_48 end 1787326331789
job 0_SUM_84 started 1787326331789 core=5
job 95_TGAMMA_60 end 1787326333519
job 27_POW_12 started 1787326333519 core=1
job 27_POW_12 end 1787326366413
job 31_POW_12 started 1787326366413 core=1
job 0_SUM_84 end 1787326381861
job 3_COPY_84 started 1787326381861 core=5
job 64_XPY_48 end 1787326383786
job 7_SUM_84 started 1787326383786 core=0
job 9_POW_24 end 1787326402860
job 32_POW_36 started 1787326402860 core=4
job 31_POW_12 end 1787326405706
job 33_POW_36 started 1787326405707 core=1
job 7_SUM_84 end 1787326434380
job 8_SUM_84 started 1787326434380 core=0
job 8_SUM_84 end 1787326484976
job 11_SUM_84 started 1787326484976 core=0
job 32_POW_36 end 1787326501967
job 37_POW_12 started 1787326501968 core=4
job 3_COPY_84 end 1787326517011
job 6_COPY_84 started 1787326517011 core=5
job 37_POW_12 end 1787326534775
job 54_POW_36 started 1787326534775 core=4
job 11_SUM_84 end 1787326535614
job 60_POW_36 started 1787326535614 core=0
job 33_POW_36 end 1787326543455
job 12_SUM_132 started 1787326543455 core=1
job 54_POW_36 end 1787326630507
job 66_POW_36 started 1787326630507 core=4
job 60_POW_36 end 1787326631596
job 30_COPY_84 started 1787326631596 core=0
job 6_COPY_84 end 1787326640363
job 13_SUM_132 started 1787326640364 core=5
job 12_SUM_132 end 1787326659558
job 72_POW_36 started 1787326659558 core=1
job 13_SUM_132 end 1787326721432
job 85_POW_36 started 1787326721432 core=5
job 72_POW_36 end 1787326756049
job 15_SUM_132 started 1787326756050 core=1
job 30_COPY_84 end 1787326763944
job 59_COPY_84 started 1787326763945 core=0
job 66_POW_36 end 1787326765932
job 1_SQRTX_12 started 1787326765933 core=4
job 1_SQRTX_12 end 1787326789415
job 76_SQRTX_12 started 1787326789416 core=4
job 76_SQRTX_12 end 1787326812988
job 81_SQRTX_12 started 1787326812989 core=4
job 85_POW_36 end 1787326815797
job 93_SQRTX_48 started 1787326815797 core=5
job 15_SUM_132 end 1787326833034
job 17_SUM_84 started 1787326833035 core=1
job 81_SQRTX_12 end 1787326835153
job 28_ERF_48 started 1787326835153 core=4
job 93_SQRTX_48 end 1787326877971
job 36_ERF_12 started 1787326877971 core=5
job 17_SUM_84 end 1787326883316
job 2_COPY_60 started 1787326883316 core=1
job 59_COPY_84 end 1787326891578
job 40_ERF_12 started 1787326891578 core=0
job 36_ERF_12 end 1787326907654
job 78_ERF_48 started 1787326907654 core=5
job 40_ERF_12 end 1787326913707
job 88_ERF_12 started 1787326913707 core=0
job 88_ERF_12 end 1787326935872
job 96_ERF_12 started 1787326935872 core=0
job 28_ERF_48 end 1787326941938
job 18_SUM_132 started 1787326941938 core=4
job 96_ERF_12 end 1787326959912
job 22_SUM_132 started 1787326959912 core=0
job 2_COPY_60 end 1787326970778
job 35_SUM_84 started 1787326970778 core=1
job 78_ERF_48 end 1787327025399
job 39_SUM_132 started 1787327025400 core=5
job 18_SUM_132 end 1787327030010
job 44_SUM_108 started 1787327030010 core=4
job 35_SUM_84 end 1787327034279
job 48_SUM_108 started 1787327034280 core=1
job 22_SUM_132 end 1787327053252
job 51_SUM_108 started 1787327053253 core=0
job 44_SUM_108 end 1787327111512
job 53_SUM_132 started 1787327111513 core=4
job 48_SUM_108 end 1787327115366
job 58_SUM_108 started 1787327115366 core=1
job 39_SUM_132 end 1787327125209
job 63_SUM_132 started 1787327125209 core=5
job 51_SUM_108 end 1787327134860
job 77_SUM_132 started 1787327134860 core=0
job 58_SUM_108 end 1787327196879
job 84_SUM_132 started 1787327196879 core=1
job 53_SUM_132 end 1787327210580
job 87_SUM_84 started 1787327210580 core=4
job 63_SUM_132 end 1787327225054
job 94_SUM_132 started 1787327225054 core=5
job 77_SUM_132 end 1787327234475
job 97_SUM_108 started 1787327234475 core=0
job 87_SUM_84 end 1787327273882
job 98_SUM_108 started 1787327273882 core=4
job 84_SUM_132 end 1787327296179
job 99_SUM_132 started 1787327296179 core=1
job 97_SUM_108 end 1787327316200
job 38_COPY_60 started 1787327316201 core=0
job 94_SUM_132 end 1787327323961
job 47_COPY_60 started 1787327323961 core=5
job 98_SUM_108 end 1787327366463
job 62_COPY_84 started 1787327366464 core=4
job 47_COPY_60 end 1787327410872
job 75_COPY_84 started 1787327410872 core=5
job 99_SUM_132 end 1787327412628
job 80_COPY_84 started 1787327412628 core=1
job 38_COPY_60 end 1787327418519
job 89_COPY_84 started 1787327418520 core=0
job 62_COPY_84 end 1787327523177
job 4_DOT_36 started 1787327523178 core=4
job 89_COPY_84 end 1787327567348
job 20_DOT_36 started 1787327567348 core=0
job 75_COPY_84 end 1787327568085
job 42_DOT_36 started 1787327568086 core=5
job 80_COPY_84 end 1787327570390
job 45_DOT_84 started 1787327570391 core=1
job 4_DOT_36 end 1787327576938
job 55_DOT_84 started 1787327576938 core=4
job 20_DOT_36 end 1787327621452
job 61_DOT_36 started 1787327621452 core=0
job 42_DOT_36 end 1787327622904
job 65_DOT_36 started 1787327622904 core=5
job 61_DOT_36 end 1787327676397
job 68_DOT_84 started 1787327676397 core=0
job 65_DOT_36 end 1787327677707
job 70_DOT_36 started 1787327677707 core=5
job 45_DOT_84 end 1787327697443
job 74_DOT_84 started 1787327697444 core=1
job 55_DOT_84 end 1787327704566
job 82_DOT_84 started 1787327704566 core=4
job 70_DOT_36 end 1787327731990
job 67_XPY_48 started 1787327731991 core=5
job 68_DOT_84 end 1787327798013
job 69_XPY_48 started 1787327798015 core=0
job 67_XPY_48 end 1787327821483
job 79_XPY_48 started 1787327821483 core=5
job 82_DOT_84 end 1787327828356
job 86_XPY_48 started 1787327828356 core=4
job 74_DOT_84 end 1787327836919
job 46_XPY_60 started 1787327836919 core=1
job 69_XPY_48 end 1787327885345
job 73_XPY_60 started 1787327885345 core=0
job 79_XPY_48 end 1787327908608
job 83_XPY_60 started 1787327908609 core=5
job 86_XPY_48 end 1787327918158
job 91_XPY_60 started 1787327918158 core=4
job 46_XPY_60 end 1787327948404
job 92_XPY_60 started 1787327948404 core=1
job 73_XPY_60 end 1787327997141
job 91_XPY_60 end 1787328014116
job 83_XPY_60 end 1787328017023
job 92_XPY_60 end 1787328027789
  итерация 0: 1937002 ms
  среднее по 1 итерациям: 1937002 ms
=== Выполняется проект: no_po_memory_heavy_19.txt (100 работ, перестановка ORDER) ===
fake 3 started 1787328027790 delay_ms=1
fake 0 started 1787328027790 delay_ms=0
fake 0 end 1787328027790
fake 2 started 1787328027790 delay_ms=0
fake 2 end 1787328027790
fake 1 started 1787328027790 delay_ms=0
fake 1 end 1787328027790
job 10_XPY_60 started 1787328027790 core=5
job 5_XPY_60 started 1787328027790 core=1
fake 3 end 1787328027791
job 6_TGAMMA_120 started 1787328027791 core=4
job 9_TGAMMA_120 started 1787328027809 core=0
job 10_XPY_60 end 1787328094359
job 13_XPY_60 started 1787328094359 core=5
job 5_XPY_60 end 1787328094430
job 2_XPY_48 started 1787328094430 core=1
job 6_TGAMMA_120 end 1787328096188
job 18_TGAMMA_60 started 1787328096188 core=4
job 9_TGAMMA_120 end 1787328096331
job 39_TGAMMA_120 started 1787328096331 core=0
job 18_TGAMMA_60 end 1787328130375
job 41_TGAMMA_12 started 1787328130375 core=4
job 41_TGAMMA_12 end 1787328137185
job 46_TGAMMA_120 started 1787328137185 core=4
job 2_XPY_48 end 1787328147741
job 29_XPY_48 started 1787328147741 core=1
job 13_XPY_60 end 1787328160734
job 64_XPY_48 started 1787328160734 core=5
job 39_TGAMMA_120 end 1787328164793
job 54_TGAMMA_120 started 1787328164793 core=0
job 29_XPY_48 end 1787328201054
job 91_XPY_48 started 1787328201055 core=1
job 46_TGAMMA_120 end 1787328205512
job 28_XPY_60 started 1787328205512 core=4
job 64_XPY_48 end 1787328219448
job 56_TGAMMA_60 started 1787328219448 core=5
job 54_TGAMMA_120 end 1787328234207
job 72_TGAMMA_12 started 1787328234208 core=0
job 72_TGAMMA_12 end 1787328241343
job 76_TGAMMA_12 started 1787328241343 core=0
job 76_TGAMMA_12 end 1787328248483
job 77_TGAMMA_12 started 1787328248483 core=0
job 56_TGAMMA_60 end 1787328254906
job 34_XPY_60 started 1787328254907 core=5
job 77_TGAMMA_12 end 1787328255603
job 80_TGAMMA_12 started 1787328255603 core=0
job 91_XPY_48 end 1787328262646
job 82_TGAMMA_60 started 1787328262646 core=1
job 80_TGAMMA_12 end 1787328262733
job 85_TGAMMA_120 started 1787328262733 core=0
job 28_XPY_60 end 1787328271620
job 45_XPY_60 started 1787328271620 core=4
job 82_TGAMMA_60 end 1787328298117
job 99_TGAMMA_120 started 1787328298117 core=1
job 34_XPY_60 end 1787328324445
job 63_XPY_60 started 1787328324445 core=5
job 85_TGAMMA_120 end 1787328333808
job 16_POW_36 started 1787328333809 core=0
job 45_XPY_60 end 1787328338328
job 3_SUM_132 started 1787328338329 core=4
job 99_TGAMMA_120 end 1787328369632
job 21_POW_12 started 1787328369633 core=1
job 63_XPY_60 end 1787328403676
job 1_COPY_84 started 1787328403676 core=5
job 3_SUM_132 end 1787328417182
job 38_POW_36 started 1787328417182 core=4
job 21_POW_12 end 1787328418953
job 4_SUM_132 started 1787328418954 core=1
job 16_POW_36 end 1787328433030
job 48_POW_12 started 1787328433031 core=0
job 48_POW_12 end 1787328465125
job 57_POW_36 started 1787328465125 core=0
job 38_POW_36 end 1787328513282
job 65_POW_36 started 1787328513282 core=4
job 1_COPY_84 end 1787328527354
job 17_COPY_84 started 1787328527354 core=5
job 4_SUM_132 end 1787328541219
job 12_SUM_132 started 1787328541219 core=1
job 57_POW_36 end 1787328561270
job 66_POW_24 started 1787328561270 core=0
job 65_POW_36 end 1787328609199
job 14_SUM_132 started 1787328609199 core=4
job 66_POW_24 end 1787328626958
job 68_POW_24 started 1787328626958 core=0
job 17_COPY_84 end 1787328653310
job 22_COPY_84 started 1787328653310 core=5
job 12_SUM_132 end 1787328668384
job 75_POW_36 started 1787328668384 core=1
job 14_SUM_132 end 1787328690471
job 81_POW_36 started 1787328690471 core=4
job 68_POW_24 end 1787328694465
job 19_SUM_84 started 1787328694465 core=0
job 19_SUM_84 end 1787328745014
job 23_SUM_132 started 1787328745014 core=0
job 22_COPY_84 end 1787328788256
job 60_COPY_84 started 1787328788256 core=5
job 81_POW_36 end 1787328789515
job 97_SQRTX_12 started 1787328789515 core=4
job 97_SQRTX_12 end 1787328805121
job 51_SQRTX_48 started 1787328805121 core=4
job 75_POW_36 end 1787328805235
job 96_SQRTX_48 started 1787328805236 core=1
job 23_SUM_132 end 1787328823929
job 20_ERF_24 started 1787328823929 core=0
job 20_ERF_24 end 1787328866440
job 24_ERF_48 started 1787328866441 core=0
job 51_SQRTX_48 end 1787328870920
job 43_ERF_24 started 1787328870921 core=4
job 96_SQRTX_48 end 1787328892138
job 25_SUM_132 started 1787328892139 core=1
job 60_COPY_84 end 1787328909850
job 61_ERF_12 started 1787328909851 core=5
job 43_ERF_24 end 1787328916178
job 73_ERF_24 started 1787328916178 core=4
job 61_ERF_12 end 1787328934397
job 88_ERF_12 started 1787328934397 core=5
job 88_ERF_12 end 1787328958992
job 98_ERF_48 started 1787328958993 core=5
job 24_ERF_48 end 1787328960038
job 27_SUM_84 started 1787328960038 core=0
job 73_ERF_24 end 1787328965026
job 32_SUM_84 started 1787328965026 core=4
job 25_SUM_132 end 1787328978649
job 36_SUM_132 started 1787328978650 core=1
job 27_SUM_84 end 1787329018402
job 37_SUM_108 started 1787329018402 core=0
job 32_SUM_84 end 1787329023591
job 40_SUM_108 started 1787329023591 core=4
job 98_ERF_48 end 1787329062349
job 42_SUM_84 started 1787329062350 core=5
job 36_SUM_132 end 1787329077925
job 44_SUM_132 started 1787329077926 core=1
job 37_SUM_108 end 1787329096320
job 50_SUM_84 started 1787329096320 core=0
job 40_SUM_108 end 1787329101564
job 53_SUM_108 started 1787329101564 core=4
job 42_SUM_84 end 1787329125881
job 55_SUM_132 started 1787329125881 core=5
job 50_SUM_84 end 1787329159941
job 59_SUM_84 started 1787329159941 core=0
job 44_SUM_132 end 1787329177330
job 70_SUM_84 started 1787329177330 core=1
job 53_SUM_108 end 1787329182816
job 74_SUM_132 started 1787329182816 core=4
job 59_SUM_84 end 1787329223757
job 84_SUM_84 started 1787329223757 core=0
job 55_SUM_132 end 1787329225590
job 86_SUM_84 started 1787329225590 core=5
job 70_SUM_84 end 1787329240538
job 90_SUM_84 started 1787329240539 core=1
job 74_SUM_132 end 1787329282282
job 93_SUM_84 started 1787329282282 core=4
job 84_SUM_84 end 1787329287219
job 94_SUM_108 started 1787329287220 core=0
job 86_SUM_84 end 1787329289024
job 7_COPY_60 started 1787329289024 core=5
job 90_SUM_84 end 1787329308070
job 8_COPY_60 started 1787329308070 core=1
job 93_SUM_84 end 1787329338757
job 26_COPY_60 started 1787329338758 core=4
job 94_SUM_108 end 1787329366457
job 30_COPY_60 started 1787329366458 core=0
job 7_COPY_60 end 1787329405527
job 49_COPY_60 started 1787329405527 core=5
job 8_COPY_60 end 1787329425080
job 52_COPY_60 started 1787329425081 core=1
job 26_COPY_60 end 1787329440547
job 58_COPY_60 started 1787329440547 core=4
job 30_COPY_60 end 1787329476919
job 62_COPY_60 started 1787329476919 core=0
job 49_COPY_60 end 1787329516146
job 78_COPY_60 started 1787329516149 core=5
job 52_COPY_60 end 1787329535347
job 83_COPY_60 started 1787329535347 core=1
job 58_COPY_60 end 1787329550706
job 92_COPY_60 started 1787329550706 core=4
job 62_COPY_60 end 1787329587550
job 87_COPY_84 started 1787329587550 core=0
job 78_COPY_60 end 1787329626722
job 89_COPY_84 started 1787329626722 core=5
job 83_COPY_60 end 1787329645330
job 0_DOT_84 started 1787329645331 core=1
job 92_COPY_60 end 1787329661463
job 11_DOT_36 started 1787329661463 core=4
job 11_DOT_36 end 1787329720081
job 15_DOT_84 started 1787329720081 core=4
job 87_COPY_84 end 1787329738411
job 31_DOT_36 started 1787329738411 core=0
job 89_COPY_84 end 1787329775126
job 33_DOT_84 started 1787329775126 core=5
job 0_DOT_84 end 1787329783425
job 35_DOT_36 started 1787329783425 core=1
job 31_DOT_36 end 1787329788946
job 47_DOT_36 started 1787329788946 core=0
job 35_DOT_36 end 1787329838089
job 67_DOT_36 started 1787329838089 core=1
job 47_DOT_36 end 1787329843600
job 69_DOT_36 started 1787329843600 core=0
job 15_DOT_84 end 1787329845267
job 71_DOT_84 started 1787329845267 core=4
job 67_DOT_36 end 1787329892318
job 79_DOT_84 started 1787329892318 core=1
job 69_DOT_36 end 1787329898257
job 95_DOT_36 started 1787329898257 core=0
job 33_DOT_84 end 1787329902832
job 95_DOT_36 end 1787329950751
job 71_DOT_84 end 1787329960673
job 79_DOT_84 end 1787329962813
  итерация 0: 1935022 ms
  среднее по 1 итерациям: 1935022 ms
=== Выполняется проект: no_po_memory_heavy_2.txt (100 работ, перестановка ORDER) ===
fake 2 started 1787329962814 delay_ms=0
fake 2 end 1787329962814
fake 3 started 1787329962814 delay_ms=1
fake 0 started 1787329962814 delay_ms=0
fake 0 end 1787329962814
fake 1 started 1787329962814 delay_ms=0
fake 1 end 1787329962814
job 8_XPY_60 started 1787329962814 core=1
job 32_XPY_60 started 1787329962814 core=4
job 13_TGAMMA_60 started 1787329962814 core=0
fake 3 end 1787329962825
job 18_TGAMMA_12 started 1787329962826 core=5
job 18_TGAMMA_12 end 1787329969906
job 28_TGAMMA_120 started 1787329969906 core=5
job 13_TGAMMA_60 end 1787329998358
job 33_TGAMMA_60 started 1787329998359 core=0
job 8_XPY_60 end 1787330028731
job 41_XPY_60 started 1787330028731 core=1
job 32_XPY_60 end 1787330028752
job 22_XPY_48 started 1787330028752 core=4
job 33_TGAMMA_60 end 1787330033982
job 36_TGAMMA_60 started 1787330033982 core=0
job 28_TGAMMA_120 end 1787330040869
job 38_TGAMMA_12 started 1787330040870 core=5
job 38_TGAMMA_12 end 1787330047988
job 46_TGAMMA_12 started 1787330047988 core=5
job 46_TGAMMA_12 end 1787330055109
job 67_TGAMMA_12 started 1787330055109 core=5
job 67_TGAMMA_12 end 1787330062235
job 82_TGAMMA_120 started 1787330062235 core=5
job 36_TGAMMA_60 end 1787330069604
job 93_TGAMMA_120 started 1787330069604 core=0
job 22_XPY_48 end 1787330081601
job 39_XPY_48 started 1787330081602 core=4
job 41_XPY_60 end 1787330094605
job 44_XPY_48 started 1787330094605 core=1
job 82_TGAMMA_120 end 1787330133178
job 98_TGAMMA_120 started 1787330133178 core=5
job 39_XPY_48 end 1787330134258
job 49_XPY_48 started 1787330134259 core=4
job 93_TGAMMA_120 end 1787330140792
job 99_TGAMMA_12 started 1787330140793 core=0
job 44_XPY_48 end 1787330147411
job 78_XPY_48 started 1787330147411 core=1
job 99_TGAMMA_12 end 1787330148024
job 6_POW_24 started 1787330148024 core=0
job 49_XPY_48 end 1787330196012
job 0_SUM_108 started 1787330196012 core=4
job 78_XPY_48 end 1787330201430
job 10_POW_36 started 1787330201430 core=1
job 98_TGAMMA_120 end 1787330204184
job 12_COPY_84 started 1787330204184 core=5
job 6_POW_24 end 1787330227669
job 14_POW_36 started 1787330227669 core=0
job 0_SUM_108 end 1787330260061
job 2_SUM_108 started 1787330260061 core=4
job 2_SUM_108 end 1787330324762
job 16_POW_24 started 1787330324762 core=4
job 14_POW_36 end 1787330326976
job 23_POW_12 started 1787330326976 core=0
job 10_POW_36 end 1787330337227
job 24_COPY_84 started 1787330337228 core=1
job 12_COPY_84 end 1787330338130
job 3_SUM_108 started 1787330338130 core=5
job 23_POW_12 end 1787330358396
job 26_POW_24 started 1787330358396 core=0
job 16_POW_24 end 1787330388192
job 31_POW_24 started 1787330388192 core=4
job 26_POW_24 end 1787330422829
job 4_SUM_108 started 1787330422829 core=0
job 3_SUM_108 end 1787330437167
job 35_POW_24 started 1787330437168 core=5
job 31_POW_24 end 1787330453920
job 52_POW_12 started 1787330453921 core=4
job 24_COPY_84 end 1787330465016
job 40_COPY_84 started 1787330465016 core=1
job 52_POW_12 end 1787330486675
job 9_SUM_84 started 1787330486675 core=4
job 4_SUM_108 end 1787330488584
job 59_POW_36 started 1787330488584 core=0
job 35_POW_24 end 1787330529446
job 63_POW_24 started 1787330529447 core=5
job 9_SUM_84 end 1787330537252
job 25_SUM_108 started 1787330537252 core=4
job 59_POW_36 end 1787330587854
job 57_COPY_84 started 1787330587854 core=0
job 40_COPY_84 end 1787330599788
job 86_POW_36 started 1787330599788 core=1
job 25_SUM_108 end 1787330608997
job 91_POW_12 started 1787330608997 core=4
job 63_POW_24 end 1787330614593
job 29_SUM_108 started 1787330614593 core=5
job 91_POW_12 end 1787330654691
job 19_SQRTX_12 started 1787330654691 core=4
job 19_SQRTX_12 end 1787330678269
job 27_SQRTX_48 started 1787330678269 core=4
job 29_SUM_108 end 1787330678666
job 43_SUM_84 started 1787330678666 core=5
job 86_POW_36 end 1787330696418
job 60_SQRTX_48 started 1787330696418 core=1
job 57_COPY_84 end 1787330717970
job 20_ERF_12 started 1787330717971 core=0
job 43_SUM_84 end 1787330727141
job 21_ERF_24 started 1787330727142 core=5
job 20_ERF_12 end 1787330739693
job 34_ERF_48 started 1787330739693 core=0
job 27_SQRTX_48 end 1787330756922
job 75_COPY_60 started 1787330756922 core=4
job 60_SQRTX_48 end 1787330762110
job 74_SQRTX_48 started 1787330762111 core=1
job 21_ERF_24 end 1787330770320
job 51_ERF_12 started 1787330770320 core=5
job 51_ERF_12 end 1787330790932
job 61_ERF_24 started 1787330790932 core=5
job 74_SQRTX_48 end 1787330828171
job 96_COPY_60 started 1787330828171 core=1
job 61_ERF_24 end 1787330834005
job 73_ERF_12 started 1787330834005 core=5
job 75_COPY_60 end 1787330839441
job 45_SUM_84 started 1787330839441 core=4
job 34_ERF_48 end 1787330853505
job 50_SUM_132 started 1787330853506 core=0
job 73_ERF_12 end 1787330869256
job 53_SUM_108 started 1787330869257 core=5
job 45_SUM_84 end 1787330893646
job 54_SUM_132 started 1787330893646 core=4
job 96_COPY_60 end 1787330925132
job 55_SUM_84 started 1787330925132 core=1
job 50_SUM_132 end 1787330944960
job 56_SUM_84 started 1787330944960 core=0
job 53_SUM_108 end 1787330968274
job 58_SUM_132 started 1787330968274 core=5
job 55_SUM_84 end 1787330988634
job 62_SUM_108 started 1787330988634 core=1
job 54_SUM_132 end 1787330989345
job 64_SUM_108 started 1787330989345 core=4
job 56_SUM_84 end 1787331008471
job 65_SUM_84 started 1787331008472 core=0
job 58_SUM_132 end 1787331067875
job 66_SUM_132 started 1787331067875 core=5
job 62_SUM_108 end 1787331070066
job 68_SUM_108 started 1787331070066 core=1
job 64_SUM_108 end 1787331070509
job 83_SUM_108 started 1787331070509 core=4
job 65_SUM_84 end 1787331071992
job 84_SUM_132 started 1787331071992 core=0
job 68_SUM_108 end 1787331151141
job 90_SUM_84 started 1787331151141 core=1
job 83_SUM_108 end 1787331151951
job 94_SUM_132 started 1787331151951 core=4
job 66_SUM_132 end 1787331167277
job 97_SUM_132 started 1787331167278 core=5
job 84_SUM_132 end 1787331172023
job 71_COPY_84 started 1787331172023 core=0
job 90_SUM_84 end 1787331210304
job 76_COPY_84 started 1787331210305 core=1
job 97_SUM_132 end 1787331275167
job 79_COPY_84 started 1787331275167 core=5
job 94_SUM_132 end 1787331276702
job 80_COPY_84 started 1787331276702 core=4
job 71_COPY_84 end 1787331308377
job 87_COPY_84 started 1787331308380 core=0
job 76_COPY_84 end 1787331351194
job 1_DOT_36 started 1787331351194 core=1
job 1_DOT_36 end 1787331406094
job 5_DOT_84 started 1787331406095 core=1
job 79_COPY_84 end 1787331420216
job 7_DOT_36 started 1787331420217 core=5
job 80_COPY_84 end 1787331438769
job 11_DOT_84 started 1787331438770 core=4
job 7_DOT_36 end 1787331468670
job 15_DOT_36 started 1787331468671 core=5
job 87_COPY_84 end 1787331473142
job 17_DOT_84 started 1787331473142 core=0
job 15_DOT_36 end 1787331522680
job 30_DOT_36 started 1787331522681 core=5
job 5_DOT_84 end 1787331526843
job 37_DOT_84 started 1787331526843 core=1
job 11_DOT_84 end 1787331571425
job 42_DOT_84 started 1787331571425 core=4
job 30_DOT_36 end 1787331577279
job 48_DOT_36 started 1787331577279 core=5
job 17_DOT_84 end 1787331601430
job 70_DOT_84 started 1787331601431 core=0
job 48_DOT_36 end 1787331631729
job 72_DOT_36 started 1787331631729 core=5
job 37_DOT_84 end 1787331654198
job 77_DOT_36 started 1787331654198 core=1
job 72_DOT_36 end 1787331686732
job 81_DOT_84 started 1787331686732 core=5
job 42_DOT_84 end 1787331698360
job 89_DOT_84 started 1787331698360 core=4
job 77_DOT_36 end 1787331708743
job 92_DOT_36 started 1787331708743 core=1
job 70_DOT_84 end 1787331729402
job 95_DOT_84 started 1787331729402 core=0
job 92_DOT_36 end 1787331763167
job 88_XPY_48 started 1787331763167 core=1
job 89_DOT_84 end 1787331820606
job 47_XPY_60 started 1787331820606 core=4
job 81_DOT_84 end 1787331822741
job 69_XPY_60 started 1787331822742 core=5
job 95_DOT_84 end 1787331852666
job 85_XPY_60 started 1787331852666 core=0
job 88_XPY_48 end 1787331855536
job 69_XPY_60 end 1787331897090
job 47_XPY_60 end 1787331911470
job 85_XPY_60 end 1787331921903
  итерация 0: 1959089 ms
  среднее по 1 итерациям: 1959089 ms
=== Выполняется проект: no_po_memory_heavy_20.txt (100 работ, перестановка ORDER) ===
fake 3 started 1787331921904 delay_ms=1
fake 2 started 1787331921904 delay_ms=0
fake 2 end 1787331921904
fake 0 started 1787331921904 delay_ms=0
fake 0 end 1787331921904
fake 1 started 1787331921904 delay_ms=0
fake 1 end 1787331921904
job 19_XPY_48 started 1787331921904 core=4
job 6_XPY_60 started 1787331921904 core=0
job 0_TGAMMA_60 started 1787331921904 core=5
fake 3 end 1787331921905
job 5_TGAMMA_60 started 1787331921905 core=1
job 5_TGAMMA_60 end 1787331956113
job 12_TGAMMA_60 started 1787331956114 core=1
job 0_TGAMMA_60 end 1787331956172
job 20_TGAMMA_60 started 1787331956172 core=5
job 19_XPY_48 end 1787331975096
job 30_XPY_48 started 1787331975098 core=4
job 6_XPY_60 end 1787331988536
job 31_XPY_48 started 1787331988537 core=0
job 12_TGAMMA_60 end 1787331990327
job 21_TGAMMA_12 started 1787331990327 core=1
job 20_TGAMMA_60 end 1787331990368
job 29_TGAMMA_120 started 1787331990368 core=5
job 21_TGAMMA_12 end 1787331997150
job 32_TGAMMA_120 started 1787331997150 core=1
job 30_XPY_48 end 1787332028325
job 45_XPY_48 started 1787332028325 core=4
job 31_XPY_48 end 1787332041985
job 59_XPY_48 started 1787332041985 core=0
job 29_TGAMMA_120 end 1787332058786
job 34_TGAMMA_12 started 1787332058786 core=5
job 32_TGAMMA_120 end 1787332065610
job 34_TGAMMA_12 end 1787332065610
job 47_TGAMMA_60 started 1787332065610 core=5
job 51_TGAMMA_12 started 1787332065610 core=1
job 51_TGAMMA_12 end 1787332072451
job 56_TGAMMA_60 started 1787332072451 core=1
job 45_XPY_48 end 1787332081518
job 61_XPY_48 started 1787332081518 core=4
job 59_XPY_48 end 1787332095383
job 71_XPY_48 started 1787332095383 core=0
job 47_TGAMMA_60 end 1787332099828
job 66_TGAMMA_120 started 1787332099828 core=5
job 56_TGAMMA_60 end 1787332106685
job 92_TGAMMA_12 started 1787332106685 core=1
job 92_TGAMMA_12 end 1787332113519
job 9_POW_12 started 1787332113519 core=1
job 9_POW_12 end 1787332139896
job 4_SUM_132 started 1787332139896 core=1
job 61_XPY_48 end 1787332142092
job 74_XPY_48 started 1787332142092 core=4
job 71_XPY_48 end 1787332167190
job 13_POW_36 started 1787332167190 core=0
job 66_TGAMMA_120 end 1787332168870
job 33_POW_36 started 1787332168870 core=5
job 4_SUM_132 end 1787332206686
job 23_COPY_84 started 1787332206686 core=1
job 74_XPY_48 end 1787332219900
job 7_SUM_84 started 1787332219901 core=4
job 7_SUM_84 end 1787332270239
job 53_POW_36 started 1787332270239 core=4
job 13_POW_36 end 1787332283572
job 8_SUM_132 started 1787332283572 core=0
job 33_POW_36 end 1787332289262
job 58_POW_24 started 1787332289262 core=5
job 23_COPY_84 end 1787332339447
job 27_COPY_84 started 1787332339447 core=1
job 8_SUM_132 end 1787332362722
job 63_POW_24 started 1787332362722 core=0
job 53_POW_36 end 1787332367858
job 14_SUM_108 started 1787332367858 core=4
job 58_POW_24 end 1787332381053
job 68_POW_24 started 1787332381053 core=5
job 63_POW_24 end 1787332428522
job 77_POW_36 started 1787332428522 core=0
job 14_SUM_108 end 1787332432645
job 16_SUM_108 started 1787332432645 core=4
job 68_POW_24 end 1787332473697
job 81_POW_12 started 1787332473697 core=5
job 27_COPY_84 end 1787332474570
job 37_COPY_84 started 1787332474571 core=1
job 16_SUM_108 end 1787332497147
job 85_POW_36 started 1787332497147 core=4
job 81_POW_12 end 1787332517982
job 17_SUM_84 started 1787332517982 core=5
job 77_POW_36 end 1787332525993
job 86_POW_36 started 1787332525993 core=0
job 85_POW_36 end 1787332592506
job 18_SUM_132 started 1787332592507 core=4
job 17_SUM_84 end 1787332592913
job 57_COPY_84 started 1787332592913 core=5
job 37_COPY_84 end 1787332604127
job 93_POW_24 started 1787332604128 core=1
job 86_POW_36 end 1787332623172
job 35_SQRTX_12 started 1787332623172 core=0
job 35_SQRTX_12 end 1787332638853
job 22_SUM_132 started 1787332638854 core=0
job 18_SUM_132 end 1787332674988
job 3_ERF_12 started 1787332674988 core=4
job 93_POW_24 end 1787332697678
job 24_ERF_24 started 1787332697678 core=1
job 3_ERF_12 end 1787332699399
job 25_ERF_12 started 1787332699400 core=4
job 22_SUM_132 end 1787332720940
job 54_ERF_12 started 1787332720940 core=0
job 25_ERF_12 end 1787332723462
job 64_ERF_12 started 1787332723462 core=4
job 57_COPY_84 end 1787332729337
job 67_ERF_48 started 1787332729338 core=5
job 54_ERF_12 end 1787332743053
job 91_ERF_24 started 1787332743053 core=0
job 64_ERF_12 end 1787332745503
job 36_SUM_132 started 1787332745503 core=4
job 24_ERF_24 end 1787332753311
job 97_ERF_12 started 1787332753311 core=1
job 97_ERF_12 end 1787332777594
job 99_ERF_48 started 1787332777595 core=1
job 91_ERF_24 end 1787332792082
job 39_SUM_108 started 1787332792082 core=0
job 36_SUM_132 end 1787332825800
job 40_SUM_108 started 1787332825800 core=4
job 67_ERF_48 end 1787332827143
job 41_SUM_84 started 1787332827143 core=5
job 39_SUM_108 end 1787332865087
job 43_SUM_108 started 1787332865087 core=0
job 99_ERF_48 end 1787332880617
job 49_SUM_108 started 1787332880618 core=1
job 41_SUM_84 end 1787332890622
job 50_SUM_132 started 1787332890622 core=5
job 40_SUM_108 end 1787332902195
job 52_SUM_132 started 1787332902195 core=4
job 43_SUM_108 end 1787332945334
job 62_SUM_108 started 1787332945334 core=0
job 49_SUM_108 end 1787332962121
job 70_SUM_84 started 1787332962121 core=1
job 50_SUM_132 end 1787332990003
job 72_SUM_108 started 1787332990004 core=5
job 52_SUM_132 end 1787333001538
job 76_SUM_132 started 1787333001538 core=4
job 70_SUM_84 end 1787333025651
job 78_SUM_132 started 1787333025651 core=1
job 62_SUM_108 end 1787333026837
job 82_SUM_132 started 1787333026837 core=0
job 72_SUM_108 end 1787333071395
job 83_SUM_132 started 1787333071395 core=5
job 76_SUM_132 end 1787333100895
job 84_SUM_132 started 1787333100896 core=4
job 78_SUM_132 end 1787333125382
job 87_SUM_132 started 1787333125382 core=1
job 82_SUM_132 end 1787333126645
job 89_SUM_132 started 1787333126646 core=0
job 83_SUM_132 end 1787333170963
job 90_SUM_84 started 1787333170963 core=5
job 84_SUM_132 end 1787333200323
job 94_SUM_84 started 1787333200323 core=4
job 87_SUM_132 end 1787333225027
job 2_COPY_60 started 1787333225027 core=1
job 89_SUM_132 end 1787333226342
job 11_COPY_60 started 1787333226343 core=0
job 90_SUM_84 end 1787333236683
job 28_COPY_60 started 1787333236683 core=5
job 94_SUM_84 end 1787333272052
job 46_COPY_60 started 1787333272052 core=4
job 11_COPY_60 end 1787333323387
job 48_COPY_60 started 1787333323387 core=0
job 2_COPY_60 end 1787333334698
job 88_COPY_60 started 1787333334698 core=1
job 28_COPY_60 end 1787333349235
job 95_COPY_60 started 1787333349235 core=5
job 46_COPY_60 end 1787333382357
job 65_COPY_84 started 1787333382357 core=4
job 48_COPY_60 end 1787333433853
job 73_COPY_84 started 1787333433856 core=0
job 88_COPY_60 end 1787333445187
job 96_COPY_84 started 1787333445188 core=1
job 95_COPY_60 end 1787333459516
job 1_DOT_84 started 1787333459516 core=5
job 65_COPY_84 end 1787333542329
job 10_DOT_84 started 1787333542330 core=4
job 96_COPY_84 end 1787333585300
job 15_DOT_84 started 1787333585300 core=1
job 1_DOT_84 end 1787333589323
job 26_DOT_36 started 1787333589323 core=5
job 73_COPY_84 end 1787333591498
job 38_DOT_36 started 1787333591498 core=0
job 26_DOT_36 end 1787333643880
job 42_DOT_36 started 1787333643880 core=5
job 38_DOT_36 end 1787333646420
job 44_DOT_84 started 1787333646420 core=0
job 10_DOT_84 end 1787333673376
job 55_DOT_84 started 1787333673377 core=4
job 42_DOT_36 end 1787333697920
job 60_DOT_84 started 1787333697921 core=5
job 15_DOT_84 end 1787333712185
job 69_DOT_36 started 1787333712185 core=1
job 69_DOT_36 end 1787333767257
job 75_DOT_84 started 1787333767257 core=1
job 44_DOT_84 end 1787333773954
job 80_DOT_84 started 1787333773955 core=0
job 55_DOT_84 end 1787333800288
job 79_XPY_48 started 1787333800288 core=4
job 60_DOT_84 end 1787333823566
job 98_XPY_48 started 1787333823566 core=5
job 79_XPY_48 end 1787333885197
job 80_DOT_84 end 1787333897265
job 75_DOT_84 end 1787333897583
job 98_XPY_48 end 1787333900144
  итерация 0: 1978240 ms
  среднее по 1 итерациям: 1978240 ms
=== Выполняется проект: no_po_memory_heavy_21.txt (100 работ, перестановка ORDER) ===
fake 3 started 1787333900145 delay_ms=1
fake 0 started 1787333900145 delay_ms=0
fake 0 end 1787333900145
fake 1 started 1787333900145 delay_ms=0
fake 1 end 1787333900145
fake 2 started 1787333900145 delay_ms=0
fake 2 end 1787333900145
job 27_XPY_60 started 1787333900145 core=1
job 20_XPY_60 started 1787333900145 core=5
job 1_TGAMMA_12 started 1787333900145 core=0
fake 3 end 1787333900146
job 2_TGAMMA_60 started 1787333900146 core=4
job 1_TGAMMA_12 end 1787333906981
job 6_TGAMMA_60 started 1787333906982 core=0
job 2_TGAMMA_60 end 1787333934343
job 9_TGAMMA_60 started 1787333934343 core=4
job 6_TGAMMA_60 end 1787333941231
job 16_TGAMMA_60 started 1787333941231 core=0
job 27_XPY_60 end 1787333967000
job 50_XPY_60 started 1787333967001 core=1
job 20_XPY_60 end 1787333967243
job 25_XPY_48 started 1787333967243 core=5
job 9_TGAMMA_60 end 1787333968518
job 17_TGAMMA_120 started 1787333968518 core=4
job 16_TGAMMA_60 end 1787333975471
job 19_TGAMMA_12 started 1787333975471 core=0
job 19_TGAMMA_12 end 1787333982301
job 32_TGAMMA_12 started 1787333982302 core=0
job 32_TGAMMA_12 end 1787333989137
job 39_TGAMMA_60 started 1787333989137 core=0
job 25_XPY_48 end 1787334020781
job 28_XPY_48 started 1787334020781 core=5
job 39_TGAMMA_60 end 1787334023404
job 41_TGAMMA_120 started 1787334023404 core=0
job 50_XPY_60 end 1787334033895
job 30_XPY_48 started 1787334033895 core=1
job 17_TGAMMA_120 end 1787334036895
job 61_TGAMMA_12 started 1787334036895 core=4
job 61_TGAMMA_12 end 1787334043708
job 63_TGAMMA_120 started 1787334043708 core=4
job 28_XPY_48 end 1787334074425
job 31_XPY_48 started 1787334074425 core=5
job 30_XPY_48 end 1787334087563
job 73_XPY_60 started 1787334087563 core=1
job 41_TGAMMA_120 end 1787334091921
job 72_TGAMMA_60 started 1787334091921 core=0
job 63_TGAMMA_120 end 1787334112091
job 85_TGAMMA_120 started 1787334112091 core=4
job 72_TGAMMA_60 end 1787334126182
job 8_DOT_84 started 1787334126182 core=0
job 31_XPY_48 end 1787334129103
job 0_POW_24 started 1787334129103 core=5
job 73_XPY_60 end 1787334166000
job 26_DOT_84 started 1787334166001 core=1
job 85_TGAMMA_120 end 1787334181569
job 3_POW_36 started 1787334181569 core=4
job 8_DOT_84 end 1787334202427
job 29_POW_24 started 1787334202427 core=0
job 0_POW_24 end 1787334218891
job 11_SUM_108 started 1787334218891 core=5
job 26_DOT_84 end 1787334263195
job 4_COPY_84 started 1787334263195 core=1
job 29_POW_24 end 1787334271880
job 37_POW_12 started 1787334271880 core=0
job 3_POW_36 end 1787334288150
job 12_SUM_132 started 1787334288150 core=4
job 37_POW_12 end 1787334305443
job 46_POW_36 started 1787334305443 core=0
job 11_SUM_108 end 1787334314448
job 51_POW_36 started 1787334314448 core=5
job 12_SUM_132 end 1787334368245
job 10_COPY_84 started 1787334368245 core=4
job 4_COPY_84 end 1787334393077
job 18_SUM_132 started 1787334393077 core=1
job 46_POW_36 end 1787334416713
job 59_POW_12 started 1787334416713 core=0
job 51_POW_36 end 1787334434604
job 67_POW_36 started 1787334434604 core=5
job 59_POW_12 end 1787334463227
job 70_POW_12 started 1787334463228 core=0
job 18_SUM_132 end 1787334472570
job 21_SUM_84 started 1787334472570 core=1
job 10_COPY_84 end 1787334500733
job 79_POW_36 started 1787334500734 core=4
job 70_POW_12 end 1787334507398
job 13_COPY_84 started 1787334507398 core=0
job 21_SUM_84 end 1787334522926
job 22_SUM_132 started 1787334522926 core=1
job 67_POW_36 end 1787334533837
job 99_POW_12 started 1787334533838 core=5
job 99_POW_12 end 1787334566791
job 48_SQRTX_48 started 1787334566792 core=5
job 22_SUM_132 end 1787334603006
job 74_SQRTX_48 started 1787334603007 core=1
job 48_SQRTX_48 end 1787334629495
job 5_ERF_12 started 1787334629495 core=5
job 79_POW_36 end 1787334630958
job 36_DOT_84 started 1787334630959 core=4
job 13_COPY_84 end 1787334636522
job 7_ERF_24 started 1787334636522 core=0
job 5_ERF_12 end 1787334651776
job 90_SQRTX_48 started 1787334651777 core=5
job 74_SQRTX_48 end 1787334669124
job 23_ERF_24 started 1787334669124 core=1
job 7_ERF_24 end 1787334693701
job 24_ERF_24 started 1787334693701 core=0
job 23_ERF_24 end 1787334714870
job 14_COPY_60 started 1787334714871 core=1
job 36_DOT_84 end 1787334715407
job 34_ERF_12 started 1787334715408 core=4
job 90_SQRTX_48 end 1787334723544
job 54_ERF_48 started 1787334723545 core=5
job 34_ERF_12 end 1787334737400
job 71_ERF_48 started 1787334737400 core=4
job 24_ERF_24 end 1787334742965
job 33_SUM_132 started 1787334742965 core=0
job 14_COPY_60 end 1787334804975
job 38_SUM_108 started 1787334804975 core=1
job 33_SUM_132 end 1787334822421
job 42_SUM_84 started 1787334822421 core=0
job 71_ERF_48 end 1787334835414
job 43_SUM_132 started 1787334835414 core=4
job 54_ERF_48 end 1787334845978
job 49_SUM_84 started 1787334845978 core=5
job 38_SUM_108 end 1787334881252
job 58_SUM_132 started 1787334881252 core=1
job 42_SUM_84 end 1787334883274
job 60_SUM_84 started 1787334883274 core=0
job 49_SUM_84 end 1787334909586
job 64_SUM_108 started 1787334909587 core=5
job 43_SUM_132 end 1787334933637
job 75_SUM_108 started 1787334933638 core=4
job 60_SUM_84 end 1787334946926
job 80_SUM_108 started 1787334946926 core=0
job 58_SUM_132 end 1787334980829
job 94_SUM_84 started 1787334980829 core=1
job 64_SUM_108 end 1787334990931
job 96_SUM_84 started 1787334990932 core=5
job 75_SUM_108 end 1787335014966
job 15_COPY_60 started 1787335014966 core=4
job 80_SUM_108 end 1787335034198
job 45_COPY_60 started 1787335034198 core=0
job 94_SUM_84 end 1787335041170
job 53_COPY_60 started 1787335041170 core=1
job 96_SUM_84 end 1787335052875
job 56_COPY_60 started 1787335052876 core=5
job 15_COPY_60 end 1787335124740
job 57_COPY_60 started 1787335124743 core=4
job 45_COPY_60 end 1787335146917
job 65_COPY_60 started 1787335146917 core=0
job 53_COPY_60 end 1787335147887
job 66_COPY_60 started 1787335147888 core=1
job 56_COPY_60 end 1787335163379
job 69_COPY_60 started 1787335163380 core=5
job 57_COPY_60 end 1787335234833
job 78_COPY_60 started 1787335234834 core=4
job 65_COPY_60 end 1787335257864
job 95_COPY_60 started 1787335257864 core=0
job 66_COPY_60 end 1787335258177
job 35_COPY_84 started 1787335258177 core=1
job 69_COPY_60 end 1787335273803
job 40_COPY_84 started 1787335273803 core=5
job 78_COPY_60 end 1787335344828
job 55_COPY_84 started 1787335344828 core=4
job 95_COPY_60 end 1787335368497
job 76_COPY_84 started 1787335368497 core=0
job 35_COPY_84 end 1787335412435
job 84_COPY_84 started 1787335412435 core=1
job 40_COPY_84 end 1787335428285
job 86_COPY_84 started 1787335428286 core=5
job 55_COPY_84 end 1787335498808
job 93_COPY_84 started 1787335498808 core=4
job 76_COPY_84 end 1787335523592
job 44_DOT_36 started 1787335523593 core=0
job 84_COPY_84 end 1787335570147
job 47_DOT_36 started 1787335570147 core=1
job 44_DOT_36 end 1787335579280
job 52_DOT_84 started 1787335579281 core=0
job 86_COPY_84 end 1787335585175
job 62_DOT_36 started 1787335585175 core=5
job 47_DOT_36 end 1787335621943
job 68_DOT_36 started 1787335621945 core=1
job 62_DOT_36 end 1787335635289
job 77_DOT_36 started 1787335635289 core=5
job 93_COPY_84 end 1787335647499
job 81_DOT_36 started 1787335647499 core=4
job 68_DOT_36 end 1787335674149
job 82_DOT_84 started 1787335674150 core=1
job 77_DOT_36 end 1787335689032
job 83_DOT_84 started 1787335689033 core=5
job 81_DOT_36 end 1787335701407
job 87_DOT_36 started 1787335701408 core=4
job 52_DOT_84 end 1787335717187
job 88_DOT_36 started 1787335717187 core=0
job 87_DOT_36 end 1787335756323
job 89_DOT_84 started 1787335756324 core=4
job 88_DOT_36 end 1787335772574
job 91_DOT_84 started 1787335772574 core=0
job 82_DOT_84 end 1787335800973
job 92_DOT_84 started 1787335800973 core=1
job 83_DOT_84 end 1787335816163
job 97_DOT_36 started 1787335816163 core=5
job 97_DOT_36 end 1787335871195
job 98_DOT_36 started 1787335871196 core=5
job 89_DOT_84 end 1787335883627
job 91_DOT_84 end 1787335892703
job 98_DOT_36 end 1787335910088
job 92_DOT_84 end 1787335911014
  итерация 0: 2010869 ms
  среднее по 1 итерациям: 2010869 ms
=== Выполняется проект: no_po_memory_heavy_22.txt (100 работ, перестановка ORDER) ===
fake 3 started 1787335911015 delay_ms=1
fake 2 started 1787335911015 delay_ms=0
fake 2 end 1787335911015
fake 0 started 1787335911015 delay_ms=0
fake 0 end 1787335911015
fake 1 started 1787335911015 delay_ms=0
fake 1 end 1787335911015
job 79_XPY_60 started 1787335911015 core=5
job 8_XPY_60 started 1787335911015 core=1
job 14_TGAMMA_120 started 1787335911015 core=0
fake 3 end 1787335911016
job 19_TGAMMA_12 started 1787335911016 core=4
job 19_TGAMMA_12 end 1787335917847
job 25_TGAMMA_120 started 1787335917847 core=4
job 8_XPY_60 end 1787335977605
job 1_XPY_48 started 1787335977605 core=1
job 79_XPY_60 end 1787335977651
job 27_XPY_48 started 1787335977651 core=5
job 14_TGAMMA_120 end 1787335979513
job 38_TGAMMA_60 started 1787335979514 core=0
job 25_TGAMMA_120 end 1787335986305
job 40_TGAMMA_60 started 1787335986305 core=4
job 38_TGAMMA_60 end 1787336013770
job 58_TGAMMA_120 started 1787336013770 core=0
job 40_TGAMMA_60 end 1787336020541
job 68_TGAMMA_12 started 1787336020542 core=4
job 68_TGAMMA_12 end 1787336027363
job 45_XPY_48 started 1787336027363 core=4
job 1_XPY_48 end 1787336033348
job 51_XPY_48 started 1787336033348 core=1
job 27_XPY_48 end 1787336033649
job 86_TGAMMA_120 started 1787336033650 core=5
job 45_XPY_48 end 1787336080148
job 63_XPY_48 started 1787336080148 core=4
job 58_TGAMMA_120 end 1787336084171
job 80_XPY_48 started 1787336084171 core=0
job 51_XPY_48 end 1787336086202
job 97_TGAMMA_60 started 1787336086202 core=1
job 86_TGAMMA_120 end 1787336103892
job 98_TGAMMA_60 started 1787336103892 core=5
job 97_TGAMMA_60 end 1787336120403
job 10_POW_12 started 1787336120403 core=1
job 98_TGAMMA_60 end 1787336138189
job 84_XPY_48 started 1787336138189 core=5
job 63_XPY_48 end 1787336138723
job 13_SUM_108 started 1787336138724 core=4
job 80_XPY_48 end 1787336145044
job 28_POW_36 started 1787336145044 core=0
job 10_POW_12 end 1787336153959
job 29_POW_24 started 1787336153959 core=1
job 13_SUM_108 end 1787336205848
job 22_COPY_84 started 1787336205848 core=4
job 84_XPY_48 end 1787336210790
job 17_SUM_132 started 1787336210790 core=5
job 29_POW_24 end 1787336240080
job 30_POW_12 started 1787336240081 core=1
job 28_POW_36 end 1787336258339
job 32_POW_12 started 1787336258339 core=0
job 30_POW_12 end 1787336273003
job 33_POW_24 started 1787336273003 core=1
job 17_SUM_132 end 1787336290334
job 41_POW_12 started 1787336290334 core=5
job 32_POW_12 end 1787336303660
job 20_SUM_84 started 1787336303661 core=0
job 41_POW_12 end 1787336321760
job 43_POW_36 started 1787336321760 core=5
job 22_COPY_84 end 1787336335858
job 74_COPY_84 started 1787336335858 core=4
job 33_POW_24 end 1787336337032
job 55_POW_36 started 1787336337032 core=1
job 20_SUM_84 end 1787336381832
job 23_SUM_84 started 1787336381832 core=0
job 43_POW_36 end 1787336417787
job 24_SUM_132 started 1787336417788 core=5
job 55_POW_36 end 1787336434271
job 62_POW_12 started 1787336434271 core=1
job 74_COPY_84 end 1787336460511
job 90_COPY_84 started 1787336460512 core=4
job 23_SUM_84 end 1787336464772
job 65_POW_36 started 1787336464773 core=0
job 62_POW_12 end 1787336468313
job 67_POW_12 started 1787336468313 core=1
job 24_SUM_132 end 1787336498693
job 76_POW_24 started 1787336498694 core=5
job 67_POW_12 end 1787336501193
job 26_SUM_132 started 1787336501193 core=1
job 76_POW_24 end 1787336564879
job 83_POW_36 started 1787336564879 core=5
job 26_SUM_132 end 1787336580500
job 96_POW_12 started 1787336580501 core=1
job 90_COPY_84 end 1787336594248
job 95_COPY_84 started 1787336594248 core=4
job 65_POW_36 end 1787336601582
job 31_SUM_132 started 1787336601582 core=0
job 96_POW_12 end 1787336611429
job 4_SQRTX_12 started 1787336611429 core=1
job 4_SQRTX_12 end 1787336627679
job 42_SQRTX_12 started 1787336627679 core=1
job 42_SQRTX_12 end 1787336643931
job 87_SQRTX_12 started 1787336643931 core=1
job 83_POW_36 end 1787336659159
job 91_SQRTX_12 started 1787336659159 core=5
job 87_SQRTX_12 end 1787336660148
job 2_SQRTX_48 started 1787336660149 core=1
job 91_SQRTX_12 end 1787336674768
job 9_ERF_24 started 1787336674769 core=5
job 95_COPY_84 end 1787336712174
job 36_ERF_12 started 1787336712174 core=4
job 31_SUM_132 end 1787336713079
job 0_COPY_60 started 1787336713080 core=0
job 9_ERF_24 end 1787336718045
job 59_ERF_24 started 1787336718046 core=5
job 2_SQRTX_48 end 1787336726792
job 85_ERF_24 started 1787336726793 core=1
job 36_ERF_12 end 1787336742733
job 93_ERF_12 started 1787336742734 core=4
job 59_ERF_24 end 1787336761789
job 34_SUM_108 started 1787336761791 core=5
job 85_ERF_24 end 1787336772127
job 35_SUM_84 started 1787336772128 core=1
job 93_ERF_12 end 1787336775350
job 37_SUM_132 started 1787336775351 core=4
job 0_COPY_60 end 1787336803692
job 39_SUM_108 started 1787336803692 core=0
job 35_SUM_84 end 1787336831543
job 48_SUM_108 started 1787336831543 core=1
job 34_SUM_108 end 1787336836955
job 50_SUM_84 started 1787336836955 core=5
job 37_SUM_132 end 1787336882999
job 52_SUM_132 started 1787336882999 core=4
job 39_SUM_108 end 1787336885393
job 53_SUM_132 started 1787336885393 core=0
job 50_SUM_84 end 1787336900061
job 54_SUM_132 started 1787336900061 core=5
job 48_SUM_108 end 1787336912966
job 56_SUM_132 started 1787336912966 core=1
job 52_SUM_132 end 1787336982304
job 57_SUM_84 started 1787336982304 core=4
job 53_SUM_132 end 1787336985028
job 60_SUM_132 started 1787336985028 core=0
job 54_SUM_132 end 1787336999933
job 70_SUM_84 started 1787336999933 core=5
job 56_SUM_132 end 1787337012372
job 71_SUM_84 started 1787337012372 core=1
job 57_SUM_84 end 1787337045580
job 72_SUM_108 started 1787337045580 core=4
job 70_SUM_84 end 1787337063567
job 75_SUM_132 started 1787337063568 core=5
job 71_SUM_84 end 1787337075842
job 77_SUM_108 started 1787337075842 core=1
job 60_SUM_132 end 1787337084431
job 81_SUM_108 started 1787337084432 core=0
job 72_SUM_108 end 1787337126816
job 88_SUM_108 started 1787337126816 core=4
job 77_SUM_108 end 1787337156951
job 89_SUM_84 started 1787337156952 core=1
job 75_SUM_132 end 1787337163531
job 92_SUM_108 started 1787337163532 core=5
job 81_SUM_108 end 1787337166067
job 94_SUM_132 started 1787337166068 core=0
job 88_SUM_108 end 1787337208110
job 99_SUM_108 started 1787337208110 core=4
job 89_SUM_84 end 1787337220092
job 5_COPY_60 started 1787337220093 core=1
job 92_SUM_108 end 1787337256007
job 7_COPY_60 started 1787337256008 core=5
job 94_SUM_132 end 1787337261324
job 11_COPY_60 started 1787337261324 core=0
job 99_SUM_108 end 1787337289536
job 46_COPY_60 started 1787337289537 core=4
job 5_COPY_60 end 1787337329079
job 47_COPY_60 started 1787337329080 core=1
job 11_COPY_60 end 1787337363041
job 49_COPY_60 started 1787337363042 core=0
job 7_COPY_60 end 1787337369086
job 66_COPY_60 started 1787337369087 core=5
job 46_COPY_60 end 1787337399635
job 3_DOT_36 started 1787337399635 core=4
job 47_COPY_60 end 1787337442340
job 6_DOT_84 started 1787337442341 core=1
job 3_DOT_36 end 1787337454807
job 12_DOT_36 started 1787337454807 core=4
job 49_COPY_60 end 1787337465712
job 15_DOT_84 started 1787337465712 core=0
job 66_COPY_60 end 1787337481649
job 16_DOT_36 started 1787337481649 core=5
job 12_DOT_36 end 1787337508627
job 18_DOT_36 started 1787337508628 core=4
job 16_DOT_36 end 1787337536617
job 21_DOT_84 started 1787337536617 core=5
job 18_DOT_36 end 1787337562995
job 44_DOT_84 started 1787337562995 core=4
job 6_DOT_84 end 1787337573172
job 61_DOT_84 started 1787337573172 core=1
job 15_DOT_84 end 1787337591724
job 64_DOT_36 started 1787337591724 core=0
job 64_DOT_36 end 1787337646854
job 69_DOT_84 started 1787337646855 core=0
job 21_DOT_84 end 1787337664182
job 73_DOT_36 started 1787337664182 core=5
job 44_DOT_84 end 1787337690457
job 78_DOT_36 started 1787337690457 core=4
job 61_DOT_84 end 1787337700512
job 82_DOT_36 started 1787337700512 core=1
job 73_DOT_36 end 1787337719104
job 82_DOT_36 end 1787337738372
job 78_DOT_36 end 1787337741351
job 69_DOT_84 end 1787337750121
  итерация 0: 1839106 ms
  среднее по 1 итерациям: 1839106 ms
=== Выполняется проект: no_po_memory_heavy_23.txt (100 работ, перестановка ORDER) ===
fake 3 started 1787337750121 delay_ms=1
fake 2 started 1787337750121 delay_ms=0
fake 2 end 1787337750121
fake 0 started 1787337750121 delay_ms=0
fake 0 end 1787337750121
fake 1 started 1787337750121 delay_ms=0
fake 1 end 1787337750121
job 12_XPY_60 started 1787337750122 core=0
job 13_XPY_60 started 1787337750122 core=4
fake 3 end 1787337750122
job 31_TGAMMA_60 started 1787337750123 core=1
job 50_TGAMMA_120 started 1787337750123 core=5
job 31_TGAMMA_60 end 1787337784407
job 52_TGAMMA_60 started 1787337784408 core=1
job 13_XPY_60 end 1787337816692
job 16_XPY_60 started 1787337816692 core=4
job 12_XPY_60 end 1787337816911
job 0_XPY_48 started 1787337816912 core=0
job 50_TGAMMA_120 end 1787337818593
job 63_TGAMMA_60 started 1787337818594 core=5
job 52_TGAMMA_60 end 1787337818643
job 66_TGAMMA_120 started 1787337818643 core=1
job 63_TGAMMA_60 end 1787337852846
job 69_TGAMMA_12 started 1787337852847 core=5
job 69_TGAMMA_12 end 1787337859664
job 78_TGAMMA_120 started 1787337859664 core=5
job 0_XPY_48 end 1787337870416
job 18_XPY_48 started 1787337870416 core=0
job 16_XPY_60 end 1787337883148
job 54_XPY_48 started 1787337883148 core=4
job 66_TGAMMA_120 end 1787337887149
job 79_TGAMMA_60 started 1787337887149 core=1
job 79_TGAMMA_60 end 1787337921405
job 76_XPY_48 started 1787337921405 core=1
job 18_XPY_48 end 1787337925465
job 85_TGAMMA_120 started 1787337925465 core=0
job 78_TGAMMA_120 end 1787337928321
job 82_XPY_48 started 1787337928321 core=5
job 54_XPY_48 end 1787337938248
job 86_TGAMMA_12 started 1787337938248 core=4
job 86_TGAMMA_12 end 1787337945069
job 89_TGAMMA_60 started 1787337945069 core=4
job 76_XPY_48 end 1787337977314
job 17_XPY_60 started 1787337977314 core=1
job 89_TGAMMA_60 end 1787337979242
job 94_TGAMMA_120 started 1787337979242 core=4
job 82_XPY_48 end 1787337986892
job 25_XPY_60 started 1787337986892 core=5
job 85_TGAMMA_120 end 1787337994521
job 3_POW_36 started 1787337994521 core=0
job 94_TGAMMA_120 end 1787338047858
job 4_POW_12 started 1787338047858 core=4
job 17_XPY_60 end 1787338063553
job 28_SQRTX_12 started 1787338063553 core=1
job 25_XPY_60 end 1787338075357
job 45_XPY_60 started 1787338075357 core=5
job 3_POW_36 end 1787338077706
job 67_SQRTX_12 started 1787338077706 core=0
job 4_POW_12 end 1787338078202
job 5_POW_12 started 1787338078203 core=4
job 28_SQRTX_12 end 1787338087063
job 97_SQRTX_12 started 1787338087064 core=1
job 67_SQRTX_12 end 1787338093743
job 9_ERF_24 started 1787338093743 core=0
job 5_POW_12 end 1787338108978
job 15_POW_12 started 1787338108978 core=4
job 97_SQRTX_12 end 1787338110909
job 21_POW_36 started 1787338110909 core=1
job 9_ERF_24 end 1787338137703
job 49_XPY_60 started 1787338137703 core=0
job 15_POW_12 end 1787338141641
job 24_POW_36 started 1787338141641 core=4
job 45_XPY_60 end 1787338156658
job 27_ERF_24 started 1787338156658 core=5
job 27_ERF_24 end 1787338201090
job 35_ERF_48 started 1787338201090 core=5
job 49_XPY_60 end 1787338219519
job 61_XPY_60 started 1787338219520 core=0
job 21_POW_36 end 1787338220880
job 33_POW_12 started 1787338220881 core=1
job 33_POW_12 end 1787338252672
job 40_POW_36 started 1787338252673 core=1
job 24_POW_36 end 1787338280575
job 55_POW_24 started 1787338280576 core=4
job 35_ERF_48 end 1787338290003
job 62_XPY_60 started 1787338290003 core=5
job 61_XPY_60 end 1787338300986
job 43_ERF_48 started 1787338300986 core=0
job 55_POW_24 end 1787338350572
job 71_POW_24 started 1787338350572 core=4
job 62_XPY_60 end 1787338371514
job 72_POW_24 started 1787338371514 core=5
job 40_POW_36 end 1787338373611
job 80_XPY_60 started 1787338373611 core=1
job 43_ERF_48 end 1787338389901
job 88_POW_36 started 1787338389902 core=0
job 71_POW_24 end 1787338413490
job 53_ERF_48 started 1787338413491 core=4
job 80_XPY_60 end 1787338455153
job 95_POW_24 started 1787338455154 core=1
job 72_POW_24 end 1787338460847
job 98_XPY_60 started 1787338460847 core=5
job 88_POW_36 end 1787338484820
job 65_ERF_24 started 1787338484820 core=0
job 53_ERF_48 end 1787338502275
job 73_ERF_12 started 1787338502276 core=4
job 73_ERF_12 end 1787338524749
job 2_SUM_132 started 1787338524750 core=4
job 65_ERF_24 end 1787338530725
job 10_SUM_132 started 1787338530725 core=0
job 98_XPY_60 end 1787338544492
job 11_SUM_132 started 1787338544492 core=5
job 95_POW_24 end 1787338546734
job 14_SUM_132 started 1787338546735 core=1
job 2_SUM_132 end 1787338620335
job 19_SUM_132 started 1787338620335 core=4
job 10_SUM_132 end 1787338628291
job 22_SUM_84 started 1787338628291 core=0
job 11_SUM_132 end 1787338644193
job 23_SUM_84 started 1787338644193 core=5
job 14_SUM_132 end 1787338646165
job 30_SUM_84 started 1787338646165 core=1
job 22_SUM_84 end 1787338692024
job 34_SUM_132 started 1787338692026 core=0
job 23_SUM_84 end 1787338708440
job 36_SUM_132 started 1787338708440 core=5
job 30_SUM_84 end 1787338710255
job 37_SUM_132 started 1787338710255 core=1
job 19_SUM_132 end 1787338720198
job 41_SUM_132 started 1787338720198 core=4
job 34_SUM_132 end 1787338792315
job 51_SUM_132 started 1787338792316 core=0
job 36_SUM_132 end 1787338808439
job 56_SUM_84 started 1787338808439 core=5
job 37_SUM_132 end 1787338809774
job 58_SUM_108 started 1787338809774 core=1
job 41_SUM_132 end 1787338819763
job 59_SUM_84 started 1787338819763 core=4
job 56_SUM_84 end 1787338872170
job 64_SUM_132 started 1787338872170 core=5
job 59_SUM_84 end 1787338882904
job 70_SUM_84 started 1787338882905 core=4
job 58_SUM_108 end 1787338891275
job 74_SUM_108 started 1787338891275 core=1
job 51_SUM_132 end 1787338891981
job 75_SUM_132 started 1787338891981 core=0
job 70_SUM_84 end 1787338946347
job 81_SUM_108 started 1787338946347 core=4
job 64_SUM_132 end 1787338971816
job 87_SUM_84 started 1787338971816 core=5
job 74_SUM_108 end 1787338972467
job 92_SUM_84 started 1787338972468 core=1
job 75_SUM_132 end 1787338991783
job 93_SUM_108 started 1787338991784 core=0
job 81_SUM_108 end 1787339027659
job 96_SUM_132 started 1787339027659 core=4
job 87_SUM_84 end 1787339035147
job 6_COPY_60 started 1787339035147 core=5
job 92_SUM_84 end 1787339035551
job 7_COPY_60 started 1787339035551 core=1
job 93_SUM_108 end 1787339068345
job 8_COPY_60 started 1787339068345 core=0
job 96_SUM_132 end 1787339133512
job 26_COPY_60 started 1787339133513 core=4
job 6_COPY_60 end 1787339155092
job 38_COPY_60 started 1787339155092 core=5
job 7_COPY_60 end 1787339155342
job 1_COPY_84 started 1787339155342 core=1
job 8_COPY_60 end 1787339158875
job 42_COPY_84 started 1787339158876 core=0
job 26_COPY_60 end 1787339243394
job 44_COPY_84 started 1787339243395 core=4
job 38_COPY_60 end 1787339265300
job 46_COPY_84 started 1787339265300 core=5
job 1_COPY_84 end 1787339309347
job 47_COPY_84 started 1787339309347 core=1
job 42_COPY_84 end 1787339313546
job 48_COPY_84 started 1787339313547 core=0
job 44_COPY_84 end 1787339397487
job 77_COPY_84 started 1787339397487 core=4
job 46_COPY_84 end 1787339420089
job 90_COPY_84 started 1787339420090 core=5
job 47_COPY_84 end 1787339463676
job 91_COPY_84 started 1787339463676 core=1
job 48_COPY_84 end 1787339468261
job 20_DOT_84 started 1787339468261 core=0
job 77_COPY_84 end 1787339541462
job 29_DOT_84 started 1787339541462 core=4
job 90_COPY_84 end 1787339587943
job 32_DOT_84 started 1787339587944 core=5
job 20_DOT_84 end 1787339588747
job 39_DOT_36 started 1787339588748 core=0
job 91_COPY_84 end 1787339633228
job 57_DOT_36 started 1787339633228 core=1
job 39_DOT_36 end 1787339638801
job 60_DOT_36 started 1787339638801 core=0
job 29_DOT_84 end 1787339656607
job 68_DOT_36 started 1787339656607 core=4
job 57_DOT_36 end 1787339687731
job 83_DOT_36 started 1787339687731 core=1
job 60_DOT_36 end 1787339693751
job 84_DOT_36 started 1787339693751 core=0
job 68_DOT_36 end 1787339711346
job 99_XPY_60 started 1787339711346 core=4
job 32_DOT_84 end 1787339721975
job 83_DOT_36 end 1787339731381
job 84_DOT_36 end 1787339742128
job 99_XPY_60 end 1787339760655
  итерация 0: 2010533 ms
  среднее по 1 итерациям: 2010533 ms
=== Выполняется проект: no_po_memory_heavy_24.txt (100 работ, перестановка ORDER) ===
fake 3 started 1787339760655 delay_ms=1
fake 2 started 1787339760655 delay_ms=0
fake 2 end 1787339760655
fake 0 started 1787339760655 delay_ms=0
fake 0 end 1787339760655
fake 1 started 1787339760655 delay_ms=0
fake 1 end 1787339760655
job 8_XPY_60 started 1787339760656 core=4
job 12_XPY_60 started 1787339760656 core=0
fake 3 end 1787339760656
job 5_TGAMMA_12 started 1787339760656 core=1
job 7_TGAMMA_12 started 1787339760682 core=5
job 5_TGAMMA_12 end 1787339767472
job 10_TGAMMA_60 started 1787339767472 core=1
job 7_TGAMMA_12 end 1787339767510
job 23_TGAMMA_120 started 1787339767511 core=5
job 10_TGAMMA_60 end 1787339801661
job 30_TGAMMA_12 started 1787339801661 core=1
job 30_TGAMMA_12 end 1787339808480
job 38_TGAMMA_60 started 1787339808480 core=1
job 8_XPY_60 end 1787339827310
job 15_XPY_60 started 1787339827310 core=4
job 12_XPY_60 end 1787339827319
job 9_XPY_48 started 1787339827319 core=0
job 23_TGAMMA_120 end 1787339835923
job 51_TGAMMA_12 started 1787339835924 core=5
job 38_TGAMMA_60 end 1787339842692
job 57_TGAMMA_60 started 1787339842692 core=1
job 51_TGAMMA_12 end 1787339842756
job 65_TGAMMA_60 started 1787339842756 core=5
job 57_TGAMMA_60 end 1787339876913
job 21_XPY_48 started 1787339876913 core=1
job 65_TGAMMA_60 end 1787339876953
job 73_TGAMMA_120 started 1787339876953 core=5
job 9_XPY_48 end 1787339882977
job 82_TGAMMA_60 started 1787339882977 core=0
job 15_XPY_60 end 1787339896096
job 54_XPY_48 started 1787339896096 core=4
job 82_TGAMMA_60 end 1787339918501
job 85_TGAMMA_60 started 1787339918501 core=0
job 21_XPY_48 end 1787339929737
job 76_XPY_48 started 1787339929737 core=1
job 73_TGAMMA_120 end 1787339947786
job 79_XPY_48 started 1787339947787 core=5
job 54_XPY_48 end 1787339948619
job 88_TGAMMA_60 started 1787339948619 core=4
job 85_TGAMMA_60 end 1787339953816
job 94_TGAMMA_120 started 1787339953817 core=0
job 88_TGAMMA_60 end 1787339982797
job 34_XPY_60 started 1787339982797 core=4
job 76_XPY_48 end 1787339983225
job 1_POW_12 started 1787339983226 core=1
job 79_XPY_48 end 1787340005982
job 4_SUM_132 started 1787340005982 core=5
job 1_POW_12 end 1787340022646
job 20_POW_12 started 1787340022646 core=1
job 94_TGAMMA_120 end 1787340023989
job 24_POW_36 started 1787340023989 core=0
job 20_POW_12 end 1787340055411
job 33_POW_12 started 1787340055411 core=1
job 34_XPY_60 end 1787340061622
job 2_COPY_84 started 1787340061622 core=4
job 4_SUM_132 end 1787340085229
job 6_SUM_84 started 1787340085229 core=5
job 33_POW_12 end 1787340088366
job 46_POW_24 started 1787340088366 core=1
job 6_SUM_84 end 1787340135842
job 68_POW_12 started 1787340135842 core=5
job 46_POW_24 end 1787340153048
job 13_SUM_84 started 1787340153048 core=1
job 24_POW_36 end 1787340165475
job 77_POW_24 started 1787340165476 core=0
job 68_POW_12 end 1787340167768
job 81_POW_24 started 1787340167768 core=5
job 2_COPY_84 end 1787340194769
job 11_COPY_84 started 1787340194769 core=4
job 13_SUM_84 end 1787340203367
job 16_SUM_108 started 1787340203367 core=1
job 81_POW_24 end 1787340233847
job 91_POW_24 started 1787340233847 core=5
job 77_POW_24 end 1787340258175
job 95_POW_36 started 1787340258176 core=0
job 16_SUM_108 end 1787340268195
job 19_SUM_132 started 1787340268196 core=1
job 91_POW_24 end 1787340300138
job 14_COPY_84 started 1787340300138 core=5
job 11_COPY_84 end 1787340328215
job 96_POW_36 started 1787340328216 core=4
job 19_SUM_132 end 1787340372848
job 44_SQRTX_12 started 1787340372849 core=1
job 95_POW_36 end 1787340375069
job 26_SUM_84 started 1787340375069 core=0
job 44_SQRTX_12 end 1787340396115
job 71_SQRTX_12 started 1787340396115 core=1
job 71_SQRTX_12 end 1787340419692
job 90_SQRTX_12 started 1787340419692 core=1
job 96_POW_36 end 1787340423391
job 99_SQRTX_12 started 1787340423392 core=4
job 26_SUM_84 end 1787340424039
job 27_SUM_84 started 1787340424039 core=0
job 14_COPY_84 end 1787340426335
job 55_SQRTX_48 started 1787340426335 core=5
job 90_SQRTX_12 end 1787340437331
job 48_ERF_12 started 1787340437331 core=1
job 99_SQRTX_12 end 1787340439252
job 62_ERF_48 started 1787340439252 core=4
job 48_ERF_12 end 1787340459503
job 69_ERF_12 started 1787340459503 core=1
job 27_SUM_84 end 1787340470713
job 3_COPY_60 started 1787340470714 core=0
job 69_ERF_12 end 1787340481116
job 75_ERF_12 started 1787340481116 core=1
job 55_SQRTX_48 end 1787340494103
job 93_ERF_12 started 1787340494103 core=5
job 75_ERF_12 end 1787340502311
job 28_SUM_84 started 1787340502311 core=1
job 93_ERF_12 end 1787340517859
job 31_SUM_84 started 1787340517859 core=5
job 28_SUM_84 end 1787340555403
job 36_SUM_108 started 1787340555403 core=1
job 62_ERF_48 end 1787340563362
job 37_SUM_84 started 1787340563362 core=4
job 3_COPY_60 end 1787340563916
job 43_SUM_108 started 1787340563916 core=0
job 31_SUM_84 end 1787340573910
job 47_SUM_108 started 1787340573911 core=5
job 37_SUM_84 end 1787340626883
job 52_SUM_84 started 1787340626883 core=4
job 36_SUM_108 end 1787340635247
job 58_SUM_132 started 1787340635248 core=1
job 43_SUM_108 end 1787340645536
job 59_SUM_132 started 1787340645536 core=0
job 47_SUM_108 end 1787340655568
job 64_SUM_108 started 1787340655568 core=5
job 52_SUM_84 end 1787340689965
job 70_SUM_132 started 1787340689965 core=4
job 58_SUM_132 end 1787340734521
job 74_SUM_132 started 1787340734522 core=1
job 64_SUM_108 end 1787340737387
job 80_SUM_132 started 1787340737388 core=5
job 59_SUM_132 end 1787340744997
job 83_SUM_84 started 1787340744997 core=0
job 70_SUM_132 end 1787340789151
job 92_SUM_84 started 1787340789151 core=4
job 83_SUM_84 end 1787340808766
job 22_COPY_60 started 1787340808767 core=0
job 74_SUM_132 end 1787340831627
job 25_COPY_60 started 1787340831627 core=1
job 80_SUM_132 end 1787340835110
job 29_COPY_60 started 1787340835110 core=5
job 92_SUM_84 end 1787340861280
job 32_COPY_60 started 1787340861280 core=4
job 22_COPY_60 end 1787340911015
job 41_COPY_60 started 1787340911015 core=0
job 25_COPY_60 end 1787340942535
job 45_COPY_60 started 1787340942535 core=1
job 29_COPY_60 end 1787340947299
job 50_COPY_60 started 1787340947300 core=5
job 32_COPY_60 end 1787340971296
job 60_COPY_60 started 1787340971297 core=4
job 41_COPY_60 end 1787341021366
job 35_COPY_84 started 1787341021366 core=0
job 45_COPY_60 end 1787341052628
job 39_COPY_84 started 1787341052628 core=1
job 50_COPY_60 end 1787341057622
job 42_COPY_84 started 1787341057623 core=5
job 60_COPY_60 end 1787341081190
job 61_COPY_84 started 1787341081190 core=4
job 35_COPY_84 end 1787341176028
job 63_COPY_84 started 1787341176028 core=0
job 39_COPY_84 end 1787341206846
job 66_COPY_84 started 1787341206847 core=1
job 42_COPY_84 end 1787341212188
job 72_COPY_84 started 1787341212189 core=5
job 61_COPY_84 end 1787341235123
job 0_DOT_36 started 1787341235123 core=4
job 0_DOT_36 end 1787341289930
job 17_DOT_84 started 1787341289930 core=4
job 63_COPY_84 end 1787341318913
job 18_DOT_36 started 1787341318913 core=0
job 18_DOT_36 end 1787341366036
job 40_DOT_84 started 1787341366036 core=0
job 66_COPY_84 end 1787341376498
job 49_DOT_36 started 1787341376499 core=1
job 72_COPY_84 end 1787341383122
job 53_DOT_84 started 1787341383122 core=5
job 17_DOT_84 end 1787341406994
job 56_DOT_84 started 1787341406994 core=4
job 49_DOT_36 end 1787341432062
job 67_DOT_36 started 1787341432062 core=1
job 67_DOT_36 end 1787341486901
job 86_DOT_36 started 1787341486901 core=1
job 40_DOT_84 end 1787341491045
job 97_DOT_84 started 1787341491045 core=0
job 53_DOT_84 end 1787341511028
job 98_DOT_84 started 1787341511028 core=5
job 56_DOT_84 end 1787341534095
job 78_XPY_60 started 1787341534096 core=4
job 86_DOT_36 end 1787341540682
job 84_XPY_60 started 1787341540682 core=1
job 97_DOT_84 end 1787341625479
job 87_XPY_60 started 1787341625480 core=0
job 78_XPY_60 end 1787341639456
job 89_XPY_60 started 1787341639456 core=4
job 84_XPY_60 end 1787341643028
job 98_DOT_84 end 1787341643430
job 87_XPY_60 end 1787341691586
job 89_XPY_60 end 1787341695013
  итерация 0: 1934357 ms
  среднее по 1 итерациям: 1934357 ms
=== Выполняется проект: no_po_memory_heavy_25.txt (100 работ, перестановка ORDER) ===
fake 3 started 1787341695014 delay_ms=1
fake 2 started 1787341695014 delay_ms=0
fake 2 end 1787341695014
fake 0 started 1787341695014 delay_ms=0
fake 0 end 1787341695014
fake 1 started 1787341695014 delay_ms=0
fake 1 end 1787341695014
job 15_XPY_60 started 1787341695014 core=4
job 67_XPY_60 started 1787341695014 core=0
job 23_TGAMMA_120 started 1787341695014 core=5
fake 3 end 1787341695015
job 29_TGAMMA_60 started 1787341695015 core=1
job 29_TGAMMA_60 end 1787341729224
job 42_TGAMMA_12 started 1787341729224 core=1
job 42_TGAMMA_12 end 1787341736038
job 43_TGAMMA_60 started 1787341736039 core=1
job 15_XPY_60 end 1787341761449
job 73_XPY_60 started 1787341761449 core=4
job 67_XPY_60 end 1787341761837
job 3_XPY_48 started 1787341761837 core=0
job 23_TGAMMA_120 end 1787341763429
job 52_TGAMMA_120 started 1787341763429 core=5
job 43_TGAMMA_60 end 1787341770235
job 56_TGAMMA_60 started 1787341770235 core=1
job 56_TGAMMA_60 end 1787341804463
job 59_TGAMMA_120 started 1787341804463 core=1
job 3_XPY_48 end 1787341815273
job 38_XPY_48 started 1787341815273 core=0
job 73_XPY_60 end 1787341827753
job 49_XPY_48 started 1787341827754 core=4
job 52_TGAMMA_120 end 1787341831835
job 68_TGAMMA_12 started 1787341831835 core=5
job 68_TGAMMA_12 end 1787341838667
job 79_TGAMMA_60 started 1787341838667 core=5
job 38_XPY_48 end 1787341868664
job 2_DOT_84 started 1787341868665 core=0
job 79_TGAMMA_60 end 1787341872877
job 5_POW_24 started 1787341872877 core=5
job 59_TGAMMA_120 end 1787341872917
job 81_TGAMMA_120 started 1787341872917 core=1
job 49_XPY_48 end 1787341882193
job 6_DOT_84 started 1787341882194 core=4
job 5_POW_24 end 1787341928580
job 10_POW_36 started 1787341928580 core=5
job 81_TGAMMA_120 end 1787341942389
job 7_SUM_84 started 1787341942390 core=1
job 2_DOT_84 end 1787341974531
job 19_POW_36 started 1787341974531 core=0
job 6_DOT_84 end 1787341987213
job 1_COPY_84 started 1787341987214 core=4
job 7_SUM_84 end 1787341998604
job 8_SUM_84 started 1787341998604 core=1
job 10_POW_36 end 1787342030920
job 30_POW_36 started 1787342030920 core=5
job 8_SUM_84 end 1787342049122
job 31_POW_24 started 1787342049123 core=1
job 19_POW_36 end 1787342107250
job 11_SUM_108 started 1787342107252 core=0
job 31_POW_24 end 1787342110755
job 14_COPY_84 started 1787342110755 core=1
job 1_COPY_84 end 1787342115409
job 35_POW_24 started 1787342115409 core=4
job 30_POW_36 end 1787342131171
job 12_SUM_84 started 1787342131171 core=5
job 11_SUM_108 end 1787342176443
job 40_POW_24 started 1787342176443 core=0
job 35_POW_24 end 1787342182984
job 21_SUM_108 started 1787342182984 core=4
job 12_SUM_84 end 1787342216265
job 41_POW_24 started 1787342216266 core=5
job 40_POW_24 end 1787342243961
job 20_COPY_84 started 1787342243962 core=0
job 14_COPY_84 end 1787342244046
job 57_POW_36 started 1787342244046 core=1
job 21_SUM_108 end 1787342250898
job 24_SUM_108 started 1787342250898 core=4
job 41_POW_24 end 1787342288924
job 63_POW_24 started 1787342288924 core=5
job 57_POW_36 end 1787342339906
job 22_COPY_84 started 1787342339906 core=1
job 24_SUM_108 end 1787342352534
job 33_SUM_84 started 1787342352535 core=4
job 63_POW_24 end 1787342357485
job 75_POW_36 started 1787342357485 core=5
job 20_COPY_84 end 1787342365614
job 27_SQRTX_12 started 1787342365614 core=0
job 27_SQRTX_12 end 1787342381316
job 60_SQRTX_12 started 1787342381316 core=0
job 60_SQRTX_12 end 1787342396999
job 72_SQRTX_12 started 1787342396999 core=0
job 33_SUM_84 end 1787342408248
job 37_SUM_108 started 1787342408249 core=4
job 72_SQRTX_12 end 1787342412897
job 76_SQRTX_12 started 1787342412897 core=0
job 76_SQRTX_12 end 1787342428570
job 85_SQRTX_48 started 1787342428570 core=0
job 22_COPY_84 end 1787342465845
job 89_TGAMMA_120 started 1787342465846 core=1
job 37_SUM_108 end 1787342472093
job 9_DOT_36 started 1787342472093 core=4
job 75_POW_36 end 1787342479593
job 13_DOT_84 started 1787342479593 core=5
job 85_SQRTX_48 end 1787342497486
job 0_ERF_12 started 1787342497486 core=0
job 9_DOT_36 end 1787342510588
job 16_DOT_36 started 1787342510588 core=4
job 0_ERF_12 end 1787342529695
job 69_ERF_24 started 1787342529697 core=0
job 89_TGAMMA_120 end 1787342535632
job 93_TGAMMA_120 started 1787342535632 core=1
job 13_DOT_84 end 1787342552775
job 17_DOT_84 started 1787342552775 core=5
job 16_DOT_36 end 1787342553067
job 18_DOT_84 started 1787342553067 core=4
job 69_ERF_24 end 1787342593499
job 80_ERF_12 started 1787342593499 core=0
job 93_TGAMMA_120 end 1787342605734
job 94_TGAMMA_12 started 1787342605734 core=1
job 94_TGAMMA_12 end 1787342612837
job 83_ERF_48 started 1787342612838 core=1
job 80_ERF_12 end 1787342625370
job 98_TGAMMA_60 started 1787342625370 core=0
job 17_DOT_84 end 1787342630579
job 34_DOT_84 started 1787342630579 core=5
job 18_DOT_84 end 1787342645165
job 96_ERF_24 started 1787342645165 core=4
job 98_TGAMMA_60 end 1787342660298
job 39_SUM_108 started 1787342660298 core=0
job 96_ERF_24 end 1787342689087
job 44_SUM_132 started 1787342689088 core=4
job 34_DOT_84 end 1787342725804
job 46_SUM_132 started 1787342725804 core=5
job 39_SUM_108 end 1787342735236
job 47_SUM_108 started 1787342735237 core=0
job 83_ERF_48 end 1787342738170
job 48_SUM_108 started 1787342738170 core=1
job 44_SUM_132 end 1787342785139
job 51_SUM_84 started 1787342785139 core=4
job 47_SUM_108 end 1787342816729
job 54_SUM_84 started 1787342816729 core=0
job 48_SUM_108 end 1787342819357
job 55_SUM_84 started 1787342819357 core=1
job 46_SUM_132 end 1787342825457
job 58_SUM_132 started 1787342825458 core=5
job 51_SUM_84 end 1787342848223
job 65_SUM_108 started 1787342848223 core=4
job 54_SUM_84 end 1787342880105
job 70_SUM_84 started 1787342880105 core=0
job 55_SUM_84 end 1787342882611
job 78_SUM_132 started 1787342882612 core=1
job 58_SUM_132 end 1787342925348
job 82_SUM_108 started 1787342925349 core=5
job 65_SUM_108 end 1787342929342
job 90_SUM_108 started 1787342929342 core=4
job 70_SUM_84 end 1787342943463
job 97_SUM_132 started 1787342943463 core=0
job 78_SUM_132 end 1787342981974
job 99_SUM_84 started 1787342981974 core=1
job 82_SUM_108 end 1787343006859
job 4_COPY_60 started 1787343006860 core=5
job 90_SUM_108 end 1787343010418
job 28_COPY_60 started 1787343010418 core=4
job 97_SUM_132 end 1787343052306
job 32_COPY_60 started 1787343052307 core=0
job 99_SUM_84 end 1787343056326
job 53_COPY_60 started 1787343056326 core=1
job 4_COPY_60 end 1787343105931
job 61_COPY_60 started 1787343105932 core=5
job 28_COPY_60 end 1787343110692
job 64_COPY_60 started 1787343110693 core=4
job 32_COPY_60 end 1787343163111
job 71_COPY_60 started 1787343163112 core=0
job 53_COPY_60 end 1787343166502
job 86_COPY_60 started 1787343166502 core=1
job 61_COPY_60 end 1787343216611
job 87_COPY_60 started 1787343216611 core=5
job 64_COPY_60 end 1787343220743
job 92_COPY_60 started 1787343220744 core=4
job 71_COPY_60 end 1787343273643
job 95_COPY_60 started 1787343273644 core=0
job 86_COPY_60 end 1787343276578
job 25_COPY_84 started 1787343276578 core=1
job 87_COPY_60 end 1787343327094
job 26_COPY_84 started 1787343327094 core=5
job 92_COPY_60 end 1787343330701
job 36_COPY_84 started 1787343330701 core=4
job 95_COPY_60 end 1787343383861
job 66_COPY_84 started 1787343383862 core=0
job 25_COPY_84 end 1787343430764
job 74_COPY_84 started 1787343430765 core=1
job 26_COPY_84 end 1787343481869
job 84_COPY_84 started 1787343481869 core=5
job 36_COPY_84 end 1787343484788
job 45_DOT_36 started 1787343484789 core=4
job 66_COPY_84 end 1787343532102
job 50_DOT_36 started 1787343532103 core=0
job 45_DOT_36 end 1787343538585
job 62_DOT_84 started 1787343538586 core=4
job 50_DOT_36 end 1787343579275
job 77_DOT_36 started 1787343579275 core=0
job 74_COPY_84 end 1787343599890
job 88_DOT_36 started 1787343599891 core=1
job 77_DOT_36 end 1787343627956
job 91_DOT_36 started 1787343627957 core=0
job 62_DOT_84 end 1787343651191
job 84_COPY_84 end 1787343654069
job 88_DOT_36 end 1787343658335
job 91_DOT_36 end 1787343662744
  итерация 0: 1967730 ms
  среднее по 1 итерациям: 1967730 ms
=== Выполняется проект: no_po_memory_heavy_26.txt (100 работ, перестановка ORDER) ===
fake 3 started 1787343662745 delay_ms=1
fake 2 started 1787343662745 delay_ms=0
fake 2 end 1787343662745
fake 1 started 1787343662745 delay_ms=0
fake 1 end 1787343662745
fake 0 started 1787343662745 delay_ms=0
fake 0 end 1787343662745
job 23_XPY_60 started 1787343662745 core=0
job 14_XPY_60 started 1787343662745 core=1
job 15_TGAMMA_60 started 1787343662745 core=5
fake 3 end 1787343662746
job 16_TGAMMA_60 started 1787343662746 core=4
job 16_TGAMMA_60 end 1787343698141
job 21_TGAMMA_60 started 1787343698141 core=4
job 15_TGAMMA_60 end 1787343698179
job 25_TGAMMA_12 started 1787343698179 core=5
job 25_TGAMMA_12 end 1787343705375
job 45_TGAMMA_120 started 1787343705375 core=5
job 23_XPY_60 end 1787343728729
job 34_XPY_60 started 1787343728729 core=0
job 14_XPY_60 end 1787343728774
job 0_XPY_48 started 1787343728774 core=1
job 21_TGAMMA_60 end 1787343733567
job 55_TGAMMA_60 started 1787343733567 core=4
job 55_TGAMMA_60 end 1787343769047
job 58_TGAMMA_60 started 1787343769047 core=4
job 45_TGAMMA_120 end 1787343776284
job 72_TGAMMA_120 started 1787343776284 core=5
job 0_XPY_48 end 1787343781442
job 4_XPY_48 started 1787343781442 core=1
job 34_XPY_60 end 1787343794672
job 10_XPY_48 started 1787343794672 core=0
job 58_TGAMMA_60 end 1787343804511
job 73_TGAMMA_12 started 1787343804511 core=4
job 73_TGAMMA_12 end 1787343811628
job 78_TGAMMA_12 started 1787343811628 core=4
job 78_TGAMMA_12 end 1787343818747
job 86_TGAMMA_120 started 1787343818747 core=4
job 4_XPY_48 end 1787343833877
job 17_XPY_48 started 1787343833877 core=1
job 72_TGAMMA_120 end 1787343847060
job 30_XPY_48 started 1787343847060 core=5
job 10_XPY_48 end 1787343847395
job 97_TGAMMA_120 started 1787343847395 core=0
job 17_XPY_48 end 1787343887582
job 38_XPY_48 started 1787343887583 core=1
job 86_TGAMMA_120 end 1787343888289
job 3_POW_12 started 1787343888289 core=4
job 30_XPY_48 end 1787343903596
job 9_SUM_108 started 1787343903596 core=5
job 3_POW_12 end 1787343914792
job 6_POW_12 started 1787343914792 core=4
job 97_TGAMMA_120 end 1787343916074
job 19_POW_36 started 1787343916074 core=0
job 6_POW_12 end 1787343946800
job 33_COPY_84 started 1787343946801 core=4
job 38_XPY_48 end 1787343955810
job 36_POW_36 started 1787343955810 core=1
job 9_SUM_108 end 1787343984217
job 11_SUM_84 started 1787343984217 core=5
job 11_SUM_84 end 1787344034614
job 12_SUM_108 started 1787344034614 core=5
job 19_POW_36 end 1787344040766
job 39_POW_24 started 1787344040766 core=0
job 36_POW_36 end 1787344055079
job 40_POW_36 started 1787344055079 core=1
job 33_COPY_84 end 1787344081576
job 41_COPY_84 started 1787344081579 core=4
job 12_SUM_108 end 1787344099449
job 18_SUM_84 started 1787344099450 core=5
job 39_POW_24 end 1787344133269
job 49_POW_36 started 1787344133269 core=0
job 18_SUM_84 end 1787344149838
job 28_SUM_108 started 1787344149838 core=5
job 40_POW_36 end 1787344154182
job 56_POW_12 started 1787344154182 core=1
job 56_POW_12 end 1787344187203
job 44_COPY_84 started 1787344187203 core=1
job 41_COPY_84 end 1787344215293
job 57_POW_36 started 1787344215293 core=4
job 28_SUM_108 end 1787344229138
job 70_POW_36 started 1787344229138 core=5
job 49_POW_36 end 1787344252876
job 47_SUM_84 started 1787344252877 core=0
job 47_SUM_84 end 1787344303388
job 50_SUM_84 started 1787344303388 core=0
job 57_POW_36 end 1787344312291
job 76_POW_12 started 1787344312291 core=4
job 44_COPY_84 end 1787344315549
job 61_COPY_84 started 1787344315550 core=1
job 76_POW_12 end 1787344345030
job 93_POW_12 started 1787344345030 core=4
job 50_SUM_84 end 1787344353850
job 51_SUM_132 started 1787344353850 core=0
job 70_POW_36 end 1787344365502
job 95_POW_12 started 1787344365502 core=5
job 93_POW_12 end 1787344378180
job 27_SQRTX_12 started 1787344378180 core=4
job 27_SQRTX_12 end 1787344393822
job 64_SQRTX_12 started 1787344393822 core=4
job 64_SQRTX_12 end 1787344409462
job 77_SQRTX_12 started 1787344409462 core=4
job 95_POW_12 end 1787344409730
job 99_SQRTX_12 started 1787344409730 core=5
job 77_SQRTX_12 end 1787344424798
job 7_ERF_24 started 1787344424798 core=4
job 99_SQRTX_12 end 1787344432105
job 8_ERF_24 started 1787344432106 core=5
job 51_SUM_132 end 1787344432856
job 13_ERF_12 started 1787344432856 core=0
job 61_COPY_84 end 1787344445048
job 60_SUM_132 started 1787344445048 core=1
job 13_ERF_12 end 1787344455826
job 24_ERF_48 started 1787344455827 core=0
job 7_ERF_24 end 1787344471883
job 54_ERF_48 started 1787344471883 core=4
job 8_ERF_24 end 1787344484260
job 87_ERF_12 started 1787344484260 core=5
job 87_ERF_12 end 1787344508781
job 63_SUM_132 started 1787344508781 core=5
job 60_SUM_132 end 1787344523556
job 65_SUM_108 started 1787344523556 core=1
job 24_ERF_48 end 1787344556542
job 67_SUM_132 started 1787344556542 core=0
job 54_ERF_48 end 1787344573881
job 75_SUM_84 started 1787344573882 core=4
job 65_SUM_108 end 1787344598121
job 79_SUM_84 started 1787344598121 core=1
job 63_SUM_132 end 1787344599287
job 80_SUM_108 started 1787344599288 core=5
job 75_SUM_84 end 1787344636876
job 81_SUM_108 started 1787344636876 core=4
job 67_SUM_132 end 1787344656200
job 85_SUM_132 started 1787344656200 core=0
job 79_SUM_84 end 1787344661475
job 88_SUM_132 started 1787344661475 core=1
job 80_SUM_108 end 1787344680713
job 92_SUM_108 started 1787344680714 core=5
job 81_SUM_108 end 1787344718134
job 96_SUM_132 started 1787344718135 core=4
job 85_SUM_132 end 1787344755971
job 98_SUM_108 started 1787344755971 core=0
job 88_SUM_132 end 1787344761130
job 2_COPY_60 started 1787344761130 core=1
job 92_SUM_108 end 1787344761992
job 20_COPY_60 started 1787344761992 core=5
job 96_SUM_132 end 1787344809845
job 26_COPY_60 started 1787344809845 core=4
job 98_SUM_108 end 1787344833893
job 43_COPY_60 started 1787344833894 core=0
job 2_COPY_60 end 1787344880910
job 48_COPY_60 started 1787344880910 core=1
job 20_COPY_60 end 1787344881907
job 68_COPY_60 started 1787344881907 core=5
job 26_COPY_60 end 1787344912464
job 74_COPY_60 started 1787344912464 core=4
job 43_COPY_60 end 1787344944444
job 62_COPY_84 started 1787344944444 core=0
job 48_COPY_60 end 1787344991188
job 90_COPY_84 started 1787344991188 core=1
job 68_COPY_60 end 1787344992166
job 94_COPY_84 started 1787344992166 core=5
job 74_COPY_60 end 1787345022313
job 1_DOT_36 started 1787345022313 core=4
job 1_DOT_36 end 1787345077119
job 5_DOT_36 started 1787345077119 core=4
job 62_COPY_84 end 1787345089814
job 22_DOT_36 started 1787345089815 core=0
job 5_DOT_36 end 1787345125842
job 29_DOT_36 started 1787345125843 core=4
job 22_DOT_36 end 1787345136951
job 31_DOT_84 started 1787345136951 core=0
job 90_COPY_84 end 1787345162644
job 32_DOT_36 started 1787345162644 core=1
job 94_COPY_84 end 1787345163800
job 35_DOT_84 started 1787345163800 core=5
job 29_DOT_36 end 1787345173695
job 37_DOT_84 started 1787345173695 core=4
job 32_DOT_36 end 1787345217399
job 46_DOT_36 started 1787345217399 core=1
job 31_DOT_84 end 1787345260206
job 53_DOT_36 started 1787345260207 core=0
job 46_DOT_36 end 1787345272194
job 59_DOT_36 started 1787345272194 core=1
job 35_DOT_84 end 1787345291505
job 66_DOT_36 started 1787345291506 core=5
job 37_DOT_84 end 1787345301021
job 69_DOT_84 started 1787345301022 core=4
job 53_DOT_36 end 1787345314986
job 71_DOT_84 started 1787345314986 core=0
job 59_DOT_36 end 1787345326264
job 83_DOT_84 started 1787345326265 core=1
job 66_DOT_36 end 1787345345581
job 84_DOT_36 started 1787345345581 core=5
job 84_DOT_36 end 1787345400552
job 89_DOT_36 started 1787345400552 core=5
job 69_DOT_84 end 1787345428123
job 42_XPY_48 started 1787345428124 core=4
job 71_DOT_84 end 1787345444987
job 52_XPY_48 started 1787345444988 core=0
job 83_DOT_84 end 1787345451844
job 91_XPY_48 started 1787345451844 core=1
job 89_DOT_36 end 1787345452476
job 82_XPY_60 started 1787345452476 core=5
job 42_XPY_48 end 1787345518424
job 52_XPY_48 end 1787345527426
job 91_XPY_48 end 1787345534077
job 82_XPY_60 end 1787345540390
  итерация 0: 1877645 ms
  среднее по 1 итерациям: 1877645 ms
=== Выполняется проект: no_po_memory_heavy_27.txt (100 работ, перестановка ORDER) ===
fake 3 started 1787345540391 delay_ms=1
fake 2 started 1787345540391 delay_ms=0
fake 2 end 1787345540391
fake 0 started 1787345540391 delay_ms=0
fake 0 end 1787345540391
fake 1 started 1787345540391 delay_ms=0
fake 1 end 1787345540391
job 36_XPY_60 started 1787345540391 core=5
job 45_XPY_60 started 1787345540391 core=1
fake 3 end 1787345540392
job 15_TGAMMA_12 started 1787345540392 core=0
job 23_TGAMMA_12 started 1787345540417 core=4
job 15_TGAMMA_12 end 1787345547209
job 30_TGAMMA_12 started 1787345547209 core=0
job 23_TGAMMA_12 end 1787345547231
job 47_TGAMMA_60 started 1787345547231 core=4
job 30_TGAMMA_12 end 1787345554031
job 58_TGAMMA_12 started 1787345554031 core=0
job 58_TGAMMA_12 end 1787345560855
job 81_TGAMMA_12 started 1787345560855 core=0
job 81_TGAMMA_12 end 1787345567681
job 89_TGAMMA_12 started 1787345567681 core=0
job 89_TGAMMA_12 end 1787345574501
job 93_TGAMMA_60 started 1787345574501 core=0
job 47_TGAMMA_60 end 1787345581406
job 99_TGAMMA_60 started 1787345581406 core=4
job 45_XPY_60 end 1787345606885
job 46_XPY_60 started 1787345606885 core=1
job 36_XPY_60 end 1787345607113
job 5_XPY_48 started 1787345607113 core=5
job 93_TGAMMA_60 end 1787345608739
job 0_POW_24 started 1787345608739 core=0
job 99_TGAMMA_60 end 1787345615620
job 4_POW_12 started 1787345615620 core=4
job 4_POW_12 end 1787345646263
job 7_POW_12 started 1787345646263 core=4
job 0_POW_24 end 1787345669193
job 6_SQRTX_12 started 1787345669194 core=0
job 7_POW_12 end 1787345676780
job 10_POW_24 started 1787345676780 core=4
job 6_SQRTX_12 end 1787345685005
job 72_XPY_60 started 1787345685005 core=0
job 5_XPY_48 end 1787345693292
job 48_SQRTX_12 started 1787345693292 core=5
job 46_XPY_60 end 1787345709434
job 14_POW_12 started 1787345709434 core=1
job 48_SQRTX_12 end 1787345714649
job 1_ERF_24 started 1787345714650 core=5
job 14_POW_12 end 1787345740968
job 25_POW_36 started 1787345740968 core=1
job 1_ERF_24 end 1787345759111
job 39_POW_36 started 1787345759111 core=5
job 10_POW_24 end 1787345764388
job 12_ERF_24 started 1787345764388 core=4
job 72_XPY_60 end 1787345766501
job 8_XPY_48 started 1787345766502 core=0
job 8_XPY_48 end 1787345831903
job 27_ERF_24 started 1787345831903 core=0
job 25_POW_36 end 1787345833588
job 9_XPY_48 started 1787345833589 core=1
job 12_ERF_24 end 1787345834262
job 40_POW_24 started 1787345834263 core=4
job 39_POW_36 end 1787345859806
job 42_POW_36 started 1787345859806 core=5
job 27_ERF_24 end 1787345876445
job 43_ERF_12 started 1787345876445 core=0
job 40_POW_24 end 1787345897765
job 49_XPY_48 started 1787345897765 core=4
job 9_XPY_48 end 1787345898665
job 62_ERF_12 started 1787345898666 core=1
job 43_ERF_12 end 1787345898927
job 51_POW_12 started 1787345898927 core=0
job 62_ERF_12 end 1787345920791
job 80_ERF_24 started 1787345920792 core=1
job 51_POW_12 end 1787345945679
job 57_POW_12 started 1787345945679 core=0
job 49_XPY_48 end 1787345962725
job 53_XPY_48 started 1787345962725 core=4
job 80_ERF_24 end 1787345965109
job 94_ERF_48 started 1787345965109 core=1
job 42_POW_36 end 1787345967540
job 69_POW_24 started 1787345967540 core=5
job 57_POW_12 end 1787345992070
job 73_POW_36 started 1787345992070 core=0
job 53_XPY_48 end 1787346027623
job 59_XPY_48 started 1787346027625 core=4
job 69_POW_24 end 1787346031099
job 75_POW_24 started 1787346031099 core=5
job 94_ERF_48 end 1787346053784
job 95_ERF_12 started 1787346053784 core=1
job 95_ERF_12 end 1787346075970
job 64_XPY_48 started 1787346075970 core=1
job 59_XPY_48 end 1787346092639
job 76_POW_36 started 1787346092640 core=4
job 75_POW_24 end 1787346103575
job 92_POW_24 started 1787346103576 core=5
job 73_POW_36 end 1787346118849
job 2_SUM_108 started 1787346118849 core=0
job 64_XPY_48 end 1787346144676
job 26_COPY_84 started 1787346144676 core=1
job 2_SUM_108 end 1787346183745
job 13_SUM_84 started 1787346183745 core=0
job 76_POW_36 end 1787346189757
job 16_SUM_108 started 1787346189757 core=4
job 92_POW_24 end 1787346199139
job 19_SUM_108 started 1787346199140 core=5
job 13_SUM_84 end 1787346240063
job 24_SUM_84 started 1787346240064 core=0
job 16_SUM_108 end 1787346263027
job 28_SUM_84 started 1787346263027 core=4
job 26_COPY_84 end 1787346284421
job 32_SUM_132 started 1787346284421 core=1
job 24_SUM_84 end 1787346298857
job 34_SUM_108 started 1787346298857 core=0
job 19_SUM_108 end 1787346306225
job 35_SUM_108 started 1787346306226 core=5
job 28_SUM_84 end 1787346323811
job 37_SUM_84 started 1787346323811 core=4
job 34_SUM_108 end 1787346380662
job 41_SUM_84 started 1787346380662 core=0
job 32_SUM_132 end 1787346383783
job 52_SUM_108 started 1787346383783 core=1
job 37_SUM_84 end 1787346387158
job 54_SUM_108 started 1787346387158 core=4
job 35_SUM_108 end 1787346387875
job 56_SUM_84 started 1787346387875 core=5
job 41_SUM_84 end 1787346444111
job 61_SUM_132 started 1787346444112 core=0
job 56_SUM_84 end 1787346450985
job 63_SUM_108 started 1787346450986 core=5
job 52_SUM_108 end 1787346465427
job 66_SUM_84 started 1787346465428 core=1
job 54_SUM_108 end 1787346468315
job 86_SUM_108 started 1787346468315 core=4
job 66_SUM_84 end 1787346528795
job 88_SUM_132 started 1787346528796 core=1
job 63_SUM_108 end 1787346532797
job 90_SUM_108 started 1787346532797 core=5
job 61_SUM_132 end 1787346543444
job 18_COPY_60 started 1787346543444 core=0
job 86_SUM_108 end 1787346551437
job 20_COPY_60 started 1787346551437 core=4
job 90_SUM_108 end 1787346604767
job 21_COPY_60 started 1787346604767 core=5
job 88_SUM_132 end 1787346622250
job 44_COPY_60 started 1787346622250 core=1
job 18_COPY_60 end 1787346663376
job 55_COPY_60 started 1787346663377 core=0
job 20_COPY_60 end 1787346671643
job 67_COPY_60 started 1787346671643 core=4
job 21_COPY_60 end 1787346709593
job 78_COPY_60 started 1787346709593 core=5
job 44_COPY_60 end 1787346732652
job 97_COPY_60 started 1787346732652 core=1
job 55_COPY_60 end 1787346773892
job 98_COPY_60 started 1787346773892 core=0
job 67_COPY_60 end 1787346781645
job 29_COPY_84 started 1787346781645 core=4
job 78_COPY_60 end 1787346819921
job 68_COPY_84 started 1787346819921 core=5
job 97_COPY_60 end 1787346842895
job 74_COPY_84 started 1787346842896 core=1
job 98_COPY_60 end 1787346884043
job 87_COPY_84 started 1787346884043 core=0
job 29_COPY_84 end 1787346935781
job 91_COPY_84 started 1787346935781 core=4
job 68_COPY_84 end 1787346974446
job 3_DOT_36 started 1787346974446 core=5
job 74_COPY_84 end 1787346994916
job 11_DOT_36 started 1787346994916 core=1
job 3_DOT_36 end 1787347024437
job 17_DOT_84 started 1787347024437 core=5
job 11_DOT_36 end 1787347042103
job 22_DOT_84 started 1787347042103 core=1
job 87_COPY_84 end 1787347048794
job 31_DOT_84 started 1787347048794 core=0
job 91_COPY_84 end 1787347102687
job 33_DOT_84 started 1787347102687 core=4
job 17_DOT_84 end 1787347142170
job 38_DOT_36 started 1787347142170 core=5
job 22_DOT_84 end 1787347163382
job 50_DOT_84 started 1787347163383 core=1
job 31_DOT_84 end 1787347185312
job 60_DOT_36 started 1787347185312 core=0
job 38_DOT_36 end 1787347196897
job 65_DOT_84 started 1787347196898 core=5
job 33_DOT_84 end 1787347229473
job 70_DOT_36 started 1787347229474 core=4
job 60_DOT_36 end 1787347239964
job 71_DOT_84 started 1787347239965 core=0
job 70_DOT_36 end 1787347284392
job 77_DOT_36 started 1787347284392 core=4
job 50_DOT_84 end 1787347290995
job 79_DOT_36 started 1787347290995 core=1
job 65_DOT_84 end 1787347324327
job 84_DOT_36 started 1787347324327 core=5
job 77_DOT_36 end 1787347338768
job 85_XPY_48 started 1787347338768 core=4
job 79_DOT_36 end 1787347345383
job 96_XPY_48 started 1787347345383 core=1
job 71_DOT_84 end 1787347370597
job 82_XPY_60 started 1787347370597 core=0
job 84_DOT_36 end 1787347378999
job 83_XPY_60 started 1787347379000 core=5
job 85_XPY_48 end 1787347426141
job 96_XPY_48 end 1787347433949
job 82_XPY_60 end 1787347454862
job 83_XPY_60 end 1787347458297
  итерация 0: 1917905 ms
  среднее по 1 итерациям: 1917905 ms
=== Выполняется проект: no_po_memory_heavy_28.txt (100 работ, перестановка ORDER) ===
fake 3 started 1787347458297 delay_ms=1
fake 2 started 1787347458297 delay_ms=0
fake 2 end 1787347458297
fake 0 started 1787347458297 delay_ms=0
fake 0 end 1787347458298
fake 1 started 1787347458297 delay_ms=0
fake 1 end 1787347458298
job 16_XPY_60 started 1787347458298 core=5
job 40_XPY_60 started 1787347458298 core=0
job 0_TGAMMA_60 started 1787347458298 core=1
fake 3 end 1787347458310
job 1_TGAMMA_120 started 1787347458311 core=4
job 0_TGAMMA_60 end 1787347493684
job 14_TGAMMA_60 started 1787347493685 core=1
job 16_XPY_60 end 1787347524079
job 49_XPY_60 started 1787347524079 core=5
job 40_XPY_60 end 1787347524380
job 32_XPY_48 started 1787347524380 core=0
job 14_TGAMMA_60 end 1787347529132
job 23_TGAMMA_60 started 1787347529132 core=1
job 1_TGAMMA_120 end 1787347529143
job 33_TGAMMA_12 started 1787347529143 core=4
job 33_TGAMMA_12 end 1787347536292
job 35_TGAMMA_12 started 1787347536292 core=4
job 35_TGAMMA_12 end 1787347543447
job 41_TGAMMA_120 started 1787347543448 core=4
job 23_TGAMMA_60 end 1787347564609
job 70_TGAMMA_60 started 1787347564612 core=1
job 32_XPY_48 end 1787347577109
job 38_XPY_48 started 1787347577109 core=0
job 49_XPY_60 end 1787347589695
job 39_XPY_48 started 1787347589695 core=5
job 70_TGAMMA_60 end 1787347600060
job 73_TGAMMA_12 started 1787347600060 core=1
job 73_TGAMMA_12 end 1787347607263
job 76_TGAMMA_60 started 1787347607263 core=1
job 41_TGAMMA_120 end 1787347614226
job 83_TGAMMA_60 started 1787347614226 core=4
job 38_XPY_48 end 1787347629723
job 42_XPY_48 started 1787347629724 core=0
job 39_XPY_48 end 1787347642195
job 58_XPY_48 started 1787347642195 core=5
job 76_TGAMMA_60 end 1787347642708
job 88_TGAMMA_60 started 1787347642708 core=1
job 83_TGAMMA_60 end 1787347649611
job 3_POW_24 started 1787347649611 core=4
job 88_TGAMMA_60 end 1787347678174
job 10_POW_36 started 1787347678175 core=1
job 42_XPY_48 end 1787347690159
job 43_SQRTX_48 started 1787347690160 core=0
job 58_XPY_48 end 1787347699540
job 65_XPY_60 started 1787347699540 core=5
job 3_POW_24 end 1787347724051
job 11_POW_36 started 1787347724051 core=4
job 43_SQRTX_48 end 1787347752708
job 86_SQRTX_12 started 1787347752709 core=0
job 86_SQRTX_12 end 1787347768345
job 89_SQRTX_12 started 1787347768345 core=0
job 65_XPY_60 end 1787347777862
job 67_XPY_60 started 1787347777862 core=5
job 89_SQRTX_12 end 1787347783923
job 12_POW_12 started 1787347783924 core=0
job 12_POW_12 end 1787347814882
job 6_ERF_24 started 1787347814883 core=0
job 11_POW_36 end 1787347815253
job 15_POW_36 started 1787347815254 core=4
job 10_POW_36 end 1787347815298
job 17_POW_12 started 1787347815298 core=1
job 6_ERF_24 end 1787347859446
job 18_ERF_12 started 1787347859447 core=0
job 67_XPY_60 end 1787347859543
job 62_XPY_48 started 1787347859543 core=5
job 17_POW_12 end 1787347861566
job 29_POW_12 started 1787347861566 core=1
job 18_ERF_12 end 1787347881586
job 31_ERF_24 started 1787347881586 core=0
job 29_POW_12 end 1787347908227
job 55_POW_12 started 1787347908227 core=1
job 15_POW_36 end 1787347910554
job 92_XPY_48 started 1787347910555 core=4
job 62_XPY_48 end 1787347924503
job 56_POW_36 started 1787347924503 core=5
job 31_ERF_24 end 1787347935172
job 51_ERF_12 started 1787347935172 core=0
job 55_POW_12 end 1787347944489
job 63_POW_12 started 1787347944489 core=1
job 51_ERF_12 end 1787347971341
job 71_ERF_12 started 1787347971341 core=0
job 63_POW_12 end 1787347975050
job 87_POW_24 started 1787347975050 core=1
job 92_XPY_48 end 1787347975808
job 78_ERF_24 started 1787347975808 core=4
job 71_ERF_12 end 1787347995531
job 95_XPY_48 started 1787347995531 core=0
job 56_POW_36 end 1787348016189
job 91_POW_12 started 1787348016189 core=5
job 78_ERF_24 end 1787348035599
job 96_ERF_24 started 1787348035599 core=4
job 87_POW_24 end 1787348036009
job 93_POW_24 started 1787348036009 core=1
job 91_POW_12 end 1787348046869
job 82_XPY_60 started 1787348046869 core=5
job 95_XPY_48 end 1787348060808
job 2_SUM_108 started 1787348060808 core=0
job 96_ERF_24 end 1787348093185
job 5_SUM_132 started 1787348093186 core=4
job 2_SUM_108 end 1787348128756
job 9_SUM_108 started 1787348128756 core=0
job 93_POW_24 end 1787348130507
job 19_SUM_132 started 1787348130507 core=1
job 82_XPY_60 end 1787348138942
job 20_SUM_108 started 1787348138942 core=5
job 5_SUM_132 end 1787348186412
job 24_SUM_132 started 1787348186412 core=4
job 9_SUM_108 end 1787348209164
job 25_SUM_132 started 1787348209164 core=0
job 20_SUM_108 end 1787348219972
job 27_SUM_108 started 1787348219973 core=5
job 19_SUM_132 end 1787348232448
job 30_SUM_84 started 1787348232448 core=1
job 24_SUM_132 end 1787348286076
job 34_SUM_132 started 1787348286076 core=4
job 30_SUM_84 end 1787348295601
job 44_SUM_132 started 1787348295601 core=1
job 27_SUM_108 end 1787348301760
job 50_SUM_84 started 1787348301760 core=5
job 25_SUM_132 end 1787348308551
job 52_SUM_108 started 1787348308552 core=0
job 50_SUM_84 end 1787348365008
job 54_SUM_132 started 1787348365008 core=5
job 34_SUM_132 end 1787348385385
job 61_SUM_108 started 1787348385385 core=4
job 52_SUM_108 end 1787348390262
job 64_SUM_132 started 1787348390262 core=0
job 44_SUM_132 end 1787348394944
job 69_SUM_108 started 1787348394944 core=1
job 54_SUM_132 end 1787348464437
job 75_SUM_108 started 1787348464439 core=5
job 61_SUM_108 end 1787348466864
job 77_SUM_84 started 1787348466864 core=4
job 69_SUM_108 end 1787348476477
job 84_SUM_132 started 1787348476477 core=1
job 64_SUM_132 end 1787348489657
job 97_SUM_132 started 1787348489657 core=0
job 77_SUM_84 end 1787348530375
job 53_COPY_60 started 1787348530375 core=4
job 75_SUM_108 end 1787348544299
job 66_COPY_60 started 1787348544299 core=5
job 84_SUM_132 end 1787348583014
job 79_COPY_60 started 1787348583014 core=1
job 97_SUM_132 end 1787348606212
job 80_COPY_60 started 1787348606213 core=0
job 53_COPY_60 end 1787348623492
job 85_COPY_60 started 1787348623492 core=4
job 66_COPY_60 end 1787348646584
job 7_COPY_84 started 1787348646585 core=5
job 79_COPY_60 end 1787348694419
job 26_COPY_84 started 1787348694419 core=1
job 80_COPY_60 end 1787348716603
job 37_COPY_84 started 1787348716603 core=0
job 85_COPY_60 end 1787348733608
job 46_COPY_84 started 1787348733608 core=4
job 7_COPY_84 end 1787348800905
job 47_COPY_84 started 1787348800906 core=5
job 26_COPY_84 end 1787348848591
job 59_COPY_84 started 1787348848591 core=1
job 37_COPY_84 end 1787348871149
job 60_COPY_84 started 1787348871149 core=0
job 46_COPY_84 end 1787348887975
job 81_COPY_84 started 1787348887976 core=4
job 47_COPY_84 end 1787348955287
job 4_DOT_84 started 1787348955287 core=5
job 59_COPY_84 end 1787348997241
job 8_DOT_84 started 1787348997242 core=1
job 60_COPY_84 end 1787349035124
job 13_DOT_36 started 1787349035125 core=0
job 81_COPY_84 end 1787349052868
job 21_DOT_84 started 1787349052868 core=4
job 4_DOT_84 end 1787349074656
job 22_DOT_84 started 1787349074656 core=5
job 13_DOT_36 end 1787349092661
job 28_DOT_84 started 1787349092661 core=0
job 8_DOT_84 end 1787349116164
job 36_DOT_84 started 1787349116164 core=1
job 21_DOT_84 end 1787349180324
job 45_DOT_84 started 1787349180324 core=4
job 22_DOT_84 end 1787349202034
job 48_DOT_36 started 1787349202035 core=5
job 28_DOT_84 end 1787349220575
job 57_DOT_84 started 1787349220575 core=0
job 36_DOT_84 end 1787349243281
job 68_DOT_84 started 1787349243282 core=1
job 48_DOT_36 end 1787349256599
job 72_DOT_36 started 1787349256599 core=5
job 45_DOT_84 end 1787349307832
job 74_DOT_36 started 1787349307832 core=4
job 72_DOT_36 end 1787349311386
job 98_DOT_36 started 1787349311387 core=5
job 57_DOT_84 end 1787349348350
job 99_DOT_36 started 1787349348350 core=0
job 74_DOT_36 end 1787349362659
job 90_XPY_60 started 1787349362659 core=4
job 98_DOT_36 end 1787349365768
job 94_XPY_60 started 1787349365769 core=5
job 68_DOT_84 end 1787349370700
job 99_DOT_36 end 1787349403472
job 94_XPY_60 end 1787349426461
job 90_XPY_60 end 1787349431612
  итерация 0: 1973314 ms
  среднее по 1 итерациям: 1973314 ms
=== Выполняется проект: no_po_memory_heavy_29.txt (100 работ, перестановка ORDER) ===
fake 3 started 1787349431612 delay_ms=1
fake 0 started 1787349431612 delay_ms=0
fake 0 end 1787349431612
fake 2 started 1787349431612 delay_ms=0
fake 1 started 1787349431612 delay_ms=0
fake 1 end 1787349431612
fake 2 end 1787349431612
job 21_XPY_60 started 1787349431613 core=4
job 27_XPY_60 started 1787349431613 core=5
fake 3 end 1787349431614
job 2_TGAMMA_120 started 1787349431614 core=0
job 4_TGAMMA_60 started 1787349431641 core=1
job 4_TGAMMA_60 end 1787349467033
job 8_TGAMMA_12 started 1787349467033 core=1
job 8_TGAMMA_12 end 1787349474220
job 18_TGAMMA_60 started 1787349474220 core=1
job 27_XPY_60 end 1787349497481
job 86_XPY_60 started 1787349497481 core=5
job 21_XPY_60 end 1787349497609
job 10_XPY_48 started 1787349497610 core=4
job 2_TGAMMA_120 end 1787349502594
job 30_TGAMMA_60 started 1787349502594 core=0
job 18_TGAMMA_60 end 1787349509638
job 39_TGAMMA_12 started 1787349509638 core=1
job 39_TGAMMA_12 end 1787349516825
job 46_TGAMMA_60 started 1787349516825 core=1
job 30_TGAMMA_60 end 1787349538190
job 49_TGAMMA_120 started 1787349538190 core=0
job 10_XPY_48 end 1787349550416
job 16_XPY_48 started 1787349550416 core=4
job 46_TGAMMA_60 end 1787349552282
job 50_TGAMMA_120 started 1787349552282 core=1
job 86_XPY_60 end 1787349563366
job 41_XPY_48 started 1787349563366 core=5
job 16_XPY_48 end 1787349603010
job 47_XPY_48 started 1787349603010 core=4
job 49_TGAMMA_120 end 1787349609463
job 54_TGAMMA_120 started 1787349609463 core=0
job 41_XPY_48 end 1787349615972
job 83_XPY_48 started 1787349615972 core=5
job 50_TGAMMA_120 end 1787349623154
job 60_TGAMMA_60 started 1787349623154 core=1
job 47_XPY_48 end 1787349655632
job 96_XPY_48 started 1787349655632 core=4
job 60_TGAMMA_60 end 1787349658598
job 65_TGAMMA_12 started 1787349658598 core=1
job 65_TGAMMA_12 end 1787349665797
job 66_TGAMMA_60 started 1787349665800 core=1
job 83_XPY_48 end 1787349668665
job 99_XPY_48 started 1787349668665 core=5
job 54_TGAMMA_120 end 1787349680649
job 75_TGAMMA_60 started 1787349680650 core=0
job 66_TGAMMA_60 end 1787349701222
job 77_TGAMMA_60 started 1787349701223 core=1
job 96_XPY_48 end 1787349708206
job 97_XPY_60 started 1787349708206 core=4
job 75_TGAMMA_60 end 1787349716271
job 91_TGAMMA_60 started 1787349716271 core=0
job 99_XPY_48 end 1787349721230
job 5_DOT_36 started 1787349721231 core=5
job 77_TGAMMA_60 end 1787349736465
job 3_POW_12 started 1787349736466 core=1
job 91_TGAMMA_60 end 1787349752523
job 23_POW_36 started 1787349752523 core=0
job 5_DOT_36 end 1787349754841
job 48_SQRTX_12 started 1787349754842 core=5
job 3_POW_12 end 1787349770026
job 32_POW_12 started 1787349770026 core=1
job 48_SQRTX_12 end 1787349770444
job 98_SQRTX_12 started 1787349770444 core=5
job 97_XPY_60 end 1787349783211
job 17_DOT_36 started 1787349783211 core=4
job 98_SQRTX_12 end 1787349786268
job 0_SUM_132 started 1787349786268 core=5
job 32_POW_12 end 1787349803676
job 34_POW_36 started 1787349803676 core=1
job 17_DOT_36 end 1787349824899
job 72_COPY_84 started 1787349824899 core=4
job 0_SUM_132 end 1787349869298
job 36_POW_12 started 1787349869298 core=5
job 23_POW_36 end 1787349885063
job 6_SUM_84 started 1787349885063 core=0
job 36_POW_12 end 1787349900587
job 37_POW_24 started 1787349900587 core=5
job 34_POW_36 end 1787349902798
job 58_POW_24 started 1787349902798 core=1
job 72_COPY_84 end 1787349952873
job 11_SUM_84 started 1787349952873 core=4
job 6_SUM_84 end 1787349959192
job 1_COPY_60 started 1787349959193 core=0
job 37_POW_24 end 1787349965212
job 70_POW_36 started 1787349965212 core=5
job 58_POW_24 end 1787349967431
job 73_POW_12 started 1787349967432 core=1
job 73_POW_12 end 1787349999492
job 12_SUM_132 started 1787349999492 core=1
job 11_SUM_84 end 1787350027480
job 9_SQRTX_48 started 1787350027481 core=4
job 1_COPY_60 end 1787350052690
job 14_SUM_108 started 1787350052690 core=0
job 70_POW_36 end 1787350063768
job 13_SQRTX_48 started 1787350063768 core=5
job 12_SUM_132 end 1787350079842
job 7_ERF_48 started 1787350079842 core=1
job 9_SQRTX_48 end 1787350099594
job 28_ERF_24 started 1787350099594 core=4
job 14_SUM_108 end 1787350116994
job 25_COPY_60 started 1787350116995 core=0
job 13_SQRTX_48 end 1787350130962
job 87_ERF_12 started 1787350130962 core=5
job 87_ERF_12 end 1787350153069
job 26_SQRTX_48 started 1787350153069 core=5
job 28_ERF_24 end 1787350156379
job 89_ERF_48 started 1787350156380 core=4
job 7_ERF_48 end 1787350165870
job 56_SQRTX_48 started 1787350165870 core=1
job 25_COPY_60 end 1787350202786
job 38_DOT_36 started 1787350202786 core=0
job 26_SQRTX_48 end 1787350217649
job 43_DOT_84 started 1787350217650 core=5
job 56_SQRTX_48 end 1787350234113
job 15_SUM_132 started 1787350234114 core=1
job 38_DOT_36 end 1787350240844
job 19_SUM_132 started 1787350240844 core=0
job 89_ERF_48 end 1787350274601
job 20_SUM_84 started 1787350274602 core=4
job 43_DOT_84 end 1787350320389
job 22_SUM_132 started 1787350320389 core=5
job 20_SUM_84 end 1787350337899
job 24_SUM_108 started 1787350337899 core=4
job 19_SUM_132 end 1787350341685
job 29_SUM_108 started 1787350341685 core=0
job 15_SUM_132 end 1787350345922
job 31_SUM_108 started 1787350345922 core=1
job 24_SUM_108 end 1787350419353
job 35_SUM_84 started 1787350419353 core=4
job 22_SUM_132 end 1787350419896
job 40_SUM_132 started 1787350419896 core=5
job 29_SUM_108 end 1787350423395
job 42_SUM_132 started 1787350423395 core=0
job 31_SUM_108 end 1787350427328
job 44_SUM_132 started 1787350427328 core=1
job 35_SUM_84 end 1787350482399
job 51_SUM_132 started 1787350482399 core=4
job 40_SUM_132 end 1787350519258
job 52_SUM_132 started 1787350519258 core=5
job 42_SUM_132 end 1787350523273
job 53_SUM_132 started 1787350523273 core=0
job 44_SUM_132 end 1787350526684
job 62_SUM_108 started 1787350526684 core=1
job 51_SUM_132 end 1787350581703
job 63_SUM_132 started 1787350581704 core=4
job 62_SUM_108 end 1787350607914
job 67_SUM_84 started 1787350607914 core=1
job 52_SUM_132 end 1787350618808
job 68_SUM_132 started 1787350618808 core=5
job 53_SUM_132 end 1787350623007
job 71_SUM_84 started 1787350623008 core=0
job 67_SUM_84 end 1787350671409
job 74_SUM_132 started 1787350671409 core=1
job 63_SUM_132 end 1787350680654
job 78_SUM_84 started 1787350680654 core=4
job 71_SUM_84 end 1787350686654
job 79_SUM_132 started 1787350686654 core=0
job 68_SUM_132 end 1787350718212
job 81_SUM_132 started 1787350718212 core=5
job 78_SUM_84 end 1787350743981
job 82_SUM_84 started 1787350743981 core=4
job 74_SUM_132 end 1787350770703
job 88_SUM_132 started 1787350770704 core=1
job 79_SUM_132 end 1787350786495
job 92_SUM_84 started 1787350786495 core=0
job 82_SUM_84 end 1787350807212
job 93_SUM_108 started 1787350807213 core=4
job 81_SUM_132 end 1787350817657
job 95_SUM_84 started 1787350817657 core=5
job 92_SUM_84 end 1787350850299
job 33_COPY_60 started 1787350850299 core=0
job 88_SUM_132 end 1787350868111
job 55_COPY_60 started 1787350868111 core=1
job 95_SUM_84 end 1787350882055
job 64_COPY_60 started 1787350882055 core=5
job 93_SUM_108 end 1787350900149
job 80_COPY_60 started 1787350900150 core=4
job 33_COPY_60 end 1787350950172
job 85_COPY_60 started 1787350950172 core=0
job 55_COPY_60 end 1787350975963
job 90_COPY_60 started 1787350975963 core=1
job 64_COPY_60 end 1787350993429
job 45_DOT_84 started 1787350993429 core=5
job 80_COPY_60 end 1787351011227
job 57_DOT_36 started 1787351011227 core=4
job 85_COPY_60 end 1787351059128
job 59_DOT_36 started 1787351059128 core=0
job 57_DOT_36 end 1787351068135
job 61_DOT_36 started 1787351068136 core=4
job 90_COPY_60 end 1787351081350
job 69_DOT_84 started 1787351081350 core=1
job 59_DOT_36 end 1787351111736
job 76_DOT_84 started 1787351111736 core=0
job 61_DOT_36 end 1787351121309
job 84_DOT_36 started 1787351121309 core=4
job 45_DOT_84 end 1787351126867
job 94_DOT_36 started 1787351126868 core=5
job 84_DOT_36 end 1787351175936
job 94_DOT_36 end 1787351181562
job 69_DOT_84 end 1787351195086
job 76_DOT_84 end 1787351202935
  итерация 0: 1771322 ms
  среднее по 1 итерациям: 1771322 ms
=== Выполняется проект: no_po_memory_heavy_3.txt (100 работ, перестановка ORDER) ===
fake 3 started 1787351202936 delay_ms=1
fake 0 started 1787351202936 delay_ms=0
fake 0 end 1787351202936
fake 2 started 1787351202936 delay_ms=0
fake 2 end 1787351202936
fake 1 started 1787351202936 delay_ms=0
fake 1 end 1787351202936
job 13_TGAMMA_60 started 1787351202937 core=1
job 39_XPY_60 started 1787351202937 core=5
job 19_XPY_60 started 1787351202937 core=0
fake 3 end 1787351202937
job 26_TGAMMA_12 started 1787351202937 core=4
job 26_TGAMMA_12 end 1787351210064
job 28_TGAMMA_60 started 1787351210064 core=4
job 13_TGAMMA_60 end 1787351238341
job 38_TGAMMA_120 started 1787351238341 core=1
job 28_TGAMMA_60 end 1787351245559
job 40_TGAMMA_12 started 1787351245559 core=4
job 40_TGAMMA_12 end 1787351252732
job 43_TGAMMA_12 started 1787351252733 core=4
job 43_TGAMMA_12 end 1787351259907
job 48_TGAMMA_120 started 1787351259907 core=4
job 39_XPY_60 end 1787351268833
job 60_XPY_60 started 1787351268833 core=5
job 19_XPY_60 end 1787351269031
job 6_XPY_48 started 1787351269031 core=0
job 38_TGAMMA_120 end 1787351309172
job 56_TGAMMA_120 started 1787351309172 core=1
job 6_XPY_48 end 1787351321768
job 20_XPY_48 started 1787351321768 core=0
job 48_TGAMMA_120 end 1787351330792
job 57_TGAMMA_12 started 1787351330792 core=4
job 60_XPY_60 end 1787351334515
job 65_XPY_48 started 1787351334515 core=5
job 57_TGAMMA_12 end 1787351337955
job 96_TGAMMA_12 started 1787351337955 core=4
job 96_TGAMMA_12 end 1787351345137
job 99_TGAMMA_120 started 1787351345137 core=4
job 20_XPY_48 end 1787351374600
job 69_XPY_60 started 1787351374600 core=0
job 56_TGAMMA_120 end 1787351380007
job 2_POW_36 started 1787351380007 core=1
job 65_XPY_48 end 1787351388807
job 4_SUM_132 started 1787351388807 core=5
job 99_TGAMMA_120 end 1787351416535
job 3_POW_24 started 1787351416535 core=4
job 69_XPY_60 end 1787351454795
job 1_COPY_84 started 1787351454795 core=0
job 4_SUM_132 end 1787351467693
job 5_SUM_108 started 1787351467694 core=5
job 2_POW_36 end 1787351480993
job 9_POW_36 started 1787351480993 core=1
job 3_POW_24 end 1787351512615
job 22_POW_36 started 1787351512616 core=4
job 5_SUM_108 end 1787351532585
job 10_SUM_108 started 1787351532585 core=5
job 9_POW_36 end 1787351579857
job 11_COPY_84 started 1787351579857 core=1
job 1_COPY_84 end 1787351589760
job 32_POW_36 started 1787351589760 core=0
job 10_SUM_108 end 1787351606453
job 50_POW_24 started 1787351606453 core=5
job 22_POW_36 end 1787351631325
job 15_SUM_132 started 1787351631325 core=4
job 32_POW_36 end 1787351686828
job 54_POW_24 started 1787351686829 core=0
job 50_POW_24 end 1787351696978
job 12_COPY_84 started 1787351696978 core=5
job 15_SUM_132 end 1787351710472
job 58_POW_24 started 1787351710472 core=4
job 11_COPY_84 end 1787351712440
job 24_SUM_132 started 1787351712441 core=1
job 54_POW_24 end 1787351751100
job 61_POW_36 started 1787351751100 core=0
job 58_POW_24 end 1787351774405
job 63_POW_12 started 1787351774405 core=4
job 63_POW_12 end 1787351806421
job 31_SUM_84 started 1787351806421 core=4
job 12_COPY_84 end 1787351825596
job 64_POW_12 started 1787351825596 core=5
job 24_SUM_132 end 1787351833516
job 14_COPY_84 started 1787351833516 core=1
job 61_POW_36 end 1787351850240
job 82_POW_36 started 1787351850240 core=0
job 31_SUM_84 end 1787351858087
job 85_POW_12 started 1787351858087 core=4
job 64_POW_12 end 1787351868468
job 35_SUM_108 started 1787351868468 core=5
job 85_POW_12 end 1787351889533
job 92_POW_12 started 1787351889534 core=4
job 92_POW_12 end 1787351921541
job 59_SQRTX_12 started 1787351921541 core=4
job 59_SQRTX_12 end 1787351937768
job 36_SUM_108 started 1787351937768 core=4
job 82_POW_36 end 1787351946536
job 18_SQRTX_48 started 1787351946537 core=0
job 14_COPY_84 end 1787351957865
job 42_SUM_84 started 1787351957865 core=1
job 35_SUM_108 end 1787351965935
job 72_SQRTX_48 started 1787351965936 core=5
job 36_SUM_108 end 1787352007079
job 30_ERF_24 started 1787352007079 core=4
job 42_SUM_84 end 1787352010775
job 0_DOT_36 started 1787352010775 core=1
job 18_SQRTX_48 end 1787352011532
job 89_SQRTX_48 started 1787352011532 core=0
job 72_SQRTX_48 end 1787352035024
job 70_ERF_48 started 1787352035024 core=5
job 0_DOT_36 end 1787352045641
job 27_COPY_60 started 1787352045641 core=1
job 30_ERF_24 end 1787352051119
job 75_ERF_12 started 1787352051120 core=4
job 75_ERF_12 end 1787352071778
job 81_ERF_12 started 1787352071778 core=4
job 89_SQRTX_48 end 1787352080018
job 84_ERF_24 started 1787352080019 core=0
job 81_ERF_12 end 1787352093328
job 95_ERF_48 started 1787352093328 core=4
job 84_ERF_24 end 1787352124394
job 44_SUM_108 started 1787352124394 core=0
job 27_COPY_60 end 1787352129349
job 45_SUM_132 started 1787352129349 core=1
job 70_ERF_48 end 1787352153830
job 46_SUM_132 started 1787352153831 core=5
job 95_ERF_48 end 1787352190768
job 47_SUM_84 started 1787352190769 core=4
job 44_SUM_108 end 1787352200721
job 51_SUM_132 started 1787352200721 core=0
job 45_SUM_132 end 1787352222135
job 62_SUM_108 started 1787352222135 core=1
job 46_SUM_132 end 1787352250370
job 66_SUM_132 started 1787352250370 core=5
job 47_SUM_84 end 1787352254117
job 68_SUM_84 started 1787352254117 core=4
job 51_SUM_132 end 1787352300428
job 87_SUM_84 started 1787352300428 core=0
job 62_SUM_108 end 1787352303613
job 90_SUM_132 started 1787352303613 core=1
job 68_SUM_84 end 1787352317556
job 94_SUM_84 started 1787352317556 core=4
job 66_SUM_132 end 1787352349844
job 41_COPY_60 started 1787352349844 core=5
job 87_SUM_84 end 1787352362482
job 55_COPY_60 started 1787352362482 core=0
job 94_SUM_84 end 1787352383149
job 67_COPY_60 started 1787352383149 core=4
job 90_SUM_132 end 1787352418025
job 71_COPY_60 started 1787352418025 core=1
job 41_COPY_60 end 1787352443095
job 79_COPY_60 started 1787352443095 core=5
job 55_COPY_60 end 1787352470916
job 80_COPY_60 started 1787352470916 core=0
job 67_COPY_60 end 1787352495388
job 83_COPY_60 started 1787352495388 core=4
job 71_COPY_60 end 1787352528228
job 97_COPY_60 started 1787352528228 core=1
job 79_COPY_60 end 1787352553376
job 16_COPY_84 started 1787352553377 core=5
job 80_COPY_60 end 1787352581391
job 17_COPY_84 started 1787352581391 core=0
job 83_COPY_60 end 1787352605509
job 34_COPY_84 started 1787352605510 core=4
job 97_COPY_60 end 1787352638102
job 37_COPY_84 started 1787352638102 core=1
job 16_COPY_84 end 1787352707815
job 52_COPY_84 started 1787352707815 core=5
job 17_COPY_84 end 1787352736001
job 53_COPY_84 started 1787352736001 core=0
job 34_COPY_84 end 1787352759946
job 86_COPY_84 started 1787352759947 core=4
job 37_COPY_84 end 1787352792361
job 7_DOT_36 started 1787352792362 core=1
job 7_DOT_36 end 1787352847195
job 8_DOT_84 started 1787352847195 core=1
job 52_COPY_84 end 1787352853787
job 21_DOT_36 started 1787352853787 core=5
job 21_DOT_36 end 1787352900861
job 23_DOT_36 started 1787352900862 core=5
job 53_COPY_84 end 1787352903267
job 25_DOT_36 started 1787352903267 core=0
job 86_COPY_84 end 1787352928531
job 29_DOT_84 started 1787352928531 core=4
job 23_DOT_36 end 1787352952245
job 33_DOT_84 started 1787352952245 core=5
job 25_DOT_36 end 1787352962018
job 49_DOT_84 started 1787352962020 core=0
job 8_DOT_84 end 1787352963701
job 88_DOT_36 started 1787352963702 core=1
job 88_DOT_36 end 1787353018292
job 93_DOT_84 started 1787353018293 core=1
job 29_DOT_84 end 1787353055799
job 73_XPY_60 started 1787353055799 core=4
job 33_DOT_84 end 1787353077961
job 74_XPY_60 started 1787353077961 core=5
job 49_DOT_84 end 1787353093826
job 76_XPY_60 started 1787353093827 core=0
job 93_DOT_84 end 1787353144726
job 77_XPY_60 started 1787353144726 core=1
job 73_XPY_60 end 1787353169975
job 78_XPY_60 started 1787353169975 core=4
job 74_XPY_60 end 1787353180357
job 91_XPY_60 started 1787353180357 core=5
job 76_XPY_60 end 1787353209096
job 98_XPY_60 started 1787353209096 core=0
job 77_XPY_60 end 1787353256199
job 91_XPY_60 end 1787353274685
job 78_XPY_60 end 1787353277943
job 98_XPY_60 end 1787353288568
  итерация 0: 2085631 ms
  среднее по 1 итерациям: 2085631 ms
=== Выполняется проект: no_po_memory_heavy_30.txt (100 работ, перестановка ORDER) ===
fake 3 started 1787353288569 delay_ms=1
fake 1 started 1787353288569 delay_ms=0
fake 1 end 1787353288569
fake 0 started 1787353288569 delay_ms=0
fake 0 end 1787353288569
fake 2 started 1787353288569 delay_ms=0
fake 2 end 1787353288569
job 11_XPY_60 started 1787353288569 core=0
job 23_XPY_60 started 1787353288569 core=4
job 1_TGAMMA_12 started 1787353288569 core=5
fake 3 end 1787353288580
job 8_TGAMMA_12 started 1787353288581 core=1
job 1_TGAMMA_12 end 1787353295387
job 15_TGAMMA_60 started 1787353295387 core=5
job 8_TGAMMA_12 end 1787353295405
job 16_TGAMMA_60 started 1787353295405 core=1
job 15_TGAMMA_60 end 1787353329620
job 38_TGAMMA_12 started 1787353329620 core=5
job 16_TGAMMA_60 end 1787353329625
job 41_TGAMMA_12 started 1787353329625 core=1
job 38_TGAMMA_12 end 1787353336445
job 45_TGAMMA_12 started 1787353336445 core=5
job 41_TGAMMA_12 end 1787353336458
job 62_TGAMMA_12 started 1787353336458 core=1
job 45_TGAMMA_12 end 1787353343267
job 64_TGAMMA_60 started 1787353343267 core=5
job 62_TGAMMA_12 end 1787353343284
job 82_TGAMMA_60 started 1787353343284 core=1
job 23_XPY_60 end 1787353354995
job 48_XPY_60 started 1787353354995 core=4
job 11_XPY_60 end 1787353355352
job 34_XPY_48 started 1787353355352 core=0
job 64_TGAMMA_60 end 1787353377464
job 95_TGAMMA_120 started 1787353377464 core=5
job 82_TGAMMA_60 end 1787353377494
job 98_TGAMMA_60 started 1787353377494 core=1
job 34_XPY_48 end 1787353408725
job 42_XPY_48 started 1787353408725 core=0
job 98_TGAMMA_60 end 1787353411697
job 2_POW_12 started 1787353411697 core=1
job 48_XPY_60 end 1787353424315
job 0_SUM_84 started 1787353424315 core=4
job 2_POW_12 end 1787353438218
job 20_POW_12 started 1787353438218 core=1
job 95_TGAMMA_120 end 1787353446063
job 28_POW_24 started 1787353446063 core=5
job 20_POW_12 end 1787353468809
job 10_COPY_84 started 1787353468809 core=1
job 42_XPY_48 end 1787353473015
job 3_SUM_132 started 1787353473015 core=0
job 0_SUM_84 end 1787353490756
job 35_POW_12 started 1787353490757 core=4
job 35_POW_12 end 1787353523683
job 36_POW_24 started 1787353523683 core=4
job 28_POW_24 end 1787353528837
job 44_POW_36 started 1787353528837 core=5
job 3_SUM_132 end 1787353554189
job 4_SUM_132 started 1787353554189 core=0
job 36_POW_24 end 1787353589721
job 24_COPY_84 started 1787353589721 core=4
job 10_COPY_84 end 1787353603921
job 52_POW_12 started 1787353603921 core=1
job 52_POW_12 end 1787353635871
job 67_POW_12 started 1787353635871 core=1
job 44_POW_36 end 1787353647446
job 80_POW_24 started 1787353647446 core=5
job 4_SUM_132 end 1787353658463
job 13_SUM_84 started 1787353658463 core=0
job 67_POW_12 end 1787353667789
job 81_POW_24 started 1787353667789 core=1
job 24_COPY_84 end 1787353711020
job 92_POW_24 started 1787353711020 core=4
job 80_POW_24 end 1787353711325
job 19_SUM_108 started 1787353711325 core=5
job 13_SUM_84 end 1787353729688
job 46_COPY_84 started 1787353729688 core=0
job 81_POW_24 end 1787353734045
job 93_POW_36 started 1787353734045 core=1
job 19_SUM_108 end 1787353777594
job 96_POW_36 started 1787353777595 core=5
job 92_POW_24 end 1787353796280
job 22_SUM_132 started 1787353796280 core=4
job 93_POW_36 end 1787353830621
job 50_COPY_84 started 1787353830622 core=1
job 46_COPY_84 end 1787353859352
job 5_SQRTX_12 started 1787353859352 core=0
job 5_SQRTX_12 end 1787353875059
job 39_SQRTX_12 started 1787353875059 core=0
job 96_POW_36 end 1787353888148
job 30_SUM_132 started 1787353888149 core=5
job 39_SQRTX_12 end 1787353890707
job 25_SQRTX_48 started 1787353890708 core=0
job 22_SUM_132 end 1787353895434
job 60_SQRTX_48 started 1787353895435 core=4
job 50_COPY_84 end 1787353951975
job 68_SQRTX_48 started 1787353951976 core=1
job 25_SQRTX_48 end 1787353953246
job 9_ERF_12 started 1787353953246 core=0
job 60_SQRTX_48 end 1787353957776
job 12_ERF_24 started 1787353957776 core=4
job 9_ERF_12 end 1787353976057
job 6_COPY_60 started 1787353976058 core=0
job 30_SUM_132 end 1787353983668
job 18_ERF_48 started 1787353983668 core=5
job 12_ERF_24 end 1787354013306
job 87_ERF_24 started 1787354013306 core=4
job 68_SQRTX_48 end 1787354015957
job 88_ERF_48 started 1787354015957 core=1
job 6_COPY_60 end 1787354060306
job 37_SUM_108 started 1787354060306 core=0
job 18_ERF_48 end 1787354070706
job 40_SUM_84 started 1787354070706 core=5
job 87_ERF_24 end 1787354072670
job 43_SUM_108 started 1787354072670 core=4
job 88_ERF_48 end 1787354112416
job 55_SUM_132 started 1787354112416 core=1
job 40_SUM_84 end 1787354132551
job 56_SUM_84 started 1787354132551 core=5
job 37_SUM_108 end 1787354135301
job 61_SUM_132 started 1787354135302 core=0
job 43_SUM_108 end 1787354150820
job 65_SUM_132 started 1787354150820 core=4
job 56_SUM_84 end 1787354195528
job 69_SUM_84 started 1787354195529 core=5
job 55_SUM_132 end 1787354211937
job 70_SUM_132 started 1787354211937 core=1
job 61_SUM_132 end 1787354235392
job 7_COPY_60 started 1787354235392 core=0
job 65_SUM_132 end 1787354256223
job 21_COPY_60 started 1787354256223 core=4
job 69_SUM_84 end 1787354256859
job 27_COPY_60 started 1787354256860 core=5
job 70_SUM_132 end 1787354319729
job 33_COPY_60 started 1787354319729 core=1
job 7_COPY_60 end 1787354347608
job 59_COPY_60 started 1787354347608 core=0
job 27_COPY_60 end 1787354348475
job 91_COPY_60 started 1787354348476 core=5
job 21_COPY_60 end 1787354370291
job 97_COPY_60 started 1787354370292 core=4
job 33_COPY_60 end 1787354429960
job 99_COPY_60 started 1787354429960 core=1
job 59_COPY_60 end 1787354458411
job 53_COPY_84 started 1787354458412 core=0
job 91_COPY_60 end 1787354458973
job 75_COPY_84 started 1787354458973 core=5
job 97_COPY_60 end 1787354480189
job 79_COPY_84 started 1787354480190 core=4
job 99_COPY_60 end 1787354539958
job 83_COPY_84 started 1787354539959 core=1
job 53_COPY_84 end 1787354613498
job 90_COPY_84 started 1787354613498 core=0
job 75_COPY_84 end 1787354613535
job 14_DOT_84 started 1787354613535 core=5
job 79_COPY_84 end 1787354635919
job 17_DOT_84 started 1787354635919 core=4
job 83_COPY_84 end 1787354687672
job 26_DOT_36 started 1787354687673 core=1
job 26_DOT_36 end 1787354737724
job 29_DOT_36 started 1787354737724 core=1
job 14_DOT_84 end 1787354739580
job 31_DOT_36 started 1787354739580 core=5
job 90_COPY_84 end 1787354769552
job 32_DOT_36 started 1787354769555 core=0
job 17_DOT_84 end 1787354780012
job 47_DOT_84 started 1787354780012 core=4
job 29_DOT_36 end 1787354788838
job 49_DOT_36 started 1787354788838 core=1
job 31_DOT_36 end 1787354790935
job 63_DOT_36 started 1787354790935 core=5
job 32_DOT_36 end 1787354824331
job 72_DOT_84 started 1787354824331 core=0
job 49_DOT_36 end 1787354843332
job 74_DOT_84 started 1787354843332 core=1
job 63_DOT_36 end 1787354845502
job 76_DOT_84 started 1787354845503 core=5
job 47_DOT_84 end 1787354907143
job 77_DOT_36 started 1787354907143 core=4
job 72_DOT_84 end 1787354952006
job 78_DOT_36 started 1787354952006 core=0
job 77_DOT_36 end 1787354962205
job 84_DOT_36 started 1787354962205 core=4
job 74_DOT_84 end 1787354970793
job 85_DOT_84 started 1787354970794 core=1
job 76_DOT_84 end 1787354973528
job 86_DOT_84 started 1787354973528 core=5
job 78_DOT_36 end 1787355006157
job 51_XPY_48 started 1787355006157 core=0
job 84_DOT_36 end 1787355017738
job 57_XPY_48 started 1787355017739 core=4
job 85_DOT_84 end 1787355086304
job 71_XPY_48 started 1787355086304 core=1
job 86_DOT_84 end 1787355089294
job 73_XPY_48 started 1787355089294 core=5
job 51_XPY_48 end 1787355107147
job 94_XPY_48 started 1787355107147 core=0
job 57_XPY_48 end 1787355118629
job 54_XPY_60 started 1787355118630 core=4
job 71_XPY_48 end 1787355174774
job 58_XPY_60 started 1787355174774 core=1
job 73_XPY_48 end 1787355178496
job 66_XPY_60 started 1787355178497 core=5
job 94_XPY_48 end 1787355196569
job 89_XPY_60 started 1787355196569 core=0
job 54_XPY_60 end 1787355230221
job 89_XPY_60 end 1787355270549
job 58_XPY_60 end 1787355277971
job 66_XPY_60 end 1787355279117
  итерация 0: 1990548 ms
  среднее по 1 итерациям: 1990548 ms
=== Выполняется проект: no_po_memory_heavy_4.txt (100 работ, перестановка ORDER) ===
fake 3 started 1787355279118 delay_ms=1
fake 2 started 1787355279118 delay_ms=0
fake 2 end 1787355279118
fake 0 started 1787355279118 delay_ms=0
fake 0 end 1787355279118
fake 1 started 1787355279118 delay_ms=0
fake 1 end 1787355279118
job 15_XPY_60 started 1787355279118 core=1
job 7_XPY_60 started 1787355279118 core=5
job 6_TGAMMA_120 started 1787355279118 core=0
fake 3 end 1787355279119
job 12_TGAMMA_12 started 1787355279119 core=4
job 12_TGAMMA_12 end 1787355285938
job 14_TGAMMA_60 started 1787355285938 core=4
job 14_TGAMMA_60 end 1787355320103
job 22_TGAMMA_120 started 1787355320103 core=4
job 15_XPY_60 end 1787355345576
job 24_XPY_60 started 1787355345576 core=1
job 7_XPY_60 end 1787355345797
job 3_XPY_48 started 1787355345797 core=5
job 6_TGAMMA_120 end 1787355347563
job 23_TGAMMA_60 started 1787355347563 core=0
job 23_TGAMMA_60 end 1787355381797
job 32_TGAMMA_12 started 1787355381798 core=0
job 22_TGAMMA_120 end 1787355388446
job 35_TGAMMA_120 started 1787355388446 core=4
job 32_TGAMMA_12 end 1787355388625
job 59_TGAMMA_60 started 1787355388625 core=0
job 3_XPY_48 end 1787355399209
job 11_XPY_48 started 1787355399209 core=5
job 24_XPY_60 end 1787355411934
job 56_XPY_48 started 1787355411934 core=1
job 59_TGAMMA_60 end 1787355422862
job 61_TGAMMA_60 started 1787355422862 core=0
job 11_XPY_48 end 1787355452539
job 57_XPY_48 started 1787355452539 core=5
job 35_TGAMMA_120 end 1787355456762
job 70_XPY_48 started 1787355456763 core=4
job 61_TGAMMA_60 end 1787355457072
job 67_TGAMMA_12 started 1787355457072 core=0
job 67_TGAMMA_12 end 1787355464247
job 71_TGAMMA_120 started 1787355464247 core=0
job 56_XPY_48 end 1787355470395
job 73_TGAMMA_12 started 1787355470395 core=1
job 73_TGAMMA_12 end 1787355477495
job 81_TGAMMA_60 started 1787355477495 core=1
job 70_XPY_48 end 1787355509571
job 77_XPY_48 started 1787355509571 core=4
job 57_XPY_48 end 1787355511015
job 83_TGAMMA_12 started 1787355511015 core=5
job 81_TGAMMA_60 end 1787355512840
job 78_XPY_48 started 1787355512840 core=1
job 83_TGAMMA_12 end 1787355518061
job 86_TGAMMA_12 started 1787355518061 core=5
job 86_TGAMMA_12 end 1787355525262
job 5_POW_12 started 1787355525262 core=5
job 71_TGAMMA_120 end 1787355535178
job 10_POW_24 started 1787355535179 core=0
job 77_XPY_48 end 1787355568022
job 64_SQRTX_48 started 1787355568022 core=4
job 5_POW_12 end 1787355572681
job 16_POW_24 started 1787355572681 core=5
job 78_XPY_48 end 1787355576000
job 25_XPY_60 started 1787355576000 core=1
job 10_POW_24 end 1787355608519
job 18_POW_12 started 1787355608519 core=0
job 64_SQRTX_48 end 1787355631936
job 30_POW_24 started 1787355631936 core=4
job 18_POW_12 end 1787355639492
job 13_SQRTX_12 started 1787355639492 core=0
job 13_SQRTX_12 end 1787355655180
job 49_POW_24 started 1787355655180 core=0
job 25_XPY_60 end 1787355655833
job 37_SQRTX_12 started 1787355655833 core=1
job 16_POW_24 end 1787355661999
job 31_XPY_60 started 1787355662000 core=5
job 37_SQRTX_12 end 1787355675721
job 46_SQRTX_12 started 1787355675721 core=1
job 30_POW_24 end 1787355692439
job 93_SQRTX_12 started 1787355692439 core=4
job 46_SQRTX_12 end 1787355699668
job 53_POW_12 started 1787355699668 core=1
job 93_SQRTX_12 end 1787355708178
job 92_SQRTX_48 started 1787355708178 core=4
job 49_POW_24 end 1787355715541
job 72_POW_12 started 1787355715541 core=0
job 31_XPY_60 end 1787355741437
job 80_XPY_60 started 1787355741437 core=5
job 53_POW_12 end 1787355744538
job 76_POW_12 started 1787355744538 core=1
job 72_POW_12 end 1787355745674
job 85_POW_36 started 1787355745674 core=0
job 92_SQRTX_48 end 1787355770539
job 28_ERF_24 started 1787355770539 core=4
job 76_POW_12 end 1787355790319
job 54_ERF_24 started 1787355790319 core=1
job 28_ERF_24 end 1787355814554
job 0_DOT_84 started 1787355814555 core=4
job 80_XPY_60 end 1787355822065
job 65_ERF_12 started 1787355822065 core=5
job 85_POW_36 end 1787355843914
job 79_ERF_24 started 1787355843915 core=0
job 65_ERF_12 end 1787355847242
job 1_SUM_108 started 1787355847243 core=5
job 54_ERF_24 end 1787355850400
job 17_SUM_108 started 1787355850400 core=1
job 79_ERF_24 end 1787355907545
job 19_SUM_108 started 1787355907545 core=0
job 0_DOT_84 end 1787355915014
job 21_SUM_132 started 1787355915014 core=4
job 1_SUM_108 end 1787355924811
job 27_SUM_132 started 1787355924811 core=5
job 17_SUM_108 end 1787355928131
job 29_SUM_84 started 1787355928131 core=1
job 19_SUM_108 end 1787355990426
job 33_SUM_108 started 1787355990427 core=0
job 29_SUM_84 end 1787355991397
job 36_SUM_108 started 1787355991397 core=1
job 21_SUM_132 end 1787356014139
job 39_SUM_84 started 1787356014139 core=4
job 27_SUM_132 end 1787356024826
job 43_SUM_84 started 1787356024827 core=5
job 33_SUM_108 end 1787356072062
job 44_SUM_132 started 1787356072062 core=0
job 36_SUM_108 end 1787356072793
job 45_SUM_132 started 1787356072793 core=1
job 39_SUM_84 end 1787356077376
job 47_SUM_132 started 1787356077376 core=4
job 43_SUM_84 end 1787356088274
job 48_SUM_132 started 1787356088274 core=5
job 44_SUM_132 end 1787356171753
job 58_SUM_108 started 1787356171753 core=0
job 45_SUM_132 end 1787356172215
job 60_SUM_84 started 1787356172215 core=1
job 47_SUM_132 end 1787356176738
job 66_SUM_84 started 1787356176739 core=4
job 48_SUM_132 end 1787356188072
job 69_SUM_84 started 1787356188072 core=5
job 60_SUM_84 end 1787356235471
job 87_SUM_132 started 1787356235471 core=1
job 66_SUM_84 end 1787356239664
job 89_SUM_132 started 1787356239665 core=4
job 69_SUM_84 end 1787356251725
job 91_SUM_84 started 1787356251725 core=5
job 58_SUM_108 end 1787356253214
job 94_SUM_108 started 1787356253214 core=0
job 91_SUM_84 end 1787356315175
job 97_SUM_108 started 1787356315175 core=5
job 94_SUM_108 end 1787356334807
job 8_COPY_60 started 1787356334807 core=0
job 87_SUM_132 end 1787356335009
job 34_COPY_60 started 1787356335009 core=1
job 89_SUM_132 end 1787356339864
job 38_COPY_60 started 1787356339865 core=4
job 97_SUM_108 end 1787356410995
job 96_COPY_60 started 1787356410996 core=5
job 34_COPY_60 end 1787356421914
job 4_COPY_84 started 1787356421914 core=1
job 8_COPY_60 end 1787356447901
job 26_COPY_84 started 1787356447902 core=0
job 38_COPY_60 end 1787356453899
job 51_COPY_84 started 1787356453899 core=4
job 96_COPY_60 end 1787356521327
job 55_COPY_84 started 1787356521329 core=5
job 4_COPY_84 end 1787356576293
job 88_COPY_84 started 1787356576293 core=1
job 26_COPY_84 end 1787356602609
job 98_COPY_84 started 1787356602609 core=0
job 51_COPY_84 end 1787356607982
job 2_DOT_36 started 1787356607983 core=4
job 2_DOT_36 end 1787356662766
job 9_DOT_84 started 1787356662766 core=4
job 55_COPY_84 end 1787356680855
job 20_DOT_84 started 1787356680856 core=5
job 88_COPY_84 end 1787356732381
job 40_DOT_36 started 1787356732381 core=1
job 98_COPY_84 end 1787356743592
job 41_DOT_36 started 1787356743592 core=0
job 40_DOT_36 end 1787356785935
job 42_DOT_36 started 1787356785935 core=1
job 9_DOT_84 end 1787356795005
job 50_DOT_36 started 1787356795005 core=4
job 41_DOT_36 end 1787356798498
job 52_DOT_36 started 1787356798498 core=0
job 20_DOT_84 end 1787356811177
job 62_DOT_36 started 1787356811177 core=5
job 42_DOT_36 end 1787356840475
job 63_DOT_36 started 1787356840476 core=1
job 50_DOT_36 end 1787356849553
job 68_DOT_36 started 1787356849553 core=4
job 52_DOT_36 end 1787356853193
job 74_DOT_36 started 1787356853194 core=0
job 62_DOT_36 end 1787356865995
job 75_DOT_36 started 1787356865995 core=5
job 63_DOT_36 end 1787356895073
job 95_DOT_36 started 1787356895074 core=1
job 68_DOT_36 end 1787356904102
job 99_DOT_84 started 1787356904102 core=4
job 74_DOT_36 end 1787356907970
job 82_XPY_48 started 1787356907970 core=0
job 75_DOT_36 end 1787356919548
job 84_XPY_48 started 1787356919548 core=5
job 95_DOT_36 end 1787356950051
job 90_XPY_48 started 1787356950051 core=1
job 82_XPY_48 end 1787356989359
job 99_DOT_84 end 1787357010774
job 84_XPY_48 end 1787357010821
job 90_XPY_48 end 1787357019735
  итерация 0: 1740617 ms
  среднее по 1 итерациям: 1740617 ms
=== Выполняется проект: no_po_memory_heavy_5.txt (100 работ, перестановка ORDER) ===
fake 3 started 1787357019736 delay_ms=1
fake 2 started 1787357019736 delay_ms=0
fake 2 end 1787357019736
fake 0 started 1787357019736 delay_ms=0
fake 0 end 1787357019736
fake 1 started 1787357019736 delay_ms=0
fake 1 end 1787357019736
job 14_XPY_60 started 1787357019736 core=5
job 4_XPY_60 started 1787357019736 core=1
fake 3 end 1787357019737
job 16_TGAMMA_60 started 1787357019737 core=4
job 22_TGAMMA_120 started 1787357019759 core=0
job 16_TGAMMA_60 end 1787357053933
job 23_TGAMMA_12 started 1787357053933 core=4
job 23_TGAMMA_12 end 1787357060750
job 26_TGAMMA_120 started 1787357060750 core=4
job 4_XPY_60 end 1787357086257
job 59_XPY_60 started 1787357086257 core=1
job 14_XPY_60 end 1787357086479
job 8_XPY_48 started 1787357086480 core=5
job 22_TGAMMA_120 end 1787357088270
job 31_TGAMMA_120 started 1787357088270 core=0
job 26_TGAMMA_120 end 1787357129175
job 40_TGAMMA_120 started 1787357129175 core=4
job 8_XPY_48 end 1787357139764
job 12_XPY_48 started 1787357139765 core=5
job 59_XPY_60 end 1787357152618
job 29_XPY_48 started 1787357152618 core=1
job 31_TGAMMA_120 end 1787357156775
job 43_TGAMMA_60 started 1787357156775 core=0
job 43_TGAMMA_60 end 1787357191034
job 45_XPY_48 started 1787357191034 core=0
job 12_XPY_48 end 1787357194182
job 44_TGAMMA_60 started 1787357194182 core=5
job 40_TGAMMA_120 end 1787357197843
job 48_XPY_48 started 1787357197844 core=4
job 29_XPY_48 end 1787357207212
job 57_TGAMMA_120 started 1787357207212 core=1
job 44_TGAMMA_60 end 1787357228898
job 67_TGAMMA_60 started 1787357228898 core=5
job 45_XPY_48 end 1787357247794
job 89_XPY_48 started 1787357247794 core=0
job 48_XPY_48 end 1787357254901
job 93_XPY_48 started 1787357254901 core=4
job 67_TGAMMA_60 end 1787357263097
job 79_TGAMMA_12 started 1787357263097 core=5
job 79_TGAMMA_12 end 1787357269921
job 82_TGAMMA_12 started 1787357269921 core=5
job 57_TGAMMA_120 end 1787357275567
job 85_TGAMMA_120 started 1787357275567 core=1
job 82_TGAMMA_12 end 1787357276745
job 86_TGAMMA_120 started 1787357276745 core=5
job 89_XPY_48 end 1787357301290
job 61_XPY_60 started 1787357301290 core=0
job 93_XPY_48 end 1787357308177
job 62_XPY_60 started 1787357308177 core=4
job 85_TGAMMA_120 end 1787357343903
job 18_POW_12 started 1787357343903 core=1
job 86_TGAMMA_120 end 1787357345133
job 25_POW_24 started 1787357345134 core=5
job 18_POW_12 end 1787357374427
job 24_SQRTX_12 started 1787357374427 core=1
job 61_XPY_60 end 1787357383685
job 68_XPY_60 started 1787357383686 core=0
job 24_SQRTX_12 end 1787357390053
job 28_POW_12 started 1787357390054 core=1
job 62_XPY_60 end 1787357395010
job 98_SQRTX_12 started 1787357395010 core=4
job 25_POW_24 end 1787357406004
job 99_SQRTX_48 started 1787357406006 core=5
job 98_SQRTX_12 end 1787357419031
job 30_POW_12 started 1787357419031 core=4
job 28_POW_12 end 1787357420409
job 50_POW_36 started 1787357420409 core=1
job 30_POW_12 end 1787357464374
job 56_POW_36 started 1787357464374 core=4
job 68_XPY_60 end 1787357466783
job 81_XPY_60 started 1787357466783 core=0
job 99_SQRTX_48 end 1787357468779
job 7_ERF_12 started 1787357468779 core=5
job 7_ERF_12 end 1787357490966
job 15_ERF_24 started 1787357490966 core=5
job 50_POW_36 end 1787357513068
job 66_POW_12 started 1787357513068 core=1
job 15_ERF_24 end 1787357535390
job 92_XPY_60 started 1787357535390 core=5
job 66_POW_12 end 1787357548119
job 33_ERF_12 started 1787357548119 core=1
job 81_XPY_60 end 1787357548482
job 73_POW_12 started 1787357548482 core=0
job 73_POW_12 end 1787357579109
job 75_POW_24 started 1787357579109 core=0
job 33_ERF_12 end 1787357581505
job 34_ERF_48 started 1787357581505 core=1
job 56_POW_36 end 1787357584492
job 84_POW_36 started 1787357584492 core=4
job 92_XPY_60 end 1787357620136
job 6_DOT_84 started 1787357620136 core=5
job 75_POW_24 end 1787357642130
job 52_ERF_48 started 1787357642131 core=0
job 84_POW_36 end 1787357682127
job 64_ERF_48 started 1787357682127 core=4
job 34_ERF_48 end 1787357703969
job 10_DOT_84 started 1787357703970 core=1
job 6_DOT_84 end 1787357709152
job 74_ERF_24 started 1787357709152 core=5
job 52_ERF_48 end 1787357741006
job 88_POW_24 started 1787357741006 core=0
job 74_ERF_24 end 1787357769466
job 0_SUM_108 started 1787357769466 core=5
job 64_ERF_48 end 1787357781873
job 2_SUM_84 started 1787357781873 core=4
job 10_DOT_84 end 1787357793836
job 3_SUM_108 started 1787357793836 core=1
job 88_POW_24 end 1787357812906
job 5_SUM_132 started 1787357812906 core=0
job 2_SUM_84 end 1787357843005
job 9_SUM_84 started 1787357843005 core=4
job 0_SUM_108 end 1787357851821
job 11_SUM_84 started 1787357851822 core=5
job 3_SUM_108 end 1787357874050
job 20_SUM_132 started 1787357874051 core=1
job 9_SUM_84 end 1787357906080
job 21_SUM_132 started 1787357906080 core=4
job 5_SUM_132 end 1787357912875
job 27_SUM_108 started 1787357912875 core=0
job 11_SUM_84 end 1787357915061
job 35_SUM_132 started 1787357915062 core=5
job 20_SUM_132 end 1787357973432
job 46_SUM_132 started 1787357973433 core=1
job 27_SUM_108 end 1787357994130
job 49_SUM_84 started 1787357994131 core=0
job 21_SUM_132 end 1787358005760
job 55_SUM_84 started 1787358005760 core=4
job 35_SUM_132 end 1787358014738
job 58_SUM_84 started 1787358014738 core=5
job 49_SUM_84 end 1787358057797
job 60_SUM_108 started 1787358057798 core=0
job 55_SUM_84 end 1787358069374
job 63_SUM_132 started 1787358069374 core=4
job 46_SUM_132 end 1787358072485
job 70_SUM_108 started 1787358072485 core=1
job 58_SUM_84 end 1787358078005
job 71_SUM_132 started 1787358078005 core=5
job 60_SUM_108 end 1787358139384
job 76_SUM_84 started 1787358139384 core=0
job 70_SUM_108 end 1787358154156
job 78_SUM_108 started 1787358154157 core=1
job 63_SUM_132 end 1787358168729
job 96_SUM_132 started 1787358168730 core=4
job 71_SUM_132 end 1787358177593
job 1_COPY_60 started 1787358177593 core=5
job 76_SUM_84 end 1787358200542
job 32_COPY_60 started 1787358200543 core=0
job 78_SUM_108 end 1787358254461
job 41_COPY_60 started 1787358254461 core=1
job 1_COPY_60 end 1787358274627
job 47_COPY_60 started 1787358274628 core=5
job 96_SUM_132 end 1787358278814
job 80_COPY_60 started 1787358278814 core=4
job 32_COPY_60 end 1787358293757
job 90_COPY_60 started 1787358293757 core=0
job 41_COPY_60 end 1787358366195
job 13_COPY_84 started 1787358366196 core=1
job 47_COPY_60 end 1787358385178
job 17_COPY_84 started 1787358385178 core=5
job 80_COPY_60 end 1787358388976
job 19_COPY_84 started 1787358388976 core=4
job 90_COPY_60 end 1787358404271
job 69_COPY_84 started 1787358404272 core=0
job 13_COPY_84 end 1787358520373
job 72_COPY_84 started 1787358520373 core=1
job 17_COPY_84 end 1787358539552
job 94_COPY_84 started 1787358539552 core=5
job 19_COPY_84 end 1787358543421
job 36_DOT_84 started 1787358543421 core=4
job 69_COPY_84 end 1787358557391
job 37_DOT_36 started 1787358557391 core=0
job 37_DOT_36 end 1787358604507
job 38_DOT_84 started 1787358604507 core=0
job 36_DOT_84 end 1787358655370
job 39_DOT_36 started 1787358655372 core=4
job 72_COPY_84 end 1787358699918
job 42_DOT_84 started 1787358699918 core=1
job 39_DOT_36 end 1787358702408
job 51_DOT_36 started 1787358702408 core=4
job 38_DOT_84 end 1787358715056
job 53_DOT_36 started 1787358715056 core=0
job 94_COPY_84 end 1787358720176
job 54_DOT_84 started 1787358720176 core=5
job 51_DOT_36 end 1787358754811
job 65_DOT_84 started 1787358754812 core=4
job 53_DOT_36 end 1787358769196
job 77_DOT_84 started 1787358769196 core=0
job 42_DOT_84 end 1787358830343
job 83_DOT_84 started 1787358830344 core=1
job 54_DOT_84 end 1787358847600
job 87_DOT_84 started 1787358847600 core=5
job 65_DOT_84 end 1787358881873
job 91_DOT_84 started 1787358881874 core=4
job 77_DOT_84 end 1787358896812
job 95_DOT_84 started 1787358896813 core=0
job 83_DOT_84 end 1787358957985
job 97_DOT_36 started 1787358957985 core=1
job 87_DOT_84 end 1787358974835
job 97_DOT_36 end 1787358995034
job 91_DOT_84 end 1787359002147
job 95_DOT_84 end 1787359006684
  итерация 0: 1986948 ms
  среднее по 1 итерациям: 1986948 ms
=== Выполняется проект: no_po_memory_heavy_6.txt (100 работ, перестановка ORDER) ===
fake 3 started 1787359006685 delay_ms=1
fake 2 started 1787359006685 delay_ms=0
fake 2 end 1787359006685
fake 0 started 1787359006685 delay_ms=0
fake 0 end 1787359006685
fake 1 started 1787359006685 delay_ms=0
fake 1 end 1787359006685
job 22_XPY_60 started 1787359006685 core=0
job 35_XPY_60 started 1787359006685 core=4
job 4_TGAMMA_60 started 1787359006685 core=1
fake 3 end 1787359006698
job 8_TGAMMA_60 started 1787359006699 core=5
job 4_TGAMMA_60 end 1787359040881
job 11_TGAMMA_60 started 1787359040881 core=1
job 8_TGAMMA_60 end 1787359040917
job 28_TGAMMA_12 started 1787359040917 core=5
job 28_TGAMMA_12 end 1787359047753
job 30_TGAMMA_60 started 1787359047754 core=5
job 35_XPY_60 end 1787359073238
job 36_XPY_60 started 1787359073238 core=4
job 22_XPY_60 end 1787359073624
job 7_XPY_48 started 1787359073624 core=0
job 11_TGAMMA_60 end 1787359075069
job 40_TGAMMA_120 started 1787359075069 core=1
job 30_TGAMMA_60 end 1787359081941
job 41_TGAMMA_12 started 1787359081941 core=5
job 41_TGAMMA_12 end 1787359088757
job 44_TGAMMA_12 started 1787359088758 core=5
job 44_TGAMMA_12 end 1787359095574
job 45_TGAMMA_60 started 1787359095574 core=5
job 7_XPY_48 end 1787359127203
job 12_XPY_48 started 1787359127203 core=0
job 45_TGAMMA_60 end 1787359129755
job 47_TGAMMA_12 started 1787359129756 core=5
job 47_TGAMMA_12 end 1787359136570
job 23_XPY_48 started 1787359136571 core=5
job 36_XPY_60 end 1787359141872
job 48_TGAMMA_60 started 1787359141872 core=4
job 40_TGAMMA_120 end 1787359143644
job 90_TGAMMA_12 started 1787359143644 core=1
job 90_TGAMMA_12 end 1787359150744
job 94_TGAMMA_120 started 1787359150744 core=1
job 48_TGAMMA_60 end 1787359177329
job 95_TGAMMA_12 started 1787359177329 core=4
job 12_XPY_48 end 1787359182607
job 26_XPY_48 started 1787359182607 core=0
job 95_TGAMMA_12 end 1787359184489
job 14_POW_36 started 1787359184489 core=4
job 23_XPY_48 end 1787359189246
job 0_SUM_132 started 1787359189247 core=5
job 94_TGAMMA_120 end 1787359221021
job 17_POW_12 started 1787359221021 core=1
job 26_XPY_48 end 1787359252832
job 18_COPY_84 started 1787359252832 core=0
job 17_POW_12 end 1787359253806
job 24_POW_24 started 1787359253806 core=1
job 0_SUM_132 end 1787359255075
job 1_SUM_108 started 1787359255075 core=5
job 24_POW_24 end 1787359319793
job 60_POW_24 started 1787359319794 core=1
job 1_SUM_108 end 1787359319844
job 63_POW_36 started 1787359319844 core=5
job 14_POW_36 end 1787359327468
job 3_SUM_84 started 1787359327468 core=4
job 18_COPY_84 end 1787359382976
job 29_COPY_84 started 1787359382977 core=0
job 60_POW_24 end 1787359383614
job 74_POW_36 started 1787359383614 core=1
job 3_SUM_84 end 1787359403607
job 20_SUM_132 started 1787359403607 core=4
job 63_POW_36 end 1787359415544
job 84_POW_24 started 1787359415544 core=5
job 74_POW_36 end 1787359479348
job 87_POW_36 started 1787359479348 core=1
job 84_POW_24 end 1787359479544
job 39_COPY_84 started 1787359479544 core=5
job 29_COPY_84 end 1787359504849
job 32_SUM_84 started 1787359504849 core=0
job 20_SUM_132 end 1787359520585
job 88_POW_36 started 1787359520585 core=4
job 32_SUM_84 end 1787359556896
job 33_SUM_132 started 1787359556896 core=0
job 39_COPY_84 end 1787359614212
job 96_POW_12 started 1787359614212 core=5
job 87_POW_36 end 1787359616666
job 43_COPY_84 started 1787359616666 core=1
job 88_POW_36 end 1787359619564
job 98_POW_12 started 1787359619564 core=4
job 33_SUM_132 end 1787359636289
job 5_SQRTX_12 started 1787359636290 core=0
job 98_POW_12 end 1787359651088
job 34_SUM_108 started 1787359651088 core=4
job 5_SQRTX_12 end 1787359651790
job 99_SQRTX_12 started 1787359651791 core=0
job 96_POW_12 end 1787359656815
job 31_SQRTX_48 started 1787359656815 core=5
job 99_SQRTX_12 end 1787359667341
job 6_ERF_48 started 1787359667341 core=0
job 34_SUM_108 end 1787359713116
job 21_ERF_12 started 1787359713116 core=4
job 21_ERF_12 end 1787359734955
job 38_ERF_48 started 1787359734955 core=4
job 43_COPY_84 end 1787359741174
job 42_SUM_84 started 1787359741174 core=1
job 31_SQRTX_48 end 1787359744926
job 73_ERF_12 started 1787359744926 core=5
job 6_ERF_48 end 1787359761023
job 75_ERF_24 started 1787359761023 core=0
job 73_ERF_12 end 1787359769393
job 83_ERF_12 started 1787359769394 core=5
job 42_SUM_84 end 1787359790091
job 54_SUM_84 started 1787359790092 core=1
job 83_ERF_12 end 1787359793995
job 97_ERF_24 started 1787359793995 core=5
job 75_ERF_24 end 1787359809451
job 55_SUM_108 started 1787359809452 core=0
job 38_ERF_48 end 1787359831962
job 59_SUM_132 started 1787359831963 core=4
job 97_ERF_24 end 1787359844015
job 65_SUM_84 started 1787359844015 core=5
job 54_SUM_84 end 1787359844070
job 70_SUM_108 started 1787359844070 core=1
job 55_SUM_108 end 1787359887117
job 71_SUM_132 started 1787359887117 core=0
job 65_SUM_84 end 1787359907504
job 76_SUM_84 started 1787359907504 core=5
job 70_SUM_108 end 1787359925739
job 77_SUM_108 started 1787359925739 core=1
job 59_SUM_132 end 1787359930319
job 91_SUM_84 started 1787359930319 core=4
job 76_SUM_84 end 1787359971065
job 93_SUM_132 started 1787359971066 core=5
job 71_SUM_132 end 1787359986678
job 9_COPY_60 started 1787359986678 core=0
job 91_SUM_84 end 1787359996376
job 25_COPY_60 started 1787359996376 core=4
job 77_SUM_108 end 1787360004809
job 64_COPY_60 started 1787360004809 core=1
job 93_SUM_132 end 1787360082291
job 72_COPY_60 started 1787360082292 core=5
job 64_COPY_60 end 1787360091341
job 89_COPY_84 started 1787360091341 core=1
job 9_COPY_60 end 1787360101918
job 2_DOT_36 started 1787360101919 core=0
job 25_COPY_60 end 1787360111620
job 10_DOT_84 started 1787360111621 core=4
job 2_DOT_36 end 1787360150473
job 13_DOT_84 started 1787360150473 core=0
job 72_COPY_60 end 1787360209748
job 15_DOT_84 started 1787360209748 core=5
job 10_DOT_84 end 1787360221938
job 16_DOT_84 started 1787360221938 core=4
job 13_DOT_84 end 1787360263391
job 19_DOT_36 started 1787360263392 core=0
job 89_COPY_84 end 1787360265132
job 27_DOT_36 started 1787360265132 core=1
job 19_DOT_36 end 1787360318077
job 49_DOT_84 started 1787360318079 core=0
job 27_DOT_36 end 1787360319795
job 50_DOT_84 started 1787360319795 core=1
job 16_DOT_84 end 1787360345365
job 51_DOT_36 started 1787360345365 core=4
job 15_DOT_84 end 1787360345746
job 56_DOT_36 started 1787360345746 core=5
job 51_DOT_36 end 1787360400128
job 58_DOT_84 started 1787360400128 core=4
job 56_DOT_36 end 1787360400467
job 61_DOT_36 started 1787360400468 core=5
job 49_DOT_84 end 1787360445773
job 62_DOT_84 started 1787360445773 core=0
job 50_DOT_84 end 1787360446867
job 66_DOT_36 started 1787360446867 core=1
job 61_DOT_36 end 1787360454452
job 78_DOT_36 started 1787360454452 core=5
job 66_DOT_36 end 1787360501462
job 92_DOT_36 started 1787360501462 core=1
job 78_DOT_36 end 1787360509469
job 37_XPY_48 started 1787360509469 core=5
job 58_DOT_84 end 1787360526066
job 46_XPY_48 started 1787360526067 core=4
job 92_DOT_36 end 1787360560970
job 53_XPY_48 started 1787360560971 core=1
job 62_DOT_84 end 1787360574046
job 68_XPY_48 started 1787360574047 core=0
job 37_XPY_48 end 1787360596969
job 69_XPY_48 started 1787360596970 core=5
job 46_XPY_48 end 1787360610250
job 81_XPY_48 started 1787360610250 core=4
job 53_XPY_48 end 1787360650950
job 85_XPY_48 started 1787360650950 core=1
job 68_XPY_48 end 1787360663488
job 86_XPY_48 started 1787360663489 core=0
job 69_XPY_48 end 1787360686113
job 52_XPY_60 started 1787360686113 core=5
job 81_XPY_48 end 1787360699495
job 57_XPY_60 started 1787360699495 core=4
job 85_XPY_48 end 1787360740064
job 67_XPY_60 started 1787360740064 core=1
job 86_XPY_48 end 1787360752878
job 79_XPY_60 started 1787360752879 core=0
job 52_XPY_60 end 1787360797662
job 80_XPY_60 started 1787360797663 core=5
job 57_XPY_60 end 1787360811011
job 82_XPY_60 started 1787360811011 core=4
job 67_XPY_60 end 1787360851504
job 79_XPY_60 end 1787360864485
job 80_XPY_60 end 1787360880841
job 82_XPY_60 end 1787360887707
  итерация 0: 1881022 ms
  среднее по 1 итерациям: 1881022 ms
=== Выполняется проект: no_po_memory_heavy_7.txt (100 работ, перестановка ORDER) ===
fake 3 started 1787360887708 delay_ms=1
fake 2 started 1787360887708 delay_ms=0
fake 0 started 1787360887708 delay_ms=0
fake 0 end 1787360887708
fake 2 end 1787360887708
fake 1 started 1787360887708 delay_ms=0
fake 1 end 1787360887708
job 31_XPY_60 started 1787360887708 core=4
job 21_XPY_48 started 1787360887708 core=5
fake 3 end 1787360887720
job 9_TGAMMA_60 started 1787360887721 core=0
job 14_TGAMMA_12 started 1787360887736 core=1
job 14_TGAMMA_12 end 1787360894914
job 22_TGAMMA_60 started 1787360894914 core=1
job 9_TGAMMA_60 end 1787360923223
job 27_TGAMMA_12 started 1787360923224 core=0
job 22_TGAMMA_60 end 1787360930329
job 33_TGAMMA_12 started 1787360930329 core=1
job 27_TGAMMA_12 end 1787360930406
job 42_TGAMMA_120 started 1787360930407 core=0
job 33_TGAMMA_12 end 1787360937523
job 45_TGAMMA_120 started 1787360937524 core=1
job 21_XPY_48 end 1787360940387
job 44_XPY_48 started 1787360940387 core=5
job 31_XPY_60 end 1787360953544
job 57_XPY_48 started 1787360953544 core=4
job 44_XPY_48 end 1787360992860
job 68_XPY_48 started 1787360992861 core=5
job 42_TGAMMA_120 end 1787361001372
job 60_TGAMMA_12 started 1787361001372 core=0
job 57_XPY_48 end 1787361006130
job 81_XPY_48 started 1787361006130 core=4
job 45_TGAMMA_120 end 1787361008275
job 73_TGAMMA_120 started 1787361008276 core=1
job 60_TGAMMA_12 end 1787361008528
job 88_TGAMMA_120 started 1787361008528 core=0
job 68_XPY_48 end 1787361045418
job 92_XPY_48 started 1787361045418 core=5
job 81_XPY_48 end 1787361058810
job 96_XPY_48 started 1787361058810 core=4
job 73_TGAMMA_120 end 1787361079049
job 90_TGAMMA_12 started 1787361079049 core=1
job 88_TGAMMA_120 end 1787361079501
job 26_POW_24 started 1787361079502 core=0
job 90_TGAMMA_12 end 1787361086233
job 29_POW_12 started 1787361086233 core=1
job 92_XPY_48 end 1787361101015
job 25_SQRTX_12 started 1787361101015 core=5
job 25_SQRTX_12 end 1787361116629
job 98_XPY_48 started 1787361116629 core=5
job 96_XPY_48 end 1787361118633
job 46_SQRTX_12 started 1787361118634 core=4
job 29_POW_12 end 1787361123885
job 36_POW_36 started 1787361123885 core=1
job 46_SQRTX_12 end 1787361134223
job 6_ERF_24 started 1787361134223 core=4
job 26_POW_24 end 1787361154525
job 39_POW_24 started 1787361154525 core=0
job 6_ERF_24 end 1787361178684
job 13_DOT_84 started 1787361178684 core=4
job 98_XPY_48 end 1787361180984
job 1_SUM_132 started 1787361180984 core=5
job 39_POW_24 end 1787361230751
job 47_POW_12 started 1787361230752 core=0
job 36_POW_36 end 1787361245729
job 54_POW_36 started 1787361245729 core=1
job 1_SUM_132 end 1787361268807
job 58_POW_36 started 1787361268807 core=5
job 47_POW_12 end 1787361272381
job 0_COPY_84 started 1787361272381 core=0
job 13_DOT_84 end 1787361277763
job 3_SUM_132 started 1787361277763 core=4
job 54_POW_36 end 1787361344553
job 59_POW_24 started 1787361344553 core=1
job 58_POW_36 end 1787361364875
job 63_POW_36 started 1787361364875 core=5
job 0_COPY_84 end 1787361396026
job 4_SUM_108 started 1787361396026 core=0
job 3_SUM_132 end 1787361399635
job 5_COPY_84 started 1787361399635 core=4
job 59_POW_24 end 1787361408765
job 65_POW_36 started 1787361408765 core=1
job 63_POW_36 end 1787361461105
job 10_SUM_108 started 1787361461105 core=5
job 4_SUM_108 end 1787361499548
job 78_POW_12 started 1787361499548 core=0
job 65_POW_36 end 1787361507822
job 83_POW_12 started 1787361507822 core=1
job 5_COPY_84 end 1787361527222
job 12_SUM_132 started 1787361527223 core=4
job 10_SUM_108 end 1787361527263
job 89_POW_24 started 1787361527263 core=5
job 83_POW_12 end 1787361540925
job 20_COPY_84 started 1787361540925 core=1
job 78_POW_12 end 1787361541032
job 99_POW_36 started 1787361541032 core=0
job 12_SUM_132 end 1787361606667
job 7_ERF_12 started 1787361606668 core=4
job 89_POW_24 end 1787361613595
job 8_ERF_24 started 1787361613596 core=5
job 7_ERF_12 end 1787361628498
job 24_ERF_24 started 1787361628498 core=4
job 99_POW_36 end 1787361638381
job 16_DOT_36 started 1787361638382 core=0
job 20_COPY_84 end 1787361670952
job 30_ERF_12 started 1787361670952 core=1
job 16_DOT_36 end 1787361675357
job 32_ERF_24 started 1787361675357 core=0
job 8_ERF_24 end 1787361677928
job 40_ERF_48 started 1787361677928 core=5
job 24_ERF_24 end 1787361682207
job 15_SUM_132 started 1787361682207 core=4
job 30_ERF_12 end 1787361694447
job 62_ERF_12 started 1787361694447 core=1
job 62_ERF_12 end 1787361718683
job 28_SUM_132 started 1787361718683 core=1
job 32_ERF_24 end 1787361724130
job 34_SUM_132 started 1787361724130 core=0
job 15_SUM_132 end 1787361766661
job 35_SUM_108 started 1787361766661 core=4
job 40_ERF_48 end 1787361780676
job 38_SUM_108 started 1787361780676 core=5
job 28_SUM_132 end 1787361814349
job 41_SUM_108 started 1787361814349 core=1
job 34_SUM_132 end 1787361819362
job 52_SUM_132 started 1787361819362 core=0
job 35_SUM_108 end 1787361847035
job 53_SUM_132 started 1787361847035 core=4
job 38_SUM_108 end 1787361861965
job 56_SUM_108 started 1787361861966 core=5
job 41_SUM_108 end 1787361895566
job 61_SUM_84 started 1787361895566 core=1
job 52_SUM_132 end 1787361919253
job 64_SUM_84 started 1787361919253 core=0
job 56_SUM_108 end 1787361943612
job 67_SUM_132 started 1787361943612 core=5
job 53_SUM_132 end 1787361946422
job 69_SUM_132 started 1787361946422 core=4
job 61_SUM_84 end 1787361958842
job 71_SUM_108 started 1787361958845 core=1
job 64_SUM_84 end 1787361982661
job 75_SUM_132 started 1787361982661 core=0
job 71_SUM_108 end 1787362040117
job 80_SUM_108 started 1787362040117 core=1
job 67_SUM_132 end 1787362043263
job 82_SUM_132 started 1787362043263 core=5
job 69_SUM_132 end 1787362045831
job 85_SUM_108 started 1787362045831 core=4
job 75_SUM_132 end 1787362082361
job 86_SUM_132 started 1787362082361 core=0
job 80_SUM_108 end 1787362121414
job 91_SUM_108 started 1787362121414 core=1
job 85_SUM_108 end 1787362127530
job 93_SUM_108 started 1787362127530 core=4
job 82_SUM_132 end 1787362142510
job 2_COPY_60 started 1787362142511 core=5
job 86_SUM_132 end 1787362178361
job 11_COPY_60 started 1787362178361 core=0
job 93_SUM_108 end 1787362213014
job 17_COPY_60 started 1787362213015 core=4
job 91_SUM_108 end 1787362223771
job 51_COPY_60 started 1787362223771 core=1
job 2_COPY_60 end 1787362237368
job 76_COPY_60 started 1787362237369 core=5
job 11_COPY_60 end 1787362281105
job 84_COPY_60 started 1787362281105 core=0
job 17_COPY_60 end 1787362324022
job 87_COPY_60 started 1787362324022 core=4
job 51_COPY_60 end 1787362333954
job 48_COPY_84 started 1787362333955 core=1
job 76_COPY_60 end 1787362347417
job 50_COPY_84 started 1787362347417 core=5
job 84_COPY_60 end 1787362391456
job 66_COPY_84 started 1787362391457 core=0
job 87_COPY_60 end 1787362434169
job 79_COPY_84 started 1787362434169 core=4
job 48_COPY_84 end 1787362488205
job 94_COPY_84 started 1787362488205 core=1
job 50_COPY_84 end 1787362501735
job 97_COPY_84 started 1787362501735 core=5
job 66_COPY_84 end 1787362546061
job 18_DOT_84 started 1787362546061 core=0
job 79_COPY_84 end 1787362583719
job 19_DOT_84 started 1787362583719 core=4
job 94_COPY_84 end 1787362657515
job 23_DOT_84 started 1787362657515 core=1
job 18_DOT_84 end 1787362661313
job 37_DOT_36 started 1787362661313 core=0
job 97_COPY_84 end 1787362672503
job 43_DOT_84 started 1787362672504 core=5
job 19_DOT_84 end 1787362697296
job 49_DOT_36 started 1787362697296 core=4
job 37_DOT_36 end 1787362714716
job 55_DOT_36 started 1787362714717 core=0
job 49_DOT_36 end 1787362752303
job 70_DOT_84 started 1787362752303 core=4
job 55_DOT_36 end 1787362769928
job 72_DOT_36 started 1787362769929 core=0
job 23_DOT_84 end 1787362786710
job 74_DOT_36 started 1787362786710 core=1
job 43_DOT_84 end 1787362799621
job 77_DOT_36 started 1787362799622 core=5
job 72_DOT_36 end 1787362824576
job 95_DOT_84 started 1787362824576 core=0
job 74_DOT_36 end 1787362841182
job 77_DOT_36 end 1787362847989
job 70_DOT_84 end 1787362864720
job 95_DOT_84 end 1787362886211
  итерация 0: 1998502 ms
  среднее по 1 итерациям: 1998502 ms
=== Выполняется проект: no_po_memory_heavy_8.txt (100 работ, перестановка ORDER) ===
fake 3 started 1787362886211 delay_ms=1
fake 2 started 1787362886211 delay_ms=0
fake 2 end 1787362886211
fake 0 started 1787362886211 delay_ms=0
fake 0 end 1787362886211
fake 1 started 1787362886211 delay_ms=0
fake 1 end 1787362886211
job 11_XPY_60 started 1787362886211 core=0
job 20_XPY_60 started 1787362886212 core=4
fake 3 end 1787362886212
job 4_TGAMMA_120 started 1787362886213 core=5
job 7_TGAMMA_12 started 1787362886217 core=1
job 7_TGAMMA_12 end 1787362893051
job 10_TGAMMA_120 started 1787362893051 core=1
job 20_XPY_60 end 1787362952606
job 24_XPY_60 started 1787362952606 core=4
job 11_XPY_60 end 1787362952960
job 1_XPY_48 started 1787362952960 core=0
job 4_TGAMMA_120 end 1787362954588
job 12_TGAMMA_120 started 1787362954589 core=5
job 10_TGAMMA_120 end 1787362961390
job 35_TGAMMA_12 started 1787362961390 core=1
job 35_TGAMMA_12 end 1787362968219
job 37_TGAMMA_120 started 1787362968219 core=1
job 1_XPY_48 end 1787363006357
job 48_XPY_48 started 1787363006357 core=0
job 24_XPY_60 end 1787363018933
job 78_XPY_48 started 1787363018933 core=4
job 12_TGAMMA_120 end 1787363023076
job 44_TGAMMA_120 started 1787363023077 core=5
job 37_TGAMMA_120 end 1787363036591
job 47_TGAMMA_120 started 1787363036591 core=1
job 48_XPY_48 end 1787363059780
job 71_XPY_60 started 1787363059780 core=0
job 78_XPY_48 end 1787363072097
job 90_XPY_60 started 1787363072097 core=4
job 44_TGAMMA_120 end 1787363091556
job 61_TGAMMA_60 started 1787363091556 core=5
job 47_TGAMMA_120 end 1787363104963
job 64_TGAMMA_120 started 1787363104963 core=1
job 61_TGAMMA_60 end 1787363125804
job 97_XPY_60 started 1787363125804 core=5
job 71_XPY_60 end 1787363126775
job 66_TGAMMA_120 started 1787363126775 core=0
job 90_XPY_60 end 1787363139173
job 6_DOT_84 started 1787363139173 core=4
job 64_TGAMMA_120 end 1787363175577
job 13_POW_24 started 1787363175577 core=1
job 66_TGAMMA_120 end 1787363196835
job 18_DOT_84 started 1787363196835 core=0
job 97_XPY_60 end 1787363203607
job 27_POW_12 started 1787363203608 core=5
job 6_DOT_84 end 1787363213267
job 8_SUM_108 started 1787363213268 core=4
job 27_POW_12 end 1787363239190
job 59_POW_36 started 1787363239190 core=5
job 13_POW_24 end 1787363255657
job 60_POW_12 started 1787363255657 core=1
job 60_POW_12 end 1787363291392
job 32_COPY_84 started 1787363291392 core=1
job 18_DOT_84 end 1787363295314
job 9_SUM_132 started 1787363295314 core=0
job 8_SUM_108 end 1787363299760
job 84_POW_36 started 1787363299761 core=4
job 59_POW_36 end 1787363363635
job 91_POW_24 started 1787363363636 core=5
job 9_SUM_132 end 1787363375118
job 19_SUM_132 started 1787363375118 core=0
job 84_POW_36 end 1787363398601
job 28_SQRTX_12 started 1787363398601 core=4
job 28_SQRTX_12 end 1787363414231
job 23_SUM_108 started 1787363414231 core=4
job 32_COPY_84 end 1787363426190
job 51_SQRTX_12 started 1787363426190 core=1
job 51_SQRTX_12 end 1787363444869
job 69_TGAMMA_120 started 1787363444869 core=1
job 91_POW_24 end 1787363447428
job 31_SUM_84 started 1787363447428 core=5
job 19_SUM_132 end 1787363458800
job 45_SUM_132 started 1787363458800 core=0
job 31_SUM_84 end 1787363486912
job 46_SUM_132 started 1787363486912 core=5
job 23_SUM_108 end 1787363487714
job 52_SUM_132 started 1787363487714 core=4
job 69_TGAMMA_120 end 1787363515094
job 75_TGAMMA_12 started 1787363515094 core=1
job 75_TGAMMA_12 end 1787363522163
job 76_TGAMMA_120 started 1787363522164 core=1
job 46_SUM_132 end 1787363549164
job 53_SUM_84 started 1787363549164 core=5
job 45_SUM_132 end 1787363554068
job 54_SUM_108 started 1787363554068 core=0
job 52_SUM_132 end 1787363582757
job 57_SUM_132 started 1787363582758 core=4
job 53_SUM_84 end 1787363588482
job 86_TGAMMA_120 started 1787363588482 core=5
job 76_TGAMMA_120 end 1787363592320
job 63_SUM_84 started 1787363592320 core=1
job 54_SUM_108 end 1787363630335
job 65_SUM_108 started 1787363630336 core=0
job 63_SUM_84 end 1787363631803
job 92_TGAMMA_120 started 1787363631803 core=1
job 86_TGAMMA_120 end 1787363658163
job 72_SUM_132 started 1787363658163 core=5
job 57_SUM_132 end 1787363661242
job 73_SUM_84 started 1787363661242 core=4
job 65_SUM_108 end 1787363693951
job 79_SUM_84 started 1787363693951 core=0
job 92_TGAMMA_120 end 1787363701415
job 80_SUM_132 started 1787363701418 core=1
job 73_SUM_84 end 1787363722667
job 94_TGAMMA_12 started 1787363722667 core=4
job 94_TGAMMA_12 end 1787363729767
job 98_TGAMMA_120 started 1787363729767 core=4
job 72_SUM_132 end 1787363731712
job 81_SUM_84 started 1787363731712 core=5
job 79_SUM_84 end 1787363743926
job 87_SUM_108 started 1787363743926 core=0
job 81_SUM_84 end 1787363792391
job 88_SUM_132 started 1787363792392 core=5
job 87_SUM_108 end 1787363794765
job 93_SUM_132 started 1787363794765 core=0
job 80_SUM_132 end 1787363797370
job 99_TGAMMA_12 started 1787363797370 core=1
job 98_TGAMMA_120 end 1787363800048
job 96_SQRTX_12 started 1787363800049 core=4
job 99_TGAMMA_12 end 1787363804389
job 3_SQRTX_48 started 1787363804390 core=1
job 96_SQRTX_12 end 1787363816144
job 14_SQRTX_48 started 1787363816144 core=4
job 3_SQRTX_48 end 1787363868285
job 0_ERF_12 started 1787363868285 core=1
job 88_SUM_132 end 1787363872828
job 26_DOT_36 started 1787363872829 core=5
job 93_SUM_132 end 1787363877124
job 42_SQRTX_48 started 1787363877124 core=0
job 14_SQRTX_48 end 1787363880390
job 17_ERF_24 started 1787363880391 core=4
job 0_ERF_12 end 1787363896455
job 22_ERF_12 started 1787363896456 core=1
job 26_DOT_36 end 1787363908697
job 2_COPY_60 started 1787363908697 core=5
job 17_ERF_24 end 1787363924445
job 38_ERF_48 started 1787363924446 core=4
job 22_ERF_12 end 1787363926274
job 95_SUM_84 started 1787363926274 core=1
job 42_SQRTX_48 end 1787363946583
job 5_COPY_60 started 1787363946583 core=0
job 2_COPY_60 end 1787363992580
job 15_COPY_60 started 1787363992580 core=5
job 95_SUM_84 end 1787364002463
job 16_COPY_60 started 1787364002463 core=1
job 5_COPY_60 end 1787364034604
job 21_COPY_60 started 1787364034604 core=0
job 38_ERF_48 end 1787364042715
job 25_COPY_60 started 1787364042715 core=4
job 15_COPY_60 end 1787364099903
job 29_COPY_60 started 1787364099904 core=5
job 16_COPY_60 end 1787364112769
job 41_COPY_60 started 1787364112769 core=1
job 21_COPY_60 end 1787364142285
job 56_COPY_60 started 1787364142286 core=0
job 25_COPY_60 end 1787364152920
job 62_COPY_60 started 1787364152920 core=4
job 29_COPY_60 end 1787364210307
job 85_COPY_60 started 1787364210307 core=5
job 41_COPY_60 end 1787364223150
job 36_COPY_84 started 1787364223150 core=1
job 56_COPY_60 end 1787364252758
job 40_COPY_84 started 1787364252758 core=0
job 62_COPY_60 end 1787364262842
job 67_COPY_84 started 1787364262843 core=4
job 85_COPY_60 end 1787364320463
job 68_COPY_84 started 1787364320464 core=5
job 36_COPY_84 end 1787364377595
job 70_COPY_84 started 1787364377596 core=1
job 40_COPY_84 end 1787364407568
job 74_COPY_84 started 1787364407568 core=0
job 67_COPY_84 end 1787364416779
job 82_COPY_84 started 1787364416779 core=4
job 68_COPY_84 end 1787364475051
job 30_DOT_36 started 1787364475051 core=5
job 70_COPY_84 end 1787364525005
job 33_DOT_36 started 1787364525006 core=1
job 30_DOT_36 end 1787364529345
job 34_DOT_36 started 1787364529346 core=5
job 33_DOT_36 end 1787364572035
job 39_DOT_84 started 1787364572035 core=1
job 74_COPY_84 end 1787364574076
job 43_DOT_36 started 1787364574077 core=0
job 34_DOT_36 end 1787364576507
job 49_DOT_84 started 1787364576507 core=5
job 82_COPY_84 end 1787364582822
job 50_DOT_84 started 1787364582822 core=4
job 43_DOT_36 end 1787364630127
job 55_DOT_36 started 1787364630127 core=0
job 55_DOT_36 end 1787364685229
job 58_DOT_36 started 1787364685230 core=0
job 39_DOT_84 end 1787364697699
job 77_DOT_84 started 1787364697699 core=1
job 49_DOT_84 end 1787364703648
job 83_DOT_36 started 1787364703648 core=5
job 50_DOT_84 end 1787364710144
job 89_DOT_36 started 1787364710144 core=4
job 58_DOT_36 end 1787364739617
job 89_DOT_36 end 1787364753071
job 83_DOT_36 end 1787364755503
job 77_DOT_84 end 1787364775437
  итерация 0: 1889225 ms
  среднее по 1 итерациям: 1889225 ms
=== Выполняется проект: no_po_memory_heavy_9.txt (100 работ, перестановка ORDER) ===
fake 3 started 1787364775438 delay_ms=1
fake 2 started 1787364775438 delay_ms=0
fake 2 end 1787364775438
fake 0 started 1787364775438 delay_ms=0
fake 0 end 1787364775438
fake 1 started 1787364775438 delay_ms=0
fake 1 end 1787364775438
job 13_XPY_60 started 1787364775438 core=5
job 0_XPY_60 started 1787364775438 core=1
job 12_TGAMMA_12 started 1787364775438 core=4
fake 3 end 1787364775439
job 29_TGAMMA_120 started 1787364775439 core=0
job 12_TGAMMA_12 end 1787364782284
job 36_TGAMMA_60 started 1787364782284 core=4
job 36_TGAMMA_60 end 1787364816534
job 39_TGAMMA_60 started 1787364816534 core=4
job 0_XPY_60 end 1787364841986
job 28_XPY_60 started 1787364841986 core=1
job 13_XPY_60 end 1787364842047
job 5_XPY_48 started 1787364842047 core=5
job 29_TGAMMA_120 end 1787364843963
job 44_TGAMMA_60 started 1787364843963 core=0
job 39_TGAMMA_60 end 1787364850761
job 46_TGAMMA_12 started 1787364850761 core=4
job 46_TGAMMA_12 end 1787364857601
job 54_TGAMMA_12 started 1787364857601 core=4
job 54_TGAMMA_12 end 1787364864440
job 71_TGAMMA_120 started 1787364864440 core=4
job 44_TGAMMA_60 end 1787364878231
job 91_TGAMMA_120 started 1787364878231 core=0
job 5_XPY_48 end 1787364895348
job 20_XPY_48 started 1787364895348 core=5
job 28_XPY_60 end 1787364908476
job 26_XPY_48 started 1787364908476 core=1
job 71_TGAMMA_120 end 1787364932913
job 92_TGAMMA_12 started 1787364932913 core=4
job 92_TGAMMA_12 end 1787364939742
job 96_TGAMMA_12 started 1787364939743 core=4
job 96_TGAMMA_12 end 1787364946581
job 45_XPY_48 started 1787364946581 core=4
job 91_TGAMMA_120 end 1787364946748
job 2_POW_12 started 1787364946749 core=0
job 20_XPY_48 end 1787364949988
job 8_POW_36 started 1787364949988 core=5
job 26_XPY_48 end 1787364966730
job 41_SQRTX_48 started 1787364966730 core=1
job 2_POW_12 end 1787364992480
job 9_POW_36 started 1787364992480 core=0
job 45_XPY_48 end 1787365010532
job 55_XPY_60 started 1787365010532 core=4
job 41_SQRTX_48 end 1787365029040
job 11_SQRTX_12 started 1787365029040 core=1
job 11_SQRTX_12 end 1787365044667
job 61_SQRTX_12 started 1787365044667 core=1
job 8_POW_36 end 1787365046298
job 14_POW_36 started 1787365046298 core=5
job 61_SQRTX_12 end 1787365060331
job 97_SQRTX_12 started 1787365060332 core=1
job 97_SQRTX_12 end 1787365075942
job 48_XPY_48 started 1787365075942 core=1
job 55_XPY_60 end 1787365089614
job 6_ERF_48 started 1787365089614 core=4
job 9_POW_36 end 1787365117201
job 21_POW_24 started 1787365117202 core=0
job 48_XPY_48 end 1787365141058
job 56_XPY_48 started 1787365141058 core=1
job 14_POW_36 end 1787365169407
job 23_POW_24 started 1787365169408 core=5
job 6_ERF_48 end 1787365178348
job 27_POW_12 started 1787365178348 core=4
job 21_POW_24 end 1787365180787
job 31_ERF_24 started 1787365180787 core=0
job 56_XPY_48 end 1787365205917
job 35_POW_24 started 1787365205917 core=1
job 27_POW_12 end 1787365210102
job 67_XPY_48 started 1787365210102 core=4
job 31_ERF_24 end 1787365234095
job 47_POW_36 started 1787365234095 core=0
job 23_POW_24 end 1787365243158
job 33_ERF_48 started 1787365243158 core=5
job 35_POW_24 end 1787365268014
job 50_POW_36 started 1787365268014 core=1
job 67_XPY_48 end 1787365275422
job 69_XPY_48 started 1787365275422 core=4
job 33_ERF_48 end 1787365331904
job 72_XPY_48 started 1787365331905 core=5
job 69_XPY_48 end 1787365340465
job 66_POW_24 started 1787365340465 core=4
job 47_POW_36 end 1787365362849
job 75_ERF_12 started 1787365362849 core=0
job 50_POW_36 end 1787365377654
job 95_ERF_12 started 1787365377654 core=1
job 75_ERF_12 end 1787365384959
job 68_POW_36 started 1787365384959 core=0
job 72_XPY_48 end 1787365397320
job 4_DOT_36 started 1787365397320 core=5
job 66_POW_24 end 1787365403346
job 3_SUM_84 started 1787365403346 core=4
job 95_ERF_12 end 1787365411141
job 88_POW_12 started 1787365411141 core=1
job 4_DOT_36 end 1787365438553
job 22_COPY_84 started 1787365438553 core=5
job 88_POW_12 end 1787365454751
job 90_POW_12 started 1787365454751 core=1
job 3_SUM_84 end 1787365456881
job 7_SUM_84 started 1787365456881 core=4
job 68_POW_36 end 1787365486533
job 98_ERF_48 started 1787365486533 core=0
job 90_POW_12 end 1787365500606
job 15_SUM_132 started 1787365500606 core=1
job 7_SUM_84 end 1787365507639
job 16_SUM_132 started 1787365507641 core=4
job 22_COPY_84 end 1787365570717
job 19_SUM_84 started 1787365570717 core=5
job 98_ERF_48 end 1787365586229
job 25_SUM_84 started 1787365586229 core=0
job 16_SUM_132 end 1787365596238
job 37_SUM_108 started 1787365596238 core=4
job 15_SUM_132 end 1787365615318
job 42_SUM_132 started 1787365615318 core=1
job 19_SUM_84 end 1787365632801
job 49_SUM_84 started 1787365632801 core=5
job 25_SUM_84 end 1787365649628
job 51_SUM_84 started 1787365649629 core=0
job 37_SUM_108 end 1787365677633
job 53_SUM_84 started 1787365677633 core=4
job 49_SUM_84 end 1787365695931
job 57_SUM_108 started 1787365695932 core=5
job 51_SUM_84 end 1787365713189
job 58_SUM_108 started 1787365713189 core=0
job 42_SUM_132 end 1787365714759
job 60_SUM_132 started 1787365714760 core=1
job 53_SUM_84 end 1787365740888
job 63_SUM_108 started 1787365740888 core=4
job 57_SUM_108 end 1787365777389
job 64_SUM_84 started 1787365777389 core=5
job 58_SUM_108 end 1787365794786
job 65_SUM_84 started 1787365794786 core=0
job 60_SUM_132 end 1787365814218
job 70_SUM_108 started 1787365814218 core=1
job 63_SUM_108 end 1787365822357
job 73_SUM_132 started 1787365822358 core=4
job 64_SUM_84 end 1787365840655
job 74_SUM_84 started 1787365840655 core=5
job 65_SUM_84 end 1787365858274
job 79_SUM_132 started 1787365858275 core=0
job 70_SUM_108 end 1787365895377
job 81_SUM_84 started 1787365895378 core=1
job 74_SUM_84 end 1787365904020
job 82_SUM_132 started 1787365904020 core=5
job 73_SUM_132 end 1787365921841
job 83_SUM_108 started 1787365921842 core=4
job 79_SUM_132 end 1787365958042
job 87_SUM_132 started 1787365958042 core=0
job 81_SUM_84 end 1787365958735
job 94_SUM_84 started 1787365958735 core=1
job 82_SUM_132 end 1787366003442
job 1_COPY_60 started 1787366003443 core=5
job 83_SUM_108 end 1787366003574
job 34_COPY_60 started 1787366003574 core=4
job 94_SUM_84 end 1787366027087
job 38_COPY_60 started 1787366027088 core=1
job 87_SUM_132 end 1787366070287
job 40_COPY_60 started 1787366070287 core=0
job 34_COPY_60 end 1787366095385
job 85_COPY_60 started 1787366095386 core=4
job 1_COPY_60 end 1787366110472
job 93_COPY_60 started 1787366110472 core=5
job 38_COPY_60 end 1787366139893
job 24_COPY_84 started 1787366139894 core=1
job 40_COPY_60 end 1787366180947
job 32_COPY_84 started 1787366180947 core=0
job 85_COPY_60 end 1787366205100
job 43_COPY_84 started 1787366205101 core=4
job 93_COPY_60 end 1787366220373
job 76_COPY_84 started 1787366220374 core=5
job 24_COPY_84 end 1787366293968
job 77_COPY_84 started 1787366293968 core=1
job 32_COPY_84 end 1787366335818
job 78_COPY_84 started 1787366335818 core=0
job 43_COPY_84 end 1787366358971
job 80_COPY_84 started 1787366358971 core=4
job 76_COPY_84 end 1787366374668
job 99_COPY_84 started 1787366374669 core=5
job 77_COPY_84 end 1787366448159
job 10_DOT_36 started 1787366448160 core=1
job 78_COPY_84 end 1787366494127
job 17_DOT_36 started 1787366494127 core=0
job 10_DOT_36 end 1787366503503
job 18_DOT_36 started 1787366503503 core=1
job 80_COPY_84 end 1787366515128
job 30_DOT_84 started 1787366515128 core=4
job 99_COPY_84 end 1787366521205
job 52_DOT_84 started 1787366521206 core=5
job 17_DOT_36 end 1787366549485
job 59_DOT_36 started 1787366549485 core=0
job 18_DOT_36 end 1787366559577
job 62_DOT_84 started 1787366559577 core=1
job 59_DOT_36 end 1787366604249
job 84_DOT_84 started 1787366604249 core=0
job 30_DOT_84 end 1787366641608
job 86_DOT_36 started 1787366641608 core=4
job 52_DOT_84 end 1787366648641
job 89_DOT_84 started 1787366648641 core=5
job 62_DOT_84 end 1787366687176
job 86_DOT_36 end 1787366695430
job 84_DOT_84 end 1787366713808
job 89_DOT_84 end 1787366724769
  итерация 0: 1949332 ms
  среднее по 1 итерациям: 1949332 ms
execution completed -> tbb_greedy_ml_closest_one_mode_full_spec_results.txt
