nohup: ввод игнорируется
BUILD: пиннинг из пула, версия 3 — итераций 1 (Sep 20 2026 00:29:32)
=== Выполняется проект: two_chain_1.txt (100 работ, перестановка ORDER) ===
fake 3 started 1789884404041 delay_ms=1
fake 2 started 1789884404041 delay_ms=0
fake 2 end 1789884404041
fake 1 started 1789884404041 delay_ms=0
fake 1 end 1789884404041
fake 0 started 1789884404041 delay_ms=0
fake 0 end 1789884404041
job 0_TGAMMA_120 started 1789884404041 core=1
job 47_SUM_84 started 1789884404041 core=5
fake 3 end 1789884404059
job 0_TGAMMA_120 end 1789884427137
job 1_TGAMMA_120 started 1789884427137 core=4
job 47_SUM_84 end 1789884428087
job 48_SUM_84 started 1789884428087 core=5
job 1_TGAMMA_120 end 1789884450247
job 2_TGAMMA_120 started 1789884450247 core=4
job 48_SUM_84 end 1789884452152
job 49_SUM_84 started 1789884452152 core=5
job 2_TGAMMA_120 end 1789884473504
job 3_TGAMMA_120 started 1789884473504 core=4
job 49_SUM_84 end 1789884476175
job 50_SUM_84 started 1789884476175 core=5
job 3_TGAMMA_120 end 1789884496657
job 4_TGAMMA_120 started 1789884496658 core=4
job 50_SUM_84 end 1789884500227
job 51_SUM_84 started 1789884500227 core=5
job 4_TGAMMA_120 end 1789884519898
job 5_TGAMMA_120 started 1789884519898 core=4
job 51_SUM_84 end 1789884524232
job 52_SUM_84 started 1789884524232 core=5
job 5_TGAMMA_120 end 1789884543019
job 6_TGAMMA_120 started 1789884543019 core=4
job 52_SUM_84 end 1789884548276
job 53_SUM_84 started 1789884548277 core=5
job 6_TGAMMA_120 end 1789884566279
job 7_TGAMMA_120 started 1789884566279 core=4
job 53_SUM_84 end 1789884572310
job 54_SUM_84 started 1789884572310 core=5
job 7_TGAMMA_120 end 1789884589441
job 8_TGAMMA_120 started 1789884589441 core=4
job 54_SUM_84 end 1789884596346
job 55_SUM_84 started 1789884596347 core=5
job 8_TGAMMA_120 end 1789884612680
job 9_TGAMMA_120 started 1789884612681 core=4
job 55_SUM_84 end 1789884620354
job 56_SUM_84 started 1789884620355 core=5
job 9_TGAMMA_120 end 1789884635814
job 10_TGAMMA_120 started 1789884635814 core=4
job 56_SUM_84 end 1789884644438
job 57_SUM_84 started 1789884644438 core=5
job 10_TGAMMA_120 end 1789884659078
job 11_TGAMMA_120 started 1789884659078 core=4
job 57_SUM_84 end 1789884668470
job 58_SUM_84 started 1789884668470 core=5
job 11_TGAMMA_120 end 1789884682245
job 12_TGAMMA_120 started 1789884682245 core=4
job 58_SUM_84 end 1789884692505
job 59_SUM_84 started 1789884692505 core=5
job 12_TGAMMA_120 end 1789884705501
job 13_TGAMMA_120 started 1789884705501 core=4
job 59_SUM_84 end 1789884716530
job 60_SUM_84 started 1789884716530 core=5
job 13_TGAMMA_120 end 1789884728619
job 14_TGAMMA_120 started 1789884728619 core=4
job 60_SUM_84 end 1789884740572
job 61_SUM_84 started 1789884740572 core=5
job 14_TGAMMA_120 end 1789884751857
job 15_TGAMMA_120 started 1789884751857 core=4
job 61_SUM_84 end 1789884764602
job 62_SUM_84 started 1789884764602 core=5
job 15_TGAMMA_120 end 1789884775026
job 16_TGAMMA_120 started 1789884775027 core=4
job 62_SUM_84 end 1789884788626
job 63_SUM_84 started 1789884788626 core=5
job 16_TGAMMA_120 end 1789884798268
job 17_TGAMMA_120 started 1789884798268 core=4
job 63_SUM_84 end 1789884812643
job 64_SUM_84 started 1789884812644 core=5
job 17_TGAMMA_120 end 1789884821396
job 18_TGAMMA_120 started 1789884821396 core=4
job 64_SUM_84 end 1789884836690
job 65_SUM_84 started 1789884836690 core=5
job 18_TGAMMA_120 end 1789884844647
job 19_TGAMMA_120 started 1789884844648 core=4
job 65_SUM_84 end 1789884860711
job 66_SUM_84 started 1789884860711 core=5
job 19_TGAMMA_120 end 1789884867809
job 20_TGAMMA_120 started 1789884867809 core=4
job 66_SUM_84 end 1789884884776
job 67_SUM_84 started 1789884884776 core=5
job 20_TGAMMA_120 end 1789884891079
job 21_TGAMMA_120 started 1789884891079 core=4
job 67_SUM_84 end 1789884908802
job 68_SUM_84 started 1789884908803 core=5
job 21_TGAMMA_120 end 1789884914213
job 22_TGAMMA_120 started 1789884914214 core=4
job 68_SUM_84 end 1789884932837
job 69_SUM_84 started 1789884932837 core=5
job 22_TGAMMA_120 end 1789884937452
job 23_TGAMMA_120 started 1789884937452 core=4
job 69_SUM_84 end 1789884956858
job 70_SUM_84 started 1789884956858 core=5
job 23_TGAMMA_120 end 1789884960593
job 24_TGAMMA_120 started 1789884960593 core=4
job 70_SUM_84 end 1789884980902
job 71_SUM_84 started 1789884980903 core=5
job 24_TGAMMA_120 end 1789884983852
job 25_TGAMMA_120 started 1789884983852 core=4
job 71_SUM_84 end 1789885004926
job 72_SUM_84 started 1789885004926 core=5
job 25_TGAMMA_120 end 1789885006975
job 26_TGAMMA_120 started 1789885006975 core=4
job 72_SUM_84 end 1789885028971
job 73_SUM_84 started 1789885028971 core=5
job 26_TGAMMA_120 end 1789885030230
job 27_TGAMMA_120 started 1789885030230 core=4
job 73_SUM_84 end 1789885052996
job 74_SUM_84 started 1789885052996 core=5
job 27_TGAMMA_120 end 1789885053380
job 28_TGAMMA_120 started 1789885053380 core=4
job 28_TGAMMA_120 end 1789885076639
job 29_TGAMMA_120 started 1789885076639 core=4
job 74_SUM_84 end 1789885077019
job 75_SUM_84 started 1789885077019 core=5
job 29_TGAMMA_120 end 1789885099770
job 30_TGAMMA_120 started 1789885099770 core=4
job 75_SUM_84 end 1789885101077
job 76_SUM_84 started 1789885101078 core=5
job 30_TGAMMA_120 end 1789885123026
job 31_TGAMMA_120 started 1789885123026 core=4
job 76_SUM_84 end 1789885125101
job 77_SUM_84 started 1789885125101 core=5
job 31_TGAMMA_120 end 1789885146171
job 32_TGAMMA_120 started 1789885146171 core=4
job 77_SUM_84 end 1789885149132
job 78_SUM_84 started 1789885149132 core=5
job 32_TGAMMA_120 end 1789885169419
job 33_TGAMMA_120 started 1789885169420 core=4
job 78_SUM_84 end 1789885173151
job 79_SUM_84 started 1789885173151 core=5
job 33_TGAMMA_120 end 1789885192572
job 34_TGAMMA_120 started 1789885192573 core=4
job 79_SUM_84 end 1789885197220
job 80_SUM_84 started 1789885197220 core=5
job 34_TGAMMA_120 end 1789885215807
job 35_TGAMMA_120 started 1789885215808 core=4
job 80_SUM_84 end 1789885221213
job 81_SUM_84 started 1789885221213 core=5
job 35_TGAMMA_120 end 1789885238956
job 36_TGAMMA_120 started 1789885238956 core=4
job 81_SUM_84 end 1789885245269
job 82_SUM_84 started 1789885245269 core=5
job 36_TGAMMA_120 end 1789885262231
job 37_TGAMMA_120 started 1789885262231 core=4
job 82_SUM_84 end 1789885269320
job 83_SUM_84 started 1789885269320 core=5
job 37_TGAMMA_120 end 1789885285384
job 38_TGAMMA_120 started 1789885285384 core=4
job 83_SUM_84 end 1789885293383
job 84_SUM_84 started 1789885293384 core=5
job 38_TGAMMA_120 end 1789885308628
job 39_TGAMMA_120 started 1789885308628 core=4
job 84_SUM_84 end 1789885317408
job 85_SUM_84 started 1789885317408 core=5
job 39_TGAMMA_120 end 1789885331807
job 40_TGAMMA_120 started 1789885331807 core=4
job 85_SUM_84 end 1789885341484
job 86_SUM_84 started 1789885341484 core=5
job 40_TGAMMA_120 end 1789885355107
job 41_TGAMMA_120 started 1789885355107 core=4
job 86_SUM_84 end 1789885365544
job 87_SUM_84 started 1789885365545 core=5
job 41_TGAMMA_120 end 1789885378247
job 42_TGAMMA_120 started 1789885378248 core=4
job 87_SUM_84 end 1789885389623
job 88_SUM_84 started 1789885389624 core=5
job 42_TGAMMA_120 end 1789885401504
job 43_TGAMMA_120 started 1789885401504 core=4
job 88_SUM_84 end 1789885413645
job 89_SUM_84 started 1789885413645 core=5
job 43_TGAMMA_120 end 1789885424659
job 44_TGAMMA_120 started 1789885424659 core=4
job 89_SUM_84 end 1789885437670
job 90_SUM_84 started 1789885437670 core=5
job 44_TGAMMA_120 end 1789885447902
job 45_TGAMMA_120 started 1789885447903 core=4
job 90_SUM_84 end 1789885461695
job 91_SUM_84 started 1789885461695 core=5
job 45_TGAMMA_120 end 1789885471039
job 46_TGAMMA_120 started 1789885471039 core=4
job 91_SUM_84 end 1789885485743
job 92_SUM_84 started 1789885485743 core=5
job 46_TGAMMA_120 end 1789885494287
job 92_SUM_84 end 1789885507081
job 93_SUM_84 started 1789885507081 core=5
job 93_SUM_84 end 1789885527090
job 94_SUM_84 started 1789885527090 core=5
job 94_SUM_84 end 1789885547019
job 95_SUM_84 started 1789885547019 core=5
job 95_SUM_84 end 1789885566946
job 96_SUM_84 started 1789885566946 core=5
job 96_SUM_84 end 1789885582801
job 97_SUM_84 started 1789885582801 core=5
job 97_SUM_84 end 1789885598632
job 98_SUM_84 started 1789885598632 core=4
job 98_SUM_84 end 1789885614486
job 99_SUM_84 started 1789885614486 core=4
job 99_SUM_84 end 1789885630338
  итерация 0: 1226297 ms
  среднее по 1 итерациям: 1226297 ms
  реальных ожиданий свободного ядра: 0  (блокировок в задачах не было)
=== Выполняется проект: two_chain_10.txt (100 работ, перестановка ORDER) ===
fake 3 started 1789885630339 delay_ms=1
fake 2 started 1789885630339 delay_ms=0
fake 2 end 1789885630339
fake 1 started 1789885630339 delay_ms=0
fake 1 end 1789885630339
fake 0 started 1789885630339 delay_ms=0
fake 0 end 1789885630339
job 0_TGAMMA_48 started 1789885630339 core=1
job 72_XPY_48 started 1789885630339 core=5
fake 3 end 1789885630349
job 0_TGAMMA_48 end 1789885639831
job 1_TGAMMA_48 started 1789885639831 core=1
job 1_TGAMMA_48 end 1789885649362
job 2_TGAMMA_48 started 1789885649362 core=1
job 2_TGAMMA_48 end 1789885658900
job 3_TGAMMA_48 started 1789885658901 core=1
job 72_XPY_48 end 1789885661000
job 73_XPY_48 started 1789885661000 core=5
job 3_TGAMMA_48 end 1789885668424
job 4_TGAMMA_48 started 1789885668424 core=1
job 4_TGAMMA_48 end 1789885677959
job 5_TGAMMA_48 started 1789885677959 core=1
job 5_TGAMMA_48 end 1789885687488
job 6_TGAMMA_48 started 1789885687488 core=1
job 73_XPY_48 end 1789885691682
job 74_XPY_48 started 1789885691683 core=5
job 6_TGAMMA_48 end 1789885697004
job 7_TGAMMA_48 started 1789885697004 core=1
job 7_TGAMMA_48 end 1789885706531
job 8_TGAMMA_48 started 1789885706531 core=1
job 8_TGAMMA_48 end 1789885716058
job 9_TGAMMA_48 started 1789885716059 core=1
job 74_XPY_48 end 1789885722290
job 75_XPY_48 started 1789885722290 core=5
job 9_TGAMMA_48 end 1789885725561
job 10_TGAMMA_48 started 1789885725561 core=1
job 10_TGAMMA_48 end 1789885735090
job 11_TGAMMA_48 started 1789885735091 core=1
job 11_TGAMMA_48 end 1789885744613
job 12_TGAMMA_48 started 1789885744614 core=1
job 75_XPY_48 end 1789885752963
job 76_XPY_48 started 1789885752963 core=5
job 12_TGAMMA_48 end 1789885754136
job 13_TGAMMA_48 started 1789885754136 core=1
job 13_TGAMMA_48 end 1789885763709
job 14_TGAMMA_48 started 1789885763710 core=1
job 14_TGAMMA_48 end 1789885773288
job 15_TGAMMA_48 started 1789885773288 core=1
job 15_TGAMMA_48 end 1789885782859
job 16_TGAMMA_48 started 1789885782860 core=1
job 76_XPY_48 end 1789885784889
job 77_XPY_48 started 1789885784889 core=5
job 16_TGAMMA_48 end 1789885792421
job 17_TGAMMA_48 started 1789885792421 core=1
job 17_TGAMMA_48 end 1789885802007
job 18_TGAMMA_48 started 1789885802007 core=1
job 18_TGAMMA_48 end 1789885811597
job 19_TGAMMA_48 started 1789885811597 core=1
job 77_XPY_48 end 1789885816854
job 78_XPY_48 started 1789885816854 core=5
job 19_TGAMMA_48 end 1789885821155
job 20_TGAMMA_48 started 1789885821155 core=1
job 20_TGAMMA_48 end 1789885830750
job 21_TGAMMA_48 started 1789885830750 core=1
job 21_TGAMMA_48 end 1789885840339
job 22_TGAMMA_48 started 1789885840339 core=1
job 78_XPY_48 end 1789885848879
job 79_XPY_48 started 1789885848879 core=5
job 22_TGAMMA_48 end 1789885849894
job 23_TGAMMA_48 started 1789885849894 core=1
job 23_TGAMMA_48 end 1789885859486
job 24_TGAMMA_48 started 1789885859487 core=1
job 24_TGAMMA_48 end 1789885869029
job 25_TGAMMA_48 started 1789885869029 core=1
job 25_TGAMMA_48 end 1789885878551
job 26_TGAMMA_48 started 1789885878551 core=1
job 79_XPY_48 end 1789885880078
job 80_XPY_48 started 1789885880078 core=5
job 26_TGAMMA_48 end 1789885888054
job 27_TGAMMA_48 started 1789885888054 core=1
job 27_TGAMMA_48 end 1789885897585
job 28_TGAMMA_48 started 1789885897585 core=1
job 28_TGAMMA_48 end 1789885907106
job 29_TGAMMA_48 started 1789885907107 core=1
job 80_XPY_48 end 1789885910658
job 81_XPY_48 started 1789885910658 core=5
job 29_TGAMMA_48 end 1789885916611
job 30_TGAMMA_48 started 1789885916611 core=1
job 30_TGAMMA_48 end 1789885926141
job 31_TGAMMA_48 started 1789885926141 core=1
job 31_TGAMMA_48 end 1789885935672
job 32_TGAMMA_48 started 1789885935672 core=1
job 81_XPY_48 end 1789885941275
job 82_XPY_48 started 1789885941276 core=5
job 32_TGAMMA_48 end 1789885945178
job 33_TGAMMA_48 started 1789885945178 core=1
job 33_TGAMMA_48 end 1789885954705
job 34_TGAMMA_48 started 1789885954705 core=1
job 34_TGAMMA_48 end 1789885964228
job 35_TGAMMA_48 started 1789885964229 core=1
job 82_XPY_48 end 1789885971889
job 83_XPY_48 started 1789885971889 core=5
job 35_TGAMMA_48 end 1789885973742
job 36_TGAMMA_48 started 1789885973742 core=1
job 36_TGAMMA_48 end 1789885983267
job 37_TGAMMA_48 started 1789885983267 core=5
job 37_TGAMMA_48 end 1789885992834
job 38_TGAMMA_48 started 1789885992834 core=5
job 38_TGAMMA_48 end 1789886002391
job 39_TGAMMA_48 started 1789886002391 core=1
job 83_XPY_48 end 1789886002510
job 84_XPY_48 started 1789886002510 core=5
job 39_TGAMMA_48 end 1789886011897
job 40_TGAMMA_48 started 1789886011898 core=1
job 40_TGAMMA_48 end 1789886021421
job 41_TGAMMA_48 started 1789886021422 core=1
job 41_TGAMMA_48 end 1789886030945
job 42_TGAMMA_48 started 1789886030946 core=1
job 84_XPY_48 end 1789886033140
job 85_XPY_48 started 1789886033140 core=5
job 42_TGAMMA_48 end 1789886040454
job 43_TGAMMA_48 started 1789886040454 core=1
job 43_TGAMMA_48 end 1789886049982
job 44_TGAMMA_48 started 1789886049982 core=1
job 44_TGAMMA_48 end 1789886059510
job 45_TGAMMA_48 started 1789886059510 core=1
job 85_XPY_48 end 1789886063773
job 86_XPY_48 started 1789886063773 core=5
job 45_TGAMMA_48 end 1789886069021
job 46_TGAMMA_48 started 1789886069022 core=1
job 46_TGAMMA_48 end 1789886078545
job 47_TGAMMA_48 started 1789886078545 core=1
job 47_TGAMMA_48 end 1789886088063
job 48_TGAMMA_48 started 1789886088063 core=1
job 86_XPY_48 end 1789886094352
job 87_XPY_48 started 1789886094352 core=5
job 48_TGAMMA_48 end 1789886097559
job 49_TGAMMA_48 started 1789886097560 core=1
job 49_TGAMMA_48 end 1789886107086
job 50_TGAMMA_48 started 1789886107086 core=1
job 50_TGAMMA_48 end 1789886116611
job 51_TGAMMA_48 started 1789886116611 core=1
job 87_XPY_48 end 1789886124959
job 88_XPY_48 started 1789886124959 core=5
job 51_TGAMMA_48 end 1789886126123
job 52_TGAMMA_48 started 1789886126123 core=1
job 52_TGAMMA_48 end 1789886135650
job 53_TGAMMA_48 started 1789886135650 core=1
job 53_TGAMMA_48 end 1789886145185
job 54_TGAMMA_48 started 1789886145185 core=1
job 54_TGAMMA_48 end 1789886154713
job 55_TGAMMA_48 started 1789886154713 core=1
job 88_XPY_48 end 1789886155594
job 89_XPY_48 started 1789886155594 core=5
job 55_TGAMMA_48 end 1789886164217
job 56_TGAMMA_48 started 1789886164217 core=1
job 56_TGAMMA_48 end 1789886173746
job 57_TGAMMA_48 started 1789886173746 core=1
job 57_TGAMMA_48 end 1789886183267
job 58_TGAMMA_48 started 1789886183268 core=1
job 89_XPY_48 end 1789886186190
job 90_XPY_48 started 1789886186191 core=5
job 58_TGAMMA_48 end 1789886192786
job 59_TGAMMA_48 started 1789886192786 core=1
job 59_TGAMMA_48 end 1789886202321
job 60_TGAMMA_48 started 1789886202321 core=1
job 60_TGAMMA_48 end 1789886211843
job 61_TGAMMA_48 started 1789886211843 core=1
job 90_XPY_48 end 1789886216782
job 91_XPY_48 started 1789886216782 core=5
job 61_TGAMMA_48 end 1789886221350
job 62_TGAMMA_48 started 1789886221350 core=1
job 62_TGAMMA_48 end 1789886230874
job 63_TGAMMA_48 started 1789886230875 core=1
job 63_TGAMMA_48 end 1789886240400
job 64_TGAMMA_48 started 1789886240400 core=1
job 91_XPY_48 end 1789886247409
job 64_TGAMMA_48 end 1789886249828
job 92_XPY_48 started 1789886249828 core=5
job 92_XPY_48 end 1789886272087
job 65_TGAMMA_48 started 1789886272087 core=1
job 65_TGAMMA_48 end 1789886281244
job 93_XPY_48 started 1789886281244 core=5
job 93_XPY_48 end 1789886303503
job 66_TGAMMA_48 started 1789886303503 core=1
job 66_TGAMMA_48 end 1789886312648
job 94_XPY_48 started 1789886312648 core=5
job 94_XPY_48 end 1789886334936
job 67_TGAMMA_48 started 1789886334936 core=1
job 67_TGAMMA_48 end 1789886344092
job 95_XPY_48 started 1789886344092 core=5
job 95_XPY_48 end 1789886366385
job 68_TGAMMA_48 started 1789886366385 core=1
job 68_TGAMMA_48 end 1789886375536
job 96_XPY_48 started 1789886375537 core=5
job 96_XPY_48 end 1789886397822
job 69_TGAMMA_48 started 1789886397822 core=1
job 69_TGAMMA_48 end 1789886406988
job 97_XPY_48 started 1789886406988 core=5
job 97_XPY_48 end 1789886429272
job 70_TGAMMA_48 started 1789886429272 core=1
job 70_TGAMMA_48 end 1789886438421
job 98_XPY_48 started 1789886438421 core=5
job 98_XPY_48 end 1789886460700
job 71_TGAMMA_48 started 1789886460701 core=1
job 71_TGAMMA_48 end 1789886469838
job 99_XPY_48 started 1789886469838 core=5
job 99_XPY_48 end 1789886492108
  итерация 0: 861768 ms
  среднее по 1 итерациям: 861768 ms
  реальных ожиданий свободного ядра: 15
=== Выполняется проект: two_chain_11.txt (100 работ, перестановка ORDER) ===
fake 3 started 1789886492108 delay_ms=1
fake 1 started 1789886492108 delay_ms=0
fake 1 end 1789886492108
fake 0 started 1789886492108 delay_ms=0
fake 0 end 1789886492108
fake 2 started 1789886492108 delay_ms=0
fake 2 end 1789886492108
job 72_DOT_84 started 1789886492108 core=5
job 0_TGAMMA_108 started 1789886492109 core=4
fake 3 end 1789886492110
job 0_TGAMMA_108 end 1789886513213
job 1_TGAMMA_48 started 1789886513214 core=4
job 1_TGAMMA_48 end 1789886522706
job 2_TGAMMA_12 started 1789886522706 core=4
job 2_TGAMMA_12 end 1789886525051
job 3_TGAMMA_72 started 1789886525051 core=4
job 3_TGAMMA_72 end 1789886539191
job 4_TGAMMA_12 started 1789886539192 core=4
job 72_DOT_84 end 1789886539197
job 73_DOT_84 started 1789886539197 core=5
job 4_TGAMMA_12 end 1789886541510
job 5_TGAMMA_72 started 1789886541510 core=4
job 5_TGAMMA_72 end 1789886555561
job 6_TGAMMA_84 started 1789886555561 core=4
job 6_TGAMMA_84 end 1789886572065
job 7_TGAMMA_60 started 1789886572066 core=4
job 7_TGAMMA_60 end 1789886583667
job 8_TGAMMA_60 started 1789886583667 core=4
job 73_DOT_84 end 1789886586431
job 74_DOT_36 started 1789886586431 core=5
job 8_TGAMMA_60 end 1789886595432
job 9_TGAMMA_12 started 1789886595432 core=4
job 9_TGAMMA_12 end 1789886597775
job 10_TGAMMA_108 started 1789886597775 core=4
job 74_DOT_36 end 1789886606774
job 75_COPY_60 started 1789886606774 core=5
job 10_TGAMMA_108 end 1789886618930
job 11_TGAMMA_72 started 1789886618930 core=4
job 11_TGAMMA_72 end 1789886633033
job 12_TGAMMA_36 started 1789886633033 core=4
job 12_TGAMMA_36 end 1789886640037
job 13_TGAMMA_84 started 1789886640038 core=4
job 75_COPY_60 end 1789886643291
job 76_DOT_84 started 1789886643291 core=5
job 13_TGAMMA_84 end 1789886656508
job 14_TGAMMA_48 started 1789886656508 core=4
job 14_TGAMMA_48 end 1789886665851
job 15_TGAMMA_108 started 1789886665851 core=4
job 15_TGAMMA_108 end 1789886687070
job 16_TGAMMA_96 started 1789886687070 core=4
job 76_DOT_84 end 1789886690533
job 77_XPY_60 started 1789886690533 core=5
job 16_TGAMMA_96 end 1789886705958
job 17_TGAMMA_108 started 1789886705958 core=4
job 17_TGAMMA_108 end 1789886727166
job 18_TGAMMA_24 started 1789886727166 core=4
job 77_XPY_60 end 1789886728796
job 78_COPY_84 started 1789886728796 core=5
job 18_TGAMMA_24 end 1789886731844
job 19_TGAMMA_96 started 1789886731844 core=4
job 19_TGAMMA_96 end 1789886750667
job 20_TGAMMA_96 started 1789886750667 core=4
job 20_TGAMMA_96 end 1789886769309
job 21_TGAMMA_108 started 1789886769309 core=4
job 78_COPY_84 end 1789886780085
job 79_DOT_84 started 1789886780085 core=5
job 21_TGAMMA_108 end 1789886790381
job 22_TGAMMA_120 started 1789886790381 core=4
job 22_TGAMMA_120 end 1789886813940
job 23_TGAMMA_72 started 1789886813940 core=4
job 79_DOT_84 end 1789886827112
job 80_SUM_132 started 1789886827112 core=5
job 23_TGAMMA_72 end 1789886827848
job 24_TGAMMA_12 started 1789886827849 core=4
job 24_TGAMMA_12 end 1789886830157
job 25_TGAMMA_108 started 1789886830157 core=4
job 25_TGAMMA_108 end 1789886851023
job 26_TGAMMA_24 started 1789886851023 core=4
job 26_TGAMMA_24 end 1789886855650
job 27_TGAMMA_108 started 1789886855650 core=4
job 80_SUM_132 end 1789886864907
job 81_DOT_84 started 1789886864907 core=5
job 27_TGAMMA_108 end 1789886876572
job 28_TGAMMA_48 started 1789886876572 core=4
job 28_TGAMMA_48 end 1789886886054
job 29_TGAMMA_24 started 1789886886055 core=4
job 29_TGAMMA_24 end 1789886890738
job 30_TGAMMA_72 started 1789886890738 core=4
job 30_TGAMMA_72 end 1789886904642
job 31_TGAMMA_36 started 1789886904642 core=4
job 31_TGAMMA_36 end 1789886911717
job 32_TGAMMA_60 started 1789886911717 core=4
job 81_DOT_84 end 1789886911965
job 82_SUM_132 started 1789886911966 core=5
job 32_TGAMMA_60 end 1789886923260
job 33_TGAMMA_48 started 1789886923260 core=4
job 33_TGAMMA_48 end 1789886932524
job 34_TGAMMA_12 started 1789886932525 core=4
job 34_TGAMMA_12 end 1789886934834
job 35_TGAMMA_84 started 1789886934835 core=4
job 82_SUM_132 end 1789886949784
job 83_SUM_132 started 1789886949785 core=5
job 35_TGAMMA_84 end 1789886950991
job 36_TGAMMA_60 started 1789886950991 core=4
job 36_TGAMMA_60 end 1789886962553
job 37_TGAMMA_60 started 1789886962553 core=4
job 37_TGAMMA_60 end 1789886974139
job 38_TGAMMA_120 started 1789886974139 core=4
job 83_SUM_132 end 1789886987569
job 84_COPY_84 started 1789886987569 core=5
job 38_TGAMMA_120 end 1789886997308
job 39_TGAMMA_72 started 1789886997308 core=4
job 39_TGAMMA_72 end 1789887011348
job 40_TGAMMA_12 started 1789887011348 core=4
job 40_TGAMMA_12 end 1789887013690
job 41_TGAMMA_24 started 1789887013690 core=4
job 41_TGAMMA_24 end 1789887018380
job 42_TGAMMA_72 started 1789887018380 core=4
job 42_TGAMMA_72 end 1789887032419
job 43_TGAMMA_12 started 1789887032419 core=4
job 43_TGAMMA_12 end 1789887034760
job 44_TGAMMA_120 started 1789887034760 core=4
job 84_COPY_84 end 1789887038807
job 85_SUM_132 started 1789887038807 core=5
job 44_TGAMMA_120 end 1789887057907
job 45_TGAMMA_36 started 1789887057907 core=4
job 45_TGAMMA_36 end 1789887064838
job 46_TGAMMA_24 started 1789887064838 core=4
job 46_TGAMMA_24 end 1789887069457
job 47_TGAMMA_108 started 1789887069457 core=4
job 85_SUM_132 end 1789887076600
job 86_COPY_84 started 1789887076600 core=5
job 47_TGAMMA_108 end 1789887090389
job 48_TGAMMA_60 started 1789887090389 core=4
job 48_TGAMMA_60 end 1789887102090
job 49_TGAMMA_36 started 1789887102090 core=4
job 49_TGAMMA_36 end 1789887109159
job 50_TGAMMA_24 started 1789887109159 core=4
job 50_TGAMMA_24 end 1789887113854
job 51_TGAMMA_84 started 1789887113854 core=4
job 86_COPY_84 end 1789887127820
job 87_DOT_84 started 1789887127820 core=5
job 51_TGAMMA_84 end 1789887130217
job 52_TGAMMA_24 started 1789887130217 core=4
job 52_TGAMMA_24 end 1789887134903
job 53_TGAMMA_60 started 1789887134903 core=4
job 53_TGAMMA_60 end 1789887146488
job 54_TGAMMA_72 started 1789887146488 core=4
job 54_TGAMMA_72 end 1789887160630
job 55_TGAMMA_72 started 1789887160630 core=4
job 55_TGAMMA_72 end 1789887174539
job 56_TGAMMA_24 started 1789887174539 core=4
job 87_DOT_84 end 1789887175052
job 88_DOT_84 started 1789887175052 core=5
job 56_TGAMMA_24 end 1789887179205
job 57_TGAMMA_60 started 1789887179205 core=4
job 57_TGAMMA_60 end 1789887190920
job 58_TGAMMA_60 started 1789887190921 core=4
job 58_TGAMMA_60 end 1789887202515
job 59_TGAMMA_120 started 1789887202515 core=4
job 88_DOT_84 end 1789887222295
job 89_DOT_84 started 1789887222295 core=5
job 59_TGAMMA_120 end 1789887225882
job 60_TGAMMA_72 started 1789887225882 core=4
job 60_TGAMMA_72 end 1789887239935
job 61_TGAMMA_72 started 1789887239935 core=4
job 61_TGAMMA_72 end 1789887253851
job 62_TGAMMA_120 started 1789887253851 core=4
job 89_DOT_84 end 1789887269371
job 90_SUM_132 started 1789887269371 core=5
job 62_TGAMMA_120 end 1789887277148
job 63_TGAMMA_96 started 1789887277148 core=4
job 63_TGAMMA_96 end 1789887295628
job 64_TGAMMA_72 started 1789887295628 core=4
job 90_SUM_132 end 1789887307188
job 91_SUM_84 started 1789887307188 core=5
job 64_TGAMMA_72 end 1789887309518
job 65_TGAMMA_72 started 1789887309518 core=4
job 65_TGAMMA_72 end 1789887323435
job 66_TGAMMA_24 started 1789887323435 core=4
job 66_TGAMMA_24 end 1789887328058
job 67_TGAMMA_60 started 1789887328058 core=4
job 91_SUM_84 end 1789887331282
job 92_XPY_60 started 1789887331282 core=5
job 67_TGAMMA_60 end 1789887339727
job 68_TGAMMA_72 started 1789887339728 core=4
job 68_TGAMMA_72 end 1789887353938
job 69_TGAMMA_84 started 1789887353938 core=4
job 92_XPY_60 end 1789887369654
job 93_SUM_108 started 1789887369654 core=5
job 69_TGAMMA_84 end 1789887370227
job 70_TGAMMA_12 started 1789887370227 core=4
job 70_TGAMMA_12 end 1789887372535
job 71_TGAMMA_96 started 1789887372535 core=4
job 71_TGAMMA_96 end 1789887391007
job 93_SUM_108 end 1789887398925
job 94_DOT_84 started 1789887398925 core=5
job 94_DOT_84 end 1789887436523
job 95_SUM_108 started 1789887436523 core=5
job 95_SUM_108 end 1789887456949
job 96_XPY_60 started 1789887456949 core=5
job 96_XPY_60 end 1789887484790
job 97_DOT_84 started 1789887484790 core=5
job 97_DOT_84 end 1789887516796
job 98_SUM_108 started 1789887516796 core=5
job 98_SUM_108 end 1789887537201
job 99_XPY_60 started 1789887537201 core=5
job 99_XPY_60 end 1789887565050
  итерация 0: 1072941 ms
  среднее по 1 итерациям: 1072941 ms
  реальных ожиданий свободного ядра: 0  (блокировок в задачах не было)
=== Выполняется проект: two_chain_12.txt (100 работ, перестановка ORDER) ===
fake 3 started 1789887565051 delay_ms=1
fake 2 started 1789887565051 delay_ms=0
fake 2 end 1789887565051
fake 0 started 1789887565051 delay_ms=0
fake 0 end 1789887565051
fake 1 started 1789887565051 delay_ms=0
fake 1 end 1789887565051
job 69_DOT_36 started 1789887565051 core=5
fake 3 end 1789887565061
job 0_TGAMMA_24 started 1789887565061 core=5
job 0_TGAMMA_24 end 1789887569777
job 1_TGAMMA_12 started 1789887569777 core=5
job 1_TGAMMA_12 end 1789887572132
job 2_TGAMMA_60 started 1789887572132 core=5
job 2_TGAMMA_60 end 1789887583733
job 3_TGAMMA_96 started 1789887583733 core=5
job 69_DOT_36 end 1789887585485
job 70_DOT_36 started 1789887585485 core=5
job 3_TGAMMA_96 end 1789887602468
job 4_TGAMMA_84 started 1789887602468 core=5
job 70_DOT_36 end 1789887605795
job 71_DOT_84 started 1789887605795 core=5
job 4_TGAMMA_84 end 1789887618685
job 5_TGAMMA_120 started 1789887618685 core=5
job 5_TGAMMA_120 end 1789887642240
job 6_TGAMMA_84 started 1789887642240 core=5
job 71_DOT_84 end 1789887653007
job 72_XPY_48 started 1789887653007 core=5
job 6_TGAMMA_84 end 1789887658479
job 7_TGAMMA_72 started 1789887658479 core=5
job 7_TGAMMA_72 end 1789887672638
job 8_TGAMMA_72 started 1789887672638 core=5
job 72_XPY_48 end 1789887683750
job 73_SUM_132 started 1789887683751 core=5
job 8_TGAMMA_72 end 1789887686732
job 9_TGAMMA_60 started 1789887686732 core=5
job 9_TGAMMA_60 end 1789887698316
job 10_TGAMMA_12 started 1789887698316 core=5
job 10_TGAMMA_12 end 1789887700639
job 11_TGAMMA_72 started 1789887700639 core=5
job 11_TGAMMA_72 end 1789887714495
job 12_TGAMMA_24 started 1789887714495 core=5
job 12_TGAMMA_24 end 1789887719132
job 13_TGAMMA_84 started 1789887719132 core=5
job 73_SUM_132 end 1789887721489
job 74_SUM_132 started 1789887721490 core=5
job 13_TGAMMA_84 end 1789887735308
job 14_TGAMMA_108 started 1789887735308 core=5
job 14_TGAMMA_108 end 1789887756218
job 15_TGAMMA_120 started 1789887756218 core=5
job 74_SUM_132 end 1789887759309
job 75_SUM_108 started 1789887759309 core=5
job 15_TGAMMA_120 end 1789887779322
job 16_TGAMMA_12 started 1789887779322 core=5
job 16_TGAMMA_12 end 1789887781647
job 17_TGAMMA_60 started 1789887781647 core=5
job 75_SUM_108 end 1789887790230
job 76_XPY_60 started 1789887790230 core=5
job 17_TGAMMA_60 end 1789887793250
job 18_TGAMMA_72 started 1789887793250 core=5
job 18_TGAMMA_72 end 1789887807238
job 19_TGAMMA_48 started 1789887807238 core=5
job 19_TGAMMA_48 end 1789887816782
job 20_TGAMMA_36 started 1789887816782 core=5
job 20_TGAMMA_36 end 1789887823796
job 21_TGAMMA_12 started 1789887823796 core=5
job 21_TGAMMA_12 end 1789887826165
job 22_TGAMMA_84 started 1789887826165 core=5
job 76_XPY_60 end 1789887828631
job 77_SUM_108 started 1789887828631 core=5
job 22_TGAMMA_84 end 1789887842391
job 23_TGAMMA_96 started 1789887842391 core=5
job 77_SUM_108 end 1789887859536
job 78_SUM_84 started 1789887859536 core=5
job 23_TGAMMA_96 end 1789887860883
job 24_TGAMMA_60 started 1789887860883 core=5
job 24_TGAMMA_60 end 1789887872461
job 25_TGAMMA_60 started 1789887872461 core=5
job 78_SUM_84 end 1789887883562
job 79_SUM_108 started 1789887883562 core=5
job 25_TGAMMA_60 end 1789887884011
job 26_TGAMMA_96 started 1789887884011 core=5
job 26_TGAMMA_96 end 1789887902511
job 27_TGAMMA_96 started 1789887902511 core=5
job 79_SUM_108 end 1789887914562
job 80_SUM_132 started 1789887914562 core=5
job 27_TGAMMA_96 end 1789887921003
job 28_TGAMMA_60 started 1789887921003 core=5
job 28_TGAMMA_60 end 1789887932589
job 29_TGAMMA_108 started 1789887932589 core=5
job 80_SUM_132 end 1789887952350
job 81_DOT_36 started 1789887952350 core=5
job 29_TGAMMA_108 end 1789887953383
job 30_TGAMMA_12 started 1789887953383 core=5
job 30_TGAMMA_12 end 1789887955742
job 31_TGAMMA_120 started 1789887955742 core=5
job 81_DOT_36 end 1789887972557
job 82_SUM_108 started 1789887972557 core=5
job 31_TGAMMA_120 end 1789887979073
job 32_TGAMMA_96 started 1789887979073 core=5
job 32_TGAMMA_96 end 1789887997562
job 33_TGAMMA_36 started 1789887997562 core=5
job 82_SUM_108 end 1789888003448
job 83_DOT_36 started 1789888003448 core=5
job 33_TGAMMA_36 end 1789888004519
job 34_TGAMMA_12 started 1789888004519 core=5
job 34_TGAMMA_12 end 1789888006877
job 35_TGAMMA_12 started 1789888006877 core=5
job 35_TGAMMA_12 end 1789888009234
job 36_TGAMMA_12 started 1789888009234 core=5
job 36_TGAMMA_12 end 1789888011596
job 37_TGAMMA_60 started 1789888011596 core=5
job 37_TGAMMA_60 end 1789888023192
job 38_TGAMMA_60 started 1789888023192 core=5
job 83_DOT_36 end 1789888023840
job 84_COPY_60 started 1789888023840 core=5
job 38_TGAMMA_60 end 1789888034897
job 39_TGAMMA_108 started 1789888034897 core=5
job 39_TGAMMA_108 end 1789888055973
job 40_TGAMMA_72 started 1789888055973 core=5
job 84_COPY_60 end 1789888060461
job 85_SUM_108 started 1789888060461 core=5
job 40_TGAMMA_72 end 1789888069920
job 41_TGAMMA_36 started 1789888069920 core=5
job 41_TGAMMA_36 end 1789888076883
job 42_TGAMMA_12 started 1789888076883 core=5
job 42_TGAMMA_12 end 1789888079207
job 43_TGAMMA_24 started 1789888079207 core=5
job 43_TGAMMA_24 end 1789888083857
job 44_TGAMMA_84 started 1789888083857 core=5
job 85_SUM_108 end 1789888091404
job 86_SUM_132 started 1789888091404 core=5
job 44_TGAMMA_84 end 1789888100042
job 45_TGAMMA_12 started 1789888100042 core=5
job 45_TGAMMA_12 end 1789888102368
job 46_TGAMMA_96 started 1789888102368 core=5
job 46_TGAMMA_96 end 1789888120855
job 47_TGAMMA_96 started 1789888120855 core=5
job 86_SUM_132 end 1789888129235
job 87_DOT_36 started 1789888129235 core=5
job 47_TGAMMA_96 end 1789888139390
job 48_TGAMMA_72 started 1789888139390 core=5
job 87_DOT_36 end 1789888149636
job 88_XPY_48 started 1789888149636 core=5
job 48_TGAMMA_72 end 1789888153469
job 49_TGAMMA_72 started 1789888153469 core=5
job 49_TGAMMA_72 end 1789888167461
job 50_TGAMMA_120 started 1789888167461 core=5
job 88_XPY_48 end 1789888180386
job 89_XPY_60 started 1789888180386 core=5
job 50_TGAMMA_120 end 1789888191122
job 51_TGAMMA_108 started 1789888191122 core=5
job 51_TGAMMA_108 end 1789888212299
job 52_TGAMMA_72 started 1789888212299 core=5
job 89_XPY_60 end 1789888218287
job 90_DOT_84 started 1789888218288 core=5
job 52_TGAMMA_72 end 1789888226382
job 53_TGAMMA_12 started 1789888226382 core=5
job 53_TGAMMA_12 end 1789888228748
job 54_TGAMMA_72 started 1789888228748 core=5
job 54_TGAMMA_72 end 1789888242824
job 55_TGAMMA_60 started 1789888242824 core=5
job 55_TGAMMA_60 end 1789888254412
job 56_TGAMMA_84 started 1789888254412 core=5
job 90_DOT_84 end 1789888265473
job 91_DOT_84 started 1789888265473 core=5
job 56_TGAMMA_84 end 1789888270804
job 57_TGAMMA_96 started 1789888270804 core=5
job 57_TGAMMA_96 end 1789888289569
job 58_TGAMMA_120 started 1789888289569 core=5
job 91_DOT_84 end 1789888312600
job 92_COPY_84 started 1789888312600 core=5
job 58_TGAMMA_120 end 1789888313105
job 59_TGAMMA_108 started 1789888313105 core=5
job 59_TGAMMA_108 end 1789888334165
job 60_TGAMMA_60 started 1789888334165 core=5
job 60_TGAMMA_60 end 1789888345880
job 61_TGAMMA_12 started 1789888345880 core=5
job 61_TGAMMA_12 end 1789888348234
job 62_TGAMMA_84 started 1789888348234 core=5
job 92_COPY_84 end 1789888363811
job 93_XPY_60 started 1789888363812 core=5
job 62_TGAMMA_84 end 1789888364614
job 63_TGAMMA_24 started 1789888364614 core=5
job 63_TGAMMA_24 end 1789888369349
job 64_TGAMMA_24 started 1789888369349 core=5
job 64_TGAMMA_24 end 1789888374072
job 65_TGAMMA_96 started 1789888374072 core=5
job 65_TGAMMA_96 end 1789888392929
job 66_TGAMMA_60 started 1789888392929 core=5
job 93_XPY_60 end 1789888402086
job 94_SUM_84 started 1789888402086 core=5
job 66_TGAMMA_60 end 1789888404677
job 67_TGAMMA_72 started 1789888404677 core=5
job 67_TGAMMA_72 end 1789888418548
job 68_TGAMMA_108 started 1789888418548 core=5
job 94_SUM_84 end 1789888426133
job 95_SUM_108 started 1789888426133 core=5
job 68_TGAMMA_108 end 1789888439413
job 95_SUM_108 end 1789888453995
job 96_DOT_84 started 1789888453995 core=5
job 96_DOT_84 end 1789888491599
job 97_SUM_108 started 1789888491599 core=5
job 97_SUM_108 end 1789888511992
job 98_DOT_84 started 1789888511992 core=5
job 98_DOT_84 end 1789888543970
job 99_XPY_48 started 1789888543970 core=5
job 99_XPY_48 end 1789888566237
  итерация 0: 1001186 ms
  среднее по 1 итерациям: 1001186 ms
  реальных ожиданий свободного ядра: 0  (блокировок в задачах не было)
=== Выполняется проект: two_chain_13.txt (100 работ, перестановка ORDER) ===
fake 3 started 1789888566238 delay_ms=1
fake 2 started 1789888566238 delay_ms=0
fake 0 started 1789888566238 delay_ms=0
fake 0 end 1789888566238
fake 1 started 1789888566238 delay_ms=0
fake 1 end 1789888566238
fake 2 end 1789888566238
job 71_COPY_60 started 1789888566238 core=5
job 0_TGAMMA_108 started 1789888566238 core=4
fake 3 end 1789888566239
job 0_TGAMMA_108 end 1789888587291
job 1_TGAMMA_84 started 1789888587291 core=4
job 71_COPY_60 end 1789888602881
job 72_COPY_84 started 1789888602881 core=5
job 1_TGAMMA_84 end 1789888603675
job 2_TGAMMA_72 started 1789888603675 core=4
job 2_TGAMMA_72 end 1789888617776
job 3_TGAMMA_96 started 1789888617776 core=4
job 3_TGAMMA_96 end 1789888636509
job 4_TGAMMA_24 started 1789888636509 core=4
job 4_TGAMMA_24 end 1789888641188
job 5_TGAMMA_84 started 1789888641188 core=4
job 72_COPY_84 end 1789888654097
job 73_COPY_84 started 1789888654097 core=5
job 5_TGAMMA_84 end 1789888657545
job 6_TGAMMA_36 started 1789888657545 core=4
job 6_TGAMMA_36 end 1789888664538
job 7_TGAMMA_36 started 1789888664538 core=4
job 7_TGAMMA_36 end 1789888671608
job 8_TGAMMA_60 started 1789888671608 core=4
job 8_TGAMMA_60 end 1789888683309
job 9_TGAMMA_60 started 1789888683309 core=4
job 9_TGAMMA_60 end 1789888694959
job 10_TGAMMA_48 started 1789888694959 core=4
job 10_TGAMMA_48 end 1789888704411
job 11_TGAMMA_120 started 1789888704412 core=4
job 73_COPY_84 end 1789888705245
job 74_SUM_84 started 1789888705245 core=5
job 11_TGAMMA_120 end 1789888727610
job 12_TGAMMA_36 started 1789888727610 core=4
job 74_SUM_84 end 1789888729219
job 75_DOT_84 started 1789888729219 core=5
job 12_TGAMMA_36 end 1789888734543
job 13_TGAMMA_24 started 1789888734543 core=4
job 13_TGAMMA_24 end 1789888739222
job 14_TGAMMA_36 started 1789888739222 core=4
job 14_TGAMMA_36 end 1789888746253
job 15_TGAMMA_12 started 1789888746253 core=4
job 15_TGAMMA_12 end 1789888748609
job 16_TGAMMA_24 started 1789888748610 core=4
job 16_TGAMMA_24 end 1789888753291
job 17_TGAMMA_96 started 1789888753291 core=4
job 17_TGAMMA_96 end 1789888772048
job 18_TGAMMA_120 started 1789888772048 core=4
job 75_DOT_84 end 1789888776457
job 76_DOT_84 started 1789888776457 core=5
job 18_TGAMMA_120 end 1789888795427
job 19_TGAMMA_12 started 1789888795427 core=4
job 19_TGAMMA_12 end 1789888797768
job 20_TGAMMA_72 started 1789888797768 core=4
job 20_TGAMMA_72 end 1789888811899
job 21_TGAMMA_48 started 1789888811899 core=4
job 21_TGAMMA_48 end 1789888821192
job 22_TGAMMA_24 started 1789888821192 core=4
job 76_DOT_84 end 1789888823481
job 77_XPY_48 started 1789888823481 core=5
job 22_TGAMMA_24 end 1789888825889
job 23_TGAMMA_96 started 1789888825889 core=4
job 23_TGAMMA_96 end 1789888844835
job 24_TGAMMA_108 started 1789888844836 core=4
job 77_XPY_48 end 1789888854215
job 78_XPY_48 started 1789888854216 core=5
job 24_TGAMMA_108 end 1789888866116
job 25_TGAMMA_24 started 1789888866117 core=4
job 25_TGAMMA_24 end 1789888870830
job 26_TGAMMA_36 started 1789888870830 core=4
job 26_TGAMMA_36 end 1789888877937
job 27_TGAMMA_60 started 1789888877937 core=4
job 78_XPY_48 end 1789888884469
job 79_XPY_48 started 1789888884469 core=5
job 27_TGAMMA_60 end 1789888889706
job 28_TGAMMA_24 started 1789888889706 core=4
job 28_TGAMMA_24 end 1789888894430
job 29_TGAMMA_60 started 1789888894430 core=4
job 29_TGAMMA_60 end 1789888906268
job 30_TGAMMA_96 started 1789888906268 core=4
job 79_XPY_48 end 1789888915132
job 80_SUM_132 started 1789888915132 core=5
job 30_TGAMMA_96 end 1789888924923
job 31_TGAMMA_24 started 1789888924923 core=4
job 31_TGAMMA_24 end 1789888929536
job 32_TGAMMA_120 started 1789888929536 core=4
job 32_TGAMMA_120 end 1789888952695
job 33_TGAMMA_96 started 1789888952695 core=4
job 80_SUM_132 end 1789888952842
job 81_COPY_84 started 1789888952843 core=5
job 33_TGAMMA_96 end 1789888971380
job 34_TGAMMA_120 started 1789888971380 core=4
job 34_TGAMMA_120 end 1789888994745
job 35_TGAMMA_12 started 1789888994745 core=4
job 35_TGAMMA_12 end 1789888997081
job 36_TGAMMA_60 started 1789888997081 core=4
job 81_COPY_84 end 1789889004020
job 82_XPY_48 started 1789889004020 core=5
job 36_TGAMMA_60 end 1789889008714
job 37_TGAMMA_24 started 1789889008715 core=4
job 37_TGAMMA_24 end 1789889013422
job 38_TGAMMA_12 started 1789889013422 core=4
job 38_TGAMMA_12 end 1789889015772
job 39_TGAMMA_60 started 1789889015772 core=4
job 39_TGAMMA_60 end 1789889027409
job 40_TGAMMA_72 started 1789889027409 core=4
job 82_XPY_48 end 1789889034742
job 83_XPY_60 started 1789889034743 core=5
job 40_TGAMMA_72 end 1789889041594
job 41_TGAMMA_108 started 1789889041594 core=4
job 41_TGAMMA_108 end 1789889062785
job 42_TGAMMA_36 started 1789889062785 core=4
job 42_TGAMMA_36 end 1789889069850
job 43_TGAMMA_12 started 1789889069851 core=4
job 43_TGAMMA_12 end 1789889072203
job 44_TGAMMA_12 started 1789889072203 core=4
job 83_XPY_60 end 1789889072957
job 84_COPY_84 started 1789889072957 core=5
job 44_TGAMMA_12 end 1789889074535
job 45_TGAMMA_36 started 1789889074535 core=4
job 45_TGAMMA_36 end 1789889081559
job 46_TGAMMA_48 started 1789889081560 core=4
job 46_TGAMMA_48 end 1789889091017
job 47_TGAMMA_96 started 1789889091017 core=4
job 47_TGAMMA_96 end 1789889109737
job 48_TGAMMA_60 started 1789889109737 core=4
job 48_TGAMMA_60 end 1789889121410
job 49_TGAMMA_108 started 1789889121410 core=4
job 84_COPY_84 end 1789889124276
job 85_SUM_108 started 1789889124276 core=5
job 49_TGAMMA_108 end 1789889142250
job 50_TGAMMA_108 started 1789889142250 core=4
job 85_SUM_108 end 1789889155188
job 86_DOT_36 started 1789889155188 core=5
job 50_TGAMMA_108 end 1789889163227
job 51_TGAMMA_108 started 1789889163227 core=4
job 86_DOT_36 end 1789889175412
job 87_DOT_36 started 1789889175412 core=5
job 51_TGAMMA_108 end 1789889184291
job 52_TGAMMA_12 started 1789889184291 core=4
job 52_TGAMMA_12 end 1789889186635
job 53_TGAMMA_84 started 1789889186635 core=4
job 87_DOT_36 end 1789889195644
job 88_XPY_48 started 1789889195644 core=5
job 53_TGAMMA_84 end 1789889203140
job 54_TGAMMA_96 started 1789889203140 core=4
job 54_TGAMMA_96 end 1789889221980
job 55_TGAMMA_120 started 1789889221980 core=4
job 88_XPY_48 end 1789889226271
job 89_COPY_84 started 1789889226271 core=5
job 55_TGAMMA_120 end 1789889245368
job 56_TGAMMA_24 started 1789889245369 core=4
job 56_TGAMMA_24 end 1789889250044
job 57_TGAMMA_120 started 1789889250044 core=4
job 57_TGAMMA_120 end 1789889273415
job 58_TGAMMA_96 started 1789889273415 core=4
job 89_COPY_84 end 1789889277438
job 90_SUM_108 started 1789889277438 core=5
job 58_TGAMMA_96 end 1789889291959
job 59_TGAMMA_60 started 1789889291959 core=4
job 59_TGAMMA_60 end 1789889303567
job 60_TGAMMA_48 started 1789889303567 core=4
job 90_SUM_108 end 1789889308404
job 91_XPY_60 started 1789889308404 core=5
job 60_TGAMMA_48 end 1789889312839
job 61_TGAMMA_36 started 1789889312839 core=4
job 61_TGAMMA_36 end 1789889319902
job 62_TGAMMA_60 started 1789889319902 core=4
job 62_TGAMMA_60 end 1789889331737
job 63_TGAMMA_24 started 1789889331737 core=4
job 63_TGAMMA_24 end 1789889336462
job 64_TGAMMA_60 started 1789889336462 core=4
job 91_XPY_60 end 1789889346716
job 92_SUM_108 started 1789889346716 core=5
job 64_TGAMMA_60 end 1789889348213
job 65_TGAMMA_24 started 1789889348213 core=4
job 65_TGAMMA_24 end 1789889352825
job 66_TGAMMA_120 started 1789889352825 core=4
job 66_TGAMMA_120 end 1789889375905
job 67_TGAMMA_108 started 1789889375905 core=4
job 92_SUM_108 end 1789889377621
job 93_COPY_60 started 1789889377622 core=5
job 67_TGAMMA_108 end 1789889397014
job 68_TGAMMA_96 started 1789889397014 core=4
job 93_COPY_60 end 1789889414139
job 94_SUM_84 started 1789889414140 core=5
job 68_TGAMMA_96 end 1789889415796
job 69_TGAMMA_12 started 1789889415796 core=4
job 69_TGAMMA_12 end 1789889418113
job 70_TGAMMA_24 started 1789889418113 core=4
job 70_TGAMMA_24 end 1789889422724
job 94_SUM_84 end 1789889435467
job 95_XPY_48 started 1789889435467 core=5
job 95_XPY_48 end 1789889457720
job 96_XPY_60 started 1789889457720 core=5
job 96_XPY_60 end 1789889485608
job 97_SUM_132 started 1789889485608 core=5
job 97_SUM_132 end 1789889510545
job 98_DOT_84 started 1789889510545 core=5
job 98_DOT_84 end 1789889542561
job 99_SUM_108 started 1789889542561 core=5
job 99_SUM_108 end 1789889562934
  итерация 0: 996696 ms
  среднее по 1 итерациям: 996696 ms
  реальных ожиданий свободного ядра: 0  (блокировок в задачах не было)
=== Выполняется проект: two_chain_14.txt (100 работ, перестановка ORDER) ===
fake 3 started 1789889562935 delay_ms=1
fake 2 started 1789889562935 delay_ms=0
fake 2 end 1789889562935
fake 0 started 1789889562935 delay_ms=0
fake 0 end 1789889562935
fake 1 started 1789889562935 delay_ms=0
fake 1 end 1789889562935
job 0_TGAMMA_108 started 1789889562935 core=5
job 67_SUM_108 started 1789889562935 core=5
fake 3 end 1789889562945
job 0_TGAMMA_108 end 1789889583842
job 1_TGAMMA_84 started 1789889583842 core=5
job 67_SUM_108 end 1789889593871
job 68_SUM_108 started 1789889593871 core=5
job 1_TGAMMA_84 end 1789889600076
job 2_TGAMMA_36 started 1789889600076 core=5
job 2_TGAMMA_36 end 1789889607029
job 3_TGAMMA_24 started 1789889607029 core=5
job 3_TGAMMA_24 end 1789889611656
job 4_TGAMMA_12 started 1789889611656 core=5
job 4_TGAMMA_12 end 1789889613985
job 5_TGAMMA_12 started 1789889613985 core=5
job 5_TGAMMA_12 end 1789889616309
job 6_TGAMMA_84 started 1789889616309 core=5
job 68_SUM_108 end 1789889624832
job 69_DOT_36 started 1789889624832 core=5
job 6_TGAMMA_84 end 1789889632596
job 7_TGAMMA_36 started 1789889632596 core=5
job 7_TGAMMA_36 end 1789889639579
job 8_TGAMMA_72 started 1789889639579 core=5
job 69_DOT_36 end 1789889644891
job 70_SUM_108 started 1789889644891 core=5
job 8_TGAMMA_72 end 1789889653602
job 9_TGAMMA_72 started 1789889653602 core=5
job 9_TGAMMA_72 end 1789889667484
job 10_TGAMMA_60 started 1789889667484 core=5
job 70_SUM_108 end 1789889675779
job 71_SUM_84 started 1789889675779 core=5
job 10_TGAMMA_60 end 1789889679078
job 11_TGAMMA_36 started 1789889679078 core=5
job 11_TGAMMA_36 end 1789889686024
job 12_TGAMMA_96 started 1789889686024 core=5
job 71_SUM_84 end 1789889699811
job 72_XPY_48 started 1789889699811 core=5
job 12_TGAMMA_96 end 1789889704644
job 13_TGAMMA_120 started 1789889704644 core=5
job 13_TGAMMA_120 end 1789889728324
job 14_TGAMMA_48 started 1789889728324 core=5
job 72_XPY_48 end 1789889730434
job 73_COPY_84 started 1789889730434 core=5
job 14_TGAMMA_48 end 1789889737817
job 15_TGAMMA_12 started 1789889737817 core=5
job 15_TGAMMA_12 end 1789889740171
job 16_TGAMMA_108 started 1789889740171 core=5
job 16_TGAMMA_108 end 1789889761336
job 17_TGAMMA_60 started 1789889761336 core=5
job 17_TGAMMA_60 end 1789889773046
job 18_TGAMMA_24 started 1789889773046 core=5
job 18_TGAMMA_24 end 1789889777757
job 19_TGAMMA_84 started 1789889777757 core=5
job 73_COPY_84 end 1789889781647
job 74_DOT_36 started 1789889781647 core=5
job 19_TGAMMA_84 end 1789889794175
job 20_TGAMMA_96 started 1789889794175 core=5
job 74_DOT_36 end 1789889801988
job 75_SUM_84 started 1789889801988 core=5
job 20_TGAMMA_96 end 1789889812836
job 21_TGAMMA_60 started 1789889812836 core=5
job 21_TGAMMA_60 end 1789889824454
job 22_TGAMMA_84 started 1789889824454 core=5
job 75_SUM_84 end 1789889826073
job 76_SUM_84 started 1789889826073 core=5
job 22_TGAMMA_84 end 1789889840673
job 23_TGAMMA_48 started 1789889840673 core=5
job 23_TGAMMA_48 end 1789889850015
job 24_TGAMMA_120 started 1789889850015 core=5
job 76_SUM_84 end 1789889850140
job 77_SUM_108 started 1789889850140 core=5
job 24_TGAMMA_120 end 1789889873208
job 25_TGAMMA_48 started 1789889873208 core=5
job 77_SUM_108 end 1789889881010
job 78_SUM_84 started 1789889881010 core=5
job 25_TGAMMA_48 end 1789889882542
job 26_TGAMMA_36 started 1789889882542 core=5
job 26_TGAMMA_36 end 1789889889495
job 27_TGAMMA_36 started 1789889889495 core=5
job 27_TGAMMA_36 end 1789889896475
job 28_TGAMMA_84 started 1789889896475 core=5
job 78_SUM_84 end 1789889905104
job 79_XPY_60 started 1789889905104 core=5
job 28_TGAMMA_84 end 1789889912827
job 29_TGAMMA_36 started 1789889912827 core=5
job 29_TGAMMA_36 end 1789889919917
job 30_TGAMMA_120 started 1789889919917 core=5
job 79_XPY_60 end 1789889943403
job 80_XPY_60 started 1789889943403 core=5
job 30_TGAMMA_120 end 1789889943460
job 31_TGAMMA_12 started 1789889943460 core=5
job 31_TGAMMA_12 end 1789889945805
job 32_TGAMMA_72 started 1789889945805 core=5
job 32_TGAMMA_72 end 1789889959921
job 33_TGAMMA_48 started 1789889959921 core=5
job 33_TGAMMA_48 end 1789889969471
job 34_TGAMMA_24 started 1789889969471 core=5
job 34_TGAMMA_24 end 1789889974143
job 35_TGAMMA_84 started 1789889974143 core=5
job 80_XPY_60 end 1789889981762
job 81_SUM_108 started 1789889981762 core=5
job 35_TGAMMA_84 end 1789889990492
job 36_TGAMMA_108 started 1789889990492 core=5
job 36_TGAMMA_108 end 1789890011332
job 37_TGAMMA_108 started 1789890011332 core=5
job 81_SUM_108 end 1789890012676
job 82_SUM_132 started 1789890012677 core=5
job 37_TGAMMA_108 end 1789890032225
job 38_TGAMMA_12 started 1789890032225 core=5
job 38_TGAMMA_12 end 1789890034554
job 39_TGAMMA_96 started 1789890034554 core=5
job 82_SUM_132 end 1789890050441
job 83_DOT_84 started 1789890050441 core=5
job 39_TGAMMA_96 end 1789890053038
job 40_TGAMMA_96 started 1789890053038 core=5
job 40_TGAMMA_96 end 1789890071888
job 41_TGAMMA_48 started 1789890071888 core=5
job 41_TGAMMA_48 end 1789890081190
job 42_TGAMMA_12 started 1789890081190 core=5
job 42_TGAMMA_12 end 1789890083547
job 43_TGAMMA_60 started 1789890083547 core=5
job 43_TGAMMA_60 end 1789890095337
job 44_TGAMMA_84 started 1789890095337 core=5
job 83_DOT_84 end 1789890097584
job 84_XPY_48 started 1789890097585 core=5
job 44_TGAMMA_84 end 1789890111621
job 45_TGAMMA_12 started 1789890111621 core=5
job 45_TGAMMA_12 end 1789890113986
job 46_TGAMMA_72 started 1789890113986 core=5
job 84_XPY_48 end 1789890127914
job 85_COPY_84 started 1789890127914 core=5
job 46_TGAMMA_72 end 1789890127964
job 47_TGAMMA_120 started 1789890127964 core=5
job 47_TGAMMA_120 end 1789890151331
job 48_TGAMMA_72 started 1789890151331 core=5
job 48_TGAMMA_72 end 1789890165381
job 49_TGAMMA_60 started 1789890165381 core=5
job 49_TGAMMA_60 end 1789890177147
job 50_TGAMMA_48 started 1789890177147 core=5
job 85_COPY_84 end 1789890179123
job 86_XPY_60 started 1789890179123 core=5
job 50_TGAMMA_48 end 1789890186469
job 51_TGAMMA_84 started 1789890186469 core=5
job 51_TGAMMA_84 end 1789890203052
job 52_TGAMMA_24 started 1789890203052 core=5
job 52_TGAMMA_24 end 1789890207784
job 53_TGAMMA_108 started 1789890207784 core=5
job 86_XPY_60 end 1789890217178
job 87_DOT_36 started 1789890217178 core=5
job 53_TGAMMA_108 end 1789890228940
job 54_TGAMMA_72 started 1789890228940 core=5
job 87_DOT_36 end 1789890237240
job 88_DOT_84 started 1789890237240 core=5
job 54_TGAMMA_72 end 1789890242985
job 55_TGAMMA_120 started 1789890242985 core=5
job 55_TGAMMA_120 end 1789890266446
job 56_TGAMMA_36 started 1789890266446 core=5
job 56_TGAMMA_36 end 1789890273485
job 57_TGAMMA_48 started 1789890273485 core=5
job 57_TGAMMA_48 end 1789890282975
job 58_TGAMMA_72 started 1789890282975 core=5
job 88_DOT_84 end 1789890284107
job 89_XPY_48 started 1789890284107 core=5
job 58_TGAMMA_72 end 1789890296929
job 59_TGAMMA_72 started 1789890296929 core=5
job 59_TGAMMA_72 end 1789890311064
job 60_TGAMMA_12 started 1789890311064 core=5
job 60_TGAMMA_12 end 1789890313409
job 61_TGAMMA_36 started 1789890313409 core=5
job 89_XPY_48 end 1789890314364
job 90_XPY_48 started 1789890314364 core=5
job 61_TGAMMA_36 end 1789890320507
job 62_TGAMMA_12 started 1789890320507 core=5
job 62_TGAMMA_12 end 1789890322871
job 63_TGAMMA_84 started 1789890322871 core=5
job 63_TGAMMA_84 end 1789890339444
job 64_TGAMMA_120 started 1789890339444 core=5
job 90_XPY_48 end 1789890344602
job 91_SUM_108 started 1789890344602 core=5
job 64_TGAMMA_120 end 1789890362659
job 65_TGAMMA_120 started 1789890362659 core=5
job 91_SUM_108 end 1789890375484
job 92_SUM_108 started 1789890375484 core=5
job 65_TGAMMA_120 end 1789890385839
job 66_TGAMMA_108 started 1789890385839 core=5
job 92_SUM_108 end 1789890406364
job 93_XPY_60 started 1789890406364 core=5
job 66_TGAMMA_108 end 1789890406635
job 93_XPY_60 end 1789890436213
job 94_SUM_84 started 1789890436213 core=5
job 94_SUM_84 end 1789890452071
job 95_DOT_36 started 1789890452072 core=5
job 95_DOT_36 end 1789890465785
job 96_XPY_60 started 1789890465785 core=5
job 96_XPY_60 end 1789890493640
job 97_SUM_84 started 1789890493640 core=5
job 97_SUM_84 end 1789890509509
job 98_XPY_48 started 1789890509509 core=5
job 98_XPY_48 end 1789890531771
job 99_SUM_84 started 1789890531771 core=5
job 99_SUM_84 end 1789890547634
  итерация 0: 984699 ms
  среднее по 1 итерациям: 984699 ms
  реальных ожиданий свободного ядра: 0  (блокировок в задачах не было)
=== Выполняется проект: two_chain_15.txt (100 работ, перестановка ORDER) ===
fake 3 started 1789890547635 delay_ms=1
fake 2 started 1789890547635 delay_ms=0
fake 0 started 1789890547635 delay_ms=0
fake 0 end 1789890547635
fake 2 end 1789890547635
job 69_XPY_60 started 1789890547635 core=5
fake 1 started 1789890547635 delay_ms=0
fake 1 end 1789890547635
job 0_TGAMMA_108 started 1789890547635 core=4
fake 3 end 1789890547636
job 0_TGAMMA_108 end 1789890568838
job 1_TGAMMA_48 started 1789890568838 core=4
job 1_TGAMMA_48 end 1789890578359
job 2_TGAMMA_120 started 1789890578359 core=4
job 69_XPY_60 end 1789890585579
job 70_DOT_36 started 1789890585579 core=5
job 2_TGAMMA_120 end 1789890601787
job 3_TGAMMA_36 started 1789890601787 core=4
job 70_DOT_36 end 1789890605764
job 71_DOT_84 started 1789890605764 core=5
job 3_TGAMMA_36 end 1789890608800
job 4_TGAMMA_108 started 1789890608800 core=4
job 4_TGAMMA_108 end 1789890629929
job 5_TGAMMA_48 started 1789890629929 core=4
job 5_TGAMMA_48 end 1789890639408
job 6_TGAMMA_36 started 1789890639408 core=4
job 6_TGAMMA_36 end 1789890646486
job 7_TGAMMA_96 started 1789890646486 core=4
job 71_DOT_84 end 1789890652789
job 72_XPY_48 started 1789890652789 core=5
job 7_TGAMMA_96 end 1789890665303
job 8_TGAMMA_12 started 1789890665303 core=4
job 8_TGAMMA_12 end 1789890667652
job 9_TGAMMA_36 started 1789890667652 core=4
job 9_TGAMMA_36 end 1789890674722
job 10_TGAMMA_12 started 1789890674722 core=4
job 10_TGAMMA_12 end 1789890677089
job 11_TGAMMA_12 started 1789890677089 core=4
job 11_TGAMMA_12 end 1789890679440
job 12_TGAMMA_12 started 1789890679441 core=4
job 12_TGAMMA_12 end 1789890681789
job 13_TGAMMA_24 started 1789890681790 core=4
job 72_XPY_48 end 1789890683073
job 73_SUM_84 started 1789890683073 core=5
job 13_TGAMMA_24 end 1789890686461
job 14_TGAMMA_72 started 1789890686461 core=4
job 14_TGAMMA_72 end 1789890700370
job 15_TGAMMA_72 started 1789890700370 core=4
job 73_SUM_84 end 1789890707176
job 74_SUM_108 started 1789890707176 core=5
job 15_TGAMMA_72 end 1789890714335
job 16_TGAMMA_48 started 1789890714335 core=4
job 16_TGAMMA_48 end 1789890723655
job 17_TGAMMA_72 started 1789890723655 core=4
job 17_TGAMMA_72 end 1789890737491
job 18_TGAMMA_60 started 1789890737491 core=4
job 74_SUM_108 end 1789890738122
job 75_DOT_36 started 1789890738123 core=5
job 18_TGAMMA_60 end 1789890749305
job 19_TGAMMA_96 started 1789890749305 core=4
job 75_DOT_36 end 1789890758069
job 76_XPY_48 started 1789890758070 core=5
job 19_TGAMMA_96 end 1789890768159
job 20_TGAMMA_36 started 1789890768159 core=4
job 20_TGAMMA_36 end 1789890775259
job 21_TGAMMA_96 started 1789890775259 core=4
job 76_XPY_48 end 1789890788366
job 77_DOT_36 started 1789890788366 core=5
job 21_TGAMMA_96 end 1789890794183
job 22_TGAMMA_12 started 1789890794183 core=4
job 22_TGAMMA_12 end 1789890796540
job 23_TGAMMA_48 started 1789890796540 core=4
job 23_TGAMMA_48 end 1789890806035
job 24_TGAMMA_108 started 1789890806035 core=4
job 77_DOT_36 end 1789890808338
job 78_XPY_48 started 1789890808338 core=5
job 24_TGAMMA_108 end 1789890827160
job 25_TGAMMA_72 started 1789890827160 core=4
job 78_XPY_48 end 1789890838655
job 79_XPY_48 started 1789890838655 core=5
job 25_TGAMMA_72 end 1789890841271
job 26_TGAMMA_84 started 1789890841272 core=4
job 26_TGAMMA_84 end 1789890857926
job 27_TGAMMA_24 started 1789890857926 core=4
job 27_TGAMMA_24 end 1789890862638
job 28_TGAMMA_24 started 1789890862638 core=4
job 28_TGAMMA_24 end 1789890867342
job 29_TGAMMA_24 started 1789890867342 core=4
job 79_XPY_48 end 1789890868945
job 80_SUM_108 started 1789890868945 core=5
job 29_TGAMMA_24 end 1789890872015
job 30_TGAMMA_72 started 1789890872015 core=4
job 30_TGAMMA_72 end 1789890885936
job 31_TGAMMA_84 started 1789890885936 core=4
job 80_SUM_108 end 1789890899940
job 81_COPY_60 started 1789890899940 core=5
job 31_TGAMMA_84 end 1789890902243
job 32_TGAMMA_84 started 1789890902243 core=4
job 32_TGAMMA_84 end 1789890918713
job 33_TGAMMA_36 started 1789890918713 core=4
job 33_TGAMMA_36 end 1789890925785
job 34_TGAMMA_12 started 1789890925785 core=4
job 34_TGAMMA_12 end 1789890928122
job 35_TGAMMA_12 started 1789890928123 core=4
job 35_TGAMMA_12 end 1789890930459
job 36_TGAMMA_12 started 1789890930459 core=4
job 36_TGAMMA_12 end 1789890932813
job 37_TGAMMA_48 started 1789890932813 core=4
job 81_COPY_60 end 1789890936485
job 82_SUM_132 started 1789890936485 core=5
job 37_TGAMMA_48 end 1789890942195
job 38_TGAMMA_96 started 1789890942195 core=4
job 38_TGAMMA_96 end 1789890960653
job 39_TGAMMA_120 started 1789890960654 core=4
job 82_SUM_132 end 1789890974306
job 83_COPY_84 started 1789890974306 core=5
job 39_TGAMMA_120 end 1789890983847
job 40_TGAMMA_72 started 1789890983847 core=4
job 40_TGAMMA_72 end 1789890997885
job 41_TGAMMA_48 started 1789890997885 core=4
job 41_TGAMMA_48 end 1789891007326
job 42_TGAMMA_36 started 1789891007327 core=4
job 42_TGAMMA_36 end 1789891014399
job 43_TGAMMA_96 started 1789891014399 core=4
job 83_COPY_84 end 1789891025476
job 84_COPY_84 started 1789891025476 core=5
job 43_TGAMMA_96 end 1789891033139
job 44_TGAMMA_96 started 1789891033139 core=4
job 44_TGAMMA_96 end 1789891051953
job 45_TGAMMA_72 started 1789891051953 core=4
job 45_TGAMMA_72 end 1789891066113
job 46_TGAMMA_108 started 1789891066113 core=4
job 84_COPY_84 end 1789891076649
job 85_XPY_60 started 1789891076649 core=5
job 46_TGAMMA_108 end 1789891087205
job 47_TGAMMA_48 started 1789891087206 core=4
job 47_TGAMMA_48 end 1789891096740
job 48_TGAMMA_96 started 1789891096741 core=4
job 85_XPY_60 end 1789891114639
job 86_XPY_48 started 1789891114639 core=5
job 48_TGAMMA_96 end 1789891115610
job 49_TGAMMA_24 started 1789891115610 core=4
job 49_TGAMMA_24 end 1789891120319
job 50_TGAMMA_96 started 1789891120319 core=4
job 50_TGAMMA_96 end 1789891139168
job 51_TGAMMA_96 started 1789891139169 core=4
job 86_XPY_48 end 1789891144977
job 87_DOT_36 started 1789891144977 core=5
job 51_TGAMMA_96 end 1789891157987
job 52_TGAMMA_24 started 1789891157987 core=4
job 52_TGAMMA_24 end 1789891162674
job 53_TGAMMA_96 started 1789891162674 core=4
job 87_DOT_36 end 1789891164939
job 88_SUM_108 started 1789891164939 core=5
job 53_TGAMMA_96 end 1789891181198
job 54_TGAMMA_60 started 1789891181198 core=4
job 54_TGAMMA_60 end 1789891192796
job 55_TGAMMA_60 started 1789891192796 core=4
job 88_SUM_108 end 1789891195876
job 89_SUM_132 started 1789891195876 core=5
job 55_TGAMMA_60 end 1789891204444
job 56_TGAMMA_12 started 1789891204445 core=4
job 56_TGAMMA_12 end 1789891206756
job 57_TGAMMA_60 started 1789891206756 core=4
job 57_TGAMMA_60 end 1789891218309
job 58_TGAMMA_12 started 1789891218310 core=4
job 58_TGAMMA_12 end 1789891220631
job 59_TGAMMA_96 started 1789891220631 core=4
job 89_SUM_132 end 1789891233767
job 90_SUM_84 started 1789891233767 core=5
job 59_TGAMMA_96 end 1789891239184
job 60_TGAMMA_60 started 1789891239184 core=4
job 60_TGAMMA_60 end 1789891250739
job 61_TGAMMA_72 started 1789891250739 core=4
job 90_SUM_84 end 1789891257880
job 91_XPY_60 started 1789891257880 core=5
job 61_TGAMMA_72 end 1789891264829
job 62_TGAMMA_36 started 1789891264829 core=4
job 62_TGAMMA_36 end 1789891271940
job 63_TGAMMA_84 started 1789891271941 core=4
job 63_TGAMMA_84 end 1789891288576
job 64_TGAMMA_48 started 1789891288576 core=4
job 91_XPY_60 end 1789891295785
job 92_COPY_84 started 1789891295785 core=5
job 64_TGAMMA_48 end 1789891298060
job 65_TGAMMA_84 started 1789891298060 core=4
job 65_TGAMMA_84 end 1789891314441
job 66_TGAMMA_120 started 1789891314441 core=4
job 66_TGAMMA_120 end 1789891337842
job 67_TGAMMA_60 started 1789891337842 core=4
job 92_COPY_84 end 1789891346943
job 93_COPY_60 started 1789891346943 core=5
job 67_TGAMMA_60 end 1789891349532
job 68_TGAMMA_96 started 1789891349532 core=4
job 68_TGAMMA_96 end 1789891368314
job 93_COPY_60 end 1789891379771
job 94_DOT_36 started 1789891379771 core=5
job 94_DOT_36 end 1789891393470
job 95_SUM_132 started 1789891393470 core=5
job 95_SUM_132 end 1789891418413
job 96_DOT_36 started 1789891418413 core=5
job 96_DOT_36 end 1789891432118
job 97_DOT_84 started 1789891432118 core=4
job 97_DOT_84 end 1789891464106
job 98_SUM_108 started 1789891464106 core=4
job 98_SUM_108 end 1789891484504
job 99_DOT_36 started 1789891484504 core=4
job 99_DOT_36 end 1789891498205
  итерация 0: 950570 ms
  среднее по 1 итерациям: 950570 ms
  реальных ожиданий свободного ядра: 0  (блокировок в задачах не было)
=== Выполняется проект: two_chain_16.txt (100 работ, перестановка ORDER) ===
fake 3 started 1789891498206 delay_ms=1
fake 0 started 1789891498206 delay_ms=0
fake 0 end 1789891498206
fake 2 started 1789891498206 delay_ms=0
fake 2 end 1789891498206
fake 1 started 1789891498206 delay_ms=0
fake 1 end 1789891498206
job 0_TGAMMA_12 started 1789891498206 core=4
job 70_SUM_132 started 1789891498206 core=5
fake 3 end 1789891498217
job 0_TGAMMA_12 end 1789891500512
job 1_TGAMMA_36 started 1789891500512 core=4
job 1_TGAMMA_36 end 1789891507462
job 2_TGAMMA_60 started 1789891507462 core=4
job 2_TGAMMA_60 end 1789891519061
job 3_TGAMMA_120 started 1789891519061 core=4
job 70_SUM_132 end 1789891536087
job 71_SUM_132 started 1789891536088 core=5
job 3_TGAMMA_120 end 1789891542162
job 4_TGAMMA_72 started 1789891542162 core=4
job 4_TGAMMA_72 end 1789891556030
job 5_TGAMMA_96 started 1789891556030 core=4
job 71_SUM_132 end 1789891573946
job 72_XPY_48 started 1789891573946 core=5
job 5_TGAMMA_96 end 1789891574569
job 6_TGAMMA_72 started 1789891574569 core=4
job 6_TGAMMA_72 end 1789891588525
job 7_TGAMMA_36 started 1789891588525 core=4
job 7_TGAMMA_36 end 1789891595629
job 8_TGAMMA_72 started 1789891595630 core=4
job 72_XPY_48 end 1789891604295
job 73_SUM_84 started 1789891604295 core=5
job 8_TGAMMA_72 end 1789891609645
job 9_TGAMMA_48 started 1789891609645 core=4
job 9_TGAMMA_48 end 1789891618972
job 10_TGAMMA_72 started 1789891618972 core=4
job 73_SUM_84 end 1789891628337
job 74_COPY_84 started 1789891628337 core=5
job 10_TGAMMA_72 end 1789891632915
job 11_TGAMMA_24 started 1789891632915 core=4
job 11_TGAMMA_24 end 1789891637603
job 12_TGAMMA_12 started 1789891637604 core=4
job 12_TGAMMA_12 end 1789891639943
job 13_TGAMMA_24 started 1789891639943 core=4
job 13_TGAMMA_24 end 1789891644629
job 14_TGAMMA_36 started 1789891644629 core=4
job 14_TGAMMA_36 end 1789891651631
job 15_TGAMMA_120 started 1789891651631 core=4
job 15_TGAMMA_120 end 1789891674998
job 16_TGAMMA_72 started 1789891674999 core=4
job 74_COPY_84 end 1789891679581
job 75_XPY_48 started 1789891679581 core=5
job 16_TGAMMA_72 end 1789891689061
job 17_TGAMMA_24 started 1789891689061 core=4
job 17_TGAMMA_24 end 1789891693780
job 18_TGAMMA_120 started 1789891693781 core=4
job 75_XPY_48 end 1789891709947
job 76_SUM_132 started 1789891709947 core=5
job 18_TGAMMA_120 end 1789891717154
job 19_TGAMMA_108 started 1789891717154 core=4
job 19_TGAMMA_108 end 1789891738020
job 20_TGAMMA_108 started 1789891738020 core=4
job 76_SUM_132 end 1789891747693
job 77_SUM_132 started 1789891747694 core=5
job 20_TGAMMA_108 end 1789891758786
job 21_TGAMMA_48 started 1789891758786 core=4
job 21_TGAMMA_48 end 1789891768127
job 22_TGAMMA_12 started 1789891768127 core=4
job 22_TGAMMA_12 end 1789891770437
job 23_TGAMMA_48 started 1789891770437 core=4
job 23_TGAMMA_48 end 1789891779762
job 24_TGAMMA_96 started 1789891779762 core=4
job 77_SUM_132 end 1789891785495
job 78_COPY_84 started 1789891785496 core=5
job 24_TGAMMA_96 end 1789891798316
job 25_TGAMMA_72 started 1789891798317 core=4
job 25_TGAMMA_72 end 1789891812418
job 26_TGAMMA_12 started 1789891812418 core=4
job 26_TGAMMA_12 end 1789891814760
job 27_TGAMMA_24 started 1789891814760 core=4
job 27_TGAMMA_24 end 1789891819439
job 28_TGAMMA_48 started 1789891819439 core=4
job 28_TGAMMA_48 end 1789891828893
job 29_TGAMMA_96 started 1789891828893 core=4
job 78_COPY_84 end 1789891836709
job 79_SUM_108 started 1789891836709 core=5
job 29_TGAMMA_96 end 1789891847448
job 30_TGAMMA_12 started 1789891847449 core=4
job 30_TGAMMA_12 end 1789891849752
job 31_TGAMMA_36 started 1789891849753 core=4
job 31_TGAMMA_36 end 1789891856678
job 32_TGAMMA_84 started 1789891856678 core=4
job 79_SUM_108 end 1789891867578
job 80_SUM_132 started 1789891867578 core=5
job 32_TGAMMA_84 end 1789891872856
job 33_TGAMMA_12 started 1789891872856 core=4
job 33_TGAMMA_12 end 1789891875162
job 34_TGAMMA_12 started 1789891875162 core=4
job 34_TGAMMA_12 end 1789891877467
job 35_TGAMMA_72 started 1789891877467 core=4
job 35_TGAMMA_72 end 1789891891333
job 36_TGAMMA_36 started 1789891891334 core=4
job 36_TGAMMA_36 end 1789891898292
job 37_TGAMMA_72 started 1789891898292 core=4
job 80_SUM_132 end 1789891905328
job 81_DOT_36 started 1789891905328 core=5
job 37_TGAMMA_72 end 1789891912222
job 38_TGAMMA_84 started 1789891912222 core=4
job 81_DOT_36 end 1789891925316
job 82_COPY_60 started 1789891925316 core=5
job 38_TGAMMA_84 end 1789891928440
job 39_TGAMMA_108 started 1789891928440 core=4
job 39_TGAMMA_108 end 1789891949494
job 40_TGAMMA_96 started 1789891949494 core=4
job 82_COPY_60 end 1789891961871
job 83_SUM_108 started 1789891961871 core=5
job 40_TGAMMA_96 end 1789891968130
job 41_TGAMMA_36 started 1789891968131 core=4
job 41_TGAMMA_36 end 1789891975075
job 42_TGAMMA_120 started 1789891975075 core=4
job 83_SUM_108 end 1789891992756
job 84_XPY_48 started 1789891992757 core=5
job 42_TGAMMA_120 end 1789891998205
job 43_TGAMMA_36 started 1789891998206 core=4
job 43_TGAMMA_36 end 1789892005274
job 44_TGAMMA_48 started 1789892005274 core=4
job 44_TGAMMA_48 end 1789892014646
job 45_TGAMMA_108 started 1789892014646 core=4
job 84_XPY_48 end 1789892023473
job 85_SUM_132 started 1789892023473 core=5
job 45_TGAMMA_108 end 1789892035695
job 46_TGAMMA_12 started 1789892035695 core=4
job 46_TGAMMA_12 end 1789892037999
job 47_TGAMMA_48 started 1789892037999 core=4
job 47_TGAMMA_48 end 1789892047323
job 48_TGAMMA_120 started 1789892047324 core=4
job 85_SUM_132 end 1789892061181
job 86_DOT_36 started 1789892061181 core=5
job 48_TGAMMA_120 end 1789892070618
job 49_TGAMMA_60 started 1789892070618 core=4
job 86_DOT_36 end 1789892081291
job 87_XPY_48 started 1789892081291 core=5
job 49_TGAMMA_60 end 1789892082373
job 50_TGAMMA_36 started 1789892082373 core=4
job 50_TGAMMA_36 end 1789892089357
job 51_TGAMMA_96 started 1789892089357 core=4
job 51_TGAMMA_96 end 1789892108288
job 52_TGAMMA_84 started 1789892108288 core=4
job 87_XPY_48 end 1789892111649
job 88_COPY_84 started 1789892111649 core=5
job 52_TGAMMA_84 end 1789892124583
job 53_TGAMMA_96 started 1789892124583 core=4
job 53_TGAMMA_96 end 1789892143391
job 54_TGAMMA_120 started 1789892143391 core=4
job 88_COPY_84 end 1789892162903
job 89_SUM_84 started 1789892162903 core=5
job 54_TGAMMA_120 end 1789892166711
job 55_TGAMMA_96 started 1789892166712 core=4
job 55_TGAMMA_96 end 1789892185162
job 56_TGAMMA_12 started 1789892185162 core=4
job 89_SUM_84 end 1789892186892
job 90_DOT_84 started 1789892186892 core=5
job 56_TGAMMA_12 end 1789892187465
job 57_TGAMMA_96 started 1789892187465 core=4
job 57_TGAMMA_96 end 1789892206011
job 58_TGAMMA_84 started 1789892206011 core=4
job 58_TGAMMA_84 end 1789892222499
job 59_TGAMMA_36 started 1789892222499 core=4
job 59_TGAMMA_36 end 1789892229453
job 60_TGAMMA_36 started 1789892229454 core=4
job 90_DOT_84 end 1789892234005
job 91_COPY_60 started 1789892234005 core=5
job 60_TGAMMA_36 end 1789892236512
job 61_TGAMMA_96 started 1789892236512 core=4
job 61_TGAMMA_96 end 1789892255227
job 62_TGAMMA_36 started 1789892255227 core=4
job 62_TGAMMA_36 end 1789892262214
job 63_TGAMMA_24 started 1789892262214 core=4
job 63_TGAMMA_24 end 1789892266888
job 64_TGAMMA_72 started 1789892266888 core=4
job 91_COPY_60 end 1789892270548
job 92_DOT_36 started 1789892270549 core=5
job 64_TGAMMA_72 end 1789892280961
job 65_TGAMMA_96 started 1789892280961 core=4
job 92_DOT_36 end 1789892290524
job 93_SUM_132 started 1789892290524 core=5
job 65_TGAMMA_96 end 1789892299479
job 66_TGAMMA_36 started 1789892299479 core=4
job 66_TGAMMA_36 end 1789892306444
job 67_TGAMMA_108 started 1789892306444 core=4
job 67_TGAMMA_108 end 1789892327296
job 68_TGAMMA_48 started 1789892327297 core=4
job 93_SUM_132 end 1789892328282
job 94_XPY_60 started 1789892328283 core=5
job 68_TGAMMA_48 end 1789892336633
job 69_TGAMMA_96 started 1789892336633 core=4
job 69_TGAMMA_96 end 1789892355464
job 94_XPY_60 end 1789892363934
job 95_XPY_48 started 1789892363934 core=5
job 95_XPY_48 end 1789892387765
job 96_SUM_132 started 1789892387765 core=5
job 96_SUM_132 end 1789892412720
job 97_SUM_132 started 1789892412720 core=5
job 97_SUM_132 end 1789892437658
job 98_DOT_84 started 1789892437658 core=5
job 98_DOT_84 end 1789892469623
job 99_SUM_108 started 1789892469623 core=5
job 99_SUM_108 end 1789892490029
  итерация 0: 991822 ms
  среднее по 1 итерациям: 991822 ms
  реальных ожиданий свободного ядра: 0  (блокировок в задачах не было)
=== Выполняется проект: two_chain_17.txt (100 работ, перестановка ORDER) ===
fake 3 started 1789892490029 delay_ms=1
fake 2 started 1789892490029 delay_ms=0
fake 2 end 1789892490030
fake 0 started 1789892490029 delay_ms=0
fake 0 end 1789892490030
fake 1 started 1789892490030 delay_ms=0
fake 1 end 1789892490030
job 70_SUM_108 started 1789892490030 core=5
job 0_TGAMMA_72 started 1789892490030 core=4
fake 3 end 1789892490040
job 0_TGAMMA_72 end 1789892503942
job 1_TGAMMA_120 started 1789892503942 core=4
job 70_SUM_108 end 1789892521008
job 71_SUM_108 started 1789892521008 core=5
job 1_TGAMMA_120 end 1789892527144
job 2_TGAMMA_84 started 1789892527144 core=4
job 2_TGAMMA_84 end 1789892543287
job 3_TGAMMA_36 started 1789892543287 core=4
job 3_TGAMMA_36 end 1789892550257
job 4_TGAMMA_84 started 1789892550257 core=4
job 71_SUM_108 end 1789892551953
job 72_DOT_84 started 1789892551953 core=5
job 4_TGAMMA_84 end 1789892566716
job 5_TGAMMA_12 started 1789892566716 core=4
job 5_TGAMMA_12 end 1789892569060
job 6_TGAMMA_36 started 1789892569060 core=4
job 6_TGAMMA_36 end 1789892576088
job 7_TGAMMA_84 started 1789892576089 core=4
job 7_TGAMMA_84 end 1789892592587
job 8_TGAMMA_60 started 1789892592588 core=4
job 72_DOT_84 end 1789892599064
job 73_DOT_84 started 1789892599064 core=5
job 8_TGAMMA_60 end 1789892604352
job 9_TGAMMA_48 started 1789892604352 core=4
job 9_TGAMMA_48 end 1789892613839
job 10_TGAMMA_48 started 1789892613839 core=4
job 10_TGAMMA_48 end 1789892623312
job 11_TGAMMA_84 started 1789892623312 core=4
job 11_TGAMMA_84 end 1789892639794
job 12_TGAMMA_12 started 1789892639795 core=4
job 12_TGAMMA_12 end 1789892642150
job 13_TGAMMA_48 started 1789892642150 core=4
job 73_DOT_84 end 1789892646136
job 74_COPY_84 started 1789892646136 core=5
job 13_TGAMMA_48 end 1789892651600
job 14_TGAMMA_36 started 1789892651600 core=4
job 14_TGAMMA_36 end 1789892658674
job 15_TGAMMA_60 started 1789892658674 core=4
job 15_TGAMMA_60 end 1789892670450
job 16_TGAMMA_24 started 1789892670450 core=4
job 16_TGAMMA_24 end 1789892675128
job 17_TGAMMA_24 started 1789892675128 core=4
job 17_TGAMMA_24 end 1789892679810
job 18_TGAMMA_60 started 1789892679811 core=4
job 18_TGAMMA_60 end 1789892691588
job 19_TGAMMA_48 started 1789892691588 core=4
job 74_COPY_84 end 1789892697302
job 75_SUM_132 started 1789892697302 core=5
job 19_TGAMMA_48 end 1789892700995
job 20_TGAMMA_96 started 1789892700995 core=4
job 20_TGAMMA_96 end 1789892719469
job 21_TGAMMA_12 started 1789892719469 core=4
job 21_TGAMMA_12 end 1789892721779
job 22_TGAMMA_72 started 1789892721779 core=4
job 75_SUM_132 end 1789892735194
job 76_COPY_84 started 1789892735194 core=5
job 22_TGAMMA_72 end 1789892735672
job 23_TGAMMA_96 started 1789892735672 core=4
job 23_TGAMMA_96 end 1789892754559
job 24_TGAMMA_36 started 1789892754559 core=4
job 24_TGAMMA_36 end 1789892761622
job 25_TGAMMA_48 started 1789892761622 core=4
job 25_TGAMMA_48 end 1789892771072
job 26_TGAMMA_24 started 1789892771072 core=4
job 26_TGAMMA_24 end 1789892775752
job 27_TGAMMA_72 started 1789892775753 core=4
job 76_COPY_84 end 1789892786361
job 77_SUM_132 started 1789892786361 core=5
job 27_TGAMMA_72 end 1789892789804
job 28_TGAMMA_120 started 1789892789804 core=4
job 28_TGAMMA_120 end 1789892812991
job 29_TGAMMA_24 started 1789892812991 core=4
job 29_TGAMMA_24 end 1789892817601
job 30_TGAMMA_108 started 1789892817601 core=4
job 77_SUM_132 end 1789892824112
job 78_DOT_36 started 1789892824112 core=5
job 30_TGAMMA_108 end 1789892838563
job 31_TGAMMA_60 started 1789892838563 core=4
job 78_DOT_36 end 1789892844231
job 79_XPY_48 started 1789892844231 core=5
job 31_TGAMMA_60 end 1789892850341
job 32_TGAMMA_48 started 1789892850341 core=4
job 32_TGAMMA_48 end 1789892859857
job 33_TGAMMA_84 started 1789892859857 core=4
job 79_XPY_48 end 1789892874662
job 80_COPY_60 started 1789892874662 core=5
job 33_TGAMMA_84 end 1789892876321
job 34_TGAMMA_84 started 1789892876321 core=4
job 34_TGAMMA_84 end 1789892892810
job 35_TGAMMA_48 started 1789892892810 core=4
job 35_TGAMMA_48 end 1789892902266
job 36_TGAMMA_72 started 1789892902266 core=4
job 80_COPY_60 end 1789892911154
job 81_DOT_84 started 1789892911154 core=5
job 36_TGAMMA_72 end 1789892916298
job 37_TGAMMA_108 started 1789892916298 core=4
job 37_TGAMMA_108 end 1789892937506
job 38_TGAMMA_96 started 1789892937506 core=4
job 38_TGAMMA_96 end 1789892956251
job 39_TGAMMA_96 started 1789892956251 core=4
job 81_DOT_84 end 1789892958291
job 82_SUM_84 started 1789892958291 core=5
job 39_TGAMMA_96 end 1789892974933
job 40_TGAMMA_24 started 1789892974933 core=4
job 40_TGAMMA_24 end 1789892979548
job 41_TGAMMA_120 started 1789892979548 core=4
job 82_SUM_84 end 1789892982351
job 83_SUM_108 started 1789892982351 core=5
job 41_TGAMMA_120 end 1789893002743
job 42_TGAMMA_96 started 1789893002744 core=4
job 83_SUM_108 end 1789893013310
job 84_DOT_36 started 1789893013311 core=5
job 42_TGAMMA_96 end 1789893021523
job 43_TGAMMA_96 started 1789893021523 core=4
job 84_DOT_36 end 1789893033334
job 85_DOT_84 started 1789893033334 core=5
job 43_TGAMMA_96 end 1789893040358
job 44_TGAMMA_108 started 1789893040358 core=4
job 44_TGAMMA_108 end 1789893061566
job 45_TGAMMA_12 started 1789893061566 core=4
job 45_TGAMMA_12 end 1789893063911
job 46_TGAMMA_108 started 1789893063911 core=4
job 85_DOT_84 end 1789893080453
job 86_COPY_84 started 1789893080453 core=5
job 46_TGAMMA_108 end 1789893085001
job 47_TGAMMA_96 started 1789893085001 core=4
job 47_TGAMMA_96 end 1789893103924
job 48_TGAMMA_36 started 1789893103924 core=4
job 48_TGAMMA_36 end 1789893110993
job 49_TGAMMA_48 started 1789893110993 core=4
job 49_TGAMMA_48 end 1789893120447
job 50_TGAMMA_108 started 1789893120447 core=4
job 86_COPY_84 end 1789893131634
job 87_SUM_84 started 1789893131634 core=5
job 50_TGAMMA_108 end 1789893141486
job 51_TGAMMA_48 started 1789893141486 core=4
job 51_TGAMMA_48 end 1789893150814
job 52_TGAMMA_120 started 1789893150814 core=4
job 87_SUM_84 end 1789893155697
job 88_SUM_84 started 1789893155697 core=5
job 52_TGAMMA_120 end 1789893173861
job 53_TGAMMA_72 started 1789893173861 core=4
job 88_SUM_84 end 1789893179723
job 89_SUM_108 started 1789893179723 core=5
job 53_TGAMMA_72 end 1789893187699
job 54_TGAMMA_36 started 1789893187699 core=4
job 54_TGAMMA_36 end 1789893194664
job 55_TGAMMA_96 started 1789893194664 core=4
job 89_SUM_108 end 1789893210680
job 90_SUM_132 started 1789893210680 core=5
job 55_TGAMMA_96 end 1789893213182
job 56_TGAMMA_108 started 1789893213182 core=4
job 56_TGAMMA_108 end 1789893234040
job 57_TGAMMA_24 started 1789893234040 core=4
job 57_TGAMMA_24 end 1789893238648
job 58_TGAMMA_48 started 1789893238649 core=4
job 58_TGAMMA_48 end 1789893247971
job 59_TGAMMA_12 started 1789893247972 core=4
job 90_SUM_132 end 1789893248441
job 91_SUM_132 started 1789893248441 core=5
job 59_TGAMMA_12 end 1789893250275
job 60_TGAMMA_72 started 1789893250275 core=4
job 60_TGAMMA_72 end 1789893264129
job 61_TGAMMA_12 started 1789893264129 core=4
job 61_TGAMMA_12 end 1789893266446
job 62_TGAMMA_24 started 1789893266446 core=4
job 62_TGAMMA_24 end 1789893271055
job 63_TGAMMA_60 started 1789893271055 core=4
job 63_TGAMMA_60 end 1789893282662
job 64_TGAMMA_60 started 1789893282662 core=4
job 91_SUM_132 end 1789893286304
job 92_SUM_132 started 1789893286304 core=5
job 64_TGAMMA_60 end 1789893294241
job 65_TGAMMA_96 started 1789893294241 core=4
job 65_TGAMMA_96 end 1789893312888
job 66_TGAMMA_12 started 1789893312888 core=4
job 66_TGAMMA_12 end 1789893315194
job 67_TGAMMA_72 started 1789893315194 core=4
job 92_SUM_132 end 1789893324130
job 93_SUM_84 started 1789893324130 core=5
job 67_TGAMMA_72 end 1789893329040
job 68_TGAMMA_120 started 1789893329040 core=4
job 93_SUM_84 end 1789893348192
job 94_COPY_84 started 1789893348192 core=5
job 68_TGAMMA_120 end 1789893352271
job 69_TGAMMA_120 started 1789893352271 core=4
job 69_TGAMMA_120 end 1789893375763
job 94_COPY_84 end 1789893393583
job 95_SUM_132 started 1789893393584 core=5
job 95_SUM_132 end 1789893424891
job 96_DOT_84 started 1789893424891 core=5
job 96_DOT_84 end 1789893456831
job 97_XPY_48 started 1789893456831 core=5
job 97_XPY_48 end 1789893479131
job 98_COPY_60 started 1789893479131 core=5
job 98_COPY_60 end 1789893506748
job 99_XPY_60 started 1789893506748 core=5
job 99_XPY_60 end 1789893534582
  итерация 0: 1044552 ms
  среднее по 1 итерациям: 1044552 ms
  реальных ожиданий свободного ядра: 0  (блокировок в задачах не было)
=== Выполняется проект: two_chain_18.txt (100 работ, перестановка ORDER) ===
fake 3 started 1789893534583 delay_ms=1
fake 2 started 1789893534583 delay_ms=0
fake 2 end 1789893534583
fake 0 started 1789893534583 delay_ms=0
fake 0 end 1789893534583
fake 1 started 1789893534583 delay_ms=0
fake 1 end 1789893534583
job 70_SUM_132 started 1789893534583 core=5
fake 3 end 1789893534593
job 0_TGAMMA_120 started 1789893534593 core=5
job 0_TGAMMA_120 end 1789893557810
job 1_TGAMMA_72 started 1789893557810 core=5
job 1_TGAMMA_72 end 1789893571682
job 2_TGAMMA_84 started 1789893571682 core=5
job 70_SUM_132 end 1789893572345
job 71_DOT_84 started 1789893572345 core=5
job 2_TGAMMA_84 end 1789893588141
job 3_TGAMMA_84 started 1789893588141 core=5
job 3_TGAMMA_84 end 1789893604375
job 4_TGAMMA_60 started 1789893604375 core=5
job 4_TGAMMA_60 end 1789893616177
job 5_TGAMMA_12 started 1789893616177 core=5
job 5_TGAMMA_12 end 1789893618532
job 6_TGAMMA_24 started 1789893618532 core=5
job 71_DOT_84 end 1789893619546
job 72_COPY_84 started 1789893619546 core=5
job 6_TGAMMA_24 end 1789893623203
job 7_TGAMMA_24 started 1789893623203 core=5
job 7_TGAMMA_24 end 1789893627922
job 8_TGAMMA_60 started 1789893627922 core=5
job 8_TGAMMA_60 end 1789893639580
job 9_TGAMMA_48 started 1789893639580 core=5
job 9_TGAMMA_48 end 1789893649047
job 10_TGAMMA_120 started 1789893649047 core=5
job 72_COPY_84 end 1789893670790
job 73_XPY_60 started 1789893670790 core=5
job 10_TGAMMA_120 end 1789893672432
job 11_TGAMMA_108 started 1789893672432 core=5
job 11_TGAMMA_108 end 1789893693760
job 12_TGAMMA_84 started 1789893693760 core=5
job 73_XPY_60 end 1789893709022
job 74_SUM_132 started 1789893709023 core=5
job 12_TGAMMA_84 end 1789893710321
job 13_TGAMMA_120 started 1789893710321 core=5
job 13_TGAMMA_120 end 1789893733393
job 14_TGAMMA_108 started 1789893733393 core=5
job 74_SUM_132 end 1789893746806
job 75_XPY_48 started 1789893746806 core=5
job 14_TGAMMA_108 end 1789893754421
job 15_TGAMMA_36 started 1789893754421 core=5
job 15_TGAMMA_36 end 1789893761547
job 16_TGAMMA_60 started 1789893761547 core=5
job 16_TGAMMA_60 end 1789893773203
job 17_TGAMMA_36 started 1789893773203 core=5
job 75_XPY_48 end 1789893777446
job 76_SUM_84 started 1789893777446 core=5
job 17_TGAMMA_36 end 1789893780268
job 18_TGAMMA_60 started 1789893780268 core=5
job 18_TGAMMA_60 end 1789893791847
job 19_TGAMMA_60 started 1789893791847 core=5
job 76_SUM_84 end 1789893801516
job 77_DOT_84 started 1789893801516 core=5
job 19_TGAMMA_60 end 1789893803472
job 20_TGAMMA_24 started 1789893803472 core=5
job 20_TGAMMA_24 end 1789893808180
job 21_TGAMMA_120 started 1789893808180 core=5
job 21_TGAMMA_120 end 1789893831749
job 22_TGAMMA_24 started 1789893831749 core=5
job 22_TGAMMA_24 end 1789893836461
job 23_TGAMMA_72 started 1789893836461 core=5
job 77_DOT_84 end 1789893848605
job 78_XPY_48 started 1789893848605 core=5
job 23_TGAMMA_72 end 1789893850596
job 24_TGAMMA_96 started 1789893850596 core=5
job 24_TGAMMA_96 end 1789893869660
job 25_TGAMMA_96 started 1789893869660 core=5
job 78_XPY_48 end 1789893879301
job 79_SUM_108 started 1789893879301 core=5
job 25_TGAMMA_96 end 1789893888238
job 26_TGAMMA_60 started 1789893888238 core=5
job 26_TGAMMA_60 end 1789893899852
job 27_TGAMMA_108 started 1789893899852 core=5
job 79_SUM_108 end 1789893910239
job 80_COPY_84 started 1789893910239 core=5
job 27_TGAMMA_108 end 1789893920751
job 28_TGAMMA_48 started 1789893920751 core=5
job 28_TGAMMA_48 end 1789893930218
job 29_TGAMMA_84 started 1789893930218 core=5
job 29_TGAMMA_84 end 1789893946683
job 30_TGAMMA_60 started 1789893946683 core=5
job 30_TGAMMA_60 end 1789893958475
job 31_TGAMMA_84 started 1789893958475 core=5
job 80_COPY_84 end 1789893961380
job 81_XPY_60 started 1789893961380 core=5
job 31_TGAMMA_84 end 1789893974763
job 32_TGAMMA_24 started 1789893974763 core=5
job 32_TGAMMA_24 end 1789893979518
job 33_TGAMMA_36 started 1789893979518 core=5
job 33_TGAMMA_36 end 1789893986639
job 34_TGAMMA_12 started 1789893986639 core=5
job 34_TGAMMA_12 end 1789893989017
job 35_TGAMMA_12 started 1789893989017 core=5
job 35_TGAMMA_12 end 1789893991396
job 36_TGAMMA_108 started 1789893991396 core=5
job 81_XPY_60 end 1789893999742
job 82_COPY_84 started 1789893999742 core=5
job 36_TGAMMA_108 end 1789894012503
job 37_TGAMMA_96 started 1789894012503 core=5
job 37_TGAMMA_96 end 1789894031165
job 38_TGAMMA_120 started 1789894031165 core=5
job 82_COPY_84 end 1789894050931
job 83_COPY_60 started 1789894050931 core=5
job 38_TGAMMA_120 end 1789894054682
job 39_TGAMMA_84 started 1789894054682 core=5
job 39_TGAMMA_84 end 1789894071161
job 40_TGAMMA_120 started 1789894071161 core=5
job 83_COPY_60 end 1789894087441
job 84_DOT_84 started 1789894087441 core=5
job 40_TGAMMA_120 end 1789894094547
job 41_TGAMMA_48 started 1789894094547 core=5
job 41_TGAMMA_48 end 1789894104034
job 42_TGAMMA_12 started 1789894104034 core=5
job 42_TGAMMA_12 end 1789894106390
job 43_TGAMMA_36 started 1789894106390 core=5
job 43_TGAMMA_36 end 1789894113490
job 44_TGAMMA_96 started 1789894113490 core=5
job 44_TGAMMA_96 end 1789894132459
job 45_TGAMMA_84 started 1789894132459 core=5
job 84_DOT_84 end 1789894134486
job 85_XPY_60 started 1789894134486 core=5
job 45_TGAMMA_84 end 1789894149007
job 46_TGAMMA_48 started 1789894149007 core=5
job 46_TGAMMA_48 end 1789894158400
job 47_TGAMMA_12 started 1789894158400 core=5
job 47_TGAMMA_12 end 1789894160778
job 48_TGAMMA_12 started 1789894160778 core=5
job 48_TGAMMA_12 end 1789894163148
job 49_TGAMMA_96 started 1789894163148 core=5
job 85_XPY_60 end 1789894172849
job 86_COPY_60 started 1789894172849 core=5
job 49_TGAMMA_96 end 1789894182121
job 50_TGAMMA_24 started 1789894182121 core=5
job 50_TGAMMA_24 end 1789894186829
job 51_TGAMMA_12 started 1789894186829 core=5
job 51_TGAMMA_12 end 1789894189197
job 52_TGAMMA_60 started 1789894189197 core=5
job 52_TGAMMA_60 end 1789894200870
job 53_TGAMMA_60 started 1789894200870 core=5
job 86_COPY_60 end 1789894209324
job 87_COPY_60 started 1789894209324 core=5
job 53_TGAMMA_60 end 1789894212641
job 54_TGAMMA_36 started 1789894212641 core=5
job 54_TGAMMA_36 end 1789894219643
job 55_TGAMMA_24 started 1789894219643 core=5
job 55_TGAMMA_24 end 1789894224357
job 56_TGAMMA_84 started 1789894224357 core=5
job 56_TGAMMA_84 end 1789894240685
job 57_TGAMMA_48 started 1789894240685 core=5
job 87_COPY_60 end 1789894245864
job 88_DOT_36 started 1789894245864 core=5
job 57_TGAMMA_48 end 1789894250160
job 58_TGAMMA_120 started 1789894250160 core=5
job 88_DOT_36 end 1789894266224
job 89_DOT_84 started 1789894266224 core=5
job 58_TGAMMA_120 end 1789894273569
job 59_TGAMMA_60 started 1789894273569 core=5
job 59_TGAMMA_60 end 1789894285359
job 60_TGAMMA_60 started 1789894285359 core=5
job 60_TGAMMA_60 end 1789894297142
job 61_TGAMMA_84 started 1789894297142 core=5
job 89_DOT_84 end 1789894313285
job 90_SUM_132 started 1789894313285 core=5
job 61_TGAMMA_84 end 1789894313644
job 62_TGAMMA_108 started 1789894313644 core=5
job 62_TGAMMA_108 end 1789894334451
job 63_TGAMMA_84 started 1789894334451 core=5
job 63_TGAMMA_84 end 1789894350695
job 64_TGAMMA_60 started 1789894350695 core=5
job 90_SUM_132 end 1789894351017
job 91_COPY_60 started 1789894351017 core=5
job 64_TGAMMA_60 end 1789894362319
job 65_TGAMMA_96 started 1789894362319 core=5
job 65_TGAMMA_96 end 1789894381236
job 66_TGAMMA_24 started 1789894381236 core=5
job 66_TGAMMA_24 end 1789894385939
job 67_TGAMMA_84 started 1789894385939 core=5
job 91_COPY_60 end 1789894387539
job 92_XPY_60 started 1789894387539 core=5
job 67_TGAMMA_84 end 1789894402505
job 68_TGAMMA_84 started 1789894402505 core=5
job 68_TGAMMA_84 end 1789894419079
job 69_TGAMMA_120 started 1789894419079 core=5
job 92_XPY_60 end 1789894425799
job 93_XPY_48 started 1789894425799 core=5
job 69_TGAMMA_120 end 1789894442731
job 93_XPY_48 end 1789894453379
job 94_DOT_84 started 1789894453379 core=5
job 94_DOT_84 end 1789894485343
job 95_COPY_60 started 1789894485343 core=5
job 95_COPY_60 end 1789894512961
job 96_SUM_84 started 1789894512961 core=5
job 96_SUM_84 end 1789894528857
job 97_DOT_84 started 1789894528857 core=5
job 97_DOT_84 end 1789894560808
job 98_COPY_84 started 1789894560808 core=5
job 98_COPY_84 end 1789894599457
job 99_SUM_132 started 1789894599457 core=5
job 99_SUM_132 end 1789894624387
  итерация 0: 1089804 ms
  среднее по 1 итерациям: 1089804 ms
  реальных ожиданий свободного ядра: 0  (блокировок в задачах не было)
=== Выполняется проект: two_chain_19.txt (100 работ, перестановка ORDER) ===
fake 3 started 1789894624388 delay_ms=1
fake 2 started 1789894624388 delay_ms=0
fake 2 end 1789894624388
fake 0 started 1789894624388 delay_ms=0
fake 0 end 1789894624388
fake 1 started 1789894624388 delay_ms=0
fake 1 end 1789894624388
job 71_XPY_60 started 1789894624388 core=5
job 0_TGAMMA_72 started 1789894624388 core=4
fake 3 end 1789894624398
job 0_TGAMMA_72 end 1789894638488
job 1_TGAMMA_24 started 1789894638489 core=4
job 1_TGAMMA_24 end 1789894643203
job 2_TGAMMA_48 started 1789894643203 core=4
job 2_TGAMMA_48 end 1789894652586
job 3_TGAMMA_24 started 1789894652586 core=4
job 3_TGAMMA_24 end 1789894657295
job 4_TGAMMA_48 started 1789894657296 core=4
job 71_XPY_60 end 1789894662609
job 72_COPY_84 started 1789894662609 core=5
job 4_TGAMMA_48 end 1789894666687
job 5_TGAMMA_84 started 1789894666687 core=4
job 5_TGAMMA_84 end 1789894683015
job 6_TGAMMA_120 started 1789894683015 core=4
job 6_TGAMMA_120 end 1789894706351
job 7_TGAMMA_84 started 1789894706351 core=4
job 72_COPY_84 end 1789894713861
job 73_SUM_108 started 1789894713861 core=5
job 7_TGAMMA_84 end 1789894722653
job 8_TGAMMA_36 started 1789894722653 core=4
job 8_TGAMMA_36 end 1789894729594
job 9_TGAMMA_96 started 1789894729595 core=4
job 73_SUM_108 end 1789894744715
job 74_SUM_132 started 1789894744715 core=5
job 9_TGAMMA_96 end 1789894748281
job 10_TGAMMA_48 started 1789894748281 core=4
job 10_TGAMMA_48 end 1789894757624
job 11_TGAMMA_24 started 1789894757625 core=4
job 11_TGAMMA_24 end 1789894762258
job 12_TGAMMA_48 started 1789894762258 core=4
job 12_TGAMMA_48 end 1789894771605
job 13_TGAMMA_120 started 1789894771605 core=4
job 74_SUM_132 end 1789894782412
job 75_DOT_84 started 1789894782412 core=5
job 13_TGAMMA_120 end 1789894794875
job 14_TGAMMA_72 started 1789894794875 core=4
job 14_TGAMMA_72 end 1789894808973
job 15_TGAMMA_120 started 1789894808974 core=4
job 75_DOT_84 end 1789894829387
job 76_XPY_60 started 1789894829387 core=5
job 15_TGAMMA_120 end 1789894832155
job 16_TGAMMA_96 started 1789894832155 core=4
job 16_TGAMMA_96 end 1789894851027
job 17_TGAMMA_84 started 1789894851028 core=4
job 76_XPY_60 end 1789894867305
job 77_COPY_84 started 1789894867305 core=5
job 17_TGAMMA_84 end 1789894867357
job 18_TGAMMA_24 started 1789894867358 core=4
job 18_TGAMMA_24 end 1789894872028
job 19_TGAMMA_96 started 1789894872028 core=4
job 19_TGAMMA_96 end 1789894890780
job 20_TGAMMA_48 started 1789894890780 core=4
job 20_TGAMMA_48 end 1789894900186
job 21_TGAMMA_36 started 1789894900187 core=4
job 21_TGAMMA_36 end 1789894907199
job 22_TGAMMA_60 started 1789894907199 core=4
job 77_COPY_84 end 1789894918531
job 78_SUM_108 started 1789894918531 core=5
job 22_TGAMMA_60 end 1789894918923
job 23_TGAMMA_24 started 1789894918923 core=4
job 23_TGAMMA_24 end 1789894923562
job 24_TGAMMA_36 started 1789894923563 core=4
job 24_TGAMMA_36 end 1789894930516
job 25_TGAMMA_60 started 1789894930516 core=4
job 25_TGAMMA_60 end 1789894942064
job 26_TGAMMA_96 started 1789894942064 core=4
job 78_SUM_108 end 1789894949380
job 79_DOT_84 started 1789894949380 core=5
job 26_TGAMMA_96 end 1789894960730
job 27_TGAMMA_36 started 1789894960730 core=4
job 27_TGAMMA_36 end 1789894967697
job 28_TGAMMA_108 started 1789894967697 core=4
job 28_TGAMMA_108 end 1789894988932
job 29_TGAMMA_84 started 1789894988932 core=4
job 79_DOT_84 end 1789894996439
job 80_SUM_108 started 1789894996439 core=5
job 29_TGAMMA_84 end 1789895005175
job 30_TGAMMA_12 started 1789895005175 core=4
job 30_TGAMMA_12 end 1789895007485
job 31_TGAMMA_24 started 1789895007485 core=4
job 31_TGAMMA_24 end 1789895012105
job 32_TGAMMA_120 started 1789895012105 core=4
job 80_SUM_108 end 1789895027287
job 81_XPY_60 started 1789895027287 core=5
job 32_TGAMMA_120 end 1789895035289
job 33_TGAMMA_24 started 1789895035289 core=4
job 33_TGAMMA_24 end 1789895039997
job 34_TGAMMA_84 started 1789895039997 core=4
job 34_TGAMMA_84 end 1789895056327
job 35_TGAMMA_108 started 1789895056327 core=4
job 81_XPY_60 end 1789895065289
job 82_COPY_84 started 1789895065289 core=5
job 35_TGAMMA_108 end 1789895077307
job 36_TGAMMA_60 started 1789895077308 core=4
job 36_TGAMMA_60 end 1789895089026
job 37_TGAMMA_72 started 1789895089026 core=4
job 37_TGAMMA_72 end 1789895103033
job 38_TGAMMA_12 started 1789895103033 core=4
job 38_TGAMMA_12 end 1789895105363
job 39_TGAMMA_96 started 1789895105363 core=4
job 82_COPY_84 end 1789895116448
job 83_COPY_60 started 1789895116448 core=5
job 39_TGAMMA_96 end 1789895124093
job 40_TGAMMA_36 started 1789895124093 core=4
job 40_TGAMMA_36 end 1789895131092
job 41_TGAMMA_24 started 1789895131092 core=4
job 41_TGAMMA_24 end 1789895135783
job 42_TGAMMA_60 started 1789895135783 core=4
job 42_TGAMMA_60 end 1789895147497
job 43_TGAMMA_72 started 1789895147497 core=4
job 83_COPY_60 end 1789895152950
job 84_SUM_132 started 1789895152950 core=5
job 43_TGAMMA_72 end 1789895161434
job 44_TGAMMA_60 started 1789895161434 core=4
job 44_TGAMMA_60 end 1789895173013
job 45_TGAMMA_108 started 1789895173013 core=4
job 84_SUM_132 end 1789895190616
job 85_XPY_48 started 1789895190616 core=5
job 45_TGAMMA_108 end 1789895193858
job 46_TGAMMA_12 started 1789895193858 core=4
job 46_TGAMMA_12 end 1789895196212
job 47_TGAMMA_36 started 1789895196212 core=4
job 47_TGAMMA_36 end 1789895203213
job 48_TGAMMA_72 started 1789895203213 core=4
job 48_TGAMMA_72 end 1789895217202
job 49_TGAMMA_84 started 1789895217202 core=4
job 85_XPY_48 end 1789895221293
job 86_COPY_84 started 1789895221293 core=5
job 49_TGAMMA_84 end 1789895233528
job 50_TGAMMA_24 started 1789895233528 core=4
job 50_TGAMMA_24 end 1789895238195
job 51_TGAMMA_84 started 1789895238195 core=4
job 51_TGAMMA_84 end 1789895254595
job 52_TGAMMA_60 started 1789895254595 core=4
job 52_TGAMMA_60 end 1789895266268
job 53_TGAMMA_96 started 1789895266268 core=4
job 86_COPY_84 end 1789895272507
job 87_SUM_132 started 1789895272507 core=5
job 53_TGAMMA_96 end 1789895284987
job 54_TGAMMA_24 started 1789895284988 core=4
job 54_TGAMMA_24 end 1789895289614
job 55_TGAMMA_60 started 1789895289614 core=4
job 55_TGAMMA_60 end 1789895301161
job 56_TGAMMA_72 started 1789895301162 core=4
job 87_SUM_132 end 1789895310145
job 88_COPY_60 started 1789895310145 core=5
job 56_TGAMMA_72 end 1789895315075
job 57_TGAMMA_60 started 1789895315076 core=4
job 57_TGAMMA_60 end 1789895326760
job 58_TGAMMA_24 started 1789895326760 core=4
job 58_TGAMMA_24 end 1789895331425
job 59_TGAMMA_48 started 1789895331425 core=4
job 59_TGAMMA_48 end 1789895340897
job 60_TGAMMA_108 started 1789895340897 core=4
job 88_COPY_60 end 1789895346716
job 89_DOT_36 started 1789895346716 core=5
job 60_TGAMMA_108 end 1789895362035
job 61_TGAMMA_24 started 1789895362035 core=4
job 61_TGAMMA_24 end 1789895366680
job 62_TGAMMA_84 started 1789895366680 core=4
job 89_DOT_36 end 1789895366872
job 90_SUM_84 started 1789895366873 core=5
job 62_TGAMMA_84 end 1789895382858
job 63_TGAMMA_120 started 1789895382859 core=4
job 90_SUM_84 end 1789895390867
job 91_COPY_84 started 1789895390867 core=5
job 63_TGAMMA_120 end 1789895406111
job 64_TGAMMA_72 started 1789895406111 core=4
job 64_TGAMMA_72 end 1789895420167
job 65_TGAMMA_108 started 1789895420167 core=4
job 65_TGAMMA_108 end 1789895441193
job 66_TGAMMA_96 started 1789895441193 core=4
job 91_COPY_84 end 1789895442060
job 92_SUM_84 started 1789895442060 core=5
job 66_TGAMMA_96 end 1789895459740
job 67_TGAMMA_48 started 1789895459740 core=4
job 92_SUM_84 end 1789895466042
job 93_SUM_84 started 1789895466042 core=5
job 67_TGAMMA_48 end 1789895469074
job 68_TGAMMA_24 started 1789895469074 core=4
job 68_TGAMMA_24 end 1789895473706
job 69_TGAMMA_120 started 1789895473707 core=4
job 93_SUM_84 end 1789895490054
job 94_COPY_84 started 1789895490054 core=5
job 69_TGAMMA_120 end 1789895496885
job 70_TGAMMA_24 started 1789895496885 core=4
job 70_TGAMMA_24 end 1789895501572
job 94_COPY_84 end 1789895531660
job 95_XPY_60 started 1789895531660 core=5
job 95_XPY_60 end 1789895559536
job 96_XPY_60 started 1789895559536 core=5
job 96_XPY_60 end 1789895587418
job 97_DOT_84 started 1789895587418 core=5
job 97_DOT_84 end 1789895619444
job 98_SUM_84 started 1789895619444 core=5
job 98_SUM_84 end 1789895635320
job 99_XPY_48 started 1789895635320 core=5
job 99_XPY_48 end 1789895657622
  итерация 0: 1033234 ms
  среднее по 1 итерациям: 1033234 ms
  реальных ожиданий свободного ядра: 0  (блокировок в задачах не было)
=== Выполняется проект: two_chain_2.txt (100 работ, перестановка ORDER) ===
fake 2 started 1789895657623 delay_ms=0
fake 2 end 1789895657623
fake 3 started 1789895657623 delay_ms=1
fake 0 started 1789895657623 delay_ms=0
fake 0 end 1789895657623
fake 1 started 1789895657623 delay_ms=0
fake 1 end 1789895657623
job 60_COPY_60 started 1789895657623 core=5
fake 3 end 1789895657624
job 0_TGAMMA_96 started 1789895657624 core=4
job 0_TGAMMA_96 end 1789895676332
job 1_TGAMMA_96 started 1789895676333 core=4
job 60_COPY_60 end 1789895694338
job 61_COPY_60 started 1789895694339 core=5
job 1_TGAMMA_96 end 1789895695148
job 2_TGAMMA_96 started 1789895695148 core=4
job 2_TGAMMA_96 end 1789895713799
job 3_TGAMMA_96 started 1789895713799 core=4
job 61_COPY_60 end 1789895730983
job 62_COPY_60 started 1789895730983 core=5
job 3_TGAMMA_96 end 1789895732594
job 4_TGAMMA_96 started 1789895732594 core=4
job 4_TGAMMA_96 end 1789895751244
job 5_TGAMMA_96 started 1789895751244 core=4
job 62_COPY_60 end 1789895767590
job 63_COPY_60 started 1789895767590 core=5
job 5_TGAMMA_96 end 1789895770036
job 6_TGAMMA_96 started 1789895770037 core=4
job 6_TGAMMA_96 end 1789895788703
job 7_TGAMMA_96 started 1789895788704 core=4
job 63_COPY_60 end 1789895804223
job 64_COPY_60 started 1789895804223 core=5
job 7_TGAMMA_96 end 1789895807496
job 8_TGAMMA_96 started 1789895807496 core=4
job 8_TGAMMA_96 end 1789895826142
job 9_TGAMMA_96 started 1789895826142 core=4
job 64_COPY_60 end 1789895840820
job 65_COPY_60 started 1789895840820 core=5
job 9_TGAMMA_96 end 1789895844940
job 10_TGAMMA_96 started 1789895844940 core=4
job 10_TGAMMA_96 end 1789895863598
job 11_TGAMMA_96 started 1789895863598 core=4
job 65_COPY_60 end 1789895877465
job 66_COPY_60 started 1789895877465 core=5
job 11_TGAMMA_96 end 1789895882414
job 12_TGAMMA_96 started 1789895882414 core=4
job 12_TGAMMA_96 end 1789895901078
job 13_TGAMMA_96 started 1789895901078 core=4
job 66_COPY_60 end 1789895914117
job 67_COPY_60 started 1789895914117 core=5
job 13_TGAMMA_96 end 1789895919886
job 14_TGAMMA_96 started 1789895919886 core=4
job 14_TGAMMA_96 end 1789895938531
job 15_TGAMMA_96 started 1789895938531 core=4
job 67_COPY_60 end 1789895950725
job 68_COPY_60 started 1789895950725 core=5
job 15_TGAMMA_96 end 1789895957329
job 16_TGAMMA_96 started 1789895957329 core=4
job 16_TGAMMA_96 end 1789895975981
job 17_TGAMMA_96 started 1789895975981 core=4
job 68_COPY_60 end 1789895987349
job 69_COPY_60 started 1789895987349 core=5
job 17_TGAMMA_96 end 1789895994775
job 18_TGAMMA_96 started 1789895994775 core=4
job 18_TGAMMA_96 end 1789896013426
job 19_TGAMMA_96 started 1789896013426 core=4
job 69_COPY_60 end 1789896023959
job 70_COPY_60 started 1789896023959 core=5
job 19_TGAMMA_96 end 1789896032221
job 20_TGAMMA_96 started 1789896032221 core=4
job 20_TGAMMA_96 end 1789896050879
job 21_TGAMMA_96 started 1789896050880 core=4
job 70_COPY_60 end 1789896060582
job 71_COPY_60 started 1789896060582 core=5
job 21_TGAMMA_96 end 1789896069681
job 22_TGAMMA_96 started 1789896069681 core=4
job 22_TGAMMA_96 end 1789896088334
job 23_TGAMMA_96 started 1789896088334 core=4
job 71_COPY_60 end 1789896097195
job 72_COPY_60 started 1789896097195 core=5
job 23_TGAMMA_96 end 1789896107132
job 24_TGAMMA_96 started 1789896107132 core=4
job 24_TGAMMA_96 end 1789896125804
job 25_TGAMMA_96 started 1789896125804 core=4
job 72_COPY_60 end 1789896133851
job 73_COPY_60 started 1789896133851 core=5
job 25_TGAMMA_96 end 1789896144597
job 26_TGAMMA_96 started 1789896144597 core=4
job 26_TGAMMA_96 end 1789896163251
job 27_TGAMMA_96 started 1789896163251 core=4
job 73_COPY_60 end 1789896170460
job 74_COPY_60 started 1789896170460 core=5
job 27_TGAMMA_96 end 1789896182049
job 28_TGAMMA_96 started 1789896182049 core=4
job 28_TGAMMA_96 end 1789896200694
job 29_TGAMMA_96 started 1789896200694 core=4
job 74_COPY_60 end 1789896207060
job 75_COPY_60 started 1789896207060 core=5
job 29_TGAMMA_96 end 1789896219493
job 30_TGAMMA_96 started 1789896219493 core=4
job 30_TGAMMA_96 end 1789896238141
job 31_TGAMMA_96 started 1789896238141 core=4
job 75_COPY_60 end 1789896243669
job 76_COPY_60 started 1789896243669 core=5
job 31_TGAMMA_96 end 1789896256936
job 32_TGAMMA_96 started 1789896256936 core=4
job 32_TGAMMA_96 end 1789896275579
job 33_TGAMMA_96 started 1789896275579 core=4
job 76_COPY_60 end 1789896280261
job 77_COPY_60 started 1789896280261 core=5
job 33_TGAMMA_96 end 1789896294366
job 34_TGAMMA_96 started 1789896294367 core=4
job 34_TGAMMA_96 end 1789896313027
job 35_TGAMMA_96 started 1789896313028 core=4
job 77_COPY_60 end 1789896316948
job 78_COPY_60 started 1789896316948 core=5
job 35_TGAMMA_96 end 1789896331848
job 36_TGAMMA_96 started 1789896331848 core=4
job 36_TGAMMA_96 end 1789896350496
job 37_TGAMMA_96 started 1789896350496 core=4
job 78_COPY_60 end 1789896353578
job 79_COPY_60 started 1789896353578 core=5
job 37_TGAMMA_96 end 1789896369300
job 38_TGAMMA_96 started 1789896369300 core=4
job 38_TGAMMA_96 end 1789896387958
job 39_TGAMMA_96 started 1789896387959 core=4
job 79_COPY_60 end 1789896390211
job 80_COPY_60 started 1789896390211 core=5
job 39_TGAMMA_96 end 1789896406760
job 40_TGAMMA_96 started 1789896406760 core=4
job 40_TGAMMA_96 end 1789896425413
job 41_TGAMMA_96 started 1789896425413 core=4
job 80_COPY_60 end 1789896426829
job 81_COPY_60 started 1789896426829 core=5
job 41_TGAMMA_96 end 1789896444210
job 42_TGAMMA_96 started 1789896444210 core=4
job 42_TGAMMA_96 end 1789896462854
job 43_TGAMMA_96 started 1789896462854 core=4
job 81_COPY_60 end 1789896463422
job 82_COPY_60 started 1789896463422 core=5
job 43_TGAMMA_96 end 1789896481643
job 44_TGAMMA_96 started 1789896481643 core=4
job 82_COPY_60 end 1789896500045
job 83_COPY_60 started 1789896500045 core=5
job 44_TGAMMA_96 end 1789896500296
job 45_TGAMMA_96 started 1789896500296 core=4
job 45_TGAMMA_96 end 1789896519091
job 46_TGAMMA_96 started 1789896519091 core=4
job 83_COPY_60 end 1789896536661
job 84_COPY_60 started 1789896536661 core=5
job 46_TGAMMA_96 end 1789896537724
job 47_TGAMMA_96 started 1789896537724 core=4
job 47_TGAMMA_96 end 1789896556537
job 48_TGAMMA_96 started 1789896556537 core=4
job 84_COPY_60 end 1789896573276
job 85_COPY_60 started 1789896573276 core=5
job 48_TGAMMA_96 end 1789896575183
job 49_TGAMMA_96 started 1789896575183 core=4
job 49_TGAMMA_96 end 1789896594002
job 50_TGAMMA_96 started 1789896594002 core=4
job 85_COPY_60 end 1789896609898
job 86_COPY_60 started 1789896609899 core=5
job 50_TGAMMA_96 end 1789896612651
job 51_TGAMMA_96 started 1789896612651 core=4
job 51_TGAMMA_96 end 1789896631476
job 52_TGAMMA_96 started 1789896631476 core=4
job 86_COPY_60 end 1789896646534
job 87_COPY_60 started 1789896646535 core=5
job 52_TGAMMA_96 end 1789896650113
job 53_TGAMMA_96 started 1789896650113 core=4
job 53_TGAMMA_96 end 1789896668936
job 54_TGAMMA_96 started 1789896668937 core=4
job 87_COPY_60 end 1789896683161
job 88_COPY_60 started 1789896683161 core=5
job 54_TGAMMA_96 end 1789896687575
job 55_TGAMMA_96 started 1789896687575 core=4
job 55_TGAMMA_96 end 1789896706390
job 56_TGAMMA_96 started 1789896706390 core=4
job 88_COPY_60 end 1789896719765
job 89_COPY_60 started 1789896719765 core=5
job 56_TGAMMA_96 end 1789896725031
job 57_TGAMMA_96 started 1789896725031 core=4
job 57_TGAMMA_96 end 1789896743843
job 58_TGAMMA_96 started 1789896743844 core=4
job 89_COPY_60 end 1789896756384
job 90_COPY_60 started 1789896756385 core=5
job 58_TGAMMA_96 end 1789896762477
job 59_TGAMMA_96 started 1789896762477 core=4
job 59_TGAMMA_96 end 1789896781295
job 90_COPY_60 end 1789896790114
job 91_COPY_60 started 1789896790114 core=5
job 91_COPY_60 end 1789896817916
job 92_COPY_60 started 1789896817916 core=5
job 92_COPY_60 end 1789896845715
job 93_COPY_60 started 1789896845715 core=5
job 93_COPY_60 end 1789896873519
job 94_COPY_60 started 1789896873519 core=5
job 94_COPY_60 end 1789896901167
job 95_COPY_60 started 1789896901168 core=5
job 95_COPY_60 end 1789896928851
job 96_COPY_60 started 1789896928851 core=5
job 96_COPY_60 end 1789896956507
job 97_COPY_60 started 1789896956507 core=5
job 97_COPY_60 end 1789896984169
job 98_COPY_60 started 1789896984169 core=5
job 98_COPY_60 end 1789897011824
job 99_COPY_60 started 1789897011824 core=5
job 99_COPY_60 end 1789897039503
  итерация 0: 1381880 ms
  среднее по 1 итерациям: 1381880 ms
  реальных ожиданий свободного ядра: 0  (блокировок в задачах не было)
=== Выполняется проект: two_chain_20.txt (100 работ, перестановка ORDER) ===
fake 3 started 1789897039504 delay_ms=1
fake 2 started 1789897039504 delay_ms=0
fake 2 end 1789897039504
fake 0 started 1789897039504 delay_ms=0
fake 0 end 1789897039504
fake 1 started 1789897039504 delay_ms=0
fake 1 end 1789897039504
job 71_DOT_84 started 1789897039504 core=5
job 0_TGAMMA_36 started 1789897039504 core=1
fake 3 end 1789897039515
job 0_TGAMMA_36 end 1789897046444
job 1_TGAMMA_36 started 1789897046444 core=1
job 1_TGAMMA_36 end 1789897053389
job 2_TGAMMA_96 started 1789897053389 core=1
job 2_TGAMMA_96 end 1789897072058
job 3_TGAMMA_96 started 1789897072059 core=1
job 71_DOT_84 end 1789897086869
job 72_DOT_36 started 1789897086869 core=5
job 3_TGAMMA_96 end 1789897090715
job 4_TGAMMA_12 started 1789897090715 core=1
job 4_TGAMMA_12 end 1789897093032
job 5_TGAMMA_96 started 1789897093032 core=1
job 72_DOT_36 end 1789897107244
job 73_SUM_108 started 1789897107244 core=5
job 5_TGAMMA_96 end 1789897111713
job 6_TGAMMA_24 started 1789897111713 core=1
job 6_TGAMMA_24 end 1789897116334
job 7_TGAMMA_120 started 1789897116334 core=1
job 73_SUM_108 end 1789897138146
job 74_XPY_48 started 1789897138146 core=5
job 7_TGAMMA_120 end 1789897139464
job 8_TGAMMA_60 started 1789897139464 core=1
job 8_TGAMMA_60 end 1789897151126
job 9_TGAMMA_24 started 1789897151126 core=1
job 9_TGAMMA_24 end 1789897155780
job 10_TGAMMA_84 started 1789897155780 core=1
job 74_XPY_48 end 1789897168831
job 75_COPY_60 started 1789897168831 core=5
job 10_TGAMMA_84 end 1789897172074
job 11_TGAMMA_48 started 1789897172074 core=1
job 11_TGAMMA_48 end 1789897181459
job 12_TGAMMA_48 started 1789897181459 core=1
job 12_TGAMMA_48 end 1789897190854
job 13_TGAMMA_72 started 1789897190855 core=1
job 13_TGAMMA_72 end 1789897204841
job 14_TGAMMA_84 started 1789897204841 core=1
job 75_COPY_60 end 1789897205475
job 76_COPY_84 started 1789897205475 core=5
job 14_TGAMMA_84 end 1789897221143
job 15_TGAMMA_24 started 1789897221143 core=1
job 15_TGAMMA_24 end 1789897225796
job 16_TGAMMA_12 started 1789897225796 core=1
job 16_TGAMMA_12 end 1789897228123
job 17_TGAMMA_12 started 1789897228123 core=1
job 17_TGAMMA_12 end 1789897230448
job 18_TGAMMA_12 started 1789897230448 core=1
job 18_TGAMMA_12 end 1789897232779
job 19_TGAMMA_108 started 1789897232779 core=1
job 19_TGAMMA_108 end 1789897253770
job 20_TGAMMA_96 started 1789897253770 core=1
job 76_COPY_84 end 1789897256812
job 77_DOT_36 started 1789897256813 core=5
job 20_TGAMMA_96 end 1789897272476
job 21_TGAMMA_24 started 1789897272477 core=1
job 21_TGAMMA_24 end 1789897277107
job 22_TGAMMA_84 started 1789897277108 core=1
job 77_DOT_36 end 1789897277184
job 78_SUM_132 started 1789897277184 core=5
job 22_TGAMMA_84 end 1789897293307
job 23_TGAMMA_72 started 1789897293307 core=1
job 23_TGAMMA_72 end 1789897307192
job 24_TGAMMA_108 started 1789897307192 core=1
job 78_SUM_132 end 1789897314976
job 79_COPY_84 started 1789897314976 core=5
job 24_TGAMMA_108 end 1789897328086
job 25_TGAMMA_48 started 1789897328086 core=1
job 25_TGAMMA_48 end 1789897337478
job 26_TGAMMA_60 started 1789897337478 core=1
job 26_TGAMMA_60 end 1789897349129
job 27_TGAMMA_12 started 1789897349129 core=1
job 27_TGAMMA_12 end 1789897351457
job 28_TGAMMA_120 started 1789897351458 core=1
job 79_COPY_84 end 1789897366818
job 80_COPY_60 started 1789897366818 core=5
job 28_TGAMMA_120 end 1789897374811
job 29_TGAMMA_12 started 1789897374811 core=1
job 29_TGAMMA_12 end 1789897377153
job 30_TGAMMA_72 started 1789897377153 core=1
job 30_TGAMMA_72 end 1789897391211
job 31_TGAMMA_60 started 1789897391211 core=1
job 31_TGAMMA_60 end 1789897402941
job 32_TGAMMA_60 started 1789897402941 core=1
job 80_COPY_60 end 1789897405294
job 81_SUM_84 started 1789897405294 core=5
job 32_TGAMMA_60 end 1789897414607
job 33_TGAMMA_12 started 1789897414607 core=1
job 33_TGAMMA_12 end 1789897416932
job 34_TGAMMA_24 started 1789897416933 core=1
job 34_TGAMMA_24 end 1789897421576
job 35_TGAMMA_96 started 1789897421576 core=1
job 81_SUM_84 end 1789897430535
job 82_DOT_36 started 1789897430535 core=5
job 35_TGAMMA_96 end 1789897440289
job 36_TGAMMA_36 started 1789897440289 core=1
job 36_TGAMMA_36 end 1789897447243
job 37_TGAMMA_84 started 1789897447243 core=1
job 82_DOT_36 end 1789897451166
job 83_COPY_84 started 1789897451166 core=5
job 37_TGAMMA_84 end 1789897463532
job 38_TGAMMA_12 started 1789897463532 core=1
job 38_TGAMMA_12 end 1789897465862
job 39_TGAMMA_96 started 1789897465862 core=1
job 39_TGAMMA_96 end 1789897484648
job 40_TGAMMA_72 started 1789897484649 core=1
job 40_TGAMMA_72 end 1789897498631
job 41_TGAMMA_36 started 1789897498631 core=1
job 83_COPY_84 end 1789897502822
job 84_COPY_60 started 1789897502822 core=5
job 41_TGAMMA_36 end 1789897505610
job 42_TGAMMA_48 started 1789897505611 core=1
job 42_TGAMMA_48 end 1789897514984
job 43_TGAMMA_36 started 1789897514984 core=1
job 43_TGAMMA_36 end 1789897521973
job 44_TGAMMA_12 started 1789897521973 core=1
job 44_TGAMMA_12 end 1789897524302
job 45_TGAMMA_96 started 1789897524302 core=1
job 84_COPY_60 end 1789897539523
job 85_SUM_108 started 1789897539523 core=5
job 45_TGAMMA_96 end 1789897543078
job 46_TGAMMA_60 started 1789897543078 core=5
job 46_TGAMMA_60 end 1789897554652
job 47_TGAMMA_12 started 1789897554652 core=1
job 47_TGAMMA_12 end 1789897556960
job 48_TGAMMA_108 started 1789897556960 core=1
job 85_SUM_108 end 1789897570409
job 86_DOT_84 started 1789897570409 core=5
job 48_TGAMMA_108 end 1789897577829
job 49_TGAMMA_108 started 1789897577829 core=1
job 49_TGAMMA_108 end 1789897598920
job 50_TGAMMA_12 started 1789897598920 core=1
job 50_TGAMMA_12 end 1789897601263
job 51_TGAMMA_12 started 1789897601263 core=1
job 51_TGAMMA_12 end 1789897603608
job 52_TGAMMA_84 started 1789897603619 core=5
job 86_DOT_84 end 1789897617670
job 87_XPY_48 started 1789897617670 core=5
job 52_TGAMMA_84 end 1789897619850
job 53_TGAMMA_36 started 1789897619850 core=1
job 53_TGAMMA_36 end 1789897626832
job 54_TGAMMA_120 started 1789897626832 core=1
job 87_XPY_48 end 1789897648493
job 88_COPY_84 started 1789897648493 core=5
job 54_TGAMMA_120 end 1789897650102
job 55_TGAMMA_60 started 1789897650102 core=1
job 55_TGAMMA_60 end 1789897661763
job 56_TGAMMA_12 started 1789897661763 core=1
job 56_TGAMMA_12 end 1789897664092
job 57_TGAMMA_36 started 1789897664092 core=1
job 57_TGAMMA_36 end 1789897671079
job 58_TGAMMA_120 started 1789897671079 core=1
job 58_TGAMMA_120 end 1789897694381
job 59_TGAMMA_36 started 1789897694381 core=1
job 88_COPY_84 end 1789897699819
job 89_DOT_36 started 1789897699819 core=5
job 59_TGAMMA_36 end 1789897701364
job 60_TGAMMA_84 started 1789897701364 core=1
job 60_TGAMMA_84 end 1789897717585
job 61_TGAMMA_108 started 1789897717585 core=1
job 89_DOT_36 end 1789897720235
job 90_SUM_132 started 1789897720235 core=5
job 61_TGAMMA_108 end 1789897738422
job 62_TGAMMA_12 started 1789897738422 core=1
job 62_TGAMMA_12 end 1789897740735
job 63_TGAMMA_120 started 1789897740735 core=1
job 90_SUM_132 end 1789897758019
job 91_DOT_36 started 1789897758019 core=5
job 63_TGAMMA_120 end 1789897763871
job 64_TGAMMA_108 started 1789897763872 core=1
job 91_DOT_36 end 1789897778228
job 92_SUM_132 started 1789897778228 core=5
job 64_TGAMMA_108 end 1789897784716
job 65_TGAMMA_48 started 1789897784716 core=1
job 65_TGAMMA_48 end 1789897794043
job 66_TGAMMA_36 started 1789897794043 core=1
job 66_TGAMMA_36 end 1789897800981
job 67_TGAMMA_36 started 1789897800981 core=1
job 67_TGAMMA_36 end 1789897807911
job 68_TGAMMA_84 started 1789897807911 core=1
job 92_SUM_132 end 1789897815986
job 93_SUM_84 started 1789897815986 core=5
job 68_TGAMMA_84 end 1789897824101
job 69_TGAMMA_12 started 1789897824101 core=1
job 69_TGAMMA_12 end 1789897826415
job 70_TGAMMA_72 started 1789897826415 core=1
job 93_SUM_84 end 1789897840012
job 94_SUM_84 started 1789897840012 core=5
job 70_TGAMMA_72 end 1789897840294
job 94_SUM_84 end 1789897859994
job 95_XPY_60 started 1789897859994 core=5
job 95_XPY_60 end 1789897890157
job 96_SUM_132 started 1789897890157 core=5
job 96_SUM_132 end 1789897915106
job 97_DOT_36 started 1789897915106 core=5
job 97_DOT_36 end 1789897928806
job 98_DOT_84 started 1789897928806 core=5
job 98_DOT_84 end 1789897960798
job 99_XPY_48 started 1789897960798 core=5
job 99_XPY_48 end 1789897983083
  итерация 0: 943579 ms
  среднее по 1 итерациям: 943579 ms
  реальных ожиданий свободного ядра: 0  (блокировок в задачах не было)
=== Выполняется проект: two_chain_21.txt (100 работ, перестановка ORDER) ===
fake 3 started 1789897983084 delay_ms=1
fake 2 started 1789897983084 delay_ms=0
fake 2 end 1789897983084
fake 0 started 1789897983084 delay_ms=0
fake 0 end 1789897983084
fake 1 started 1789897983084 delay_ms=0
fake 1 end 1789897983084
job 67_SUM_108 started 1789897983084 core=5
fake 3 end 1789897983085
job 0_TGAMMA_36 started 1789897983107 core=5
job 0_TGAMMA_36 end 1789897990043
job 1_TGAMMA_72 started 1789897990043 core=1
job 1_TGAMMA_72 end 1789898003882
job 2_TGAMMA_12 started 1789898003882 core=1
job 2_TGAMMA_12 end 1789898006189
job 3_TGAMMA_84 started 1789898006189 core=1
job 67_SUM_108 end 1789898014030
job 68_XPY_48 started 1789898014030 core=5
job 3_TGAMMA_84 end 1789898022481
job 4_TGAMMA_72 started 1789898022482 core=1
job 4_TGAMMA_72 end 1789898036617
job 5_TGAMMA_84 started 1789898036617 core=1
job 68_XPY_48 end 1789898044720
job 69_XPY_48 started 1789898044720 core=5
job 5_TGAMMA_84 end 1789898053104
job 6_TGAMMA_72 started 1789898053104 core=1
job 6_TGAMMA_72 end 1789898067245
job 7_TGAMMA_72 started 1789898067245 core=1
job 69_XPY_48 end 1789898075391
job 70_XPY_48 started 1789898075391 core=5
job 7_TGAMMA_72 end 1789898081367
job 8_TGAMMA_120 started 1789898081367 core=1
job 8_TGAMMA_120 end 1789898105035
job 9_TGAMMA_60 started 1789898105035 core=1
job 70_XPY_48 end 1789898105984
job 71_COPY_60 started 1789898105984 core=5
job 9_TGAMMA_60 end 1789898116743
job 10_TGAMMA_72 started 1789898116744 core=1
job 10_TGAMMA_72 end 1789898130777
job 11_TGAMMA_84 started 1789898130778 core=1
job 71_COPY_60 end 1789898142711
job 72_SUM_108 started 1789898142711 core=5
job 11_TGAMMA_84 end 1789898147105
job 12_TGAMMA_96 started 1789898147106 core=1
job 12_TGAMMA_96 end 1789898165686
job 13_TGAMMA_60 started 1789898165686 core=1
job 72_SUM_108 end 1789898173587
job 73_DOT_36 started 1789898173587 core=5
job 13_TGAMMA_60 end 1789898177249
job 14_TGAMMA_84 started 1789898177249 core=1
job 14_TGAMMA_84 end 1789898193474
job 15_TGAMMA_48 started 1789898193474 core=1
job 73_DOT_36 end 1789898193962
job 74_SUM_84 started 1789898193962 core=5
job 15_TGAMMA_48 end 1789898202797
job 16_TGAMMA_120 started 1789898202797 core=1
job 74_SUM_84 end 1789898217974
job 75_COPY_60 started 1789898217974 core=5
job 16_TGAMMA_120 end 1789898225945
job 17_TGAMMA_120 started 1789898225945 core=1
job 17_TGAMMA_120 end 1789898249249
job 18_TGAMMA_84 started 1789898249249 core=1
job 75_COPY_60 end 1789898254613
job 76_XPY_48 started 1789898254614 core=5
job 18_TGAMMA_84 end 1789898265552
job 19_TGAMMA_60 started 1789898265552 core=1
job 19_TGAMMA_60 end 1789898277206
job 20_TGAMMA_120 started 1789898277207 core=1
job 76_XPY_48 end 1789898285423
job 77_DOT_84 started 1789898285423 core=5
job 20_TGAMMA_120 end 1789898300434
job 21_TGAMMA_120 started 1789898300435 core=1
job 21_TGAMMA_120 end 1789898323603
job 22_TGAMMA_48 started 1789898323603 core=1
job 77_DOT_84 end 1789898332564
job 78_SUM_108 started 1789898332564 core=5
job 22_TGAMMA_48 end 1789898332929
job 23_TGAMMA_108 started 1789898332929 core=1
job 23_TGAMMA_108 end 1789898353789
job 24_TGAMMA_12 started 1789898353790 core=1
job 24_TGAMMA_12 end 1789898356104
job 25_TGAMMA_84 started 1789898356104 core=1
job 78_SUM_108 end 1789898363547
job 79_SUM_132 started 1789898363547 core=5
job 25_TGAMMA_84 end 1789898372299
job 26_TGAMMA_72 started 1789898372299 core=1
job 26_TGAMMA_72 end 1789898386179
job 27_TGAMMA_72 started 1789898386179 core=1
job 27_TGAMMA_72 end 1789898400063
job 28_TGAMMA_48 started 1789898400063 core=1
job 79_SUM_132 end 1789898401312
job 80_COPY_60 started 1789898401312 core=5
job 28_TGAMMA_48 end 1789898409426
job 29_TGAMMA_108 started 1789898409426 core=1
job 29_TGAMMA_108 end 1789898430403
job 30_TGAMMA_24 started 1789898430403 core=1
job 30_TGAMMA_24 end 1789898435061
job 31_TGAMMA_48 started 1789898435061 core=1
job 80_COPY_60 end 1789898437947
job 81_SUM_108 started 1789898437947 core=5
job 31_TGAMMA_48 end 1789898444407
job 32_TGAMMA_108 started 1789898444407 core=1
job 32_TGAMMA_108 end 1789898465228
job 33_TGAMMA_48 started 1789898465228 core=1
job 81_SUM_108 end 1789898468846
job 82_XPY_60 started 1789898468847 core=5
job 33_TGAMMA_48 end 1789898474560
job 34_TGAMMA_24 started 1789898474561 core=1
job 34_TGAMMA_24 end 1789898479212
job 35_TGAMMA_96 started 1789898479213 core=1
job 35_TGAMMA_96 end 1789898497961
job 36_TGAMMA_84 started 1789898497961 core=1
job 82_XPY_60 end 1789898507019
job 83_COPY_60 started 1789898507019 core=5
job 36_TGAMMA_84 end 1789898514272
job 37_TGAMMA_72 started 1789898514272 core=1
job 37_TGAMMA_72 end 1789898528259
job 38_TGAMMA_48 started 1789898528259 core=1
job 38_TGAMMA_48 end 1789898537640
job 39_TGAMMA_120 started 1789898537640 core=1
job 83_COPY_60 end 1789898543648
job 84_COPY_84 started 1789898543649 core=5
job 39_TGAMMA_120 end 1789898560918
job 40_TGAMMA_84 started 1789898560918 core=1
job 40_TGAMMA_84 end 1789898577232
job 41_TGAMMA_84 started 1789898577233 core=1
job 41_TGAMMA_84 end 1789898593564
job 42_TGAMMA_84 started 1789898593564 core=1
job 84_COPY_84 end 1789898594971
job 85_DOT_36 started 1789898594971 core=5
job 42_TGAMMA_84 end 1789898609828
job 43_TGAMMA_36 started 1789898609828 core=1
job 85_DOT_36 end 1789898615027
job 86_XPY_48 started 1789898615027 core=5
job 43_TGAMMA_36 end 1789898616785
job 44_TGAMMA_36 started 1789898616785 core=1
job 44_TGAMMA_36 end 1789898623777
job 45_TGAMMA_72 started 1789898623777 core=1
job 45_TGAMMA_72 end 1789898637757
job 46_TGAMMA_84 started 1789898637757 core=1
job 86_XPY_48 end 1789898645524
job 87_XPY_60 started 1789898645524 core=5
job 46_TGAMMA_84 end 1789898654051
job 47_TGAMMA_72 started 1789898654051 core=1
job 47_TGAMMA_72 end 1789898668036
job 48_TGAMMA_72 started 1789898668037 core=1
job 48_TGAMMA_72 end 1789898682009
job 49_TGAMMA_12 started 1789898682009 core=1
job 87_XPY_60 end 1789898683659
job 88_XPY_60 started 1789898683660 core=5
job 49_TGAMMA_12 end 1789898684329
job 50_TGAMMA_24 started 1789898684329 core=1
job 50_TGAMMA_24 end 1789898688970
job 51_TGAMMA_60 started 1789898688970 core=1
job 51_TGAMMA_60 end 1789898700614
job 52_TGAMMA_96 started 1789898700614 core=1
job 52_TGAMMA_96 end 1789898719384
job 53_TGAMMA_60 started 1789898719384 core=1
job 88_XPY_60 end 1789898721832
job 89_DOT_84 started 1789898721833 core=5
job 53_TGAMMA_60 end 1789898730990
job 54_TGAMMA_36 started 1789898730990 core=1
job 54_TGAMMA_36 end 1789898737944
job 55_TGAMMA_36 started 1789898737944 core=1
job 55_TGAMMA_36 end 1789898744891
job 56_TGAMMA_24 started 1789898744891 core=1
job 56_TGAMMA_24 end 1789898749522
job 57_TGAMMA_60 started 1789898749522 core=1
job 57_TGAMMA_60 end 1789898761115
job 58_TGAMMA_72 started 1789898761116 core=1
job 89_DOT_84 end 1789898769056
job 90_COPY_60 started 1789898769056 core=5
job 58_TGAMMA_72 end 1789898775038
job 59_TGAMMA_48 started 1789898775038 core=1
job 59_TGAMMA_48 end 1789898784422
job 60_TGAMMA_36 started 1789898784422 core=1
job 60_TGAMMA_36 end 1789898791407
job 61_TGAMMA_108 started 1789898791407 core=1
job 90_COPY_60 end 1789898805708
job 91_XPY_48 started 1789898805708 core=5
job 61_TGAMMA_108 end 1789898812379
job 62_TGAMMA_48 started 1789898812380 core=1
job 62_TGAMMA_48 end 1789898821756
job 63_TGAMMA_12 started 1789898821756 core=1
job 63_TGAMMA_12 end 1789898824083
job 64_TGAMMA_120 started 1789898824083 core=1
job 91_XPY_48 end 1789898836245
job 92_SUM_108 started 1789898836245 core=5
job 64_TGAMMA_120 end 1789898847290
job 65_TGAMMA_96 started 1789898847290 core=1
job 65_TGAMMA_96 end 1789898865950
job 66_TGAMMA_108 started 1789898865951 core=1
job 92_SUM_108 end 1789898867122
job 93_XPY_60 started 1789898867122 core=5
job 66_TGAMMA_108 end 1789898886857
job 93_XPY_60 end 1789898901207
job 94_DOT_84 started 1789898901208 core=5
job 94_DOT_84 end 1789898933208
job 95_SUM_132 started 1789898933208 core=5
job 95_SUM_132 end 1789898958131
job 96_XPY_60 started 1789898958131 core=5
job 96_XPY_60 end 1789898985984
job 97_DOT_36 started 1789898985984 core=5
job 97_DOT_36 end 1789898999671
job 98_XPY_60 started 1789898999671 core=5
job 98_XPY_60 end 1789899027537
job 99_XPY_48 started 1789899027537 core=5
job 99_XPY_48 end 1789899049827
  итерация 0: 1066742 ms
  среднее по 1 итерациям: 1066742 ms
  реальных ожиданий свободного ядра: 0  (блокировок в задачах не было)
=== Выполняется проект: two_chain_22.txt (100 работ, перестановка ORDER) ===
fake 3 started 1789899049828 delay_ms=1
fake 2 started 1789899049828 delay_ms=0
fake 2 end 1789899049828
fake 1 started 1789899049828 delay_ms=0
fake 1 end 1789899049828
fake 0 started 1789899049828 delay_ms=0
fake 0 end 1789899049828
job 0_TGAMMA_108 started 1789899049828 core=5
job 67_XPY_48 started 1789899049828 core=5
fake 3 end 1789899049838
job 0_TGAMMA_108 end 1789899071013
job 1_TGAMMA_84 started 1789899071013 core=5
job 67_XPY_48 end 1789899080203
job 68_SUM_84 started 1789899080203 core=5
job 1_TGAMMA_84 end 1789899087381
job 2_TGAMMA_36 started 1789899087381 core=5
job 2_TGAMMA_36 end 1789899094334
job 3_TGAMMA_72 started 1789899094334 core=5
job 68_SUM_84 end 1789899104201
job 69_DOT_36 started 1789899104201 core=5
job 3_TGAMMA_72 end 1789899108220
job 4_TGAMMA_72 started 1789899108220 core=5
job 4_TGAMMA_72 end 1789899122164
job 5_TGAMMA_12 started 1789899122164 core=5
job 69_DOT_36 end 1789899124241
job 70_SUM_84 started 1789899124241 core=5
job 5_TGAMMA_12 end 1789899124517
job 6_TGAMMA_12 started 1789899124517 core=5
job 6_TGAMMA_12 end 1789899126847
job 7_TGAMMA_48 started 1789899126847 core=5
job 7_TGAMMA_48 end 1789899136197
job 8_TGAMMA_72 started 1789899136197 core=5
job 70_SUM_84 end 1789899148289
job 71_DOT_36 started 1789899148289 core=5
job 8_TGAMMA_72 end 1789899150100
job 9_TGAMMA_72 started 1789899150100 core=5
job 9_TGAMMA_72 end 1789899164030
job 10_TGAMMA_60 started 1789899164030 core=5
job 71_DOT_36 end 1789899168342
job 72_SUM_84 started 1789899168343 core=5
job 10_TGAMMA_60 end 1789899175629
job 11_TGAMMA_108 started 1789899175629 core=5
job 72_SUM_84 end 1789899192406
job 73_DOT_84 started 1789899192407 core=5
job 11_TGAMMA_108 end 1789899196464
job 12_TGAMMA_108 started 1789899196464 core=5
job 12_TGAMMA_108 end 1789899217695
job 13_TGAMMA_108 started 1789899217695 core=5
job 13_TGAMMA_108 end 1789899238582
job 14_TGAMMA_24 started 1789899238582 core=5
job 73_DOT_84 end 1789899239538
job 74_XPY_48 started 1789899239538 core=5
job 14_TGAMMA_24 end 1789899243280
job 15_TGAMMA_12 started 1789899243280 core=5
job 15_TGAMMA_12 end 1789899245653
job 16_TGAMMA_108 started 1789899245653 core=5
job 16_TGAMMA_108 end 1789899266639
job 17_TGAMMA_84 started 1789899266639 core=5
job 74_XPY_48 end 1789899269981
job 75_DOT_84 started 1789899269981 core=5
job 17_TGAMMA_84 end 1789899282899
job 18_TGAMMA_108 started 1789899282899 core=5
job 18_TGAMMA_108 end 1789899303782
job 19_TGAMMA_108 started 1789899303782 core=5
job 75_DOT_84 end 1789899317199
job 76_SUM_132 started 1789899317199 core=5
job 19_TGAMMA_108 end 1789899324790
job 20_TGAMMA_108 started 1789899324790 core=5
job 20_TGAMMA_108 end 1789899345630
job 21_TGAMMA_72 started 1789899345630 core=5
job 76_SUM_132 end 1789899354950
job 77_XPY_60 started 1789899354950 core=5
job 21_TGAMMA_72 end 1789899359533
job 22_TGAMMA_108 started 1789899359533 core=5
job 22_TGAMMA_108 end 1789899380847
job 23_TGAMMA_60 started 1789899380847 core=5
job 23_TGAMMA_60 end 1789899392503
job 24_TGAMMA_108 started 1789899392503 core=5
job 77_XPY_60 end 1789899393031
job 78_SUM_108 started 1789899393032 core=5
job 24_TGAMMA_108 end 1789899413438
job 25_TGAMMA_36 started 1789899413438 core=5
job 25_TGAMMA_36 end 1789899420400
job 26_TGAMMA_48 started 1789899420400 core=5
job 78_SUM_108 end 1789899423917
job 79_DOT_36 started 1789899423917 core=5
job 26_TGAMMA_48 end 1789899429745
job 27_TGAMMA_72 started 1789899429745 core=5
job 27_TGAMMA_72 end 1789899443702
job 28_TGAMMA_72 started 1789899443702 core=5
job 79_DOT_36 end 1789899443956
job 80_COPY_60 started 1789899443956 core=5
job 28_TGAMMA_72 end 1789899457673
job 29_TGAMMA_72 started 1789899457673 core=5
job 29_TGAMMA_72 end 1789899471678
job 30_TGAMMA_96 started 1789899471678 core=5
job 80_COPY_60 end 1789899480585
job 81_DOT_84 started 1789899480585 core=5
job 30_TGAMMA_96 end 1789899490432
job 31_TGAMMA_36 started 1789899490432 core=5
job 31_TGAMMA_36 end 1789899497410
job 32_TGAMMA_72 started 1789899497410 core=5
job 32_TGAMMA_72 end 1789899511496
job 33_TGAMMA_72 started 1789899511496 core=5
job 33_TGAMMA_72 end 1789899525433
job 34_TGAMMA_36 started 1789899525433 core=5
job 81_DOT_84 end 1789899527661
job 82_COPY_84 started 1789899527661 core=5
job 34_TGAMMA_36 end 1789899532413
job 35_TGAMMA_36 started 1789899532413 core=5
job 35_TGAMMA_36 end 1789899539460
job 36_TGAMMA_24 started 1789899539460 core=5
job 36_TGAMMA_24 end 1789899544165
job 37_TGAMMA_60 started 1789899544165 core=5
job 37_TGAMMA_60 end 1789899555842
job 38_TGAMMA_96 started 1789899555842 core=5
job 38_TGAMMA_96 end 1789899574503
job 39_TGAMMA_24 started 1789899574503 core=5
job 82_COPY_84 end 1789899578979
job 83_DOT_84 started 1789899578979 core=5
job 39_TGAMMA_24 end 1789899579174
job 40_TGAMMA_72 started 1789899579174 core=5
job 40_TGAMMA_72 end 1789899593251
job 41_TGAMMA_84 started 1789899593251 core=5
job 41_TGAMMA_84 end 1789899609501
job 42_TGAMMA_24 started 1789899609501 core=5
job 42_TGAMMA_24 end 1789899614216
job 43_TGAMMA_60 started 1789899614216 core=5
job 43_TGAMMA_60 end 1789899625955
job 44_TGAMMA_96 started 1789899625955 core=5
job 83_DOT_84 end 1789899626063
job 84_SUM_108 started 1789899626063 core=5
job 44_TGAMMA_96 end 1789899644644
job 45_TGAMMA_108 started 1789899644644 core=5
job 84_SUM_108 end 1789899656968
job 85_SUM_84 started 1789899656968 core=5
job 45_TGAMMA_108 end 1789899665443
job 46_TGAMMA_108 started 1789899665443 core=5
job 85_SUM_84 end 1789899681056
job 86_SUM_84 started 1789899681056 core=5
job 46_TGAMMA_108 end 1789899686347
job 47_TGAMMA_120 started 1789899686347 core=5
job 86_SUM_84 end 1789899705080
job 87_COPY_84 started 1789899705080 core=5
job 47_TGAMMA_120 end 1789899709494
job 48_TGAMMA_36 started 1789899709494 core=5
job 48_TGAMMA_36 end 1789899716541
job 49_TGAMMA_48 started 1789899716541 core=5
job 49_TGAMMA_48 end 1789899725944
job 50_TGAMMA_12 started 1789899725944 core=5
job 50_TGAMMA_12 end 1789899728289
job 51_TGAMMA_108 started 1789899728289 core=5
job 51_TGAMMA_108 end 1789899749386
job 52_TGAMMA_12 started 1789899749386 core=5
job 52_TGAMMA_12 end 1789899751738
job 53_TGAMMA_84 started 1789899751738 core=5
job 87_COPY_84 end 1789899756364
job 88_COPY_84 started 1789899756364 core=5
job 53_TGAMMA_84 end 1789899768071
job 54_TGAMMA_48 started 1789899768071 core=5
job 54_TGAMMA_48 end 1789899777473
job 55_TGAMMA_72 started 1789899777473 core=5
job 55_TGAMMA_72 end 1789899791480
job 56_TGAMMA_72 started 1789899791480 core=5
job 56_TGAMMA_72 end 1789899805479
job 57_TGAMMA_120 started 1789899805479 core=5
job 88_COPY_84 end 1789899807696
job 89_XPY_48 started 1789899807696 core=5
job 57_TGAMMA_120 end 1789899828751
job 58_TGAMMA_84 started 1789899828751 core=5
job 89_XPY_48 end 1789899838310
job 90_DOT_36 started 1789899838310 core=5
job 58_TGAMMA_84 end 1789899845038
job 59_TGAMMA_120 started 1789899845038 core=5
job 90_DOT_36 end 1789899858284
job 91_COPY_60 started 1789899858284 core=5
job 59_TGAMMA_120 end 1789899868264
job 60_TGAMMA_120 started 1789899868264 core=5
job 60_TGAMMA_120 end 1789899891792
job 61_TGAMMA_48 started 1789899891792 core=5
job 91_COPY_60 end 1789899894804
job 92_COPY_60 started 1789899894804 core=5
job 61_TGAMMA_48 end 1789899901193
job 62_TGAMMA_48 started 1789899901193 core=5
job 62_TGAMMA_48 end 1789899910612
job 63_TGAMMA_12 started 1789899910612 core=5
job 63_TGAMMA_12 end 1789899912972
job 64_TGAMMA_72 started 1789899912972 core=5
job 64_TGAMMA_72 end 1789899926979
job 65_TGAMMA_36 started 1789899926979 core=5
job 92_COPY_60 end 1789899931453
job 93_DOT_84 started 1789899931453 core=5
job 65_TGAMMA_36 end 1789899934002
job 66_TGAMMA_60 started 1789899934002 core=5
job 66_TGAMMA_60 end 1789899945609
job 93_DOT_84 end 1789899971848
job 94_COPY_84 started 1789899971848 core=5
job 94_COPY_84 end 1789900010761
job 95_SUM_108 started 1789900010761 core=5
job 95_SUM_108 end 1789900031161
job 96_DOT_36 started 1789900031161 core=5
job 96_DOT_36 end 1789900044864
job 97_SUM_108 started 1789900044864 core=5
job 97_SUM_108 end 1789900065253
job 98_DOT_84 started 1789900065253 core=5
job 98_DOT_84 end 1789900097261
job 99_XPY_48 started 1789900097261 core=5
job 99_XPY_48 end 1789900119568
  итерация 0: 1069741 ms
  среднее по 1 итерациям: 1069741 ms
  реальных ожиданий свободного ядра: 0  (блокировок в задачах не было)
=== Выполняется проект: two_chain_23.txt (100 работ, перестановка ORDER) ===
fake 3 started 1789900119569 delay_ms=1
fake 2 started 1789900119569 delay_ms=0
fake 2 end 1789900119569
fake 0 started 1789900119569 delay_ms=0
fake 0 end 1789900119569
fake 1 started 1789900119569 delay_ms=0
fake 1 end 1789900119569
job 71_SUM_84 started 1789900119569 core=5
job 0_TGAMMA_12 started 1789900119569 core=4
fake 3 end 1789900119582
job 0_TGAMMA_12 end 1789900121875
job 1_TGAMMA_72 started 1789900121875 core=4
job 1_TGAMMA_72 end 1789900135791
job 2_TGAMMA_96 started 1789900135791 core=4
job 71_SUM_84 end 1789900143694
job 72_XPY_60 started 1789900143694 core=5
job 2_TGAMMA_96 end 1789900154486
job 3_TGAMMA_12 started 1789900154486 core=4
job 3_TGAMMA_12 end 1789900156839
job 4_TGAMMA_36 started 1789900156839 core=4
job 4_TGAMMA_36 end 1789900163958
job 5_TGAMMA_60 started 1789900163958 core=4
job 5_TGAMMA_60 end 1789900175613
job 6_TGAMMA_72 started 1789900175613 core=4
job 72_XPY_60 end 1789900181789
job 73_COPY_84 started 1789900181789 core=5
job 6_TGAMMA_72 end 1789900189584
job 7_TGAMMA_12 started 1789900189584 core=4
job 7_TGAMMA_12 end 1789900191922
job 8_TGAMMA_48 started 1789900191922 core=4
job 8_TGAMMA_48 end 1789900201317
job 9_TGAMMA_36 started 1789900201317 core=4
job 9_TGAMMA_36 end 1789900208314
job 10_TGAMMA_36 started 1789900208314 core=4
job 10_TGAMMA_36 end 1789900215384
job 11_TGAMMA_96 started 1789900215384 core=4
job 73_COPY_84 end 1789900233077
job 74_SUM_132 started 1789900233077 core=5
job 11_TGAMMA_96 end 1789900234157
job 12_TGAMMA_96 started 1789900234157 core=4
job 12_TGAMMA_96 end 1789900252699
job 13_TGAMMA_96 started 1789900252699 core=4
job 74_SUM_132 end 1789900270875
job 75_COPY_60 started 1789900270875 core=5
job 13_TGAMMA_96 end 1789900271364
job 14_TGAMMA_36 started 1789900271364 core=4
job 14_TGAMMA_36 end 1789900278388
job 15_TGAMMA_48 started 1789900278389 core=4
job 15_TGAMMA_48 end 1789900287847
job 16_TGAMMA_84 started 1789900287847 core=4
job 16_TGAMMA_84 end 1789900304180
job 17_TGAMMA_72 started 1789900304180 core=4
job 75_COPY_60 end 1789900307475
job 76_SUM_108 started 1789900307476 core=5
job 17_TGAMMA_72 end 1789900318093
job 18_TGAMMA_24 started 1789900318093 core=4
job 18_TGAMMA_24 end 1789900322709
job 19_TGAMMA_84 started 1789900322709 core=4
job 76_SUM_108 end 1789900338387
job 77_COPY_60 started 1789900338387 core=5
job 19_TGAMMA_84 end 1789900338901
job 20_TGAMMA_36 started 1789900338901 core=4
job 20_TGAMMA_36 end 1789900345895
job 21_TGAMMA_12 started 1789900345895 core=4
job 21_TGAMMA_12 end 1789900348232
job 22_TGAMMA_24 started 1789900348232 core=4
job 22_TGAMMA_24 end 1789900352891
job 23_TGAMMA_120 started 1789900352891 core=4
job 77_COPY_60 end 1789900375046
job 78_XPY_48 started 1789900375046 core=5
job 23_TGAMMA_120 end 1789900376269
job 24_TGAMMA_48 started 1789900376269 core=4
job 24_TGAMMA_48 end 1789900385650
job 25_TGAMMA_120 started 1789900385650 core=4
job 78_XPY_48 end 1789900405765
job 79_SUM_132 started 1789900405765 core=5
job 25_TGAMMA_120 end 1789900409111
job 26_TGAMMA_96 started 1789900409112 core=4
job 26_TGAMMA_96 end 1789900427759
job 27_TGAMMA_84 started 1789900427759 core=4
job 79_SUM_132 end 1789900443494
job 80_XPY_48 started 1789900443494 core=5
job 27_TGAMMA_84 end 1789900443976
job 28_TGAMMA_84 started 1789900443976 core=4
job 28_TGAMMA_84 end 1789900460268
job 29_TGAMMA_60 started 1789900460268 core=4
job 29_TGAMMA_60 end 1789900471919
job 30_TGAMMA_48 started 1789900471919 core=4
job 80_XPY_48 end 1789900473986
job 81_DOT_84 started 1789900473986 core=5
job 30_TGAMMA_48 end 1789900481393
job 31_TGAMMA_96 started 1789900481393 core=4
job 31_TGAMMA_96 end 1789900500068
job 32_TGAMMA_108 started 1789900500069 core=4
job 81_DOT_84 end 1789900521119
job 82_SUM_132 started 1789900521120 core=5
job 32_TGAMMA_108 end 1789900521177
job 33_TGAMMA_72 started 1789900521177 core=4
job 33_TGAMMA_72 end 1789900535073
job 34_TGAMMA_60 started 1789900535073 core=4
job 34_TGAMMA_60 end 1789900546640
job 35_TGAMMA_36 started 1789900546640 core=4
job 35_TGAMMA_36 end 1789900553601
job 36_TGAMMA_24 started 1789900553602 core=4
job 36_TGAMMA_24 end 1789900558228
job 37_TGAMMA_108 started 1789900558228 core=4
job 82_SUM_132 end 1789900558954
job 83_XPY_48 started 1789900558954 core=5
job 37_TGAMMA_108 end 1789900579363
job 38_TGAMMA_12 started 1789900579364 core=4
job 38_TGAMMA_12 end 1789900581694
job 39_TGAMMA_12 started 1789900581694 core=4
job 39_TGAMMA_12 end 1789900584047
job 40_TGAMMA_96 started 1789900584047 core=4
job 83_XPY_48 end 1789900589531
job 84_DOT_36 started 1789900589532 core=5
job 40_TGAMMA_96 end 1789900602834
job 41_TGAMMA_84 started 1789900602834 core=4
job 84_DOT_36 end 1789900609667
job 85_DOT_84 started 1789900609668 core=5
job 41_TGAMMA_84 end 1789900619066
job 42_TGAMMA_108 started 1789900619066 core=4
job 42_TGAMMA_108 end 1789900640172
job 43_TGAMMA_108 started 1789900640172 core=4
job 85_DOT_84 end 1789900656922
job 86_COPY_84 started 1789900656923 core=5
job 43_TGAMMA_108 end 1789900661052
job 44_TGAMMA_108 started 1789900661052 core=4
job 44_TGAMMA_108 end 1789900682127
job 45_TGAMMA_108 started 1789900682127 core=4
job 45_TGAMMA_108 end 1789900703126
job 46_TGAMMA_96 started 1789900703126 core=4
job 86_COPY_84 end 1789900708231
job 87_COPY_84 started 1789900708231 core=5
job 46_TGAMMA_96 end 1789900721914
job 47_TGAMMA_108 started 1789900721915 core=4
job 47_TGAMMA_108 end 1789900742908
job 48_TGAMMA_96 started 1789900742909 core=4
job 87_COPY_84 end 1789900759501
job 88_COPY_84 started 1789900759501 core=5
job 48_TGAMMA_96 end 1789900761622
job 49_TGAMMA_24 started 1789900761622 core=4
job 49_TGAMMA_24 end 1789900766280
job 50_TGAMMA_36 started 1789900766280 core=4
job 50_TGAMMA_36 end 1789900773349
job 51_TGAMMA_84 started 1789900773349 core=4
job 51_TGAMMA_84 end 1789900789660
job 52_TGAMMA_60 started 1789900789660 core=4
job 52_TGAMMA_60 end 1789900801319
job 53_TGAMMA_84 started 1789900801319 core=4
job 88_COPY_84 end 1789900810788
job 89_COPY_84 started 1789900810788 core=5
job 53_TGAMMA_84 end 1789900817756
job 54_TGAMMA_24 started 1789900817756 core=4
job 54_TGAMMA_24 end 1789900822447
job 55_TGAMMA_48 started 1789900822447 core=4
job 55_TGAMMA_48 end 1789900831841
job 56_TGAMMA_24 started 1789900831841 core=4
job 56_TGAMMA_24 end 1789900836533
job 57_TGAMMA_24 started 1789900836533 core=4
job 57_TGAMMA_24 end 1789900841213
job 58_TGAMMA_84 started 1789900841213 core=4
job 58_TGAMMA_84 end 1789900857541
job 59_TGAMMA_12 started 1789900857541 core=4
job 59_TGAMMA_12 end 1789900859879
job 60_TGAMMA_72 started 1789900859880 core=4
job 89_COPY_84 end 1789900862052
job 90_SUM_84 started 1789900862053 core=5
job 60_TGAMMA_72 end 1789900873833
job 61_TGAMMA_72 started 1789900873833 core=4
job 90_SUM_84 end 1789900886101
job 91_COPY_84 started 1789900886101 core=5
job 61_TGAMMA_72 end 1789900887709
job 62_TGAMMA_12 started 1789900887709 core=4
job 62_TGAMMA_12 end 1789900890049
job 63_TGAMMA_96 started 1789900890049 core=4
job 63_TGAMMA_96 end 1789900908862
job 64_TGAMMA_60 started 1789900908862 core=4
job 64_TGAMMA_60 end 1789900920531
job 65_TGAMMA_12 started 1789900920531 core=4
job 65_TGAMMA_12 end 1789900922868
job 66_TGAMMA_12 started 1789900922868 core=4
job 66_TGAMMA_12 end 1789900925205
job 67_TGAMMA_60 started 1789900925205 core=4
job 67_TGAMMA_60 end 1789900936866
job 68_TGAMMA_72 started 1789900936866 core=4
job 91_COPY_84 end 1789900937391
job 92_SUM_108 started 1789900937391 core=5
job 68_TGAMMA_72 end 1789900950773
job 69_TGAMMA_84 started 1789900950773 core=4
job 69_TGAMMA_84 end 1789900967012
job 70_TGAMMA_84 started 1789900967012 core=4
job 92_SUM_108 end 1789900968382
job 93_COPY_84 started 1789900968382 core=5
job 70_TGAMMA_84 end 1789900983299
job 93_COPY_84 end 1789901010854
job 94_SUM_132 started 1789901010855 core=5
job 94_SUM_132 end 1789901042190
job 95_SUM_84 started 1789901042191 core=5
job 95_SUM_84 end 1789901058081
job 96_SUM_132 started 1789901058082 core=5
job 96_SUM_132 end 1789901083033
job 97_XPY_60 started 1789901083033 core=5
job 97_XPY_60 end 1789901110896
job 98_SUM_84 started 1789901110896 core=5
job 98_SUM_84 end 1789901126781
job 99_SUM_84 started 1789901126781 core=5
job 99_SUM_84 end 1789901142647
  итерация 0: 1023077 ms
  среднее по 1 итерациям: 1023077 ms
  реальных ожиданий свободного ядра: 0  (блокировок в задачах не было)
=== Выполняется проект: two_chain_24.txt (100 работ, перестановка ORDER) ===
fake 3 started 1789901142647 delay_ms=1
fake 2 started 1789901142647 delay_ms=0
fake 2 end 1789901142647
fake 0 started 1789901142647 delay_ms=0
fake 0 end 1789901142647
fake 1 started 1789901142647 delay_ms=0
fake 1 end 1789901142647
job 67_SUM_132 started 1789901142647 core=5
job 0_TGAMMA_84 started 1789901142647 core=1
fake 3 end 1789901142659
job 0_TGAMMA_84 end 1789901158830
job 1_TGAMMA_12 started 1789901158830 core=1
job 1_TGAMMA_12 end 1789901161137
job 2_TGAMMA_60 started 1789901161137 core=1
job 2_TGAMMA_60 end 1789901172685
job 3_TGAMMA_108 started 1789901172685 core=1
job 67_SUM_132 end 1789901180428
job 68_SUM_84 started 1789901180429 core=5
job 3_TGAMMA_108 end 1789901193469
job 4_TGAMMA_48 started 1789901193469 core=1
job 4_TGAMMA_48 end 1789901202784
job 5_TGAMMA_48 started 1789901202784 core=1
job 68_SUM_84 end 1789901204458
job 69_DOT_36 started 1789901204458 core=5
job 5_TGAMMA_48 end 1789901212113
job 6_TGAMMA_84 started 1789901212114 core=1
job 69_DOT_36 end 1789901224455
job 70_DOT_36 started 1789901224455 core=5
job 6_TGAMMA_84 end 1789901228345
job 7_TGAMMA_72 started 1789901228346 core=1
job 7_TGAMMA_72 end 1789901242255
job 8_TGAMMA_84 started 1789901242256 core=1
job 70_DOT_36 end 1789901244476
job 71_DOT_36 started 1789901244476 core=5
job 8_TGAMMA_84 end 1789901258477
job 9_TGAMMA_36 started 1789901258477 core=1
job 71_DOT_36 end 1789901264453
job 72_DOT_84 started 1789901264453 core=5
job 9_TGAMMA_36 end 1789901265420
job 10_TGAMMA_72 started 1789901265420 core=1
job 10_TGAMMA_72 end 1789901279334
job 11_TGAMMA_36 started 1789901279335 core=1
job 11_TGAMMA_36 end 1789901286296
job 12_TGAMMA_24 started 1789901286296 core=1
job 12_TGAMMA_24 end 1789901290987
job 13_TGAMMA_84 started 1789901290987 core=1
job 13_TGAMMA_84 end 1789901307214
job 14_TGAMMA_36 started 1789901307214 core=1
job 72_DOT_84 end 1789901311644
job 73_SUM_108 started 1789901311644 core=5
job 14_TGAMMA_36 end 1789901314151
job 15_TGAMMA_96 started 1789901314152 core=1
job 15_TGAMMA_96 end 1789901332708
job 16_TGAMMA_12 started 1789901332708 core=1
job 16_TGAMMA_12 end 1789901335018
job 17_TGAMMA_120 started 1789901335018 core=1
job 73_SUM_108 end 1789901342584
job 74_XPY_48 started 1789901342584 core=5
job 17_TGAMMA_120 end 1789901358197
job 18_TGAMMA_24 started 1789901358197 core=1
job 18_TGAMMA_24 end 1789901362852
job 19_TGAMMA_108 started 1789901362853 core=1
job 74_XPY_48 end 1789901373333
job 75_XPY_60 started 1789901373333 core=5
job 19_TGAMMA_108 end 1789901383827
job 20_TGAMMA_60 started 1789901383827 core=1
job 20_TGAMMA_60 end 1789901395484
job 21_TGAMMA_60 started 1789901395485 core=1
job 21_TGAMMA_60 end 1789901407139
job 22_TGAMMA_60 started 1789901407139 core=1
job 75_XPY_60 end 1789901411481
job 76_XPY_48 started 1789901411481 core=5
job 22_TGAMMA_60 end 1789901418777
job 23_TGAMMA_120 started 1789901418777 core=1
job 76_XPY_48 end 1789901441914
job 77_SUM_132 started 1789901441914 core=5
job 23_TGAMMA_120 end 1789901442049
job 24_TGAMMA_60 started 1789901442050 core=1
job 24_TGAMMA_60 end 1789901453626
job 25_TGAMMA_12 started 1789901453627 core=1
job 25_TGAMMA_12 end 1789901455938
job 26_TGAMMA_60 started 1789901455939 core=1
job 26_TGAMMA_60 end 1789901467504
job 27_TGAMMA_108 started 1789901467504 core=1
job 77_SUM_132 end 1789901479715
job 78_DOT_36 started 1789901479715 core=5
job 27_TGAMMA_108 end 1789901488341
job 28_TGAMMA_96 started 1789901488341 core=1
job 78_DOT_36 end 1789901499931
job 79_DOT_84 started 1789901499931 core=5
job 28_TGAMMA_96 end 1789901507017
job 29_TGAMMA_108 started 1789901507017 core=1
job 29_TGAMMA_108 end 1789901527882
job 30_TGAMMA_72 started 1789901527883 core=1
job 30_TGAMMA_72 end 1789901541806
job 31_TGAMMA_72 started 1789901541806 core=1
job 79_DOT_84 end 1789901547128
job 80_XPY_60 started 1789901547128 core=5
job 31_TGAMMA_72 end 1789901555732
job 32_TGAMMA_72 started 1789901555732 core=1
job 32_TGAMMA_72 end 1789901569716
job 33_TGAMMA_72 started 1789901569716 core=1
job 33_TGAMMA_72 end 1789901583691
job 34_TGAMMA_120 started 1789901583692 core=1
job 80_XPY_60 end 1789901585258
job 81_DOT_84 started 1789901585258 core=5
job 34_TGAMMA_120 end 1789901606872
job 35_TGAMMA_120 started 1789901606872 core=1
job 35_TGAMMA_120 end 1789901630029
job 36_TGAMMA_48 started 1789901630029 core=1
job 81_DOT_84 end 1789901632500
job 82_XPY_60 started 1789901632500 core=5
job 36_TGAMMA_48 end 1789901639370
job 37_TGAMMA_120 started 1789901639371 core=1
job 37_TGAMMA_120 end 1789901662646
job 38_TGAMMA_36 started 1789901662646 core=1
job 38_TGAMMA_36 end 1789901669629
job 39_TGAMMA_96 started 1789901669629 core=5
job 82_XPY_60 end 1789901670627
job 83_DOT_36 started 1789901670627 core=5
job 39_TGAMMA_96 end 1789901688428
job 40_TGAMMA_12 started 1789901688428 core=1
job 83_DOT_36 end 1789901690611
job 84_XPY_48 started 1789901690612 core=5
job 40_TGAMMA_12 end 1789901690776
job 41_TGAMMA_60 started 1789901690776 core=1
job 41_TGAMMA_60 end 1789901702409
job 42_TGAMMA_96 started 1789901702409 core=1
job 84_XPY_48 end 1789901721164
job 85_COPY_60 started 1789901721165 core=5
job 42_TGAMMA_96 end 1789901721254
job 43_TGAMMA_48 started 1789901721254 core=1
job 43_TGAMMA_48 end 1789901730565
job 44_TGAMMA_12 started 1789901730566 core=1
job 44_TGAMMA_12 end 1789901732908
job 45_TGAMMA_24 started 1789901732908 core=1
job 45_TGAMMA_24 end 1789901737597
job 46_TGAMMA_96 started 1789901737598 core=1
job 46_TGAMMA_96 end 1789901756333
job 47_TGAMMA_120 started 1789901756333 core=1
job 85_COPY_60 end 1789901757858
job 86_DOT_84 started 1789901757858 core=5
job 47_TGAMMA_120 end 1789901779725
job 48_TGAMMA_48 started 1789901779725 core=1
job 48_TGAMMA_48 end 1789901789050
job 49_TGAMMA_84 started 1789901789051 core=1
job 86_DOT_84 end 1789901805068
job 87_SUM_84 started 1789901805069 core=5
job 49_TGAMMA_84 end 1789901805283
job 50_TGAMMA_72 started 1789901805283 core=1
job 50_TGAMMA_72 end 1789901819175
job 51_TGAMMA_48 started 1789901819175 core=1
job 51_TGAMMA_48 end 1789901828489
job 52_TGAMMA_84 started 1789901828490 core=1
job 87_SUM_84 end 1789901829117
job 88_SUM_108 started 1789901829117 core=5
job 52_TGAMMA_84 end 1789901844675
job 53_TGAMMA_84 started 1789901844675 core=1
job 88_SUM_108 end 1789901859987
job 89_DOT_84 started 1789901859987 core=5
job 53_TGAMMA_84 end 1789901860854
job 54_TGAMMA_48 started 1789901860854 core=1
job 54_TGAMMA_48 end 1789901870186
job 55_TGAMMA_36 started 1789901870186 core=1
job 55_TGAMMA_36 end 1789901877141
job 56_TGAMMA_96 started 1789901877141 core=1
job 56_TGAMMA_96 end 1789901895809
job 57_TGAMMA_120 started 1789901895809 core=1
job 89_DOT_84 end 1789901907184
job 90_SUM_84 started 1789901907184 core=5
job 57_TGAMMA_120 end 1789901918961
job 58_TGAMMA_96 started 1789901918961 core=1
job 90_SUM_84 end 1789901931229
job 91_SUM_84 started 1789901931230 core=5
job 58_TGAMMA_96 end 1789901937611
job 59_TGAMMA_36 started 1789901937611 core=1
job 59_TGAMMA_36 end 1789901944543
job 60_TGAMMA_108 started 1789901944544 core=1
job 91_SUM_84 end 1789901955252
job 92_SUM_84 started 1789901955253 core=5
job 60_TGAMMA_108 end 1789901965353
job 61_TGAMMA_60 started 1789901965353 core=1
job 61_TGAMMA_60 end 1789901976917
job 62_TGAMMA_12 started 1789901976917 core=1
job 62_TGAMMA_12 end 1789901979228
job 63_TGAMMA_36 started 1789901979228 core=1
job 92_SUM_84 end 1789901979258
job 93_SUM_108 started 1789901979259 core=5
job 63_TGAMMA_36 end 1789901986155
job 64_TGAMMA_84 started 1789901986155 core=1
job 64_TGAMMA_84 end 1789902002344
job 65_TGAMMA_108 started 1789902002344 core=1
job 93_SUM_108 end 1789902010178
job 94_COPY_60 started 1789902010178 core=5
job 65_TGAMMA_108 end 1789902023227
job 66_TGAMMA_120 started 1789902023227 core=1
job 66_TGAMMA_120 end 1789902046523
job 94_COPY_60 end 1789902046688
job 95_SUM_108 started 1789902046688 core=5
job 95_SUM_108 end 1789902072340
job 96_XPY_60 started 1789902072340 core=1
job 96_XPY_60 end 1789902100208
job 97_XPY_60 started 1789902100208 core=1
job 97_XPY_60 end 1789902128071
job 98_DOT_84 started 1789902128071 core=1
job 98_DOT_84 end 1789902160059
job 99_COPY_60 started 1789902160059 core=1
job 99_COPY_60 end 1789902187700
  итерация 0: 1045053 ms
  среднее по 1 итерациям: 1045053 ms
  реальных ожиданий свободного ядра: 0  (блокировок в задачах не было)
=== Выполняется проект: two_chain_25.txt (100 работ, перестановка ORDER) ===
fake 3 started 1789902187701 delay_ms=1
fake 2 started 1789902187701 delay_ms=0
fake 2 end 1789902187701
fake 0 started 1789902187701 delay_ms=0
fake 1 started 1789902187701 delay_ms=0
fake 1 end 1789902187701
fake 0 end 1789902187701
job 0_TGAMMA_24 started 1789902187701 core=5
job 69_DOT_84 started 1789902187701 core=5
fake 3 end 1789902187712
job 0_TGAMMA_24 end 1789902192417
job 1_TGAMMA_60 started 1789902192417 core=5
job 1_TGAMMA_60 end 1789902204166
job 2_TGAMMA_48 started 1789902204166 core=5
job 2_TGAMMA_48 end 1789902213524
job 3_TGAMMA_48 started 1789902213524 core=5
job 3_TGAMMA_48 end 1789902223019
job 4_TGAMMA_72 started 1789902223019 core=5
job 69_DOT_84 end 1789902234768
job 70_SUM_108 started 1789902234768 core=5
job 4_TGAMMA_72 end 1789902236940
job 5_TGAMMA_12 started 1789902236940 core=5
job 5_TGAMMA_12 end 1789902239268
job 6_TGAMMA_60 started 1789902239268 core=5
job 6_TGAMMA_60 end 1789902250852
job 7_TGAMMA_96 started 1789902250852 core=5
job 70_SUM_108 end 1789902265705
job 71_COPY_84 started 1789902265705 core=5
job 7_TGAMMA_96 end 1789902269443
job 8_TGAMMA_72 started 1789902269443 core=5
job 8_TGAMMA_72 end 1789902283438
job 9_TGAMMA_36 started 1789902283438 core=5
job 9_TGAMMA_36 end 1789902290477
job 10_TGAMMA_36 started 1789902290477 core=5
job 10_TGAMMA_36 end 1789902297494
job 11_TGAMMA_96 started 1789902297494 core=5
job 11_TGAMMA_96 end 1789902316246
job 12_TGAMMA_48 started 1789902316246 core=5
job 71_COPY_84 end 1789902317016
job 72_XPY_48 started 1789902317016 core=5
job 12_TGAMMA_48 end 1789902325764
job 13_TGAMMA_48 started 1789902325764 core=5
job 13_TGAMMA_48 end 1789902335155
job 14_TGAMMA_72 started 1789902335155 core=5
job 72_XPY_48 end 1789902347310
job 73_SUM_84 started 1789902347310 core=5
job 14_TGAMMA_72 end 1789902349260
job 15_TGAMMA_12 started 1789902349260 core=5
job 15_TGAMMA_12 end 1789902351589
job 16_TGAMMA_48 started 1789902351589 core=5
job 16_TGAMMA_48 end 1789902360948
job 17_TGAMMA_60 started 1789902360948 core=5
job 73_SUM_84 end 1789902371299
job 74_COPY_60 started 1789902371300 core=5
job 17_TGAMMA_60 end 1789902372542
job 18_TGAMMA_12 started 1789902372542 core=5
job 18_TGAMMA_12 end 1789902374897
job 19_TGAMMA_72 started 1789902374897 core=5
job 19_TGAMMA_72 end 1789902388905
job 20_TGAMMA_120 started 1789902388905 core=5
job 74_COPY_60 end 1789902407969
job 75_DOT_36 started 1789902407969 core=5
job 20_TGAMMA_120 end 1789902412306
job 21_TGAMMA_84 started 1789902412306 core=5
job 75_DOT_36 end 1789902428170
job 76_SUM_108 started 1789902428170 core=5
job 21_TGAMMA_84 end 1789902428545
job 22_TGAMMA_48 started 1789902428545 core=5
job 22_TGAMMA_48 end 1789902437848
job 23_TGAMMA_60 started 1789902437848 core=5
job 23_TGAMMA_60 end 1789902449433
job 24_TGAMMA_84 started 1789902449433 core=5
job 76_SUM_108 end 1789902459063
job 77_DOT_84 started 1789902459063 core=5
job 24_TGAMMA_84 end 1789902465644
job 25_TGAMMA_24 started 1789902465644 core=5
job 25_TGAMMA_24 end 1789902470358
job 26_TGAMMA_24 started 1789902470358 core=5
job 26_TGAMMA_24 end 1789902475075
job 27_TGAMMA_96 started 1789902475075 core=5
job 27_TGAMMA_96 end 1789902493753
job 28_TGAMMA_36 started 1789902493753 core=5
job 28_TGAMMA_36 end 1789902500717
job 29_TGAMMA_72 started 1789902500717 core=5
job 77_DOT_84 end 1789902506333
job 78_DOT_36 started 1789902506333 core=5
job 29_TGAMMA_72 end 1789902514628
job 30_TGAMMA_12 started 1789902514628 core=5
job 30_TGAMMA_12 end 1789902516989
job 31_TGAMMA_120 started 1789902516989 core=5
job 78_DOT_36 end 1789902526642
job 79_SUM_108 started 1789902526642 core=5
job 31_TGAMMA_120 end 1789902540337
job 32_TGAMMA_48 started 1789902540337 core=5
job 32_TGAMMA_48 end 1789902549678
job 33_TGAMMA_84 started 1789902549678 core=5
job 79_SUM_108 end 1789902557530
job 80_DOT_36 started 1789902557530 core=5
job 33_TGAMMA_84 end 1789902565970
job 34_TGAMMA_120 started 1789902565970 core=5
job 80_DOT_36 end 1789902577744
job 81_SUM_108 started 1789902577744 core=5
job 34_TGAMMA_120 end 1789902589230
job 35_TGAMMA_36 started 1789902589230 core=5
job 35_TGAMMA_36 end 1789902596176
job 36_TGAMMA_96 started 1789902596176 core=5
job 81_SUM_108 end 1789902608667
job 82_DOT_84 started 1789902608667 core=5
job 36_TGAMMA_96 end 1789902614837
job 37_TGAMMA_24 started 1789902614837 core=5
job 37_TGAMMA_24 end 1789902619542
job 38_TGAMMA_108 started 1789902619542 core=5
job 38_TGAMMA_108 end 1789902640421
job 39_TGAMMA_120 started 1789902640421 core=5
job 82_DOT_84 end 1789902655919
job 83_XPY_60 started 1789902655919 core=5
job 39_TGAMMA_120 end 1789902663993
job 40_TGAMMA_48 started 1789902663993 core=5
job 40_TGAMMA_48 end 1789902673384
job 41_TGAMMA_48 started 1789902673384 core=5
job 41_TGAMMA_48 end 1789902682718
job 42_TGAMMA_72 started 1789902682718 core=5
job 83_XPY_60 end 1789902694282
job 84_COPY_60 started 1789902694282 core=5
job 42_TGAMMA_72 end 1789902696716
job 43_TGAMMA_96 started 1789902696716 core=5
job 43_TGAMMA_96 end 1789902715460
job 44_TGAMMA_12 started 1789902715460 core=5
job 44_TGAMMA_12 end 1789902717802
job 45_TGAMMA_24 started 1789902717802 core=5
job 45_TGAMMA_24 end 1789902722511
job 46_TGAMMA_72 started 1789902722511 core=5
job 84_COPY_60 end 1789902730889
job 85_SUM_84 started 1789902730890 core=5
job 46_TGAMMA_72 end 1789902736476
job 47_TGAMMA_120 started 1789902736476 core=5
job 85_SUM_84 end 1789902754951
job 86_COPY_84 started 1789902754952 core=5
job 47_TGAMMA_120 end 1789902759613
job 48_TGAMMA_120 started 1789902759613 core=5
job 48_TGAMMA_120 end 1789902782948
job 49_TGAMMA_36 started 1789902782948 core=5
job 49_TGAMMA_36 end 1789902789988
job 50_TGAMMA_48 started 1789902789988 core=5
job 50_TGAMMA_48 end 1789902799341
job 51_TGAMMA_120 started 1789902799341 core=5
job 86_COPY_84 end 1789902806257
job 87_COPY_84 started 1789902806257 core=5
job 51_TGAMMA_120 end 1789902822645
job 52_TGAMMA_96 started 1789902822645 core=5
job 52_TGAMMA_96 end 1789902841385
job 53_TGAMMA_108 started 1789902841385 core=5
job 87_COPY_84 end 1789902857527
job 88_XPY_48 started 1789902857528 core=5
job 53_TGAMMA_108 end 1789902862483
job 54_TGAMMA_84 started 1789902862483 core=5
job 54_TGAMMA_84 end 1789902878995
job 55_TGAMMA_120 started 1789902878995 core=5
job 88_XPY_48 end 1789902888045
job 89_SUM_132 started 1789902888046 core=5
job 55_TGAMMA_120 end 1789902902232
job 56_TGAMMA_48 started 1789902902232 core=5
job 56_TGAMMA_48 end 1789902911578
job 57_TGAMMA_72 started 1789902911578 core=5
job 57_TGAMMA_72 end 1789902925473
job 58_TGAMMA_108 started 1789902925473 core=5
job 89_SUM_132 end 1789902925787
job 90_SUM_132 started 1789902925787 core=5
job 58_TGAMMA_108 end 1789902946361
job 59_TGAMMA_24 started 1789902946361 core=5
job 59_TGAMMA_24 end 1789902951009
job 60_TGAMMA_96 started 1789902951009 core=5
job 90_SUM_132 end 1789902963598
job 91_DOT_84 started 1789902963598 core=5
job 60_TGAMMA_96 end 1789902969632
job 61_TGAMMA_96 started 1789902969632 core=5
job 61_TGAMMA_96 end 1789902988412
job 62_TGAMMA_24 started 1789902988412 core=5
job 62_TGAMMA_24 end 1789902993067
job 63_TGAMMA_108 started 1789902993067 core=5
job 91_DOT_84 end 1789903010693
job 92_SUM_132 started 1789903010693 core=5
job 63_TGAMMA_108 end 1789903014244
job 64_TGAMMA_108 started 1789903014244 core=5
job 64_TGAMMA_108 end 1789903035092
job 65_TGAMMA_96 started 1789903035092 core=5
job 92_SUM_132 end 1789903048475
job 93_DOT_84 started 1789903048476 core=5
job 65_TGAMMA_96 end 1789903053691
job 66_TGAMMA_36 started 1789903053691 core=5
job 66_TGAMMA_36 end 1789903060660
job 67_TGAMMA_12 started 1789903060660 core=5
job 67_TGAMMA_12 end 1789903062996
job 68_TGAMMA_36 started 1789903062996 core=5
job 68_TGAMMA_36 end 1789903069965
job 93_DOT_84 end 1789903090342
job 94_XPY_60 started 1789903090342 core=5
job 94_XPY_60 end 1789903120137
job 95_SUM_84 started 1789903120137 core=5
job 95_SUM_84 end 1789903136022
job 96_COPY_60 started 1789903136022 core=5
job 96_COPY_60 end 1789903163669
job 97_SUM_108 started 1789903163669 core=5
job 97_SUM_108 end 1789903184069
job 98_DOT_84 started 1789903184069 core=5
job 98_DOT_84 end 1789903216059
job 99_SUM_132 started 1789903216060 core=5
job 99_SUM_132 end 1789903241010
  итерация 0: 1053309 ms
  среднее по 1 итерациям: 1053309 ms
  реальных ожиданий свободного ядра: 0  (блокировок в задачах не было)
=== Выполняется проект: two_chain_26.txt (100 работ, перестановка ORDER) ===
fake 3 started 1789903241011 delay_ms=1
fake 2 started 1789903241011 delay_ms=0
fake 2 end 1789903241011
fake 1 started 1789903241011 delay_ms=0
fake 0 started 1789903241011 delay_ms=0
fake 0 end 1789903241011
fake 1 end 1789903241011
job 70_SUM_84 started 1789903241011 core=5
job 0_TGAMMA_120 started 1789903241012 core=4
fake 3 end 1789903241024
job 0_TGAMMA_120 end 1789903264121
job 1_TGAMMA_12 started 1789903264121 core=4
job 70_SUM_84 end 1789903265097
job 71_XPY_60 started 1789903265097 core=5
job 1_TGAMMA_12 end 1789903266435
job 2_TGAMMA_84 started 1789903266435 core=4
job 2_TGAMMA_84 end 1789903282947
job 3_TGAMMA_24 started 1789903282948 core=4
job 3_TGAMMA_24 end 1789903287667
job 4_TGAMMA_108 started 1789903287667 core=4
job 71_XPY_60 end 1789903302990
job 72_COPY_84 started 1789903302990 core=5
job 4_TGAMMA_108 end 1789903308903
job 5_TGAMMA_60 started 1789903308903 core=4
job 5_TGAMMA_60 end 1789903320639
job 6_TGAMMA_120 started 1789903320639 core=4
job 6_TGAMMA_120 end 1789903344030
job 7_TGAMMA_60 started 1789903344031 core=4
job 72_COPY_84 end 1789903354204
job 73_COPY_60 started 1789903354205 core=5
job 7_TGAMMA_60 end 1789903355721
job 8_TGAMMA_108 started 1789903355721 core=4
job 8_TGAMMA_108 end 1789903376824
job 9_TGAMMA_36 started 1789903376824 core=4
job 9_TGAMMA_36 end 1789903383850
job 10_TGAMMA_36 started 1789903383850 core=4
job 73_COPY_60 end 1789903390766
job 74_COPY_84 started 1789903390766 core=5
job 10_TGAMMA_36 end 1789903390852
job 11_TGAMMA_120 started 1789903390853 core=4
job 11_TGAMMA_120 end 1789903414270
job 12_TGAMMA_48 started 1789903414270 core=4
job 12_TGAMMA_48 end 1789903423738
job 13_TGAMMA_48 started 1789903423738 core=4
job 13_TGAMMA_48 end 1789903433126
job 14_TGAMMA_60 started 1789903433126 core=4
job 74_COPY_84 end 1789903442028
job 75_XPY_60 started 1789903442028 core=5
job 14_TGAMMA_60 end 1789903444849
job 15_TGAMMA_24 started 1789903444850 core=4
job 15_TGAMMA_24 end 1789903449566
job 16_TGAMMA_24 started 1789903449566 core=4
job 16_TGAMMA_24 end 1789903454276
job 17_TGAMMA_12 started 1789903454276 core=4
job 17_TGAMMA_12 end 1789903456633
job 18_TGAMMA_108 started 1789903456633 core=4
job 18_TGAMMA_108 end 1789903477822
job 19_TGAMMA_108 started 1789903477822 core=4
job 75_XPY_60 end 1789903480015
job 76_DOT_84 started 1789903480015 core=5
job 19_TGAMMA_108 end 1789903499032
job 20_TGAMMA_12 started 1789903499033 core=4
job 20_TGAMMA_12 end 1789903501376
job 21_TGAMMA_36 started 1789903501376 core=4
job 21_TGAMMA_36 end 1789903508344
job 22_TGAMMA_108 started 1789903508344 core=4
job 76_DOT_84 end 1789903527049
job 77_XPY_60 started 1789903527050 core=5
job 22_TGAMMA_108 end 1789903529546
job 23_TGAMMA_96 started 1789903529546 core=4
job 23_TGAMMA_96 end 1789903548615
job 24_TGAMMA_96 started 1789903548615 core=4
job 77_XPY_60 end 1789903564895
job 78_SUM_84 started 1789903564895 core=5
job 24_TGAMMA_96 end 1789903567222
job 25_TGAMMA_84 started 1789903567222 core=4
job 25_TGAMMA_84 end 1789903583400
job 26_TGAMMA_36 started 1789903583400 core=4
job 78_SUM_84 end 1789903588905
job 79_COPY_84 started 1789903588905 core=5
job 26_TGAMMA_36 end 1789903590326
job 27_TGAMMA_84 started 1789903590326 core=4
job 27_TGAMMA_84 end 1789903606714
job 28_TGAMMA_120 started 1789903606714 core=4
job 28_TGAMMA_120 end 1789903630165
job 29_TGAMMA_84 started 1789903630165 core=4
job 79_COPY_84 end 1789903640234
job 80_SUM_132 started 1789903640234 core=5
job 29_TGAMMA_84 end 1789903646467
job 30_TGAMMA_48 started 1789903646467 core=4
job 30_TGAMMA_48 end 1789903655737
job 31_TGAMMA_84 started 1789903655737 core=4
job 31_TGAMMA_84 end 1789903671915
job 32_TGAMMA_36 started 1789903671915 core=4
job 80_SUM_132 end 1789903677957
job 81_COPY_84 started 1789903677957 core=5
job 32_TGAMMA_36 end 1789903678841
job 33_TGAMMA_120 started 1789903678841 core=4
job 33_TGAMMA_120 end 1789903702281
job 34_TGAMMA_72 started 1789903702281 core=4
job 34_TGAMMA_72 end 1789903716323
job 35_TGAMMA_24 started 1789903716323 core=4
job 35_TGAMMA_24 end 1789903721017
job 36_TGAMMA_120 started 1789903721018 core=4
job 81_COPY_84 end 1789903729323
job 82_SUM_132 started 1789903729323 core=5
job 36_TGAMMA_120 end 1789903744259
job 37_TGAMMA_36 started 1789903744259 core=4
job 37_TGAMMA_36 end 1789903751194
job 38_TGAMMA_12 started 1789903751195 core=4
job 38_TGAMMA_12 end 1789903753509
job 39_TGAMMA_12 started 1789903753509 core=4
job 39_TGAMMA_12 end 1789903755821
job 40_TGAMMA_48 started 1789903755821 core=4
job 40_TGAMMA_48 end 1789903765167
job 41_TGAMMA_24 started 1789903765167 core=4
job 82_SUM_132 end 1789903767074
job 83_SUM_132 started 1789903767074 core=5
job 41_TGAMMA_24 end 1789903769778
job 42_TGAMMA_48 started 1789903769778 core=4
job 42_TGAMMA_48 end 1789903779050
job 43_TGAMMA_24 started 1789903779050 core=4
job 43_TGAMMA_24 end 1789903783671
job 44_TGAMMA_36 started 1789903783671 core=4
job 44_TGAMMA_36 end 1789903790611
job 45_TGAMMA_108 started 1789903790611 core=4
job 83_SUM_132 end 1789903804908
job 84_DOT_36 started 1789903804908 core=5
job 45_TGAMMA_108 end 1789903811584
job 46_TGAMMA_84 started 1789903811584 core=4
job 84_DOT_36 end 1789903825048
job 85_SUM_132 started 1789903825048 core=5
job 46_TGAMMA_84 end 1789903827814
job 47_TGAMMA_12 started 1789903827815 core=4
job 47_TGAMMA_12 end 1789903830124
job 48_TGAMMA_84 started 1789903830124 core=4
job 48_TGAMMA_84 end 1789903846284
job 49_TGAMMA_108 started 1789903846284 core=4
job 85_SUM_132 end 1789903862861
job 86_SUM_108 started 1789903862861 core=5
job 49_TGAMMA_108 end 1789903867080
job 50_TGAMMA_120 started 1789903867081 core=4
job 50_TGAMMA_120 end 1789903890277
job 51_TGAMMA_72 started 1789903890277 core=4
job 86_SUM_108 end 1789903893781
job 87_COPY_84 started 1789903893781 core=5
job 51_TGAMMA_72 end 1789903904256
job 52_TGAMMA_36 started 1789903904256 core=4
job 52_TGAMMA_36 end 1789903911252
job 53_TGAMMA_96 started 1789903911252 core=4
job 53_TGAMMA_96 end 1789903929990
job 54_TGAMMA_48 started 1789903929990 core=4
job 54_TGAMMA_48 end 1789903939470
job 55_TGAMMA_96 started 1789903939470 core=4
job 87_COPY_84 end 1789903945082
job 88_XPY_48 started 1789903945082 core=5
job 55_TGAMMA_96 end 1789903958094
job 56_TGAMMA_72 started 1789903958095 core=4
job 56_TGAMMA_72 end 1789903972247
job 57_TGAMMA_108 started 1789903972247 core=4
job 88_XPY_48 end 1789903975534
job 89_COPY_60 started 1789903975534 core=5
job 57_TGAMMA_108 end 1789903993327
job 58_TGAMMA_24 started 1789903993327 core=4
job 58_TGAMMA_24 end 1789903998003
job 59_TGAMMA_60 started 1789903998003 core=4
job 59_TGAMMA_60 end 1789904009723
job 60_TGAMMA_108 started 1789904009723 core=4
job 89_COPY_60 end 1789904012111
job 90_SUM_132 started 1789904012111 core=5
job 60_TGAMMA_108 end 1789904030565
job 61_TGAMMA_96 started 1789904030565 core=4
job 61_TGAMMA_96 end 1789904049106
job 62_TGAMMA_84 started 1789904049106 core=4
job 90_SUM_132 end 1789904049936
job 91_DOT_84 started 1789904049936 core=5
job 62_TGAMMA_84 end 1789904065458
job 63_TGAMMA_84 started 1789904065459 core=4
job 63_TGAMMA_84 end 1789904081686
job 64_TGAMMA_72 started 1789904081686 core=4
job 64_TGAMMA_72 end 1789904095773
job 65_TGAMMA_24 started 1789904095773 core=4
job 91_DOT_84 end 1789904096948
job 92_XPY_48 started 1789904096948 core=5
job 65_TGAMMA_24 end 1789904100459
job 66_TGAMMA_120 started 1789904100459 core=4
job 66_TGAMMA_120 end 1789904124117
job 67_TGAMMA_36 started 1789904124117 core=4
job 92_XPY_48 end 1789904127310
job 93_SUM_108 started 1789904127310 core=5
job 67_TGAMMA_36 end 1789904131131
job 68_TGAMMA_84 started 1789904131131 core=4
job 68_TGAMMA_84 end 1789904147329
job 69_TGAMMA_12 started 1789904147330 core=4
job 69_TGAMMA_12 end 1789904149637
job 93_SUM_108 end 1789904156748
job 94_COPY_84 started 1789904156748 core=5
job 94_COPY_84 end 1789904195698
job 95_XPY_48 started 1789904195698 core=4
job 95_XPY_48 end 1789904218019
job 96_XPY_48 started 1789904218019 core=4
job 96_XPY_48 end 1789904240305
job 97_DOT_84 started 1789904240306 core=4
job 97_DOT_84 end 1789904272294
job 98_DOT_84 started 1789904272294 core=4
job 98_DOT_84 end 1789904304293
job 99_XPY_60 started 1789904304293 core=4
job 99_XPY_60 end 1789904332177
  итерация 0: 1091165 ms
  среднее по 1 итерациям: 1091165 ms
  реальных ожиданий свободного ядра: 0  (блокировок в задачах не было)
=== Выполняется проект: two_chain_27.txt (100 работ, перестановка ORDER) ===
fake 3 started 1789904332178 delay_ms=1
fake 2 started 1789904332178 delay_ms=0
fake 2 end 1789904332178
fake 1 started 1789904332178 delay_ms=0
fake 1 end 1789904332178
fake 0 started 1789904332178 delay_ms=0
fake 0 end 1789904332178
job 0_TGAMMA_12 started 1789904332178 core=5
job 67_DOT_36 started 1789904332178 core=5
fake 3 end 1789904332179
job 0_TGAMMA_12 end 1789904334544
job 1_TGAMMA_48 started 1789904334544 core=4
job 1_TGAMMA_48 end 1789904343991
job 2_TGAMMA_108 started 1789904343991 core=4
job 67_DOT_36 end 1789904352219
job 68_SUM_84 started 1789904352220 core=5
job 2_TGAMMA_108 end 1789904364929
job 3_TGAMMA_72 started 1789904364929 core=4
job 68_SUM_84 end 1789904376302
job 69_XPY_60 started 1789904376302 core=5
job 3_TGAMMA_72 end 1789904378818
job 4_TGAMMA_48 started 1789904378818 core=4
job 4_TGAMMA_48 end 1789904388291
job 5_TGAMMA_84 started 1789904388291 core=4
job 5_TGAMMA_84 end 1789904404593
job 6_TGAMMA_48 started 1789904404594 core=4
job 6_TGAMMA_48 end 1789904414067
job 7_TGAMMA_36 started 1789904414068 core=4
job 69_XPY_60 end 1789904414377
job 70_XPY_48 started 1789904414377 core=5
job 7_TGAMMA_36 end 1789904421054
job 8_TGAMMA_120 started 1789904421054 core=4
job 8_TGAMMA_120 end 1789904444701
job 9_TGAMMA_12 started 1789904444701 core=4
job 70_XPY_48 end 1789904444743
job 71_DOT_36 started 1789904444743 core=5
job 9_TGAMMA_12 end 1789904447051
job 10_TGAMMA_36 started 1789904447051 core=4
job 10_TGAMMA_36 end 1789904454017
job 11_TGAMMA_48 started 1789904454017 core=4
job 11_TGAMMA_48 end 1789904463457
job 12_TGAMMA_84 started 1789904463457 core=4
job 71_DOT_36 end 1789904464750
job 72_DOT_84 started 1789904464750 core=5
job 12_TGAMMA_84 end 1789904479683
job 13_TGAMMA_96 started 1789904479683 core=4
job 13_TGAMMA_96 end 1789904498469
job 14_TGAMMA_24 started 1789904498469 core=4
job 14_TGAMMA_24 end 1789904503167
job 15_TGAMMA_48 started 1789904503167 core=4
job 72_DOT_84 end 1789904511847
job 73_XPY_48 started 1789904511848 core=5
job 15_TGAMMA_48 end 1789904512578
job 16_TGAMMA_108 started 1789904512578 core=4
job 16_TGAMMA_108 end 1789904533776
job 17_TGAMMA_96 started 1789904533776 core=4
job 73_XPY_48 end 1789904542250
job 74_DOT_84 started 1789904542250 core=5
job 17_TGAMMA_96 end 1789904552562
job 18_TGAMMA_120 started 1789904552563 core=4
job 18_TGAMMA_120 end 1789904576000
job 19_TGAMMA_48 started 1789904576000 core=4
job 19_TGAMMA_48 end 1789904585482
job 20_TGAMMA_24 started 1789904585482 core=4
job 74_DOT_84 end 1789904589265
job 75_DOT_36 started 1789904589265 core=5
job 20_TGAMMA_24 end 1789904590169
job 21_TGAMMA_120 started 1789904590169 core=4
job 75_DOT_36 end 1789904609253
job 76_XPY_60 started 1789904609253 core=5
job 21_TGAMMA_120 end 1789904613607
job 22_TGAMMA_72 started 1789904613607 core=4
job 22_TGAMMA_72 end 1789904627749
job 23_TGAMMA_60 started 1789904627749 core=4
job 23_TGAMMA_60 end 1789904639389
job 24_TGAMMA_120 started 1789904639389 core=4
job 76_XPY_60 end 1789904647583
job 77_COPY_60 started 1789904647584 core=5
job 24_TGAMMA_120 end 1789904662830
job 25_TGAMMA_12 started 1789904662830 core=4
job 25_TGAMMA_12 end 1789904665167
job 26_TGAMMA_60 started 1789904665168 core=4
job 26_TGAMMA_60 end 1789904676820
job 27_TGAMMA_60 started 1789904676820 core=4
job 77_COPY_60 end 1789904684145
job 78_SUM_132 started 1789904684145 core=5
job 27_TGAMMA_60 end 1789904688525
job 28_TGAMMA_96 started 1789904688526 core=4
job 28_TGAMMA_96 end 1789904707038
job 29_TGAMMA_72 started 1789904707038 core=4
job 29_TGAMMA_72 end 1789904720898
job 30_TGAMMA_36 started 1789904720898 core=4
job 78_SUM_132 end 1789904721972
job 79_SUM_108 started 1789904721972 core=5
job 30_TGAMMA_36 end 1789904727866
job 31_TGAMMA_120 started 1789904727866 core=4
job 31_TGAMMA_120 end 1789904750962
job 32_TGAMMA_108 started 1789904750962 core=4
job 79_SUM_108 end 1789904752990
job 80_COPY_84 started 1789904752991 core=5
job 32_TGAMMA_108 end 1789904772062
job 33_TGAMMA_48 started 1789904772062 core=4
job 33_TGAMMA_48 end 1789904781469
job 34_TGAMMA_84 started 1789904781469 core=4
job 34_TGAMMA_84 end 1789904797793
job 35_TGAMMA_120 started 1789904797793 core=4
job 80_COPY_84 end 1789904804261
job 81_SUM_132 started 1789904804262 core=5
job 35_TGAMMA_120 end 1789904820997
job 36_TGAMMA_36 started 1789904820997 core=4
job 36_TGAMMA_36 end 1789904827936
job 37_TGAMMA_72 started 1789904827937 core=4
job 37_TGAMMA_72 end 1789904841819
job 38_TGAMMA_108 started 1789904841819 core=4
job 81_SUM_132 end 1789904842094
job 82_SUM_108 started 1789904842094 core=5
job 38_TGAMMA_108 end 1789904862615
job 39_TGAMMA_12 started 1789904862615 core=4
job 39_TGAMMA_12 end 1789904864921
job 40_TGAMMA_120 started 1789904864921 core=4
job 82_SUM_108 end 1789904873060
job 83_COPY_60 started 1789904873060 core=5
job 40_TGAMMA_120 end 1789904888161
job 41_TGAMMA_60 started 1789904888161 core=4
job 41_TGAMMA_60 end 1789904899868
job 42_TGAMMA_12 started 1789904899868 core=4
job 42_TGAMMA_12 end 1789904902220
job 43_TGAMMA_120 started 1789904902220 core=4
job 83_COPY_60 end 1789904909675
job 84_SUM_108 started 1789904909676 core=5
job 43_TGAMMA_120 end 1789904925409
job 44_TGAMMA_108 started 1789904925409 core=4
job 84_SUM_108 end 1789904940628
job 85_DOT_36 started 1789904940629 core=5
job 44_TGAMMA_108 end 1789904946363
job 45_TGAMMA_96 started 1789904946364 core=4
job 85_DOT_36 end 1789904960830
job 86_SUM_108 started 1789904960830 core=5
job 45_TGAMMA_96 end 1789904965050
job 46_TGAMMA_120 started 1789904965050 core=4
job 46_TGAMMA_120 end 1789904988122
job 47_TGAMMA_12 started 1789904988122 core=4
job 47_TGAMMA_12 end 1789904990433
job 48_TGAMMA_12 started 1789904990433 core=4
job 86_SUM_108 end 1789904991734
job 87_DOT_84 started 1789904991734 core=5
job 48_TGAMMA_12 end 1789904992731
job 49_TGAMMA_12 started 1789904992731 core=4
job 49_TGAMMA_12 end 1789904995077
job 50_TGAMMA_48 started 1789904995077 core=4
job 50_TGAMMA_48 end 1789905004507
job 51_TGAMMA_120 started 1789905004507 core=4
job 51_TGAMMA_120 end 1789905027935
job 52_TGAMMA_108 started 1789905027935 core=4
job 87_DOT_84 end 1789905038854
job 88_DOT_36 started 1789905038854 core=5
job 52_TGAMMA_108 end 1789905049128
job 53_TGAMMA_96 started 1789905049129 core=4
job 88_DOT_36 end 1789905059083
job 89_XPY_60 started 1789905059083 core=5
job 53_TGAMMA_96 end 1789905067886
job 54_TGAMMA_108 started 1789905067886 core=4
job 54_TGAMMA_108 end 1789905089078
job 55_TGAMMA_96 started 1789905089078 core=4
job 89_XPY_60 end 1789905097052
job 90_COPY_60 started 1789905097053 core=5
job 55_TGAMMA_96 end 1789905107844
job 56_TGAMMA_36 started 1789905107845 core=4
job 56_TGAMMA_36 end 1789905114915
job 57_TGAMMA_84 started 1789905114915 core=4
job 57_TGAMMA_84 end 1789905131229
job 58_TGAMMA_96 started 1789905131230 core=4
job 90_COPY_60 end 1789905133615
job 91_XPY_60 started 1789905133615 core=5
job 58_TGAMMA_96 end 1789905150022
job 59_TGAMMA_120 started 1789905150022 core=4
job 91_XPY_60 end 1789905171604
job 92_SUM_84 started 1789905171604 core=5
job 59_TGAMMA_120 end 1789905173515
job 60_TGAMMA_72 started 1789905173516 core=4
job 60_TGAMMA_72 end 1789905187373
job 61_TGAMMA_60 started 1789905187373 core=4
job 92_SUM_84 end 1789905195658
job 93_DOT_84 started 1789905195658 core=5
job 61_TGAMMA_60 end 1789905198994
job 62_TGAMMA_96 started 1789905198994 core=4
job 62_TGAMMA_96 end 1789905217544
job 63_TGAMMA_84 started 1789905217544 core=4
job 63_TGAMMA_84 end 1789905233970
job 64_TGAMMA_12 started 1789905233970 core=4
job 64_TGAMMA_12 end 1789905236334
job 65_TGAMMA_84 started 1789905236334 core=4
job 93_DOT_84 end 1789905242871
job 94_DOT_84 started 1789905242871 core=5
job 65_TGAMMA_84 end 1789905252553
job 66_TGAMMA_24 started 1789905252553 core=4
job 66_TGAMMA_24 end 1789905257273
job 94_DOT_84 end 1789905283306
job 95_DOT_36 started 1789905283307 core=5
job 95_DOT_36 end 1789905297018
job 96_SUM_132 started 1789905297018 core=5
job 96_SUM_132 end 1789905322026
job 97_SUM_132 started 1789905322026 core=5
job 97_SUM_132 end 1789905346973
job 98_COPY_84 started 1789905346973 core=5
job 98_COPY_84 end 1789905385695
job 99_XPY_48 started 1789905385695 core=5
job 99_XPY_48 end 1789905407968
  итерация 0: 1075790 ms
  среднее по 1 итерациям: 1075790 ms
  реальных ожиданий свободного ядра: 0  (блокировок в задачах не было)
=== Выполняется проект: two_chain_28.txt (100 работ, перестановка ORDER) ===
fake 3 started 1789905407968 delay_ms=1
fake 2 started 1789905407969 delay_ms=0
fake 2 end 1789905407969
fake 0 started 1789905407969 delay_ms=0
fake 0 end 1789905407969
fake 1 started 1789905407969 delay_ms=0
fake 1 end 1789905407969
job 70_COPY_84 started 1789905407969 core=5
job 0_TGAMMA_96 started 1789905407969 core=4
fake 3 end 1789905407979
job 0_TGAMMA_96 end 1789905426683
job 1_TGAMMA_24 started 1789905426683 core=4
job 1_TGAMMA_24 end 1789905431379
job 2_TGAMMA_24 started 1789905431379 core=4
job 2_TGAMMA_24 end 1789905436061
job 3_TGAMMA_48 started 1789905436061 core=4
job 3_TGAMMA_48 end 1789905445471
job 4_TGAMMA_72 started 1789905445472 core=4
job 70_COPY_84 end 1789905459344
job 71_COPY_84 started 1789905459344 core=5
job 4_TGAMMA_72 end 1789905459460
job 5_TGAMMA_108 started 1789905459460 core=4
job 5_TGAMMA_108 end 1789905480521
job 6_TGAMMA_36 started 1789905480521 core=4
job 6_TGAMMA_36 end 1789905487551
job 7_TGAMMA_60 started 1789905487551 core=4
job 7_TGAMMA_60 end 1789905499212
job 8_TGAMMA_48 started 1789905499212 core=4
job 8_TGAMMA_48 end 1789905508623
job 9_TGAMMA_120 started 1789905508623 core=4
job 71_COPY_84 end 1789905510761
job 72_DOT_84 started 1789905510761 core=5
job 9_TGAMMA_120 end 1789905532032
job 10_TGAMMA_120 started 1789905532032 core=4
job 10_TGAMMA_120 end 1789905555590
job 11_TGAMMA_36 started 1789905555590 core=4
job 72_DOT_84 end 1789905557997
job 73_SUM_84 started 1789905557997 core=5
job 11_TGAMMA_36 end 1789905562587
job 12_TGAMMA_36 started 1789905562587 core=4
job 12_TGAMMA_36 end 1789905569524
job 13_TGAMMA_108 started 1789905569524 core=4
job 73_SUM_84 end 1789905582091
job 74_SUM_84 started 1789905582091 core=5
job 13_TGAMMA_108 end 1789905590314
job 14_TGAMMA_72 started 1789905590314 core=4
job 14_TGAMMA_72 end 1789905604170
job 15_TGAMMA_24 started 1789905604170 core=4
job 74_SUM_84 end 1789905606187
job 75_COPY_84 started 1789905606187 core=5
job 15_TGAMMA_24 end 1789905608809
job 16_TGAMMA_60 started 1789905608809 core=4
job 16_TGAMMA_60 end 1789905620566
job 17_TGAMMA_72 started 1789905620567 core=4
job 17_TGAMMA_72 end 1789905634546
job 18_TGAMMA_120 started 1789905634547 core=4
job 75_COPY_84 end 1789905657555
job 76_SUM_132 started 1789905657556 core=5
job 18_TGAMMA_120 end 1789905657939
job 19_TGAMMA_108 started 1789905657939 core=4
job 19_TGAMMA_108 end 1789905678874
job 20_TGAMMA_96 started 1789905678874 core=4
job 76_SUM_132 end 1789905695306
job 77_SUM_132 started 1789905695306 core=5
job 20_TGAMMA_96 end 1789905697403
job 21_TGAMMA_24 started 1789905697403 core=4
job 21_TGAMMA_24 end 1789905702044
job 22_TGAMMA_24 started 1789905702045 core=4
job 22_TGAMMA_24 end 1789905706672
job 23_TGAMMA_120 started 1789905706672 core=4
job 23_TGAMMA_120 end 1789905729773
job 24_TGAMMA_36 started 1789905729773 core=4
job 77_SUM_132 end 1789905733076
job 78_DOT_36 started 1789905733076 core=5
job 24_TGAMMA_36 end 1789905736758
job 25_TGAMMA_108 started 1789905736759 core=4
job 78_DOT_36 end 1789905753072
job 79_DOT_36 started 1789905753073 core=5
job 25_TGAMMA_108 end 1789905757907
job 26_TGAMMA_84 started 1789905757908 core=4
job 79_DOT_36 end 1789905773339
job 80_DOT_36 started 1789905773339 core=5
job 26_TGAMMA_84 end 1789905774335
job 27_TGAMMA_60 started 1789905774335 core=4
job 27_TGAMMA_60 end 1789905785960
job 28_TGAMMA_36 started 1789905785960 core=4
job 28_TGAMMA_36 end 1789905793052
job 29_TGAMMA_108 started 1789905793052 core=4
job 80_DOT_36 end 1789905793318
job 81_COPY_84 started 1789905793318 core=5
job 29_TGAMMA_108 end 1789905814222
job 30_TGAMMA_72 started 1789905814222 core=4
job 30_TGAMMA_72 end 1789905828236
job 31_TGAMMA_24 started 1789905828237 core=4
job 31_TGAMMA_24 end 1789905832956
job 32_TGAMMA_60 started 1789905832956 core=4
job 81_COPY_84 end 1789905844461
job 82_DOT_84 started 1789905844462 core=5
job 32_TGAMMA_60 end 1789905844670
job 33_TGAMMA_120 started 1789905844670 core=4
job 33_TGAMMA_120 end 1789905868130
job 34_TGAMMA_72 started 1789905868130 core=4
job 34_TGAMMA_72 end 1789905882221
job 35_TGAMMA_120 started 1789905882221 core=4
job 82_DOT_84 end 1789905891634
job 83_SUM_108 started 1789905891634 core=5
job 35_TGAMMA_120 end 1789905905507
job 36_TGAMMA_84 started 1789905905508 core=4
job 36_TGAMMA_84 end 1789905921700
job 37_TGAMMA_60 started 1789905921700 core=4
job 83_SUM_108 end 1789905922542
job 84_COPY_84 started 1789905922542 core=5
job 37_TGAMMA_60 end 1789905933330
job 38_TGAMMA_72 started 1789905933331 core=4
job 38_TGAMMA_72 end 1789905947473
job 39_TGAMMA_60 started 1789905947474 core=4
job 39_TGAMMA_60 end 1789905959156
job 40_TGAMMA_60 started 1789905959156 core=4
job 40_TGAMMA_60 end 1789905970943
job 41_TGAMMA_48 started 1789905970943 core=4
job 84_COPY_84 end 1789905973782
job 85_XPY_48 started 1789905973782 core=5
job 41_TGAMMA_48 end 1789905980336
job 42_TGAMMA_72 started 1789905980336 core=4
job 42_TGAMMA_72 end 1789905994486
job 43_TGAMMA_36 started 1789905994487 core=4
job 43_TGAMMA_36 end 1789906001604
job 44_TGAMMA_96 started 1789906001604 core=4
job 85_XPY_48 end 1789906004200
job 86_XPY_48 started 1789906004200 core=5
job 44_TGAMMA_96 end 1789906020251
job 45_TGAMMA_24 started 1789906020251 core=4
job 45_TGAMMA_24 end 1789906024968
job 46_TGAMMA_84 started 1789906024968 core=4
job 86_XPY_48 end 1789906034624
job 87_XPY_60 started 1789906034624 core=5
job 46_TGAMMA_84 end 1789906041551
job 47_TGAMMA_12 started 1789906041551 core=4
job 47_TGAMMA_12 end 1789906043911
job 48_TGAMMA_24 started 1789906043911 core=4
job 48_TGAMMA_24 end 1789906048623
job 49_TGAMMA_36 started 1789906048623 core=4
job 49_TGAMMA_36 end 1789906055744
job 50_TGAMMA_96 started 1789906055744 core=4
job 87_XPY_60 end 1789906072641
job 88_DOT_84 started 1789906072641 core=5
job 50_TGAMMA_96 end 1789906074389
job 51_TGAMMA_108 started 1789906074389 core=4
job 51_TGAMMA_108 end 1789906095626
job 52_TGAMMA_12 started 1789906095626 core=4
job 52_TGAMMA_12 end 1789906097987
job 53_TGAMMA_60 started 1789906097987 core=4
job 53_TGAMMA_60 end 1789906109591
job 54_TGAMMA_108 started 1789906109591 core=4
job 88_DOT_84 end 1789906119725
job 89_SUM_84 started 1789906119725 core=5
job 54_TGAMMA_108 end 1789906130572
job 55_TGAMMA_108 started 1789906130573 core=4
job 89_SUM_84 end 1789906143766
job 90_SUM_108 started 1789906143766 core=5
job 55_TGAMMA_108 end 1789906151471
job 56_TGAMMA_60 started 1789906151471 core=4
job 56_TGAMMA_60 end 1789906163061
job 57_TGAMMA_72 started 1789906163061 core=4
job 90_SUM_108 end 1789906174658
job 91_COPY_84 started 1789906174658 core=5
job 57_TGAMMA_72 end 1789906176991
job 58_TGAMMA_48 started 1789906176991 core=4
job 58_TGAMMA_48 end 1789906186409
job 59_TGAMMA_36 started 1789906186410 core=4
job 59_TGAMMA_36 end 1789906193452
job 60_TGAMMA_84 started 1789906193452 core=4
job 60_TGAMMA_84 end 1789906209943
job 61_TGAMMA_24 started 1789906209943 core=4
job 61_TGAMMA_24 end 1789906214643
job 62_TGAMMA_36 started 1789906214643 core=4
job 62_TGAMMA_36 end 1789906221683
job 63_TGAMMA_60 started 1789906221683 core=4
job 91_COPY_84 end 1789906225877
job 92_COPY_84 started 1789906225877 core=5
job 63_TGAMMA_60 end 1789906233441
job 64_TGAMMA_24 started 1789906233441 core=4
job 64_TGAMMA_24 end 1789906238136
job 65_TGAMMA_36 started 1789906238136 core=4
job 65_TGAMMA_36 end 1789906245182
job 66_TGAMMA_120 started 1789906245182 core=4
job 66_TGAMMA_120 end 1789906268619
job 67_TGAMMA_108 started 1789906268619 core=4
job 92_COPY_84 end 1789906277100
job 93_SUM_132 started 1789906277100 core=5
job 67_TGAMMA_108 end 1789906289631
job 68_TGAMMA_48 started 1789906289631 core=4
job 68_TGAMMA_48 end 1789906298956
job 69_TGAMMA_120 started 1789906298956 core=4
job 93_SUM_132 end 1789906314886
job 94_XPY_60 started 1789906314887 core=5
job 69_TGAMMA_120 end 1789906322263
job 94_XPY_60 end 1789906346591
job 95_XPY_48 started 1789906346591 core=5
job 95_XPY_48 end 1789906370490
job 96_XPY_60 started 1789906370490 core=4
job 96_XPY_60 end 1789906398346
job 97_SUM_132 started 1789906398346 core=4
job 97_SUM_132 end 1789906423291
job 98_XPY_60 started 1789906423292 core=4
job 98_XPY_60 end 1789906451108
job 99_COPY_84 started 1789906451108 core=4
job 99_COPY_84 end 1789906489833
  итерация 0: 1081864 ms
  среднее по 1 итерациям: 1081864 ms
  реальных ожиданий свободного ядра: 0  (блокировок в задачах не было)
=== Выполняется проект: two_chain_29.txt (100 работ, перестановка ORDER) ===
fake 3 started 1789906489834 delay_ms=1
fake 0 started 1789906489834 delay_ms=0
fake 0 end 1789906489834
fake 1 started 1789906489834 delay_ms=0
fake 1 end 1789906489834
fake 2 started 1789906489834 delay_ms=0
fake 2 end 1789906489834
job 68_DOT_36 started 1789906489834 core=5
job 0_TGAMMA_72 started 1789906489834 core=1
fake 3 end 1789906489835
job 0_TGAMMA_72 end 1789906503892
job 1_TGAMMA_48 started 1789906503892 core=1
job 68_DOT_36 end 1789906509801
job 69_XPY_60 started 1789906509801 core=5
job 1_TGAMMA_48 end 1789906513369
job 2_TGAMMA_96 started 1789906513370 core=1
job 2_TGAMMA_96 end 1789906532200
job 3_TGAMMA_96 started 1789906532201 core=1
job 69_XPY_60 end 1789906547769
job 70_COPY_84 started 1789906547769 core=5
job 3_TGAMMA_96 end 1789906550996
job 4_TGAMMA_120 started 1789906550996 core=1
job 4_TGAMMA_120 end 1789906574508
job 5_TGAMMA_108 started 1789906574508 core=1
job 5_TGAMMA_108 end 1789906595664
job 6_TGAMMA_84 started 1789906595664 core=1
job 70_COPY_84 end 1789906598903
job 71_XPY_60 started 1789906598903 core=5
job 6_TGAMMA_84 end 1789906612098
job 7_TGAMMA_36 started 1789906612099 core=1
job 7_TGAMMA_36 end 1789906619161
job 8_TGAMMA_120 started 1789906619161 core=1
job 71_XPY_60 end 1789906636882
job 72_SUM_84 started 1789906636882 core=5
job 8_TGAMMA_120 end 1789906642699
job 9_TGAMMA_60 started 1789906642699 core=1
job 9_TGAMMA_60 end 1789906654237
job 10_TGAMMA_72 started 1789906654238 core=1
job 72_SUM_84 end 1789906660901
job 73_DOT_36 started 1789906660901 core=5
job 10_TGAMMA_72 end 1789906668182
job 11_TGAMMA_24 started 1789906668182 core=1
job 11_TGAMMA_24 end 1789906672872
job 12_TGAMMA_120 started 1789906672872 core=1
job 73_DOT_36 end 1789906680882
job 74_SUM_84 started 1789906680882 core=5
job 12_TGAMMA_120 end 1789906696190
job 13_TGAMMA_120 started 1789906696190 core=1
job 74_SUM_84 end 1789906704929
job 75_COPY_84 started 1789906704929 core=5
job 13_TGAMMA_120 end 1789906719527
job 14_TGAMMA_60 started 1789906719527 core=1
job 14_TGAMMA_60 end 1789906731210
job 15_TGAMMA_48 started 1789906731210 core=1
job 15_TGAMMA_48 end 1789906740678
job 16_TGAMMA_120 started 1789906740678 core=1
job 75_COPY_84 end 1789906756148
job 76_DOT_84 started 1789906756148 core=5
job 16_TGAMMA_120 end 1789906764204
job 17_TGAMMA_48 started 1789906764204 core=1
job 17_TGAMMA_48 end 1789906773690
job 18_TGAMMA_84 started 1789906773690 core=1
job 18_TGAMMA_84 end 1789906790097
job 19_TGAMMA_36 started 1789906790098 core=1
job 19_TGAMMA_36 end 1789906797120
job 20_TGAMMA_96 started 1789906797120 core=1
job 76_DOT_84 end 1789906803243
job 77_SUM_132 started 1789906803243 core=5
job 20_TGAMMA_96 end 1789906815689
job 21_TGAMMA_96 started 1789906815689 core=1
job 21_TGAMMA_96 end 1789906834145
job 22_TGAMMA_60 started 1789906834145 core=1
job 77_SUM_132 end 1789906841094
job 78_COPY_84 started 1789906841095 core=5
job 22_TGAMMA_60 end 1789906845719
job 23_TGAMMA_108 started 1789906845719 core=1
job 23_TGAMMA_108 end 1789906866877
job 24_TGAMMA_24 started 1789906866877 core=1
job 24_TGAMMA_24 end 1789906871547
job 25_TGAMMA_120 started 1789906871547 core=1
job 78_COPY_84 end 1789906892358
job 79_SUM_132 started 1789906892358 core=5
job 25_TGAMMA_120 end 1789906895013
job 26_TGAMMA_120 started 1789906895013 core=1
job 26_TGAMMA_120 end 1789906918197
job 27_TGAMMA_96 started 1789906918197 core=1
job 79_SUM_132 end 1789906930092
job 80_XPY_60 started 1789906930092 core=5
job 27_TGAMMA_96 end 1789906936747
job 28_TGAMMA_24 started 1789906936747 core=1
job 28_TGAMMA_24 end 1789906941450
job 29_TGAMMA_36 started 1789906941451 core=1
job 29_TGAMMA_36 end 1789906948507
job 30_TGAMMA_120 started 1789906948507 core=1
job 80_XPY_60 end 1789906968130
job 81_DOT_84 started 1789906968130 core=5
job 30_TGAMMA_120 end 1789906972114
job 31_TGAMMA_60 started 1789906972114 core=1
job 31_TGAMMA_60 end 1789906983834
job 32_TGAMMA_60 started 1789906983834 core=1
job 32_TGAMMA_60 end 1789906995543
job 33_TGAMMA_36 started 1789906995544 core=1
job 33_TGAMMA_36 end 1789907002582
job 34_TGAMMA_60 started 1789907002582 core=1
job 34_TGAMMA_60 end 1789907014304
job 35_TGAMMA_12 started 1789907014304 core=1
job 81_DOT_84 end 1789907015186
job 82_SUM_108 started 1789907015186 core=5
job 35_TGAMMA_12 end 1789907016620
job 36_TGAMMA_72 started 1789907016620 core=1
job 36_TGAMMA_72 end 1789907030459
job 37_TGAMMA_36 started 1789907030459 core=1
job 37_TGAMMA_36 end 1789907037377
job 38_TGAMMA_36 started 1789907037377 core=1
job 38_TGAMMA_36 end 1789907044302
job 39_TGAMMA_60 started 1789907044302 core=1
job 82_SUM_108 end 1789907046166
job 83_DOT_84 started 1789907046167 core=5
job 39_TGAMMA_60 end 1789907055962
job 40_TGAMMA_60 started 1789907055962 core=1
job 40_TGAMMA_60 end 1789907067684
job 41_TGAMMA_96 started 1789907067684 core=1
job 41_TGAMMA_96 end 1789907086425
job 42_TGAMMA_36 started 1789907086425 core=1
job 83_DOT_84 end 1789907093160
job 84_XPY_60 started 1789907093160 core=5
job 42_TGAMMA_36 end 1789907093450
job 43_TGAMMA_84 started 1789907093461 core=5
job 43_TGAMMA_84 end 1789907109754
job 44_TGAMMA_48 started 1789907109754 core=1
job 44_TGAMMA_48 end 1789907119149
job 45_TGAMMA_120 started 1789907119149 core=1
job 84_XPY_60 end 1789907131340
job 85_XPY_48 started 1789907131342 core=5
job 45_TGAMMA_120 end 1789907142643
job 46_TGAMMA_36 started 1789907142643 core=1
job 46_TGAMMA_36 end 1789907149633
job 47_TGAMMA_96 started 1789907149634 core=1
job 85_XPY_48 end 1789907162020
job 86_COPY_60 started 1789907162020 core=5
job 47_TGAMMA_96 end 1789907168256
job 48_TGAMMA_96 started 1789907168257 core=1
job 48_TGAMMA_96 end 1789907186905
job 49_TGAMMA_60 started 1789907186905 core=1
job 49_TGAMMA_60 end 1789907198557
job 50_TGAMMA_12 started 1789907198557 core=1
job 86_COPY_60 end 1789907198600
job 87_XPY_48 started 1789907198601 core=5
job 50_TGAMMA_12 end 1789907200895
job 51_TGAMMA_60 started 1789907200895 core=1
job 51_TGAMMA_60 end 1789907212538
job 52_TGAMMA_96 started 1789907212538 core=1
job 87_XPY_48 end 1789907229106
job 88_SUM_108 started 1789907229107 core=5
job 52_TGAMMA_96 end 1789907231160
job 53_TGAMMA_12 started 1789907231160 core=1
job 53_TGAMMA_12 end 1789907233472
job 54_TGAMMA_36 started 1789907233472 core=1
job 54_TGAMMA_36 end 1789907240408
job 55_TGAMMA_48 started 1789907240408 core=1
job 55_TGAMMA_48 end 1789907249727
job 56_TGAMMA_24 started 1789907249727 core=1
job 56_TGAMMA_24 end 1789907254351
job 57_TGAMMA_84 started 1789907254352 core=1
job 88_SUM_108 end 1789907260042
job 89_DOT_36 started 1789907260042 core=5
job 57_TGAMMA_84 end 1789907270563
job 58_TGAMMA_120 started 1789907270563 core=1
job 89_DOT_36 end 1789907280067
job 90_XPY_60 started 1789907280067 core=5
job 58_TGAMMA_120 end 1789907294014
job 59_TGAMMA_108 started 1789907294014 core=5
job 59_TGAMMA_108 end 1789907315215
job 60_TGAMMA_12 started 1789907315215 core=1
job 60_TGAMMA_12 end 1789907317577
job 61_TGAMMA_48 started 1789907317578 core=1
job 90_XPY_60 end 1789907318300
job 91_XPY_60 started 1789907318300 core=5
job 61_TGAMMA_48 end 1789907327027
job 62_TGAMMA_36 started 1789907327027 core=1
job 62_TGAMMA_36 end 1789907334134
job 63_TGAMMA_24 started 1789907334134 core=1
job 63_TGAMMA_24 end 1789907338867
job 64_TGAMMA_72 started 1789907338867 core=1
job 64_TGAMMA_72 end 1789907353072
job 65_TGAMMA_60 started 1789907353073 core=1
job 91_XPY_60 end 1789907356256
job 92_COPY_84 started 1789907356257 core=5
job 65_TGAMMA_60 end 1789907364827
job 66_TGAMMA_108 started 1789907364827 core=1
job 66_TGAMMA_108 end 1789907385900
job 67_TGAMMA_96 started 1789907385900 core=1
job 67_TGAMMA_96 end 1789907404625
job 92_COPY_84 end 1789907406816
job 93_COPY_84 started 1789907406816 core=5
job 93_COPY_84 end 1789907445532
job 94_DOT_36 started 1789907445532 core=5
job 94_DOT_36 end 1789907459258
job 95_DOT_36 started 1789907459258 core=5
job 95_DOT_36 end 1789907472970
job 96_COPY_60 started 1789907472970 core=5
job 96_COPY_60 end 1789907500636
job 97_DOT_84 started 1789907500636 core=5
job 97_DOT_84 end 1789907532631
job 98_SUM_132 started 1789907532631 core=5
job 98_SUM_132 end 1789907557559
job 99_SUM_108 started 1789907557559 core=5
job 99_SUM_108 end 1789907577964
  итерация 0: 1088130 ms
  среднее по 1 итерациям: 1088130 ms
  реальных ожиданий свободного ядра: 0  (блокировок в задачах не было)
=== Выполняется проект: two_chain_3.txt (100 работ, перестановка ORDER) ===
fake 3 started 1789907577965 delay_ms=1
fake 2 started 1789907577965 delay_ms=0
fake 2 end 1789907577965
fake 1 started 1789907577965 delay_ms=0
fake 1 end 1789907577965
fake 0 started 1789907577965 delay_ms=0
fake 0 end 1789907577965
job 0_TGAMMA_120 started 1789907577965 core=1
job 51_XPY_48 started 1789907577965 core=5
fake 3 end 1789907577969
job 0_TGAMMA_120 end 1789907601605
job 1_TGAMMA_120 started 1789907601605 core=1
job 51_XPY_48 end 1789907608733
job 52_XPY_48 started 1789907608733 core=5
job 1_TGAMMA_120 end 1789907625248
job 2_TGAMMA_120 started 1789907625248 core=1
job 52_XPY_48 end 1789907639458
job 53_XPY_48 started 1789907639458 core=5
job 2_TGAMMA_120 end 1789907648892
job 3_TGAMMA_120 started 1789907648892 core=1
job 53_XPY_48 end 1789907670201
job 54_XPY_48 started 1789907670201 core=5
job 3_TGAMMA_120 end 1789907672556
job 4_TGAMMA_120 started 1789907672556 core=1
job 4_TGAMMA_120 end 1789907696237
job 5_TGAMMA_120 started 1789907696238 core=1
job 54_XPY_48 end 1789907700919
job 55_XPY_48 started 1789907700919 core=5
job 5_TGAMMA_120 end 1789907719887
job 6_TGAMMA_120 started 1789907719887 core=1
job 55_XPY_48 end 1789907731644
job 56_XPY_48 started 1789907731644 core=5
job 6_TGAMMA_120 end 1789907743521
job 7_TGAMMA_120 started 1789907743521 core=1
job 56_XPY_48 end 1789907762369
job 57_XPY_48 started 1789907762369 core=5
job 7_TGAMMA_120 end 1789907767176
job 8_TGAMMA_120 started 1789907767177 core=1
job 8_TGAMMA_120 end 1789907790853
job 9_TGAMMA_120 started 1789907790853 core=1
job 57_XPY_48 end 1789907793068
job 58_XPY_48 started 1789907793068 core=5
job 9_TGAMMA_120 end 1789907814507
job 10_TGAMMA_120 started 1789907814508 core=1
job 58_XPY_48 end 1789907823804
job 59_XPY_48 started 1789907823804 core=5
job 10_TGAMMA_120 end 1789907838170
job 11_TGAMMA_120 started 1789907838170 core=1
job 59_XPY_48 end 1789907854579
job 60_XPY_48 started 1789907854579 core=5
job 11_TGAMMA_120 end 1789907861810
job 12_TGAMMA_120 started 1789907861810 core=1
job 60_XPY_48 end 1789907885241
job 61_XPY_48 started 1789907885241 core=5
job 12_TGAMMA_120 end 1789907885478
job 13_TGAMMA_120 started 1789907885478 core=1
job 13_TGAMMA_120 end 1789907909130
job 14_TGAMMA_120 started 1789907909130 core=5
job 61_XPY_48 end 1789907915941
job 62_XPY_48 started 1789907915941 core=5
job 14_TGAMMA_120 end 1789907932670
job 15_TGAMMA_120 started 1789907932670 core=1
job 62_XPY_48 end 1789907946685
job 63_XPY_48 started 1789907946685 core=5
job 15_TGAMMA_120 end 1789907956216
job 16_TGAMMA_120 started 1789907956216 core=1
job 63_XPY_48 end 1789907977356
job 64_XPY_48 started 1789907977356 core=5
job 16_TGAMMA_120 end 1789907979745
job 17_TGAMMA_120 started 1789907979745 core=1
job 17_TGAMMA_120 end 1789908003283
job 18_TGAMMA_120 started 1789908003283 core=1
job 64_XPY_48 end 1789908007740
job 65_XPY_48 started 1789908007740 core=5
job 18_TGAMMA_120 end 1789908026800
job 19_TGAMMA_120 started 1789908026800 core=1
job 65_XPY_48 end 1789908038386
job 66_XPY_48 started 1789908038387 core=5
job 19_TGAMMA_120 end 1789908050320
job 20_TGAMMA_120 started 1789908050320 core=1
job 66_XPY_48 end 1789908069023
job 67_XPY_48 started 1789908069023 core=5
job 20_TGAMMA_120 end 1789908073844
job 21_TGAMMA_120 started 1789908073844 core=1
job 21_TGAMMA_120 end 1789908097384
job 22_TGAMMA_120 started 1789908097384 core=1
job 67_XPY_48 end 1789908099680
job 68_XPY_48 started 1789908099680 core=5
job 22_TGAMMA_120 end 1789908120900
job 23_TGAMMA_120 started 1789908120901 core=1
job 68_XPY_48 end 1789908130319
job 69_XPY_48 started 1789908130320 core=5
job 23_TGAMMA_120 end 1789908144432
job 24_TGAMMA_120 started 1789908144432 core=1
job 69_XPY_48 end 1789908160992
job 70_XPY_48 started 1789908160992 core=5
job 24_TGAMMA_120 end 1789908167950
job 25_TGAMMA_120 started 1789908167950 core=1
job 25_TGAMMA_120 end 1789908191494
job 26_TGAMMA_120 started 1789908191494 core=1
job 70_XPY_48 end 1789908191619
job 71_XPY_48 started 1789908191620 core=5
job 26_TGAMMA_120 end 1789908215024
job 27_TGAMMA_120 started 1789908215024 core=1
job 71_XPY_48 end 1789908222310
job 72_XPY_48 started 1789908222310 core=5
job 27_TGAMMA_120 end 1789908238539
job 28_TGAMMA_120 started 1789908238539 core=1
job 72_XPY_48 end 1789908252966
job 73_XPY_48 started 1789908252966 core=5
job 28_TGAMMA_120 end 1789908262067
job 29_TGAMMA_120 started 1789908262067 core=1
job 73_XPY_48 end 1789908283597
job 74_XPY_48 started 1789908283598 core=5
job 29_TGAMMA_120 end 1789908285589
job 30_TGAMMA_120 started 1789908285590 core=1
job 30_TGAMMA_120 end 1789908309132
job 31_TGAMMA_120 started 1789908309132 core=1
job 74_XPY_48 end 1789908314212
job 75_XPY_48 started 1789908314212 core=5
job 31_TGAMMA_120 end 1789908332655
job 32_TGAMMA_120 started 1789908332655 core=1
job 75_XPY_48 end 1789908344889
job 76_XPY_48 started 1789908344890 core=5
job 32_TGAMMA_120 end 1789908356179
job 33_TGAMMA_120 started 1789908356179 core=1
job 76_XPY_48 end 1789908375548
job 77_XPY_48 started 1789908375548 core=5
job 33_TGAMMA_120 end 1789908379704
job 34_TGAMMA_120 started 1789908379705 core=1
job 34_TGAMMA_120 end 1789908403248
job 35_TGAMMA_120 started 1789908403248 core=1
job 77_XPY_48 end 1789908406183
job 78_XPY_48 started 1789908406183 core=5
job 35_TGAMMA_120 end 1789908426765
job 36_TGAMMA_120 started 1789908426766 core=1
job 78_XPY_48 end 1789908436822
job 79_XPY_48 started 1789908436822 core=5
job 36_TGAMMA_120 end 1789908450295
job 37_TGAMMA_120 started 1789908450296 core=1
job 79_XPY_48 end 1789908467490
job 80_XPY_48 started 1789908467490 core=5
job 37_TGAMMA_120 end 1789908473832
job 38_TGAMMA_120 started 1789908473832 core=1
job 38_TGAMMA_120 end 1789908497388
job 39_TGAMMA_120 started 1789908497388 core=1
job 80_XPY_48 end 1789908498135
job 81_XPY_48 started 1789908498135 core=5
job 39_TGAMMA_120 end 1789908520913
job 40_TGAMMA_120 started 1789908520913 core=1
job 81_XPY_48 end 1789908528800
job 82_XPY_48 started 1789908528800 core=5
job 40_TGAMMA_120 end 1789908544440
job 41_TGAMMA_120 started 1789908544440 core=1
job 82_XPY_48 end 1789908559440
job 83_XPY_48 started 1789908559440 core=5
job 41_TGAMMA_120 end 1789908567966
job 42_TGAMMA_120 started 1789908567966 core=1
job 83_XPY_48 end 1789908590099
job 84_XPY_48 started 1789908590100 core=5
job 42_TGAMMA_120 end 1789908591500
job 43_TGAMMA_120 started 1789908591500 core=1
job 43_TGAMMA_120 end 1789908615040
job 44_TGAMMA_120 started 1789908615041 core=1
job 84_XPY_48 end 1789908620714
job 85_XPY_48 started 1789908620714 core=5
job 44_TGAMMA_120 end 1789908638574
job 45_TGAMMA_120 started 1789908638574 core=1
job 85_XPY_48 end 1789908651386
job 45_TGAMMA_120 end 1789908661723
job 46_TGAMMA_120 started 1789908661723 core=5
job 46_TGAMMA_120 end 1789908684389
job 86_XPY_48 started 1789908684389 core=5
job 86_XPY_48 end 1789908706665
job 47_TGAMMA_120 started 1789908706665 core=1
job 47_TGAMMA_120 end 1789908729249
job 87_XPY_48 started 1789908729249 core=5
job 87_XPY_48 end 1789908751570
job 48_TGAMMA_120 started 1789908751570 core=1
job 48_TGAMMA_120 end 1789908774135
job 88_XPY_48 started 1789908774135 core=5
job 88_XPY_48 end 1789908796419
job 49_TGAMMA_120 started 1789908796419 core=1
job 49_TGAMMA_120 end 1789908819084
job 89_XPY_48 started 1789908819085 core=5
job 89_XPY_48 end 1789908841373
job 50_TGAMMA_120 started 1789908841373 core=1
job 50_TGAMMA_120 end 1789908864010
job 90_XPY_48 started 1789908864010 core=5
job 90_XPY_48 end 1789908886299
job 91_XPY_48 started 1789908886299 core=5
job 91_XPY_48 end 1789908908622
job 92_XPY_48 started 1789908908622 core=5
job 92_XPY_48 end 1789908930981
job 93_XPY_48 started 1789908930982 core=1
job 93_XPY_48 end 1789908953253
job 94_XPY_48 started 1789908953253 core=1
job 94_XPY_48 end 1789908975520
job 95_XPY_48 started 1789908975520 core=1
job 95_XPY_48 end 1789908997806
job 96_XPY_48 started 1789908997806 core=1
job 96_XPY_48 end 1789909020083
job 97_XPY_48 started 1789909020083 core=1
job 97_XPY_48 end 1789909042396
job 98_XPY_48 started 1789909042396 core=1
job 98_XPY_48 end 1789909064676
job 99_XPY_48 started 1789909064676 core=1
job 99_XPY_48 end 1789909086966
  итерация 0: 1509000 ms
  среднее по 1 итерациям: 1509000 ms
  реальных ожиданий свободного ядра: 9
=== Выполняется проект: two_chain_30.txt (100 работ, перестановка ORDER) ===
fake 3 started 1789909086966 delay_ms=1
fake 2 started 1789909086966 delay_ms=0
fake 2 end 1789909086966
fake 1 started 1789909086966 delay_ms=0
fake 1 end 1789909086966
fake 0 started 1789909086966 delay_ms=0
fake 0 end 1789909086967
job 69_SUM_84 started 1789909086967 core=1
job 0_TGAMMA_24 started 1789909086967 core=4
fake 3 end 1789909086977
job 0_TGAMMA_24 end 1789909091617
job 1_TGAMMA_48 started 1789909091618 core=4
job 1_TGAMMA_48 end 1789909100957
job 2_TGAMMA_48 started 1789909100958 core=4
job 2_TGAMMA_48 end 1789909110308
job 3_TGAMMA_120 started 1789909110308 core=4
job 69_SUM_84 end 1789909111029
job 70_XPY_48 started 1789909111029 core=1
job 3_TGAMMA_120 end 1789909133840
job 4_TGAMMA_72 started 1789909133841 core=4
job 70_XPY_48 end 1789909141480
job 71_SUM_108 started 1789909141480 core=1
job 4_TGAMMA_72 end 1789909147905
job 5_TGAMMA_120 started 1789909147905 core=4
job 5_TGAMMA_120 end 1789909171144
job 6_TGAMMA_108 started 1789909171144 core=4
job 71_SUM_108 end 1789909172346
job 72_COPY_60 started 1789909172346 core=1
job 6_TGAMMA_108 end 1789909192327
job 7_TGAMMA_108 started 1789909192327 core=4
job 72_COPY_60 end 1789909208881
job 73_XPY_48 started 1789909208882 core=1
job 7_TGAMMA_108 end 1789909213498
job 8_TGAMMA_96 started 1789909213498 core=4
job 8_TGAMMA_96 end 1789909232403
job 9_TGAMMA_12 started 1789909232404 core=4
job 9_TGAMMA_12 end 1789909234768
job 10_TGAMMA_120 started 1789909234768 core=4
job 73_XPY_48 end 1789909239353
job 74_XPY_48 started 1789909239353 core=1
job 10_TGAMMA_120 end 1789909258385
job 11_TGAMMA_96 started 1789909258385 core=4
job 74_XPY_48 end 1789909269811
job 75_XPY_48 started 1789909269811 core=1
job 11_TGAMMA_96 end 1789909277088
job 12_TGAMMA_60 started 1789909277088 core=4
job 12_TGAMMA_60 end 1789909288895
job 13_TGAMMA_108 started 1789909288895 core=4
job 75_XPY_48 end 1789909300197
job 76_COPY_84 started 1789909300197 core=1
job 13_TGAMMA_108 end 1789909310072
job 14_TGAMMA_24 started 1789909310072 core=4
job 14_TGAMMA_24 end 1789909314779
job 15_TGAMMA_24 started 1789909314780 core=4
job 15_TGAMMA_24 end 1789909319502
job 16_TGAMMA_48 started 1789909319502 core=4
job 16_TGAMMA_48 end 1789909328929
job 17_TGAMMA_84 started 1789909328929 core=4
job 17_TGAMMA_84 end 1789909345370
job 18_TGAMMA_96 started 1789909345370 core=4
job 76_COPY_84 end 1789909351410
job 77_XPY_48 started 1789909351410 core=1
job 18_TGAMMA_96 end 1789909364061
job 19_TGAMMA_60 started 1789909364061 core=4
job 19_TGAMMA_60 end 1789909375737
job 20_TGAMMA_36 started 1789909375737 core=4
job 77_XPY_48 end 1789909381862
job 78_XPY_48 started 1789909381862 core=1
job 20_TGAMMA_36 end 1789909382736
job 21_TGAMMA_36 started 1789909382736 core=4
job 21_TGAMMA_36 end 1789909389821
job 22_TGAMMA_60 started 1789909389822 core=4
job 22_TGAMMA_60 end 1789909401635
job 23_TGAMMA_96 started 1789909401636 core=4
job 78_XPY_48 end 1789909412289
job 79_SUM_84 started 1789909412290 core=1
job 23_TGAMMA_96 end 1789909420616
job 24_TGAMMA_12 started 1789909420617 core=4
job 24_TGAMMA_12 end 1789909422933
job 25_TGAMMA_84 started 1789909422933 core=4
job 79_SUM_84 end 1789909436237
job 80_COPY_60 started 1789909436238 core=1
job 25_TGAMMA_84 end 1789909439172
job 26_TGAMMA_12 started 1789909439172 core=4
job 26_TGAMMA_12 end 1789909441530
job 27_TGAMMA_24 started 1789909441530 core=4
job 27_TGAMMA_24 end 1789909446422
job 28_TGAMMA_36 started 1789909446422 core=4
job 28_TGAMMA_36 end 1789909454011
job 29_TGAMMA_96 started 1789909454011 core=4
job 80_COPY_60 end 1789909472962
job 81_DOT_36 started 1789909472962 core=1
job 29_TGAMMA_96 end 1789909474197
job 30_TGAMMA_96 started 1789909474197 core=4
job 81_DOT_36 end 1789909493053
job 82_DOT_36 started 1789909493054 core=1
job 30_TGAMMA_96 end 1789909493113
job 31_TGAMMA_12 started 1789909493113 core=4
job 31_TGAMMA_12 end 1789909495606
job 32_TGAMMA_48 started 1789909495606 core=4
job 32_TGAMMA_48 end 1789909505570
job 33_TGAMMA_84 started 1789909505570 core=4
job 82_DOT_36 end 1789909513539
job 83_XPY_48 started 1789909513539 core=1
job 33_TGAMMA_84 end 1789909522982
job 34_TGAMMA_72 started 1789909522982 core=4
job 34_TGAMMA_72 end 1789909538218
job 35_TGAMMA_36 started 1789909538218 core=4
job 83_XPY_48 end 1789909544185
job 84_SUM_108 started 1789909544186 core=1
job 35_TGAMMA_36 end 1789909545744
job 36_TGAMMA_72 started 1789909545745 core=4
job 36_TGAMMA_72 end 1789909560482
job 37_TGAMMA_36 started 1789909560483 core=4
job 37_TGAMMA_36 end 1789909567719
job 38_TGAMMA_60 started 1789909567719 core=4
job 84_SUM_108 end 1789909575277
job 85_COPY_60 started 1789909575278 core=1
job 38_TGAMMA_60 end 1789909579358
job 39_TGAMMA_24 started 1789909579358 core=4
job 39_TGAMMA_24 end 1789909584067
job 40_TGAMMA_96 started 1789909584067 core=4
job 40_TGAMMA_96 end 1789909602773
job 41_TGAMMA_120 started 1789909602773 core=4
job 85_COPY_60 end 1789909611917
job 86_XPY_48 started 1789909611917 core=1
job 41_TGAMMA_120 end 1789909626452
job 42_TGAMMA_96 started 1789909626452 core=4
job 86_XPY_48 end 1789909642518
job 87_SUM_108 started 1789909642519 core=1
job 42_TGAMMA_96 end 1789909645314
job 43_TGAMMA_12 started 1789909645314 core=4
job 43_TGAMMA_12 end 1789909647629
job 44_TGAMMA_84 started 1789909647629 core=4
job 44_TGAMMA_84 end 1789909663845
job 45_TGAMMA_108 started 1789909663845 core=4
job 87_SUM_108 end 1789909673338
job 88_COPY_84 started 1789909673338 core=1
job 45_TGAMMA_108 end 1789909684809
job 46_TGAMMA_48 started 1789909684809 core=4
job 46_TGAMMA_48 end 1789909694312
job 47_TGAMMA_120 started 1789909694312 core=4
job 47_TGAMMA_120 end 1789909717819
job 48_TGAMMA_48 started 1789909717820 core=4
job 88_COPY_84 end 1789909724450
job 89_XPY_48 started 1789909724451 core=1
job 48_TGAMMA_48 end 1789909727320
job 49_TGAMMA_120 started 1789909727320 core=4
job 49_TGAMMA_120 end 1789909751044
job 50_TGAMMA_24 started 1789909751044 core=4
job 89_XPY_48 end 1789909754992
job 90_DOT_84 started 1789909754992 core=1
job 50_TGAMMA_24 end 1789909755747
job 51_TGAMMA_72 started 1789909755747 core=4
job 51_TGAMMA_72 end 1789909769688
job 52_TGAMMA_60 started 1789909769688 core=4
job 52_TGAMMA_60 end 1789909781301
job 53_TGAMMA_12 started 1789909781301 core=4
job 53_TGAMMA_12 end 1789909783656
job 54_TGAMMA_36 started 1789909783656 core=4
job 54_TGAMMA_36 end 1789909790634
job 55_TGAMMA_36 started 1789909790634 core=4
job 55_TGAMMA_36 end 1789909797617
job 56_TGAMMA_84 started 1789909797617 core=4
job 90_DOT_84 end 1789909802292
job 91_COPY_84 started 1789909802293 core=1
job 56_TGAMMA_84 end 1789909813925
job 57_TGAMMA_48 started 1789909813925 core=4
job 57_TGAMMA_48 end 1789909823429
job 58_TGAMMA_72 started 1789909823429 core=4
job 58_TGAMMA_72 end 1789909837459
job 59_TGAMMA_120 started 1789909837459 core=4
job 91_COPY_84 end 1789909853526
job 92_COPY_84 started 1789909853526 core=1
job 59_TGAMMA_120 end 1789909860938
job 60_TGAMMA_48 started 1789909860938 core=4
job 60_TGAMMA_48 end 1789909870444
job 61_TGAMMA_120 started 1789909870444 core=4
job 61_TGAMMA_120 end 1789909893911
job 62_TGAMMA_12 started 1789909893911 core=4
job 62_TGAMMA_12 end 1789909896260
job 63_TGAMMA_48 started 1789909896260 core=4
job 92_COPY_84 end 1789909904637
job 93_XPY_48 started 1789909904637 core=1
job 63_TGAMMA_48 end 1789909905762
job 64_TGAMMA_48 started 1789909905762 core=4
job 64_TGAMMA_48 end 1789909915158
job 65_TGAMMA_84 started 1789909915158 core=4
job 65_TGAMMA_84 end 1789909931702
job 66_TGAMMA_84 started 1789909931702 core=4
job 93_XPY_48 end 1789909935302
job 94_SUM_132 started 1789909935302 core=1
job 66_TGAMMA_84 end 1789909947979
job 67_TGAMMA_60 started 1789909947979 core=4
job 67_TGAMMA_60 end 1789909959549
job 68_TGAMMA_36 started 1789909959550 core=4
job 68_TGAMMA_36 end 1789909966503
job 94_SUM_132 end 1789909971888
job 95_SUM_84 started 1789909971888 core=4
job 95_SUM_84 end 1789909987757
job 96_XPY_60 started 1789909987757 core=4
job 96_XPY_60 end 1789910015629
job 97_DOT_84 started 1789910015629 core=4
job 97_DOT_84 end 1789910047617
job 98_XPY_48 started 1789910047617 core=4
job 98_XPY_48 end 1789910069906
job 99_COPY_84 started 1789910069906 core=4
job 99_COPY_84 end 1789910108589
  итерация 0: 1021622 ms
  среднее по 1 итерациям: 1021622 ms
  реальных ожиданий свободного ядра: 0  (блокировок в задачах не было)
=== Выполняется проект: two_chain_4.txt (100 работ, перестановка ORDER) ===
fake 3 started 1789910108590 delay_ms=1
fake 2 started 1789910108590 delay_ms=0
fake 2 end 1789910108590
fake 0 started 1789910108590 delay_ms=0
fake 0 end 1789910108590
fake 1 started 1789910108590 delay_ms=0
fake 1 end 1789910108590
job 0_TGAMMA_48 started 1789910108590 core=1
job 81_COPY_84 started 1789910108590 core=1
fake 3 end 1789910108600
job 0_TGAMMA_48 end 1789910118034
job 1_TGAMMA_48 started 1789910118034 core=1
job 1_TGAMMA_48 end 1789910127544
job 2_TGAMMA_48 started 1789910127544 core=1
job 2_TGAMMA_48 end 1789910136979
job 3_TGAMMA_48 started 1789910136979 core=1
job 3_TGAMMA_48 end 1789910146500
job 4_TGAMMA_48 started 1789910146500 core=1
job 4_TGAMMA_48 end 1789910155927
job 5_TGAMMA_48 started 1789910155927 core=1
job 81_COPY_84 end 1789910159737
job 82_COPY_84 started 1789910159737 core=1
job 5_TGAMMA_48 end 1789910165408
job 6_TGAMMA_48 started 1789910165408 core=1
job 6_TGAMMA_48 end 1789910174840
job 7_TGAMMA_48 started 1789910174840 core=1
job 7_TGAMMA_48 end 1789910184343
job 8_TGAMMA_48 started 1789910184343 core=1
job 8_TGAMMA_48 end 1789910193786
job 9_TGAMMA_48 started 1789910193786 core=1
job 9_TGAMMA_48 end 1789910203293
job 10_TGAMMA_48 started 1789910203293 core=1
job 82_COPY_84 end 1789910210812
job 83_COPY_84 started 1789910210812 core=1
job 10_TGAMMA_48 end 1789910212767
job 11_TGAMMA_48 started 1789910212767 core=1
job 11_TGAMMA_48 end 1789910222203
job 12_TGAMMA_48 started 1789910222203 core=1
job 12_TGAMMA_48 end 1789910231720
job 13_TGAMMA_48 started 1789910231720 core=1
job 13_TGAMMA_48 end 1789910241148
job 14_TGAMMA_48 started 1789910241148 core=1
job 14_TGAMMA_48 end 1789910250639
job 15_TGAMMA_48 started 1789910250639 core=1
job 15_TGAMMA_48 end 1789910260157
job 16_TGAMMA_48 started 1789910260157 core=1
job 83_COPY_84 end 1789910261893
job 84_COPY_84 started 1789910261893 core=1
job 16_TGAMMA_48 end 1789910269584
job 17_TGAMMA_48 started 1789910269584 core=1
job 17_TGAMMA_48 end 1789910279099
job 18_TGAMMA_48 started 1789910279099 core=1
job 18_TGAMMA_48 end 1789910288534
job 19_TGAMMA_48 started 1789910288534 core=1
job 19_TGAMMA_48 end 1789910298042
job 20_TGAMMA_48 started 1789910298042 core=1
job 20_TGAMMA_48 end 1789910307475
job 21_TGAMMA_48 started 1789910307475 core=1
job 84_COPY_84 end 1789910313027
job 85_COPY_84 started 1789910313027 core=1
job 21_TGAMMA_48 end 1789910316971
job 22_TGAMMA_48 started 1789910316971 core=1
job 22_TGAMMA_48 end 1789910326405
job 23_TGAMMA_48 started 1789910326405 core=1
job 23_TGAMMA_48 end 1789910335916
job 24_TGAMMA_48 started 1789910335916 core=1
job 24_TGAMMA_48 end 1789910345403
job 25_TGAMMA_48 started 1789910345403 core=1
job 25_TGAMMA_48 end 1789910354915
job 26_TGAMMA_48 started 1789910354915 core=1
job 85_COPY_84 end 1789910364098
job 86_COPY_84 started 1789910364098 core=1
job 26_TGAMMA_48 end 1789910364399
job 27_TGAMMA_48 started 1789910364399 core=1
job 27_TGAMMA_48 end 1789910373890
job 28_TGAMMA_48 started 1789910373890 core=1
job 28_TGAMMA_48 end 1789910383317
job 29_TGAMMA_48 started 1789910383317 core=1
job 29_TGAMMA_48 end 1789910392817
job 30_TGAMMA_48 started 1789910392817 core=1
job 30_TGAMMA_48 end 1789910402240
job 31_TGAMMA_48 started 1789910402240 core=1
job 31_TGAMMA_48 end 1789910411729
job 32_TGAMMA_48 started 1789910411729 core=1
job 86_COPY_84 end 1789910415192
job 87_COPY_84 started 1789910415192 core=1
job 32_TGAMMA_48 end 1789910421217
job 33_TGAMMA_48 started 1789910421217 core=1
job 33_TGAMMA_48 end 1789910430642
job 34_TGAMMA_48 started 1789910430642 core=1
job 34_TGAMMA_48 end 1789910440138
job 35_TGAMMA_48 started 1789910440138 core=1
job 35_TGAMMA_48 end 1789910449568
job 36_TGAMMA_48 started 1789910449568 core=1
job 36_TGAMMA_48 end 1789910459075
job 37_TGAMMA_48 started 1789910459075 core=1
job 87_COPY_84 end 1789910466280
job 88_COPY_84 started 1789910466280 core=1
job 37_TGAMMA_48 end 1789910468541
job 38_TGAMMA_48 started 1789910468541 core=1
job 38_TGAMMA_48 end 1789910478052
job 39_TGAMMA_48 started 1789910478052 core=1
job 39_TGAMMA_48 end 1789910487550
job 40_TGAMMA_48 started 1789910487550 core=1
job 40_TGAMMA_48 end 1789910496997
job 41_TGAMMA_48 started 1789910496997 core=1
job 41_TGAMMA_48 end 1789910506505
job 42_TGAMMA_48 started 1789910506505 core=1
job 42_TGAMMA_48 end 1789910515938
job 43_TGAMMA_48 started 1789910515938 core=1
job 88_COPY_84 end 1789910517386
job 89_COPY_84 started 1789910517387 core=1
job 43_TGAMMA_48 end 1789910525423
job 44_TGAMMA_48 started 1789910525423 core=1
job 44_TGAMMA_48 end 1789910534923
job 45_TGAMMA_48 started 1789910534923 core=1
job 45_TGAMMA_48 end 1789910544352
job 46_TGAMMA_48 started 1789910544352 core=1
job 46_TGAMMA_48 end 1789910553865
job 47_TGAMMA_48 started 1789910553865 core=1
job 47_TGAMMA_48 end 1789910563296
job 48_TGAMMA_48 started 1789910563296 core=1
job 89_COPY_84 end 1789910568491
job 90_COPY_84 started 1789910568491 core=1
job 48_TGAMMA_48 end 1789910572776
job 49_TGAMMA_48 started 1789910572776 core=1
job 49_TGAMMA_48 end 1789910582207
job 50_TGAMMA_48 started 1789910582207 core=1
job 50_TGAMMA_48 end 1789910591707
job 51_TGAMMA_48 started 1789910591707 core=1
job 51_TGAMMA_48 end 1789910601146
job 52_TGAMMA_48 started 1789910601146 core=1
job 52_TGAMMA_48 end 1789910610656
job 53_TGAMMA_48 started 1789910610656 core=1
job 90_COPY_84 end 1789910619618
job 91_COPY_84 started 1789910619619 core=1
job 53_TGAMMA_48 end 1789910620153
job 54_TGAMMA_48 started 1789910620153 core=1
job 54_TGAMMA_48 end 1789910629583
job 55_TGAMMA_48 started 1789910629583 core=1
job 55_TGAMMA_48 end 1789910639097
job 56_TGAMMA_48 started 1789910639097 core=1
job 56_TGAMMA_48 end 1789910648600
job 57_TGAMMA_48 started 1789910648600 core=1
job 57_TGAMMA_48 end 1789910658044
job 58_TGAMMA_48 started 1789910658044 core=1
job 58_TGAMMA_48 end 1789910667562
job 59_TGAMMA_48 started 1789910667562 core=1
job 91_COPY_84 end 1789910670769
job 92_COPY_84 started 1789910670769 core=1
job 59_TGAMMA_48 end 1789910676989
job 60_TGAMMA_48 started 1789910676989 core=1
job 60_TGAMMA_48 end 1789910686497
job 61_TGAMMA_48 started 1789910686497 core=1
job 61_TGAMMA_48 end 1789910695933
job 62_TGAMMA_48 started 1789910695933 core=1
job 62_TGAMMA_48 end 1789910705437
job 63_TGAMMA_48 started 1789910705437 core=1
job 63_TGAMMA_48 end 1789910714952
job 64_TGAMMA_48 started 1789910714952 core=1
job 92_COPY_84 end 1789910721978
job 93_COPY_84 started 1789910721978 core=1
job 64_TGAMMA_48 end 1789910724376
job 65_TGAMMA_48 started 1789910724376 core=1
job 65_TGAMMA_48 end 1789910733888
job 66_TGAMMA_48 started 1789910733888 core=1
job 66_TGAMMA_48 end 1789910743315
job 67_TGAMMA_48 started 1789910743315 core=1
job 67_TGAMMA_48 end 1789910752815
job 68_TGAMMA_48 started 1789910752815 core=1
job 68_TGAMMA_48 end 1789910762302
job 69_TGAMMA_48 started 1789910762302 core=1
job 69_TGAMMA_48 end 1789910771817
job 70_TGAMMA_48 started 1789910771817 core=1
job 93_COPY_84 end 1789910773033
job 94_COPY_84 started 1789910773033 core=1
job 70_TGAMMA_48 end 1789910781293
job 71_TGAMMA_48 started 1789910781293 core=1
job 71_TGAMMA_48 end 1789910790727
job 72_TGAMMA_48 started 1789910790727 core=1
job 72_TGAMMA_48 end 1789910800231
job 73_TGAMMA_48 started 1789910800231 core=1
job 73_TGAMMA_48 end 1789910809665
job 74_TGAMMA_48 started 1789910809665 core=1
job 74_TGAMMA_48 end 1789910819171
job 75_TGAMMA_48 started 1789910819171 core=1
job 94_COPY_84 end 1789910824157
job 95_COPY_84 started 1789910824157 core=1
job 75_TGAMMA_48 end 1789910828582
job 76_TGAMMA_48 started 1789910828582 core=1
job 76_TGAMMA_48 end 1789910838092
job 77_TGAMMA_48 started 1789910838092 core=1
job 77_TGAMMA_48 end 1789910847586
job 78_TGAMMA_48 started 1789910847586 core=1
job 78_TGAMMA_48 end 1789910857021
job 79_TGAMMA_48 started 1789910857021 core=1
job 79_TGAMMA_48 end 1789910866529
job 80_TGAMMA_48 started 1789910866529 core=1
job 95_COPY_84 end 1789910875242
job 96_COPY_84 started 1789910875242 core=1
job 80_TGAMMA_48 end 1789910876008
job 96_COPY_84 end 1789910914358
job 97_COPY_84 started 1789910914359 core=1
job 97_COPY_84 end 1789910953311
job 98_COPY_84 started 1789910953311 core=1
job 98_COPY_84 end 1789910992013
job 99_COPY_84 started 1789910992013 core=1
job 99_COPY_84 end 1789911030711
  итерация 0: 922121 ms
  среднее по 1 итерациям: 922121 ms
  реальных ожиданий свободного ядра: 0  (блокировок в задачах не было)
=== Выполняется проект: two_chain_5.txt (100 работ, перестановка ORDER) ===
fake 3 started 1789911030712 delay_ms=1
fake 2 started 1789911030712 delay_ms=0
fake 2 end 1789911030712
fake 0 started 1789911030712 delay_ms=0
fake 0 end 1789911030712
fake 1 started 1789911030712 delay_ms=0
fake 1 end 1789911030712
job 71_COPY_60 started 1789911030712 core=1
job 0_TGAMMA_60 started 1789911030712 core=4
fake 3 end 1789911030723
job 0_TGAMMA_60 end 1789911042465
job 1_TGAMMA_60 started 1789911042465 core=4
job 1_TGAMMA_60 end 1789911054282
job 2_TGAMMA_60 started 1789911054282 core=4
job 2_TGAMMA_60 end 1789911066044
job 3_TGAMMA_60 started 1789911066044 core=4
job 71_COPY_60 end 1789911067280
job 72_COPY_60 started 1789911067280 core=1
job 3_TGAMMA_60 end 1789911077839
job 4_TGAMMA_60 started 1789911077839 core=4
job 4_TGAMMA_60 end 1789911089600
job 5_TGAMMA_60 started 1789911089600 core=4
job 5_TGAMMA_60 end 1789911101410
job 6_TGAMMA_60 started 1789911101410 core=4
job 72_COPY_60 end 1789911103780
job 73_COPY_60 started 1789911103780 core=1
job 6_TGAMMA_60 end 1789911113165
job 7_TGAMMA_60 started 1789911113166 core=4
job 7_TGAMMA_60 end 1789911124988
job 8_TGAMMA_60 started 1789911124988 core=4
job 8_TGAMMA_60 end 1789911136765
job 9_TGAMMA_60 started 1789911136765 core=4
job 73_COPY_60 end 1789911140321
job 74_COPY_60 started 1789911140321 core=1
job 9_TGAMMA_60 end 1789911148554
job 10_TGAMMA_60 started 1789911148554 core=4
job 10_TGAMMA_60 end 1789911160305
job 11_TGAMMA_60 started 1789911160305 core=4
job 11_TGAMMA_60 end 1789911172128
job 12_TGAMMA_60 started 1789911172128 core=4
job 74_COPY_60 end 1789911176823
job 75_COPY_60 started 1789911176823 core=1
job 12_TGAMMA_60 end 1789911183879
job 13_TGAMMA_60 started 1789911183879 core=4
job 13_TGAMMA_60 end 1789911195699
job 14_TGAMMA_60 started 1789911195699 core=4
job 14_TGAMMA_60 end 1789911207417
job 15_TGAMMA_60 started 1789911207417 core=4
job 75_COPY_60 end 1789911213365
job 76_COPY_60 started 1789911213365 core=1
job 15_TGAMMA_60 end 1789911219157
job 16_TGAMMA_60 started 1789911219157 core=4
job 16_TGAMMA_60 end 1789911230870
job 17_TGAMMA_60 started 1789911230870 core=4
job 17_TGAMMA_60 end 1789911242639
job 18_TGAMMA_60 started 1789911242639 core=4
job 76_COPY_60 end 1789911249914
job 77_COPY_60 started 1789911249914 core=1
job 18_TGAMMA_60 end 1789911254341
job 19_TGAMMA_60 started 1789911254341 core=4
job 19_TGAMMA_60 end 1789911266104
job 20_TGAMMA_60 started 1789911266104 core=4
job 20_TGAMMA_60 end 1789911277801
job 21_TGAMMA_60 started 1789911277801 core=4
job 77_COPY_60 end 1789911286417
job 78_COPY_60 started 1789911286417 core=1
job 21_TGAMMA_60 end 1789911289529
job 22_TGAMMA_60 started 1789911289529 core=4
job 22_TGAMMA_60 end 1789911301244
job 23_TGAMMA_60 started 1789911301244 core=4
job 23_TGAMMA_60 end 1789911313014
job 24_TGAMMA_60 started 1789911313014 core=4
job 78_COPY_60 end 1789911322965
job 79_COPY_60 started 1789911322965 core=1
job 24_TGAMMA_60 end 1789911324716
job 25_TGAMMA_60 started 1789911324716 core=4
job 25_TGAMMA_60 end 1789911336489
job 26_TGAMMA_60 started 1789911336489 core=4
job 26_TGAMMA_60 end 1789911348194
job 27_TGAMMA_60 started 1789911348194 core=4
job 79_COPY_60 end 1789911359502
job 80_COPY_60 started 1789911359502 core=1
job 27_TGAMMA_60 end 1789911359954
job 28_TGAMMA_60 started 1789911359954 core=4
job 28_TGAMMA_60 end 1789911371658
job 29_TGAMMA_60 started 1789911371658 core=4
job 29_TGAMMA_60 end 1789911383422
job 30_TGAMMA_60 started 1789911383423 core=4
job 30_TGAMMA_60 end 1789911395143
job 31_TGAMMA_60 started 1789911395143 core=4
job 80_COPY_60 end 1789911396034
job 81_COPY_60 started 1789911396034 core=1
job 31_TGAMMA_60 end 1789911406885
job 32_TGAMMA_60 started 1789911406885 core=4
job 32_TGAMMA_60 end 1789911418597
job 33_TGAMMA_60 started 1789911418598 core=4
job 33_TGAMMA_60 end 1789911430349
job 34_TGAMMA_60 started 1789911430349 core=4
job 81_COPY_60 end 1789911432517
job 82_COPY_60 started 1789911432517 core=1
job 34_TGAMMA_60 end 1789911442049
job 35_TGAMMA_60 started 1789911442049 core=4
job 35_TGAMMA_60 end 1789911453810
job 36_TGAMMA_60 started 1789911453810 core=4
job 36_TGAMMA_60 end 1789911465510
job 37_TGAMMA_60 started 1789911465511 core=4
job 82_COPY_60 end 1789911469050
job 83_COPY_60 started 1789911469050 core=1
job 37_TGAMMA_60 end 1789911477260
job 38_TGAMMA_60 started 1789911477261 core=4
job 38_TGAMMA_60 end 1789911488971
job 39_TGAMMA_60 started 1789911488971 core=4
job 39_TGAMMA_60 end 1789911500725
job 40_TGAMMA_60 started 1789911500725 core=4
job 83_COPY_60 end 1789911505557
job 84_COPY_60 started 1789911505557 core=1
job 40_TGAMMA_60 end 1789911512413
job 41_TGAMMA_60 started 1789911512413 core=4
job 41_TGAMMA_60 end 1789911524166
job 42_TGAMMA_60 started 1789911524166 core=4
job 42_TGAMMA_60 end 1789911535866
job 43_TGAMMA_60 started 1789911535866 core=4
job 84_COPY_60 end 1789911542040
job 85_COPY_60 started 1789911542040 core=1
job 43_TGAMMA_60 end 1789911547606
job 44_TGAMMA_60 started 1789911547606 core=4
job 44_TGAMMA_60 end 1789911559311
job 45_TGAMMA_60 started 1789911559311 core=4
job 45_TGAMMA_60 end 1789911571081
job 46_TGAMMA_60 started 1789911571081 core=4
job 85_COPY_60 end 1789911578583
job 86_COPY_60 started 1789911578583 core=1
job 46_TGAMMA_60 end 1789911582770
job 47_TGAMMA_60 started 1789911582771 core=4
job 47_TGAMMA_60 end 1789911594527
job 48_TGAMMA_60 started 1789911594527 core=4
job 48_TGAMMA_60 end 1789911606231
job 49_TGAMMA_60 started 1789911606231 core=4
job 86_COPY_60 end 1789911615087
job 87_COPY_60 started 1789911615087 core=1
job 49_TGAMMA_60 end 1789911617972
job 50_TGAMMA_60 started 1789911617973 core=4
job 50_TGAMMA_60 end 1789911629684
job 51_TGAMMA_60 started 1789911629685 core=4
job 51_TGAMMA_60 end 1789911641446
job 52_TGAMMA_60 started 1789911641446 core=4
job 87_COPY_60 end 1789911651601
job 88_COPY_60 started 1789911651601 core=1
job 52_TGAMMA_60 end 1789911653145
job 53_TGAMMA_60 started 1789911653145 core=4
job 53_TGAMMA_60 end 1789911664960
job 54_TGAMMA_60 started 1789911664960 core=4
job 54_TGAMMA_60 end 1789911676720
job 55_TGAMMA_60 started 1789911676720 core=4
job 88_COPY_60 end 1789911688123
job 89_COPY_60 started 1789911688123 core=1
job 55_TGAMMA_60 end 1789911688531
job 56_TGAMMA_60 started 1789911688531 core=4
job 56_TGAMMA_60 end 1789911700226
job 57_TGAMMA_60 started 1789911700226 core=4
job 57_TGAMMA_60 end 1789911712001
job 58_TGAMMA_60 started 1789911712001 core=4
job 58_TGAMMA_60 end 1789911723710
job 59_TGAMMA_60 started 1789911723710 core=4
job 89_COPY_60 end 1789911724646
job 90_COPY_60 started 1789911724646 core=1
job 59_TGAMMA_60 end 1789911735495
job 60_TGAMMA_60 started 1789911735495 core=4
job 60_TGAMMA_60 end 1789911747262
job 61_TGAMMA_60 started 1789911747262 core=4
job 61_TGAMMA_60 end 1789911759089
job 62_TGAMMA_60 started 1789911759089 core=4
job 90_COPY_60 end 1789911761150
job 91_COPY_60 started 1789911761150 core=1
job 62_TGAMMA_60 end 1789911770840
job 63_TGAMMA_60 started 1789911770840 core=4
job 63_TGAMMA_60 end 1789911782651
job 64_TGAMMA_60 started 1789911782651 core=4
job 64_TGAMMA_60 end 1789911794405
job 65_TGAMMA_60 started 1789911794405 core=4
job 91_COPY_60 end 1789911797641
job 92_COPY_60 started 1789911797641 core=1
job 65_TGAMMA_60 end 1789911806203
job 66_TGAMMA_60 started 1789911806203 core=4
job 66_TGAMMA_60 end 1789911817959
job 67_TGAMMA_60 started 1789911817959 core=4
job 67_TGAMMA_60 end 1789911829762
job 68_TGAMMA_60 started 1789911829762 core=4
job 92_COPY_60 end 1789911834124
job 93_COPY_60 started 1789911834124 core=1
job 68_TGAMMA_60 end 1789911841457
job 69_TGAMMA_60 started 1789911841458 core=4
job 69_TGAMMA_60 end 1789911853213
job 70_TGAMMA_60 started 1789911853214 core=4
job 70_TGAMMA_60 end 1789911864909
job 93_COPY_60 end 1789911869237
job 94_COPY_60 started 1789911869237 core=1
job 94_COPY_60 end 1789911897046
job 95_COPY_60 started 1789911897046 core=1
job 95_COPY_60 end 1789911924874
job 96_COPY_60 started 1789911924874 core=1
job 96_COPY_60 end 1789911952547
job 97_COPY_60 started 1789911952547 core=1
job 97_COPY_60 end 1789911980181
job 98_COPY_60 started 1789911980181 core=1
job 98_COPY_60 end 1789912007833
job 99_COPY_60 started 1789912007833 core=1
job 99_COPY_60 end 1789912035479
  итерация 0: 1004767 ms
  среднее по 1 итерациям: 1004767 ms
  реальных ожиданий свободного ядра: 0  (блокировок в задачах не было)
=== Выполняется проект: two_chain_6.txt (100 работ, перестановка ORDER) ===
fake 3 started 1789912035480 delay_ms=1
fake 2 started 1789912035480 delay_ms=0
fake 2 end 1789912035480
fake 0 started 1789912035480 delay_ms=0
fake 1 started 1789912035480 delay_ms=0
fake 1 end 1789912035480
fake 0 end 1789912035480
job 0_TGAMMA_120 started 1789912035480 core=4
job 57_XPY_60 started 1789912035480 core=1
fake 3 end 1789912035482
job 0_TGAMMA_120 end 1789912059164
job 1_TGAMMA_120 started 1789912059164 core=4
job 57_XPY_60 end 1789912073824
job 58_XPY_60 started 1789912073824 core=1
job 1_TGAMMA_120 end 1789912082780
job 2_TGAMMA_120 started 1789912082780 core=4
job 2_TGAMMA_120 end 1789912106431
job 3_TGAMMA_120 started 1789912106431 core=4
job 58_XPY_60 end 1789912112069
job 59_XPY_60 started 1789912112069 core=1
job 3_TGAMMA_120 end 1789912130054
job 4_TGAMMA_120 started 1789912130054 core=4
job 59_XPY_60 end 1789912150392
job 60_XPY_60 started 1789912150392 core=1
job 4_TGAMMA_120 end 1789912153675
job 5_TGAMMA_120 started 1789912153675 core=4
job 5_TGAMMA_120 end 1789912177304
job 6_TGAMMA_120 started 1789912177304 core=4
job 60_XPY_60 end 1789912188644
job 61_XPY_60 started 1789912188644 core=1
job 6_TGAMMA_120 end 1789912200922
job 7_TGAMMA_120 started 1789912200922 core=4
job 7_TGAMMA_120 end 1789912224561
job 8_TGAMMA_120 started 1789912224561 core=4
job 61_XPY_60 end 1789912226902
job 62_XPY_60 started 1789912226902 core=1
job 8_TGAMMA_120 end 1789912248242
job 9_TGAMMA_120 started 1789912248242 core=4
job 62_XPY_60 end 1789912265154
job 63_XPY_60 started 1789912265154 core=1
job 9_TGAMMA_120 end 1789912271843
job 10_TGAMMA_120 started 1789912271843 core=4
job 10_TGAMMA_120 end 1789912295546
job 11_TGAMMA_120 started 1789912295546 core=4
job 63_XPY_60 end 1789912303084
job 64_XPY_60 started 1789912303084 core=1
job 11_TGAMMA_120 end 1789912319138
job 12_TGAMMA_120 started 1789912319138 core=4
job 64_XPY_60 end 1789912341355
job 65_XPY_60 started 1789912341355 core=1
job 12_TGAMMA_120 end 1789912342763
job 13_TGAMMA_120 started 1789912342763 core=4
job 13_TGAMMA_120 end 1789912366400
job 14_TGAMMA_120 started 1789912366400 core=4
job 65_XPY_60 end 1789912379551
job 66_XPY_60 started 1789912379551 core=1
job 14_TGAMMA_120 end 1789912390019
job 15_TGAMMA_120 started 1789912390020 core=4
job 15_TGAMMA_120 end 1789912413664
job 16_TGAMMA_120 started 1789912413664 core=4
job 66_XPY_60 end 1789912417769
job 67_XPY_60 started 1789912417769 core=1
job 16_TGAMMA_120 end 1789912437286
job 17_TGAMMA_120 started 1789912437286 core=4
job 67_XPY_60 end 1789912456012
job 68_XPY_60 started 1789912456012 core=1
job 17_TGAMMA_120 end 1789912460971
job 18_TGAMMA_120 started 1789912460971 core=4
job 18_TGAMMA_120 end 1789912484617
job 19_TGAMMA_120 started 1789912484617 core=4
job 68_XPY_60 end 1789912494235
job 69_XPY_60 started 1789912494235 core=1
job 19_TGAMMA_120 end 1789912508251
job 20_TGAMMA_120 started 1789912508251 core=4
job 20_TGAMMA_120 end 1789912531906
job 21_TGAMMA_120 started 1789912531906 core=4
job 69_XPY_60 end 1789912532567
job 70_XPY_60 started 1789912532567 core=1
job 21_TGAMMA_120 end 1789912555603
job 22_TGAMMA_120 started 1789912555603 core=4
job 70_XPY_60 end 1789912570850
job 71_XPY_60 started 1789912570850 core=1
job 22_TGAMMA_120 end 1789912579245
job 23_TGAMMA_120 started 1789912579245 core=4
job 23_TGAMMA_120 end 1789912602965
job 24_TGAMMA_120 started 1789912602965 core=4
job 71_XPY_60 end 1789912609048
job 72_XPY_60 started 1789912609048 core=1
job 24_TGAMMA_120 end 1789912626579
job 25_TGAMMA_120 started 1789912626580 core=4
job 72_XPY_60 end 1789912647329
job 73_XPY_60 started 1789912647329 core=1
job 25_TGAMMA_120 end 1789912650189
job 26_TGAMMA_120 started 1789912650189 core=4
job 26_TGAMMA_120 end 1789912673830
job 27_TGAMMA_120 started 1789912673830 core=4
job 73_XPY_60 end 1789912685532
job 74_XPY_60 started 1789912685532 core=1
job 27_TGAMMA_120 end 1789912697449
job 28_TGAMMA_120 started 1789912697449 core=4
job 28_TGAMMA_120 end 1789912721098
job 29_TGAMMA_120 started 1789912721098 core=4
job 74_XPY_60 end 1789912723815
job 75_XPY_60 started 1789912723815 core=1
job 29_TGAMMA_120 end 1789912744663
job 30_TGAMMA_120 started 1789912744663 core=4
job 75_XPY_60 end 1789912762141
job 76_XPY_60 started 1789912762141 core=1
job 30_TGAMMA_120 end 1789912768249
job 31_TGAMMA_120 started 1789912768249 core=4
job 31_TGAMMA_120 end 1789912791925
job 32_TGAMMA_120 started 1789912791926 core=4
job 76_XPY_60 end 1789912800443
job 77_XPY_60 started 1789912800443 core=1
job 32_TGAMMA_120 end 1789912815513
job 33_TGAMMA_120 started 1789912815513 core=4
job 77_XPY_60 end 1789912838751
job 78_XPY_60 started 1789912838751 core=1
job 33_TGAMMA_120 end 1789912839100
job 34_TGAMMA_120 started 1789912839100 core=4
job 34_TGAMMA_120 end 1789912862684
job 35_TGAMMA_120 started 1789912862684 core=4
job 78_XPY_60 end 1789912876940
job 79_XPY_60 started 1789912876940 core=1
job 35_TGAMMA_120 end 1789912886252
job 36_TGAMMA_120 started 1789912886252 core=4
job 36_TGAMMA_120 end 1789912909849
job 37_TGAMMA_120 started 1789912909849 core=4
job 79_XPY_60 end 1789912915148
job 80_XPY_60 started 1789912915148 core=1
job 37_TGAMMA_120 end 1789912933526
job 38_TGAMMA_120 started 1789912933526 core=4
job 80_XPY_60 end 1789912953475
job 81_XPY_60 started 1789912953475 core=1
job 38_TGAMMA_120 end 1789912957109
job 39_TGAMMA_120 started 1789912957109 core=4
job 39_TGAMMA_120 end 1789912980692
job 40_TGAMMA_120 started 1789912980692 core=4
job 81_XPY_60 end 1789912991747
job 82_XPY_60 started 1789912991747 core=1
job 40_TGAMMA_120 end 1789913004285
job 41_TGAMMA_120 started 1789913004285 core=4
job 41_TGAMMA_120 end 1789913027887
job 42_TGAMMA_120 started 1789913027887 core=4
job 82_XPY_60 end 1789913030047
job 83_XPY_60 started 1789913030047 core=1
job 42_TGAMMA_120 end 1789913051474
job 43_TGAMMA_120 started 1789913051474 core=4
job 83_XPY_60 end 1789913068365
job 84_XPY_60 started 1789913068365 core=1
job 43_TGAMMA_120 end 1789913075048
job 44_TGAMMA_120 started 1789913075048 core=4
job 44_TGAMMA_120 end 1789913098727
job 45_TGAMMA_120 started 1789913098727 core=4
job 84_XPY_60 end 1789913106625
job 85_XPY_60 started 1789913106625 core=1
job 45_TGAMMA_120 end 1789913122313
job 46_TGAMMA_120 started 1789913122313 core=4
job 85_XPY_60 end 1789913144933
job 86_XPY_60 started 1789913144933 core=1
job 46_TGAMMA_120 end 1789913145891
job 47_TGAMMA_120 started 1789913145891 core=4
job 47_TGAMMA_120 end 1789913169449
job 48_TGAMMA_120 started 1789913169450 core=4
job 86_XPY_60 end 1789913182973
job 87_XPY_60 started 1789913182974 core=1
job 48_TGAMMA_120 end 1789913193038
job 49_TGAMMA_120 started 1789913193038 core=4
job 49_TGAMMA_120 end 1789913216617
job 50_TGAMMA_120 started 1789913216617 core=4
job 87_XPY_60 end 1789913221239
job 88_XPY_60 started 1789913221240 core=1
job 50_TGAMMA_120 end 1789913240206
job 51_TGAMMA_120 started 1789913240206 core=4
job 88_XPY_60 end 1789913259564
job 51_TGAMMA_120 end 1789913263622
job 52_TGAMMA_120 started 1789913263622 core=4
job 52_TGAMMA_120 end 1789913286201
job 53_TGAMMA_120 started 1789913286201 core=4
job 53_TGAMMA_120 end 1789913308815
job 89_XPY_60 started 1789913308815 core=1
job 89_XPY_60 end 1789913336687
job 54_TGAMMA_120 started 1789913336687 core=4
job 54_TGAMMA_120 end 1789913359319
job 90_XPY_60 started 1789913359319 core=1
job 90_XPY_60 end 1789913387182
job 55_TGAMMA_120 started 1789913387182 core=4
job 55_TGAMMA_120 end 1789913409779
job 91_XPY_60 started 1789913409779 core=1
job 91_XPY_60 end 1789913437655
job 56_TGAMMA_120 started 1789913437655 core=4
job 56_TGAMMA_120 end 1789913460220
job 92_XPY_60 started 1789913460220 core=1
job 92_XPY_60 end 1789913488103
job 93_XPY_60 started 1789913488103 core=1
job 93_XPY_60 end 1789913515966
job 94_XPY_60 started 1789913515966 core=1
job 94_XPY_60 end 1789913543833
job 95_XPY_60 started 1789913543833 core=1
job 95_XPY_60 end 1789913571766
job 96_XPY_60 started 1789913571766 core=1
job 96_XPY_60 end 1789913599660
job 97_XPY_60 started 1789913599660 core=1
job 97_XPY_60 end 1789913627509
job 98_XPY_60 started 1789913627510 core=1
job 98_XPY_60 end 1789913655372
job 99_XPY_60 started 1789913655372 core=1
job 99_XPY_60 end 1789913683217
  итерация 0: 1647737 ms
  среднее по 1 итерациям: 1647737 ms
  реальных ожиданий свободного ядра: 7
=== Выполняется проект: two_chain_7.txt (100 работ, перестановка ORDER) ===
fake 3 started 1789913683218 delay_ms=1
fake 2 started 1789913683218 delay_ms=0
fake 2 end 1789913683218
fake 0 started 1789913683218 delay_ms=0
fake 0 end 1789913683218
fake 1 started 1789913683218 delay_ms=0
fake 1 end 1789913683218
job 89_DOT_84 started 1789913683218 core=5
job 0_TGAMMA_24 started 1789913683218 core=4
fake 3 end 1789913683219
job 0_TGAMMA_24 end 1789913687889
job 1_TGAMMA_24 started 1789913687889 core=4
job 1_TGAMMA_24 end 1789913692600
job 2_TGAMMA_24 started 1789913692600 core=4
job 2_TGAMMA_24 end 1789913697293
job 3_TGAMMA_24 started 1789913697293 core=4
job 3_TGAMMA_24 end 1789913701929
job 4_TGAMMA_24 started 1789913701929 core=4
job 4_TGAMMA_24 end 1789913706644
job 5_TGAMMA_24 started 1789913706644 core=4
job 5_TGAMMA_24 end 1789913711330
job 6_TGAMMA_24 started 1789913711330 core=4
job 6_TGAMMA_24 end 1789913715976
job 7_TGAMMA_24 started 1789913715976 core=4
job 7_TGAMMA_24 end 1789913720688
job 8_TGAMMA_24 started 1789913720688 core=4
job 8_TGAMMA_24 end 1789913725380
job 9_TGAMMA_24 started 1789913725381 core=4
job 9_TGAMMA_24 end 1789913730021
job 10_TGAMMA_24 started 1789913730021 core=4
job 89_DOT_84 end 1789913730417
job 90_DOT_84 started 1789913730417 core=5
job 10_TGAMMA_24 end 1789913734708
job 11_TGAMMA_24 started 1789913734708 core=4
job 11_TGAMMA_24 end 1789913739396
job 12_TGAMMA_24 started 1789913739396 core=4
job 12_TGAMMA_24 end 1789913744030
job 13_TGAMMA_24 started 1789913744030 core=4
job 13_TGAMMA_24 end 1789913748744
job 14_TGAMMA_24 started 1789913748744 core=4
job 14_TGAMMA_24 end 1789913753433
job 15_TGAMMA_24 started 1789913753433 core=4
job 15_TGAMMA_24 end 1789913758070
job 16_TGAMMA_24 started 1789913758070 core=4
job 16_TGAMMA_24 end 1789913762780
job 17_TGAMMA_24 started 1789913762780 core=4
job 17_TGAMMA_24 end 1789913767465
job 18_TGAMMA_24 started 1789913767465 core=4
job 18_TGAMMA_24 end 1789913772101
job 19_TGAMMA_24 started 1789913772101 core=4
job 19_TGAMMA_24 end 1789913776823
job 20_TGAMMA_24 started 1789913776823 core=4
job 90_DOT_84 end 1789913777621
job 91_DOT_84 started 1789913777621 core=5
job 20_TGAMMA_24 end 1789913781493
job 21_TGAMMA_24 started 1789913781493 core=4
job 21_TGAMMA_24 end 1789913786138
job 22_TGAMMA_24 started 1789913786138 core=4
job 22_TGAMMA_24 end 1789913790844
job 23_TGAMMA_24 started 1789913790844 core=4
job 23_TGAMMA_24 end 1789913795530
job 24_TGAMMA_24 started 1789913795530 core=4
job 24_TGAMMA_24 end 1789913800166
job 25_TGAMMA_24 started 1789913800166 core=4
job 25_TGAMMA_24 end 1789913804874
job 26_TGAMMA_24 started 1789913804874 core=4
job 26_TGAMMA_24 end 1789913809565
job 27_TGAMMA_24 started 1789913809566 core=4
job 27_TGAMMA_24 end 1789913814207
job 28_TGAMMA_24 started 1789913814207 core=4
job 28_TGAMMA_24 end 1789913818922
job 29_TGAMMA_24 started 1789913818922 core=4
job 29_TGAMMA_24 end 1789913823617
job 30_TGAMMA_24 started 1789913823617 core=4
job 91_DOT_84 end 1789913824832
job 92_DOT_84 started 1789913824832 core=5
job 30_TGAMMA_24 end 1789913828243
job 31_TGAMMA_24 started 1789913828243 core=4
job 31_TGAMMA_24 end 1789913832955
job 32_TGAMMA_24 started 1789913832955 core=4
job 32_TGAMMA_24 end 1789913837644
job 33_TGAMMA_24 started 1789913837644 core=4
job 33_TGAMMA_24 end 1789913842288
job 34_TGAMMA_24 started 1789913842289 core=4
job 34_TGAMMA_24 end 1789913847000
job 35_TGAMMA_24 started 1789913847000 core=4
job 35_TGAMMA_24 end 1789913851687
job 36_TGAMMA_24 started 1789913851687 core=4
job 36_TGAMMA_24 end 1789913856331
job 37_TGAMMA_24 started 1789913856331 core=4
job 37_TGAMMA_24 end 1789913861039
job 38_TGAMMA_24 started 1789913861039 core=4
job 38_TGAMMA_24 end 1789913865728
job 39_TGAMMA_24 started 1789913865728 core=4
job 39_TGAMMA_24 end 1789913870373
job 40_TGAMMA_24 started 1789913870373 core=4
job 92_DOT_84 end 1789913871987
job 93_DOT_84 started 1789913871987 core=5
job 40_TGAMMA_24 end 1789913875062
job 41_TGAMMA_24 started 1789913875062 core=4
job 41_TGAMMA_24 end 1789913879751
job 42_TGAMMA_24 started 1789913879751 core=4
job 42_TGAMMA_24 end 1789913884387
job 43_TGAMMA_24 started 1789913884387 core=4
job 43_TGAMMA_24 end 1789913889101
job 44_TGAMMA_24 started 1789913889101 core=4
job 44_TGAMMA_24 end 1789913893788
job 45_TGAMMA_24 started 1789913893788 core=4
job 45_TGAMMA_24 end 1789913898428
job 46_TGAMMA_24 started 1789913898428 core=4
job 46_TGAMMA_24 end 1789913903139
job 47_TGAMMA_24 started 1789913903139 core=4
job 47_TGAMMA_24 end 1789913907826
job 48_TGAMMA_24 started 1789913907827 core=4
job 48_TGAMMA_24 end 1789913912473
job 49_TGAMMA_24 started 1789913912473 core=4
job 49_TGAMMA_24 end 1789913917182
job 50_TGAMMA_24 started 1789913917183 core=4
job 93_DOT_84 end 1789913919197
job 94_DOT_84 started 1789913919197 core=5
job 50_TGAMMA_24 end 1789913921853
job 51_TGAMMA_24 started 1789913921853 core=4
job 51_TGAMMA_24 end 1789913926496
job 52_TGAMMA_24 started 1789913926497 core=4
job 52_TGAMMA_24 end 1789913931209
job 53_TGAMMA_24 started 1789913931209 core=4
job 53_TGAMMA_24 end 1789913935907
job 54_TGAMMA_24 started 1789913935907 core=4
job 54_TGAMMA_24 end 1789913940551
job 55_TGAMMA_24 started 1789913940551 core=4
job 55_TGAMMA_24 end 1789913945269
job 56_TGAMMA_24 started 1789913945269 core=4
job 56_TGAMMA_24 end 1789913949958
job 57_TGAMMA_24 started 1789913949958 core=4
job 57_TGAMMA_24 end 1789913954602
job 58_TGAMMA_24 started 1789913954602 core=4
job 58_TGAMMA_24 end 1789913959317
job 59_TGAMMA_24 started 1789913959317 core=4
job 59_TGAMMA_24 end 1789913964008
job 60_TGAMMA_24 started 1789913964008 core=4
job 94_DOT_84 end 1789913966426
job 95_DOT_84 started 1789913966426 core=5
job 60_TGAMMA_24 end 1789913968638
job 61_TGAMMA_24 started 1789913968638 core=4
job 61_TGAMMA_24 end 1789913973345
job 62_TGAMMA_24 started 1789913973345 core=4
job 62_TGAMMA_24 end 1789913978033
job 63_TGAMMA_24 started 1789913978033 core=4
job 63_TGAMMA_24 end 1789913982674
job 64_TGAMMA_24 started 1789913982674 core=4
job 64_TGAMMA_24 end 1789913987386
job 65_TGAMMA_24 started 1789913987386 core=4
job 65_TGAMMA_24 end 1789913992078
job 66_TGAMMA_24 started 1789913992078 core=4
job 66_TGAMMA_24 end 1789913996721
job 67_TGAMMA_24 started 1789913996721 core=4
job 67_TGAMMA_24 end 1789914001437
job 68_TGAMMA_24 started 1789914001437 core=4
job 68_TGAMMA_24 end 1789914006123
job 69_TGAMMA_24 started 1789914006123 core=4
job 69_TGAMMA_24 end 1789914010764
job 70_TGAMMA_24 started 1789914010764 core=4
job 95_DOT_84 end 1789914013594
job 96_DOT_84 started 1789914013594 core=5
job 70_TGAMMA_24 end 1789914015451
job 71_TGAMMA_24 started 1789914015451 core=4
job 71_TGAMMA_24 end 1789914020137
job 72_TGAMMA_24 started 1789914020137 core=4
job 72_TGAMMA_24 end 1789914024775
job 73_TGAMMA_24 started 1789914024775 core=4
job 73_TGAMMA_24 end 1789914029485
job 74_TGAMMA_24 started 1789914029485 core=4
job 74_TGAMMA_24 end 1789914034181
job 75_TGAMMA_24 started 1789914034181 core=4
job 75_TGAMMA_24 end 1789914038817
job 76_TGAMMA_24 started 1789914038818 core=4
job 76_TGAMMA_24 end 1789914043531
job 77_TGAMMA_24 started 1789914043531 core=4
job 77_TGAMMA_24 end 1789914048222
job 78_TGAMMA_24 started 1789914048222 core=4
job 78_TGAMMA_24 end 1789914052862
job 79_TGAMMA_24 started 1789914052862 core=4
job 79_TGAMMA_24 end 1789914057575
job 80_TGAMMA_24 started 1789914057575 core=4
job 96_DOT_84 end 1789914060788
job 97_DOT_84 started 1789914060788 core=5
job 80_TGAMMA_24 end 1789914062240
job 81_TGAMMA_24 started 1789914062240 core=4
job 81_TGAMMA_24 end 1789914066875
job 82_TGAMMA_24 started 1789914066875 core=4
job 82_TGAMMA_24 end 1789914071593
job 83_TGAMMA_24 started 1789914071593 core=4
job 83_TGAMMA_24 end 1789914076283
job 84_TGAMMA_24 started 1789914076283 core=4
job 84_TGAMMA_24 end 1789914080920
job 85_TGAMMA_24 started 1789914080921 core=4
job 85_TGAMMA_24 end 1789914085632
job 86_TGAMMA_24 started 1789914085632 core=4
job 86_TGAMMA_24 end 1789914090324
job 87_TGAMMA_24 started 1789914090324 core=4
job 87_TGAMMA_24 end 1789914094959
job 88_TGAMMA_24 started 1789914094960 core=4
job 88_TGAMMA_24 end 1789914099672
job 97_DOT_84 end 1789914106277
job 98_DOT_84 started 1789914106277 core=5
job 98_DOT_84 end 1789914143846
job 99_DOT_84 started 1789914143846 core=5
job 99_DOT_84 end 1789914175832
  итерация 0: 492614 ms
  среднее по 1 итерациям: 492614 ms
  реальных ожиданий свободного ядра: 0  (блокировок в задачах не было)
=== Выполняется проект: two_chain_8.txt (100 работ, перестановка ORDER) ===
fake 3 started 1789914175833 delay_ms=1
fake 2 started 1789914175833 delay_ms=0
fake 2 end 1789914175833
fake 1 started 1789914175833 delay_ms=0
fake 1 end 1789914175833
fake 0 started 1789914175833 delay_ms=0
fake 0 end 1789914175833
job 0_TGAMMA_60 started 1789914175833 core=4
job 72_XPY_60 started 1789914175833 core=5
fake 3 end 1789914175845
job 0_TGAMMA_60 end 1789914187459
job 1_TGAMMA_60 started 1789914187459 core=4
job 1_TGAMMA_60 end 1789914199298
job 2_TGAMMA_60 started 1789914199299 core=4
job 2_TGAMMA_60 end 1789914210947
job 3_TGAMMA_60 started 1789914210947 core=4
job 72_XPY_60 end 1789914214236
job 73_XPY_60 started 1789914214236 core=5
job 3_TGAMMA_60 end 1789914222765
job 4_TGAMMA_60 started 1789914222765 core=4
job 4_TGAMMA_60 end 1789914234405
job 5_TGAMMA_60 started 1789914234405 core=4
job 5_TGAMMA_60 end 1789914246259
job 6_TGAMMA_60 started 1789914246260 core=4
job 73_XPY_60 end 1789914252599
job 74_XPY_60 started 1789914252599 core=5
job 6_TGAMMA_60 end 1789914257894
job 7_TGAMMA_60 started 1789914257894 core=4
job 7_TGAMMA_60 end 1789914269737
job 8_TGAMMA_60 started 1789914269737 core=4
job 8_TGAMMA_60 end 1789914281384
job 9_TGAMMA_60 started 1789914281384 core=4
job 74_XPY_60 end 1789914290984
job 75_XPY_60 started 1789914290984 core=5
job 9_TGAMMA_60 end 1789914293208
job 10_TGAMMA_60 started 1789914293208 core=4
job 10_TGAMMA_60 end 1789914304853
job 11_TGAMMA_60 started 1789914304853 core=4
job 11_TGAMMA_60 end 1789914316723
job 12_TGAMMA_60 started 1789914316723 core=4
job 12_TGAMMA_60 end 1789914328366
job 13_TGAMMA_60 started 1789914328366 core=4
job 75_XPY_60 end 1789914329472
job 76_XPY_60 started 1789914329472 core=5
job 13_TGAMMA_60 end 1789914340185
job 14_TGAMMA_60 started 1789914340186 core=4
job 14_TGAMMA_60 end 1789914351831
job 15_TGAMMA_60 started 1789914351831 core=4
job 15_TGAMMA_60 end 1789914363684
job 16_TGAMMA_60 started 1789914363684 core=4
job 76_XPY_60 end 1789914367837
job 77_XPY_60 started 1789914367837 core=5
job 16_TGAMMA_60 end 1789914375319
job 17_TGAMMA_60 started 1789914375319 core=4
job 17_TGAMMA_60 end 1789914387165
job 18_TGAMMA_60 started 1789914387166 core=4
job 18_TGAMMA_60 end 1789914398812
job 19_TGAMMA_60 started 1789914398812 core=4
job 77_XPY_60 end 1789914406243
job 78_XPY_60 started 1789914406244 core=5
job 19_TGAMMA_60 end 1789914410633
job 20_TGAMMA_60 started 1789914410633 core=4
job 20_TGAMMA_60 end 1789914422282
job 21_TGAMMA_60 started 1789914422282 core=4
job 21_TGAMMA_60 end 1789914434132
job 22_TGAMMA_60 started 1789914434132 core=4
job 78_XPY_60 end 1789914444646
job 79_XPY_60 started 1789914444646 core=5
job 22_TGAMMA_60 end 1789914445772
job 23_TGAMMA_60 started 1789914445773 core=4
job 23_TGAMMA_60 end 1789914457619
job 24_TGAMMA_60 started 1789914457619 core=4
job 24_TGAMMA_60 end 1789914469263
job 25_TGAMMA_60 started 1789914469263 core=4
job 25_TGAMMA_60 end 1789914481116
job 26_TGAMMA_60 started 1789914481116 core=4
job 79_XPY_60 end 1789914483006
job 80_XPY_60 started 1789914483006 core=5
job 26_TGAMMA_60 end 1789914492760
job 27_TGAMMA_60 started 1789914492760 core=4
job 27_TGAMMA_60 end 1789914504610
job 28_TGAMMA_60 started 1789914504610 core=4
job 28_TGAMMA_60 end 1789914516256
job 29_TGAMMA_60 started 1789914516256 core=4
job 80_XPY_60 end 1789914521453
job 81_XPY_60 started 1789914521453 core=5
job 29_TGAMMA_60 end 1789914528084
job 30_TGAMMA_60 started 1789914528084 core=4
job 30_TGAMMA_60 end 1789914539733
job 31_TGAMMA_60 started 1789914539733 core=4
job 31_TGAMMA_60 end 1789914551579
job 32_TGAMMA_60 started 1789914551579 core=4
job 81_XPY_60 end 1789914559824
job 82_XPY_60 started 1789914559824 core=5
job 32_TGAMMA_60 end 1789914563212
job 33_TGAMMA_60 started 1789914563212 core=4
job 33_TGAMMA_60 end 1789914575068
job 34_TGAMMA_60 started 1789914575068 core=4
job 34_TGAMMA_60 end 1789914586703
job 35_TGAMMA_60 started 1789914586703 core=4
job 82_XPY_60 end 1789914598220
job 83_XPY_60 started 1789914598220 core=5
job 35_TGAMMA_60 end 1789914598552
job 36_TGAMMA_60 started 1789914598552 core=4
job 36_TGAMMA_60 end 1789914610195
job 37_TGAMMA_60 started 1789914610195 core=4
job 37_TGAMMA_60 end 1789914622031
job 38_TGAMMA_60 started 1789914622031 core=4
job 38_TGAMMA_60 end 1789914633680
job 39_TGAMMA_60 started 1789914633680 core=4
job 83_XPY_60 end 1789914636622
job 84_XPY_60 started 1789914636622 core=5
job 39_TGAMMA_60 end 1789914645502
job 40_TGAMMA_60 started 1789914645502 core=4
job 40_TGAMMA_60 end 1789914657147
job 41_TGAMMA_60 started 1789914657147 core=4
job 41_TGAMMA_60 end 1789914669002
job 42_TGAMMA_60 started 1789914669002 core=4
job 84_XPY_60 end 1789914675016
job 85_XPY_60 started 1789914675016 core=5
job 42_TGAMMA_60 end 1789914680643
job 43_TGAMMA_60 started 1789914680643 core=4
job 43_TGAMMA_60 end 1789914692484
job 44_TGAMMA_60 started 1789914692484 core=4
job 44_TGAMMA_60 end 1789914704132
job 45_TGAMMA_60 started 1789914704132 core=4
job 85_XPY_60 end 1789914713423
job 86_XPY_60 started 1789914713423 core=5
job 45_TGAMMA_60 end 1789914715956
job 46_TGAMMA_60 started 1789914715956 core=4
job 46_TGAMMA_60 end 1789914727603
job 47_TGAMMA_60 started 1789914727603 core=4
job 47_TGAMMA_60 end 1789914739456
job 48_TGAMMA_60 started 1789914739456 core=4
job 48_TGAMMA_60 end 1789914751105
job 49_TGAMMA_60 started 1789914751105 core=4
job 86_XPY_60 end 1789914751813
job 87_XPY_60 started 1789914751813 core=5
job 49_TGAMMA_60 end 1789914762932
job 50_TGAMMA_60 started 1789914762932 core=4
job 50_TGAMMA_60 end 1789914774583
job 51_TGAMMA_60 started 1789914774583 core=4
job 51_TGAMMA_60 end 1789914786425
job 52_TGAMMA_60 started 1789914786425 core=4
job 87_XPY_60 end 1789914790157
job 88_XPY_60 started 1789914790157 core=5
job 52_TGAMMA_60 end 1789914798059
job 53_TGAMMA_60 started 1789914798059 core=4
job 53_TGAMMA_60 end 1789914809908
job 54_TGAMMA_60 started 1789914809908 core=4
job 54_TGAMMA_60 end 1789914821557
job 55_TGAMMA_60 started 1789914821557 core=4
job 88_XPY_60 end 1789914828571
job 89_XPY_60 started 1789914828572 core=5
job 55_TGAMMA_60 end 1789914833383
job 56_TGAMMA_60 started 1789914833383 core=4
job 56_TGAMMA_60 end 1789914845023
job 57_TGAMMA_60 started 1789914845023 core=4
job 57_TGAMMA_60 end 1789914856873
job 58_TGAMMA_60 started 1789914856873 core=4
job 89_XPY_60 end 1789914866955
job 90_XPY_60 started 1789914866955 core=5
job 58_TGAMMA_60 end 1789914868509
job 59_TGAMMA_60 started 1789914868509 core=4
job 59_TGAMMA_60 end 1789914880352
job 60_TGAMMA_60 started 1789914880352 core=4
job 60_TGAMMA_60 end 1789914891992
job 61_TGAMMA_60 started 1789914891992 core=4
job 61_TGAMMA_60 end 1789914903835
job 62_TGAMMA_60 started 1789914903835 core=4
job 90_XPY_60 end 1789914905296
job 91_XPY_60 started 1789914905296 core=5
job 62_TGAMMA_60 end 1789914915470
job 63_TGAMMA_60 started 1789914915470 core=4
job 63_TGAMMA_60 end 1789914927334
job 64_TGAMMA_60 started 1789914927334 core=4
job 64_TGAMMA_60 end 1789914938988
job 65_TGAMMA_60 started 1789914938989 core=4
job 91_XPY_60 end 1789914943734
job 65_TGAMMA_60 end 1789914950542
job 66_TGAMMA_60 started 1789914950542 core=4
job 66_TGAMMA_60 end 1789914961872
job 92_XPY_60 started 1789914961872 core=5
job 92_XPY_60 end 1789914989752
job 67_TGAMMA_60 started 1789914989753 core=4
job 67_TGAMMA_60 end 1789915001053
job 93_XPY_60 started 1789915001053 core=5
job 93_XPY_60 end 1789915028909
job 68_TGAMMA_60 started 1789915028909 core=4
job 68_TGAMMA_60 end 1789915040207
job 94_XPY_60 started 1789915040208 core=5
job 94_XPY_60 end 1789915068084
job 69_TGAMMA_60 started 1789915068084 core=4
job 69_TGAMMA_60 end 1789915079406
job 95_XPY_60 started 1789915079406 core=5
job 95_XPY_60 end 1789915107276
job 70_TGAMMA_60 started 1789915107277 core=4
job 70_TGAMMA_60 end 1789915118615
job 96_XPY_60 started 1789915118615 core=5
job 96_XPY_60 end 1789915146464
job 71_TGAMMA_60 started 1789915146464 core=4
job 71_TGAMMA_60 end 1789915157778
job 97_XPY_60 started 1789915157778 core=5
job 97_XPY_60 end 1789915185621
job 98_XPY_60 started 1789915185621 core=5
job 98_XPY_60 end 1789915213495
job 99_XPY_60 started 1789915213495 core=5
job 99_XPY_60 end 1789915241360
  итерация 0: 1065526 ms
  среднее по 1 итерациям: 1065526 ms
  реальных ожиданий свободного ядра: 11
=== Выполняется проект: two_chain_9.txt (100 работ, перестановка ORDER) ===
fake 3 started 1789915241360 delay_ms=1
fake 0 started 1789915241360 delay_ms=0
fake 0 end 1789915241360
fake 1 started 1789915241360 delay_ms=0
fake 1 end 1789915241360
fake 2 started 1789915241360 delay_ms=0
job 89_SUM_84 started 1789915241360 core=0
fake 2 end 1789915241360
job 0_TGAMMA_12 started 1789915241361 core=4
fake 3 end 1789915241361
job 0_TGAMMA_12 end 1789915243673
job 1_TGAMMA_12 started 1789915243673 core=4
job 1_TGAMMA_12 end 1789915245989
job 2_TGAMMA_12 started 1789915245989 core=5
job 2_TGAMMA_12 end 1789915248310
job 3_TGAMMA_12 started 1789915248310 core=5
job 3_TGAMMA_12 end 1789915250623
job 4_TGAMMA_12 started 1789915250623 core=5
job 4_TGAMMA_12 end 1789915252936
job 5_TGAMMA_12 started 1789915252936 core=5
job 5_TGAMMA_12 end 1789915255260
job 6_TGAMMA_12 started 1789915255260 core=5
job 6_TGAMMA_12 end 1789915257575
job 7_TGAMMA_12 started 1789915257575 core=5
job 7_TGAMMA_12 end 1789915259887
job 8_TGAMMA_12 started 1789915259887 core=5
job 8_TGAMMA_12 end 1789915262210
job 9_TGAMMA_12 started 1789915262211 core=5
job 9_TGAMMA_12 end 1789915264523
job 10_TGAMMA_12 started 1789915264523 core=5
job 89_SUM_84 end 1789915265411
job 90_SUM_84 started 1789915265411 core=0
job 10_TGAMMA_12 end 1789915266848
job 11_TGAMMA_12 started 1789915266848 core=5
job 11_TGAMMA_12 end 1789915269160
job 12_TGAMMA_12 started 1789915269160 core=5
job 12_TGAMMA_12 end 1789915271486
job 13_TGAMMA_12 started 1789915271486 core=5
job 13_TGAMMA_12 end 1789915273798
job 14_TGAMMA_12 started 1789915273798 core=5
job 14_TGAMMA_12 end 1789915276125
job 15_TGAMMA_12 started 1789915276125 core=5
job 15_TGAMMA_12 end 1789915278441
job 16_TGAMMA_12 started 1789915278441 core=5
job 16_TGAMMA_12 end 1789915280768
job 17_TGAMMA_12 started 1789915280768 core=5
job 17_TGAMMA_12 end 1789915283082
job 18_TGAMMA_12 started 1789915283082 core=5
job 18_TGAMMA_12 end 1789915285390
job 19_TGAMMA_12 started 1789915285390 core=5
job 19_TGAMMA_12 end 1789915287709
job 20_TGAMMA_12 started 1789915287710 core=5
job 90_SUM_84 end 1789915289454
job 91_SUM_84 started 1789915289454 core=0
job 20_TGAMMA_12 end 1789915290023
job 21_TGAMMA_12 started 1789915290023 core=5
job 21_TGAMMA_12 end 1789915292337
job 22_TGAMMA_12 started 1789915292337 core=5
job 22_TGAMMA_12 end 1789915294657
job 23_TGAMMA_12 started 1789915294658 core=5
job 23_TGAMMA_12 end 1789915296965
job 24_TGAMMA_12 started 1789915296965 core=5
job 24_TGAMMA_12 end 1789915299272
job 25_TGAMMA_12 started 1789915299272 core=5
job 25_TGAMMA_12 end 1789915301597
job 26_TGAMMA_12 started 1789915301597 core=5
job 26_TGAMMA_12 end 1789915303909
job 27_TGAMMA_12 started 1789915303909 core=5
job 27_TGAMMA_12 end 1789915306220
job 28_TGAMMA_12 started 1789915306220 core=5
job 28_TGAMMA_12 end 1789915308541
job 29_TGAMMA_12 started 1789915308541 core=5
job 29_TGAMMA_12 end 1789915310851
job 30_TGAMMA_12 started 1789915310852 core=5
job 30_TGAMMA_12 end 1789915313163
job 31_TGAMMA_12 started 1789915313164 core=5
job 91_SUM_84 end 1789915313473
job 92_SUM_84 started 1789915313473 core=0
job 31_TGAMMA_12 end 1789915315484
job 32_TGAMMA_12 started 1789915315484 core=5
job 32_TGAMMA_12 end 1789915317792
job 33_TGAMMA_12 started 1789915317792 core=5
job 33_TGAMMA_12 end 1789915320104
job 34_TGAMMA_12 started 1789915320104 core=5
job 34_TGAMMA_12 end 1789915322429
job 35_TGAMMA_12 started 1789915322429 core=5
job 35_TGAMMA_12 end 1789915324739
job 36_TGAMMA_12 started 1789915324739 core=5
job 36_TGAMMA_12 end 1789915327047
job 37_TGAMMA_12 started 1789915327047 core=5
job 37_TGAMMA_12 end 1789915329369
job 38_TGAMMA_12 started 1789915329369 core=5
job 38_TGAMMA_12 end 1789915331681
job 39_TGAMMA_12 started 1789915331681 core=5
job 39_TGAMMA_12 end 1789915333998
job 40_TGAMMA_12 started 1789915333998 core=5
job 40_TGAMMA_12 end 1789915336311
job 41_TGAMMA_12 started 1789915336311 core=5
job 92_SUM_84 end 1789915337493
job 93_SUM_84 started 1789915337493 core=0
job 41_TGAMMA_12 end 1789915338633
job 42_TGAMMA_12 started 1789915338633 core=5
job 42_TGAMMA_12 end 1789915340949
job 43_TGAMMA_12 started 1789915340949 core=5
job 43_TGAMMA_12 end 1789915343262
job 44_TGAMMA_12 started 1789915343262 core=5
job 44_TGAMMA_12 end 1789915345584
job 45_TGAMMA_12 started 1789915345584 core=5
job 45_TGAMMA_12 end 1789915347896
job 46_TGAMMA_12 started 1789915347896 core=5
job 46_TGAMMA_12 end 1789915350216
job 47_TGAMMA_12 started 1789915350216 core=5
job 47_TGAMMA_12 end 1789915352531
job 48_TGAMMA_12 started 1789915352531 core=5
job 48_TGAMMA_12 end 1789915354854
job 49_TGAMMA_12 started 1789915354855 core=5
job 49_TGAMMA_12 end 1789915357164
job 50_TGAMMA_12 started 1789915357164 core=5
job 50_TGAMMA_12 end 1789915359487
job 51_TGAMMA_12 started 1789915359487 core=5
job 93_SUM_84 end 1789915361529
job 94_SUM_84 started 1789915361530 core=0
job 51_TGAMMA_12 end 1789915361793
job 52_TGAMMA_12 started 1789915361793 core=5
job 52_TGAMMA_12 end 1789915364106
job 53_TGAMMA_12 started 1789915364107 core=5
job 53_TGAMMA_12 end 1789915366432
job 54_TGAMMA_12 started 1789915366432 core=5
job 54_TGAMMA_12 end 1789915368743
job 55_TGAMMA_12 started 1789915368744 core=5
job 55_TGAMMA_12 end 1789915371066
job 56_TGAMMA_12 started 1789915371066 core=5
job 56_TGAMMA_12 end 1789915373380
job 57_TGAMMA_12 started 1789915373380 core=5
job 57_TGAMMA_12 end 1789915375706
job 58_TGAMMA_12 started 1789915375706 core=5
job 58_TGAMMA_12 end 1789915378019
job 59_TGAMMA_12 started 1789915378019 core=5
job 59_TGAMMA_12 end 1789915380329
job 60_TGAMMA_12 started 1789915380329 core=5
job 60_TGAMMA_12 end 1789915382653
job 61_TGAMMA_12 started 1789915382653 core=5
job 61_TGAMMA_12 end 1789915384960
job 62_TGAMMA_12 started 1789915384960 core=5
job 94_SUM_84 end 1789915385579
job 95_SUM_84 started 1789915385580 core=0
job 62_TGAMMA_12 end 1789915387277
job 63_TGAMMA_12 started 1789915387278 core=5
job 63_TGAMMA_12 end 1789915389585
job 64_TGAMMA_12 started 1789915389585 core=5
job 64_TGAMMA_12 end 1789915391897
job 65_TGAMMA_12 started 1789915391897 core=5
job 65_TGAMMA_12 end 1789915394226
job 66_TGAMMA_12 started 1789915394226 core=5
job 66_TGAMMA_12 end 1789915396538
job 67_TGAMMA_12 started 1789915396538 core=5
job 67_TGAMMA_12 end 1789915398851
job 68_TGAMMA_12 started 1789915398851 core=5
job 68_TGAMMA_12 end 1789915401175
job 69_TGAMMA_12 started 1789915401175 core=5
job 69_TGAMMA_12 end 1789915403489
job 70_TGAMMA_12 started 1789915403489 core=5
job 70_TGAMMA_12 end 1789915405798
job 71_TGAMMA_12 started 1789915405798 core=5
job 71_TGAMMA_12 end 1789915408122
job 72_TGAMMA_12 started 1789915408122 core=5
job 95_SUM_84 end 1789915409620
job 96_SUM_84 started 1789915409620 core=0
job 72_TGAMMA_12 end 1789915410428
job 73_TGAMMA_12 started 1789915410428 core=5
job 73_TGAMMA_12 end 1789915412736
job 74_TGAMMA_12 started 1789915412736 core=5
job 74_TGAMMA_12 end 1789915415058
job 75_TGAMMA_12 started 1789915415058 core=5
job 75_TGAMMA_12 end 1789915417365
job 76_TGAMMA_12 started 1789915417366 core=5
job 76_TGAMMA_12 end 1789915419676
job 77_TGAMMA_12 started 1789915419676 core=5
job 77_TGAMMA_12 end 1789915421998
job 78_TGAMMA_12 started 1789915421998 core=5
job 78_TGAMMA_12 end 1789915424310
job 79_TGAMMA_12 started 1789915424311 core=5
job 79_TGAMMA_12 end 1789915426634
job 80_TGAMMA_12 started 1789915426634 core=5
job 80_TGAMMA_12 end 1789915428946
job 81_TGAMMA_12 started 1789915428946 core=5
job 81_TGAMMA_12 end 1789915431258
job 82_TGAMMA_12 started 1789915431258 core=5
job 82_TGAMMA_12 end 1789915433585
job 83_TGAMMA_12 started 1789915433585 core=5
job 96_SUM_84 end 1789915433655
job 97_SUM_84 started 1789915433655 core=0
job 83_TGAMMA_12 end 1789915435897
job 84_TGAMMA_12 started 1789915435897 core=5
job 84_TGAMMA_12 end 1789915438211
job 85_TGAMMA_12 started 1789915438211 core=5
job 85_TGAMMA_12 end 1789915440538
job 86_TGAMMA_12 started 1789915440538 core=5
job 86_TGAMMA_12 end 1789915442853
job 87_TGAMMA_12 started 1789915442853 core=5
job 87_TGAMMA_12 end 1789915445163
job 88_TGAMMA_12 started 1789915445163 core=5
job 88_TGAMMA_12 end 1789915447490
job 97_SUM_84 end 1789915455970
job 98_SUM_84 started 1789915455970 core=0
job 98_SUM_84 end 1789915475916
job 99_SUM_84 started 1789915475917 core=0
job 99_SUM_84 end 1789915491774
  итерация 0: 250413 ms
  среднее по 1 итерациям: 250413 ms
  реальных ожиданий свободного ядра: 0  (блокировок в задачах не было)
execution completed -> tbb_greedy_two_chains_formula_results.txt
