nohup: ввод игнорируется
BUILD: пиннинг из пула, версия 3 — итераций 1 (Sep 22 2026 02:50:47)
=== Выполняется проект: ml_two_chain_17.txt (100 работ, перестановка ORDER) ===
fake 3 started 1790030127945 delay_ms=1
fake 2 started 1790030127945 delay_ms=0
fake 2 end 1790030127946
fake 0 started 1790030127946 delay_ms=0
fake 0 end 1790030127946
fake 1 started 1790030127946 delay_ms=0
fake 1 end 1790030127946
job 74_XPY_60 started 1790030127946 core=0
fake 3 end 1790030127957
job 0_TGAMMA_60 started 1790030128011 core=4
  piece of job 0 started 1790030128022 core=4
  piece of job 0 started 1790030128023 core=1
  piece of job 0 started 1790030128023 core=5
  piece of job 0 end 1790030150480 core=4
  piece of job 0 end 1790030151236 core=1
  piece of job 0 end 1790030151567 core=5
job 0_TGAMMA_60 end 1790030151569
job 1_TGAMMA_60 started 1790030151581 core=1
  piece of job 1 started 1790030151582 core=1
  piece of job 1 started 1790030151594 core=4
  piece of job 1 started 1790030151605 core=5
  piece of job 1 end 1790030173774 core=4
  piece of job 1 end 1790030174481 core=1
  piece of job 1 end 1790030174942 core=5
job 1_TGAMMA_60 end 1790030174943
job 2_TGAMMA_120 started 1790030174944 core=4
  piece of job 2 started 1790030174955 core=1
  piece of job 2 started 1790030174955 core=4
  piece of job 2 started 1790030174971 core=5
  piece of job 2 end 1790030220674 core=1
  piece of job 2 end 1790030220915 core=4
  piece of job 2 end 1790030221593 core=5
job 2_TGAMMA_120 end 1790030221594
job 3_TGAMMA_120 started 1790030221595 core=1
  piece of job 3 started 1790030221606 core=1
  piece of job 3 started 1790030221619 core=4
  piece of job 3 started 1790030221630 core=5
job 74_XPY_60 end 1790030222238
job 75_XPY_48 started 1790030222254 core=0
  piece of job 3 end 1790030267179 core=1
  piece of job 3 end 1790030267720 core=4
  piece of job 3 end 1790030268384 core=5
job 3_TGAMMA_120 end 1790030268385
job 4_TGAMMA_60 started 1790030268386 core=4
  piece of job 4 started 1790030268397 core=1
  piece of job 4 started 1790030268397 core=4
  piece of job 4 started 1790030268418 core=5
  piece of job 4 end 1790030291087 core=4
  piece of job 4 end 1790030291241 core=1
  piece of job 4 end 1790030291676 core=5
job 4_TGAMMA_60 end 1790030291677
job 5_TGAMMA_60 started 1790030291678 core=1
  piece of job 5 started 1790030291689 core=1
  piece of job 5 started 1790030291702 core=4
  piece of job 5 started 1790030291702 core=5
job 75_XPY_48 end 1790030298530
job 76_SUM_108 started 1790030298541 core=0
  piece of job 5 end 1790030314437 core=4
  piece of job 5 end 1790030314476 core=1
  piece of job 5 end 1790030315112 core=5
job 5_TGAMMA_60 end 1790030315113
job 6_TGAMMA_12 started 1790030315114 core=4
  piece of job 6 started 1790030315125 core=4
  piece of job 6 started 1790030315125 core=1
  piece of job 6 started 1790030315137 core=5
  piece of job 6 end 1790030319657 core=1
  piece of job 6 end 1790030319764 core=4
  piece of job 6 end 1790030319817 core=5
job 6_TGAMMA_12 end 1790030319818
job 7_TGAMMA_12 started 1790030319819 core=1
  piece of job 7 started 1790030319830 core=1
  piece of job 7 started 1790030319843 core=4
  piece of job 7 started 1790030319854 core=5
  piece of job 7 end 1790030324399 core=1
  piece of job 7 end 1790030324472 core=4
  piece of job 7 end 1790030324501 core=5
job 7_TGAMMA_12 end 1790030324501
job 8_TGAMMA_12 started 1790030324502 core=4
  piece of job 8 started 1790030324513 core=1
  piece of job 8 started 1790030324513 core=4
  piece of job 8 started 1790030324530 core=5
  piece of job 8 end 1790030329068 core=1
  piece of job 8 end 1790030329141 core=4
  piece of job 8 end 1790030329203 core=5
job 8_TGAMMA_12 end 1790030329204
job 9_TGAMMA_12 started 1790030329205 core=1
  piece of job 9 started 1790030329216 core=1
  piece of job 9 started 1790030329229 core=4
  piece of job 9 started 1790030329240 core=5
  piece of job 9 end 1790030333783 core=1
  piece of job 9 end 1790030333843 core=4
  piece of job 9 end 1790030333869 core=5
job 9_TGAMMA_12 end 1790030333870
job 10_TGAMMA_12 started 1790030333871 core=4
  piece of job 10 started 1790030333882 core=4
  piece of job 10 started 1790030333894 core=1
  piece of job 10 started 1790030333906 core=5
  piece of job 10 end 1790030338463 core=1
  piece of job 10 end 1790030338500 core=4
  piece of job 10 end 1790030338576 core=5
job 10_TGAMMA_12 end 1790030338577
job 11_TGAMMA_60 started 1790030338578 core=1
  piece of job 11 started 1790030338589 core=1
  piece of job 11 started 1790030338602 core=4
  piece of job 11 started 1790030338613 core=5
  piece of job 11 end 1790030360436 core=4
  piece of job 11 end 1790030361466 core=1
  piece of job 11 end 1790030361778 core=5
job 11_TGAMMA_60 end 1790030361779
job 12_TGAMMA_120 started 1790030361780 core=4
  piece of job 12 started 1790030361791 core=4
  piece of job 12 started 1790030361791 core=1
  piece of job 12 started 1790030361815 core=5
job 76_SUM_108 end 1790030374350
job 77_XPY_60 started 1790030374360 core=0
  piece of job 12 end 1790030407057 core=4
  piece of job 12 end 1790030407465 core=1
  piece of job 12 end 1790030407970 core=5
job 12_TGAMMA_120 end 1790030407995
job 13_TGAMMA_12 started 1790030407999 core=0
  piece of job 13 started 1790030408022 core=4
  piece of job 13 started 1790030408031 core=5
  piece of job 13 started 1790030408022 core=1
  piece of job 13 end 1790030412584 core=1
  piece of job 13 end 1790030412661 core=5
  piece of job 13 end 1790030412758 core=4
job 13_TGAMMA_12 end 1790030412759
job 14_TGAMMA_60 started 1790030412769 core=4
  piece of job 14 started 1790030412770 core=4
  piece of job 14 started 1790030412781 core=5
  piece of job 14 started 1790030412782 core=1
  piece of job 14 end 1790030435625 core=1
  piece of job 14 end 1790030435954 core=5
  piece of job 14 end 1790030436267 core=4
job 14_TGAMMA_60 end 1790030436267
job 15_TGAMMA_12 started 1790030436267 core=0
  piece of job 15 started 1790030436290 core=4
  piece of job 15 started 1790030436290 core=5
  piece of job 15 started 1790030436290 core=1
  piece of job 15 end 1790030440852 core=1
  piece of job 15 end 1790030440934 core=5
  piece of job 15 end 1790030441029 core=4
job 15_TGAMMA_12 end 1790030441037
job 16_TGAMMA_120 started 1790030441037 core=0
  piece of job 16 started 1790030441060 core=1
  piece of job 16 started 1790030441062 core=4
  piece of job 16 started 1790030441060 core=5
job 77_XPY_60 end 1790030470511
job 78_SUM_132 started 1790030470521 core=0
  piece of job 16 end 1790030486682 core=1
  piece of job 16 end 1790030487345 core=5
  piece of job 16 end 1790030487910 core=4
job 16_TGAMMA_120 end 1790030487919
job 17_TGAMMA_12 started 1790030487919 core=0
  piece of job 17 started 1790030487932 core=5
  piece of job 17 started 1790030487934 core=4
  piece of job 17 started 1790030487932 core=1
  piece of job 17 end 1790030492197 core=5
  piece of job 17 end 1790030492489 core=4
  piece of job 17 end 1790030492501 core=1
job 17_TGAMMA_12 end 1790030492502
job 18_TGAMMA_60 started 1790030492502 core=0
  piece of job 18 started 1790030492526 core=4
  piece of job 18 started 1790030492526 core=1
  piece of job 18 started 1790030492526 core=5
  piece of job 18 end 1790030515373 core=1
  piece of job 18 end 1790030515615 core=4
  piece of job 18 end 1790030515994 core=5
job 18_TGAMMA_60 end 1790030515998
job 19_TGAMMA_120 started 1790030515998 core=0
  piece of job 19 started 1790030516021 core=4
  piece of job 19 started 1790030516030 core=5
  piece of job 19 started 1790030516030 core=1
  piece of job 19 end 1790030561549 core=4
job 78_SUM_132 end 1790030561682
job 79_SUM_84 started 1790030561682 core=0
  piece of job 19 end 1790030561827 core=1
  piece of job 19 end 1790030562788 core=5
job 19_TGAMMA_120 end 1790030562822
job 20_TGAMMA_12 started 1790030562822 core=0
  piece of job 20 started 1790030562857 core=4
  piece of job 20 started 1790030562857 core=1
  piece of job 20 started 1790030562857 core=5
  piece of job 20 end 1790030566178 core=4
  piece of job 20 end 1790030567450 core=1
  piece of job 20 end 1790030567470 core=5
job 20_TGAMMA_12 end 1790030567475
job 21_TGAMMA_12 started 1790030567475 core=0
  piece of job 21 started 1790030567499 core=4
  piece of job 21 started 1790030567506 core=5
  piece of job 21 started 1790030567499 core=1
  piece of job 21 end 1790030572066 core=1
  piece of job 21 end 1790030572145 core=4
  piece of job 21 end 1790030572180 core=5
job 21_TGAMMA_12 end 1790030572181
job 22_TGAMMA_60 started 1790030572181 core=0
  piece of job 22 started 1790030572204 core=4
  piece of job 22 started 1790030572204 core=1
  piece of job 22 started 1790030572204 core=5
  piece of job 22 end 1790030595034 core=1
  piece of job 22 end 1790030595421 core=4
  piece of job 22 end 1790030595567 core=5
job 22_TGAMMA_60 end 1790030595568
job 23_TGAMMA_12 started 1790030595568 core=0
  piece of job 23 started 1790030595592 core=4
  piece of job 23 started 1790030595592 core=1
  piece of job 23 started 1790030595604 core=5
  piece of job 23 end 1790030600171 core=1
  piece of job 23 end 1790030600197 core=4
  piece of job 23 end 1790030600296 core=5
job 23_TGAMMA_12 end 1790030600300
job 24_TGAMMA_12 started 1790030600300 core=0
  piece of job 24 started 1790030600324 core=4
  piece of job 24 started 1790030600327 core=5
  piece of job 24 started 1790030600324 core=1
  piece of job 24 end 1790030604896 core=1
  piece of job 24 end 1790030604953 core=4
  piece of job 24 end 1790030604988 core=5
job 24_TGAMMA_12 end 1790030604996
job 25_TGAMMA_120 started 1790030604996 core=0
  piece of job 25 started 1790030605020 core=4
  piece of job 25 started 1790030605024 core=5
  piece of job 25 started 1790030605020 core=1
job 79_SUM_84 end 1790030619611
job 80_XPY_60 started 1790030619622 core=0
  piece of job 25 end 1790030649422 core=4
  piece of job 25 end 1790030650783 core=1
  piece of job 25 end 1790030651822 core=5
job 25_TGAMMA_120 end 1790030651832
job 26_TGAMMA_12 started 1790030651832 core=0
  piece of job 26 started 1790030651856 core=4
  piece of job 26 started 1790030651859 core=5
  piece of job 26 started 1790030651856 core=1
  piece of job 26 end 1790030656409 core=1
  piece of job 26 end 1790030656522 core=5
  piece of job 26 end 1790030656567 core=4
job 26_TGAMMA_12 end 1790030656567
job 27_TGAMMA_120 started 1790030656567 core=0
  piece of job 27 started 1790030656591 core=4
  piece of job 27 started 1790030656591 core=1
  piece of job 27 started 1790030656591 core=5
  piece of job 27 end 1790030700376 core=4
  piece of job 27 end 1790030702408 core=1
  piece of job 27 end 1790030703315 core=5
job 27_TGAMMA_120 end 1790030703318
job 28_TGAMMA_60 started 1790030703318 core=0
  piece of job 28 started 1790030703342 core=4
  piece of job 28 started 1790030703353 core=5
  piece of job 28 started 1790030703342 core=1
job 80_XPY_60 end 1790030713474
job 81_DOT_36 started 1790030713474 core=0
  piece of job 28 end 1790030723442 core=4
  piece of job 28 end 1790030726231 core=1
  piece of job 28 end 1790030726818 core=5
job 28_TGAMMA_60 end 1790030726818
job 29_TGAMMA_120 started 1790030726818 core=0
  piece of job 29 started 1790030726841 core=4
  piece of job 29 started 1790030726842 core=1
  piece of job 29 started 1790030726842 core=5
job 81_DOT_36 end 1790030762694
job 82_XPY_48 started 1790030762694 core=0
  piece of job 29 end 1790030770124 core=4
  piece of job 29 end 1790030772657 core=1
  piece of job 29 end 1790030773579 core=5
job 29_TGAMMA_120 end 1790030773594
job 30_TGAMMA_120 started 1790030773594 core=0
  piece of job 30 started 1790030773618 core=4
  piece of job 30 started 1790030773618 core=1
  piece of job 30 started 1790030773630 core=5
  piece of job 30 end 1790030816091 core=4
  piece of job 30 end 1790030819379 core=1
  piece of job 30 end 1790030820457 core=5
job 30_TGAMMA_120 end 1790030820479
job 31_TGAMMA_120 started 1790030820479 core=0
  piece of job 31 started 1790030820503 core=4
  piece of job 31 started 1790030820507 core=5
  piece of job 31 started 1790030820510 core=1
job 82_XPY_48 end 1790030837619
job 83_XPY_48 started 1790030837619 core=0
  piece of job 31 end 1790030863010 core=4
  piece of job 31 end 1790030866093 core=1
  piece of job 31 end 1790030867324 core=5
job 31_TGAMMA_120 end 1790030867335
job 32_TGAMMA_12 started 1790030867335 core=0
  piece of job 32 started 1790030867348 core=4
  piece of job 32 started 1790030867349 core=5
  piece of job 32 started 1790030867348 core=1
  piece of job 32 end 1790030871909 core=1
  piece of job 32 end 1790030872044 core=5
  piece of job 32 end 1790030872076 core=4
job 32_TGAMMA_12 end 1790030872077
job 33_TGAMMA_120 started 1790030872077 core=0
  piece of job 33 started 1790030872100 core=4
  piece of job 33 started 1790030872110 core=1
  piece of job 33 started 1790030872100 core=5
  piece of job 33 end 1790030914208 core=4
job 83_XPY_48 end 1790030915222
job 84_SUM_108 started 1790030915223 core=0
  piece of job 33 end 1790030917731 core=1
  piece of job 33 end 1790030918925 core=5
job 33_TGAMMA_120 end 1790030918940
job 34_TGAMMA_120 started 1790030918940 core=0
  piece of job 34 started 1790030918963 core=4
  piece of job 34 started 1790030918963 core=1
  piece of job 34 started 1790030918963 core=5
  piece of job 34 end 1790030945895 core=4
  piece of job 34 end 1790030948764 core=5
job 84_SUM_108 end 1790030958117
job 85_SUM_108 started 1790030958117 core=0
  piece of job 34 end 1790030964720 core=1
job 34_TGAMMA_120 end 1790030964721
job 35_TGAMMA_120 started 1790030964721 core=0
  piece of job 35 started 1790030964734 core=4
  piece of job 35 started 1790030964734 core=5
  piece of job 35 started 1790030964739 core=1
  piece of job 35 end 1790030988269 core=5
  piece of job 35 end 1790030993901 core=1
job 85_SUM_108 end 1790030994075
job 86_COPY_60 started 1790030994075 core=0
  piece of job 35 end 1790030999165 core=4
job 35_TGAMMA_120 end 1790030999166
job 36_TGAMMA_60 started 1790030999166 core=0
  piece of job 36 started 1790030999178 core=1
  piece of job 36 started 1790030999178 core=5
  piece of job 36 started 1790030999197 core=4
  piece of job 36 end 1790031010674 core=1
  piece of job 36 end 1790031010730 core=5
  piece of job 36 end 1790031022628 core=4
job 36_TGAMMA_60 end 1790031022629
job 37_TGAMMA_120 started 1790031022629 core=0
  piece of job 37 started 1790031022641 core=1
  piece of job 37 started 1790031022641 core=5
  piece of job 37 started 1790031022654 core=4
job 86_COPY_60 end 1790031034690
job 87_DOT_36 started 1790031034690 core=0
  piece of job 37 end 1790031045776 core=1
  piece of job 37 end 1790031045838 core=5
job 87_DOT_36 end 1790031056751
job 88_COPY_60 started 1790031056751 core=0
  piece of job 37 end 1790031069385 core=4
job 37_TGAMMA_120 end 1790031069386
job 38_TGAMMA_120 started 1790031069386 core=0
  piece of job 38 started 1790031069398 core=1
  piece of job 38 started 1790031069398 core=5
  piece of job 38 started 1790031069411 core=4
  piece of job 38 end 1790031092541 core=1
job 88_COPY_60 end 1790031098881
job 89_SUM_132 started 1790031098881 core=0
  piece of job 38 end 1790031099833 core=5
  piece of job 38 end 1790031101083 core=4
job 38_TGAMMA_120 end 1790031101085
job 39_TGAMMA_12 started 1790031101085 core=0
  piece of job 39 started 1790031101097 core=4
  piece of job 39 started 1790031101097 core=1
  piece of job 39 started 1790031101098 core=5
  piece of job 39 end 1790031103457 core=4
  piece of job 39 end 1790031103459 core=1
  piece of job 39 end 1790031105692 core=5
job 39_TGAMMA_12 end 1790031105693
job 40_TGAMMA_12 started 1790031105693 core=0
  piece of job 40 started 1790031105705 core=1
  piece of job 40 started 1790031105705 core=4
  piece of job 40 started 1790031105722 core=5
  piece of job 40 end 1790031108048 core=4
  piece of job 40 end 1790031108065 core=1
  piece of job 40 end 1790031110284 core=5
job 40_TGAMMA_12 end 1790031110284
job 41_TGAMMA_120 started 1790031110284 core=0
  piece of job 41 started 1790031110296 core=1
  piece of job 41 started 1790031110296 core=4
  piece of job 41 started 1790031110314 core=5
  piece of job 41 end 1790031133761 core=4
  piece of job 41 end 1790031134061 core=1
job 89_SUM_132 end 1790031142946
job 90_SUM_84 started 1790031142946 core=0
  piece of job 41 end 1790031149964 core=5
job 41_TGAMMA_120 end 1790031149975
job 42_TGAMMA_12 started 1790031149975 core=0
  piece of job 42 started 1790031149987 core=1
  piece of job 42 started 1790031149987 core=5
  piece of job 42 started 1790031149987 core=4
  piece of job 42 end 1790031152280 core=1
  piece of job 42 end 1790031152294 core=5
  piece of job 42 end 1790031152301 core=4
job 42_TGAMMA_12 end 1790031152302
job 43_TGAMMA_60 started 1790031152302 core=0
  piece of job 43 started 1790031152314 core=1
  piece of job 43 started 1790031152314 core=4
  piece of job 43 started 1790031152314 core=5
  piece of job 43 end 1790031163766 core=1
  piece of job 43 end 1790031163825 core=5
  piece of job 43 end 1790031163895 core=4
job 43_TGAMMA_60 end 1790031163896
job 44_TGAMMA_60 started 1790031163896 core=0
  piece of job 44 started 1790031163919 core=1
  piece of job 44 started 1790031163919 core=5
  piece of job 44 started 1790031163919 core=4
  piece of job 44 end 1790031175403 core=1
  piece of job 44 end 1790031175428 core=5
  piece of job 44 end 1790031175463 core=4
job 44_TGAMMA_60 end 1790031175463
job 45_TGAMMA_12 started 1790031175463 core=0
  piece of job 45 started 1790031175486 core=1
  piece of job 45 started 1790031175486 core=5
  piece of job 45 started 1790031175486 core=4
  piece of job 45 end 1790031177775 core=1
  piece of job 45 end 1790031177779 core=5
  piece of job 45 end 1790031177804 core=4
job 45_TGAMMA_12 end 1790031177809
job 46_TGAMMA_12 started 1790031177809 core=0
  piece of job 46 started 1790031177832 core=1
  piece of job 46 started 1790031177832 core=5
  piece of job 46 started 1790031177832 core=4
  piece of job 46 end 1790031180125 core=5
  piece of job 46 end 1790031180129 core=1
  piece of job 46 end 1790031180141 core=4
job 46_TGAMMA_12 end 1790031180142
job 47_TGAMMA_60 started 1790031180142 core=0
  piece of job 47 started 1790031180164 core=1
  piece of job 47 started 1790031180164 core=5
  piece of job 47 started 1790031180164 core=4
job 90_SUM_84 end 1790031189652
job 91_COPY_84 started 1790031189652 core=0
  piece of job 47 end 1790031191606 core=1
  piece of job 47 end 1790031191661 core=5
  piece of job 47 end 1790031191734 core=4
job 47_TGAMMA_60 end 1790031191738
job 48_TGAMMA_12 started 1790031191738 core=0
  piece of job 48 started 1790031191767 core=1
  piece of job 48 started 1790031191767 core=5
  piece of job 48 started 1790031191767 core=4
  piece of job 48 end 1790031194058 core=1
  piece of job 48 end 1790031194072 core=5
  piece of job 48 end 1790031194094 core=4
job 48_TGAMMA_12 end 1790031194094
job 49_TGAMMA_120 started 1790031194094 core=0
  piece of job 49 started 1790031194116 core=1
  piece of job 49 started 1790031194116 core=5
  piece of job 49 started 1790031194116 core=4
  piece of job 49 end 1790031217055 core=1
  piece of job 49 end 1790031217177 core=5
  piece of job 49 end 1790031217472 core=4
job 49_TGAMMA_120 end 1790031217473
job 50_TGAMMA_120 started 1790031217473 core=0
  piece of job 50 started 1790031217496 core=1
  piece of job 50 started 1790031217496 core=5
  piece of job 50 started 1790031217496 core=4
  piece of job 50 end 1790031241044 core=5
  piece of job 50 end 1790031241149 core=4
job 91_COPY_84 end 1790031261495
job 92_XPY_60 started 1790031261495 core=0
  piece of job 50 end 1790031261838 core=1
job 50_TGAMMA_120 end 1790031261852
job 51_TGAMMA_12 started 1790031261852 core=0
  piece of job 51 started 1790031261865 core=4
  piece of job 51 started 1790031261865 core=5
  piece of job 51 started 1790031261877 core=1
  piece of job 51 end 1790031264215 core=5
  piece of job 51 end 1790031264224 core=4
  piece of job 51 end 1790031266445 core=1
job 51_TGAMMA_12 end 1790031266446
job 52_TGAMMA_60 started 1790031266446 core=0
  piece of job 52 started 1790031266458 core=4
  piece of job 52 started 1790031266459 core=5
  piece of job 52 started 1790031266480 core=1
  piece of job 52 end 1790031278278 core=5
  piece of job 52 end 1790031278379 core=4
  piece of job 52 end 1790031289353 core=1
job 52_TGAMMA_60 end 1790031289354
job 53_TGAMMA_12 started 1790031289354 core=0
  piece of job 53 started 1790031289367 core=4
  piece of job 53 started 1790031289367 core=5
  piece of job 53 started 1790031289384 core=1
  piece of job 53 end 1790031291734 core=5
  piece of job 53 end 1790031291740 core=4
  piece of job 53 end 1790031293931 core=1
job 53_TGAMMA_12 end 1790031293932
job 54_TGAMMA_12 started 1790031293932 core=0
  piece of job 54 started 1790031293944 core=4
  piece of job 54 started 1790031293945 core=5
  piece of job 54 started 1790031293962 core=1
  piece of job 54 end 1790031296298 core=5
  piece of job 54 end 1790031296316 core=4
  piece of job 54 end 1790031298548 core=1
job 54_TGAMMA_12 end 1790031298549
job 55_TGAMMA_120 started 1790031298549 core=0
  piece of job 55 started 1790031298562 core=4
  piece of job 55 started 1790031298562 core=5
  piece of job 55 started 1790031298584 core=1
job 92_XPY_60 end 1790031306772
job 93_SUM_108 started 1790031306772 core=0
  piece of job 55 end 1790031322164 core=4
  piece of job 55 end 1790031322337 core=5
job 93_SUM_108 end 1790031341328
job 94_XPY_48 started 1790031341328 core=0
  piece of job 55 end 1790031344320 core=1
job 55_TGAMMA_120 end 1790031344321
job 56_TGAMMA_60 started 1790031344321 core=0
  piece of job 56 started 1790031344345 core=5
  piece of job 56 started 1790031344345 core=4
  piece of job 56 started 1790031344357 core=1
  piece of job 56 end 1790031366552 core=5
  piece of job 56 end 1790031367128 core=1
  piece of job 56 end 1790031367480 core=4
job 56_TGAMMA_60 end 1790031367487
job 57_TGAMMA_120 started 1790031367487 core=0
  piece of job 57 started 1790031367511 core=1
  piece of job 57 started 1790031367517 core=4
  piece of job 57 started 1790031367511 core=5
  piece of job 57 end 1790031411941 core=5
  piece of job 57 end 1790031412633 core=1
  piece of job 57 end 1790031413781 core=4
job 57_TGAMMA_120 end 1790031413782
job 58_TGAMMA_60 started 1790031413782 core=0
  piece of job 58 started 1790031413805 core=1
  piece of job 58 started 1790031413805 core=5
  piece of job 58 started 1790031413818 core=4
job 94_XPY_48 end 1790031419814
job 95_SUM_108 started 1790031419814 core=0
  piece of job 58 end 1790031435877 core=1
  piece of job 58 end 1790031435974 core=5
  piece of job 58 end 1790031436726 core=4
job 58_TGAMMA_60 end 1790031436726
job 59_TGAMMA_12 started 1790031436726 core=0
  piece of job 59 started 1790031436748 core=1
  piece of job 59 started 1790031436750 core=5
  piece of job 59 started 1790031436751 core=4
  piece of job 59 end 1790031440439 core=1
  piece of job 59 end 1790031440497 core=5
  piece of job 59 end 1790031441354 core=4
job 59_TGAMMA_12 end 1790031441364
job 60_TGAMMA_120 started 1790031441364 core=0
  piece of job 60 started 1790031441377 core=1
  piece of job 60 started 1790031441379 core=4
  piece of job 60 started 1790031441377 core=5
  piece of job 60 end 1790031486024 core=1
  piece of job 60 end 1790031486340 core=5
  piece of job 60 end 1790031487322 core=4
job 60_TGAMMA_120 end 1790031487332
job 61_TGAMMA_120 started 1790031487332 core=0
  piece of job 61 started 1790031487345 core=5
  piece of job 61 started 1790031487348 core=4
  piece of job 61 started 1790031487345 core=1
job 95_SUM_108 end 1790031498693
job 96_XPY_48 started 1790031498693 core=0
  piece of job 61 end 1790031531470 core=1
  piece of job 61 end 1790031532169 core=5
  piece of job 61 end 1790031533411 core=4
job 61_TGAMMA_120 end 1790031533431
job 62_TGAMMA_120 started 1790031533431 core=0
  piece of job 62 started 1790031533455 core=4
  piece of job 62 started 1790031533455 core=1
  piece of job 62 started 1790031533455 core=5
job 96_XPY_48 end 1790031571426
job 97_XPY_60 started 1790031571426 core=0
  piece of job 62 end 1790031577007 core=1
  piece of job 62 end 1790031577819 core=5
  piece of job 62 end 1790031579656 core=4
job 62_TGAMMA_120 end 1790031579669
job 63_TGAMMA_12 started 1790031579669 core=0
  piece of job 63 started 1790031579692 core=1
  piece of job 63 started 1790031579692 core=5
  piece of job 63 started 1790031579695 core=4
  piece of job 63 end 1790031582698 core=1
  piece of job 63 end 1790031582712 core=5
  piece of job 63 end 1790031584307 core=4
job 63_TGAMMA_12 end 1790031584317
job 64_TGAMMA_60 started 1790031584317 core=0
  piece of job 64 started 1790031584330 core=5
  piece of job 64 started 1790031584332 core=4
  piece of job 64 started 1790031584330 core=1
  piece of job 64 end 1790031605279 core=1
  piece of job 64 end 1790031605431 core=5
  piece of job 64 end 1790031607465 core=4
job 64_TGAMMA_60 end 1790031607467
job 65_TGAMMA_12 started 1790031607467 core=0
  piece of job 65 started 1790031607492 core=4
  piece of job 65 started 1790031607492 core=5
  piece of job 65 started 1790031607492 core=1
  piece of job 65 end 1790031612058 core=5
  piece of job 65 end 1790031612064 core=1
  piece of job 65 end 1790031612080 core=4
job 65_TGAMMA_12 end 1790031612080
job 66_TGAMMA_60 started 1790031612080 core=0
  piece of job 66 started 1790031612103 core=1
  piece of job 66 started 1790031612105 core=5
  piece of job 66 started 1790031612105 core=4
  piece of job 66 end 1790031632420 core=1
  piece of job 66 end 1790031632624 core=5
  piece of job 66 end 1790031635323 core=4
job 66_TGAMMA_60 end 1790031635331
job 67_TGAMMA_12 started 1790031635331 core=0
  piece of job 67 started 1790031635355 core=4
  piece of job 67 started 1790031635355 core=1
  piece of job 67 started 1790031635355 core=5
  piece of job 67 end 1790031639946 core=1
  piece of job 67 end 1790031639950 core=5
  piece of job 67 end 1790031639953 core=4
job 67_TGAMMA_12 end 1790031639964
job 68_TGAMMA_60 started 1790031639964 core=0
  piece of job 68 started 1790031639979 core=4
  piece of job 68 started 1790031639983 core=1
  piece of job 68 started 1790031639986 core=5
  piece of job 68 end 1790031662882 core=5
  piece of job 68 end 1790031662889 core=1
  piece of job 68 end 1790031663094 core=4
job 68_TGAMMA_60 end 1790031663099
job 69_TGAMMA_60 started 1790031663099 core=0
  piece of job 69 started 1790031663123 core=1
  piece of job 69 started 1790031663127 core=5
  piece of job 69 started 1790031663130 core=4
job 97_XPY_60 end 1790031665548
job 98_XPY_60 started 1790031665548 core=0
  piece of job 69 end 1790031682125 core=1
  piece of job 69 end 1790031682735 core=5
  piece of job 69 end 1790031686182 core=4
job 69_TGAMMA_60 end 1790031686187
job 70_TGAMMA_12 started 1790031686187 core=0
  piece of job 70 started 1790031686211 core=4
  piece of job 70 started 1790031686221 core=5
  piece of job 70 started 1790031686211 core=1
  piece of job 70 end 1790031690797 core=1
  piece of job 70 end 1790031690817 core=5
  piece of job 70 end 1790031690873 core=4
job 70_TGAMMA_12 end 1790031690874
job 71_TGAMMA_12 started 1790031690874 core=0
  piece of job 71 started 1790031690898 core=1
  piece of job 71 started 1790031690899 core=4
  piece of job 71 started 1790031690898 core=5
  piece of job 71 end 1790031695458 core=5
  piece of job 71 end 1790031695472 core=1
  piece of job 71 end 1790031695480 core=4
job 71_TGAMMA_12 end 1790031695480
job 72_TGAMMA_60 started 1790031695480 core=0
  piece of job 72 started 1790031695503 core=4
  piece of job 72 started 1790031695505 core=5
  piece of job 72 started 1790031695509 core=1
  piece of job 72 end 1790031716958 core=1
  piece of job 72 end 1790031717312 core=5
  piece of job 72 end 1790031718664 core=4
job 72_TGAMMA_60 end 1790031718668
job 73_TGAMMA_12 started 1790031772149 core=0
job 98_XPY_60 end 1790031772149
  piece of job 73 started 1790031772160 core=0
  piece of job 73 started 1790031772162 core=4
  piece of job 73 started 1790031772162 core=1
  piece of job 73 started 1790031772162 core=5
  piece of job 73 end 1790031775557 core=4
  piece of job 73 end 1790031775571 core=1
  piece of job 73 end 1790031775607 core=5
  piece of job 73 end 1790031775634 core=0
job 73_TGAMMA_12 end 1790031775634
job 99_XPY_48 started 1790031775634 core=1
job 99_XPY_48 end 1790031875673
  итерация 0: 1747742 ms
  среднее по 1 итерациям: 1747742 ms
  реальных ожиданий свободного ядра: 2
=== Выполняется проект: ml_two_chain_19.txt (100 работ, перестановка ORDER) ===
fake 3 started 1790031875675 delay_ms=1
fake 2 started 1790031875675 delay_ms=0
fake 2 end 1790031875675
fake 0 started 1790031875675 delay_ms=0
fake 0 end 1790031875675
fake 1 started 1790031875675 delay_ms=0
fake 1 end 1790031875675
job 76_XPY_48 started 1790031875684 core=4
fake 3 end 1790031875686
job 0_TGAMMA_12 started 1790031875686 core=5
  piece of job 0 started 1790031875687 core=5
  piece of job 0 started 1790031875697 core=1
  piece of job 0 started 1790031875698 core=0
  piece of job 0 end 1790031880287 core=5
  piece of job 0 end 1790031880292 core=1
  piece of job 0 end 1790031880378 core=0
job 0_TGAMMA_12 end 1790031880378
job 1_TGAMMA_120 started 1790031880388 core=4
  piece of job 1 started 1790031880411 core=1
  piece of job 1 started 1790031880414 core=0
  piece of job 1 started 1790031880411 core=5
  piece of job 1 end 1790031920063 core=5
  piece of job 1 end 1790031921599 core=0
  piece of job 1 end 1790031926224 core=1
job 1_TGAMMA_120 end 1790031926237
job 2_TGAMMA_60 started 1790031926238 core=5
  piece of job 2 started 1790031926249 core=5
  piece of job 2 started 1790031926261 core=1
  piece of job 2 started 1790031926261 core=0
job 76_XPY_48 end 1790031935621
job 77_XPY_60 started 1790031935621 core=4
  piece of job 2 end 1790031943004 core=5
  piece of job 2 end 1790031945377 core=0
  piece of job 2 end 1790031949159 core=1
job 2_TGAMMA_60 end 1790031949166
job 3_TGAMMA_120 started 1790031949166 core=5
  piece of job 3 started 1790031949177 core=5
  piece of job 3 started 1790031949196 core=1
  piece of job 3 started 1790031949196 core=0
  piece of job 3 end 1790031989035 core=5
  piece of job 3 end 1790031993174 core=0
  piece of job 3 end 1790031994764 core=1
job 3_TGAMMA_120 end 1790031994765
job 4_TGAMMA_12 started 1790031994769 core=5
  piece of job 4 started 1790031994780 core=5
  piece of job 4 started 1790031994792 core=0
  piece of job 4 started 1790031994801 core=1
  piece of job 4 end 1790031999371 core=5
  piece of job 4 end 1790031999389 core=1
  piece of job 4 end 1790031999468 core=0
job 4_TGAMMA_12 end 1790031999469
job 5_TGAMMA_12 started 1790031999480 core=5
  piece of job 5 started 1790031999480 core=5
  piece of job 5 started 1790031999492 core=1
  piece of job 5 started 1790031999492 core=0
  piece of job 5 end 1790032004056 core=5
  piece of job 5 end 1790032004078 core=1
  piece of job 5 end 1790032004132 core=0
job 5_TGAMMA_12 end 1790032004146
job 6_TGAMMA_120 started 1790032004157 core=5
  piece of job 6 started 1790032004157 core=5
  piece of job 6 started 1790032004169 core=1
  piece of job 6 started 1790032004171 core=0
job 77_XPY_60 end 1790032010935
job 78_SUM_132 started 1790032010936 core=4
  piece of job 6 end 1790032047369 core=5
  piece of job 6 end 1790032049439 core=0
  piece of job 6 end 1790032049622 core=1
job 6_TGAMMA_120 end 1790032049623
job 7_TGAMMA_60 started 1790032049634 core=4
  piece of job 7 started 1790032049646 core=0
  piece of job 7 started 1790032049647 core=1
  piece of job 7 started 1790032049648 core=5
  piece of job 7 end 1790032072555 core=1
  piece of job 7 end 1790032072609 core=5
  piece of job 7 end 1790032072900 core=0
job 7_TGAMMA_60 end 1790032072900
job 8_TGAMMA_12 started 1790032072901 core=5
  piece of job 8 started 1790032072912 core=5
  piece of job 8 started 1790032072924 core=1
  piece of job 8 started 1790032072936 core=0
  piece of job 8 end 1790032077495 core=1
  piece of job 8 end 1790032077500 core=5
  piece of job 8 end 1790032077577 core=0
job 8_TGAMMA_12 end 1790032077577
job 9_TGAMMA_12 started 1790032077577 core=4
  piece of job 9 started 1790032077600 core=1
  piece of job 9 started 1790032077601 core=5
  piece of job 9 started 1790032077600 core=0
  piece of job 9 end 1790032082200 core=1
  piece of job 9 end 1790032082207 core=5
  piece of job 9 end 1790032082247 core=0
job 9_TGAMMA_12 end 1790032082250
job 10_TGAMMA_120 started 1790032082251 core=5
  piece of job 10 started 1790032082262 core=5
  piece of job 10 started 1790032082274 core=1
  piece of job 10 started 1790032082283 core=0
job 78_SUM_132 end 1790032086810
job 79_COPY_60 started 1790032086821 core=4
  piece of job 10 end 1790032125224 core=5
  piece of job 10 end 1790032127123 core=1
  piece of job 10 end 1790032128866 core=0
job 10_TGAMMA_120 end 1790032128867
job 11_TGAMMA_60 started 1790032128867 core=4
  piece of job 11 started 1790032128890 core=1
  piece of job 11 started 1790032128892 core=5
  piece of job 11 started 1790032128890 core=0
  piece of job 11 end 1790032147359 core=5
  piece of job 11 end 1790032149336 core=1
  piece of job 11 end 1790032152341 core=0
job 11_TGAMMA_60 end 1790032152341
job 12_TGAMMA_12 started 1790032152342 core=5
  piece of job 12 started 1790032152353 core=5
  piece of job 12 started 1790032152365 core=1
  piece of job 12 started 1790032152365 core=0
  piece of job 12 end 1790032156956 core=5
  piece of job 12 end 1790032156972 core=1
  piece of job 12 end 1790032157073 core=0
job 12_TGAMMA_12 end 1790032157073
job 13_TGAMMA_12 started 1790032157082 core=4
  piece of job 13 started 1790032157105 core=5
  piece of job 13 started 1790032157109 core=0
  piece of job 13 started 1790032157105 core=1
job 79_COPY_60 end 1790032158719
job 80_SUM_108 started 1790032158719 core=4
  piece of job 13 end 1790032160217 core=5
  piece of job 13 end 1790032161186 core=1
  piece of job 13 end 1790032161788 core=0
job 13_TGAMMA_12 end 1790032161789
job 14_TGAMMA_12 started 1790032161789 core=4
  piece of job 14 started 1790032161811 core=5
  piece of job 14 started 1790032161811 core=1
  piece of job 14 started 1790032161812 core=0
  piece of job 14 end 1790032164107 core=1
  piece of job 14 end 1790032164114 core=5
  piece of job 14 end 1790032166457 core=0
job 14_TGAMMA_12 end 1790032166458
job 15_TGAMMA_120 started 1790032166458 core=4
  piece of job 15 started 1790032166481 core=1
  piece of job 15 started 1790032166481 core=5
  piece of job 15 started 1790032166481 core=0
  piece of job 15 end 1790032209871 core=5
  piece of job 15 end 1790032209895 core=1
  piece of job 15 end 1790032213053 core=0
job 15_TGAMMA_120 end 1790032213054
job 16_TGAMMA_120 started 1790032213054 core=4
  piece of job 16 started 1790032213077 core=1
  piece of job 16 started 1790032213077 core=5
  piece of job 16 started 1790032213077 core=0
job 80_SUM_108 end 1790032220756
job 81_SUM_84 started 1790032220756 core=4
  piece of job 16 end 1790032254486 core=1
  piece of job 16 end 1790032254820 core=5
  piece of job 16 end 1790032259759 core=0
job 16_TGAMMA_120 end 1790032259769
job 17_TGAMMA_120 started 1790032259769 core=4
  piece of job 17 started 1790032259781 core=5
  piece of job 17 started 1790032259781 core=1
  piece of job 17 started 1790032259783 core=0
job 81_SUM_84 end 1790032269731
job 82_COPY_84 started 1790032269731 core=4
  piece of job 17 end 1790032302102 core=1
  piece of job 17 end 1790032302113 core=5
  piece of job 17 end 1790032306653 core=0
job 17_TGAMMA_120 end 1790032306654
job 18_TGAMMA_60 started 1790032306654 core=4
  piece of job 18 started 1790032306678 core=1
  piece of job 18 started 1790032306678 core=5
  piece of job 18 started 1790032306690 core=0
  piece of job 18 end 1790032328610 core=1
  piece of job 18 end 1790032328679 core=5
  piece of job 18 end 1790032330240 core=0
job 18_TGAMMA_60 end 1790032330250
job 19_TGAMMA_60 started 1790032330250 core=4
  piece of job 19 started 1790032330273 core=5
  piece of job 19 started 1790032330273 core=1
  piece of job 19 started 1790032330277 core=0
  piece of job 19 end 1790032349827 core=1
  piece of job 19 end 1790032349920 core=5
  piece of job 19 end 1790032353651 core=0
job 19_TGAMMA_60 end 1790032353656
job 20_TGAMMA_120 started 1790032353656 core=4
  piece of job 20 started 1790032353680 core=1
  piece of job 20 started 1790032353687 core=5
  piece of job 20 started 1790032353688 core=0
job 82_COPY_84 end 1790032372312
job 83_SUM_84 started 1790032372312 core=4
  piece of job 20 end 1790032394553 core=1
  piece of job 20 end 1790032395230 core=5
  piece of job 20 end 1790032400406 core=0
job 20_TGAMMA_120 end 1790032400406
job 21_TGAMMA_120 started 1790032400407 core=4
  piece of job 21 started 1790032400430 core=1
  piece of job 21 started 1790032400439 core=5
  piece of job 21 started 1790032400430 core=0
job 83_SUM_84 end 1790032421613
job 84_COPY_60 started 1790032421624 core=4
  piece of job 21 end 1790032439759 core=1
  piece of job 21 end 1790032440555 core=5
  piece of job 21 end 1790032447166 core=0
job 21_TGAMMA_120 end 1790032447171
job 22_TGAMMA_60 started 1790032447171 core=4
  piece of job 22 started 1790032447194 core=5
  piece of job 22 started 1790032447194 core=1
  piece of job 22 started 1790032447203 core=0
  piece of job 22 end 1790032466601 core=1
  piece of job 22 end 1790032466604 core=5
  piece of job 22 end 1790032470449 core=0
job 22_TGAMMA_60 end 1790032470458
job 23_TGAMMA_12 started 1790032470458 core=4
  piece of job 23 started 1790032470482 core=1
  piece of job 23 started 1790032470486 core=0
  piece of job 23 started 1790032470482 core=5
  piece of job 23 end 1790032475076 core=1
  piece of job 23 end 1790032475078 core=5
  piece of job 23 end 1790032475150 core=0
job 23_TGAMMA_12 end 1790032475158
job 24_TGAMMA_120 started 1790032475158 core=4
  piece of job 24 started 1790032475171 core=5
  piece of job 24 started 1790032475173 core=0
  piece of job 24 started 1790032475171 core=1
job 84_COPY_60 end 1790032493483
job 85_DOT_36 started 1790032493493 core=4
  piece of job 24 end 1790032516095 core=1
  piece of job 24 end 1790032516553 core=5
  piece of job 24 end 1790032521900 core=0
job 24_TGAMMA_120 end 1790032521901
job 25_TGAMMA_60 started 1790032521901 core=4
  piece of job 25 started 1790032521924 core=1
  piece of job 25 started 1790032521924 core=5
  piece of job 25 started 1790032521924 core=0
job 85_DOT_36 end 1790032533993
job 86_XPY_48 started 1790032534003 core=4
  piece of job 25 end 1790032544878 core=5
  piece of job 25 end 1790032544894 core=1
  piece of job 25 end 1790032545316 core=0
job 25_TGAMMA_60 end 1790032545316
job 26_TGAMMA_12 started 1790032545316 core=4
  piece of job 26 started 1790032545340 core=5
  piece of job 26 started 1790032545340 core=1
  piece of job 26 started 1790032545352 core=0
  piece of job 26 end 1790032549924 core=1
  piece of job 26 end 1790032549942 core=5
  piece of job 26 end 1790032550001 core=0
job 26_TGAMMA_12 end 1790032550011
job 27_TGAMMA_60 started 1790032550011 core=4
  piece of job 27 started 1790032550035 core=5
  piece of job 27 started 1790032550038 core=0
  piece of job 27 started 1790032550035 core=1
  piece of job 27 end 1790032565777 core=1
  piece of job 27 end 1790032566493 core=5
  piece of job 27 end 1790032573389 core=0
job 27_TGAMMA_60 end 1790032573394
job 28_TGAMMA_12 started 1790032573394 core=4
  piece of job 28 started 1790032573418 core=1
  piece of job 28 started 1790032573425 core=0
  piece of job 28 started 1790032573418 core=5
  piece of job 28 end 1790032577997 core=5
  piece of job 28 end 1790032578004 core=1
  piece of job 28 end 1790032578054 core=0
job 28_TGAMMA_12 end 1790032578064
job 29_TGAMMA_12 started 1790032578064 core=4
  piece of job 29 started 1790032578077 core=1
  piece of job 29 started 1790032578079 core=5
  piece of job 29 started 1790032578077 core=0
  piece of job 29 end 1790032582665 core=1
  piece of job 29 end 1790032582676 core=5
  piece of job 29 end 1790032582734 core=0
job 29_TGAMMA_12 end 1790032582742
job 30_TGAMMA_60 started 1790032582742 core=4
  piece of job 30 started 1790032582755 core=1
  piece of job 30 started 1790032582758 core=0
  piece of job 30 started 1790032582759 core=5
job 86_XPY_48 end 1790032593955
job 87_DOT_84 started 1790032593955 core=4
  piece of job 30 end 1790032600871 core=1
  piece of job 30 end 1790032601282 core=5
  piece of job 30 end 1790032606026 core=0
job 30_TGAMMA_60 end 1790032606027
job 31_TGAMMA_120 started 1790032606027 core=4
  piece of job 31 started 1790032606050 core=1
  piece of job 31 started 1790032606055 core=5
  piece of job 31 started 1790032606050 core=0
  piece of job 31 end 1790032650479 core=1
  piece of job 31 end 1790032650648 core=5
  piece of job 31 end 1790032653014 core=0
job 31_TGAMMA_120 end 1790032653015
job 32_TGAMMA_12 started 1790032653015 core=4
  piece of job 32 started 1790032653039 core=1
  piece of job 32 started 1790032653039 core=5
  piece of job 32 started 1790032653051 core=0
  piece of job 32 end 1790032655528 core=1
  piece of job 32 end 1790032655626 core=5
  piece of job 32 end 1790032657747 core=0
job 32_TGAMMA_12 end 1790032657748
job 33_TGAMMA_60 started 1790032657748 core=4
  piece of job 33 started 1790032657772 core=1
  piece of job 33 started 1790032657772 core=5
  piece of job 33 started 1790032657784 core=0
  piece of job 33 end 1790032679383 core=1
  piece of job 33 end 1790032679435 core=5
  piece of job 33 end 1790032681297 core=0
job 33_TGAMMA_60 end 1790032681297
job 34_TGAMMA_60 started 1790032681297 core=4
  piece of job 34 started 1790032681321 core=5
  piece of job 34 started 1790032681322 core=0
  piece of job 34 started 1790032681321 core=1
job 87_DOT_84 end 1790032687864
job 88_SUM_132 started 1790032687877 core=4
  piece of job 34 end 1790032702666 core=1
  piece of job 34 end 1790032702782 core=5
  piece of job 34 end 1790032704600 core=0
job 34_TGAMMA_60 end 1790032704601
job 35_TGAMMA_120 started 1790032704601 core=4
  piece of job 35 started 1790032704625 core=1
  piece of job 35 started 1790032704625 core=0
  piece of job 35 started 1790032704625 core=5
  piece of job 35 end 1790032747709 core=1
  piece of job 35 end 1790032748024 core=5
  piece of job 35 end 1790032751431 core=0
job 35_TGAMMA_120 end 1790032751432
job 36_TGAMMA_12 started 1790032751432 core=4
  piece of job 36 started 1790032751456 core=5
  piece of job 36 started 1790032751456 core=1
  piece of job 36 started 1790032751468 core=0
  piece of job 36 end 1790032755536 core=1
  piece of job 36 end 1790032755707 core=5
  piece of job 36 end 1790032756104 core=0
job 36_TGAMMA_12 end 1790032756104
job 37_TGAMMA_120 started 1790032756104 core=4
  piece of job 37 started 1790032756126 core=5
  piece of job 37 started 1790032756126 core=1
  piece of job 37 started 1790032756127 core=0
job 88_SUM_132 end 1790032765241
job 89_COPY_84 started 1790032765241 core=4
  piece of job 37 end 1790032798400 core=5
  piece of job 37 end 1790032798461 core=1
  piece of job 37 end 1790032802953 core=0
job 37_TGAMMA_120 end 1790032802962
job 38_TGAMMA_12 started 1790032802962 core=4
  piece of job 38 started 1790032802975 core=5
  piece of job 38 started 1790032802977 core=0
  piece of job 38 started 1790032802975 core=1
  piece of job 38 end 1790032806632 core=1
  piece of job 38 end 1790032806645 core=5
  piece of job 38 end 1790032807682 core=0
job 38_TGAMMA_12 end 1790032807691
job 39_TGAMMA_60 started 1790032807691 core=4
  piece of job 39 started 1790032807714 core=5
  piece of job 39 started 1790032807714 core=1
  piece of job 39 started 1790032807719 core=0
  piece of job 39 end 1790032827212 core=1
  piece of job 39 end 1790032827371 core=5
  piece of job 39 end 1790032831055 core=0
job 39_TGAMMA_60 end 1790032831056
job 40_TGAMMA_12 started 1790032831056 core=4
  piece of job 40 started 1790032831079 core=5
  piece of job 40 started 1790032831079 core=1
  piece of job 40 started 1790032831079 core=0
  piece of job 40 end 1790032835655 core=1
  piece of job 40 end 1790032835663 core=5
  piece of job 40 end 1790032835802 core=0
job 40_TGAMMA_12 end 1790032835802
job 41_TGAMMA_12 started 1790032835802 core=4
  piece of job 41 started 1790032835825 core=5
  piece of job 41 started 1790032835825 core=1
  piece of job 41 started 1790032835825 core=0
  piece of job 41 end 1790032840397 core=1
  piece of job 41 end 1790032840428 core=5
  piece of job 41 end 1790032840524 core=0
job 41_TGAMMA_12 end 1790032840525
job 42_TGAMMA_120 started 1790032840525 core=4
  piece of job 42 started 1790032840548 core=5
  piece of job 42 started 1790032840548 core=1
  piece of job 42 started 1790032840548 core=0
job 89_COPY_84 end 1790032867992
job 90_XPY_60 started 1790032867992 core=4
  piece of job 42 end 1790032880791 core=1
  piece of job 42 end 1790032881233 core=5
  piece of job 42 end 1790032887353 core=0
job 42_TGAMMA_120 end 1790032887367
job 43_TGAMMA_12 started 1790032887367 core=4
  piece of job 43 started 1790032887390 core=5
  piece of job 43 started 1790032887390 core=1
  piece of job 43 started 1790032887390 core=0
  piece of job 43 end 1790032891979 core=1
  piece of job 43 end 1790032891989 core=5
  piece of job 43 end 1790032892078 core=0
job 43_TGAMMA_12 end 1790032892089
job 44_TGAMMA_12 started 1790032892089 core=4
  piece of job 44 started 1790032892091 core=0
  piece of job 44 started 1790032892091 core=1
  piece of job 44 started 1790032892106 core=5
  piece of job 44 end 1790032896678 core=1
  piece of job 44 end 1790032896683 core=5
  piece of job 44 end 1790032896775 core=0
job 44_TGAMMA_12 end 1790032896779
job 45_TGAMMA_12 started 1790032896779 core=4
  piece of job 45 started 1790032896803 core=1
  piece of job 45 started 1790032896812 core=0
  piece of job 45 started 1790032896814 core=5
  piece of job 45 end 1790032901384 core=1
  piece of job 45 end 1790032901388 core=5
  piece of job 45 end 1790032901473 core=0
job 45_TGAMMA_12 end 1790032901482
job 46_TGAMMA_120 started 1790032901482 core=4
  piece of job 46 started 1790032901506 core=5
  piece of job 46 started 1790032901510 core=0
  piece of job 46 started 1790032901506 core=1
  piece of job 46 end 1790032939478 core=1
  piece of job 46 end 1790032940102 core=5
job 90_XPY_60 end 1790032943804
job 91_SUM_132 started 1790032943804 core=4
  piece of job 46 end 1790032948287 core=0
job 46_TGAMMA_120 end 1790032948287
job 47_TGAMMA_12 started 1790032948287 core=4
  piece of job 47 started 1790032948311 core=1
  piece of job 47 started 1790032948311 core=5
  piece of job 47 started 1790032948311 core=0
  piece of job 47 end 1790032952893 core=1
  piece of job 47 end 1790032952898 core=5
  piece of job 47 end 1790032952998 core=0
job 47_TGAMMA_12 end 1790032953000
job 48_TGAMMA_12 started 1790032953000 core=4
  piece of job 48 started 1790032953023 core=5
  piece of job 48 started 1790032953023 core=1
  piece of job 48 started 1790032953035 core=0
  piece of job 48 end 1790032957600 core=1
  piece of job 48 end 1790032957611 core=5
  piece of job 48 end 1790032957665 core=0
job 48_TGAMMA_12 end 1790032957678
job 49_TGAMMA_12 started 1790032957678 core=4
  piece of job 49 started 1790032957702 core=1
  piece of job 49 started 1790032957702 core=5
  piece of job 49 started 1790032957702 core=0
  piece of job 49 end 1790032961293 core=1
  piece of job 49 end 1790032961792 core=5
  piece of job 49 end 1790032962356 core=0
job 49_TGAMMA_12 end 1790032962366
job 50_TGAMMA_60 started 1790032962366 core=4
  piece of job 50 started 1790032962378 core=5
  piece of job 50 started 1790032962378 core=1
  piece of job 50 started 1790032962380 core=0
  piece of job 50 end 1790032977373 core=1
  piece of job 50 end 1790032977498 core=5
  piece of job 50 end 1790032985657 core=0
job 50_TGAMMA_60 end 1790032985663
job 51_TGAMMA_60 started 1790032985663 core=4
  piece of job 51 started 1790032985687 core=1
  piece of job 51 started 1790032985694 core=0
  piece of job 51 started 1790032985687 core=5
  piece of job 51 end 1790033008215 core=1
  piece of job 51 end 1790033008341 core=5
  piece of job 51 end 1790033009092 core=0
job 51_TGAMMA_60 end 1790033009098
job 52_TGAMMA_12 started 1790033009098 core=4
  piece of job 52 started 1790033009121 core=5
  piece of job 52 started 1790033009121 core=1
  piece of job 52 started 1790033009129 core=0
  piece of job 52 end 1790033011418 core=5
  piece of job 52 end 1790033011419 core=1
  piece of job 52 end 1790033013754 core=0
job 52_TGAMMA_12 end 1790033013765
job 53_TGAMMA_60 started 1790033013765 core=4
  piece of job 53 started 1790033013777 core=5
  piece of job 53 started 1790033013777 core=1
  piece of job 53 started 1790033013778 core=0
job 91_SUM_132 end 1790033019927
job 92_XPY_60 started 1790033019927 core=4
  piece of job 53 end 1790033033302 core=1
  piece of job 53 end 1790033033332 core=5
  piece of job 53 end 1790033037240 core=0
job 53_TGAMMA_60 end 1790033037248
job 54_TGAMMA_60 started 1790033037248 core=4
  piece of job 54 started 1790033037271 core=5
  piece of job 54 started 1790033037271 core=1
  piece of job 54 started 1790033037276 core=0
  piece of job 54 end 1790033051012 core=1
  piece of job 54 end 1790033051067 core=5
  piece of job 54 end 1790033053020 core=0
job 54_TGAMMA_60 end 1790033053028
job 55_TGAMMA_60 started 1790033053028 core=4
  piece of job 55 started 1790033053051 core=5
  piece of job 55 started 1790033053051 core=0
  piece of job 55 started 1790033053051 core=1
  piece of job 55 end 1790033064514 core=1
  piece of job 55 end 1790033064536 core=5
  piece of job 55 end 1790033064839 core=0
job 55_TGAMMA_60 end 1790033064847
job 56_TGAMMA_60 started 1790033064847 core=4
  piece of job 56 started 1790033064870 core=5
  piece of job 56 started 1790033064870 core=1
  piece of job 56 started 1790033064870 core=0
  piece of job 56 end 1790033076321 core=1
  piece of job 56 end 1790033076376 core=5
  piece of job 56 end 1790033076598 core=0
job 56_TGAMMA_60 end 1790033076601
job 57_TGAMMA_12 started 1790033076601 core=4
  piece of job 57 started 1790033076624 core=5
  piece of job 57 started 1790033076624 core=1
  piece of job 57 started 1790033076624 core=0
  piece of job 57 end 1790033078916 core=1
  piece of job 57 end 1790033078922 core=5
  piece of job 57 end 1790033078984 core=0
job 57_TGAMMA_12 end 1790033078984
job 58_TGAMMA_12 started 1790033078984 core=4
  piece of job 58 started 1790033079007 core=5
  piece of job 58 started 1790033079007 core=1
  piece of job 58 started 1790033079007 core=0
  piece of job 58 end 1790033081300 core=1
  piece of job 58 end 1790033081308 core=5
  piece of job 58 end 1790033081358 core=0
job 58_TGAMMA_12 end 1790033081365
job 59_TGAMMA_120 started 1790033081365 core=4
  piece of job 59 started 1790033081388 core=5
  piece of job 59 started 1790033081388 core=1
  piece of job 59 started 1790033081388 core=0
job 92_XPY_60 end 1790033095954
job 93_XPY_48 started 1790033095954 core=4
  piece of job 59 end 1790033112901 core=5
  piece of job 59 end 1790033112998 core=1
  piece of job 59 end 1790033113604 core=0
job 59_TGAMMA_120 end 1790033113614
job 60_TGAMMA_120 started 1790033113614 core=4
  piece of job 60 started 1790033113639 core=5
  piece of job 60 started 1790033113641 core=0
  piece of job 60 started 1790033113639 core=1
  piece of job 60 end 1790033159064 core=1
  piece of job 60 end 1790033159260 core=5
  piece of job 60 end 1790033160293 core=0
job 60_TGAMMA_120 end 1790033160301
job 61_TGAMMA_60 started 1790033160301 core=4
  piece of job 61 started 1790033160325 core=1
  piece of job 61 started 1790033160331 core=0
  piece of job 61 started 1790033160325 core=5
job 93_XPY_48 end 1790033172335
job 94_SUM_132 started 1790033172335 core=4
  piece of job 61 end 1790033183199 core=5
  piece of job 61 end 1790033183513 core=0
  piece of job 61 end 1790033183603 core=1
job 61_TGAMMA_60 end 1790033183612
job 62_TGAMMA_12 started 1790033183612 core=4
  piece of job 62 started 1790033183636 core=0
  piece of job 62 started 1790033183640 core=1
  piece of job 62 started 1790033183636 core=5
  piece of job 62 end 1790033188209 core=5
  piece of job 62 end 1790033188263 core=1
  piece of job 62 end 1790033188276 core=0
job 62_TGAMMA_12 end 1790033188281
job 63_TGAMMA_120 started 1790033188281 core=4
  piece of job 63 started 1790033188305 core=1
  piece of job 63 started 1790033188312 core=0
  piece of job 63 started 1790033188305 core=5
  piece of job 63 end 1790033233841 core=1
  piece of job 63 end 1790033234071 core=5
  piece of job 63 end 1790033234465 core=0
job 63_TGAMMA_120 end 1790033234466
job 64_TGAMMA_60 started 1790033234466 core=4
  piece of job 64 started 1790033234490 core=1
  piece of job 64 started 1790033234490 core=5
  piece of job 64 started 1790033234502 core=0
  piece of job 64 end 1790033257346 core=5
  piece of job 64 end 1790033257563 core=0
  piece of job 64 end 1790033257686 core=1
job 64_TGAMMA_60 end 1790033257687
job 65_TGAMMA_120 started 1790033257687 core=4
  piece of job 65 started 1790033257711 core=0
  piece of job 65 started 1790033257712 core=1
  piece of job 65 started 1790033257711 core=5
job 94_SUM_132 end 1790033263148
job 95_XPY_60 started 1790033263148 core=4
  piece of job 65 end 1790033303496 core=5
  piece of job 65 end 1790033303916 core=1
  piece of job 65 end 1790033304004 core=0
job 65_TGAMMA_120 end 1790033304006
job 66_TGAMMA_120 started 1790033304006 core=4
  piece of job 66 started 1790033304029 core=5
  piece of job 66 started 1790033304029 core=1
  piece of job 66 started 1790033304029 core=0
  piece of job 66 end 1790033349687 core=5
  piece of job 66 end 1790033349903 core=1
  piece of job 66 end 1790033350730 core=0
job 66_TGAMMA_120 end 1790033350731
job 67_TGAMMA_12 started 1790033350731 core=4
  piece of job 67 started 1790033350755 core=5
  piece of job 67 started 1790033350755 core=1
  piece of job 67 started 1790033350767 core=0
  piece of job 67 end 1790033355308 core=5
  piece of job 67 end 1790033355406 core=0
  piece of job 67 end 1790033355430 core=1
job 67_TGAMMA_12 end 1790033355439
job 68_TGAMMA_60 started 1790033355439 core=4
  piece of job 68 started 1790033355463 core=0
  piece of job 68 started 1790033355466 core=1
  piece of job 68 started 1790033355463 core=5
job 95_XPY_60 end 1790033359721
job 96_DOT_36 started 1790033359721 core=4
  piece of job 68 end 1790033377083 core=1
  piece of job 68 end 1790033378352 core=5
  piece of job 68 end 1790033378595 core=0
job 68_TGAMMA_60 end 1790033378596
job 69_TGAMMA_60 started 1790033378596 core=4
  piece of job 69 started 1790033378619 core=1
  piece of job 69 started 1790033378619 core=0
  piece of job 69 started 1790033378631 core=5
  piece of job 69 end 1790033401444 core=5
  piece of job 69 end 1790033401954 core=0
  piece of job 69 end 1790033401977 core=1
job 69_TGAMMA_60 end 1790033401977
job 70_TGAMMA_60 started 1790033401977 core=4
  piece of job 70 started 1790033402001 core=0
  piece of job 70 started 1790033402001 core=5
  piece of job 70 started 1790033402013 core=1
job 96_DOT_36 end 1790033406895
job 97_XPY_48 started 1790033406895 core=4
  piece of job 70 end 1790033423669 core=1
  piece of job 70 end 1790033424846 core=5
  piece of job 70 end 1790033425427 core=0
job 70_TGAMMA_60 end 1790033425427
job 71_TGAMMA_60 started 1790033425427 core=4
  piece of job 71 started 1790033425450 core=0
  piece of job 71 started 1790033425454 core=5
  piece of job 71 started 1790033425450 core=1
  piece of job 71 end 1790033446872 core=1
  piece of job 71 end 1790033448318 core=5
  piece of job 71 end 1790033448811 core=0
job 71_TGAMMA_60 end 1790033448812
job 97_XPY_48 end 1790033491405
job 72_TGAMMA_12 started 1790033491405 core=4
  piece of job 72 started 1790033491416 core=4
  piece of job 72 started 1790033491426 core=0
  piece of job 72 started 1790033491426 core=1
  piece of job 72 started 1790033491426 core=5
  piece of job 72 end 1790033494832 core=5
  piece of job 72 end 1790033494847 core=0
  piece of job 72 end 1790033494862 core=4
  piece of job 72 end 1790033494882 core=1
job 72_TGAMMA_12 end 1790033494885
job 98_XPY_60 started 1790033494886 core=5
job 98_XPY_60 end 1790033571225
job 73_TGAMMA_12 started 1790033571226 core=4
  piece of job 73 started 1790033571237 core=4
  piece of job 73 started 1790033571238 core=0
  piece of job 73 started 1790033571238 core=1
  piece of job 73 started 1790033571248 core=5
  piece of job 73 end 1790033574104 core=4
  piece of job 73 end 1790033574165 core=0
  piece of job 73 end 1790033574626 core=5
  piece of job 73 end 1790033574669 core=1
job 73_TGAMMA_12 end 1790033574670
job 99_DOT_36 started 1790033574671 core=0
job 99_DOT_36 end 1790033630945
job 74_TGAMMA_60 started 1790033630946 core=4
  piece of job 74 started 1790033630957 core=4
  piece of job 74 started 1790033630958 core=1
  piece of job 74 started 1790033630968 core=0
  piece of job 74 started 1790033630969 core=5
  piece of job 74 end 1790033647980 core=5
  piece of job 74 end 1790033648051 core=0
  piece of job 74 end 1790033648061 core=4
  piece of job 74 end 1790033648250 core=1
job 74_TGAMMA_60 end 1790033648251
job 75_TGAMMA_12 started 1790033648252 core=0
  piece of job 75 started 1790033648263 core=4
  piece of job 75 started 1790033648263 core=0
  piece of job 75 started 1790033648263 core=5
  piece of job 75 started 1790033648280 core=1
  piece of job 75 end 1790033651672 core=0
  piece of job 75 end 1790033651672 core=4
  piece of job 75 end 1790033651682 core=5
  piece of job 75 end 1790033651716 core=1
job 75_TGAMMA_12 end 1790033651725
  итерация 0: 1776052 ms
  среднее по 1 итерациям: 1776052 ms
  реальных ожиданий свободного ядра: 5
=== Выполняется проект: ml_two_chain_2.txt (100 работ, перестановка ORDER) ===
fake 3 started 1790033651727 delay_ms=1
fake 2 started 1790033651727 delay_ms=0
fake 2 end 1790033651727
fake 0 started 1790033651727 delay_ms=0
fake 0 end 1790033651727
fake 1 started 1790033651727 delay_ms=0
fake 1 end 1790033651727
job 69_DOT_84 started 1790033651727 core=1
job 0_TGAMMA_60 started 1790033651737 core=0
  piece of job 0 started 1790033651738 core=0
fake 3 end 1790033651738
  piece of job 0 started 1790033651738 core=4
  piece of job 0 started 1790033651740 core=5
  piece of job 0 end 1790033664271 core=4
  piece of job 0 end 1790033674607 core=0
  piece of job 0 end 1790033675049 core=5
job 0_TGAMMA_60 end 1790033675049
job 1_TGAMMA_120 started 1790033675050 core=4
  piece of job 1 started 1790033675061 core=4
  piece of job 1 started 1790033675074 core=0
  piece of job 1 started 1790033675074 core=5
  piece of job 1 end 1790033719829 core=4
  piece of job 1 end 1790033720166 core=0
  piece of job 1 end 1790033721359 core=5
job 1_TGAMMA_120 end 1790033721360
job 2_TGAMMA_12 started 1790033721361 core=0
  piece of job 2 started 1790033721372 core=4
  piece of job 2 started 1790033721372 core=0
  piece of job 2 started 1790033721385 core=5
  piece of job 2 end 1790033724871 core=0
  piece of job 2 end 1790033724876 core=4
  piece of job 2 end 1790033726012 core=5
job 2_TGAMMA_12 end 1790033726013
job 3_TGAMMA_120 started 1790033726014 core=4
  piece of job 3 started 1790033726025 core=4
  piece of job 3 started 1790033726038 core=0
  piece of job 3 started 1790033726038 core=5
job 69_DOT_84 end 1790033760699
job 70_SUM_108 started 1790033760705 core=1
  piece of job 3 end 1790033770762 core=0
  piece of job 3 end 1790033770832 core=4
  piece of job 3 end 1790033772228 core=5
job 3_TGAMMA_120 end 1790033772229
job 4_TGAMMA_120 started 1790033772240 core=4
  piece of job 4 started 1790033772241 core=4
  piece of job 4 started 1790033772252 core=0
  piece of job 4 started 1790033772254 core=5
  piece of job 4 end 1790033816559 core=4
  piece of job 4 end 1790033816660 core=0
  piece of job 4 end 1790033818233 core=5
job 4_TGAMMA_120 end 1790033818234
job 5_TGAMMA_60 started 1790033818234 core=1
  piece of job 5 started 1790033818257 core=0
  piece of job 5 started 1790033818259 core=4
  piece of job 5 started 1790033818259 core=5
  piece of job 5 end 1790033839616 core=4
  piece of job 5 end 1790033839696 core=0
  piece of job 5 end 1790033841217 core=5
job 5_TGAMMA_60 end 1790033841221
job 6_TGAMMA_12 started 1790033841221 core=1
  piece of job 6 started 1790033841244 core=5
  piece of job 6 started 1790033841247 core=4
  piece of job 6 started 1790033841244 core=0
job 70_SUM_108 end 1790033844080
job 71_SUM_84 started 1790033844090 core=1
  piece of job 6 end 1790033845126 core=4
  piece of job 6 end 1790033845129 core=0
  piece of job 6 end 1790033845839 core=5
job 6_TGAMMA_12 end 1790033845839
job 7_TGAMMA_120 started 1790033845839 core=1
  piece of job 7 started 1790033845863 core=0
  piece of job 7 started 1790033845864 core=5
  piece of job 7 started 1790033845863 core=4
  piece of job 7 end 1790033890757 core=4
  piece of job 7 end 1790033890885 core=0
  piece of job 7 end 1790033891898 core=5
job 7_TGAMMA_120 end 1790033891899
job 8_TGAMMA_60 started 1790033891899 core=1
  piece of job 8 started 1790033891925 core=0
  piece of job 8 started 1790033891928 core=5
  piece of job 8 started 1790033891925 core=4
job 71_SUM_84 end 1790033907671
job 72_DOT_36 started 1790033907671 core=1
  piece of job 8 end 1790033914207 core=4
  piece of job 8 end 1790033914234 core=0
  piece of job 8 end 1790033914926 core=5
job 8_TGAMMA_60 end 1790033914933
job 9_TGAMMA_120 started 1790033914933 core=1
  piece of job 9 started 1790033914957 core=5
  piece of job 9 started 1790033914957 core=0
  piece of job 9 started 1790033914957 core=4
job 72_DOT_36 end 1790033958743
job 73_DOT_84 started 1790033958743 core=1
  piece of job 9 end 1790033959830 core=4
  piece of job 9 end 1790033960006 core=0
  piece of job 9 end 1790033961185 core=5
job 9_TGAMMA_120 end 1790033961206
job 10_TGAMMA_120 started 1790033961206 core=1
  piece of job 10 started 1790033961219 core=5
  piece of job 10 started 1790033961219 core=0
  piece of job 10 started 1790033961219 core=4
  piece of job 10 end 1790034005347 core=4
  piece of job 10 end 1790034005609 core=0
  piece of job 10 end 1790034007615 core=5
job 10_TGAMMA_120 end 1790034007616
job 11_TGAMMA_12 started 1790034007616 core=1
  piece of job 11 started 1790034007640 core=4
  piece of job 11 started 1790034007648 core=5
  piece of job 11 started 1790034007640 core=0
  piece of job 11 end 1790034012229 core=4
  piece of job 11 end 1790034012247 core=0
  piece of job 11 end 1790034012285 core=5
job 11_TGAMMA_12 end 1790034012286
job 12_TGAMMA_60 started 1790034012286 core=1
  piece of job 12 started 1790034012310 core=0
  piece of job 12 started 1790034012320 core=5
  piece of job 12 started 1790034012310 core=4
  piece of job 12 end 1790034032271 core=4
  piece of job 12 end 1790034032670 core=0
  piece of job 12 end 1790034035474 core=5
job 12_TGAMMA_60 end 1790034035481
job 13_TGAMMA_12 started 1790034035481 core=1
  piece of job 13 started 1790034035505 core=5
  piece of job 13 started 1790034035505 core=4
  piece of job 13 started 1790034035505 core=0
  piece of job 13 end 1790034040086 core=4
  piece of job 13 end 1790034040100 core=0
  piece of job 13 end 1790034040152 core=5
job 13_TGAMMA_12 end 1790034040152
job 14_TGAMMA_120 started 1790034040152 core=1
  piece of job 14 started 1790034040181 core=5
  piece of job 14 started 1790034040181 core=4
  piece of job 14 started 1790034040181 core=0
job 73_DOT_84 end 1790034077317
job 74_DOT_36 started 1790034077317 core=1
  piece of job 14 end 1790034082201 core=4
  piece of job 14 end 1790034082727 core=0
  piece of job 14 end 1790034086528 core=5
job 14_TGAMMA_120 end 1790034086529
job 15_TGAMMA_60 started 1790034086529 core=1
  piece of job 15 started 1790034086553 core=4
  piece of job 15 started 1790034086553 core=0
  piece of job 15 started 1790034086553 core=5
  piece of job 15 end 1790034109412 core=4
  piece of job 15 end 1790034109450 core=0
  piece of job 15 end 1790034109764 core=5
job 15_TGAMMA_60 end 1790034109769
job 16_TGAMMA_120 started 1790034109769 core=1
  piece of job 16 started 1790034109792 core=5
  piece of job 16 started 1790034109792 core=4
  piece of job 16 started 1790034109792 core=0
job 74_DOT_36 end 1790034128433
job 75_XPY_60 started 1790034128433 core=1
  piece of job 16 end 1790034150674 core=4
  piece of job 16 end 1790034151075 core=0
  piece of job 16 end 1790034156049 core=5
job 16_TGAMMA_120 end 1790034156050
job 17_TGAMMA_12 started 1790034156050 core=1
  piece of job 17 started 1790034156074 core=0
  piece of job 17 started 1790034156075 core=5
  piece of job 17 started 1790034156074 core=4
  piece of job 17 end 1790034160651 core=0
  piece of job 17 end 1790034160657 core=4
  piece of job 17 end 1790034160712 core=5
job 17_TGAMMA_12 end 1790034160722
job 18_TGAMMA_12 started 1790034160722 core=1
  piece of job 18 started 1790034160735 core=5
  piece of job 18 started 1790034160735 core=4
  piece of job 18 started 1790034160735 core=0
  piece of job 18 end 1790034165314 core=0
  piece of job 18 end 1790034165315 core=4
  piece of job 18 end 1790034165367 core=5
job 18_TGAMMA_12 end 1790034165387
job 19_TGAMMA_120 started 1790034165387 core=1
  piece of job 19 started 1790034165411 core=4
  piece of job 19 started 1790034165417 core=5
  piece of job 19 started 1790034165411 core=0
  piece of job 19 end 1790034205058 core=4
  piece of job 19 end 1790034205429 core=0
  piece of job 19 end 1790034211747 core=5
job 19_TGAMMA_120 end 1790034211748
job 20_TGAMMA_60 started 1790034211748 core=1
  piece of job 20 started 1790034211772 core=0
  piece of job 20 started 1790034211772 core=4
  piece of job 20 started 1790034211772 core=5
job 75_XPY_60 end 1790034223725
job 76_DOT_84 started 1790034223725 core=1
  piece of job 20 end 1790034234639 core=0
  piece of job 20 end 1790034234649 core=4
  piece of job 20 end 1790034234875 core=5
job 20_TGAMMA_60 end 1790034234877
job 21_TGAMMA_60 started 1790034234877 core=1
  piece of job 21 started 1790034234901 core=5
  piece of job 21 started 1790034234901 core=4
  piece of job 21 started 1790034234901 core=0
  piece of job 21 end 1790034250671 core=4
  piece of job 21 end 1790034251448 core=0
  piece of job 21 end 1790034258009 core=5
job 21_TGAMMA_60 end 1790034258015
job 22_TGAMMA_12 started 1790034258015 core=1
  piece of job 22 started 1790034258039 core=0
  piece of job 22 started 1790034258040 core=5
  piece of job 22 started 1790034258039 core=4
  piece of job 22 end 1790034262614 core=4
  piece of job 22 end 1790034262630 core=0
  piece of job 22 end 1790034262661 core=5
job 22_TGAMMA_12 end 1790034262661
job 23_TGAMMA_120 started 1790034262661 core=1
  piece of job 23 started 1790034262684 core=4
  piece of job 23 started 1790034262684 core=0
  piece of job 23 started 1790034262684 core=5
  piece of job 23 end 1790034301073 core=4
  piece of job 23 end 1790034302178 core=0
  piece of job 23 end 1790034308923 core=5
job 23_TGAMMA_120 end 1790034308924
job 24_TGAMMA_60 started 1790034308924 core=1
  piece of job 24 started 1790034308947 core=0
  piece of job 24 started 1790034308949 core=5
  piece of job 24 started 1790034308947 core=4
  piece of job 24 end 1790034323906 core=4
  piece of job 24 end 1790034325067 core=0
  piece of job 24 end 1790034332075 core=5
job 24_TGAMMA_60 end 1790034332084
job 25_TGAMMA_60 started 1790034332084 core=1
  piece of job 25 started 1790034332108 core=5
  piece of job 25 started 1790034332108 core=4
  piece of job 25 started 1790034332108 core=0
job 76_DOT_84 end 1790034337596
job 77_SUM_108 started 1790034337596 core=1
  piece of job 25 end 1790034354973 core=4
  piece of job 25 end 1790034355025 core=0
  piece of job 25 end 1790034355085 core=5
job 25_TGAMMA_60 end 1790034355085
job 26_TGAMMA_60 started 1790034355085 core=1
  piece of job 26 started 1790034355109 core=4
  piece of job 26 started 1790034355111 core=5
  piece of job 26 started 1790034355109 core=0
  piece of job 26 end 1790034368995 core=4
  piece of job 26 end 1790034370261 core=0
  piece of job 26 end 1790034378092 core=5
job 26_TGAMMA_60 end 1790034378103
job 27_TGAMMA_120 started 1790034378103 core=1
  piece of job 27 started 1790034378116 core=4
  piece of job 27 started 1790034378118 core=5
  piece of job 27 started 1790034378116 core=0
job 77_SUM_108 end 1790034420593
job 78_XPY_60 started 1790034420593 core=1
  piece of job 27 end 1790034421443 core=4
  piece of job 27 end 1790034421618 core=0
  piece of job 27 end 1790034424080 core=5
job 27_TGAMMA_120 end 1790034424081
job 28_TGAMMA_120 started 1790034424081 core=1
  piece of job 28 started 1790034424104 core=5
  piece of job 28 started 1790034424105 core=0
  piece of job 28 started 1790034424105 core=4
  piece of job 28 end 1790034467637 core=0
  piece of job 28 end 1790034467791 core=4
  piece of job 28 end 1790034470366 core=5
job 28_TGAMMA_120 end 1790034470376
job 29_TGAMMA_12 started 1790034470376 core=1
  piece of job 29 started 1790034470400 core=5
  piece of job 29 started 1790034470400 core=0
  piece of job 29 started 1790034470400 core=4
  piece of job 29 end 1790034474977 core=4
  piece of job 29 end 1790034474983 core=0
  piece of job 29 end 1790034475028 core=5
job 29_TGAMMA_12 end 1790034475029
job 30_TGAMMA_120 started 1790034475029 core=1
  piece of job 30 started 1790034475057 core=5
  piece of job 30 started 1790034475057 core=4
  piece of job 30 started 1790034475057 core=0
job 78_XPY_60 end 1790034509351
job 79_SUM_132 started 1790034509351 core=1
  piece of job 30 end 1790034517980 core=0
  piece of job 30 end 1790034518216 core=4
  piece of job 30 end 1790034521224 core=5
job 30_TGAMMA_120 end 1790034521228
job 31_TGAMMA_12 started 1790034521228 core=1
  piece of job 31 started 1790034521252 core=5
  piece of job 31 started 1790034521252 core=4
  piece of job 31 started 1790034521252 core=0
  piece of job 31 end 1790034525840 core=5
  piece of job 31 end 1790034525843 core=4
  piece of job 31 end 1790034525845 core=0
job 31_TGAMMA_12 end 1790034525854
job 32_TGAMMA_120 started 1790034525854 core=1
  piece of job 32 started 1790034525878 core=5
  piece of job 32 started 1790034525879 core=4
  piece of job 32 started 1790034525881 core=0
  piece of job 32 end 1790034567950 core=0
  piece of job 32 end 1790034568064 core=4
  piece of job 32 end 1790034571837 core=5
job 32_TGAMMA_120 end 1790034571838
job 33_TGAMMA_120 started 1790034571838 core=1
  piece of job 33 started 1790034571862 core=5
  piece of job 33 started 1790034571862 core=0
  piece of job 33 started 1790034571862 core=4
job 79_SUM_132 end 1790034610570
job 80_COPY_84 started 1790034610580 core=1
  piece of job 33 end 1790034613270 core=0
  piece of job 33 end 1790034613307 core=4
  piece of job 33 end 1790034617843 core=5
job 33_TGAMMA_120 end 1790034617843
job 34_TGAMMA_60 started 1790034617843 core=1
  piece of job 34 started 1790034617867 core=0
  piece of job 34 started 1790034617869 core=5
  piece of job 34 started 1790034617867 core=4
  piece of job 34 end 1790034640713 core=0
  piece of job 34 end 1790034640716 core=4
  piece of job 34 end 1790034641044 core=5
job 34_TGAMMA_60 end 1790034641049
job 35_TGAMMA_120 started 1790034641049 core=1
  piece of job 35 started 1790034641073 core=0
  piece of job 35 started 1790034641073 core=4
  piece of job 35 started 1790034641073 core=5
  piece of job 35 end 1790034681453 core=4
  piece of job 35 end 1790034681779 core=0
  piece of job 35 end 1790034687404 core=5
job 35_TGAMMA_120 end 1790034687407
job 36_TGAMMA_60 started 1790034687407 core=1
  piece of job 36 started 1790034687431 core=0
  piece of job 36 started 1790034687441 core=5
  piece of job 36 started 1790034687431 core=4
  piece of job 36 end 1790034703524 core=4
  piece of job 36 end 1790034703967 core=0
  piece of job 36 end 1790034710579 core=5
job 36_TGAMMA_60 end 1790034710579
job 37_TGAMMA_120 started 1790034710579 core=1
  piece of job 37 started 1790034710602 core=4
  piece of job 37 started 1790034710602 core=0
  piece of job 37 started 1790034710603 core=5
job 80_COPY_84 end 1790034738394
job 81_XPY_60 started 1790034738394 core=1
  piece of job 37 end 1790034754668 core=0
  piece of job 37 end 1790034754670 core=4
  piece of job 37 end 1790034756900 core=5
job 37_TGAMMA_120 end 1790034756901
job 38_TGAMMA_12 started 1790034756901 core=1
  piece of job 38 started 1790034756923 core=4
  piece of job 38 started 1790034756923 core=0
  piece of job 38 started 1790034756924 core=5
  piece of job 38 end 1790034759935 core=0
  piece of job 38 end 1790034759987 core=4
  piece of job 38 end 1790034761592 core=5
job 38_TGAMMA_12 end 1790034761593
job 39_TGAMMA_60 started 1790034761593 core=1
  piece of job 39 started 1790034761617 core=5
  piece of job 39 started 1790034761617 core=0
  piece of job 39 started 1790034761617 core=4
  piece of job 39 end 1790034784500 core=4
  piece of job 39 end 1790034784518 core=0
  piece of job 39 end 1790034784807 core=5
job 39_TGAMMA_60 end 1790034784807
job 40_TGAMMA_120 started 1790034784807 core=1
  piece of job 40 started 1790034784830 core=0
  piece of job 40 started 1790034784832 core=5
  piece of job 40 started 1790034784830 core=4
  piece of job 40 end 1790034828372 core=0
  piece of job 40 end 1790034828486 core=4
job 81_XPY_60 end 1790034828488
job 82_SUM_84 started 1790034828488 core=1
  piece of job 40 end 1790034831231 core=5
job 40_TGAMMA_120 end 1790034831237
job 41_TGAMMA_120 started 1790034831237 core=1
  piece of job 41 started 1790034831260 core=4
  piece of job 41 started 1790034831260 core=0
  piece of job 41 started 1790034831261 core=5
  piece of job 41 end 1790034876216 core=0
  piece of job 41 end 1790034876238 core=4
  piece of job 41 end 1790034877247 core=5
job 41_TGAMMA_120 end 1790034877248
job 42_TGAMMA_60 started 1790034877248 core=1
  piece of job 42 started 1790034877271 core=4
  piece of job 42 started 1790034877271 core=0
  piece of job 42 started 1790034877273 core=5
job 82_SUM_84 end 1790034892935
job 83_SUM_84 started 1790034892935 core=1
  piece of job 42 end 1790034898802 core=4
  piece of job 42 end 1790034898828 core=0
  piece of job 42 end 1790034900215 core=5
job 42_TGAMMA_60 end 1790034900215
job 43_TGAMMA_120 started 1790034900215 core=1
  piece of job 43 started 1790034900228 core=0
  piece of job 43 started 1790034900228 core=4
  piece of job 43 started 1790034900240 core=5
  piece of job 43 end 1790034925369 core=4
  piece of job 43 end 1790034925413 core=0
job 83_SUM_84 end 1790034931161
job 84_SUM_132 started 1790034931162 core=1
  piece of job 43 end 1790034946593 core=5
job 43_TGAMMA_120 end 1790034946607
job 44_TGAMMA_60 started 1790034946607 core=1
  piece of job 44 started 1790034946619 core=4
  piece of job 44 started 1790034946620 core=0
  piece of job 44 started 1790034946641 core=5
  piece of job 44 end 1790034959140 core=4
  piece of job 44 end 1790034959149 core=0
  piece of job 44 end 1790034965235 core=5
job 44_TGAMMA_60 end 1790034965244
job 45_TGAMMA_120 started 1790034965244 core=1
  piece of job 45 started 1790034965256 core=5
  piece of job 45 started 1790034965256 core=4
  piece of job 45 started 1790034965257 core=0
job 84_SUM_132 end 1790034978818
job 85_SUM_108 started 1790034978818 core=1
  piece of job 45 end 1790034988713 core=5
  piece of job 45 end 1790034988894 core=4
  piece of job 45 end 1790035011058 core=0
job 45_TGAMMA_120 end 1790035011072
job 46_TGAMMA_60 started 1790035011072 core=1
  piece of job 46 started 1790035011085 core=5
  piece of job 46 started 1790035011085 core=4
  piece of job 46 started 1790035011097 core=0
job 85_SUM_108 end 1790035012141
job 86_COPY_60 started 1790035012142 core=1
  piece of job 46 end 1790035022811 core=4
  piece of job 46 end 1790035022954 core=5
  piece of job 46 end 1790035034036 core=0
job 46_TGAMMA_60 end 1790035034037
job 47_TGAMMA_120 started 1790035034037 core=1
  piece of job 47 started 1790035034049 core=5
  piece of job 47 started 1790035034049 core=4
  piece of job 47 started 1790035034067 core=0
job 86_COPY_60 end 1790035056996
job 87_SUM_108 started 1790035056996 core=1
  piece of job 47 end 1790035057519 core=4
  piece of job 47 end 1790035057928 core=5
  piece of job 47 end 1790035079655 core=0
job 47_TGAMMA_120 end 1790035079664
job 48_TGAMMA_120 started 1790035079664 core=1
  piece of job 48 started 1790035079687 core=4
  piece of job 48 started 1790035079687 core=0
  piece of job 48 started 1790035079687 core=5
job 87_SUM_108 end 1790035098207
job 88_DOT_36 started 1790035098217 core=1
  piece of job 48 end 1790035102592 core=4
  piece of job 48 end 1790035102616 core=0
  piece of job 48 end 1790035102887 core=5
job 48_TGAMMA_120 end 1790035102895
job 49_TGAMMA_120 started 1790035102895 core=1
  piece of job 49 started 1790035102917 core=4
  piece of job 49 started 1790035102917 core=5
  piece of job 49 started 1790035102917 core=0
  piece of job 49 end 1790035125840 core=4
  piece of job 49 end 1790035125886 core=0
  piece of job 49 end 1790035126258 core=5
job 49_TGAMMA_120 end 1790035126259
job 50_TGAMMA_60 started 1790035126259 core=1
  piece of job 50 started 1790035126282 core=4
  piece of job 50 started 1790035126282 core=0
  piece of job 50 started 1790035126282 core=5
  piece of job 50 end 1790035137752 core=4
  piece of job 50 end 1790035137762 core=0
  piece of job 50 end 1790035137946 core=5
job 50_TGAMMA_60 end 1790035137946
job 51_TGAMMA_120 started 1790035137946 core=1
  piece of job 51 started 1790035137969 core=4
  piece of job 51 started 1790035137969 core=0
  piece of job 51 started 1790035137969 core=5
job 88_DOT_36 end 1790035138411
job 89_COPY_60 started 1790035138411 core=1
  piece of job 51 end 1790035161297 core=0
  piece of job 51 end 1790035161791 core=5
  piece of job 51 end 1790035180265 core=4
job 51_TGAMMA_120 end 1790035180266
job 52_TGAMMA_120 started 1790035180266 core=1
  piece of job 52 started 1790035180278 core=5
  piece of job 52 started 1790035180279 core=0
  piece of job 52 started 1790035180296 core=4
job 89_COPY_60 end 1790035183284
job 90_SUM_108 started 1790035183284 core=1
  piece of job 52 end 1790035203930 core=5
  piece of job 52 end 1790035203932 core=0
job 90_SUM_108 end 1790035218509
job 91_SUM_132 started 1790035218509 core=1
  piece of job 52 end 1790035226012 core=4
job 52_TGAMMA_120 end 1790035226013
job 53_TGAMMA_60 started 1790035226013 core=1
  piece of job 53 started 1790035226026 core=5
  piece of job 53 started 1790035226026 core=0
  piece of job 53 started 1790035226047 core=4
  piece of job 53 end 1790035237774 core=5
  piece of job 53 end 1790035237819 core=0
  piece of job 53 end 1790035248840 core=4
job 53_TGAMMA_60 end 1790035248840
job 54_TGAMMA_12 started 1790035248840 core=1
  piece of job 54 started 1790035248852 core=5
  piece of job 54 started 1790035248853 core=0
  piece of job 54 started 1790035248874 core=4
  piece of job 54 end 1790035251213 core=0
  piece of job 54 end 1790035251226 core=5
  piece of job 54 end 1790035253413 core=4
job 54_TGAMMA_12 end 1790035253414
job 55_TGAMMA_120 started 1790035253414 core=1
  piece of job 55 started 1790035253427 core=5
  piece of job 55 started 1790035253427 core=0
  piece of job 55 started 1790035253450 core=4
job 91_SUM_132 end 1790035261252
job 92_COPY_84 started 1790035261252 core=1
  piece of job 55 end 1790035276968 core=0
  piece of job 55 end 1790035277210 core=5
  piece of job 55 end 1790035289268 core=4
job 55_TGAMMA_120 end 1790035289269
job 56_TGAMMA_60 started 1790035289269 core=1
  piece of job 56 started 1790035289281 core=4
  piece of job 56 started 1790035289281 core=0
  piece of job 56 started 1790035289282 core=5
  piece of job 56 end 1790035300746 core=4
  piece of job 56 end 1790035300753 core=0
  piece of job 56 end 1790035312724 core=5
job 56_TGAMMA_60 end 1790035312725
job 57_TGAMMA_60 started 1790035312725 core=1
  piece of job 57 started 1790035312737 core=4
  piece of job 57 started 1790035312737 core=0
  piece of job 57 started 1790035312750 core=5
  piece of job 57 end 1790035324200 core=4
  piece of job 57 end 1790035324217 core=0
job 92_COPY_84 end 1790035326313
job 93_DOT_36 started 1790035326313 core=1
  piece of job 57 end 1790035336196 core=5
job 57_TGAMMA_60 end 1790035336196
job 58_TGAMMA_12 started 1790035336196 core=1
  piece of job 58 started 1790035336208 core=4
  piece of job 58 started 1790035336208 core=0
  piece of job 58 started 1790035336230 core=5
  piece of job 58 end 1790035338517 core=4
  piece of job 58 end 1790035338517 core=0
  piece of job 58 end 1790035340943 core=5
job 58_TGAMMA_12 end 1790035340944
job 59_TGAMMA_12 started 1790035340944 core=1
  piece of job 59 started 1790035340957 core=4
  piece of job 59 started 1790035340957 core=0
  piece of job 59 started 1790035340977 core=5
  piece of job 59 end 1790035343261 core=0
  piece of job 59 end 1790035343263 core=4
  piece of job 59 end 1790035345603 core=5
job 59_TGAMMA_12 end 1790035345603
job 60_TGAMMA_60 started 1790035345603 core=1
  piece of job 60 started 1790035345615 core=4
  piece of job 60 started 1790035345615 core=0
  piece of job 60 started 1790035345637 core=5
job 93_DOT_36 end 1790035349649
job 94_SUM_84 started 1790035349650 core=1
  piece of job 60 end 1790035357112 core=4
  piece of job 60 end 1790035357122 core=0
  piece of job 60 end 1790035368855 core=5
job 60_TGAMMA_60 end 1790035368855
job 61_TGAMMA_12 started 1790035368855 core=1
  piece of job 61 started 1790035368868 core=4
  piece of job 61 started 1790035368868 core=0
  piece of job 61 started 1790035368889 core=5
  piece of job 61 end 1790035371164 core=4
  piece of job 61 end 1790035371173 core=0
  piece of job 61 end 1790035373493 core=5
job 61_TGAMMA_12 end 1790035373493
job 62_TGAMMA_12 started 1790035373493 core=1
  piece of job 62 started 1790035373506 core=4
  piece of job 62 started 1790035373506 core=0
  piece of job 62 started 1790035373527 core=5
  piece of job 62 end 1790035375807 core=4
  piece of job 62 end 1790035375815 core=0
  piece of job 62 end 1790035378153 core=5
job 62_TGAMMA_12 end 1790035378153
job 63_TGAMMA_12 started 1790035378153 core=1
  piece of job 63 started 1790035378165 core=4
  piece of job 63 started 1790035378166 core=0
  piece of job 63 started 1790035378187 core=5
job 94_SUM_84 end 1790035379440
job 95_DOT_36 started 1790035379440 core=1
  piece of job 63 end 1790035380469 core=4
  piece of job 63 end 1790035381253 core=0
  piece of job 63 end 1790035381256 core=5
job 63_TGAMMA_12 end 1790035381260
job 64_TGAMMA_60 started 1790035381260 core=1
  piece of job 64 started 1790035381272 core=5
  piece of job 64 started 1790035381272 core=4
  piece of job 64 started 1790035381279 core=0
  piece of job 64 end 1790035393119 core=4
  piece of job 64 end 1790035393147 core=5
job 95_DOT_36 end 1790035401542
job 96_DOT_36 started 1790035401542 core=1
  piece of job 64 end 1790035404264 core=0
job 64_TGAMMA_60 end 1790035404265
job 65_TGAMMA_60 started 1790035404265 core=1
  piece of job 65 started 1790035404277 core=5
  piece of job 65 started 1790035404277 core=4
  piece of job 65 started 1790035404295 core=0
  piece of job 65 end 1790035416131 core=4
  piece of job 65 end 1790035416145 core=5
job 96_DOT_36 end 1790035423525
job 97_SUM_108 started 1790035423525 core=1
  piece of job 65 end 1790035427262 core=0
job 65_TGAMMA_60 end 1790035427263
job 66_TGAMMA_12 started 1790035427263 core=1
  piece of job 66 started 1790035427276 core=5
  piece of job 66 started 1790035427276 core=4
  piece of job 66 started 1790035427292 core=0
  piece of job 66 end 1790035429637 core=5
  piece of job 66 end 1790035429639 core=4
  piece of job 66 end 1790035431852 core=0
job 66_TGAMMA_12 end 1790035431852
job 67_TGAMMA_120 started 1790035431852 core=1
  piece of job 67 started 1790035431864 core=5
  piece of job 67 started 1790035431864 core=4
  piece of job 67 started 1790035431865 core=0
  piece of job 67 end 1790035455349 core=5
  piece of job 67 end 1790035455487 core=4
job 97_SUM_108 end 1790035458836
job 98_COPY_84 started 1790035458836 core=1
  piece of job 67 end 1790035477754 core=0
job 67_TGAMMA_120 end 1790035477755
job 68_TGAMMA_12 started 1790035477755 core=1
  piece of job 68 started 1790035477768 core=5
  piece of job 68 started 1790035477768 core=4
  piece of job 68 started 1790035477785 core=0
  piece of job 68 end 1790035480119 core=4
  piece of job 68 end 1790035480171 core=5
  piece of job 68 end 1790035482360 core=0
job 68_TGAMMA_12 end 1790035482361
job 98_COPY_84 end 1790035540558
job 99_DOT_84 started 1790035540558 core=1
  piece of job 99 started 1790035540571 core=1
  piece of job 99 started 1790035540572 core=5
  piece of job 99 started 1790035540572 core=0
  piece of job 99 started 1790035540572 core=4
  piece of job 99 end 1790035581927 core=1
  piece of job 99 end 1790035588015 core=0
  piece of job 99 end 1790035588160 core=4
  piece of job 99 end 1790035592734 core=5
job 99_DOT_84 end 1790035592740
  итерация 0: 1941014 ms
  среднее по 1 итерациям: 1941014 ms
  реальных ожиданий свободного ядра: 0  (блокировок в задачах не было)
=== Выполняется проект: ml_two_chain_20.txt (100 работ, перестановка ORDER) ===
fake 3 started 1790035592752 delay_ms=1
fake 2 started 1790035592752 delay_ms=0
fake 2 end 1790035592752
fake 0 started 1790035592752 delay_ms=0
fake 0 end 1790035592752
fake 1 started 1790035592752 delay_ms=0
fake 1 end 1790035592752
job 0_TGAMMA_12 started 1790035592752 core=1
  piece of job 0 started 1790035592753 core=1
  piece of job 0 started 1790035592753 core=0
fake 3 end 1790035592763
job 73_XPY_60 started 1790035592753 core=4
  piece of job 0 started 1790035592772 core=5
  piece of job 0 end 1790035597329 core=1
  piece of job 0 end 1790035597393 core=0
  piece of job 0 end 1790035597401 core=5
job 0_TGAMMA_12 end 1790035597402
job 1_TGAMMA_120 started 1790035597402 core=1
  piece of job 1 started 1790035597414 core=1
  piece of job 1 started 1790035597417 core=0
  piece of job 1 started 1790035597431 core=5
  piece of job 1 end 1790035639203 core=0
  piece of job 1 end 1790035643146 core=1
  piece of job 1 end 1790035643988 core=5
job 1_TGAMMA_120 end 1790035643990
job 2_TGAMMA_60 started 1790035643990 core=1
  piece of job 2 started 1790035644002 core=1
  piece of job 2 started 1790035644003 core=0
  piece of job 2 started 1790035644019 core=5
  piece of job 2 end 1790035666797 core=1
  piece of job 2 end 1790035667354 core=0
  piece of job 2 end 1790035667375 core=5
job 2_TGAMMA_60 end 1790035667376
job 3_TGAMMA_120 started 1790035667376 core=1
  piece of job 3 started 1790035667388 core=1
  piece of job 3 started 1790035667391 core=0
  piece of job 3 started 1790035667407 core=5
job 73_XPY_60 end 1790035681563
job 74_COPY_60 started 1790035681574 core=4
  piece of job 3 end 1790035708946 core=0
  piece of job 3 end 1790035713108 core=1
  piece of job 3 end 1790035713955 core=5
job 3_TGAMMA_120 end 1790035713956
job 4_TGAMMA_12 started 1790035713965 core=4
  piece of job 4 started 1790035713987 core=0
  piece of job 4 started 1790035713988 core=5
  piece of job 4 started 1790035713988 core=1
  piece of job 4 end 1790035717359 core=0
  piece of job 4 end 1790035718551 core=1
  piece of job 4 end 1790035718626 core=5
job 4_TGAMMA_12 end 1790035718626
job 5_TGAMMA_12 started 1790035718627 core=1
  piece of job 5 started 1790035718638 core=1
  piece of job 5 started 1790035718639 core=0
  piece of job 5 started 1790035718639 core=5
  piece of job 5 end 1790035723232 core=1
  piece of job 5 end 1790035723265 core=0
  piece of job 5 end 1790035723265 core=5
job 5_TGAMMA_12 end 1790035723278
job 6_TGAMMA_12 started 1790035723279 core=4
  piece of job 6 started 1790035723302 core=0
  piece of job 6 started 1790035723303 core=1
  piece of job 6 started 1790035723314 core=5
  piece of job 6 end 1790035727869 core=1
  piece of job 6 end 1790035727940 core=5
  piece of job 6 end 1790035728037 core=0
job 6_TGAMMA_12 end 1790035728039
job 7_TGAMMA_60 started 1790035728040 core=1
  piece of job 7 started 1790035728051 core=1
  piece of job 7 started 1790035728052 core=5
  piece of job 7 started 1790035728067 core=0
  piece of job 7 end 1790035750896 core=1
  piece of job 7 end 1790035751256 core=5
  piece of job 7 end 1790035751498 core=0
job 7_TGAMMA_60 end 1790035751499
job 8_TGAMMA_120 started 1790035751507 core=4
  piece of job 8 started 1790035751530 core=1
  piece of job 8 started 1790035751535 core=0
  piece of job 8 started 1790035751530 core=5
job 74_COPY_60 end 1790035772593
job 75_DOT_84 started 1790035772594 core=4
  piece of job 8 end 1790035797015 core=0
  piece of job 8 end 1790035797302 core=1
  piece of job 8 end 1790035797632 core=5
job 8_TGAMMA_120 end 1790035797637
job 9_TGAMMA_120 started 1790035797637 core=4
  piece of job 9 started 1790035797660 core=0
  piece of job 9 started 1790035797662 core=5
  piece of job 9 started 1790035797660 core=1
  piece of job 9 end 1790035843565 core=1
  piece of job 9 end 1790035843897 core=0
  piece of job 9 end 1790035844051 core=5
job 9_TGAMMA_120 end 1790035844052
job 10_TGAMMA_120 started 1790035844052 core=4
  piece of job 10 started 1790035844076 core=0
  piece of job 10 started 1790035844076 core=1
  piece of job 10 started 1790035844088 core=5
job 75_DOT_84 end 1790035882720
job 76_DOT_84 started 1790035882720 core=4
  piece of job 10 end 1790035889871 core=1
  piece of job 10 end 1790035890478 core=0
  piece of job 10 end 1790035890570 core=5
job 10_TGAMMA_120 end 1790035890575
job 11_TGAMMA_12 started 1790035890575 core=4
  piece of job 11 started 1790035890599 core=0
  piece of job 11 started 1790035890605 core=5
  piece of job 11 started 1790035890599 core=1
  piece of job 11 end 1790035895183 core=1
  piece of job 11 end 1790035895233 core=5
  piece of job 11 end 1790035895246 core=0
job 11_TGAMMA_12 end 1790035895246
job 12_TGAMMA_12 started 1790035895246 core=4
  piece of job 12 started 1790035895270 core=1
  piece of job 12 started 1790035895275 core=5
  piece of job 12 started 1790035895270 core=0
  piece of job 12 end 1790035899821 core=1
  piece of job 12 end 1790035899895 core=5
  piece of job 12 end 1790035900035 core=0
job 12_TGAMMA_12 end 1790035900036
job 13_TGAMMA_120 started 1790035900036 core=4
  piece of job 13 started 1790035900059 core=1
  piece of job 13 started 1790035900059 core=0
  piece of job 13 started 1790035900059 core=5
  piece of job 13 end 1790035945737 core=1
  piece of job 13 end 1790035945787 core=5
  piece of job 13 end 1790035946543 core=0
job 13_TGAMMA_120 end 1790035946549
job 14_TGAMMA_60 started 1790035946549 core=4
  piece of job 14 started 1790035946573 core=5
  piece of job 14 started 1790035946580 core=0
  piece of job 14 started 1790035946573 core=1
  piece of job 14 end 1790035968875 core=5
  piece of job 14 end 1790035969369 core=1
  piece of job 14 end 1790035969994 core=0
job 14_TGAMMA_60 end 1790035970003
job 15_TGAMMA_120 started 1790035970003 core=4
  piece of job 15 started 1790035970027 core=1
  piece of job 15 started 1790035970031 core=0
  piece of job 15 started 1790035970027 core=5
job 76_DOT_84 end 1790035998423
job 77_XPY_48 started 1790035998423 core=4
  piece of job 15 end 1790036015262 core=5
  piece of job 15 end 1790036015746 core=1
  piece of job 15 end 1790036016396 core=0
job 15_TGAMMA_120 end 1790036016405
job 16_TGAMMA_60 started 1790036016405 core=4
  piece of job 16 started 1790036016429 core=1
  piece of job 16 started 1790036016433 core=0
  piece of job 16 started 1790036016429 core=5
  piece of job 16 end 1790036039191 core=1
  piece of job 16 end 1790036039792 core=0
  piece of job 16 end 1790036039808 core=5
job 16_TGAMMA_60 end 1790036039809
job 17_TGAMMA_60 started 1790036039809 core=4
  piece of job 17 started 1790036039832 core=0
  piece of job 17 started 1790036039832 core=1
  piece of job 17 started 1790036039832 core=5
  piece of job 17 end 1790036061916 core=5
  piece of job 17 end 1790036062671 core=1
  piece of job 17 end 1790036063036 core=0
job 17_TGAMMA_60 end 1790036063042
job 18_TGAMMA_120 started 1790036063042 core=4
  piece of job 18 started 1790036063066 core=5
  piece of job 18 started 1790036063073 core=0
  piece of job 18 started 1790036063066 core=1
job 77_XPY_48 end 1790036075984
job 78_SUM_84 started 1790036075984 core=4
  piece of job 18 end 1790036108710 core=1
  piece of job 18 end 1790036108787 core=5
  piece of job 18 end 1790036109091 core=0
job 18_TGAMMA_120 end 1790036109095
job 19_TGAMMA_12 started 1790036109095 core=4
  piece of job 19 started 1790036109118 core=1
  piece of job 19 started 1790036109128 core=0
  piece of job 19 started 1790036109118 core=5
  piece of job 19 end 1790036113523 core=5
  piece of job 19 end 1790036113670 core=0
  piece of job 19 end 1790036113684 core=1
job 19_TGAMMA_12 end 1790036113684
job 20_TGAMMA_12 started 1790036113684 core=4
  piece of job 20 started 1790036113708 core=0
  piece of job 20 started 1790036113710 core=1
  piece of job 20 started 1790036113708 core=5
  piece of job 20 end 1790036118262 core=1
  piece of job 20 end 1790036118353 core=0
  piece of job 20 end 1790036118423 core=5
job 20_TGAMMA_12 end 1790036118432
job 21_TGAMMA_12 started 1790036118432 core=4
  piece of job 21 started 1790036118445 core=0
  piece of job 21 started 1790036118446 core=5
  piece of job 21 started 1790036118445 core=1
  piece of job 21 end 1790036123002 core=1
  piece of job 21 end 1790036123045 core=0
  piece of job 21 end 1790036123130 core=5
job 21_TGAMMA_12 end 1790036123131
job 22_TGAMMA_60 started 1790036123131 core=4
  piece of job 22 started 1790036123154 core=0
  piece of job 22 started 1790036123154 core=1
  piece of job 22 started 1790036123154 core=5
job 78_SUM_84 end 1790036134183
job 79_SUM_84 started 1790036134183 core=4
  piece of job 22 end 1790036145975 core=1
  piece of job 22 end 1790036146289 core=0
  piece of job 22 end 1790036146500 core=5
job 22_TGAMMA_60 end 1790036146509
job 23_TGAMMA_120 started 1790036146509 core=4
  piece of job 23 started 1790036146533 core=0
  piece of job 23 started 1790036146537 core=5
  piece of job 23 started 1790036146533 core=1
job 79_SUM_84 end 1790036189048
job 80_SUM_108 started 1790036189048 core=4
  piece of job 23 end 1790036192181 core=0
  piece of job 23 end 1790036192225 core=1
  piece of job 23 end 1790036193416 core=5
job 23_TGAMMA_120 end 1790036193426
job 24_TGAMMA_60 started 1790036193426 core=4
  piece of job 24 started 1790036193450 core=0
  piece of job 24 started 1790036193451 core=5
  piece of job 24 started 1790036193450 core=1
  piece of job 24 end 1790036214992 core=0
  piece of job 24 end 1790036216233 core=1
  piece of job 24 end 1790036216787 core=5
job 24_TGAMMA_60 end 1790036216796
job 25_TGAMMA_120 started 1790036216796 core=4
  piece of job 25 started 1790036216820 core=0
  piece of job 25 started 1790036216831 core=5
  piece of job 25 started 1790036216820 core=1
  piece of job 25 end 1790036260768 core=0
  piece of job 25 end 1790036262636 core=1
job 80_SUM_108 end 1790036263010
job 81_XPY_48 started 1790036263010 core=4
  piece of job 25 end 1790036263472 core=5
job 25_TGAMMA_120 end 1790036263495
job 26_TGAMMA_60 started 1790036263495 core=4
  piece of job 26 started 1790036263508 core=0
  piece of job 26 started 1790036263510 core=5
  piece of job 26 started 1790036263508 core=1
  piece of job 26 end 1790036283855 core=0
  piece of job 26 end 1790036286298 core=1
  piece of job 26 end 1790036286802 core=5
job 26_TGAMMA_60 end 1790036286809
job 27_TGAMMA_60 started 1790036286809 core=4
  piece of job 27 started 1790036286833 core=0
  piece of job 27 started 1790036286839 core=5
  piece of job 27 started 1790036286833 core=1
  piece of job 27 end 1790036309645 core=1
  piece of job 27 end 1790036310063 core=0
  piece of job 27 end 1790036310186 core=5
job 27_TGAMMA_60 end 1790036310186
job 28_TGAMMA_60 started 1790036310186 core=4
  piece of job 28 started 1790036310210 core=0
  piece of job 28 started 1790036310221 core=5
  piece of job 28 started 1790036310210 core=1
  piece of job 28 end 1790036330405 core=0
  piece of job 28 end 1790036333079 core=1
  piece of job 28 end 1790036333518 core=5
job 28_TGAMMA_60 end 1790036333518
job 29_TGAMMA_12 started 1790036333519 core=4
  piece of job 29 started 1790036333541 core=0
  piece of job 29 started 1790036333542 core=1
  piece of job 29 started 1790036333542 core=5
  piece of job 29 end 1790036336598 core=0
job 81_XPY_48 end 1790036336896
job 82_DOT_84 started 1790036336907 core=4
  piece of job 29 end 1790036338112 core=1
  piece of job 29 end 1790036338125 core=5
job 29_TGAMMA_12 end 1790036338125
job 30_TGAMMA_120 started 1790036338126 core=4
  piece of job 30 started 1790036338149 core=0
  piece of job 30 started 1790036338149 core=1
  piece of job 30 started 1790036338149 core=5
  piece of job 30 end 1790036383219 core=0
  piece of job 30 end 1790036383886 core=1
  piece of job 30 end 1790036384646 core=5
job 30_TGAMMA_120 end 1790036384647
job 31_TGAMMA_60 started 1790036384647 core=4
  piece of job 31 started 1790036384671 core=0
  piece of job 31 started 1790036384671 core=1
  piece of job 31 started 1790036384683 core=5
  piece of job 31 end 1790036407506 core=1
  piece of job 31 end 1790036407977 core=0
  piece of job 31 end 1790036408063 core=5
job 31_TGAMMA_60 end 1790036408068
job 32_TGAMMA_12 started 1790036408068 core=4
  piece of job 32 started 1790036408092 core=0
  piece of job 32 started 1790036408100 core=5
  piece of job 32 started 1790036408092 core=1
  piece of job 32 end 1790036412651 core=1
  piece of job 32 end 1790036412696 core=0
  piece of job 32 end 1790036412774 core=5
job 32_TGAMMA_12 end 1790036412784
job 33_TGAMMA_120 started 1790036412784 core=4
  piece of job 33 started 1790036412797 core=0
  piece of job 33 started 1790036412798 core=5
  piece of job 33 started 1790036412806 core=1
job 82_DOT_84 end 1790036451880
job 83_SUM_132 started 1790036451880 core=4
  piece of job 33 end 1790036457293 core=0
  piece of job 33 end 1790036458471 core=1
  piece of job 33 end 1790036459681 core=5
job 33_TGAMMA_120 end 1790036459691
job 34_TGAMMA_12 started 1790036459691 core=4
  piece of job 34 started 1790036459716 core=5
  piece of job 34 started 1790036459726 core=1
  piece of job 34 started 1790036459727 core=0
  piece of job 34 end 1790036464255 core=1
  piece of job 34 end 1790036464321 core=0
  piece of job 34 end 1790036464406 core=5
job 34_TGAMMA_12 end 1790036464407
job 35_TGAMMA_60 started 1790036464407 core=4
  piece of job 35 started 1790036464431 core=0
  piece of job 35 started 1790036464431 core=1
  piece of job 35 started 1790036464443 core=5
  piece of job 35 end 1790036484247 core=0
  piece of job 35 end 1790036487342 core=1
  piece of job 35 end 1790036487792 core=5
job 35_TGAMMA_60 end 1790036487798
job 36_TGAMMA_60 started 1790036487798 core=4
  piece of job 36 started 1790036487822 core=0
  piece of job 36 started 1790036487829 core=5
  piece of job 36 started 1790036487822 core=1
  piece of job 36 end 1790036507059 core=0
  piece of job 36 end 1790036510639 core=1
  piece of job 36 end 1790036511238 core=5
job 36_TGAMMA_60 end 1790036511239
job 37_TGAMMA_12 started 1790036511239 core=4
  piece of job 37 started 1790036511262 core=0
  piece of job 37 started 1790036511262 core=1
  piece of job 37 started 1790036511262 core=5
  piece of job 37 end 1790036515844 core=1
  piece of job 37 end 1790036515908 core=0
  piece of job 37 end 1790036515939 core=5
job 37_TGAMMA_12 end 1790036515949
job 38_TGAMMA_120 started 1790036515949 core=4
  piece of job 38 started 1790036515973 core=0
  piece of job 38 started 1790036515976 core=5
  piece of job 38 started 1790036515973 core=1
job 83_SUM_132 end 1790036542317
job 84_XPY_48 started 1790036542317 core=4
  piece of job 38 end 1790036557804 core=0
  piece of job 38 end 1790036561669 core=1
  piece of job 38 end 1790036562855 core=5
job 38_TGAMMA_120 end 1790036562856
job 39_TGAMMA_12 started 1790036562856 core=4
  piece of job 39 started 1790036562878 core=0
  piece of job 39 started 1790036562879 core=5
  piece of job 39 started 1790036562878 core=1
  piece of job 39 end 1790036565661 core=0
  piece of job 39 end 1790036567432 core=1
  piece of job 39 end 1790036567503 core=5
job 39_TGAMMA_12 end 1790036567511
job 40_TGAMMA_120 started 1790036567511 core=4
  piece of job 40 started 1790036567523 core=0
  piece of job 40 started 1790036567524 core=1
  piece of job 40 started 1790036567526 core=5
  piece of job 40 end 1790036613149 core=1
  piece of job 40 end 1790036613154 core=0
  piece of job 40 end 1790036613857 core=5
job 40_TGAMMA_120 end 1790036613859
job 41_TGAMMA_60 started 1790036613859 core=4
  piece of job 41 started 1790036613883 core=0
  piece of job 41 started 1790036613894 core=5
  piece of job 41 started 1790036613883 core=1
job 84_XPY_48 end 1790036619113
job 85_XPY_48 started 1790036619113 core=4
  piece of job 41 end 1790036636668 core=1
  piece of job 41 end 1790036636698 core=5
  piece of job 41 end 1790036637064 core=0
job 41_TGAMMA_60 end 1790036637064
job 42_TGAMMA_60 started 1790036637064 core=4
  piece of job 42 started 1790036637088 core=5
  piece of job 42 started 1790036637088 core=1
  piece of job 42 started 1790036637088 core=0
  piece of job 42 end 1790036659891 core=1
  piece of job 42 end 1790036660311 core=5
  piece of job 42 end 1790036660392 core=0
job 42_TGAMMA_60 end 1790036660401
job 43_TGAMMA_60 started 1790036660401 core=4
  piece of job 43 started 1790036660414 core=1
  piece of job 43 started 1790036660415 core=5
  piece of job 43 started 1790036660416 core=0
  piece of job 43 end 1790036683217 core=5
  piece of job 43 end 1790036683276 core=1
  piece of job 43 end 1790036683629 core=0
job 43_TGAMMA_60 end 1790036683637
job 44_TGAMMA_120 started 1790036683637 core=4
  piece of job 44 started 1790036683661 core=1
  piece of job 44 started 1790036683665 core=0
  piece of job 44 started 1790036683661 core=5
job 85_XPY_48 end 1790036695852
job 86_SUM_132 started 1790036695852 core=4
  piece of job 44 end 1790036729222 core=1
  piece of job 44 end 1790036730019 core=5
  piece of job 44 end 1790036730081 core=0
job 44_TGAMMA_120 end 1790036730082
job 45_TGAMMA_60 started 1790036730082 core=4
  piece of job 45 started 1790036730106 core=5
  piece of job 45 started 1790036730110 core=1
  piece of job 45 started 1790036730118 core=0
  piece of job 45 end 1790036752988 core=1
  piece of job 45 end 1790036753307 core=0
  piece of job 45 end 1790036753442 core=5
job 45_TGAMMA_60 end 1790036753442
job 46_TGAMMA_12 started 1790036753442 core=4
  piece of job 46 started 1790036753465 core=0
  piece of job 46 started 1790036753470 core=1
  piece of job 46 started 1790036753465 core=5
  piece of job 46 end 1790036758038 core=1
  piece of job 46 end 1790036758123 core=0
  piece of job 46 end 1790036758164 core=5
job 46_TGAMMA_12 end 1790036758169
job 47_TGAMMA_120 started 1790036758169 core=4
  piece of job 47 started 1790036758193 core=0
  piece of job 47 started 1790036758201 core=5
  piece of job 47 started 1790036758193 core=1
job 86_SUM_132 end 1790036789096
job 87_DOT_36 started 1790036789096 core=4
  piece of job 47 end 1790036803386 core=0
  piece of job 47 end 1790036803859 core=1
  piece of job 47 end 1790036804989 core=5
job 47_TGAMMA_120 end 1790036804990
job 48_TGAMMA_12 started 1790036804990 core=4
  piece of job 48 started 1790036805014 core=0
  piece of job 48 started 1790036805014 core=1
  piece of job 48 started 1790036805014 core=5
  piece of job 48 end 1790036809593 core=1
  piece of job 48 end 1790036809686 core=5
  piece of job 48 end 1790036809692 core=0
job 48_TGAMMA_12 end 1790036809692
job 49_TGAMMA_120 started 1790036809692 core=4
  piece of job 49 started 1790036809716 core=1
  piece of job 49 started 1790036809723 core=5
  piece of job 49 started 1790036809728 core=0
job 87_DOT_36 end 1790036837082
job 88_DOT_36 started 1790036837083 core=4
  piece of job 49 end 1790036854402 core=0
  piece of job 49 end 1790036855455 core=1
  piece of job 49 end 1790036856683 core=5
job 49_TGAMMA_120 end 1790036856704
job 50_TGAMMA_60 started 1790036856704 core=4
  piece of job 50 started 1790036856728 core=0
  piece of job 50 started 1790036856737 core=1
  piece of job 50 started 1790036856728 core=5
  piece of job 50 end 1790036879610 core=1
  piece of job 50 end 1790036879894 core=5
  piece of job 50 end 1790036880194 core=0
job 50_TGAMMA_60 end 1790036880203
job 51_TGAMMA_60 started 1790036880203 core=4
  piece of job 51 started 1790036880216 core=5
  piece of job 51 started 1790036880218 core=0
  piece of job 51 started 1790036880216 core=1
job 88_DOT_36 end 1790036884211
job 89_COPY_84 started 1790036884221 core=4
  piece of job 51 end 1790036901639 core=0
  piece of job 51 end 1790036903059 core=1
  piece of job 51 end 1790036903405 core=5
job 51_TGAMMA_60 end 1790036903407
job 52_TGAMMA_60 started 1790036903407 core=4
  piece of job 52 started 1790036903431 core=0
  piece of job 52 started 1790036903442 core=5
  piece of job 52 started 1790036903431 core=1
  piece of job 52 end 1790036925267 core=0
  piece of job 52 end 1790036926232 core=1
  piece of job 52 end 1790036926510 core=5
job 52_TGAMMA_60 end 1790036926511
job 53_TGAMMA_120 started 1790036926511 core=4
  piece of job 53 started 1790036926535 core=0
  piece of job 53 started 1790036926545 core=5
  piece of job 53 started 1790036926535 core=1
  piece of job 53 end 1790036971871 core=0
  piece of job 53 end 1790036972297 core=1
  piece of job 53 end 1790036973164 core=5
job 53_TGAMMA_120 end 1790036973170
job 54_TGAMMA_60 started 1790036973170 core=4
  piece of job 54 started 1790036973194 core=0
  piece of job 54 started 1790036973202 core=5
  piece of job 54 started 1790036973194 core=1
  piece of job 54 end 1790036996058 core=1
  piece of job 54 end 1790036996430 core=0
  piece of job 54 end 1790036996613 core=5
job 54_TGAMMA_60 end 1790036996616
job 55_TGAMMA_120 started 1790036996616 core=4
  piece of job 55 started 1790036996640 core=0
  piece of job 55 started 1790036996649 core=5
  piece of job 55 started 1790036996640 core=1
job 89_COPY_84 end 1790037012922
job 90_DOT_36 started 1790037012922 core=4
  piece of job 55 end 1790037042184 core=0
  piece of job 55 end 1790037042416 core=1
  piece of job 55 end 1790037043088 core=5
job 55_TGAMMA_120 end 1790037043089
job 56_TGAMMA_12 started 1790037043089 core=4
  piece of job 56 started 1790037043113 core=0
  piece of job 56 started 1790037043124 core=5
  piece of job 56 started 1790037043113 core=1
  piece of job 56 end 1790037047696 core=1
  piece of job 56 end 1790037047738 core=5
  piece of job 56 end 1790037047815 core=0
job 56_TGAMMA_12 end 1790037047815
job 57_TGAMMA_60 started 1790037047815 core=4
  piece of job 57 started 1790037047839 core=1
  piece of job 57 started 1790037047839 core=5
  piece of job 57 started 1790037047851 core=0
job 90_DOT_36 end 1790037062456
job 91_SUM_84 started 1790037062456 core=4
  piece of job 57 end 1790037070640 core=1
  piece of job 57 end 1790037070803 core=0
  piece of job 57 end 1790037071015 core=5
job 57_TGAMMA_60 end 1790037071017
job 58_TGAMMA_120 started 1790037071017 core=4
  piece of job 58 started 1790037071041 core=0
  piece of job 58 started 1790037071052 core=5
  piece of job 58 started 1790037071041 core=1
  piece of job 58 end 1790037116690 core=1
  piece of job 58 end 1790037116967 core=0
  piece of job 58 end 1790037117445 core=5
job 58_TGAMMA_120 end 1790037117456
job 59_TGAMMA_60 started 1790037117456 core=4
  piece of job 59 started 1790037117469 core=0
  piece of job 59 started 1790037117469 core=1
  piece of job 59 started 1790037117469 core=5
job 91_SUM_84 end 1790037122150
job 92_SUM_132 started 1790037122150 core=4
  piece of job 59 end 1790037140204 core=0
  piece of job 59 end 1790037140263 core=1
  piece of job 59 end 1790037140663 core=5
job 59_TGAMMA_60 end 1790037140680
job 60_TGAMMA_12 started 1790037140680 core=4
  piece of job 60 started 1790037140704 core=0
  piece of job 60 started 1790037140704 core=1
  piece of job 60 started 1790037140716 core=5
  piece of job 60 end 1790037145264 core=1
  piece of job 60 end 1790037145317 core=5
  piece of job 60 end 1790037145361 core=0
job 60_TGAMMA_12 end 1790037145364
job 61_TGAMMA_12 started 1790037145364 core=4
  piece of job 61 started 1790037145387 core=5
  piece of job 61 started 1790037145397 core=0
  piece of job 61 started 1790037145387 core=1
  piece of job 61 end 1790037149952 core=1
  piece of job 61 end 1790037150042 core=5
  piece of job 61 end 1790037150058 core=0
job 61_TGAMMA_12 end 1790037150063
job 62_TGAMMA_60 started 1790037150063 core=4
  piece of job 62 started 1790037150087 core=1
  piece of job 62 started 1790037150094 core=0
  piece of job 62 started 1790037150087 core=5
  piece of job 62 end 1790037172625 core=0
  piece of job 62 end 1790037172912 core=1
  piece of job 62 end 1790037173254 core=5
job 62_TGAMMA_60 end 1790037173254
job 63_TGAMMA_120 started 1790037173254 core=4
  piece of job 63 started 1790037173278 core=0
  piece of job 63 started 1790037173278 core=1
  piece of job 63 started 1790037173290 core=5
job 92_SUM_132 end 1790037215216
job 93_DOT_36 started 1790037215216 core=4
  piece of job 63 end 1790037218861 core=0
  piece of job 63 end 1790037219059 core=1
  piece of job 63 end 1790037219520 core=5
job 63_TGAMMA_120 end 1790037219521
job 64_TGAMMA_120 started 1790037219521 core=4
  piece of job 64 started 1790037219545 core=0
  piece of job 64 started 1790037219545 core=1
  piece of job 64 started 1790037219557 core=5
job 93_DOT_36 end 1790037253417
job 94_XPY_60 started 1790037253417 core=4
  piece of job 64 end 1790037254712 core=5
  piece of job 64 end 1790037254782 core=0
  piece of job 64 end 1790037259578 core=1
job 64_TGAMMA_120 end 1790037259587
job 65_TGAMMA_120 started 1790037259587 core=4
  piece of job 65 started 1790037259599 core=5
  piece of job 65 started 1790037259599 core=1
  piece of job 65 started 1790037259599 core=0
  piece of job 65 end 1790037282548 core=1
  piece of job 65 end 1790037282677 core=5
  piece of job 65 end 1790037283082 core=0
job 65_TGAMMA_120 end 1790037283092
job 66_TGAMMA_120 started 1790037283092 core=4
  piece of job 66 started 1790037283115 core=5
  piece of job 66 started 1790037283115 core=0
  piece of job 66 started 1790037283115 core=1
  piece of job 66 end 1790037306054 core=1
  piece of job 66 end 1790037306108 core=5
  piece of job 66 end 1790037306681 core=0
job 66_TGAMMA_120 end 1790037306692
job 67_TGAMMA_60 started 1790037306692 core=4
  piece of job 67 started 1790037306704 core=5
  piece of job 67 started 1790037306704 core=0
  piece of job 67 started 1790037306704 core=1
  piece of job 67 end 1790037318178 core=1
  piece of job 67 end 1790037318232 core=5
  piece of job 67 end 1790037318436 core=0
job 67_TGAMMA_60 end 1790037318442
job 68_TGAMMA_12 started 1790037318442 core=4
  piece of job 68 started 1790037318465 core=5
  piece of job 68 started 1790037318465 core=1
  piece of job 68 started 1790037318465 core=0
  piece of job 68 end 1790037320760 core=1
  piece of job 68 end 1790037320762 core=5
  piece of job 68 end 1790037320825 core=0
job 68_TGAMMA_12 end 1790037320825
job 69_TGAMMA_60 started 1790037320825 core=4
  piece of job 69 started 1790037320848 core=5
  piece of job 69 started 1790037320848 core=1
  piece of job 69 started 1790037320848 core=0
job 94_XPY_60 end 1790037327190
job 95_COPY_84 started 1790037327190 core=4
  piece of job 69 end 1790037332318 core=1
  piece of job 69 end 1790037332345 core=5
  piece of job 69 end 1790037332613 core=0
job 69_TGAMMA_60 end 1790037332613
job 70_TGAMMA_12 started 1790037332613 core=4
  piece of job 70 started 1790037332636 core=5
  piece of job 70 started 1790037332636 core=0
  piece of job 70 started 1790037332636 core=1
  piece of job 70 end 1790037334935 core=1
  piece of job 70 end 1790037334938 core=5
  piece of job 70 end 1790037334998 core=0
job 70_TGAMMA_12 end 1790037334998
job 71_TGAMMA_12 started 1790037334998 core=4
  piece of job 71 started 1790037335020 core=5
  piece of job 71 started 1790037335020 core=1
  piece of job 71 started 1790037335020 core=0
  piece of job 71 end 1790037337318 core=1
  piece of job 71 end 1790037337332 core=5
  piece of job 71 end 1790037337371 core=0
job 71_TGAMMA_12 end 1790037337377
job 72_TGAMMA_120 started 1790037337377 core=4
  piece of job 72 started 1790037337400 core=5
  piece of job 72 started 1790037337400 core=1
  piece of job 72 started 1790037337400 core=0
  piece of job 72 end 1790037360566 core=1
  piece of job 72 end 1790037361097 core=0
  piece of job 72 end 1790037371512 core=5
job 72_TGAMMA_120 end 1790037371513
job 95_COPY_84 end 1790037402891
job 96_DOT_84 started 1790037402892 core=5
job 96_DOT_84 end 1790037465900
job 97_COPY_84 started 1790037465901 core=0
job 97_COPY_84 end 1790037537331
job 98_COPY_84 started 1790037537331 core=1
job 98_COPY_84 end 1790037614388
job 99_COPY_84 started 1790037614389 core=4
job 99_COPY_84 end 1790037761859
  итерация 0: 2169117 ms
  среднее по 1 итерациям: 2169117 ms
  реальных ожиданий свободного ядра: 0  (блокировок в задачах не было)
=== Выполняется проект: ml_two_chain_21.txt (100 работ, перестановка ORDER) ===
fake 3 started 1790037761860 delay_ms=1
fake 2 started 1790037761860 delay_ms=0
fake 2 end 1790037761860
fake 1 started 1790037761860 delay_ms=0
fake 1 end 1790037761860
job 0_TGAMMA_60 started 1790037761860 core=5
  piece of job 0 started 1790037761861 core=5
  piece of job 0 started 1790037761861 core=1
  piece of job 0 started 1790037761861 core=0
fake 0 started 1790037761860 delay_ms=0
fake 0 end 1790037761871
job 74_SUM_84 started 1790037761872 core=4
fake 3 end 1790037761884
  piece of job 0 end 1790037774917 core=5
  piece of job 0 end 1790037774941 core=1
  piece of job 0 end 1790037784822 core=0
job 0_TGAMMA_60 end 1790037784823
job 1_TGAMMA_120 started 1790037784830 core=4
  piece of job 1 started 1790037784853 core=5
  piece of job 1 started 1790037784859 core=0
  piece of job 1 started 1790037784853 core=1
  piece of job 1 end 1790037822162 core=1
  piece of job 1 end 1790037822249 core=5
job 74_SUM_84 end 1790037825143
job 75_DOT_36 started 1790037825154 core=4
  piece of job 1 end 1790037830871 core=0
job 1_TGAMMA_120 end 1790037830872
job 2_TGAMMA_120 started 1790037830872 core=4
  piece of job 2 started 1790037830896 core=1
  piece of job 2 started 1790037830902 core=5
  piece of job 2 started 1790037830908 core=0
  piece of job 2 end 1790037872817 core=5
  piece of job 2 end 1790037872879 core=1
job 75_DOT_36 end 1790037873332
job 76_DOT_84 started 1790037873332 core=4
  piece of job 2 end 1790037877243 core=0
job 2_TGAMMA_120 end 1790037877244
job 3_TGAMMA_12 started 1790037877244 core=4
  piece of job 3 started 1790037877267 core=1
  piece of job 3 started 1790037877267 core=5
  piece of job 3 started 1790037877267 core=0
  piece of job 3 end 1790037881855 core=1
  piece of job 3 end 1790037881858 core=5
  piece of job 3 end 1790037881891 core=0
job 3_TGAMMA_12 end 1790037881892
job 4_TGAMMA_60 started 1790037881892 core=4
  piece of job 4 started 1790037881915 core=1
  piece of job 4 started 1790037881919 core=5
  piece of job 4 started 1790037881915 core=0
  piece of job 4 end 1790037900477 core=1
  piece of job 4 end 1790037900655 core=5
  piece of job 4 end 1790037905037 core=0
job 4_TGAMMA_60 end 1790037905037
job 5_TGAMMA_60 started 1790037905037 core=4
  piece of job 5 started 1790037905060 core=1
  piece of job 5 started 1790037905062 core=5
  piece of job 5 started 1790037905060 core=0
  piece of job 5 end 1790037927990 core=1
  piece of job 5 end 1790037928084 core=5
  piece of job 5 end 1790037928185 core=0
job 5_TGAMMA_60 end 1790037928193
job 6_TGAMMA_12 started 1790037928193 core=4
  piece of job 6 started 1790037928217 core=5
  piece of job 6 started 1790037928222 core=0
  piece of job 6 started 1790037928217 core=1
  piece of job 6 end 1790037932778 core=1
  piece of job 6 end 1790037932821 core=5
  piece of job 6 end 1790037932849 core=0
job 6_TGAMMA_12 end 1790037932849
job 7_TGAMMA_60 started 1790037932849 core=4
  piece of job 7 started 1790037932873 core=1
  piece of job 7 started 1790037932873 core=5
  piece of job 7 started 1790037932885 core=0
  piece of job 7 end 1790037950960 core=1
  piece of job 7 end 1790037951399 core=5
  piece of job 7 end 1790037956020 core=0
job 7_TGAMMA_60 end 1790037956029
job 8_TGAMMA_60 started 1790037956029 core=4
  piece of job 8 started 1790037956053 core=0
  piece of job 8 started 1790037956053 core=1
  piece of job 8 started 1790037956053 core=5
  piece of job 8 end 1790037973784 core=1
  piece of job 8 end 1790037974434 core=5
  piece of job 8 end 1790037979155 core=0
job 8_TGAMMA_60 end 1790037979155
job 9_TGAMMA_60 started 1790037979155 core=4
  piece of job 9 started 1790037979179 core=1
  piece of job 9 started 1790037979180 core=0
  piece of job 9 started 1790037979179 core=5
job 76_DOT_84 end 1790037982319
job 77_COPY_84 started 1790037982319 core=4
  piece of job 9 end 1790038002054 core=1
  piece of job 9 end 1790038002114 core=5
  piece of job 9 end 1790038002325 core=0
job 9_TGAMMA_60 end 1790038002326
job 10_TGAMMA_60 started 1790038002326 core=4
  piece of job 10 started 1790038002348 core=1
  piece of job 10 started 1790038002351 core=0
  piece of job 10 started 1790038002348 core=5
  piece of job 10 end 1790038019407 core=1
  piece of job 10 end 1790038020214 core=5
  piece of job 10 end 1790038025496 core=0
job 10_TGAMMA_60 end 1790038025497
job 11_TGAMMA_60 started 1790038025497 core=4
  piece of job 11 started 1790038025521 core=0
  piece of job 11 started 1790038025521 core=1
  piece of job 11 started 1790038025521 core=5
  piece of job 11 end 1790038048349 core=1
  piece of job 11 end 1790038048445 core=5
  piece of job 11 end 1790038048546 core=0
job 11_TGAMMA_60 end 1790038048553
job 12_TGAMMA_60 started 1790038048553 core=4
  piece of job 12 started 1790038048577 core=0
  piece of job 12 started 1790038048577 core=5
  piece of job 12 started 1790038048577 core=1
  piece of job 12 end 1790038065963 core=1
  piece of job 12 end 1790038066084 core=5
  piece of job 12 end 1790038071788 core=0
job 12_TGAMMA_60 end 1790038071797
job 13_TGAMMA_60 started 1790038071797 core=4
  piece of job 13 started 1790038071821 core=0
  piece of job 13 started 1790038071831 core=1
  piece of job 13 started 1790038071821 core=5
  piece of job 13 end 1790038094714 core=5
  piece of job 13 end 1790038094730 core=1
  piece of job 13 end 1790038094945 core=0
job 13_TGAMMA_60 end 1790038094950
job 14_TGAMMA_60 started 1790038094950 core=4
  piece of job 14 started 1790038094974 core=0
  piece of job 14 started 1790038094974 core=1
  piece of job 14 started 1790038094988 core=5
job 77_COPY_84 end 1790038106948
job 78_DOT_84 started 1790038106948 core=4
  piece of job 14 end 1790038112305 core=1
  piece of job 14 end 1790038112311 core=5
  piece of job 14 end 1790038118000 core=0
job 14_TGAMMA_60 end 1790038118011
job 15_TGAMMA_120 started 1790038118011 core=4
  piece of job 15 started 1790038118013 core=1
  piece of job 15 started 1790038118013 core=5
  piece of job 15 started 1790038118013 core=0
  piece of job 15 end 1790038162829 core=1
  piece of job 15 end 1790038163097 core=5
  piece of job 15 end 1790038164450 core=0
job 15_TGAMMA_120 end 1790038164456
job 16_TGAMMA_120 started 1790038164456 core=4
  piece of job 16 started 1790038164479 core=0
  piece of job 16 started 1790038164479 core=5
  piece of job 16 started 1790038164479 core=1
  piece of job 16 end 1790038208585 core=1
  piece of job 16 end 1790038209017 core=5
  piece of job 16 end 1790038210804 core=0
job 16_TGAMMA_120 end 1790038210805
job 17_TGAMMA_120 started 1790038210805 core=4
  piece of job 17 started 1790038210829 core=1
  piece of job 17 started 1790038210831 core=0
  piece of job 17 started 1790038210829 core=5
job 78_DOT_84 end 1790038218085
job 79_SUM_132 started 1790038218085 core=4
  piece of job 17 end 1790038254700 core=5
  piece of job 17 end 1790038254769 core=1
  piece of job 17 end 1790038256788 core=0
job 17_TGAMMA_120 end 1790038256788
job 18_TGAMMA_12 started 1790038256788 core=4
  piece of job 18 started 1790038256812 core=1
  piece of job 18 started 1790038256814 core=0
  piece of job 18 started 1790038256815 core=5
  piece of job 18 end 1790038261394 core=1
  piece of job 18 end 1790038261413 core=5
  piece of job 18 end 1790038261427 core=0
job 18_TGAMMA_12 end 1790038261428
job 19_TGAMMA_120 started 1790038261428 core=4
  piece of job 19 started 1790038261451 core=1
  piece of job 19 started 1790038261452 core=5
  piece of job 19 started 1790038261453 core=0
  piece of job 19 end 1790038304689 core=1
  piece of job 19 end 1790038304727 core=5
  piece of job 19 end 1790038307283 core=0
job 19_TGAMMA_120 end 1790038307289
job 20_TGAMMA_12 started 1790038307289 core=4
  piece of job 20 started 1790038307313 core=0
  piece of job 20 started 1790038307324 core=5
  piece of job 20 started 1790038307313 core=1
  piece of job 20 end 1790038311867 core=0
  piece of job 20 end 1790038311876 core=1
  piece of job 20 end 1790038311913 core=5
job 20_TGAMMA_12 end 1790038311913
job 21_TGAMMA_60 started 1790038311913 core=4
  piece of job 21 started 1790038311936 core=0
  piece of job 21 started 1790038311939 core=5
  piece of job 21 started 1790038311936 core=1
job 79_SUM_132 end 1790038319342
job 80_SUM_108 started 1790038319342 core=4
  piece of job 21 end 1790038331904 core=1
  piece of job 21 end 1790038332037 core=5
  piece of job 21 end 1790038334797 core=0
job 21_TGAMMA_60 end 1790038334810
job 22_TGAMMA_12 started 1790038334810 core=4
  piece of job 22 started 1790038334834 core=5
  piece of job 22 started 1790038334836 core=0
  piece of job 22 started 1790038334834 core=1
  piece of job 22 end 1790038339395 core=1
  piece of job 22 end 1790038339411 core=5
  piece of job 22 end 1790038339428 core=0
job 22_TGAMMA_12 end 1790038339430
job 23_TGAMMA_60 started 1790038339430 core=4
  piece of job 23 started 1790038339454 core=0
  piece of job 23 started 1790038339454 core=5
  piece of job 23 started 1790038339454 core=1
  piece of job 23 end 1790038362361 core=1
  piece of job 23 end 1790038362403 core=5
  piece of job 23 end 1790038362437 core=0
job 23_TGAMMA_60 end 1790038362437
job 24_TGAMMA_120 started 1790038362437 core=4
  piece of job 24 started 1790038362461 core=5
  piece of job 24 started 1790038362461 core=1
  piece of job 24 started 1790038362461 core=0
job 80_SUM_108 end 1790038402512
job 81_DOT_84 started 1790038402512 core=4
  piece of job 24 end 1790038404852 core=1
  piece of job 24 end 1790038405313 core=5
  piece of job 24 end 1790038408236 core=0
job 24_TGAMMA_120 end 1790038408249
job 25_TGAMMA_12 started 1790038408249 core=4
  piece of job 25 started 1790038408273 core=5
  piece of job 25 started 1790038408275 core=0
  piece of job 25 started 1790038408273 core=1
  piece of job 25 end 1790038412872 core=1
  piece of job 25 end 1790038412879 core=5
  piece of job 25 end 1790038412933 core=0
job 25_TGAMMA_12 end 1790038412934
job 26_TGAMMA_12 started 1790038412934 core=4
  piece of job 26 started 1790038412957 core=1
  piece of job 26 started 1790038412959 core=0
  piece of job 26 started 1790038412957 core=5
  piece of job 26 end 1790038417547 core=1
  piece of job 26 end 1790038417587 core=5
  piece of job 26 end 1790038417607 core=0
job 26_TGAMMA_12 end 1790038417607
job 27_TGAMMA_60 started 1790038417607 core=4
  piece of job 27 started 1790038417630 core=1
  piece of job 27 started 1790038417631 core=5
  piece of job 27 started 1790038417637 core=0
  piece of job 27 end 1790038436950 core=1
  piece of job 27 end 1790038437601 core=5
  piece of job 27 end 1790038440729 core=0
job 27_TGAMMA_60 end 1790038440729
job 28_TGAMMA_60 started 1790038440729 core=4
  piece of job 28 started 1790038440753 core=1
  piece of job 28 started 1790038440754 core=0
  piece of job 28 started 1790038440753 core=5
  piece of job 28 end 1790038463517 core=1
  piece of job 28 end 1790038463696 core=5
  piece of job 28 end 1790038463858 core=0
job 28_TGAMMA_60 end 1790038463859
job 29_TGAMMA_12 started 1790038463859 core=4
  piece of job 29 started 1790038463881 core=5
  piece of job 29 started 1790038463881 core=1
  piece of job 29 started 1790038463884 core=0
  piece of job 29 end 1790038466167 core=1
  piece of job 29 end 1790038466179 core=5
  piece of job 29 end 1790038468487 core=0
job 29_TGAMMA_12 end 1790038468497
job 30_TGAMMA_12 started 1790038468497 core=4
  piece of job 30 started 1790038468510 core=5
  piece of job 30 started 1790038468512 core=0
  piece of job 30 started 1790038468510 core=1
  piece of job 30 end 1790038473066 core=1
  piece of job 30 end 1790038473107 core=5
  piece of job 30 end 1790038473123 core=0
job 30_TGAMMA_12 end 1790038473128
job 31_TGAMMA_60 started 1790038473128 core=4
  piece of job 31 started 1790038473152 core=0
  piece of job 31 started 1790038473155 core=5
  piece of job 31 started 1790038473152 core=1
  piece of job 31 end 1790038494451 core=1
  piece of job 31 end 1790038494526 core=5
  piece of job 31 end 1790038496229 core=0
job 31_TGAMMA_60 end 1790038496237
job 32_TGAMMA_60 started 1790038496237 core=4
  piece of job 32 started 1790038496261 core=0
  piece of job 32 started 1790038496261 core=1
  piece of job 32 started 1790038496261 core=5
  piece of job 32 end 1790038517250 core=1
  piece of job 32 end 1790038517387 core=5
  piece of job 32 end 1790038519456 core=0
job 32_TGAMMA_60 end 1790038519466
job 33_TGAMMA_120 started 1790038519466 core=4
  piece of job 33 started 1790038519479 core=1
  piece of job 33 started 1790038519481 core=0
  piece of job 33 started 1790038519479 core=5
job 81_DOT_84 end 1790038522151
job 82_COPY_60 started 1790038522151 core=4
  piece of job 33 end 1790038563263 core=1
  piece of job 33 end 1790038563553 core=5
  piece of job 33 end 1790038565816 core=0
job 33_TGAMMA_120 end 1790038565817
job 34_TGAMMA_120 started 1790038565817 core=4
  piece of job 34 started 1790038565840 core=1
  piece of job 34 started 1790038565842 core=0
  piece of job 34 started 1790038565840 core=5
  piece of job 34 end 1790038610044 core=1
  piece of job 34 end 1790038610131 core=5
job 82_COPY_60 end 1790038611116
job 83_SUM_84 started 1790038611116 core=4
  piece of job 34 end 1790038612260 core=0
job 34_TGAMMA_120 end 1790038612261
job 35_TGAMMA_120 started 1790038612261 core=4
  piece of job 35 started 1790038612283 core=1
  piece of job 35 started 1790038612286 core=0
  piece of job 35 started 1790038612283 core=5
  piece of job 35 end 1790038656259 core=1
  piece of job 35 end 1790038656286 core=5
  piece of job 35 end 1790038658111 core=0
job 35_TGAMMA_120 end 1790038658128
job 36_TGAMMA_120 started 1790038658128 core=4
  piece of job 36 started 1790038658152 core=0
  piece of job 36 started 1790038658152 core=1
  piece of job 36 started 1790038658152 core=5
job 83_SUM_84 end 1790038671094
job 84_COPY_84 started 1790038671094 core=4
  piece of job 36 end 1790038701904 core=1
  piece of job 36 end 1790038702414 core=5
  piece of job 36 end 1790038704330 core=0
job 36_TGAMMA_120 end 1790038704331
job 37_TGAMMA_60 started 1790038704331 core=4
  piece of job 37 started 1790038704354 core=5
  piece of job 37 started 1790038704356 core=0
  piece of job 37 started 1790038704354 core=1
  piece of job 37 end 1790038727207 core=1
  piece of job 37 end 1790038727276 core=5
  piece of job 37 end 1790038727443 core=0
job 37_TGAMMA_60 end 1790038727443
job 38_TGAMMA_120 started 1790038727443 core=4
  piece of job 38 started 1790038727467 core=1
  piece of job 38 started 1790038727469 core=0
  piece of job 38 started 1790038727467 core=5
  piece of job 38 end 1790038770352 core=1
  piece of job 38 end 1790038770880 core=5
  piece of job 38 end 1790038773728 core=0
job 38_TGAMMA_120 end 1790038773728
job 39_TGAMMA_120 started 1790038773728 core=4
  piece of job 39 started 1790038773752 core=1
  piece of job 39 started 1790038773754 core=0
  piece of job 39 started 1790038773752 core=5
job 84_COPY_84 end 1790038791980
job 85_SUM_132 started 1790038791980 core=4
  piece of job 39 end 1790038815894 core=1
  piece of job 39 end 1790038816739 core=5
  piece of job 39 end 1790038819791 core=0
job 39_TGAMMA_120 end 1790038819809
job 40_TGAMMA_60 started 1790038819809 core=4
  piece of job 40 started 1790038819833 core=0
  piece of job 40 started 1790038819833 core=1
  piece of job 40 started 1790038819833 core=5
  piece of job 40 end 1790038838760 core=1
  piece of job 40 end 1790038839618 core=5
  piece of job 40 end 1790038842707 core=0
job 40_TGAMMA_60 end 1790038842707
job 41_TGAMMA_120 started 1790038842707 core=4
  piece of job 41 started 1790038842731 core=1
  piece of job 41 started 1790038842732 core=0
  piece of job 41 started 1790038842731 core=5
  piece of job 41 end 1790038884255 core=1
  piece of job 41 end 1790038885243 core=5
  piece of job 41 end 1790038888600 core=0
job 41_TGAMMA_120 end 1790038888610
job 42_TGAMMA_120 started 1790038888610 core=4
  piece of job 42 started 1790038888623 core=1
  piece of job 42 started 1790038888626 core=0
  piece of job 42 started 1790038888623 core=5
job 85_SUM_132 end 1790038891369
job 86_COPY_60 started 1790038891379 core=4
  piece of job 42 end 1790038929610 core=1
  piece of job 42 end 1790038930868 core=5
  piece of job 42 end 1790038934928 core=0
job 42_TGAMMA_120 end 1790038934938
job 43_TGAMMA_12 started 1790038934938 core=4
  piece of job 43 started 1790038934962 core=0
  piece of job 43 started 1790038934962 core=1
  piece of job 43 started 1790038934962 core=5
  piece of job 43 end 1790038939514 core=1
  piece of job 43 end 1790038939551 core=5
  piece of job 43 end 1790038939588 core=0
job 43_TGAMMA_12 end 1790038939597
job 44_TGAMMA_60 started 1790038939597 core=4
  piece of job 44 started 1790038939621 core=0
  piece of job 44 started 1790038939621 core=5
  piece of job 44 started 1790038939621 core=1
  piece of job 44 end 1790038956747 core=1
  piece of job 44 end 1790038958154 core=5
  piece of job 44 end 1790038962852 core=0
job 44_TGAMMA_60 end 1790038962857
job 45_TGAMMA_12 started 1790038962857 core=4
  piece of job 45 started 1790038962881 core=0
  piece of job 45 started 1790038962881 core=1
  piece of job 45 started 1790038962881 core=5
  piece of job 45 end 1790038965616 core=1
  piece of job 45 end 1790038966323 core=5
  piece of job 45 end 1790038967526 core=0
job 45_TGAMMA_12 end 1790038967527
job 46_TGAMMA_120 started 1790038967527 core=4
  piece of job 46 started 1790038967551 core=5
  piece of job 46 started 1790038967551 core=1
  piece of job 46 started 1790038967552 core=0
job 86_COPY_60 end 1790038980479
job 87_DOT_36 started 1790038980479 core=4
  piece of job 46 end 1790039010610 core=1
  piece of job 46 end 1790039010800 core=5
  piece of job 46 end 1790039013666 core=0
job 46_TGAMMA_120 end 1790039013666
job 47_TGAMMA_12 started 1790039013666 core=4
  piece of job 47 started 1790039013689 core=5
  piece of job 47 started 1790039013689 core=1
  piece of job 47 started 1790039013692 core=0
  piece of job 47 end 1790039015981 core=1
  piece of job 47 end 1790039015992 core=5
  piece of job 47 end 1790039018313 core=0
job 47_TGAMMA_12 end 1790039018313
job 48_TGAMMA_120 started 1790039018313 core=4
  piece of job 48 started 1790039018337 core=5
  piece of job 48 started 1790039018338 core=0
  piece of job 48 started 1790039018337 core=1
job 87_DOT_36 end 1790039032135
job 88_SUM_132 started 1790039032135 core=4
  piece of job 48 end 1790039061909 core=1
  piece of job 48 end 1790039061923 core=5
  piece of job 48 end 1790039064357 core=0
job 48_TGAMMA_120 end 1790039064368
job 49_TGAMMA_60 started 1790039064368 core=4
  piece of job 49 started 1790039064381 core=5
  piece of job 49 started 1790039064383 core=0
  piece of job 49 started 1790039064381 core=1
  piece of job 49 end 1790039084980 core=1
  piece of job 49 end 1790039085034 core=5
  piece of job 49 end 1790039087265 core=0
job 49_TGAMMA_60 end 1790039087274
job 50_TGAMMA_60 started 1790039087274 core=4
  piece of job 50 started 1790039087298 core=0
  piece of job 50 started 1790039087298 core=1
  piece of job 50 started 1790039087298 core=5
  piece of job 50 end 1790039108196 core=1
  piece of job 50 end 1790039108249 core=5
  piece of job 50 end 1790039110207 core=0
job 50_TGAMMA_60 end 1790039110213
job 51_TGAMMA_12 started 1790039110213 core=4
  piece of job 51 started 1790039110237 core=0
  piece of job 51 started 1790039110247 core=5
  piece of job 51 started 1790039110237 core=1
  piece of job 51 end 1790039114812 core=1
  piece of job 51 end 1790039114817 core=0
  piece of job 51 end 1790039114823 core=5
job 51_TGAMMA_12 end 1790039114823
job 52_TGAMMA_60 started 1790039114823 core=4
  piece of job 52 started 1790039114847 core=0
  piece of job 52 started 1790039114849 core=1
  piece of job 52 started 1790039114857 core=5
job 88_SUM_132 end 1790039133836
job 89_COPY_84 started 1790039133836 core=4
  piece of job 52 end 1790039137699 core=1
  piece of job 52 end 1790039137782 core=5
  piece of job 52 end 1790039137825 core=0
job 52_TGAMMA_60 end 1790039137835
job 53_TGAMMA_12 started 1790039137835 core=4
  piece of job 53 started 1790039137848 core=1
  piece of job 53 started 1790039137848 core=0
  piece of job 53 started 1790039137848 core=5
  piece of job 53 end 1790039142432 core=5
  piece of job 53 end 1790039142438 core=1
  piece of job 53 end 1790039142490 core=0
job 53_TGAMMA_12 end 1790039142500
job 54_TGAMMA_60 started 1790039142500 core=4
  piece of job 54 started 1790039142513 core=0
  piece of job 54 started 1790039142513 core=1
  piece of job 54 started 1790039142513 core=5
  piece of job 54 end 1790039163362 core=1
  piece of job 54 end 1790039163524 core=5
  piece of job 54 end 1790039165545 core=0
job 54_TGAMMA_60 end 1790039165546
job 55_TGAMMA_120 started 1790039165546 core=4
  piece of job 55 started 1790039165569 core=1
  piece of job 55 started 1790039165571 core=0
  piece of job 55 started 1790039165569 core=5
  piece of job 55 end 1790039208814 core=1
  piece of job 55 end 1790039209253 core=5
  piece of job 55 end 1790039211793 core=0
job 55_TGAMMA_120 end 1790039211806
job 56_TGAMMA_120 started 1790039211806 core=4
  piece of job 56 started 1790039211830 core=1
  piece of job 56 started 1790039211832 core=0
  piece of job 56 started 1790039211839 core=5
  piece of job 56 end 1790039254039 core=1
  piece of job 56 end 1790039254677 core=5
job 89_COPY_84 end 1790039257485
job 90_SUM_84 started 1790039257485 core=4
  piece of job 56 end 1790039258221 core=0
job 56_TGAMMA_120 end 1790039258224
job 57_TGAMMA_12 started 1790039258224 core=4
  piece of job 57 started 1790039258246 core=5
  piece of job 57 started 1790039258246 core=1
  piece of job 57 started 1790039258247 core=0
  piece of job 57 end 1790039260542 core=5
  piece of job 57 end 1790039260542 core=1
  piece of job 57 end 1790039262823 core=0
job 57_TGAMMA_12 end 1790039262832
job 58_TGAMMA_12 started 1790039262832 core=4
  piece of job 58 started 1790039262845 core=1
  piece of job 58 started 1790039262848 core=0
  piece of job 58 started 1790039262845 core=5
  piece of job 58 end 1790039267427 core=1
  piece of job 58 end 1790039267433 core=5
  piece of job 58 end 1790039267442 core=0
job 58_TGAMMA_12 end 1790039267442
job 59_TGAMMA_12 started 1790039267442 core=4
  piece of job 59 started 1790039267466 core=1
  piece of job 59 started 1790039267467 core=0
  piece of job 59 started 1790039267470 core=5
  piece of job 59 end 1790039272047 core=5
  piece of job 59 end 1790039272062 core=0
  piece of job 59 end 1790039272068 core=1
job 59_TGAMMA_12 end 1790039272068
job 60_TGAMMA_60 started 1790039272068 core=4
  piece of job 60 started 1790039272092 core=5
  piece of job 60 started 1790039272098 core=0
  piece of job 60 started 1790039272104 core=1
  piece of job 60 end 1790039295044 core=1
  piece of job 60 end 1790039295047 core=5
  piece of job 60 end 1790039295085 core=0
job 60_TGAMMA_60 end 1790039295091
job 61_TGAMMA_120 started 1790039295091 core=4
  piece of job 61 started 1790039295115 core=1
  piece of job 61 started 1790039295121 core=0
  piece of job 61 started 1790039295127 core=5
job 90_SUM_84 end 1790039318196
job 91_DOT_84 started 1790039318196 core=4
  piece of job 61 end 1790039338753 core=1
  piece of job 61 end 1790039338757 core=5
  piece of job 61 end 1790039341109 core=0
job 61_TGAMMA_120 end 1790039341119
job 62_TGAMMA_60 started 1790039341119 core=4
  piece of job 62 started 1790039341132 core=5
  piece of job 62 started 1790039341134 core=0
  piece of job 62 started 1790039341132 core=1
  piece of job 62 end 1790039361768 core=1
  piece of job 62 end 1790039361815 core=5
  piece of job 62 end 1790039364152 core=0
job 62_TGAMMA_60 end 1790039364159
job 63_TGAMMA_60 started 1790039364159 core=4
  piece of job 63 started 1790039364183 core=0
  piece of job 63 started 1790039364183 core=1
  piece of job 63 started 1790039364183 core=5
  piece of job 63 end 1790039384479 core=1
  piece of job 63 end 1790039384621 core=5
  piece of job 63 end 1790039387361 core=0
job 63_TGAMMA_60 end 1790039387366
job 64_TGAMMA_60 started 1790039387366 core=4
  piece of job 64 started 1790039387390 core=0
  piece of job 64 started 1790039387390 core=5
  piece of job 64 started 1790039387390 core=1
  piece of job 64 end 1790039410271 core=1
  piece of job 64 end 1790039410350 core=5
  piece of job 64 end 1790039410398 core=0
job 64_TGAMMA_60 end 1790039410404
job 65_TGAMMA_60 started 1790039410404 core=4
  piece of job 65 started 1790039410428 core=0
  piece of job 65 started 1790039410428 core=1
  piece of job 65 started 1790039410428 core=5
  piece of job 65 end 1790039430066 core=1
  piece of job 65 end 1790039430277 core=5
  piece of job 65 end 1790039433504 core=0
job 65_TGAMMA_60 end 1790039433514
job 66_TGAMMA_120 started 1790039433514 core=4
  piece of job 66 started 1790039433538 core=0
  piece of job 66 started 1790039433538 core=1
  piece of job 66 started 1790039433550 core=5
job 91_DOT_84 end 1790039434292
job 92_COPY_60 started 1790039434293 core=4
  piece of job 66 end 1790039475362 core=1
  piece of job 66 end 1790039475933 core=5
  piece of job 66 end 1790039479689 core=0
job 66_TGAMMA_120 end 1790039479689
job 67_TGAMMA_60 started 1790039479689 core=4
  piece of job 67 started 1790039479702 core=1
  piece of job 67 started 1790039479702 core=5
  piece of job 67 started 1790039479702 core=0
  piece of job 67 end 1790039497927 core=1
  piece of job 67 end 1790039498658 core=5
  piece of job 67 end 1790039502878 core=0
job 67_TGAMMA_60 end 1790039502886
job 68_TGAMMA_60 started 1790039502886 core=4
  piece of job 68 started 1790039502910 core=0
  piece of job 68 started 1790039502910 core=5
  piece of job 68 started 1790039502910 core=1
job 92_COPY_60 end 1790039523158
job 93_XPY_60 started 1790039523158 core=4
  piece of job 68 end 1790039525751 core=1
  piece of job 68 end 1790039525869 core=5
  piece of job 68 end 1790039525881 core=0
job 68_TGAMMA_60 end 1790039525890
job 69_TGAMMA_12 started 1790039525890 core=4
  piece of job 69 started 1790039525903 core=5
  piece of job 69 started 1790039525906 core=0
  piece of job 69 started 1790039525903 core=1
  piece of job 69 end 1790039530474 core=1
  piece of job 69 end 1790039530477 core=5
  piece of job 69 end 1790039530496 core=0
job 69_TGAMMA_12 end 1790039530507
job 70_TGAMMA_60 started 1790039530507 core=4
  piece of job 70 started 1790039530509 core=0
  piece of job 70 started 1790039530510 core=1
  piece of job 70 started 1790039530514 core=5
  piece of job 70 end 1790039548156 core=1
  piece of job 70 end 1790039549122 core=5
  piece of job 70 end 1790039553729 core=0
job 70_TGAMMA_60 end 1790039553729
job 71_TGAMMA_12 started 1790039553729 core=4
  piece of job 71 started 1790039553752 core=5
  piece of job 71 started 1790039553754 core=0
  piece of job 71 started 1790039553752 core=1
  piece of job 71 end 1790039556428 core=1
  piece of job 71 end 1790039556930 core=5
  piece of job 71 end 1790039558395 core=0
job 71_TGAMMA_12 end 1790039558395
job 72_TGAMMA_120 started 1790039558395 core=4
  piece of job 72 started 1790039558418 core=5
  piece of job 72 started 1790039558418 core=1
  piece of job 72 started 1790039558420 core=0
  piece of job 72 end 1790039581433 core=5
  piece of job 72 end 1790039581483 core=1
job 93_XPY_60 end 1790039585055
job 94_SUM_132 started 1790039585055 core=4
  piece of job 72 end 1790039600324 core=0
job 72_TGAMMA_120 end 1790039600325
job 73_TGAMMA_120 started 1790039600325 core=4
  piece of job 73 started 1790039600337 core=0
  piece of job 73 started 1790039600337 core=5
  piece of job 73 started 1790039600338 core=1
  piece of job 73 end 1790039623743 core=0
  piece of job 73 end 1790039624171 core=5
job 94_SUM_132 end 1790039628470
job 95_XPY_48 started 1790039628470 core=4
  piece of job 73 end 1790039646073 core=1
job 73_TGAMMA_120 end 1790039646074
job 95_XPY_48 end 1790039666592
job 96_COPY_84 started 1790039666593 core=5
job 96_COPY_84 end 1790039746432
job 97_XPY_60 started 1790039746432 core=0
job 97_XPY_60 end 1790039805517
job 98_XPY_60 started 1790039805517 core=1
job 98_XPY_60 end 1790039864767
job 99_COPY_60 started 1790039864768 core=4
job 99_COPY_60 end 1790039967752
  итерация 0: 2205891 ms
  среднее по 1 итерациям: 2205891 ms
  реальных ожиданий свободного ядра: 0  (блокировок в задачах не было)
=== Выполняется проект: ml_two_chain_22.txt (100 работ, перестановка ORDER) ===
fake 3 started 1790039967753 delay_ms=1
fake 2 started 1790039967753 delay_ms=0
fake 2 end 1790039967753
fake 0 started 1790039967753 delay_ms=0
fake 0 end 1790039967753
fake 1 started 1790039967753 delay_ms=0
fake 1 end 1790039967753
job 72_SUM_108 started 1790039967753 core=5
fake 3 end 1790039967754
job 0_TGAMMA_60 started 1790039967754 core=4
  piece of job 0 started 1790039967764 core=0
  piece of job 0 started 1790039967766 core=1
  piece of job 0 started 1790039967764 core=4
  piece of job 0 end 1790039985905 core=0
  piece of job 0 end 1790039990767 core=4
  piece of job 0 end 1790039990935 core=1
job 0_TGAMMA_60 end 1790039990935
job 1_TGAMMA_60 started 1790039990935 core=4
  piece of job 1 started 1790039990947 core=4
  piece of job 1 started 1790039990948 core=0
  piece of job 1 started 1790039990960 core=1
  piece of job 1 end 1790040013877 core=0
  piece of job 1 end 1790040013904 core=1
  piece of job 1 end 1790040014013 core=4
job 1_TGAMMA_60 end 1790040014014
job 2_TGAMMA_12 started 1790040014014 core=4
  piece of job 2 started 1790040014025 core=0
  piece of job 2 started 1790040014026 core=1
  piece of job 2 started 1790040014025 core=4
  piece of job 2 end 1790040016320 core=0
  piece of job 2 end 1790040018542 core=4
  piece of job 2 end 1790040018606 core=1
job 2_TGAMMA_12 end 1790040018607
job 3_TGAMMA_60 started 1790040018607 core=4
  piece of job 3 started 1790040018608 core=0
  piece of job 3 started 1790040018608 core=4
  piece of job 3 started 1790040018617 core=1
  piece of job 3 end 1790040040270 core=0
  piece of job 3 end 1790040040287 core=4
  piece of job 3 end 1790040041636 core=1
job 3_TGAMMA_60 end 1790040041637
job 4_TGAMMA_120 started 1790040041637 core=4
  piece of job 4 started 1790040041649 core=4
  piece of job 4 started 1790040041650 core=0
  piece of job 4 started 1790040041662 core=1
job 72_SUM_108 end 1790040047939
job 73_COPY_60 started 1790040047950 core=5
  piece of job 4 end 1790040084165 core=0
  piece of job 4 end 1790040084200 core=4
  piece of job 4 end 1790040087938 core=1
job 4_TGAMMA_120 end 1790040087939
job 5_TGAMMA_12 started 1790040087944 core=5
  piece of job 5 started 1790040087967 core=1
  piece of job 5 started 1790040087967 core=4
  piece of job 5 started 1790040087967 core=0
  piece of job 5 end 1790040092558 core=4
  piece of job 5 end 1790040092575 core=0
  piece of job 5 end 1790040092596 core=1
job 5_TGAMMA_12 end 1790040092596
job 6_TGAMMA_12 started 1790040092597 core=4
  piece of job 6 started 1790040092608 core=4
  piece of job 6 started 1790040092609 core=1
  piece of job 6 started 1790040092611 core=0
  piece of job 6 end 1790040097184 core=4
  piece of job 6 end 1790040097198 core=0
  piece of job 6 end 1790040097236 core=1
job 6_TGAMMA_12 end 1790040097237
job 7_TGAMMA_120 started 1790040097238 core=5
  piece of job 7 started 1790040097261 core=0
  piece of job 7 started 1790040097262 core=4
  piece of job 7 started 1790040097273 core=1
  piece of job 7 end 1790040138576 core=4
  piece of job 7 end 1790040138624 core=0
job 73_COPY_60 end 1790040138715
job 74_XPY_60 started 1790040138725 core=5
  piece of job 7 end 1790040143429 core=1
job 7_TGAMMA_120 end 1790040143440
job 8_TGAMMA_60 started 1790040143440 core=5
  piece of job 8 started 1790040143452 core=0
  piece of job 8 started 1790040143452 core=4
  piece of job 8 started 1790040143474 core=1
  piece of job 8 end 1790040162922 core=4
  piece of job 8 end 1790040162966 core=0
  piece of job 8 end 1790040166596 core=1
job 8_TGAMMA_60 end 1790040166604
job 9_TGAMMA_60 started 1790040166604 core=5
  piece of job 9 started 1790040166628 core=1
  piece of job 9 started 1790040166628 core=0
  piece of job 9 started 1790040166628 core=4
  piece of job 9 end 1790040185739 core=4
  piece of job 9 end 1790040185813 core=0
  piece of job 9 end 1790040189779 core=1
job 9_TGAMMA_60 end 1790040189788
job 10_TGAMMA_120 started 1790040189788 core=5
  piece of job 10 started 1790040189820 core=1
  piece of job 10 started 1790040189820 core=4
  piece of job 10 started 1790040189820 core=0
job 74_XPY_60 end 1790040230457
job 75_SUM_108 started 1790040230458 core=5
  piece of job 10 end 1790040230965 core=4
  piece of job 10 end 1790040231166 core=0
  piece of job 10 end 1790040236121 core=1
job 10_TGAMMA_120 end 1790040236122
job 11_TGAMMA_12 started 1790040236122 core=5
  piece of job 11 started 1790040236146 core=1
  piece of job 11 started 1790040236146 core=0
  piece of job 11 started 1790040236146 core=4
  piece of job 11 end 1790040239537 core=4
  piece of job 11 end 1790040239650 core=0
  piece of job 11 end 1790040240718 core=1
job 11_TGAMMA_12 end 1790040240726
job 12_TGAMMA_120 started 1790040240726 core=5
  piece of job 12 started 1790040240738 core=0
  piece of job 12 started 1790040240738 core=4
  piece of job 12 started 1790040240744 core=1
  piece of job 12 end 1790040283397 core=4
  piece of job 12 end 1790040283613 core=0
  piece of job 12 end 1790040286605 core=1
job 12_TGAMMA_120 end 1790040286613
job 13_TGAMMA_60 started 1790040286613 core=5
  piece of job 13 started 1790040286637 core=1
  piece of job 13 started 1790040286637 core=4
  piece of job 13 started 1790040286637 core=0
  piece of job 13 end 1790040305720 core=4
  piece of job 13 end 1790040306078 core=0
  piece of job 13 end 1790040309545 core=1
job 13_TGAMMA_60 end 1790040309545
job 14_TGAMMA_120 started 1790040309545 core=5
  piece of job 14 started 1790040309558 core=0
  piece of job 14 started 1790040309558 core=4
  piece of job 14 started 1790040309558 core=1
job 75_SUM_108 end 1790040312290
job 76_SUM_84 started 1790040312290 core=5
  piece of job 14 end 1790040351066 core=4
  piece of job 14 end 1790040351594 core=0
  piece of job 14 end 1790040355581 core=1
job 14_TGAMMA_120 end 1790040355598
job 15_TGAMMA_12 started 1790040355598 core=5
  piece of job 15 started 1790040355624 core=1
  piece of job 15 started 1790040355624 core=4
  piece of job 15 started 1790040355624 core=0
  piece of job 15 end 1790040360193 core=1
  piece of job 15 end 1790040360216 core=4
  piece of job 15 end 1790040360223 core=0
job 15_TGAMMA_12 end 1790040360223
job 16_TGAMMA_12 started 1790040360223 core=5
  piece of job 16 started 1790040360247 core=1
  piece of job 16 started 1790040360253 core=4
  piece of job 16 started 1790040360259 core=0
  piece of job 16 end 1790040364811 core=4
  piece of job 16 end 1790040364831 core=1
  piece of job 16 end 1790040364846 core=0
job 16_TGAMMA_12 end 1790040364846
job 17_TGAMMA_60 started 1790040364846 core=5
  piece of job 17 started 1790040364869 core=1
  piece of job 17 started 1790040364869 core=4
  piece of job 17 started 1790040364869 core=0
job 76_SUM_84 end 1790040376006
job 77_COPY_84 started 1790040376006 core=5
  piece of job 17 end 1790040382891 core=4
  piece of job 17 end 1790040383535 core=0
  piece of job 17 end 1790040387869 core=1
job 17_TGAMMA_60 end 1790040387872
job 18_TGAMMA_120 started 1790040387872 core=5
  piece of job 18 started 1790040387895 core=1
  piece of job 18 started 1790040387895 core=0
  piece of job 18 started 1790040387895 core=4
  piece of job 18 end 1790040428498 core=4
  piece of job 18 end 1790040429290 core=0
  piece of job 18 end 1790040434140 core=1
job 18_TGAMMA_120 end 1790040434150
job 19_TGAMMA_60 started 1790040434150 core=5
  piece of job 19 started 1790040434163 core=4
  piece of job 19 started 1790040434166 core=1
  piece of job 19 started 1790040434163 core=0
  piece of job 19 end 1790040451385 core=4
  piece of job 19 end 1790040452072 core=0
  piece of job 19 end 1790040457252 core=1
job 19_TGAMMA_60 end 1790040457260
job 20_TGAMMA_120 started 1790040457260 core=5
  piece of job 20 started 1790040457284 core=1
  piece of job 20 started 1790040457284 core=4
  piece of job 20 started 1790040457284 core=0
  piece of job 20 end 1790040497268 core=4
  piece of job 20 end 1790040497827 core=0
job 77_COPY_84 end 1790040500281
job 78_SUM_132 started 1790040500282 core=5
  piece of job 20 end 1790040503477 core=1
job 20_TGAMMA_120 end 1790040503498
job 21_TGAMMA_12 started 1790040503498 core=5
  piece of job 21 started 1790040503522 core=1
  piece of job 21 started 1790040503522 core=0
  piece of job 21 started 1790040503522 core=4
  piece of job 21 end 1790040508097 core=1
  piece of job 21 end 1790040508112 core=0
  piece of job 21 end 1790040508116 core=4
job 21_TGAMMA_12 end 1790040508123
job 22_TGAMMA_120 started 1790040508123 core=5
  piece of job 22 started 1790040508147 core=1
  piece of job 22 started 1790040508148 core=0
  piece of job 22 started 1790040508153 core=4
  piece of job 22 end 1790040547671 core=4
  piece of job 22 end 1790040548262 core=0
  piece of job 22 end 1790040553982 core=1
job 22_TGAMMA_120 end 1790040553983
job 23_TGAMMA_60 started 1790040553983 core=5
  piece of job 23 started 1790040554006 core=4
  piece of job 23 started 1790040554008 core=1
  piece of job 23 started 1790040554006 core=0
  piece of job 23 end 1790040570329 core=4
  piece of job 23 end 1790040571058 core=0
  piece of job 23 end 1790040576975 core=1
job 23_TGAMMA_60 end 1790040576975
job 24_TGAMMA_60 started 1790040576976 core=5
  piece of job 24 started 1790040576999 core=0
  piece of job 24 started 1790040577001 core=1
  piece of job 24 started 1790040576999 core=4
  piece of job 24 end 1790040592991 core=4
  piece of job 24 end 1790040593791 core=0
job 78_SUM_132 end 1790040597351
job 79_XPY_48 started 1790040597351 core=5
  piece of job 24 end 1790040599930 core=1
job 24_TGAMMA_60 end 1790040599930
job 25_TGAMMA_120 started 1790040599930 core=5
  piece of job 25 started 1790040599954 core=4
  piece of job 25 started 1790040599956 core=1
  piece of job 25 started 1790040599954 core=0
  piece of job 25 end 1790040638347 core=4
  piece of job 25 end 1790040639308 core=0
  piece of job 25 end 1790040646323 core=1
job 25_TGAMMA_120 end 1790040646324
job 26_TGAMMA_120 started 1790040646324 core=5
  piece of job 26 started 1790040646348 core=0
  piece of job 26 started 1790040646350 core=1
  piece of job 26 started 1790040646348 core=4
job 79_XPY_48 end 1790040673473
job 80_COPY_60 started 1790040673473 core=5
  piece of job 26 end 1790040690152 core=4
  piece of job 26 end 1790040690413 core=0
  piece of job 26 end 1790040692502 core=1
job 26_TGAMMA_120 end 1790040692508
job 27_TGAMMA_120 started 1790040692508 core=5
  piece of job 27 started 1790040692532 core=1
  piece of job 27 started 1790040692532 core=0
  piece of job 27 started 1790040692532 core=4
  piece of job 27 end 1790040736556 core=4
  piece of job 27 end 1790040736776 core=0
  piece of job 27 end 1790040738686 core=1
job 27_TGAMMA_120 end 1790040738687
job 28_TGAMMA_60 started 1790040738687 core=5
  piece of job 28 started 1790040738710 core=0
  piece of job 28 started 1790040738712 core=1
  piece of job 28 started 1790040738710 core=4
  piece of job 28 end 1790040758984 core=4
  piece of job 28 end 1790040759321 core=0
  piece of job 28 end 1790040761861 core=1
job 28_TGAMMA_60 end 1790040761869
job 29_TGAMMA_120 started 1790040761869 core=5
  piece of job 29 started 1790040761893 core=1
  piece of job 29 started 1790040761893 core=0
  piece of job 29 started 1790040761893 core=4
job 80_COPY_60 end 1790040766259
job 81_SUM_132 started 1790040766259 core=5
  piece of job 29 end 1790040804532 core=4
  piece of job 29 end 1790040804965 core=0
  piece of job 29 end 1790040807850 core=1
job 29_TGAMMA_120 end 1790040807850
job 30_TGAMMA_120 started 1790040807850 core=5
  piece of job 30 started 1790040807874 core=0
  piece of job 30 started 1790040807876 core=1
  piece of job 30 started 1790040807874 core=4
  piece of job 30 end 1790040850183 core=4
  piece of job 30 end 1790040850842 core=0
  piece of job 30 end 1790040853752 core=1
job 30_TGAMMA_120 end 1790040853753
job 31_TGAMMA_12 started 1790040853753 core=5
  piece of job 31 started 1790040853777 core=4
  piece of job 31 started 1790040853778 core=1
  piece of job 31 started 1790040853777 core=0
  piece of job 31 end 1790040858363 core=1
  piece of job 31 end 1790040858365 core=4
  piece of job 31 end 1790040858357 core=0
job 31_TGAMMA_12 end 1790040858382
job 32_TGAMMA_120 started 1790040858382 core=5
  piece of job 32 started 1790040858406 core=1
  piece of job 32 started 1790040858407 core=0
  piece of job 32 started 1790040858406 core=4
job 81_SUM_132 end 1790040861863
job 82_DOT_84 started 1790040861863 core=5
  piece of job 32 end 1790040900200 core=4
  piece of job 32 end 1790040901017 core=0
  piece of job 32 end 1790040904695 core=1
job 32_TGAMMA_120 end 1790040904695
job 33_TGAMMA_120 started 1790040904696 core=5
  piece of job 33 started 1790040904728 core=0
  piece of job 33 started 1790040904729 core=1
  piece of job 33 started 1790040904728 core=4
  piece of job 33 end 1790040945578 core=4
  piece of job 33 end 1790040946724 core=0
  piece of job 33 end 1790040950960 core=1
job 33_TGAMMA_120 end 1790040950969
job 34_TGAMMA_12 started 1790040950969 core=5
  piece of job 34 started 1790040950992 core=0
  piece of job 34 started 1790040950992 core=4
  piece of job 34 started 1790040950993 core=1
  piece of job 34 end 1790040953286 core=4
  piece of job 34 end 1790040953287 core=0
  piece of job 34 end 1790040955618 core=1
job 34_TGAMMA_12 end 1790040955627
job 35_TGAMMA_120 started 1790040955627 core=5
  piece of job 35 started 1790040955651 core=1
  piece of job 35 started 1790040955651 core=4
  piece of job 35 started 1790040955651 core=0
job 82_DOT_84 end 1790040976916
job 83_SUM_84 started 1790040976927 core=5
  piece of job 35 end 1790040999255 core=4
  piece of job 35 end 1790040999461 core=0
  piece of job 35 end 1790041001621 core=1
job 35_TGAMMA_120 end 1790041001638
job 36_TGAMMA_60 started 1790041001638 core=5
  piece of job 36 started 1790041001661 core=4
  piece of job 36 started 1790041001662 core=1
  piece of job 36 started 1790041001662 core=0
  piece of job 36 end 1790041022309 core=4
  piece of job 36 end 1790041022339 core=0
  piece of job 36 end 1790041024634 core=1
job 36_TGAMMA_60 end 1790041024635
job 37_TGAMMA_12 started 1790041024635 core=5
  piece of job 37 started 1790041024659 core=0
  piece of job 37 started 1790041024660 core=1
  piece of job 37 started 1790041024659 core=4
  piece of job 37 end 1790041029238 core=0
  piece of job 37 end 1790041029253 core=4
  piece of job 37 end 1790041029256 core=1
job 37_TGAMMA_12 end 1790041029260
job 38_TGAMMA_120 started 1790041029260 core=5
  piece of job 38 started 1790041029293 core=1
  piece of job 38 started 1790041029293 core=0
  piece of job 38 started 1790041029293 core=4
job 83_SUM_84 end 1790041038037
job 84_DOT_36 started 1790041038038 core=5
  piece of job 38 end 1790041072368 core=4
  piece of job 38 end 1790041072400 core=0
  piece of job 38 end 1790041075439 core=1
job 38_TGAMMA_120 end 1790041075440
job 39_TGAMMA_120 started 1790041075440 core=5
  piece of job 39 started 1790041075463 core=4
  piece of job 39 started 1790041075465 core=1
  piece of job 39 started 1790041075463 core=0
job 84_DOT_36 end 1790041089457
job 85_SUM_84 started 1790041089457 core=5
  piece of job 39 end 1790041117869 core=4
  piece of job 39 end 1790041118133 core=0
  piece of job 39 end 1790041121523 core=1
job 39_TGAMMA_120 end 1790041121533
job 40_TGAMMA_12 started 1790041121533 core=5
  piece of job 40 started 1790041121557 core=1
  piece of job 40 started 1790041121557 core=0
  piece of job 40 started 1790041121557 core=4
  piece of job 40 end 1790041125390 core=4
  piece of job 40 end 1790041125547 core=0
  piece of job 40 end 1790041126159 core=1
job 40_TGAMMA_12 end 1790041126159
job 41_TGAMMA_12 started 1790041126159 core=5
  piece of job 41 started 1790041126182 core=0
  piece of job 41 started 1790041126182 core=4
  piece of job 41 started 1790041126185 core=1
  piece of job 41 end 1790041128532 core=4
  piece of job 41 end 1790041128540 core=0
  piece of job 41 end 1790041130759 core=1
job 41_TGAMMA_12 end 1790041130759
job 42_TGAMMA_12 started 1790041130759 core=5
  piece of job 42 started 1790041130788 core=0
  piece of job 42 started 1790041130788 core=4
  piece of job 42 started 1790041130789 core=1
  piece of job 42 end 1790041133131 core=0
  piece of job 42 end 1790041133135 core=4
  piece of job 42 end 1790041135376 core=1
job 42_TGAMMA_12 end 1790041135377
job 43_TGAMMA_12 started 1790041135377 core=5
  piece of job 43 started 1790041135400 core=0
  piece of job 43 started 1790041135402 core=1
  piece of job 43 started 1790041135400 core=4
  piece of job 43 end 1790041139966 core=4
  piece of job 43 end 1790041139978 core=0
  piece of job 43 end 1790041139990 core=1
job 43_TGAMMA_12 end 1790041139997
job 44_TGAMMA_60 started 1790041139997 core=5
  piece of job 44 started 1790041140024 core=1
  piece of job 44 started 1790041140024 core=0
  piece of job 44 started 1790041140024 core=4
job 85_SUM_84 end 1790041149269
job 86_SUM_132 started 1790041149269 core=5
  piece of job 44 end 1790041160539 core=4
  piece of job 44 end 1790041160651 core=0
  piece of job 44 end 1790041162933 core=1
job 44_TGAMMA_60 end 1790041162943
job 45_TGAMMA_120 started 1790041162943 core=5
  piece of job 45 started 1790041162956 core=4
  piece of job 45 started 1790041162958 core=1
  piece of job 45 started 1790041162956 core=0
  piece of job 45 end 1790041205907 core=4
  piece of job 45 end 1790041206216 core=0
  piece of job 45 end 1790041208961 core=1
job 45_TGAMMA_120 end 1790041208975
job 46_TGAMMA_60 started 1790041208975 core=5
  piece of job 46 started 1790041208998 core=4
  piece of job 46 started 1790041209000 core=1
  piece of job 46 started 1790041208998 core=0
  piece of job 46 end 1790041229617 core=0
  piece of job 46 end 1790041229634 core=4
  piece of job 46 end 1790041231962 core=1
job 46_TGAMMA_60 end 1790041231962
job 47_TGAMMA_60 started 1790041231962 core=5
  piece of job 47 started 1790041231986 core=0
  piece of job 47 started 1790041231987 core=1
  piece of job 47 started 1790041231986 core=4
job 86_SUM_132 end 1790041248494
job 87_DOT_84 started 1790041248494 core=5
  piece of job 47 end 1790041252739 core=4
  piece of job 47 end 1790041252782 core=0
  piece of job 47 end 1790041254983 core=1
job 47_TGAMMA_60 end 1790041254983
job 48_TGAMMA_120 started 1790041254983 core=5
  piece of job 48 started 1790041255007 core=0
  piece of job 48 started 1790041255008 core=1
  piece of job 48 started 1790041255007 core=4
  piece of job 48 end 1790041298813 core=4
  piece of job 48 end 1790041298970 core=0
  piece of job 48 end 1790041301191 core=1
job 48_TGAMMA_120 end 1790041301200
job 49_TGAMMA_60 started 1790041301200 core=5
  piece of job 49 started 1790041301213 core=4
  piece of job 49 started 1790041301216 core=1
  piece of job 49 started 1790041301213 core=0
  piece of job 49 end 1790041324064 core=4
  piece of job 49 end 1790041324098 core=0
  piece of job 49 end 1790041324352 core=1
job 49_TGAMMA_60 end 1790041324356
job 50_TGAMMA_120 started 1790041324356 core=5
  piece of job 50 started 1790041324380 core=1
  piece of job 50 started 1790041324380 core=0
  piece of job 50 started 1790041324380 core=4
  piece of job 50 end 1790041367457 core=4
  piece of job 50 end 1790041367716 core=0
job 87_DOT_84 end 1790041369400
job 88_XPY_48 started 1790041369401 core=5
  piece of job 50 end 1790041370699 core=1
job 50_TGAMMA_120 end 1790041370716
job 51_TGAMMA_12 started 1790041370716 core=5
  piece of job 51 started 1790041370740 core=1
  piece of job 51 started 1790041370740 core=4
  piece of job 51 started 1790041370740 core=0
  piece of job 51 end 1790041375318 core=0
  piece of job 51 end 1790041375330 core=4
  piece of job 51 end 1790041375361 core=1
job 51_TGAMMA_12 end 1790041375368
job 52_TGAMMA_60 started 1790041375368 core=5
  piece of job 52 started 1790041375392 core=1
  piece of job 52 started 1790041375392 core=4
  piece of job 52 started 1790041375392 core=0
  piece of job 52 end 1790041395704 core=0
  piece of job 52 end 1790041395710 core=4
  piece of job 52 end 1790041398466 core=1
job 52_TGAMMA_60 end 1790041398475
job 53_TGAMMA_120 started 1790041398475 core=5
  piece of job 53 started 1790041398499 core=1
  piece of job 53 started 1790041398499 core=0
  piece of job 53 started 1790041398499 core=4
  piece of job 53 end 1790041440879 core=4
  piece of job 53 end 1790041441084 core=0
  piece of job 53 end 1790041444812 core=1
job 53_TGAMMA_120 end 1790041444821
job 54_TGAMMA_120 started 1790041444821 core=5
  piece of job 54 started 1790041444845 core=1
  piece of job 54 started 1790041444845 core=0
  piece of job 54 started 1790041444845 core=4
job 88_XPY_48 end 1790041445548
job 89_SUM_84 started 1790041445548 core=5
  piece of job 54 end 1790041486526 core=4
  piece of job 54 end 1790041486847 core=0
  piece of job 54 end 1790041490786 core=1
job 54_TGAMMA_120 end 1790041490794
job 55_TGAMMA_12 started 1790041490794 core=5
  piece of job 55 started 1790041490818 core=4
  piece of job 55 started 1790041490823 core=1
  piece of job 55 started 1790041490818 core=0
  piece of job 55 end 1790041495385 core=0
  piece of job 55 end 1790041495401 core=4
  piece of job 55 end 1790041495421 core=1
job 55_TGAMMA_12 end 1790041495421
job 56_TGAMMA_12 started 1790041495421 core=5
  piece of job 56 started 1790041495445 core=4
  piece of job 56 started 1790041495447 core=1
  piece of job 56 started 1790041495445 core=0
  piece of job 56 end 1790041500019 core=0
  piece of job 56 end 1790041500029 core=1
  piece of job 56 end 1790041500048 core=4
job 56_TGAMMA_12 end 1790041500048
job 57_TGAMMA_60 started 1790041500048 core=5
  piece of job 57 started 1790041500071 core=1
  piece of job 57 started 1790041500071 core=0
  piece of job 57 started 1790041500071 core=4
job 89_SUM_84 end 1790041505160
job 90_SUM_84 started 1790041505160 core=5
  piece of job 57 end 1790041520332 core=4
  piece of job 57 end 1790041520435 core=0
  piece of job 57 end 1790041522924 core=1
job 57_TGAMMA_60 end 1790041522937
job 58_TGAMMA_12 started 1790041522937 core=5
  piece of job 58 started 1790041522961 core=4
  piece of job 58 started 1790041522961 core=0
  piece of job 58 started 1790041522961 core=1
  piece of job 58 end 1790041527529 core=0
  piece of job 58 end 1790041527533 core=4
  piece of job 58 end 1790041527563 core=1
job 58_TGAMMA_12 end 1790041527563
job 59_TGAMMA_120 started 1790041527563 core=5
  piece of job 59 started 1790041527586 core=4
  piece of job 59 started 1790041527592 core=1
  piece of job 59 started 1790041527586 core=0
job 90_SUM_84 end 1790041567656
job 91_DOT_36 started 1790041567666 core=5
  piece of job 59 end 1790041570306 core=4
  piece of job 59 end 1790041570691 core=0
  piece of job 59 end 1790041573527 core=1
job 59_TGAMMA_120 end 1790041573534
job 60_TGAMMA_12 started 1790041573534 core=5
  piece of job 60 started 1790041573558 core=1
  piece of job 60 started 1790041573558 core=4
  piece of job 60 started 1790041573558 core=0
  piece of job 60 end 1790041577617 core=4
  piece of job 60 end 1790041577808 core=0
  piece of job 60 end 1790041578207 core=1
job 60_TGAMMA_12 end 1790041578207
job 61_TGAMMA_60 started 1790041578207 core=5
  piece of job 61 started 1790041578232 core=0
  piece of job 61 started 1790041578232 core=4
  piece of job 61 started 1790041578233 core=1
  piece of job 61 end 1790041598799 core=0
  piece of job 61 end 1790041598802 core=4
  piece of job 61 end 1790041601409 core=1
job 61_TGAMMA_60 end 1790041601419
job 62_TGAMMA_12 started 1790041601419 core=5
  piece of job 62 started 1790041601432 core=4
  piece of job 62 started 1790041601435 core=1
  piece of job 62 started 1790041601432 core=0
  piece of job 62 end 1790041606003 core=4
  piece of job 62 end 1790041606015 core=0
  piece of job 62 end 1790041606061 core=1
job 62_TGAMMA_12 end 1790041606069
job 63_TGAMMA_120 started 1790041606069 core=5
  piece of job 63 started 1790041606093 core=1
  piece of job 63 started 1790041606093 core=4
  piece of job 63 started 1790041606093 core=0
job 91_DOT_36 end 1790041618693
job 92_XPY_48 started 1790041618693 core=5
  piece of job 63 end 1790041648603 core=4
  piece of job 63 end 1790041648983 core=0
  piece of job 63 end 1790041652271 core=1
job 63_TGAMMA_120 end 1790041652274
job 64_TGAMMA_12 started 1790041652274 core=5
  piece of job 64 started 1790041652297 core=1
  piece of job 64 started 1790041652297 core=4
  piece of job 64 started 1790041652297 core=0
  piece of job 64 end 1790041656866 core=4
  piece of job 64 end 1790041656909 core=0
  piece of job 64 end 1790041656916 core=1
job 64_TGAMMA_12 end 1790041656918
job 65_TGAMMA_120 started 1790041656918 core=5
  piece of job 65 started 1790041656942 core=1
  piece of job 65 started 1790041656946 core=0
  piece of job 65 started 1790041656942 core=4
job 92_XPY_48 end 1790041694005
job 93_COPY_84 started 1790041694005 core=5
  piece of job 65 end 1790041699888 core=4
  piece of job 65 end 1790041699936 core=0
  piece of job 65 end 1790041703017 core=1
job 65_TGAMMA_120 end 1790041703025
job 66_TGAMMA_12 started 1790041703025 core=5
  piece of job 66 started 1790041703037 core=0
  piece of job 66 started 1790041703037 core=4
  piece of job 66 started 1790041703042 core=1
  piece of job 66 end 1790041705327 core=0
  piece of job 66 end 1790041705331 core=4
  piece of job 66 end 1790041707634 core=1
job 66_TGAMMA_12 end 1790041707636
job 67_TGAMMA_12 started 1790041707636 core=5
  piece of job 67 started 1790041707659 core=1
  piece of job 67 started 1790041707659 core=4
  piece of job 67 started 1790041707659 core=0
  piece of job 67 end 1790041712244 core=0
  piece of job 67 end 1790041712245 core=4
  piece of job 67 end 1790041712265 core=1
job 67_TGAMMA_12 end 1790041712266
job 68_TGAMMA_12 started 1790041712266 core=5
  piece of job 68 started 1790041712290 core=1
  piece of job 68 started 1790041712290 core=0
  piece of job 68 started 1790041712290 core=4
  piece of job 68 end 1790041716872 core=4
  piece of job 68 end 1790041716882 core=0
  piece of job 68 end 1790041716909 core=1
job 68_TGAMMA_12 end 1790041716916
job 69_TGAMMA_120 started 1790041716916 core=5
  piece of job 69 started 1790041716940 core=4
  piece of job 69 started 1790041716945 core=1
  piece of job 69 started 1790041716940 core=0
  piece of job 69 end 1790041760262 core=0
  piece of job 69 end 1790041760327 core=4
  piece of job 69 end 1790041763085 core=1
job 69_TGAMMA_120 end 1790041763093
job 70_TGAMMA_120 started 1790041763093 core=5
  piece of job 70 started 1790041763117 core=1
  piece of job 70 started 1790041763117 core=0
  piece of job 70 started 1790041763117 core=4
  piece of job 70 end 1790041803880 core=4
  piece of job 70 end 1790041803960 core=0
job 93_COPY_84 end 1790041808055
job 94_SUM_108 started 1790041808056 core=5
  piece of job 70 end 1790041809291 core=1
job 70_TGAMMA_120 end 1790041809305
job 71_TGAMMA_60 started 1790041809305 core=5
  piece of job 71 started 1790041809317 core=0
  piece of job 71 started 1790041809318 core=4
  piece of job 71 started 1790041809330 core=1
  piece of job 71 end 1790041820853 core=0
  piece of job 71 end 1790041820869 core=4
  piece of job 71 end 1790041832450 core=1
job 71_TGAMMA_60 end 1790041832451
job 94_SUM_108 end 1790041846106
job 95_XPY_60 started 1790041846107 core=0
job 95_XPY_60 end 1790041894425
job 96_COPY_84 started 1790041894426 core=1
job 96_COPY_84 end 1790041971794
job 97_COPY_84 started 1790041971795 core=4
job 97_COPY_84 end 1790042046397
job 98_SUM_132 started 1790042046398 core=5
job 98_SUM_132 end 1790042122745
job 99_COPY_60 started 1790042122746 core=0
job 99_COPY_60 end 1790042244310
  итерация 0: 2276557 ms
  среднее по 1 итерациям: 2276557 ms
  реальных ожиданий свободного ядра: 0  (блокировок в задачах не было)
=== Выполняется проект: ml_two_chain_23.txt (100 работ, перестановка ORDER) ===
fake 3 started 1790042244311 delay_ms=1
fake 2 started 1790042244311 delay_ms=0
fake 2 end 1790042244311
fake 0 started 1790042244311 delay_ms=0
fake 0 end 1790042244311
fake 1 started 1790042244311 delay_ms=0
fake 1 end 1790042244311
job 75_COPY_84 started 1790042244311 core=1
fake 3 end 1790042244312
job 0_TGAMMA_12 started 1790042244312 core=5
  piece of job 0 started 1790042244313 core=5
  piece of job 0 started 1790042244333 core=0
  piece of job 0 started 1790042244334 core=4
  piece of job 0 end 1790042248456 core=5
  piece of job 0 end 1790042248900 core=4
  piece of job 0 end 1790042248963 core=0
job 0_TGAMMA_12 end 1790042248963
job 1_TGAMMA_60 started 1790042248963 core=5
  piece of job 1 started 1790042248964 core=5
  piece of job 1 started 1790042248974 core=0
  piece of job 1 started 1790042248975 core=4
  piece of job 1 end 1790042271740 core=5
  piece of job 1 end 1790042271782 core=4
  piece of job 1 end 1790042272192 core=0
job 1_TGAMMA_60 end 1790042272193
job 2_TGAMMA_12 started 1790042272203 core=0
  piece of job 2 started 1790042272204 core=0
  piece of job 2 started 1790042272204 core=4
  piece of job 2 started 1790042272204 core=5
  piece of job 2 end 1790042276748 core=4
  piece of job 2 end 1790042276874 core=5
  piece of job 2 end 1790042276874 core=0
job 2_TGAMMA_12 end 1790042276875
job 3_TGAMMA_12 started 1790042276875 core=0
  piece of job 3 started 1790042276885 core=0
  piece of job 3 started 1790042276885 core=5
  piece of job 3 started 1790042276886 core=4
  piece of job 3 end 1790042281446 core=4
  piece of job 3 end 1790042281518 core=0
  piece of job 3 end 1790042281560 core=5
job 3_TGAMMA_12 end 1790042281560
job 4_TGAMMA_12 started 1790042281570 core=5
  piece of job 4 started 1790042281581 core=5
  piece of job 4 started 1790042281582 core=4
  piece of job 4 started 1790042281593 core=0
  piece of job 4 end 1790042286159 core=4
  piece of job 4 end 1790042286187 core=0
  piece of job 4 end 1790042286231 core=5
job 4_TGAMMA_12 end 1790042286231
job 5_TGAMMA_60 started 1790042286231 core=0
  piece of job 5 started 1790042286242 core=0
  piece of job 5 started 1790042286243 core=4
  piece of job 5 started 1790042286251 core=5
  piece of job 5 end 1790042309087 core=4
  piece of job 5 end 1790042309441 core=0
  piece of job 5 end 1790042309570 core=5
job 5_TGAMMA_60 end 1790042309570
job 6_TGAMMA_60 started 1790042309577 core=5
  piece of job 6 started 1790042309588 core=5
  piece of job 6 started 1790042309589 core=4
  piece of job 6 started 1790042309600 core=0
  piece of job 6 end 1790042332409 core=4
  piece of job 6 end 1790042332758 core=0
  piece of job 6 end 1790042333013 core=5
job 6_TGAMMA_60 end 1790042333014
job 7_TGAMMA_120 started 1790042333014 core=5
  piece of job 7 started 1790042333025 core=5
  piece of job 7 started 1790042333026 core=4
  piece of job 7 started 1790042333039 core=0
job 75_COPY_84 end 1790042373463
job 76_COPY_84 started 1790042373474 core=1
  piece of job 7 end 1790042378541 core=0
  piece of job 7 end 1790042378679 core=4
  piece of job 7 end 1790042379696 core=5
job 7_TGAMMA_120 end 1790042379698
job 8_TGAMMA_120 started 1790042379698 core=1
  piece of job 8 started 1790042379709 core=5
  piece of job 8 started 1790042379709 core=0
  piece of job 8 started 1790042379710 core=4
  piece of job 8 end 1790042425456 core=4
  piece of job 8 end 1790042425964 core=0
  piece of job 8 end 1790042426462 core=5
job 8_TGAMMA_120 end 1790042426477
job 9_TGAMMA_12 started 1790042426480 core=1
  piece of job 9 started 1790042426491 core=0
  piece of job 9 started 1790042426492 core=4
  piece of job 9 started 1790042426499 core=5
  piece of job 9 end 1790042430689 core=0
  piece of job 9 end 1790042431042 core=4
  piece of job 9 end 1790042431142 core=5
job 9_TGAMMA_12 end 1790042431148
job 10_TGAMMA_60 started 1790042431152 core=5
  piece of job 10 started 1790042431163 core=5
  piece of job 10 started 1790042431164 core=4
  piece of job 10 started 1790042431175 core=0
  piece of job 10 end 1790042453913 core=4
  piece of job 10 end 1790042454057 core=0
  piece of job 10 end 1790042454565 core=5
job 10_TGAMMA_60 end 1790042454565
job 11_TGAMMA_120 started 1790042454565 core=1
  piece of job 11 started 1790042454587 core=4
  piece of job 11 started 1790042454589 core=5
  piece of job 11 started 1790042454587 core=0
  piece of job 11 end 1790042499527 core=0
  piece of job 11 end 1790042500316 core=4
  piece of job 11 end 1790042501435 core=5
job 11_TGAMMA_120 end 1790042501436
job 12_TGAMMA_120 started 1790042501446 core=1
  piece of job 12 started 1790042501458 core=0
  piece of job 12 started 1790042501458 core=4
  piece of job 12 started 1790042501458 core=5
job 76_COPY_84 end 1790042503737
job 77_DOT_84 started 1790042503747 core=1
  piece of job 12 end 1790042545272 core=0
  piece of job 12 end 1790042547254 core=4
  piece of job 12 end 1790042548154 core=5
job 12_TGAMMA_120 end 1790042548165
job 13_TGAMMA_12 started 1790042548165 core=1
  piece of job 13 started 1790042548167 core=0
  piece of job 13 started 1790042548167 core=4
  piece of job 13 started 1790042548167 core=5
  piece of job 13 end 1790042552337 core=0
  piece of job 13 end 1790042552734 core=4
  piece of job 13 end 1790042552797 core=5
job 13_TGAMMA_12 end 1790042552797
job 14_TGAMMA_12 started 1790042552797 core=1
  piece of job 14 started 1790042552821 core=0
  piece of job 14 started 1790042552821 core=4
  piece of job 14 started 1790042552821 core=5
  piece of job 14 end 1790042557378 core=4
  piece of job 14 end 1790042557481 core=0
  piece of job 14 end 1790042557501 core=5
job 14_TGAMMA_12 end 1790042557501
job 15_TGAMMA_120 started 1790042557501 core=1
  piece of job 15 started 1790042557525 core=4
  piece of job 15 started 1790042557525 core=0
  piece of job 15 started 1790042557547 core=5
  piece of job 15 end 1790042603062 core=4
  piece of job 15 end 1790042603900 core=0
  piece of job 15 end 1790042604372 core=5
job 15_TGAMMA_120 end 1790042604378
job 16_TGAMMA_12 started 1790042604378 core=1
  piece of job 16 started 1790042604402 core=4
  piece of job 16 started 1790042604409 core=5
  piece of job 16 started 1790042604402 core=0
  piece of job 16 end 1790042608938 core=4
  piece of job 16 end 1790042609061 core=5
  piece of job 16 end 1790042609062 core=0
job 16_TGAMMA_12 end 1790042609070
job 17_TGAMMA_60 started 1790042609070 core=1
  piece of job 17 started 1790042609094 core=4
  piece of job 17 started 1790042609098 core=5
  piece of job 17 started 1790042609099 core=0
job 77_DOT_84 end 1790042616441
job 78_SUM_108 started 1790042616452 core=1
  piece of job 17 end 1790042631861 core=4
  piece of job 17 end 1790042632314 core=5
  piece of job 17 end 1790042632660 core=0
job 17_TGAMMA_60 end 1790042632667
job 18_TGAMMA_60 started 1790042632667 core=1
  piece of job 18 started 1790042632691 core=5
  piece of job 18 started 1790042632696 core=0
  piece of job 18 started 1790042632691 core=4
  piece of job 18 end 1790042655432 core=4
  piece of job 18 end 1790042655706 core=5
  piece of job 18 end 1790042655922 core=0
job 18_TGAMMA_60 end 1790042655922
job 19_TGAMMA_60 started 1790042655922 core=1
  piece of job 19 started 1790042655946 core=5
  piece of job 19 started 1790042655946 core=4
  piece of job 19 started 1790042655946 core=0
  piece of job 19 end 1790042678667 core=5
  piece of job 19 end 1790042678768 core=4
  piece of job 19 end 1790042679271 core=0
job 19_TGAMMA_60 end 1790042679278
job 20_TGAMMA_12 started 1790042679278 core=1
  piece of job 20 started 1790042679302 core=5
  piece of job 20 started 1790042679307 core=0
  piece of job 20 started 1790042679302 core=4
  piece of job 20 end 1790042683866 core=4
  piece of job 20 end 1790042683928 core=5
  piece of job 20 end 1790042683976 core=0
job 20_TGAMMA_12 end 1790042683983
job 21_TGAMMA_120 started 1790042683983 core=1
  piece of job 21 started 1790042684007 core=5
  piece of job 21 started 1790042684013 core=0
  piece of job 21 started 1790042684007 core=4
job 78_SUM_108 end 1790042690389
job 79_SUM_108 started 1790042690390 core=1
  piece of job 21 end 1790042729587 core=4
  piece of job 21 end 1790042729611 core=5
  piece of job 21 end 1790042730733 core=0
job 21_TGAMMA_120 end 1790042730740
job 22_TGAMMA_12 started 1790042730740 core=1
  piece of job 22 started 1790042730764 core=5
  piece of job 22 started 1790042730771 core=0
  piece of job 22 started 1790042730764 core=4
  piece of job 22 end 1790042734405 core=5
  piece of job 22 end 1790042735332 core=4
  piece of job 22 end 1790042735428 core=0
job 22_TGAMMA_12 end 1790042735433
job 23_TGAMMA_12 started 1790042735433 core=1
  piece of job 23 started 1790042735457 core=4
  piece of job 23 started 1790042735464 core=0
  piece of job 23 started 1790042735474 core=5
  piece of job 23 end 1790042740004 core=4
  piece of job 23 end 1790042740077 core=0
  piece of job 23 end 1790042740101 core=5
job 23_TGAMMA_12 end 1790042740101
job 24_TGAMMA_12 started 1790042740101 core=1
  piece of job 24 started 1790042740125 core=0
  piece of job 24 started 1790042740125 core=4
  piece of job 24 started 1790042740125 core=5
  piece of job 24 end 1790042744687 core=4
  piece of job 24 end 1790042744737 core=5
  piece of job 24 end 1790042744792 core=0
job 24_TGAMMA_12 end 1790042744792
job 25_TGAMMA_12 started 1790042744792 core=1
  piece of job 25 started 1790042744816 core=5
  piece of job 25 started 1790042744816 core=4
  piece of job 25 started 1790042744816 core=0
  piece of job 25 end 1790042749362 core=4
  piece of job 25 end 1790042749454 core=5
  piece of job 25 end 1790042749513 core=0
job 25_TGAMMA_12 end 1790042749514
job 26_TGAMMA_60 started 1790042749514 core=1
  piece of job 26 started 1790042749537 core=4
  piece of job 26 started 1790042749537 core=0
  piece of job 26 started 1790042749537 core=5
job 79_SUM_108 end 1790042764466
job 80_COPY_60 started 1790042764466 core=1
  piece of job 26 end 1790042772308 core=4
  piece of job 26 end 1790042772738 core=5
  piece of job 26 end 1790042772776 core=0
job 26_TGAMMA_60 end 1790042772776
job 27_TGAMMA_60 started 1790042772776 core=1
  piece of job 27 started 1790042772800 core=5
  piece of job 27 started 1790042772800 core=4
  piece of job 27 started 1790042772800 core=0
  piece of job 27 end 1790042795306 core=5
  piece of job 27 end 1790042795661 core=4
  piece of job 27 end 1790042795923 core=0
job 27_TGAMMA_60 end 1790042795930
job 28_TGAMMA_12 started 1790042795930 core=1
  piece of job 28 started 1790042795954 core=5
  piece of job 28 started 1790042795959 core=0
  piece of job 28 started 1790042795954 core=4
  piece of job 28 end 1790042800504 core=4
  piece of job 28 end 1790042800625 core=5
  piece of job 28 end 1790042800631 core=0
job 28_TGAMMA_12 end 1790042800653
job 29_TGAMMA_12 started 1790042800653 core=1
  piece of job 29 started 1790042800666 core=0
  piece of job 29 started 1790042800666 core=4
  piece of job 29 started 1790042800678 core=5
  piece of job 29 end 1790042805246 core=4
  piece of job 29 end 1790042805341 core=0
  piece of job 29 end 1790042805351 core=5
job 29_TGAMMA_12 end 1790042805356
job 30_TGAMMA_12 started 1790042805356 core=1
  piece of job 30 started 1790042805380 core=0
  piece of job 30 started 1790042805387 core=5
  piece of job 30 started 1790042805380 core=4
  piece of job 30 end 1790042809940 core=4
  piece of job 30 end 1790042810057 core=5
  piece of job 30 end 1790042810069 core=0
job 30_TGAMMA_12 end 1790042810069
job 31_TGAMMA_12 started 1790042810069 core=1
  piece of job 31 started 1790042810093 core=4
  piece of job 31 started 1790042810094 core=5
  piece of job 31 started 1790042810105 core=0
  piece of job 31 end 1790042814668 core=4
  piece of job 31 end 1790042814762 core=0
  piece of job 31 end 1790042814771 core=5
job 31_TGAMMA_12 end 1790042814774
job 32_TGAMMA_60 started 1790042814774 core=1
  piece of job 32 started 1790042814798 core=4
  piece of job 32 started 1790042814799 core=0
  piece of job 32 started 1790042814808 core=5
  piece of job 32 end 1790042837232 core=5
  piece of job 32 end 1790042837652 core=4
  piece of job 32 end 1790042837987 core=0
job 32_TGAMMA_60 end 1790042837992
job 33_TGAMMA_60 started 1790042837992 core=1
  piece of job 33 started 1790042838016 core=5
  piece of job 33 started 1790042838024 core=0
  piece of job 33 started 1790042838016 core=4
job 80_COPY_60 end 1790042853213
job 81_XPY_60 started 1790042853213 core=1
  piece of job 33 end 1790042860831 core=4
  piece of job 33 end 1790042861311 core=5
  piece of job 33 end 1790042861392 core=0
job 33_TGAMMA_60 end 1790042861392
job 34_TGAMMA_120 started 1790042861392 core=1
  piece of job 34 started 1790042861416 core=5
  piece of job 34 started 1790042861416 core=4
  piece of job 34 started 1790042861428 core=0
  piece of job 34 end 1790042906982 core=4
  piece of job 34 end 1790042907416 core=5
  piece of job 34 end 1790042907891 core=0
job 34_TGAMMA_120 end 1790042907902
job 35_TGAMMA_120 started 1790042907902 core=1
  piece of job 35 started 1790042907904 core=5
  piece of job 35 started 1790042907904 core=4
  piece of job 35 started 1790042907904 core=0
job 81_XPY_60 end 1790042949163
job 82_XPY_60 started 1790042949173 core=1
  piece of job 35 end 1790042953556 core=4
  piece of job 35 end 1790042953987 core=5
  piece of job 35 end 1790042954580 core=0
job 35_TGAMMA_120 end 1790042954581
job 36_TGAMMA_12 started 1790042954582 core=1
  piece of job 36 started 1790042954605 core=5
  piece of job 36 started 1790042954605 core=4
  piece of job 36 started 1790042954605 core=0
  piece of job 36 end 1790042959156 core=4
  piece of job 36 end 1790042959270 core=0
  piece of job 36 end 1790042959311 core=5
job 36_TGAMMA_12 end 1790042959319
job 37_TGAMMA_12 started 1790042959319 core=1
  piece of job 37 started 1790042959348 core=0
  piece of job 37 started 1790042959356 core=5
  piece of job 37 started 1790042959348 core=4
  piece of job 37 end 1790042963538 core=5
  piece of job 37 end 1790042963915 core=4
  piece of job 37 end 1790042964075 core=0
job 37_TGAMMA_12 end 1790042964076
job 38_TGAMMA_60 started 1790042964076 core=1
  piece of job 38 started 1790042964099 core=5
  piece of job 38 started 1790042964099 core=4
  piece of job 38 started 1790042964099 core=0
  piece of job 38 end 1790042986877 core=4
  piece of job 38 end 1790042986895 core=5
  piece of job 38 end 1790042987480 core=0
job 38_TGAMMA_60 end 1790042987488
job 39_TGAMMA_120 started 1790042987488 core=1
  piece of job 39 started 1790042987512 core=5
  piece of job 39 started 1790042987517 core=0
  piece of job 39 started 1790042987512 core=4
  piece of job 39 end 1790043033049 core=4
  piece of job 39 end 1790043033870 core=5
  piece of job 39 end 1790043034009 core=0
job 39_TGAMMA_120 end 1790043034019
job 40_TGAMMA_12 started 1790043034019 core=1
  piece of job 40 started 1790043034043 core=5
  piece of job 40 started 1790043034046 core=0
  piece of job 40 started 1790043034043 core=4
  piece of job 40 end 1790043038584 core=4
  piece of job 40 end 1790043038760 core=5
  piece of job 40 end 1790043038778 core=0
job 40_TGAMMA_12 end 1790043038782
job 41_TGAMMA_60 started 1790043038782 core=1
  piece of job 41 started 1790043038794 core=4
  piece of job 41 started 1790043038804 core=5
  piece of job 41 started 1790043038812 core=0
job 82_XPY_60 end 1790043046826
job 83_DOT_84 started 1790043046826 core=1
  piece of job 41 end 1790043061612 core=4
  piece of job 41 end 1790043062073 core=0
  piece of job 41 end 1790043062086 core=5
job 41_TGAMMA_60 end 1790043062088
job 42_TGAMMA_120 started 1790043062088 core=1
  piece of job 42 started 1790043062111 core=4
  piece of job 42 started 1790043062111 core=0
  piece of job 42 started 1790043062123 core=5
  piece of job 42 end 1790043107739 core=4
  piece of job 42 end 1790043108046 core=5
  piece of job 42 end 1790043108739 core=0
job 42_TGAMMA_120 end 1790043108747
job 43_TGAMMA_12 started 1790043108747 core=1
  piece of job 43 started 1790043108771 core=5
  piece of job 43 started 1790043108777 core=0
  piece of job 43 started 1790043108771 core=4
  piece of job 43 end 1790043113323 core=4
  piece of job 43 end 1790043113432 core=5
  piece of job 43 end 1790043113454 core=0
job 43_TGAMMA_12 end 1790043113455
job 44_TGAMMA_120 started 1790043113455 core=1
  piece of job 44 started 1790043113479 core=5
  piece of job 44 started 1790043113479 core=4
  piece of job 44 started 1790043113491 core=0
job 83_DOT_84 end 1790043157900
job 84_COPY_60 started 1790043157900 core=1
  piece of job 44 end 1790043159115 core=4
  piece of job 44 end 1790043159127 core=5
  piece of job 44 end 1790043160253 core=0
job 44_TGAMMA_120 end 1790043160254
job 45_TGAMMA_120 started 1790043160255 core=1
  piece of job 45 started 1790043160278 core=5
  piece of job 45 started 1790043160279 core=0
  piece of job 45 started 1790043160278 core=4
  piece of job 45 end 1790043205897 core=4
  piece of job 45 end 1790043205973 core=5
  piece of job 45 end 1790043206980 core=0
job 45_TGAMMA_120 end 1790043206999
job 46_TGAMMA_60 started 1790043206999 core=1
  piece of job 46 started 1790043207023 core=5
  piece of job 46 started 1790043207031 core=0
  piece of job 46 started 1790043207023 core=4
  piece of job 46 end 1790043229376 core=5
  piece of job 46 end 1790043229842 core=4
  piece of job 46 end 1790043230283 core=0
job 46_TGAMMA_60 end 1790043230283
job 47_TGAMMA_12 started 1790043230283 core=1
  piece of job 47 started 1790043230307 core=5
  piece of job 47 started 1790043230307 core=4
  piece of job 47 started 1790043230319 core=0
  piece of job 47 end 1790043233987 core=5
  piece of job 47 end 1790043234851 core=4
  piece of job 47 end 1790043234875 core=0
job 47_TGAMMA_12 end 1790043234880
job 48_TGAMMA_120 started 1790043234880 core=1
  piece of job 48 started 1790043234904 core=5
  piece of job 48 started 1790043234904 core=4
  piece of job 48 started 1790043234919 core=0
job 84_COPY_60 end 1790043249800
job 85_SUM_132 started 1790043249810 core=1
  piece of job 48 end 1790043280509 core=4
  piece of job 48 end 1790043280568 core=5
  piece of job 48 end 1790043281708 core=0
job 48_TGAMMA_120 end 1790043281719
job 49_TGAMMA_60 started 1790043281719 core=1
  piece of job 49 started 1790043281721 core=5
  piece of job 49 started 1790043281721 core=4
  piece of job 49 started 1790043281721 core=0
  piece of job 49 end 1790043303614 core=5
  piece of job 49 end 1790043304541 core=4
  piece of job 49 end 1790043305099 core=0
job 49_TGAMMA_60 end 1790043305099
job 50_TGAMMA_12 started 1790043305100 core=1
  piece of job 50 started 1790043305123 core=5
  piece of job 50 started 1790043305123 core=4
  piece of job 50 started 1790043305123 core=0
  piece of job 50 end 1790043308180 core=5
  piece of job 50 end 1790043309667 core=4
  piece of job 50 end 1790043309720 core=0
job 50_TGAMMA_12 end 1790043309726
job 51_TGAMMA_60 started 1790043309726 core=1
  piece of job 51 started 1790043309750 core=5
  piece of job 51 started 1790043309757 core=0
  piece of job 51 started 1790043309750 core=4
  piece of job 51 end 1790043331211 core=5
  piece of job 51 end 1790043332537 core=4
  piece of job 51 end 1790043333247 core=0
job 51_TGAMMA_60 end 1790043333257
job 52_TGAMMA_12 started 1790043333257 core=1
  piece of job 52 started 1790043333259 core=5
  piece of job 52 started 1790043333259 core=4
  piece of job 52 started 1790043333259 core=0
  piece of job 52 end 1790043337793 core=4
  piece of job 52 end 1790043337828 core=5
  piece of job 52 end 1790043337989 core=0
job 52_TGAMMA_12 end 1790043337995
job 53_TGAMMA_60 started 1790043337995 core=1
  piece of job 53 started 1790043338007 core=5
  piece of job 53 started 1790043338008 core=4
  piece of job 53 started 1790043338013 core=0
job 85_SUM_132 end 1790043339892
job 86_XPY_48 started 1790043339893 core=1
  piece of job 53 end 1790043359341 core=5
  piece of job 53 end 1790043360777 core=4
  piece of job 53 end 1790043361330 core=0
job 53_TGAMMA_60 end 1790043361339
job 54_TGAMMA_120 started 1790043361339 core=1
  piece of job 54 started 1790043361362 core=5
  piece of job 54 started 1790043361363 core=4
  piece of job 54 started 1790043361363 core=0
  piece of job 54 end 1790043406324 core=5
  piece of job 54 end 1790043407091 core=4
  piece of job 54 end 1790043407950 core=0
job 54_TGAMMA_120 end 1790043407961
job 55_TGAMMA_12 started 1790043407961 core=1
  piece of job 55 started 1790043407974 core=5
  piece of job 55 started 1790043407975 core=0
  piece of job 55 started 1790043407974 core=4
  piece of job 55 end 1790043411290 core=5
  piece of job 55 end 1790043412538 core=4
  piece of job 55 end 1790043412600 core=0
job 55_TGAMMA_12 end 1790043412609
job 56_TGAMMA_120 started 1790043412609 core=1
  piece of job 56 started 1790043412633 core=5
  piece of job 56 started 1790043412637 core=0
  piece of job 56 started 1790043412633 core=4
job 86_XPY_48 end 1790043416097
job 87_COPY_84 started 1790043416097 core=1
  piece of job 56 end 1790043458300 core=4
  piece of job 56 end 1790043458372 core=5
  piece of job 56 end 1790043459051 core=0
job 56_TGAMMA_120 end 1790043459060
job 57_TGAMMA_12 started 1790043459060 core=1
  piece of job 57 started 1790043459073 core=5
  piece of job 57 started 1790043459076 core=0
  piece of job 57 started 1790043459073 core=4
  piece of job 57 end 1790043463654 core=4
  piece of job 57 end 1790043463697 core=0
  piece of job 57 end 1790043463742 core=5
job 57_TGAMMA_12 end 1790043463750
job 58_TGAMMA_120 started 1790043463750 core=1
  piece of job 58 started 1790043463763 core=4
  piece of job 58 started 1790043463766 core=5
  piece of job 58 started 1790043463763 core=0
  piece of job 58 end 1790043509334 core=4
  piece of job 58 end 1790043510055 core=0
  piece of job 58 end 1790043510591 core=5
job 58_TGAMMA_120 end 1790043510593
job 59_TGAMMA_120 started 1790043510593 core=1
  piece of job 59 started 1790043510605 core=0
  piece of job 59 started 1790043510605 core=4
  piece of job 59 started 1790043510605 core=5
job 87_COPY_84 end 1790043544699
job 88_XPY_48 started 1790043544699 core=1
  piece of job 59 end 1790043556174 core=4
  piece of job 59 end 1790043556855 core=0
  piece of job 59 end 1790043557213 core=5
job 59_TGAMMA_120 end 1790043557218
job 60_TGAMMA_120 started 1790043557218 core=1
  piece of job 60 started 1790043557244 core=0
  piece of job 60 started 1790043557244 core=4
  piece of job 60 started 1790043557244 core=5
  piece of job 60 end 1790043602983 core=4
  piece of job 60 end 1790043603619 core=0
  piece of job 60 end 1790043603912 core=5
job 60_TGAMMA_120 end 1790043603913
job 61_TGAMMA_12 started 1790043603913 core=1
  piece of job 61 started 1790043603937 core=4
  piece of job 61 started 1790043603937 core=0
  piece of job 61 started 1790043603949 core=5
  piece of job 61 end 1790043608505 core=4
  piece of job 61 end 1790043608594 core=5
  piece of job 61 end 1790043608625 core=0
job 61_TGAMMA_12 end 1790043608625
job 62_TGAMMA_60 started 1790043608625 core=1
  piece of job 62 started 1790043608649 core=5
  piece of job 62 started 1790043608649 core=4
  piece of job 62 started 1790043608661 core=0
job 88_XPY_48 end 1790043620477
job 89_SUM_108 started 1790043620477 core=1
  piece of job 62 end 1790043631439 core=0
  piece of job 62 end 1790043631502 core=4
  piece of job 62 end 1790043631858 core=5
job 62_TGAMMA_60 end 1790043631858
job 63_TGAMMA_120 started 1790043631858 core=1
  piece of job 63 started 1790043631882 core=0
  piece of job 63 started 1790043631882 core=4
  piece of job 63 started 1790043631894 core=5
  piece of job 63 end 1790043677496 core=4
  piece of job 63 end 1790043677940 core=5
  piece of job 63 end 1790043678336 core=0
job 63_TGAMMA_120 end 1790043678337
job 64_TGAMMA_120 started 1790043678337 core=1
  piece of job 64 started 1790043678361 core=4
  piece of job 64 started 1790043678361 core=5
  piece of job 64 started 1790043678373 core=0
job 89_SUM_108 end 1790043696625
job 90_SUM_108 started 1790043696625 core=1
  piece of job 64 end 1790043723861 core=4
  piece of job 64 end 1790043724286 core=5
  piece of job 64 end 1790043725383 core=0
job 64_TGAMMA_120 end 1790043725390
job 65_TGAMMA_120 started 1790043725390 core=1
  piece of job 65 started 1790043725414 core=5
  piece of job 65 started 1790043725416 core=0
  piece of job 65 started 1790043725414 core=4
  piece of job 65 end 1790043771012 core=4
  piece of job 65 end 1790043771976 core=5
  piece of job 65 end 1790043772129 core=0
job 65_TGAMMA_120 end 1790043772138
job 66_TGAMMA_60 started 1790043772138 core=1
  piece of job 66 started 1790043772162 core=4
  piece of job 66 started 1790043772166 core=0
  piece of job 66 started 1790043772168 core=5
job 90_SUM_108 end 1790043772938
job 91_XPY_48 started 1790043772938 core=1
  piece of job 66 end 1790043794976 core=4
  piece of job 66 end 1790043795187 core=5
  piece of job 66 end 1790043795403 core=0
job 66_TGAMMA_60 end 1790043795413
job 67_TGAMMA_12 started 1790043795413 core=1
  piece of job 67 started 1790043795437 core=4
  piece of job 67 started 1790043795440 core=0
  piece of job 67 started 1790043795444 core=5
  piece of job 67 end 1790043799990 core=4
  piece of job 67 end 1790043800030 core=0
  piece of job 67 end 1790043800098 core=5
job 67_TGAMMA_12 end 1790043800099
job 68_TGAMMA_120 started 1790043800099 core=1
  piece of job 68 started 1790043800122 core=5
  piece of job 68 started 1790043800122 core=4
  piece of job 68 started 1790043800122 core=0
  piece of job 68 end 1790043845696 core=4
  piece of job 68 end 1790043846727 core=5
  piece of job 68 end 1790043846810 core=0
job 68_TGAMMA_120 end 1790043846816
job 69_TGAMMA_12 started 1790043846816 core=1
  piece of job 69 started 1790043846840 core=5
  piece of job 69 started 1790043846847 core=0
  piece of job 69 started 1790043846840 core=4
job 91_XPY_48 end 1790043847374
job 92_DOT_36 started 1790043847374 core=1
  piece of job 69 end 1790043851406 core=4
  piece of job 69 end 1790043851490 core=5
  piece of job 69 end 1790043851519 core=0
job 69_TGAMMA_12 end 1790043851527
job 70_TGAMMA_120 started 1790043851527 core=1
  piece of job 70 started 1790043851540 core=5
  piece of job 70 started 1790043851543 core=0
  piece of job 70 started 1790043851540 core=4
job 92_DOT_36 end 1790043894911
job 93_COPY_60 started 1790043894911 core=1
  piece of job 70 end 1790043897163 core=4
  piece of job 70 end 1790043897739 core=5
  piece of job 70 end 1790043898280 core=0
job 70_TGAMMA_120 end 1790043898294
job 71_TGAMMA_120 started 1790043898294 core=1
  piece of job 71 started 1790043898318 core=5
  piece of job 71 started 1790043898318 core=4
  piece of job 71 started 1790043898330 core=0
  piece of job 71 end 1790043930675 core=0
  piece of job 71 end 1790043930798 core=5
  piece of job 71 end 1790043944079 core=4
job 71_TGAMMA_120 end 1790043944080
job 72_TGAMMA_60 started 1790043944080 core=1
  piece of job 72 started 1790043944092 core=5
  piece of job 72 started 1790043944093 core=0
  piece of job 72 started 1790043944114 core=4
job 93_COPY_60 end 1790043949323
job 94_COPY_84 started 1790043949323 core=1
  piece of job 72 end 1790043955868 core=0
  piece of job 72 end 1790043955991 core=5
  piece of job 72 end 1790043966957 core=4
job 72_TGAMMA_60 end 1790043966957
job 73_TGAMMA_12 started 1790043966957 core=1
  piece of job 73 started 1790043966970 core=5
  piece of job 73 started 1790043966970 core=0
  piece of job 73 started 1790043966991 core=4
  piece of job 73 end 1790043969330 core=0
  piece of job 73 end 1790043969354 core=5
  piece of job 73 end 1790043971541 core=4
job 73_TGAMMA_12 end 1790043971542
job 74_TGAMMA_60 started 1790043971542 core=1
  piece of job 74 started 1790043971555 core=5
  piece of job 74 started 1790043971556 core=0
  piece of job 74 started 1790043971577 core=4
  piece of job 74 end 1790043983309 core=0
  piece of job 74 end 1790043983535 core=5
  piece of job 74 end 1790043993444 core=4
job 74_TGAMMA_60 end 1790043993445
job 94_COPY_84 end 1790044013080
job 95_COPY_84 started 1790044013081 core=4
job 95_COPY_84 end 1790044078575
job 96_SUM_108 started 1790044078576 core=5
job 96_SUM_108 end 1790044122155
job 97_DOT_36 started 1790044122155 core=0
job 97_DOT_36 end 1790044164491
job 98_SUM_132 started 1790044164492 core=1
job 98_SUM_132 end 1790044273389
job 99_COPY_60 started 1790044273390 core=4
job 99_COPY_60 end 1790044345349
  итерация 0: 2101039 ms
  среднее по 1 итерациям: 2101039 ms
  реальных ожиданий свободного ядра: 0  (блокировок в задачах не было)
=== Выполняется проект: ml_two_chain_24.txt (100 работ, перестановка ORDER) ===
fake 3 started 1790044345352 delay_ms=1
fake 3 end 1790044345353
fake 2 started 1790044345353 delay_ms=0
fake 2 end 1790044345353
fake 0 started 1790044345353 delay_ms=0
fake 0 end 1790044345353
fake 1 started 1790044345353 delay_ms=0
fake 1 end 1790044345353
job 0_TGAMMA_12 started 1790044345354 core=4
job 75_XPY_48 started 1790044345354 core=5
  piece of job 0 started 1790044345364 core=1
  piece of job 0 started 1790044345364 core=4
  piece of job 0 started 1790044345375 core=0
  piece of job 0 end 1790044349711 core=1
  piece of job 0 end 1790044349900 core=4
  piece of job 0 end 1790044349949 core=0
job 0_TGAMMA_12 end 1790044349950
job 1_TGAMMA_120 started 1790044349951 core=1
  piece of job 1 started 1790044349962 core=1
  piece of job 1 started 1790044349975 core=4
  piece of job 1 started 1790044349980 core=0
  piece of job 1 end 1790044395692 core=4
  piece of job 1 end 1790044396225 core=1
  piece of job 1 end 1790044396605 core=0
job 1_TGAMMA_120 end 1790044396606
job 2_TGAMMA_60 started 1790044396607 core=4
  piece of job 2 started 1790044396618 core=4
  piece of job 2 started 1790044396618 core=1
  piece of job 2 started 1790044396637 core=0
  piece of job 2 end 1790044419431 core=4
  piece of job 2 end 1790044419851 core=1
  piece of job 2 end 1790044419945 core=0
job 2_TGAMMA_60 end 1790044419945
job 3_TGAMMA_12 started 1790044419946 core=1
  piece of job 3 started 1790044419957 core=1
  piece of job 3 started 1790044419970 core=4
  piece of job 3 started 1790044419975 core=0
job 75_XPY_48 end 1790044422622
job 76_DOT_84 started 1790044422633 core=5
  piece of job 3 end 1790044424511 core=4
  piece of job 3 end 1790044424589 core=1
  piece of job 3 end 1790044424614 core=0
job 3_TGAMMA_12 end 1790044424614
job 4_TGAMMA_12 started 1790044424614 core=5
  piece of job 4 started 1790044424637 core=4
  piece of job 4 started 1790044424639 core=1
  piece of job 4 started 1790044424637 core=0
  piece of job 4 end 1790044429197 core=4
  piece of job 4 end 1790044429263 core=1
  piece of job 4 end 1790044429269 core=0
job 4_TGAMMA_12 end 1790044429279
job 5_TGAMMA_12 started 1790044429287 core=1
  piece of job 5 started 1790044429298 core=1
  piece of job 5 started 1790044429305 core=0
  piece of job 5 started 1790044429310 core=4
  piece of job 5 end 1790044433875 core=4
  piece of job 5 end 1790044433956 core=1
  piece of job 5 end 1790044434022 core=0
job 5_TGAMMA_12 end 1790044434023
job 6_TGAMMA_12 started 1790044434031 core=5
  piece of job 6 started 1790044434054 core=1
  piece of job 6 started 1790044434059 core=0
  piece of job 6 started 1790044434054 core=4
  piece of job 6 end 1790044438644 core=4
  piece of job 6 end 1790044438671 core=0
  piece of job 6 end 1790044438705 core=1
job 6_TGAMMA_12 end 1790044438716
job 7_TGAMMA_12 started 1790044438716 core=5
  piece of job 7 started 1790044438717 core=1
  piece of job 7 started 1790044438717 core=0
  piece of job 7 started 1790044438717 core=4
  piece of job 7 end 1790044443306 core=4
  piece of job 7 end 1790044443369 core=1
  piece of job 7 end 1790044443401 core=0
job 7_TGAMMA_12 end 1790044443409
job 8_TGAMMA_120 started 1790044443409 core=5
  piece of job 8 started 1790044443432 core=4
  piece of job 8 started 1790044443435 core=1
  piece of job 8 started 1790044443438 core=0
  piece of job 8 end 1790044489111 core=4
  piece of job 8 end 1790044489150 core=1
  piece of job 8 end 1790044489911 core=0
job 8_TGAMMA_120 end 1790044489927
job 9_TGAMMA_120 started 1790044489939 core=1
  piece of job 9 started 1790044489940 core=1
  piece of job 9 started 1790044489951 core=4
  piece of job 9 started 1790044489955 core=0
job 76_DOT_84 end 1790044534314
job 77_DOT_36 started 1790044534314 core=5
  piece of job 9 end 1790044535561 core=1
  piece of job 9 end 1790044535742 core=4
  piece of job 9 end 1790044536576 core=0
job 9_TGAMMA_120 end 1790044536590
job 10_TGAMMA_60 started 1790044536594 core=5
  piece of job 10 started 1790044536617 core=1
  piece of job 10 started 1790044536626 core=0
  piece of job 10 started 1790044536617 core=4
  piece of job 10 end 1790044558188 core=1
  piece of job 10 end 1790044559446 core=4
  piece of job 10 end 1790044560094 core=0
job 10_TGAMMA_60 end 1790044560094
job 11_TGAMMA_12 started 1790044560095 core=1
  piece of job 11 started 1790044560106 core=1
  piece of job 11 started 1790044560124 core=0
  piece of job 11 started 1790044560125 core=4
  piece of job 11 end 1790044564699 core=4
  piece of job 11 end 1790044564756 core=1
  piece of job 11 end 1790044564819 core=0
job 11_TGAMMA_12 end 1790044564820
job 12_TGAMMA_60 started 1790044564821 core=5
  piece of job 12 started 1790044564844 core=4
  piece of job 12 started 1790044564845 core=1
  piece of job 12 started 1790044564856 core=0
job 77_DOT_36 end 1790044582337
job 78_XPY_48 started 1790044582337 core=5
  piece of job 12 end 1790044587288 core=1
  piece of job 12 end 1790044587667 core=4
  piece of job 12 end 1790044587890 core=0
job 12_TGAMMA_60 end 1790044587897
job 13_TGAMMA_60 started 1790044587897 core=5
  piece of job 13 started 1790044587920 core=4
  piece of job 13 started 1790044587923 core=1
  piece of job 13 started 1790044587927 core=0
  piece of job 13 end 1790044610700 core=4
  piece of job 13 end 1790044610979 core=1
  piece of job 13 end 1790044611078 core=0
job 13_TGAMMA_60 end 1790044611088
job 14_TGAMMA_60 started 1790044611088 core=5
  piece of job 14 started 1790044611089 core=4
  piece of job 14 started 1790044611089 core=0
  piece of job 14 started 1790044611089 core=1
  piece of job 14 end 1790044633964 core=4
  piece of job 14 end 1790044634189 core=0
  piece of job 14 end 1790044634289 core=1
job 14_TGAMMA_60 end 1790044634297
job 15_TGAMMA_120 started 1790044634297 core=1
  piece of job 15 started 1790044634308 core=1
  piece of job 15 started 1790044634309 core=0
  piece of job 15 started 1790044634320 core=4
job 78_XPY_48 end 1790044659765
job 79_XPY_60 started 1790044659765 core=5
  piece of job 15 end 1790044680049 core=4
  piece of job 15 end 1790044680265 core=0
  piece of job 15 end 1790044681010 core=1
job 15_TGAMMA_120 end 1790044681011
job 16_TGAMMA_120 started 1790044681012 core=1
  piece of job 16 started 1790044681022 core=1
  piece of job 16 started 1790044681023 core=0
  piece of job 16 started 1790044681034 core=4
  piece of job 16 end 1790044726357 core=0
  piece of job 16 end 1790044726811 core=4
  piece of job 16 end 1790044727788 core=1
job 16_TGAMMA_120 end 1790044727790
job 17_TGAMMA_12 started 1790044727790 core=1
  piece of job 17 started 1790044727801 core=1
  piece of job 17 started 1790044727802 core=0
  piece of job 17 started 1790044727813 core=4
  piece of job 17 end 1790044732374 core=4
  piece of job 17 end 1790044732440 core=0
  piece of job 17 end 1790044732492 core=1
job 17_TGAMMA_12 end 1790044732492
job 18_TGAMMA_12 started 1790044732493 core=5
  piece of job 18 started 1790044732515 core=1
  piece of job 18 started 1790044732515 core=0
  piece of job 18 started 1790044732515 core=4
  piece of job 18 end 1790044737098 core=4
  piece of job 18 end 1790044737154 core=0
  piece of job 18 end 1790044737199 core=1
job 18_TGAMMA_12 end 1790044737205
job 19_TGAMMA_60 started 1790044737205 core=5
  piece of job 19 started 1790044737228 core=0
  piece of job 19 started 1790044737235 core=1
  piece of job 19 started 1790044737228 core=4
job 79_XPY_60 end 1790044755651
job 80_COPY_84 started 1790044755651 core=5
  piece of job 19 end 1790044760029 core=4
  piece of job 19 end 1790044760572 core=0
  piece of job 19 end 1790044760614 core=1
job 19_TGAMMA_60 end 1790044760614
job 20_TGAMMA_12 started 1790044760624 core=5
  piece of job 20 started 1790044760636 core=4
  piece of job 20 started 1790044760636 core=0
  piece of job 20 started 1790044760636 core=1
  piece of job 20 end 1790044765184 core=4
  piece of job 20 end 1790044765306 core=1
  piece of job 20 end 1790044765322 core=0
job 20_TGAMMA_12 end 1790044765332
job 21_TGAMMA_120 started 1790044765341 core=1
  piece of job 21 started 1790044765352 core=1
  piece of job 21 started 1790044765358 core=0
  piece of job 21 started 1790044765364 core=4
  piece of job 21 end 1790044809948 core=0
  piece of job 21 end 1790044811117 core=4
  piece of job 21 end 1790044811749 core=1
job 21_TGAMMA_120 end 1790044811750
job 22_TGAMMA_12 started 1790044811750 core=5
  piece of job 22 started 1790044811772 core=1
  piece of job 22 started 1790044811772 core=0
  piece of job 22 started 1790044811772 core=4
  piece of job 22 end 1790044816343 core=4
  piece of job 22 end 1790044816400 core=0
  piece of job 22 end 1790044816439 core=1
job 22_TGAMMA_12 end 1790044816439
job 23_TGAMMA_60 started 1790044816450 core=5
  piece of job 23 started 1790044816462 core=0
  piece of job 23 started 1790044816462 core=4
  piece of job 23 started 1790044816462 core=1
  piece of job 23 end 1790044838563 core=0
  piece of job 23 end 1790044839323 core=4
  piece of job 23 end 1790044839722 core=1
job 23_TGAMMA_60 end 1790044839728
job 24_TGAMMA_12 started 1790044839728 core=5
  piece of job 24 started 1790044839751 core=0
  piece of job 24 started 1790044839753 core=1
  piece of job 24 started 1790044839751 core=4
  piece of job 24 end 1790044844307 core=4
  piece of job 24 end 1790044844443 core=1
  piece of job 24 end 1790044844463 core=0
job 24_TGAMMA_12 end 1790044844465
job 25_TGAMMA_120 started 1790044844471 core=1
  piece of job 25 started 1790044844482 core=1
  piece of job 25 started 1790044844486 core=0
  piece of job 25 started 1790044844494 core=4
job 80_COPY_84 end 1790044884952
job 81_XPY_48 started 1790044884952 core=5
  piece of job 25 end 1790044890201 core=4
  piece of job 25 end 1790044890559 core=0
  piece of job 25 end 1790044890957 core=1
job 25_TGAMMA_120 end 1790044890957
job 26_TGAMMA_120 started 1790044890957 core=5
  piece of job 26 started 1790044890980 core=4
  piece of job 26 started 1790044890980 core=0
  piece of job 26 started 1790044890980 core=1
  piece of job 26 end 1790044936632 core=4
  piece of job 26 end 1790044937188 core=1
  piece of job 26 end 1790044937337 core=0
job 26_TGAMMA_120 end 1790044937345
job 27_TGAMMA_60 started 1790044937346 core=1
  piece of job 27 started 1790044937357 core=1
  piece of job 27 started 1790044937361 core=0
  piece of job 27 started 1790044937369 core=4
  piece of job 27 end 1790044960183 core=4
  piece of job 27 end 1790044960621 core=0
  piece of job 27 end 1790044960663 core=1
job 27_TGAMMA_60 end 1790044960663
job 28_TGAMMA_120 started 1790044960668 core=5
  piece of job 28 started 1790044960691 core=0
  piece of job 28 started 1790044960700 core=1
  piece of job 28 started 1790044960691 core=4
job 81_XPY_48 end 1790044961750
job 82_DOT_84 started 1790044961761 core=5
  piece of job 28 end 1790045006340 core=4
  piece of job 28 end 1790045007024 core=1
  piece of job 28 end 1790045007567 core=0
job 28_TGAMMA_120 end 1790045007578
job 29_TGAMMA_12 started 1790045007578 core=5
  piece of job 29 started 1790045007580 core=4
  piece of job 29 started 1790045007583 core=1
  piece of job 29 started 1790045007580 core=0
  piece of job 29 end 1790045012144 core=4
  piece of job 29 end 1790045012228 core=1
  piece of job 29 end 1790045012260 core=0
job 29_TGAMMA_12 end 1790045012269
job 30_TGAMMA_12 started 1790045012269 core=5
  piece of job 30 started 1790045012282 core=1
  piece of job 30 started 1790045012284 core=0
  piece of job 30 started 1790045012282 core=4
  piece of job 30 end 1790045016854 core=4
  piece of job 30 end 1790045016949 core=1
  piece of job 30 end 1790045016985 core=0
job 30_TGAMMA_12 end 1790045016986
job 31_TGAMMA_60 started 1790045016986 core=5
  piece of job 31 started 1790045017009 core=1
  piece of job 31 started 1790045017009 core=4
  piece of job 31 started 1790045017009 core=0
  piece of job 31 end 1790045039869 core=4
  piece of job 31 end 1790045040209 core=1
  piece of job 31 end 1790045040681 core=0
job 31_TGAMMA_60 end 1790045040681
job 32_TGAMMA_60 started 1790045040682 core=5
  piece of job 32 started 1790045040704 core=1
  piece of job 32 started 1790045040705 core=0
  piece of job 32 started 1790045040704 core=4
  piece of job 32 end 1790045062883 core=1
  piece of job 32 end 1790045063544 core=4
  piece of job 32 end 1790045063999 core=0
job 32_TGAMMA_60 end 1790045064009
job 33_TGAMMA_12 started 1790045064009 core=5
  piece of job 33 started 1790045064022 core=1
  piece of job 33 started 1790045064023 core=0
  piece of job 33 started 1790045064022 core=4
  piece of job 33 end 1790045068577 core=4
  piece of job 33 end 1790045068679 core=1
  piece of job 33 end 1790045068692 core=0
job 33_TGAMMA_12 end 1790045068693
job 34_TGAMMA_12 started 1790045068693 core=5
  piece of job 34 started 1790045068717 core=1
  piece of job 34 started 1790045068717 core=4
  piece of job 34 started 1790045068729 core=0
  piece of job 34 end 1790045073264 core=4
  piece of job 34 end 1790045073333 core=0
  piece of job 34 end 1790045073404 core=1
job 34_TGAMMA_12 end 1790045073408
job 35_TGAMMA_120 started 1790045073408 core=5
  piece of job 35 started 1790045073432 core=0
  piece of job 35 started 1790045073432 core=4
  piece of job 35 started 1790045073444 core=1
job 82_DOT_84 end 1790045074448
job 83_SUM_132 started 1790045074448 core=5
  piece of job 35 end 1790045117328 core=1
  piece of job 35 end 1790045119110 core=4
  piece of job 35 end 1790045120020 core=0
job 35_TGAMMA_120 end 1790045120021
job 36_TGAMMA_120 started 1790045120021 core=5
  piece of job 36 started 1790045120037 core=1
  piece of job 36 started 1790045120044 core=0
  piece of job 36 started 1790045120037 core=4
  piece of job 36 end 1790045163231 core=1
job 83_SUM_132 end 1790045164217
job 84_SUM_132 started 1790045164217 core=5
  piece of job 36 end 1790045165729 core=4
  piece of job 36 end 1790045166450 core=0
job 36_TGAMMA_120 end 1790045166461
job 37_TGAMMA_60 started 1790045166461 core=5
  piece of job 37 started 1790045166474 core=4
  piece of job 37 started 1790045166474 core=0
  piece of job 37 started 1790045166486 core=1
  piece of job 37 end 1790045189329 core=4
  piece of job 37 end 1790045189577 core=1
  piece of job 37 end 1790045189693 core=0
job 37_TGAMMA_60 end 1790045189693
job 38_TGAMMA_60 started 1790045189693 core=5
  piece of job 38 started 1790045189716 core=1
  piece of job 38 started 1790045189719 core=0
  piece of job 38 started 1790045189716 core=4
  piece of job 38 end 1790045209442 core=1
  piece of job 38 end 1790045212584 core=4
  piece of job 38 end 1790045212823 core=0
job 38_TGAMMA_60 end 1790045212823
job 39_TGAMMA_12 started 1790045212823 core=5
  piece of job 39 started 1790045212847 core=1
  piece of job 39 started 1790045212847 core=4
  piece of job 39 started 1790045212859 core=0
  piece of job 39 end 1790045217398 core=4
  piece of job 39 end 1790045217482 core=1
  piece of job 39 end 1790045217532 core=0
job 39_TGAMMA_12 end 1790045217532
job 40_TGAMMA_120 started 1790045217533 core=5
  piece of job 40 started 1790045217556 core=1
  piece of job 40 started 1790045217556 core=4
  piece of job 40 started 1790045217556 core=0
job 84_SUM_132 end 1790045255538
job 85_SUM_132 started 1790045255539 core=5
  piece of job 40 end 1790045260028 core=1
  piece of job 40 end 1790045263141 core=4
  piece of job 40 end 1790045264263 core=0
job 40_TGAMMA_120 end 1790045264265
job 41_TGAMMA_60 started 1790045264265 core=5
  piece of job 41 started 1790045264289 core=1
  piece of job 41 started 1790045264289 core=4
  piece of job 41 started 1790045264301 core=0
  piece of job 41 end 1790045282629 core=1
  piece of job 41 end 1790045287119 core=4
  piece of job 41 end 1790045287572 core=0
job 41_TGAMMA_60 end 1790045287579
job 42_TGAMMA_60 started 1790045287579 core=5
  piece of job 42 started 1790045287603 core=1
  piece of job 42 started 1790045287609 core=0
  piece of job 42 started 1790045287603 core=4
  piece of job 42 end 1790045310462 core=4
  piece of job 42 end 1790045310665 core=1
  piece of job 42 end 1790045310981 core=0
job 42_TGAMMA_60 end 1790045310986
job 43_TGAMMA_120 started 1790045310986 core=5
  piece of job 43 started 1790045311010 core=1
  piece of job 43 started 1790045311018 core=0
  piece of job 43 started 1790045311010 core=4
job 85_SUM_132 end 1790045345673
job 86_DOT_84 started 1790045345673 core=5
  piece of job 43 end 1790045351437 core=1
  piece of job 43 end 1790045356758 core=4
  piece of job 43 end 1790045357720 core=0
job 43_TGAMMA_120 end 1790045357722
job 44_TGAMMA_120 started 1790045357722 core=5
  piece of job 44 started 1790045357746 core=1
  piece of job 44 started 1790045357746 core=4
  piece of job 44 started 1790045357758 core=0
  piece of job 44 end 1790045397544 core=1
  piece of job 44 end 1790045403535 core=4
  piece of job 44 end 1790045404550 core=0
job 44_TGAMMA_120 end 1790045404552
job 45_TGAMMA_120 started 1790045404552 core=5
  piece of job 45 started 1790045404577 core=4
  piece of job 45 started 1790045404588 core=0
  piece of job 45 started 1790045404577 core=1
  piece of job 45 end 1790045443939 core=1
  piece of job 45 end 1790045450254 core=4
  piece of job 45 end 1790045451468 core=0
job 45_TGAMMA_120 end 1790045451480
job 46_TGAMMA_60 started 1790045451480 core=5
  piece of job 46 started 1790045451482 core=1
  piece of job 46 started 1790045451482 core=4
  piece of job 46 started 1790045451482 core=0
job 86_DOT_84 end 1790045458779
job 87_XPY_60 started 1790045458779 core=5
  piece of job 46 end 1790045466956 core=1
  piece of job 46 end 1790045474319 core=4
  piece of job 46 end 1790045474757 core=0
job 46_TGAMMA_60 end 1790045474766
job 47_TGAMMA_12 started 1790045474766 core=5
  piece of job 47 started 1790045474790 core=4
  piece of job 47 started 1790045474794 core=0
  piece of job 47 started 1790045474799 core=1
  piece of job 47 end 1790045479347 core=4
  piece of job 47 end 1790045479434 core=1
  piece of job 47 end 1790045479450 core=0
job 47_TGAMMA_12 end 1790045479450
job 48_TGAMMA_12 started 1790045479451 core=5
  piece of job 48 started 1790045479474 core=1
  piece of job 48 started 1790045479474 core=4
  piece of job 48 started 1790045479474 core=0
  piece of job 48 end 1790045484026 core=4
  piece of job 48 end 1790045484096 core=0
  piece of job 48 end 1790045484167 core=1
job 48_TGAMMA_12 end 1790045484177
job 49_TGAMMA_120 started 1790045484177 core=5
  piece of job 49 started 1790045484179 core=1
  piece of job 49 started 1790045484179 core=4
  piece of job 49 started 1790045484179 core=0
  piece of job 49 end 1790045523129 core=1
  piece of job 49 end 1790045529819 core=4
  piece of job 49 end 1790045530999 core=0
job 49_TGAMMA_120 end 1790045531004
job 50_TGAMMA_12 started 1790045531004 core=5
  piece of job 50 started 1790045531028 core=1
  piece of job 50 started 1790045531037 core=0
  piece of job 50 started 1790045531028 core=4
  piece of job 50 end 1790045535599 core=4
  piece of job 50 end 1790045535678 core=1
  piece of job 50 end 1790045535688 core=0
job 50_TGAMMA_12 end 1790045535688
job 51_TGAMMA_120 started 1790045535689 core=5
  piece of job 51 started 1790045535712 core=4
  piece of job 51 started 1790045535715 core=1
  piece of job 51 started 1790045535712 core=0
job 87_XPY_60 end 1790045553424
job 88_COPY_60 started 1790045553424 core=5
  piece of job 51 end 1790045574251 core=1
  piece of job 51 end 1790045581356 core=4
  piece of job 51 end 1790045582262 core=0
job 51_TGAMMA_120 end 1790045582271
job 52_TGAMMA_120 started 1790045582271 core=5
  piece of job 52 started 1790045582295 core=1
  piece of job 52 started 1790045582300 core=0
  piece of job 52 started 1790045582295 core=4
  piece of job 52 end 1790045626659 core=1
  piece of job 52 end 1790045628103 core=4
  piece of job 52 end 1790045628631 core=0
job 52_TGAMMA_120 end 1790045628640
job 53_TGAMMA_12 started 1790045628640 core=5
  piece of job 53 started 1790045628663 core=1
  piece of job 53 started 1790045628664 core=4
  piece of job 53 started 1790045628668 core=0
  piece of job 53 end 1790045631583 core=1
  piece of job 53 end 1790045633212 core=0
  piece of job 53 end 1790045633222 core=4
job 53_TGAMMA_12 end 1790045633244
job 54_TGAMMA_60 started 1790045633244 core=5
  piece of job 54 started 1790045633257 core=1
  piece of job 54 started 1790045633260 core=4
  piece of job 54 started 1790045633264 core=0
job 88_COPY_60 end 1790045646764
job 89_COPY_60 started 1790045646764 core=5
  piece of job 54 end 1790045656075 core=4
  piece of job 54 end 1790045656391 core=0
  piece of job 54 end 1790045656592 core=1
job 54_TGAMMA_60 end 1790045656601
job 55_TGAMMA_60 started 1790045656601 core=5
  piece of job 55 started 1790045656614 core=4
  piece of job 55 started 1790045656616 core=1
  piece of job 55 started 1790045656614 core=0
  piece of job 55 end 1790045678810 core=1
  piece of job 55 end 1790045679472 core=4
  piece of job 55 end 1790045679721 core=0
job 55_TGAMMA_60 end 1790045679722
job 56_TGAMMA_60 started 1790045679722 core=5
  piece of job 56 started 1790045679757 core=0
  piece of job 56 started 1790045679758 core=4
  piece of job 56 started 1790045679758 core=1
  piece of job 56 end 1790045702645 core=4
  piece of job 56 end 1790045702973 core=0
  piece of job 56 end 1790045703081 core=1
job 56_TGAMMA_60 end 1790045703092
job 57_TGAMMA_12 started 1790045703092 core=5
  piece of job 57 started 1790045703105 core=0
  piece of job 57 started 1790045703105 core=4
  piece of job 57 started 1790045703105 core=1
  piece of job 57 end 1790045707675 core=4
  piece of job 57 end 1790045707735 core=0
  piece of job 57 end 1790045707768 core=1
job 57_TGAMMA_12 end 1790045707771
job 58_TGAMMA_12 started 1790045707771 core=5
  piece of job 58 started 1790045707795 core=4
  piece of job 58 started 1790045707805 core=1
  piece of job 58 started 1790045707795 core=0
  piece of job 58 end 1790045712359 core=4
  piece of job 58 end 1790045712449 core=1
  piece of job 58 end 1790045712458 core=0
job 58_TGAMMA_12 end 1790045712458
job 59_TGAMMA_60 started 1790045712459 core=5
  piece of job 59 started 1790045712482 core=4
  piece of job 59 started 1790045712486 core=1
  piece of job 59 started 1790045712482 core=0
  piece of job 59 end 1790045735285 core=4
  piece of job 59 end 1790045735298 core=1
  piece of job 59 end 1790045735597 core=0
job 59_TGAMMA_60 end 1790045735597
job 60_TGAMMA_60 started 1790045735597 core=5
  piece of job 60 started 1790045735620 core=1
  piece of job 60 started 1790045735622 core=0
  piece of job 60 started 1790045735620 core=4
job 89_COPY_60 end 1790045740606
job 90_SUM_84 started 1790045740606 core=5
  piece of job 60 end 1790045758391 core=4
  piece of job 60 end 1790045758864 core=0
  piece of job 60 end 1790045758875 core=1
job 60_TGAMMA_60 end 1790045758881
job 61_TGAMMA_60 started 1790045758881 core=5
  piece of job 61 started 1790045758905 core=0
  piece of job 61 started 1790045758912 core=1
  piece of job 61 started 1790045758905 core=4
  piece of job 61 end 1790045781703 core=4
  piece of job 61 end 1790045781745 core=1
  piece of job 61 end 1790045782179 core=0
job 61_TGAMMA_60 end 1790045782184
job 62_TGAMMA_60 started 1790045782184 core=5
  piece of job 62 started 1790045782208 core=1
  piece of job 62 started 1790045782208 core=4
  piece of job 62 started 1790045782220 core=0
job 90_SUM_84 end 1790045799012
job 91_SUM_132 started 1790045799012 core=5
  piece of job 62 end 1790045804983 core=4
  piece of job 62 end 1790045805309 core=1
  piece of job 62 end 1790045805573 core=0
job 62_TGAMMA_60 end 1790045805579
job 63_TGAMMA_12 started 1790045805579 core=5
  piece of job 63 started 1790045805603 core=1
  piece of job 63 started 1790045805609 core=0
  piece of job 63 started 1790045805603 core=4
  piece of job 63 end 1790045810154 core=4
  piece of job 63 end 1790045810232 core=1
  piece of job 63 end 1790045810294 core=0
job 63_TGAMMA_12 end 1790045810295
job 64_TGAMMA_60 started 1790045810295 core=5
  piece of job 64 started 1790045810318 core=1
  piece of job 64 started 1790045810318 core=4
  piece of job 64 started 1790045810318 core=0
  piece of job 64 end 1790045832133 core=1
  piece of job 64 end 1790045833121 core=4
  piece of job 64 end 1790045833726 core=0
job 64_TGAMMA_60 end 1790045833728
job 65_TGAMMA_12 started 1790045833728 core=5
  piece of job 65 started 1790045833760 core=1
  piece of job 65 started 1790045833760 core=4
  piece of job 65 started 1790045833760 core=0
  piece of job 65 end 1790045838344 core=4
  piece of job 65 end 1790045838361 core=1
  piece of job 65 end 1790045838429 core=0
job 65_TGAMMA_12 end 1790045838439
job 66_TGAMMA_12 started 1790045838439 core=5
  piece of job 66 started 1790045838452 core=1
  piece of job 66 started 1790045838453 core=0
  piece of job 66 started 1790045838452 core=4
  piece of job 66 end 1790045842104 core=1
  piece of job 66 end 1790045843012 core=4
  piece of job 66 end 1790045843148 core=0
job 66_TGAMMA_12 end 1790045843148
job 67_TGAMMA_120 started 1790045843148 core=5
  piece of job 67 started 1790045843180 core=1
  piece of job 67 started 1790045843184 core=0
  piece of job 67 started 1790045843180 core=4
  piece of job 67 end 1790045888914 core=4
  piece of job 67 end 1790045889030 core=1
  piece of job 67 end 1790045889698 core=0
job 67_TGAMMA_120 end 1790045889699
job 68_TGAMMA_120 started 1790045889699 core=5
  piece of job 68 started 1790045889723 core=1
  piece of job 68 started 1790045889724 core=0
  piece of job 68 started 1790045889723 core=4
job 91_SUM_132 end 1790045890430
job 92_SUM_132 started 1790045890431 core=5
  piece of job 68 end 1790045934405 core=1
  piece of job 68 end 1790045935482 core=4
  piece of job 68 end 1790045936547 core=0
job 68_TGAMMA_120 end 1790045936549
job 69_TGAMMA_12 started 1790045936549 core=5
  piece of job 69 started 1790045936573 core=1
  piece of job 69 started 1790045936573 core=4
  piece of job 69 started 1790045936585 core=0
  piece of job 69 end 1790045941125 core=4
  piece of job 69 end 1790045941158 core=1
  piece of job 69 end 1790045941279 core=0
job 69_TGAMMA_12 end 1790045941279
job 70_TGAMMA_12 started 1790045941280 core=5
  piece of job 70 started 1790045941303 core=1
  piece of job 70 started 1790045941303 core=4
  piece of job 70 started 1790045941303 core=0
  piece of job 70 end 1790045944461 core=1
  piece of job 70 end 1790045945778 core=0
  piece of job 70 end 1790045945876 core=4
job 70_TGAMMA_12 end 1790045945877
job 71_TGAMMA_120 started 1790045945877 core=5
  piece of job 71 started 1790045945889 core=1
  piece of job 71 started 1790045945889 core=0
  piece of job 71 started 1790045945907 core=4
job 92_SUM_132 end 1790045969093
job 93_COPY_84 started 1790045969093 core=5
  piece of job 71 end 1790045970865 core=1
  piece of job 71 end 1790045970868 core=0
  piece of job 71 end 1790045974139 core=4
job 71_TGAMMA_120 end 1790045974146
job 72_TGAMMA_120 started 1790045974146 core=5
  piece of job 72 started 1790045974169 core=0
  piece of job 72 started 1790045974169 core=4
  piece of job 72 started 1790045974169 core=1
  piece of job 72 end 1790045997111 core=0
  piece of job 72 end 1790045997167 core=4
  piece of job 72 end 1790045997601 core=1
job 72_TGAMMA_120 end 1790045997605
job 73_TGAMMA_60 started 1790045997605 core=5
  piece of job 73 started 1790045997627 core=0
  piece of job 73 started 1790045997627 core=4
  piece of job 73 started 1790045997627 core=1
  piece of job 73 end 1790046009096 core=0
  piece of job 73 end 1790046009113 core=4
  piece of job 73 end 1790046009348 core=1
job 73_TGAMMA_60 end 1790046009358
job 74_TGAMMA_12 started 1790046009358 core=5
  piece of job 74 started 1790046009381 core=0
  piece of job 74 started 1790046009381 core=4
  piece of job 74 started 1790046009381 core=1
  piece of job 74 end 1790046011676 core=4
  piece of job 74 end 1790046011684 core=0
  piece of job 74 end 1790046011729 core=1
job 74_TGAMMA_12 end 1790046011730
job 93_COPY_84 end 1790046057192
job 94_XPY_48 started 1790046057192 core=0
job 94_XPY_48 end 1790046103822
job 95_XPY_48 started 1790046103822 core=1
job 95_XPY_48 end 1790046152300
job 96_SUM_84 started 1790046152300 core=4
job 96_SUM_84 end 1790046191790
job 97_COPY_60 started 1790046191790 core=5
job 97_COPY_60 end 1790046258091
job 98_DOT_36 started 1790046258092 core=0
job 98_DOT_36 end 1790046316945
job 99_COPY_60 started 1790046316945 core=1
job 99_COPY_60 end 1790046434193
  итерация 0: 2088842 ms
  среднее по 1 итерациям: 2088842 ms
  реальных ожиданий свободного ядра: 0  (блокировок в задачах не было)
=== Выполняется проект: ml_two_chain_25.txt (100 работ, перестановка ORDER) ===
fake 2 started 1790046434194 delay_ms=0
fake 2 end 1790046434194
fake 0 started 1790046434194 delay_ms=0
fake 0 end 1790046434194
fake 3 started 1790046434194 delay_ms=1
fake 1 started 1790046434194 delay_ms=0
fake 1 end 1790046434194
job 74_COPY_60 started 1790046434194 core=4
fake 3 end 1790046434195
job 0_TGAMMA_120 started 1790046434195 core=0
  piece of job 0 started 1790046434195 core=0
  piece of job 0 started 1790046434206 core=5
  piece of job 0 started 1790046434215 core=1
  piece of job 0 end 1790046470639 core=0
  piece of job 0 end 1790046480062 core=5
  piece of job 0 end 1790046481016 core=1
job 0_TGAMMA_120 end 1790046481018
job 1_TGAMMA_12 started 1790046481019 core=5
  piece of job 1 started 1790046481030 core=5
  piece of job 1 started 1790046481043 core=0
  piece of job 1 started 1790046481054 core=1
  piece of job 1 end 1790046485601 core=5
  piece of job 1 end 1790046485682 core=1
  piece of job 1 end 1790046485725 core=0
job 1_TGAMMA_12 end 1790046485727
job 2_TGAMMA_120 started 1790046485736 core=0
  piece of job 2 started 1790046485737 core=0
  piece of job 2 started 1790046485738 core=5
  piece of job 2 started 1790046485748 core=1
job 74_COPY_60 end 1790046516224
job 75_XPY_60 started 1790046516234 core=4
  piece of job 2 end 1790046523948 core=0
  piece of job 2 end 1790046531504 core=5
  piece of job 2 end 1790046532452 core=1
job 2_TGAMMA_120 end 1790046532454
job 3_TGAMMA_120 started 1790046532458 core=4
  piece of job 3 started 1790046532481 core=0
  piece of job 3 started 1790046532490 core=1
  piece of job 3 started 1790046532481 core=5
  piece of job 3 end 1790046570551 core=0
  piece of job 3 end 1790046578224 core=5
  piece of job 3 end 1790046578958 core=1
job 3_TGAMMA_120 end 1790046578968
job 4_TGAMMA_60 started 1790046578969 core=0
  piece of job 4 started 1790046578980 core=0
  piece of job 4 started 1790046578981 core=5
  piece of job 4 started 1790046578995 core=1
  piece of job 4 end 1790046601829 core=5
  piece of job 4 end 1790046602111 core=0
  piece of job 4 end 1790046602388 core=1
job 4_TGAMMA_60 end 1790046602388
job 5_TGAMMA_12 started 1790046602388 core=4
  piece of job 5 started 1790046602412 core=1
  piece of job 5 started 1790046602413 core=0
  piece of job 5 started 1790046602425 core=5
  piece of job 5 end 1790046605170 core=0
  piece of job 5 end 1790046606992 core=5
  piece of job 5 end 1790046607063 core=1
job 5_TGAMMA_12 end 1790046607068
job 6_TGAMMA_12 started 1790046607068 core=4
  piece of job 6 started 1790046607090 core=0
  piece of job 6 started 1790046607094 core=5
  piece of job 6 started 1790046607100 core=1
  piece of job 6 end 1790046609415 core=0
  piece of job 6 end 1790046611659 core=5
  piece of job 6 end 1790046611745 core=1
job 6_TGAMMA_12 end 1790046611746
job 7_TGAMMA_60 started 1790046611746 core=0
  piece of job 7 started 1790046611747 core=0
  piece of job 7 started 1790046611758 core=5
  piece of job 7 started 1790046611758 core=1
job 75_XPY_60 end 1790046612158
job 76_SUM_84 started 1790046612169 core=4
  piece of job 7 end 1790046634612 core=0
  piece of job 7 end 1790046634615 core=5
  piece of job 7 end 1790046635114 core=1
job 7_TGAMMA_60 end 1790046635115
job 8_TGAMMA_60 started 1790046635120 core=4
  piece of job 8 started 1790046635143 core=0
  piece of job 8 started 1790046635151 core=1
  piece of job 8 started 1790046635143 core=5
  piece of job 8 end 1790046657973 core=5
  piece of job 8 end 1790046658154 core=0
  piece of job 8 end 1790046658464 core=1
job 8_TGAMMA_60 end 1790046658464
job 9_TGAMMA_12 started 1790046658464 core=0
  piece of job 9 started 1790046658465 core=0
  piece of job 9 started 1790046658476 core=1
  piece of job 9 started 1790046658486 core=5
  piece of job 9 end 1790046663026 core=0
  piece of job 9 end 1790046663049 core=5
  piece of job 9 end 1790046663099 core=1
job 9_TGAMMA_12 end 1790046663100
job 10_TGAMMA_120 started 1790046663107 core=4
  piece of job 10 started 1790046663130 core=0
  piece of job 10 started 1790046663136 core=1
  piece of job 10 started 1790046663130 core=5
job 76_SUM_84 end 1790046669579
job 77_COPY_60 started 1790046669589 core=4
  piece of job 10 end 1790046708913 core=5
  piece of job 10 end 1790046709557 core=0
  piece of job 10 end 1790046709640 core=1
job 10_TGAMMA_120 end 1790046709652
job 11_TGAMMA_120 started 1790046709652 core=4
  piece of job 11 started 1790046709665 core=0
  piece of job 11 started 1790046709668 core=5
  piece of job 11 started 1790046709665 core=1
  piece of job 11 end 1790046755633 core=5
  piece of job 11 end 1790046755865 core=1
  piece of job 11 end 1790046756361 core=0
job 11_TGAMMA_120 end 1790046756364
job 12_TGAMMA_60 started 1790046756364 core=4
  piece of job 12 started 1790046756387 core=5
  piece of job 12 started 1790046756398 core=0
  piece of job 12 started 1790046756387 core=1
job 77_COPY_60 end 1790046762595
job 78_COPY_84 started 1790046762595 core=4
  piece of job 12 end 1790046779092 core=1
  piece of job 12 end 1790046779261 core=5
  piece of job 12 end 1790046779705 core=0
job 12_TGAMMA_60 end 1790046779707
job 13_TGAMMA_120 started 1790046779707 core=4
  piece of job 13 started 1790046779736 core=5
  piece of job 13 started 1790046779736 core=1
  piece of job 13 started 1790046779748 core=0
  piece of job 13 end 1790046825485 core=5
  piece of job 13 end 1790046825781 core=1
  piece of job 13 end 1790046826502 core=0
job 13_TGAMMA_120 end 1790046826504
job 14_TGAMMA_120 started 1790046826504 core=4
  piece of job 14 started 1790046826528 core=5
  piece of job 14 started 1790046826536 core=0
  piece of job 14 started 1790046826528 core=1
  piece of job 14 end 1790046872395 core=5
  piece of job 14 end 1790046873021 core=1
  piece of job 14 end 1790046873215 core=0
job 14_TGAMMA_120 end 1790046873226
job 15_TGAMMA_120 started 1790046873226 core=4
  piece of job 15 started 1790046873239 core=0
  piece of job 15 started 1790046873247 core=5
  piece of job 15 started 1790046873239 core=1
job 78_COPY_84 end 1790046892266
job 79_COPY_84 started 1790046892266 core=4
  piece of job 15 end 1790046919026 core=5
  piece of job 15 end 1790046919667 core=1
  piece of job 15 end 1790046919729 core=0
job 15_TGAMMA_120 end 1790046919730
job 16_TGAMMA_120 started 1790046919730 core=4
  piece of job 16 started 1790046919754 core=5
  piece of job 16 started 1790046919757 core=1
  piece of job 16 started 1790046919766 core=0
  piece of job 16 end 1790046965503 core=5
  piece of job 16 end 1790046966155 core=1
  piece of job 16 end 1790046966191 core=0
job 16_TGAMMA_120 end 1790046966199
job 17_TGAMMA_60 started 1790046966199 core=4
  piece of job 17 started 1790046966225 core=1
  piece of job 17 started 1790046966230 core=0
  piece of job 17 started 1790046966234 core=5
  piece of job 17 end 1790046989084 core=5
  piece of job 17 end 1790046989467 core=1
  piece of job 17 end 1790046989675 core=0
job 17_TGAMMA_60 end 1790046989676
job 18_TGAMMA_60 started 1790046989676 core=4
  piece of job 18 started 1790046989700 core=5
  piece of job 18 started 1790046989700 core=1
  piece of job 18 started 1790046989712 core=0
  piece of job 18 end 1790047012572 core=5
  piece of job 18 end 1790047012779 core=0
  piece of job 18 end 1790047012885 core=1
job 18_TGAMMA_60 end 1790047012886
job 19_TGAMMA_60 started 1790047012886 core=4
  piece of job 19 started 1790047012910 core=0
  piece of job 19 started 1790047012922 core=1
  piece of job 19 started 1790047012910 core=5
job 79_COPY_84 end 1790047021408
job 80_XPY_60 started 1790047021408 core=4
  piece of job 19 end 1790047035791 core=5
  piece of job 19 end 1790047036142 core=0
  piece of job 19 end 1790047036189 core=1
job 19_TGAMMA_60 end 1790047036196
job 20_TGAMMA_120 started 1790047036196 core=4
  piece of job 20 started 1790047036220 core=0
  piece of job 20 started 1790047036226 core=1
  piece of job 20 started 1790047036220 core=5
  piece of job 20 end 1790047082149 core=5
  piece of job 20 end 1790047082654 core=1
  piece of job 20 end 1790047082701 core=0
job 20_TGAMMA_120 end 1790047082702
job 21_TGAMMA_12 started 1790047082702 core=4
  piece of job 21 started 1790047082726 core=1
  piece of job 21 started 1790047082726 core=5
  piece of job 21 started 1790047082738 core=0
  piece of job 21 end 1790047087292 core=5
  piece of job 21 end 1790047087374 core=1
  piece of job 21 end 1790047087376 core=0
job 21_TGAMMA_12 end 1790047087377
job 22_TGAMMA_12 started 1790047087377 core=4
  piece of job 22 started 1790047087401 core=5
  piece of job 22 started 1790047087411 core=1
  piece of job 22 started 1790047087413 core=0
  piece of job 22 end 1790047091964 core=5
  piece of job 22 end 1790047092051 core=1
  piece of job 22 end 1790047092062 core=0
job 22_TGAMMA_12 end 1790047092063
job 23_TGAMMA_120 started 1790047092063 core=4
  piece of job 23 started 1790047092087 core=1
  piece of job 23 started 1790047092087 core=5
  piece of job 23 started 1790047092099 core=0
job 80_XPY_60 end 1790047117571
job 81_COPY_84 started 1790047117571 core=4
  piece of job 23 end 1790047137827 core=5
  piece of job 23 end 1790047138063 core=1
  piece of job 23 end 1790047138535 core=0
job 23_TGAMMA_120 end 1790047138535
job 24_TGAMMA_12 started 1790047138536 core=4
  piece of job 24 started 1790047138559 core=5
  piece of job 24 started 1790047138559 core=1
  piece of job 24 started 1790047138559 core=0
  piece of job 24 end 1790047143143 core=5
  piece of job 24 end 1790047143237 core=0
  piece of job 24 end 1790047143242 core=1
job 24_TGAMMA_12 end 1790047143243
job 25_TGAMMA_120 started 1790047143243 core=4
  piece of job 25 started 1790047143267 core=5
  piece of job 25 started 1790047143274 core=0
  piece of job 25 started 1790047143279 core=1
  piece of job 25 end 1790047188726 core=1
  piece of job 25 end 1790047188992 core=5
  piece of job 25 end 1790047189677 core=0
job 25_TGAMMA_120 end 1790047189695
job 26_TGAMMA_60 started 1790047189695 core=4
  piece of job 26 started 1790047189718 core=1
  piece of job 26 started 1790047189726 core=5
  piece of job 26 started 1790047189731 core=0
  piece of job 26 end 1790047212502 core=1
  piece of job 26 end 1790047212596 core=5
  piece of job 26 end 1790047213011 core=0
job 26_TGAMMA_60 end 1790047213017
job 27_TGAMMA_120 started 1790047213017 core=4
  piece of job 27 started 1790047213041 core=1
  piece of job 27 started 1790047213048 core=0
  piece of job 27 started 1790047213041 core=5
job 81_COPY_84 end 1790047245759
job 82_XPY_48 started 1790047245759 core=4
  piece of job 27 end 1790047258796 core=5
  piece of job 27 end 1790047258810 core=1
  piece of job 27 end 1790047259459 core=0
job 27_TGAMMA_120 end 1790047259480
job 28_TGAMMA_12 started 1790047259480 core=4
  piece of job 28 started 1790047259504 core=1
  piece of job 28 started 1790047259510 core=0
  piece of job 28 started 1790047259504 core=5
  piece of job 28 end 1790047264080 core=5
  piece of job 28 end 1790047264132 core=1
  piece of job 28 end 1790047264187 core=0
job 28_TGAMMA_12 end 1790047264188
job 29_TGAMMA_60 started 1790047264188 core=4
  piece of job 29 started 1790047264210 core=1
  piece of job 29 started 1790047264211 core=0
  piece of job 29 started 1790047264210 core=5
  piece of job 29 end 1790047285784 core=1
  piece of job 29 end 1790047287060 core=5
  piece of job 29 end 1790047287579 core=0
job 29_TGAMMA_60 end 1790047287586
job 30_TGAMMA_60 started 1790047287586 core=4
  piece of job 30 started 1790047287610 core=5
  piece of job 30 started 1790047287615 core=0
  piece of job 30 started 1790047287610 core=1
  piece of job 30 end 1790047310481 core=5
  piece of job 30 end 1790047310827 core=0
  piece of job 30 end 1790047310910 core=1
job 30_TGAMMA_60 end 1790047310911
job 31_TGAMMA_60 started 1790047310911 core=4
  piece of job 31 started 1790047310934 core=0
  piece of job 31 started 1790047310934 core=5
  piece of job 31 started 1790047310934 core=1
job 82_XPY_48 end 1790047321188
job 83_COPY_84 started 1790047321188 core=4
  piece of job 31 end 1790047332272 core=1
  piece of job 31 end 1790047333805 core=5
  piece of job 31 end 1790047334212 core=0
job 31_TGAMMA_60 end 1790047334213
job 32_TGAMMA_12 started 1790047334213 core=4
  piece of job 32 started 1790047334237 core=1
  piece of job 32 started 1790047334237 core=5
  piece of job 32 started 1790047334249 core=0
  piece of job 32 end 1790047338392 core=1
  piece of job 32 end 1790047338794 core=5
  piece of job 32 end 1790047338892 core=0
job 32_TGAMMA_12 end 1790047338898
job 33_TGAMMA_60 started 1790047338898 core=4
  piece of job 33 started 1790047338921 core=1
  piece of job 33 started 1790047338922 core=5
  piece of job 33 started 1790047338931 core=0
  piece of job 33 end 1790047361442 core=1
  piece of job 33 end 1790047361789 core=5
  piece of job 33 end 1790047362275 core=0
job 33_TGAMMA_60 end 1790047362275
job 34_TGAMMA_12 started 1790047362275 core=4
  piece of job 34 started 1790047362298 core=1
  piece of job 34 started 1790047362299 core=5
  piece of job 34 started 1790047362299 core=0
  piece of job 34 end 1790047366266 core=1
  piece of job 34 end 1790047366877 core=5
  piece of job 34 end 1790047366951 core=0
job 34_TGAMMA_12 end 1790047366951
job 35_TGAMMA_12 started 1790047366952 core=4
  piece of job 35 started 1790047366974 core=1
  piece of job 35 started 1790047366975 core=5
  piece of job 35 started 1790047366975 core=0
  piece of job 35 end 1790047370954 core=1
  piece of job 35 end 1790047371557 core=5
  piece of job 35 end 1790047371572 core=0
job 35_TGAMMA_12 end 1790047371572
job 36_TGAMMA_60 started 1790047371572 core=4
  piece of job 36 started 1790047371596 core=1
  piece of job 36 started 1790047371598 core=5
  piece of job 36 started 1790047371608 core=0
  piece of job 36 end 1790047394454 core=5
  piece of job 36 end 1790047394775 core=1
  piece of job 36 end 1790047394950 core=0
job 36_TGAMMA_60 end 1790047394950
job 37_TGAMMA_12 started 1790047394950 core=4
  piece of job 37 started 1790047394974 core=5
  piece of job 37 started 1790047394974 core=1
  piece of job 37 started 1790047394986 core=0
  piece of job 37 end 1790047399551 core=5
  piece of job 37 end 1790047399591 core=1
  piece of job 37 end 1790047399673 core=0
job 37_TGAMMA_12 end 1790047399675
job 38_TGAMMA_12 started 1790047399675 core=4
  piece of job 38 started 1790047399699 core=1
  piece of job 38 started 1790047399709 core=0
  piece of job 38 started 1790047399699 core=5
  piece of job 38 end 1790047404281 core=5
  piece of job 38 end 1790047404337 core=1
  piece of job 38 end 1790047404405 core=0
job 38_TGAMMA_12 end 1790047404414
job 39_TGAMMA_120 started 1790047404414 core=4
  piece of job 39 started 1790047404438 core=1
  piece of job 39 started 1790047404439 core=5
  piece of job 39 started 1790047404441 core=0
  piece of job 39 end 1790047449844 core=1
  piece of job 39 end 1790047450255 core=5
  piece of job 39 end 1790047451170 core=0
job 39_TGAMMA_120 end 1790047451171
job 40_TGAMMA_60 started 1790047451171 core=4
  piece of job 40 started 1790047451194 core=1
  piece of job 40 started 1790047451194 core=0
  piece of job 40 started 1790047451206 core=5
job 83_COPY_84 end 1790047451504
job 84_COPY_84 started 1790047451504 core=4
  piece of job 40 end 1790047471922 core=1
  piece of job 40 end 1790047474109 core=5
  piece of job 40 end 1790047474416 core=0
job 40_TGAMMA_60 end 1790047474417
job 41_TGAMMA_12 started 1790047474417 core=4
  piece of job 41 started 1790047474440 core=5
  piece of job 41 started 1790047474440 core=0
  piece of job 41 started 1790047474440 core=1
  piece of job 41 end 1790047479017 core=5
  piece of job 41 end 1790047479067 core=0
  piece of job 41 end 1790047479075 core=1
job 41_TGAMMA_12 end 1790047479088
job 42_TGAMMA_60 started 1790047479088 core=4
  piece of job 42 started 1790047479112 core=0
  piece of job 42 started 1790047479112 core=5
  piece of job 42 started 1790047479112 core=1
  piece of job 42 end 1790047499257 core=1
  piece of job 42 end 1790047502048 core=5
  piece of job 42 end 1790047502488 core=0
job 42_TGAMMA_60 end 1790047502497
job 43_TGAMMA_120 started 1790047502497 core=4
  piece of job 43 started 1790047502521 core=1
  piece of job 43 started 1790047502522 core=5
  piece of job 43 started 1790047502525 core=0
  piece of job 43 end 1790047548164 core=1
  piece of job 43 end 1790047548403 core=5
  piece of job 43 end 1790047549518 core=0
job 43_TGAMMA_120 end 1790047549529
job 44_TGAMMA_12 started 1790047549530 core=4
  piece of job 44 started 1790047549558 core=0
  piece of job 44 started 1790047549558 core=5
  piece of job 44 started 1790047549558 core=1
  piece of job 44 end 1790047554149 core=5
  piece of job 44 end 1790047554197 core=1
  piece of job 44 end 1790047554303 core=0
job 44_TGAMMA_12 end 1790047554303
job 45_TGAMMA_120 started 1790047554303 core=4
  piece of job 45 started 1790047554327 core=1
  piece of job 45 started 1790047554327 core=5
  piece of job 45 started 1790047554327 core=0
job 84_COPY_84 end 1790047581520
job 85_XPY_60 started 1790047581520 core=4
  piece of job 45 end 1790047599994 core=1
  piece of job 45 end 1790047600083 core=5
  piece of job 45 end 1790047601409 core=0
job 45_TGAMMA_120 end 1790047601409
job 46_TGAMMA_60 started 1790047601409 core=4
  piece of job 46 started 1790047601433 core=1
  piece of job 46 started 1790047601433 core=5
  piece of job 46 started 1790047601433 core=0
  piece of job 46 end 1790047623285 core=1
  piece of job 46 end 1790047624307 core=5
  piece of job 46 end 1790047624795 core=0
job 46_TGAMMA_60 end 1790047624798
job 47_TGAMMA_120 started 1790047624798 core=4
  piece of job 47 started 1790047624822 core=1
  piece of job 47 started 1790047624832 core=0
  piece of job 47 started 1790047624822 core=5
  piece of job 47 end 1790047669553 core=1
  piece of job 47 end 1790047670676 core=5
  piece of job 47 end 1790047671607 core=0
job 47_TGAMMA_120 end 1790047671609
job 48_TGAMMA_120 started 1790047671609 core=4
  piece of job 48 started 1790047671633 core=5
  piece of job 48 started 1790047671645 core=0
  piece of job 48 started 1790047671633 core=1
job 85_XPY_60 end 1790047677412
job 86_SUM_108 started 1790047677412 core=4
  piece of job 48 end 1790047715718 core=1
  piece of job 48 end 1790047717368 core=5
  piece of job 48 end 1790047718044 core=0
job 48_TGAMMA_120 end 1790047718045
job 49_TGAMMA_12 started 1790047718045 core=4
  piece of job 49 started 1790047718068 core=0
  piece of job 49 started 1790047718070 core=5
  piece of job 49 started 1790047718068 core=1
  piece of job 49 end 1790047722638 core=5
  piece of job 49 end 1790047722690 core=0
  piece of job 49 end 1790047722775 core=1
job 49_TGAMMA_12 end 1790047722790
job 50_TGAMMA_60 started 1790047722790 core=4
  piece of job 50 started 1790047722814 core=0
  piece of job 50 started 1790047722825 core=1
  piece of job 50 started 1790047722814 core=5
  piece of job 50 end 1790047745664 core=5
  piece of job 50 end 1790047745883 core=0
  piece of job 50 end 1790047746237 core=1
job 50_TGAMMA_60 end 1790047746237
job 51_TGAMMA_120 started 1790047746238 core=4
  piece of job 51 started 1790047746261 core=0
  piece of job 51 started 1790047746261 core=5
  piece of job 51 started 1790047746261 core=1
job 86_SUM_108 end 1790047752644
job 87_DOT_36 started 1790047752644 core=4
  piece of job 51 end 1790047792136 core=5
  piece of job 51 end 1790047792772 core=1
  piece of job 51 end 1790047792777 core=0
job 51_TGAMMA_120 end 1790047792788
job 52_TGAMMA_12 started 1790047792788 core=4
  piece of job 52 started 1790047792801 core=5
  piece of job 52 started 1790047792802 core=0
  piece of job 52 started 1790047792809 core=1
  piece of job 52 end 1790047797377 core=5
  piece of job 52 end 1790047797405 core=1
  piece of job 52 end 1790047797452 core=0
job 52_TGAMMA_12 end 1790047797458
job 53_TGAMMA_12 started 1790047797458 core=4
  piece of job 53 started 1790047797482 core=1
  piece of job 53 started 1790047797488 core=0
  piece of job 53 started 1790047797482 core=5
job 87_DOT_36 end 1790047801458
job 88_XPY_60 started 1790047801471 core=4
  piece of job 53 end 1790047802061 core=5
  piece of job 53 end 1790047802113 core=1
  piece of job 53 end 1790047802141 core=0
job 53_TGAMMA_12 end 1790047802152
job 54_TGAMMA_120 started 1790047802152 core=4
  piece of job 54 started 1790047802165 core=5
  piece of job 54 started 1790047802165 core=1
  piece of job 54 started 1790047802165 core=0
  piece of job 54 end 1790047842851 core=1
  piece of job 54 end 1790047843553 core=0
  piece of job 54 end 1790047847988 core=5
job 54_TGAMMA_120 end 1790047847989
job 55_TGAMMA_120 started 1790047847989 core=4
  piece of job 55 started 1790047848001 core=0
  piece of job 55 started 1790047848002 core=1
  piece of job 55 started 1790047848023 core=5
job 88_XPY_60 end 1790047866494
job 89_SUM_108 started 1790047866494 core=4
  piece of job 55 end 1790047871402 core=1
  piece of job 55 end 1790047871811 core=0
  piece of job 55 end 1790047883923 core=5
job 55_TGAMMA_120 end 1790047883924
job 56_TGAMMA_120 started 1790047883924 core=4
  piece of job 56 started 1790047883937 core=5
  piece of job 56 started 1790047883937 core=1
  piece of job 56 started 1790047883937 core=0
  piece of job 56 end 1790047906950 core=1
  piece of job 56 end 1790047907004 core=5
job 89_SUM_108 end 1790047908329
job 90_XPY_60 started 1790047908329 core=4
  piece of job 56 end 1790047930732 core=0
job 56_TGAMMA_120 end 1790047930733
job 57_TGAMMA_60 started 1790047930733 core=4
  piece of job 57 started 1790047930745 core=5
  piece of job 57 started 1790047930745 core=1
  piece of job 57 started 1790047930763 core=0
  piece of job 57 end 1790047942215 core=1
  piece of job 57 end 1790047942269 core=5
job 90_XPY_60 end 1790047950347
job 91_COPY_84 started 1790047950347 core=4
  piece of job 57 end 1790047954244 core=0
job 57_TGAMMA_60 end 1790047954245
job 58_TGAMMA_60 started 1790047954245 core=4
  piece of job 58 started 1790047954257 core=5
  piece of job 58 started 1790047954257 core=1
  piece of job 58 started 1790047954278 core=0
  piece of job 58 end 1790047965749 core=5
  piece of job 58 end 1790047965757 core=1
  piece of job 58 end 1790047977682 core=0
job 58_TGAMMA_60 end 1790047977682
job 59_TGAMMA_60 started 1790047977682 core=4
  piece of job 59 started 1790047977695 core=5
  piece of job 59 started 1790047977695 core=1
  piece of job 59 started 1790047977711 core=0
  piece of job 59 end 1790047989190 core=5
  piece of job 59 end 1790047989196 core=1
  piece of job 59 end 1790048001152 core=0
job 59_TGAMMA_60 end 1790048001152
job 60_TGAMMA_60 started 1790048001152 core=4
  piece of job 60 started 1790048001164 core=5
  piece of job 60 started 1790048001164 core=1
  piece of job 60 started 1790048001183 core=0
job 91_COPY_84 end 1790048010704
job 92_SUM_84 started 1790048010705 core=4
  piece of job 60 end 1790048012659 core=5
  piece of job 60 end 1790048012664 core=1
  piece of job 60 end 1790048022967 core=0
job 60_TGAMMA_60 end 1790048022967
job 61_TGAMMA_120 started 1790048022967 core=4
  piece of job 61 started 1790048022979 core=0
  piece of job 61 started 1790048022979 core=5
  piece of job 61 started 1790048022980 core=1
job 92_SUM_84 end 1790048039147
job 93_XPY_48 started 1790048039147 core=4
  piece of job 61 end 1790048046491 core=0
  piece of job 61 end 1790048046729 core=5
  piece of job 61 end 1790048068733 core=1
job 61_TGAMMA_120 end 1790048068733
job 62_TGAMMA_120 started 1790048068733 core=4
  piece of job 62 started 1790048068745 core=0
  piece of job 62 started 1790048068745 core=5
  piece of job 62 started 1790048068767 core=1
job 93_XPY_48 end 1790048073907
job 94_XPY_60 started 1790048073907 core=4
  piece of job 62 end 1790048092421 core=5
  piece of job 62 end 1790048092629 core=0
  piece of job 62 end 1790048114516 core=1
job 62_TGAMMA_120 end 1790048114517
job 63_TGAMMA_12 started 1790048114517 core=4
  piece of job 63 started 1790048114529 core=0
  piece of job 63 started 1790048114529 core=5
  piece of job 63 started 1790048114551 core=1
  piece of job 63 end 1790048116900 core=5
  piece of job 63 end 1790048116936 core=0
  piece of job 63 end 1790048118185 core=1
job 63_TGAMMA_12 end 1790048118192
job 64_TGAMMA_12 started 1790048118192 core=4
  piece of job 64 started 1790048118213 core=5
  piece of job 64 started 1790048118213 core=1
  piece of job 64 started 1790048118213 core=0
job 94_XPY_60 end 1790048118278
job 95_COPY_60 started 1790048118278 core=4
  piece of job 64 end 1790048120502 core=5
  piece of job 64 end 1790048120502 core=1
  piece of job 64 end 1790048120526 core=0
job 64_TGAMMA_12 end 1790048120527
job 65_TGAMMA_12 started 1790048120527 core=4
  piece of job 65 started 1790048120550 core=5
  piece of job 65 started 1790048120550 core=0
  piece of job 65 started 1790048120550 core=1
  piece of job 65 end 1790048122847 core=1
  piece of job 65 end 1790048122852 core=5
  piece of job 65 end 1790048122897 core=0
job 65_TGAMMA_12 end 1790048122898
job 66_TGAMMA_120 started 1790048122898 core=4
  piece of job 66 started 1790048122921 core=5
  piece of job 66 started 1790048122921 core=1
  piece of job 66 started 1790048122921 core=0
  piece of job 66 end 1790048145859 core=1
  piece of job 66 end 1790048145898 core=5
  piece of job 66 end 1790048146321 core=0
job 66_TGAMMA_120 end 1790048146322
job 67_TGAMMA_120 started 1790048146322 core=4
  piece of job 67 started 1790048146344 core=5
  piece of job 67 started 1790048146344 core=0
  piece of job 67 started 1790048146344 core=1
  piece of job 67 end 1790048169317 core=1
  piece of job 67 end 1790048169700 core=0
  piece of job 67 end 1790048172443 core=5
job 67_TGAMMA_120 end 1790048172444
job 68_TGAMMA_12 started 1790048172444 core=4
  piece of job 68 started 1790048172457 core=0
  piece of job 68 started 1790048172457 core=1
  piece of job 68 started 1790048172472 core=5
  piece of job 68 end 1790048174815 core=1
  piece of job 68 end 1790048174838 core=0
  piece of job 68 end 1790048177041 core=5
job 68_TGAMMA_12 end 1790048177041
job 69_TGAMMA_60 started 1790048177041 core=4
  piece of job 69 started 1790048177054 core=0
  piece of job 69 started 1790048177054 core=1
  piece of job 69 started 1790048177075 core=5
job 95_COPY_60 end 1790048180665
job 96_SUM_108 started 1790048180665 core=4
  piece of job 69 end 1790048188806 core=0
  piece of job 69 end 1790048188877 core=1
  piece of job 69 end 1790048199925 core=5
job 69_TGAMMA_60 end 1790048199926
job 70_TGAMMA_120 started 1790048199926 core=4
  piece of job 70 started 1790048199938 core=0
  piece of job 70 started 1790048199939 core=1
  piece of job 70 started 1790048199960 core=5
job 96_SUM_108 end 1790048215514
job 97_DOT_84 started 1790048215514 core=4
  piece of job 70 end 1790048223435 core=0
  piece of job 70 end 1790048223722 core=1
  piece of job 70 end 1790048245896 core=5
job 70_TGAMMA_120 end 1790048245897
job 71_TGAMMA_12 started 1790048245897 core=4
  piece of job 71 started 1790048245909 core=0
  piece of job 71 started 1790048245910 core=1
  piece of job 71 started 1790048245916 core=5
  piece of job 71 end 1790048248282 core=0
  piece of job 71 end 1790048248283 core=1
  piece of job 71 end 1790048250518 core=5
job 71_TGAMMA_12 end 1790048250519
job 72_TGAMMA_60 started 1790048250519 core=4
  piece of job 72 started 1790048250531 core=0
  piece of job 72 started 1790048250532 core=1
  piece of job 72 started 1790048250553 core=5
  piece of job 72 end 1790048262376 core=0
  piece of job 72 end 1790048262446 core=1
job 97_DOT_84 end 1790048265905
job 98_XPY_60 started 1790048265905 core=4
  piece of job 72 end 1790048273471 core=5
job 72_TGAMMA_60 end 1790048273472
job 98_XPY_60 end 1790048362894
job 73_TGAMMA_12 started 1790048362894 core=4
  piece of job 73 started 1790048362905 core=4
  piece of job 73 started 1790048362915 core=0
  piece of job 73 started 1790048362915 core=1
  piece of job 73 started 1790048362915 core=5
  piece of job 73 end 1790048365222 core=0
  piece of job 73 end 1790048365231 core=1
  piece of job 73 end 1790048366305 core=5
  piece of job 73 end 1790048366319 core=4
job 73_TGAMMA_12 end 1790048366319
job 99_XPY_48 started 1790048366328 core=5
job 99_XPY_48 end 1790048425823
  итерация 0: 1991630 ms
  среднее по 1 итерациям: 1991630 ms
  реальных ожиданий свободного ядра: 2
=== Выполняется проект: ml_two_chain_26.txt (100 работ, перестановка ORDER) ===
fake 3 started 1790048425834 delay_ms=1
fake 2 started 1790048425835 delay_ms=0
fake 2 end 1790048425835
fake 0 started 1790048425835 delay_ms=0
fake 0 end 1790048425835
fake 1 started 1790048425835 delay_ms=0
fake 1 end 1790048425835
job 74_DOT_84 started 1790048425836 core=0
fake 3 end 1790048425845
job 0_TGAMMA_12 started 1790048425846 core=1
  piece of job 0 started 1790048425846 core=1
  piece of job 0 started 1790048425858 core=4
  piece of job 0 started 1790048425860 core=5
  piece of job 0 end 1790048430432 core=5
  piece of job 0 end 1790048430450 core=1
  piece of job 0 end 1790048430496 core=4
job 0_TGAMMA_12 end 1790048430496
job 1_TGAMMA_120 started 1790048430507 core=1
  piece of job 1 started 1790048430508 core=1
  piece of job 1 started 1790048430519 core=4
  piece of job 1 started 1790048430522 core=5
  piece of job 1 end 1790048476289 core=5
  piece of job 1 end 1790048476642 core=4
  piece of job 1 end 1790048476652 core=1
job 1_TGAMMA_120 end 1790048476653
job 2_TGAMMA_60 started 1790048476653 core=5
  piece of job 2 started 1790048476664 core=5
  piece of job 2 started 1790048476666 core=4
  piece of job 2 started 1790048476672 core=1
  piece of job 2 end 1790048499543 core=5
  piece of job 2 end 1790048499603 core=1
  piece of job 2 end 1790048499904 core=4
job 2_TGAMMA_60 end 1790048499908
job 3_TGAMMA_12 started 1790048499908 core=5
  piece of job 3 started 1790048499919 core=5
  piece of job 3 started 1790048499920 core=1
  piece of job 3 started 1790048499938 core=4
  piece of job 3 end 1790048504486 core=5
  piece of job 3 end 1790048504573 core=4
  piece of job 3 end 1790048504579 core=1
job 3_TGAMMA_12 end 1790048504580
job 4_TGAMMA_120 started 1790048504590 core=1
  piece of job 4 started 1790048504591 core=1
  piece of job 4 started 1790048504605 core=5
  piece of job 4 started 1790048504609 core=4
job 74_DOT_84 end 1790048540837
job 75_COPY_84 started 1790048540845 core=0
  piece of job 4 end 1790048550422 core=5
  piece of job 4 end 1790048550739 core=1
  piece of job 4 end 1790048551180 core=4
job 4_TGAMMA_120 end 1790048551182
job 5_TGAMMA_12 started 1790048551186 core=0
  piece of job 5 started 1790048551209 core=1
  piece of job 5 started 1790048551218 core=4
  piece of job 5 started 1790048551209 core=5
  piece of job 5 end 1790048554830 core=1
  piece of job 5 end 1790048555783 core=5
  piece of job 5 end 1790048555887 core=4
job 5_TGAMMA_12 end 1790048555895
job 6_TGAMMA_60 started 1790048555895 core=0
  piece of job 6 started 1790048555918 core=5
  piece of job 6 started 1790048555921 core=1
  piece of job 6 started 1790048555924 core=4
  piece of job 6 end 1790048577797 core=1
  piece of job 6 end 1790048578801 core=5
  piece of job 6 end 1790048579225 core=4
job 6_TGAMMA_60 end 1790048579235
job 7_TGAMMA_120 started 1790048579246 core=0
  piece of job 7 started 1790048579258 core=5
  piece of job 7 started 1790048579261 core=1
  piece of job 7 started 1790048579262 core=4
  piece of job 7 end 1790048624240 core=1
  piece of job 7 end 1790048625003 core=5
  piece of job 7 end 1790048625871 core=4
job 7_TGAMMA_120 end 1790048625872
job 8_TGAMMA_120 started 1790048625872 core=1
  piece of job 8 started 1790048625883 core=1
  piece of job 8 started 1790048625895 core=5
  piece of job 8 started 1790048625895 core=4
  piece of job 8 end 1790048669914 core=1
  piece of job 8 end 1790048671634 core=5
  piece of job 8 end 1790048672594 core=4
job 8_TGAMMA_120 end 1790048672595
job 9_TGAMMA_12 started 1790048672596 core=1
  piece of job 9 started 1790048672596 core=1
  piece of job 9 started 1790048672596 core=5
  piece of job 9 started 1790048672606 core=4
job 75_COPY_84 end 1790048672956
job 76_SUM_132 started 1790048672956 core=0
  piece of job 9 end 1790048674909 core=1
  piece of job 9 end 1790048677150 core=5
  piece of job 9 end 1790048677192 core=4
job 9_TGAMMA_12 end 1790048677193
job 10_TGAMMA_60 started 1790048677204 core=0
  piece of job 10 started 1790048677216 core=5
  piece of job 10 started 1790048677218 core=1
  piece of job 10 started 1790048677216 core=4
  piece of job 10 end 1790048698215 core=1
  piece of job 10 end 1790048700063 core=5
  piece of job 10 end 1790048700239 core=4
job 10_TGAMMA_60 end 1790048700239
job 11_TGAMMA_12 started 1790048700250 core=0
  piece of job 11 started 1790048700263 core=4
  piece of job 11 started 1790048700265 core=1
  piece of job 11 started 1790048700263 core=5
  piece of job 11 end 1790048704853 core=5
  piece of job 11 end 1790048704866 core=4
  piece of job 11 end 1790048704869 core=1
job 11_TGAMMA_12 end 1790048704870
job 12_TGAMMA_12 started 1790048704880 core=0
  piece of job 12 started 1790048704892 core=5
  piece of job 12 started 1790048704902 core=4
  piece of job 12 started 1790048704892 core=1
  piece of job 12 end 1790048709442 core=5
  piece of job 12 end 1790048709489 core=4
  piece of job 12 end 1790048709538 core=1
job 12_TGAMMA_12 end 1790048709546
job 13_TGAMMA_12 started 1790048709546 core=0
  piece of job 13 started 1790048709569 core=4
  piece of job 13 started 1790048709571 core=1
  piece of job 13 started 1790048709569 core=5
  piece of job 13 end 1790048714131 core=5
  piece of job 13 end 1790048714179 core=4
  piece of job 13 end 1790048714262 core=1
job 13_TGAMMA_12 end 1790048714265
job 14_TGAMMA_120 started 1790048714273 core=1
  piece of job 14 started 1790048714274 core=1
  piece of job 14 started 1790048714285 core=5
  piece of job 14 started 1790048714285 core=4
  piece of job 14 end 1790048759221 core=1
  piece of job 14 end 1790048759932 core=5
  piece of job 14 end 1790048760315 core=4
job 14_TGAMMA_120 end 1790048760316
job 15_TGAMMA_60 started 1790048760317 core=0
  piece of job 15 started 1790048760341 core=1
  piece of job 15 started 1790048760342 core=5
  piece of job 15 started 1790048760352 core=4
job 76_SUM_132 end 1790048763221
job 77_SUM_108 started 1790048763229 core=0
  piece of job 15 end 1790048782654 core=1
  piece of job 15 end 1790048783200 core=5
  piece of job 15 end 1790048783299 core=4
job 15_TGAMMA_60 end 1790048783300
job 16_TGAMMA_60 started 1790048783300 core=0
  piece of job 16 started 1790048783324 core=5
  piece of job 16 started 1790048783336 core=4
  piece of job 16 started 1790048783324 core=1
  piece of job 16 end 1790048806161 core=5
  piece of job 16 end 1790048806337 core=4
  piece of job 16 end 1790048806649 core=1
job 16_TGAMMA_60 end 1790048806655
job 17_TGAMMA_120 started 1790048806655 core=0
  piece of job 17 started 1790048806679 core=4
  piece of job 17 started 1790048806686 core=1
  piece of job 17 started 1790048806686 core=5
job 77_SUM_108 end 1790048837250
job 78_SUM_132 started 1790048837250 core=0
  piece of job 17 end 1790048852339 core=4
  piece of job 17 end 1790048852351 core=5
  piece of job 17 end 1790048853312 core=1
job 17_TGAMMA_120 end 1790048853313
job 18_TGAMMA_60 started 1790048853313 core=0
  piece of job 18 started 1790048853337 core=4
  piece of job 18 started 1790048853337 core=5
  piece of job 18 started 1790048853349 core=1
  piece of job 18 end 1790048874720 core=4
  piece of job 18 end 1790048876172 core=5
  piece of job 18 end 1790048876617 core=1
job 18_TGAMMA_60 end 1790048876621
job 19_TGAMMA_120 started 1790048876621 core=0
  piece of job 19 started 1790048876645 core=4
  piece of job 19 started 1790048876651 core=1
  piece of job 19 started 1790048876645 core=5
  piece of job 19 end 1790048920787 core=4
  piece of job 19 end 1790048922358 core=5
  piece of job 19 end 1790048923275 core=1
job 19_TGAMMA_120 end 1790048923276
job 20_TGAMMA_12 started 1790048923276 core=0
  piece of job 20 started 1790048923300 core=4
  piece of job 20 started 1790048923300 core=5
  piece of job 20 started 1790048923312 core=1
  piece of job 20 end 1790048925882 core=4
job 78_SUM_132 end 1790048927501
job 79_COPY_60 started 1790048927501 core=0
  piece of job 20 end 1790048927877 core=5
  piece of job 20 end 1790048927924 core=1
job 20_TGAMMA_12 end 1790048927931
job 21_TGAMMA_60 started 1790048927931 core=0
  piece of job 21 started 1790048927955 core=4
  piece of job 21 started 1790048927955 core=5
  piece of job 21 started 1790048927971 core=1
  piece of job 21 end 1790048949149 core=4
  piece of job 21 end 1790048950792 core=5
  piece of job 21 end 1790048951219 core=1
job 21_TGAMMA_60 end 1790048951227
job 22_TGAMMA_120 started 1790048951227 core=0
  piece of job 22 started 1790048951251 core=4
  piece of job 22 started 1790048951256 core=1
  piece of job 22 started 1790048951251 core=5
  piece of job 22 end 1790048995639 core=4
  piece of job 22 end 1790048997078 core=5
  piece of job 22 end 1790048997737 core=1
job 22_TGAMMA_120 end 1790048997738
job 23_TGAMMA_12 started 1790048997738 core=0
  piece of job 23 started 1790048997762 core=4
  piece of job 23 started 1790048997762 core=5
  piece of job 23 started 1790048997776 core=1
  piece of job 23 end 1790049002338 core=5
  piece of job 23 end 1790049002357 core=4
  piece of job 23 end 1790049002423 core=1
job 23_TGAMMA_12 end 1790049002423
job 24_TGAMMA_12 started 1790049002423 core=0
  piece of job 24 started 1790049002447 core=4
  piece of job 24 started 1790049002447 core=5
  piece of job 24 started 1790049002459 core=1
  piece of job 24 end 1790049007032 core=5
  piece of job 24 end 1790049007062 core=1
  piece of job 24 end 1790049007134 core=4
job 24_TGAMMA_12 end 1790049007135
job 25_TGAMMA_120 started 1790049007135 core=0
  piece of job 25 started 1790049007159 core=1
  piece of job 25 started 1790049007171 core=4
  piece of job 25 started 1790049007159 core=5
job 79_COPY_60 end 1790049019730
job 80_COPY_84 started 1790049019731 core=0
  piece of job 25 end 1790049051488 core=4
  piece of job 25 end 1790049052894 core=5
  piece of job 25 end 1790049053224 core=1
job 25_TGAMMA_120 end 1790049053233
job 26_TGAMMA_60 started 1790049053233 core=0
  piece of job 26 started 1790049053257 core=4
  piece of job 26 started 1790049053261 core=1
  piece of job 26 started 1790049053257 core=5
  piece of job 26 end 1790049075036 core=4
  piece of job 26 end 1790049076120 core=5
  piece of job 26 end 1790049076146 core=1
job 26_TGAMMA_60 end 1790049076148
job 27_TGAMMA_12 started 1790049076148 core=0
  piece of job 27 started 1790049076172 core=4
  piece of job 27 started 1790049076182 core=1
  piece of job 27 started 1790049076172 core=5
  piece of job 27 end 1790049080763 core=5
  piece of job 27 end 1790049080782 core=1
  piece of job 27 end 1790049080792 core=4
job 27_TGAMMA_12 end 1790049080792
job 28_TGAMMA_60 started 1790049080793 core=0
  piece of job 28 started 1790049080816 core=4
  piece of job 28 started 1790049080816 core=5
  piece of job 28 started 1790049080828 core=1
  piece of job 28 end 1790049103049 core=4
  piece of job 28 end 1790049103693 core=5
  piece of job 28 end 1790049104019 core=1
job 28_TGAMMA_60 end 1790049104019
job 29_TGAMMA_12 started 1790049104019 core=0
  piece of job 29 started 1790049104043 core=4
  piece of job 29 started 1790049104043 core=5
  piece of job 29 started 1790049104043 core=1
  piece of job 29 end 1790049108602 core=5
  piece of job 29 end 1790049108704 core=1
  piece of job 29 end 1790049108746 core=4
job 29_TGAMMA_12 end 1790049108757
job 30_TGAMMA_120 started 1790049108757 core=0
  piece of job 30 started 1790049108770 core=1
  piece of job 30 started 1790049108770 core=4
  piece of job 30 started 1790049108782 core=5
job 80_COPY_84 end 1790049149359
job 81_COPY_84 started 1790049149359 core=0
  piece of job 30 end 1790049154536 core=5
  piece of job 30 end 1790049154670 core=4
  piece of job 30 end 1790049155248 core=1
job 30_TGAMMA_120 end 1790049155261
job 31_TGAMMA_12 started 1790049155262 core=0
  piece of job 31 started 1790049155285 core=4
  piece of job 31 started 1790049155285 core=1
  piece of job 31 started 1790049155294 core=5
  piece of job 31 end 1790049159851 core=5
  piece of job 31 end 1790049159914 core=1
  piece of job 31 end 1790049159949 core=4
job 31_TGAMMA_12 end 1790049159959
job 32_TGAMMA_60 started 1790049159959 core=0
  piece of job 32 started 1790049159983 core=1
  piece of job 32 started 1790049159986 core=4
  piece of job 32 started 1790049159983 core=5
  piece of job 32 end 1790049182838 core=5
  piece of job 32 end 1790049183210 core=4
  piece of job 32 end 1790049183272 core=1
job 32_TGAMMA_60 end 1790049183273
job 33_TGAMMA_60 started 1790049183273 core=0
  piece of job 33 started 1790049183295 core=4
  piece of job 33 started 1790049183296 core=1
  piece of job 33 started 1790049183295 core=5
  piece of job 33 end 1790049205529 core=4
  piece of job 33 end 1790049206162 core=5
  piece of job 33 end 1790049206492 core=1
job 33_TGAMMA_60 end 1790049206499
job 34_TGAMMA_60 started 1790049206499 core=0
  piece of job 34 started 1790049206523 core=4
  piece of job 34 started 1790049206529 core=1
  piece of job 34 started 1790049206523 core=5
  piece of job 34 end 1790049228990 core=4
  piece of job 34 end 1790049229423 core=5
  piece of job 34 end 1790049229510 core=1
job 34_TGAMMA_60 end 1790049229515
job 35_TGAMMA_12 started 1790049229515 core=0
  piece of job 35 started 1790049229539 core=4
  piece of job 35 started 1790049229546 core=1
  piece of job 35 started 1790049229539 core=5
  piece of job 35 end 1790049234099 core=5
  piece of job 35 end 1790049234174 core=1
  piece of job 35 end 1790049234254 core=4
job 35_TGAMMA_12 end 1790049234263
job 36_TGAMMA_120 started 1790049234263 core=0
  piece of job 36 started 1790049234276 core=5
  piece of job 36 started 1790049234277 core=4
  piece of job 36 started 1790049234276 core=1
job 81_COPY_84 end 1790049279475
job 82_SUM_84 started 1790049279475 core=0
  piece of job 36 end 1790049280074 core=5
  piece of job 36 end 1790049280406 core=1
  piece of job 36 end 1790049280596 core=4
job 36_TGAMMA_120 end 1790049280627
job 37_TGAMMA_120 started 1790049280627 core=0
  piece of job 37 started 1790049280663 core=4
  piece of job 37 started 1790049280663 core=5
  piece of job 37 started 1790049280663 core=1
  piece of job 37 end 1790049326402 core=5
  piece of job 37 end 1790049326545 core=1
  piece of job 37 end 1790049326931 core=4
job 37_TGAMMA_120 end 1790049326934
job 38_TGAMMA_12 started 1790049326934 core=0
  piece of job 38 started 1790049326958 core=5
  piece of job 38 started 1790049326968 core=4
  piece of job 38 started 1790049326958 core=1
  piece of job 38 end 1790049331536 core=5
  piece of job 38 end 1790049331540 core=4
  piece of job 38 end 1790049331577 core=1
job 38_TGAMMA_12 end 1790049331583
job 39_TGAMMA_120 started 1790049331583 core=0
  piece of job 39 started 1790049331608 core=4
  piece of job 39 started 1790049331614 core=1
  piece of job 39 started 1790049331608 core=5
job 82_SUM_84 end 1790049339047
job 83_COPY_60 started 1790049339047 core=0
  piece of job 39 end 1790049377306 core=5
  piece of job 39 end 1790049377516 core=1
  piece of job 39 end 1790049377988 core=4
job 39_TGAMMA_120 end 1790049377990
job 40_TGAMMA_120 started 1790049377990 core=0
  piece of job 40 started 1790049378013 core=1
  piece of job 40 started 1790049378022 core=5
  piece of job 40 started 1790049378025 core=4
  piece of job 40 end 1790049423784 core=1
  piece of job 40 end 1790049423802 core=5
  piece of job 40 end 1790049424668 core=4
job 40_TGAMMA_120 end 1790049424674
job 41_TGAMMA_120 started 1790049424674 core=0
  piece of job 41 started 1790049424698 core=1
  piece of job 41 started 1790049424705 core=4
  piece of job 41 started 1790049424698 core=5
job 83_COPY_60 end 1790049432728
job 84_XPY_48 started 1790049432728 core=0
  piece of job 41 end 1790049470134 core=1
  piece of job 41 end 1790049470420 core=5
  piece of job 41 end 1790049471327 core=4
job 41_TGAMMA_120 end 1790049471351
job 42_TGAMMA_60 started 1790049471351 core=0
  piece of job 42 started 1790049471364 core=5
  piece of job 42 started 1790049471365 core=4
  piece of job 42 started 1790049471364 core=1
  piece of job 42 end 1790049493076 core=1
  piece of job 42 end 1790049494261 core=5
  piece of job 42 end 1790049494652 core=4
job 42_TGAMMA_60 end 1790049494653
job 43_TGAMMA_120 started 1790049494653 core=0
  piece of job 43 started 1790049494676 core=1
  piece of job 43 started 1790049494686 core=5
  piece of job 43 started 1790049494676 core=4
job 84_XPY_48 end 1790049510397
job 85_SUM_132 started 1790049510397 core=0
  piece of job 43 end 1790049539038 core=1
  piece of job 43 end 1790049540426 core=5
  piece of job 43 end 1790049540995 core=4
job 43_TGAMMA_120 end 1790049541004
job 44_TGAMMA_60 started 1790049541004 core=0
  piece of job 44 started 1790049541028 core=1
  piece of job 44 started 1790049541032 core=4
  piece of job 44 started 1790049541028 core=5
  piece of job 44 end 1790049562270 core=1
  piece of job 44 end 1790049563863 core=5
  piece of job 44 end 1790049564158 core=4
job 44_TGAMMA_60 end 1790049564159
job 45_TGAMMA_12 started 1790049564159 core=0
  piece of job 45 started 1790049564183 core=1
  piece of job 45 started 1790049564194 core=4
  piece of job 45 started 1790049564183 core=5
  piece of job 45 end 1790049568748 core=5
  piece of job 45 end 1790049568791 core=4
  piece of job 45 end 1790049568812 core=1
job 45_TGAMMA_12 end 1790049568821
job 46_TGAMMA_120 started 1790049568821 core=0
  piece of job 46 started 1790049568834 core=4
  piece of job 46 started 1790049568835 core=1
  piece of job 46 started 1790049568834 core=5
job 85_SUM_132 end 1790049601964
job 86_DOT_84 started 1790049601964 core=0
  piece of job 46 end 1790049613074 core=1
  piece of job 46 end 1790049614597 core=5
  piece of job 46 end 1790049615085 core=4
job 46_TGAMMA_120 end 1790049615086
job 47_TGAMMA_12 started 1790049615086 core=0
  piece of job 47 started 1790049615110 core=1
  piece of job 47 started 1790049615110 core=5
  piece of job 47 started 1790049615122 core=4
  piece of job 47 end 1790049619692 core=5
  piece of job 47 end 1790049619731 core=4
  piece of job 47 end 1790049619747 core=1
job 47_TGAMMA_12 end 1790049619747
job 48_TGAMMA_12 started 1790049619747 core=0
  piece of job 48 started 1790049619771 core=4
  piece of job 48 started 1790049619771 core=5
  piece of job 48 started 1790049619771 core=1
  piece of job 48 end 1790049624362 core=5
  piece of job 48 end 1790049624428 core=1
  piece of job 48 end 1790049624456 core=4
job 48_TGAMMA_12 end 1790049624456
job 49_TGAMMA_120 started 1790049624456 core=0
  piece of job 49 started 1790049624480 core=5
  piece of job 49 started 1790049624480 core=1
  piece of job 49 started 1790049624492 core=4
  piece of job 49 end 1790049668312 core=1
  piece of job 49 end 1790049670267 core=5
  piece of job 49 end 1790049670933 core=4
job 49_TGAMMA_120 end 1790049670940
job 50_TGAMMA_12 started 1790049670940 core=0
  piece of job 50 started 1790049670965 core=5
  piece of job 50 started 1790049670970 core=4
  piece of job 50 started 1790049670965 core=1
  piece of job 50 end 1790049675552 core=5
  piece of job 50 end 1790049675618 core=1
  piece of job 50 end 1790049675635 core=4
job 50_TGAMMA_12 end 1790049675640
job 51_TGAMMA_120 started 1790049675640 core=0
  piece of job 51 started 1790049675653 core=5
  piece of job 51 started 1790049675655 core=1
  piece of job 51 started 1790049675658 core=4
job 86_DOT_84 end 1790049715494
job 87_COPY_60 started 1790049715494 core=0
  piece of job 51 end 1790049719080 core=1
  piece of job 51 end 1790049721407 core=5
  piece of job 51 end 1790049722161 core=4
job 51_TGAMMA_120 end 1790049722162
job 52_TGAMMA_120 started 1790049722162 core=0
  piece of job 52 started 1790049722186 core=1
  piece of job 52 started 1790049722186 core=5
  piece of job 52 started 1790049722198 core=4
  piece of job 52 end 1790049765820 core=1
  piece of job 52 end 1790049767861 core=5
  piece of job 52 end 1790049768718 core=4
job 52_TGAMMA_120 end 1790049768719
job 53_TGAMMA_12 started 1790049768719 core=0
  piece of job 53 started 1790049768742 core=5
  piece of job 53 started 1790049768742 core=1
  piece of job 53 started 1790049768742 core=4
  piece of job 53 end 1790049773101 core=1
  piece of job 53 end 1790049773316 core=5
  piece of job 53 end 1790049773375 core=4
job 53_TGAMMA_12 end 1790049773375
job 54_TGAMMA_60 started 1790049773375 core=0
  piece of job 54 started 1790049773398 core=1
  piece of job 54 started 1790049773399 core=5
  piece of job 54 started 1790049773411 core=4
  piece of job 54 end 1790049793712 core=1
  piece of job 54 end 1790049796269 core=5
  piece of job 54 end 1790049796604 core=4
job 54_TGAMMA_60 end 1790049796613
job 55_TGAMMA_60 started 1790049796613 core=0
  piece of job 55 started 1790049796637 core=1
  piece of job 55 started 1790049796641 core=4
  piece of job 55 started 1790049796637 core=5
job 87_COPY_60 end 1790049809013
job 88_SUM_108 started 1790049809013 core=0
  piece of job 55 end 1790049819441 core=5
  piece of job 55 end 1790049819857 core=4
  piece of job 55 end 1790049819953 core=1
job 55_TGAMMA_60 end 1790049819953
job 56_TGAMMA_60 started 1790049819953 core=0
  piece of job 56 started 1790049819977 core=4
  piece of job 56 started 1790049819977 core=5
  piece of job 56 started 1790049819996 core=1
  piece of job 56 end 1790049840935 core=1
  piece of job 56 end 1790049842817 core=5
  piece of job 56 end 1790049842945 core=4
job 56_TGAMMA_60 end 1790049842945
job 57_TGAMMA_120 started 1790049842945 core=0
  piece of job 57 started 1790049842969 core=1
  piece of job 57 started 1790049842969 core=5
  piece of job 57 started 1790049842981 core=4
job 88_SUM_108 end 1790049883487
job 89_XPY_48 started 1790049883487 core=0
  piece of job 57 end 1790049888419 core=1
  piece of job 57 end 1790049888657 core=5
  piece of job 57 end 1790049889077 core=4
job 57_TGAMMA_120 end 1790049889077
job 58_TGAMMA_60 started 1790049889078 core=0
  piece of job 58 started 1790049889101 core=5
  piece of job 58 started 1790049889101 core=1
  piece of job 58 started 1790049889101 core=4
  piece of job 58 end 1790049911665 core=1
  piece of job 58 end 1790049911959 core=5
  piece of job 58 end 1790049912317 core=4
job 58_TGAMMA_60 end 1790049912335
job 59_TGAMMA_120 started 1790049912335 core=0
  piece of job 59 started 1790049912358 core=1
  piece of job 59 started 1790049912367 core=4
  piece of job 59 started 1790049912358 core=5
  piece of job 59 end 1790049957683 core=1
  piece of job 59 end 1790049958084 core=5
  piece of job 59 end 1790049958905 core=4
job 59_TGAMMA_120 end 1790049958915
job 60_TGAMMA_120 started 1790049958915 core=0
  piece of job 60 started 1790049958939 core=1
  piece of job 60 started 1790049958942 core=5
  piece of job 60 started 1790049958942 core=4
job 89_XPY_48 end 1790049960142
job 90_SUM_132 started 1790049960143 core=0
  piece of job 60 end 1790050003961 core=1
  piece of job 60 end 1790050004632 core=5
  piece of job 60 end 1790050005031 core=4
job 60_TGAMMA_120 end 1790050005048
job 61_TGAMMA_120 started 1790050005048 core=0
  piece of job 61 started 1790050005072 core=5
  piece of job 61 started 1790050005079 core=1
  piece of job 61 started 1790050005081 core=4
job 90_SUM_132 end 1790050042946
job 91_SUM_84 started 1790050042946 core=0
  piece of job 61 end 1790050043321 core=4
  piece of job 61 end 1790050043481 core=1
  piece of job 61 end 1790050050813 core=5
job 61_TGAMMA_120 end 1790050050814
job 62_TGAMMA_60 started 1790050050814 core=0
  piece of job 62 started 1790050050826 core=4
  piece of job 62 started 1790050050826 core=1
  piece of job 62 started 1790050050839 core=5
  piece of job 62 end 1790050062497 core=4
  piece of job 62 end 1790050062640 core=1
job 91_SUM_84 end 1790050069273
job 92_SUM_132 started 1790050069273 core=0
  piece of job 62 end 1790050072735 core=5
job 62_TGAMMA_60 end 1790050072741
job 63_TGAMMA_60 started 1790050072741 core=0
  piece of job 63 started 1790050072764 core=1
  piece of job 63 started 1790050072764 core=5
  piece of job 63 started 1790050072764 core=4
  piece of job 63 end 1790050084221 core=1
  piece of job 63 end 1790050084242 core=5
  piece of job 63 end 1790050084407 core=4
job 63_TGAMMA_60 end 1790050084416
job 64_TGAMMA_12 started 1790050084416 core=0
  piece of job 64 started 1790050084428 core=1
  piece of job 64 started 1790050084428 core=5
  piece of job 64 started 1790050084428 core=4
  piece of job 64 end 1790050086717 core=1
  piece of job 64 end 1790050086731 core=5
  piece of job 64 end 1790050086755 core=4
job 64_TGAMMA_12 end 1790050086756
job 65_TGAMMA_12 started 1790050086756 core=0
  piece of job 65 started 1790050086778 core=1
  piece of job 65 started 1790050086778 core=5
  piece of job 65 started 1790050086778 core=4
  piece of job 65 end 1790050089069 core=1
  piece of job 65 end 1790050089080 core=5
  piece of job 65 end 1790050089110 core=4
job 65_TGAMMA_12 end 1790050089120
job 66_TGAMMA_60 started 1790050089120 core=0
  piece of job 66 started 1790050089132 core=1
  piece of job 66 started 1790050089132 core=5
  piece of job 66 started 1790050089132 core=4
  piece of job 66 end 1790050100580 core=1
  piece of job 66 end 1790050100608 core=5
  piece of job 66 end 1790050100761 core=4
job 66_TGAMMA_60 end 1790050100763
job 67_TGAMMA_60 started 1790050100763 core=0
  piece of job 67 started 1790050100786 core=1
  piece of job 67 started 1790050100786 core=5
  piece of job 67 started 1790050100786 core=4
  piece of job 67 end 1790050112239 core=1
  piece of job 67 end 1790050112261 core=5
  piece of job 67 end 1790050112425 core=4
job 67_TGAMMA_60 end 1790050112425
job 68_TGAMMA_60 started 1790050112425 core=0
  piece of job 68 started 1790050112448 core=1
  piece of job 68 started 1790050112448 core=5
  piece of job 68 started 1790050112448 core=4
  piece of job 68 end 1790050123902 core=1
  piece of job 68 end 1790050123929 core=5
  piece of job 68 end 1790050124085 core=4
job 68_TGAMMA_60 end 1790050124085
job 69_TGAMMA_12 started 1790050124085 core=0
  piece of job 69 started 1790050124108 core=1
  piece of job 69 started 1790050124109 core=5
  piece of job 69 started 1790050124109 core=4
  piece of job 69 end 1790050126397 core=1
  piece of job 69 end 1790050126408 core=5
  piece of job 69 end 1790050126435 core=4
job 69_TGAMMA_12 end 1790050126444
job 70_TGAMMA_60 started 1790050126444 core=0
  piece of job 70 started 1790050126467 core=1
  piece of job 70 started 1790050126467 core=5
  piece of job 70 started 1790050126467 core=4
  piece of job 70 end 1790050137918 core=1
  piece of job 70 end 1790050137947 core=5
  piece of job 70 end 1790050138098 core=4
job 70_TGAMMA_60 end 1790050138100
job 71_TGAMMA_12 started 1790050138100 core=0
  piece of job 71 started 1790050138123 core=1
  piece of job 71 started 1790050138123 core=5
  piece of job 71 started 1790050138123 core=4
  piece of job 71 end 1790050140415 core=1
  piece of job 71 end 1790050140428 core=5
  piece of job 71 end 1790050140455 core=4
job 71_TGAMMA_12 end 1790050140462
job 72_TGAMMA_12 started 1790050140462 core=0
  piece of job 72 started 1790050140491 core=1
  piece of job 72 started 1790050140491 core=5
  piece of job 72 started 1790050140491 core=4
  piece of job 72 end 1790050142781 core=1
  piece of job 72 end 1790050142793 core=5
  piece of job 72 end 1790050142822 core=4
job 72_TGAMMA_12 end 1790050142831
job 73_TGAMMA_60 started 1790050142831 core=0
  piece of job 73 started 1790050142843 core=1
  piece of job 73 started 1790050142843 core=5
  piece of job 73 started 1790050142843 core=4
job 92_SUM_132 end 1790050143986
job 93_DOT_84 started 1790050143986 core=0
  piece of job 73 end 1790050154494 core=5
  piece of job 73 end 1790050154626 core=4
  piece of job 73 end 1790050162293 core=1
job 73_TGAMMA_60 end 1790050162293
job 93_DOT_84 end 1790050203482
job 94_COPY_60 started 1790050203482 core=1
job 94_COPY_60 end 1790050260523
job 95_SUM_84 started 1790050260523 core=4
job 95_SUM_84 end 1790050291705
job 96_SUM_132 started 1790050291705 core=5
job 96_SUM_132 end 1790050343537
job 97_SUM_132 started 1790050343538 core=0
job 97_SUM_132 end 1790050434221
job 98_COPY_84 started 1790050434222 core=1
job 98_COPY_84 end 1790050535783
job 99_DOT_84 started 1790050535783 core=0
  piece of job 99 started 1790050535785 core=4
  piece of job 99 started 1790050535785 core=0
  piece of job 99 started 1790050535785 core=5
  piece of job 99 started 1790050535795 core=1
  piece of job 99 end 1790050578944 core=1
  piece of job 99 end 1790050580689 core=4
  piece of job 99 end 1790050581098 core=0
  piece of job 99 end 1790050587310 core=5
job 99_DOT_84 end 1790050587314
  итерация 0: 2161489 ms
  среднее по 1 итерациям: 2161489 ms
  реальных ожиданий свободного ядра: 0  (блокировок в задачах не было)
=== Выполняется проект: ml_two_chain_27.txt (100 работ, перестановка ORDER) ===
fake 3 started 1790050587315 delay_ms=1
fake 2 started 1790050587315 delay_ms=0
fake 2 end 1790050587315
fake 0 started 1790050587315 delay_ms=0
fake 0 end 1790050587315
fake 1 started 1790050587315 delay_ms=0
fake 1 end 1790050587315
job 71_COPY_60 started 1790050587315 core=4
fake 3 end 1790050587316
job 0_TGAMMA_60 started 1790050587316 core=0
  piece of job 0 started 1790050587316 core=0
  piece of job 0 started 1790050587336 core=5
  piece of job 0 started 1790050587339 core=1
  piece of job 0 end 1790050608943 core=0
  piece of job 0 end 1790050610119 core=1
  piece of job 0 end 1790050610475 core=5
job 0_TGAMMA_60 end 1790050610475
job 1_TGAMMA_60 started 1790050610487 core=1
  piece of job 1 started 1790050610487 core=1
  piece of job 1 started 1790050610488 core=5
  piece of job 1 started 1790050610500 core=0
  piece of job 1 end 1790050632576 core=0
  piece of job 1 end 1790050633313 core=1
  piece of job 1 end 1790050633606 core=5
job 1_TGAMMA_60 end 1790050633607
job 2_TGAMMA_12 started 1790050633608 core=0
  piece of job 2 started 1790050633619 core=0
  piece of job 2 started 1790050633632 core=1
  piece of job 2 started 1790050633637 core=5
  piece of job 2 end 1790050637334 core=0
  piece of job 2 end 1790050638198 core=1
  piece of job 2 end 1790050638247 core=5
job 2_TGAMMA_12 end 1790050638248
job 3_TGAMMA_120 started 1790050638249 core=1
  piece of job 3 started 1790050638260 core=1
  piece of job 3 started 1790050638260 core=0
  piece of job 3 started 1790050638283 core=5
job 71_COPY_60 end 1790050677042
job 72_DOT_84 started 1790050677049 core=4
  piece of job 3 end 1790050683855 core=1
  piece of job 3 end 1790050683969 core=0
  piece of job 3 end 1790050684533 core=5
job 3_TGAMMA_120 end 1790050684534
job 4_TGAMMA_12 started 1790050684545 core=1
  piece of job 4 started 1790050684545 core=1
  piece of job 4 started 1790050684546 core=0
  piece of job 4 started 1790050684546 core=5
  piece of job 4 end 1790050688968 core=5
  piece of job 4 end 1790050689106 core=1
  piece of job 4 end 1790050689140 core=0
job 4_TGAMMA_12 end 1790050689140
job 5_TGAMMA_120 started 1790050689141 core=4
  piece of job 5 started 1790050689164 core=5
  piece of job 5 started 1790050689165 core=1
  piece of job 5 started 1790050689176 core=0
  piece of job 5 end 1790050734860 core=1
  piece of job 5 end 1790050735466 core=5
  piece of job 5 end 1790050735856 core=0
job 5_TGAMMA_120 end 1790050735867
job 6_TGAMMA_12 started 1790050735868 core=1
  piece of job 6 started 1790050735879 core=1
  piece of job 6 started 1790050735880 core=5
  piece of job 6 started 1790050735880 core=0
  piece of job 6 end 1790050740200 core=5
  piece of job 6 end 1790050740454 core=1
  piece of job 6 end 1790050740587 core=0
job 6_TGAMMA_12 end 1790050740587
job 7_TGAMMA_120 started 1790050740594 core=4
  piece of job 7 started 1790050740617 core=5
  piece of job 7 started 1790050740623 core=0
  piece of job 7 started 1790050740617 core=1
  piece of job 7 end 1790050786314 core=1
  piece of job 7 end 1790050787199 core=5
  piece of job 7 end 1790050787454 core=0
job 7_TGAMMA_120 end 1790050787463
job 8_TGAMMA_60 started 1790050787463 core=4
  piece of job 8 started 1790050787486 core=5
  piece of job 8 started 1790050787489 core=1
  piece of job 8 started 1790050787491 core=0
job 72_DOT_84 end 1790050793088
job 73_COPY_60 started 1790050793096 core=4
  piece of job 8 end 1790050810316 core=1
  piece of job 8 end 1790050810721 core=0
  piece of job 8 end 1790050810845 core=5
job 8_TGAMMA_60 end 1790050810848
job 9_TGAMMA_120 started 1790050810848 core=4
  piece of job 9 started 1790050810872 core=0
  piece of job 9 started 1790050810881 core=5
  piece of job 9 started 1790050810872 core=1
  piece of job 9 end 1790050856483 core=1
  piece of job 9 end 1790050857430 core=0
  piece of job 9 end 1790050857532 core=5
job 9_TGAMMA_120 end 1790050857533
job 10_TGAMMA_60 started 1790050857533 core=4
  piece of job 10 started 1790050857557 core=0
  piece of job 10 started 1790050857557 core=1
  piece of job 10 started 1790050857569 core=5
  piece of job 10 end 1790050880313 core=1
  piece of job 10 end 1790050880780 core=0
  piece of job 10 end 1790050880901 core=5
job 10_TGAMMA_60 end 1790050880912
job 11_TGAMMA_120 started 1790050880912 core=4
  piece of job 11 started 1790050880925 core=0
  piece of job 11 started 1790050880925 core=1
  piece of job 11 started 1790050880925 core=5
job 73_COPY_60 end 1790050884817
job 74_SUM_84 started 1790050884828 core=4
  piece of job 11 end 1790050926574 core=0
  piece of job 11 end 1790050926584 core=1
  piece of job 11 end 1790050927723 core=5
job 11_TGAMMA_120 end 1790050927731
job 12_TGAMMA_12 started 1790050927731 core=4
  piece of job 12 started 1790050927759 core=1
  piece of job 12 started 1790050927763 core=5
  piece of job 12 started 1790050927759 core=0
  piece of job 12 end 1790050931267 core=0
  piece of job 12 end 1790050932314 core=1
  piece of job 12 end 1790050932366 core=5
job 12_TGAMMA_12 end 1790050932366
job 13_TGAMMA_12 started 1790050932367 core=4
  piece of job 13 started 1790050932390 core=0
  piece of job 13 started 1790050932399 core=1
  piece of job 13 started 1790050932404 core=5
  piece of job 13 end 1790050936948 core=1
  piece of job 13 end 1790050937034 core=0
  piece of job 13 end 1790050937068 core=5
job 13_TGAMMA_12 end 1790050937068
job 14_TGAMMA_120 started 1790050937068 core=4
  piece of job 14 started 1790050937092 core=0
  piece of job 14 started 1790050937092 core=1
  piece of job 14 started 1790050937104 core=5
job 74_SUM_84 end 1790050943777
job 75_SUM_108 started 1790050943778 core=4
  piece of job 14 end 1790050981990 core=0
  piece of job 14 end 1790050982702 core=1
  piece of job 14 end 1790050983992 core=5
job 14_TGAMMA_120 end 1790050983993
job 15_TGAMMA_120 started 1790050983993 core=4
  piece of job 15 started 1790050984016 core=5
  piece of job 15 started 1790050984017 core=1
  piece of job 15 started 1790050984017 core=0
job 75_SUM_108 end 1790051018582
job 76_COPY_60 started 1790051018582 core=4
  piece of job 15 end 1790051028040 core=0
  piece of job 15 end 1790051029628 core=1
  piece of job 15 end 1790051030788 core=5
job 15_TGAMMA_120 end 1790051030796
job 16_TGAMMA_12 started 1790051030796 core=4
  piece of job 16 started 1790051030819 core=0
  piece of job 16 started 1790051030826 core=5
  piece of job 16 started 1790051030819 core=1
  piece of job 16 end 1790051035390 core=1
  piece of job 16 end 1790051035443 core=0
  piece of job 16 end 1790051035478 core=5
job 16_TGAMMA_12 end 1790051035483
job 17_TGAMMA_60 started 1790051035483 core=4
  piece of job 17 started 1790051035507 core=0
  piece of job 17 started 1790051035515 core=5
  piece of job 17 started 1790051035507 core=1
  piece of job 17 end 1790051055872 core=0
  piece of job 17 end 1790051058307 core=1
  piece of job 17 end 1790051058798 core=5
job 17_TGAMMA_60 end 1790051058798
job 18_TGAMMA_120 started 1790051058798 core=4
  piece of job 18 started 1790051058822 core=0
  piece of job 18 started 1790051058822 core=1
  piece of job 18 started 1790051058834 core=5
  piece of job 18 end 1790051102825 core=0
  piece of job 18 end 1790051104459 core=1
  piece of job 18 end 1790051105614 core=5
job 18_TGAMMA_120 end 1790051105622
job 19_TGAMMA_60 started 1790051105622 core=4
  piece of job 19 started 1790051105635 core=0
  piece of job 19 started 1790051105638 core=5
  piece of job 19 started 1790051105647 core=1
job 76_COPY_60 end 1790051109965
job 77_SUM_108 started 1790051109965 core=4
  piece of job 19 end 1790051128399 core=1
  piece of job 19 end 1790051128785 core=0
  piece of job 19 end 1790051128816 core=5
job 19_TGAMMA_60 end 1790051128816
job 20_TGAMMA_60 started 1790051128816 core=4
  piece of job 20 started 1790051128841 core=0
  piece of job 20 started 1790051128841 core=1
  piece of job 20 started 1790051128853 core=5
  piece of job 20 end 1790051149222 core=0
  piece of job 20 end 1790051151639 core=1
  piece of job 20 end 1790051152048 core=5
job 20_TGAMMA_60 end 1790051152056
job 21_TGAMMA_120 started 1790051152056 core=4
  piece of job 21 started 1790051152080 core=0
  piece of job 21 started 1790051152085 core=5
  piece of job 21 started 1790051152080 core=1
job 77_SUM_108 end 1790051185482
job 78_COPY_60 started 1790051185482 core=4
  piece of job 21 end 1790051194865 core=0
  piece of job 21 end 1790051197725 core=1
  piece of job 21 end 1790051198909 core=5
job 21_TGAMMA_120 end 1790051198926
job 22_TGAMMA_60 started 1790051198926 core=4
  piece of job 22 started 1790051198949 core=0
  piece of job 22 started 1790051198960 core=5
  piece of job 22 started 1790051198949 core=1
  piece of job 22 end 1790051221756 core=1
  piece of job 22 end 1790051222278 core=5
  piece of job 22 end 1790051222292 core=0
job 22_TGAMMA_60 end 1790051222300
job 23_TGAMMA_60 started 1790051222300 core=4
  piece of job 23 started 1790051222324 core=1
  piece of job 23 started 1790051222330 core=0
  piece of job 23 started 1790051222324 core=5
  piece of job 23 end 1790051241188 core=0
  piece of job 23 end 1790051245152 core=1
  piece of job 23 end 1790051245666 core=5
job 23_TGAMMA_60 end 1790051245666
job 24_TGAMMA_120 started 1790051245666 core=4
  piece of job 24 started 1790051245690 core=0
  piece of job 24 started 1790051245690 core=1
  piece of job 24 started 1790051245690 core=5
job 78_COPY_60 end 1790051278349
job 79_XPY_60 started 1790051278359 core=4
  piece of job 24 end 1790051288025 core=0
  piece of job 24 end 1790051291338 core=1
  piece of job 24 end 1790051292320 core=5
job 24_TGAMMA_120 end 1790051292321
job 25_TGAMMA_12 started 1790051292321 core=4
  piece of job 25 started 1790051292344 core=0
  piece of job 25 started 1790051292344 core=1
  piece of job 25 started 1790051292344 core=5
  piece of job 25 end 1790051296919 core=1
  piece of job 25 end 1790051297010 core=0
  piece of job 25 end 1790051297017 core=5
job 25_TGAMMA_12 end 1790051297017
job 26_TGAMMA_120 started 1790051297018 core=4
  piece of job 26 started 1790051297041 core=5
  piece of job 26 started 1790051297046 core=0
  piece of job 26 started 1790051297047 core=1
  piece of job 26 end 1790051339303 core=0
  piece of job 26 end 1790051342731 core=1
  piece of job 26 end 1790051343705 core=5
job 26_TGAMMA_120 end 1790051343730
job 27_TGAMMA_120 started 1790051343730 core=4
  piece of job 27 started 1790051343743 core=0
  piece of job 27 started 1790051343743 core=1
  piece of job 27 started 1790051343743 core=5
job 79_XPY_60 end 1790051376421
job 80_DOT_36 started 1790051376421 core=4
  piece of job 27 end 1790051386512 core=0
  piece of job 27 end 1790051389364 core=1
  piece of job 27 end 1790051390453 core=5
job 27_TGAMMA_120 end 1790051390458
job 28_TGAMMA_60 started 1790051390458 core=4
  piece of job 28 started 1790051390482 core=0
  piece of job 28 started 1790051390490 core=5
  piece of job 28 started 1790051390482 core=1
  piece of job 28 end 1790051410291 core=0
  piece of job 28 end 1790051413328 core=1
  piece of job 28 end 1790051413911 core=5
job 28_TGAMMA_60 end 1790051413912
job 29_TGAMMA_60 started 1790051413912 core=4
  piece of job 29 started 1790051413936 core=0
  piece of job 29 started 1790051413936 core=1
  piece of job 29 started 1790051413948 core=5
job 80_DOT_36 end 1790051424542
job 81_DOT_36 started 1790051424542 core=4
  piece of job 29 end 1790051433658 core=0
  piece of job 29 end 1790051436765 core=1
  piece of job 29 end 1790051437374 core=5
job 29_TGAMMA_60 end 1790051437381
job 30_TGAMMA_12 started 1790051437381 core=4
  piece of job 30 started 1790051437405 core=0
  piece of job 30 started 1790051437411 core=5
  piece of job 30 started 1790051437405 core=1
  piece of job 30 end 1790051440885 core=0
  piece of job 30 end 1790051441986 core=1
  piece of job 30 end 1790051442074 core=5
job 30_TGAMMA_12 end 1790051442079
job 31_TGAMMA_60 started 1790051442079 core=4
  piece of job 31 started 1790051442102 core=0
  piece of job 31 started 1790051442103 core=1
  piece of job 31 started 1790051442124 core=5
  piece of job 31 end 1790051464137 core=0
  piece of job 31 end 1790051464920 core=1
  piece of job 31 end 1790051465474 core=5
job 31_TGAMMA_60 end 1790051465483
job 32_TGAMMA_60 started 1790051465483 core=4
  piece of job 32 started 1790051465496 core=0
  piece of job 32 started 1790051465498 core=5
  piece of job 32 started 1790051465496 core=1
job 81_DOT_36 end 1790051472816
job 82_XPY_48 started 1790051472816 core=4
  piece of job 32 end 1790051487139 core=0
  piece of job 32 end 1790051488260 core=1
  piece of job 32 end 1790051488807 core=5
job 32_TGAMMA_60 end 1790051488808
job 33_TGAMMA_120 started 1790051488808 core=4
  piece of job 33 started 1790051488832 core=0
  piece of job 33 started 1790051488832 core=1
  piece of job 33 started 1790051488844 core=5
  piece of job 33 end 1790051534054 core=0
  piece of job 33 end 1790051534393 core=1
  piece of job 33 end 1790051535571 core=5
job 33_TGAMMA_120 end 1790051535584
job 34_TGAMMA_12 started 1790051535585 core=4
  piece of job 34 started 1790051535608 core=0
  piece of job 34 started 1790051535608 core=1
  piece of job 34 started 1790051535608 core=5
  piece of job 34 end 1790051540169 core=1
  piece of job 34 end 1790051540251 core=0
  piece of job 34 end 1790051540261 core=5
job 34_TGAMMA_12 end 1790051540261
job 35_TGAMMA_120 started 1790051540261 core=4
  piece of job 35 started 1790051540285 core=1
  piece of job 35 started 1790051540286 core=5
  piece of job 35 started 1790051540288 core=0
job 82_XPY_48 end 1790051550685
job 83_XPY_60 started 1790051550685 core=4
  piece of job 35 end 1790051585571 core=0
  piece of job 35 end 1790051585878 core=1
  piece of job 35 end 1790051586900 core=5
job 35_TGAMMA_120 end 1790051586925
job 36_TGAMMA_12 started 1790051586925 core=4
  piece of job 36 started 1790051586927 core=0
  piece of job 36 started 1790051586927 core=1
  piece of job 36 started 1790051586931 core=5
  piece of job 36 end 1790051591473 core=1
  piece of job 36 end 1790051591602 core=5
  piece of job 36 end 1790051591645 core=0
job 36_TGAMMA_12 end 1790051591645
job 37_TGAMMA_60 started 1790051591645 core=4
  piece of job 37 started 1790051591668 core=1
  piece of job 37 started 1790051591668 core=5
  piece of job 37 started 1790051591668 core=0
  piece of job 37 end 1790051613284 core=0
  piece of job 37 end 1790051614476 core=1
  piece of job 37 end 1790051615169 core=5
job 37_TGAMMA_60 end 1790051615172
job 38_TGAMMA_120 started 1790051615172 core=4
  piece of job 38 started 1790051615196 core=0
  piece of job 38 started 1790051615206 core=5
  piece of job 38 started 1790051615196 core=1
job 83_XPY_60 end 1790051644507
job 84_SUM_108 started 1790051644507 core=4
  piece of job 38 end 1790051659858 core=0
  piece of job 38 end 1790051660843 core=1
  piece of job 38 end 1790051661942 core=5
job 38_TGAMMA_120 end 1790051661948
job 39_TGAMMA_60 started 1790051661948 core=4
  piece of job 39 started 1790051661972 core=0
  piece of job 39 started 1790051661972 core=1
  piece of job 39 started 1790051661987 core=5
  piece of job 39 end 1790051682820 core=0
  piece of job 39 end 1790051684705 core=1
  piece of job 39 end 1790051685422 core=5
job 39_TGAMMA_60 end 1790051685433
job 40_TGAMMA_12 started 1790051685433 core=4
  piece of job 40 started 1790051685446 core=0
  piece of job 40 started 1790051685446 core=1
  piece of job 40 started 1790051685446 core=5
  piece of job 40 end 1790051689246 core=0
  piece of job 40 end 1790051690015 core=1
  piece of job 40 end 1790051690122 core=5
job 40_TGAMMA_12 end 1790051690132
job 41_TGAMMA_60 started 1790051690132 core=4
  piece of job 41 started 1790051690144 core=0
  piece of job 41 started 1790051690145 core=5
  piece of job 41 started 1790051690146 core=1
  piece of job 41 end 1790051711910 core=0
  piece of job 41 end 1790051712937 core=1
  piece of job 41 end 1790051713556 core=5
job 41_TGAMMA_60 end 1790051713562
job 42_TGAMMA_60 started 1790051713562 core=4
  piece of job 42 started 1790051713585 core=0
  piece of job 42 started 1790051713586 core=1
  piece of job 42 started 1790051713593 core=5
job 84_SUM_108 end 1790051718809
job 85_DOT_36 started 1790051718809 core=4
  piece of job 42 end 1790051735688 core=0
  piece of job 42 end 1790051736436 core=1
  piece of job 42 end 1790051736831 core=5
job 42_TGAMMA_60 end 1790051736834
job 43_TGAMMA_60 started 1790051736834 core=4
  piece of job 43 started 1790051736857 core=0
  piece of job 43 started 1790051736858 core=1
  piece of job 43 started 1790051736866 core=5
  piece of job 43 end 1790051758933 core=0
  piece of job 43 end 1790051759680 core=1
  piece of job 43 end 1790051760023 core=5
job 43_TGAMMA_60 end 1790051760030
job 44_TGAMMA_60 started 1790051760030 core=4
  piece of job 44 started 1790051760054 core=0
  piece of job 44 started 1790051760059 core=5
  piece of job 44 started 1790051760054 core=1
job 85_DOT_36 end 1790051767412
job 86_DOT_84 started 1790051767412 core=4
  piece of job 44 end 1790051782854 core=1
  piece of job 44 end 1790051783269 core=5
  piece of job 44 end 1790051783396 core=0
job 44_TGAMMA_60 end 1790051783404
job 45_TGAMMA_60 started 1790051783404 core=4
  piece of job 45 started 1790051783427 core=0
  piece of job 45 started 1790051783428 core=1
  piece of job 45 started 1790051783438 core=5
  piece of job 45 end 1790051805758 core=0
  piece of job 45 end 1790051806253 core=1
  piece of job 45 end 1790051806739 core=5
job 45_TGAMMA_60 end 1790051806744
job 46_TGAMMA_120 started 1790051806744 core=4
  piece of job 46 started 1790051806767 core=0
  piece of job 46 started 1790051806768 core=1
  piece of job 46 started 1790051806776 core=5
  piece of job 46 end 1790051852441 core=0
  piece of job 46 end 1790051852499 core=1
  piece of job 46 end 1790051853636 core=5
job 46_TGAMMA_120 end 1790051853660
job 47_TGAMMA_60 started 1790051853660 core=4
  piece of job 47 started 1790051853672 core=0
  piece of job 47 started 1790051853673 core=1
  piece of job 47 started 1790051853690 core=5
  piece of job 47 end 1790051876103 core=0
  piece of job 47 end 1790051876515 core=1
  piece of job 47 end 1790051876958 core=5
job 47_TGAMMA_60 end 1790051876959
job 48_TGAMMA_60 started 1790051876959 core=4
  piece of job 48 started 1790051876981 core=0
  piece of job 48 started 1790051876982 core=1
  piece of job 48 started 1790051876982 core=5
job 86_DOT_84 end 1790051879053
job 87_COPY_60 started 1790051879053 core=4
  piece of job 48 end 1790051899420 core=0
  piece of job 48 end 1790051899781 core=1
  piece of job 48 end 1790051900078 core=5
job 48_TGAMMA_60 end 1790051900078
job 49_TGAMMA_60 started 1790051900078 core=4
  piece of job 49 started 1790051900102 core=0
  piece of job 49 started 1790051900102 core=1
  piece of job 49 started 1790051900102 core=5
  piece of job 49 end 1790051922858 core=1
  piece of job 49 end 1790051923235 core=5
  piece of job 49 end 1790051923436 core=0
job 49_TGAMMA_60 end 1790051923444
job 50_TGAMMA_60 started 1790051923444 core=4
  piece of job 50 started 1790051923468 core=1
  piece of job 50 started 1790051923472 core=0
  piece of job 50 started 1790051923468 core=5
  piece of job 50 end 1790051946311 core=1
  piece of job 50 end 1790051946545 core=5
  piece of job 50 end 1790051946756 core=0
job 50_TGAMMA_60 end 1790051946767
job 51_TGAMMA_60 started 1790051946767 core=4
  piece of job 51 started 1790051946780 core=0
  piece of job 51 started 1790051946782 core=1
  piece of job 51 started 1790051946780 core=5
  piece of job 51 end 1790051969534 core=1
  piece of job 51 end 1790051969935 core=5
  piece of job 51 end 1790051970217 core=0
job 51_TGAMMA_60 end 1790051970224
job 52_TGAMMA_120 started 1790051970224 core=4
  piece of job 52 started 1790051970248 core=1
  piece of job 52 started 1790051970254 core=0
  piece of job 52 started 1790051970248 core=5
job 87_COPY_60 end 1790051974652
job 88_COPY_60 started 1790051974652 core=4
  piece of job 52 end 1790052015661 core=5
  piece of job 52 end 1790052015825 core=1
  piece of job 52 end 1790052016852 core=0
job 52_TGAMMA_120 end 1790052016857
job 53_TGAMMA_60 started 1790052016857 core=4
  piece of job 53 started 1790052016880 core=5
  piece of job 53 started 1790052016890 core=0
  piece of job 53 started 1790052016880 core=1
  piece of job 53 end 1790052039688 core=1
  piece of job 53 end 1790052040053 core=0
  piece of job 53 end 1790052040138 core=5
job 53_TGAMMA_60 end 1790052040147
job 54_TGAMMA_120 started 1790052040147 core=4
  piece of job 54 started 1790052040160 core=0
  piece of job 54 started 1790052040161 core=5
  piece of job 54 started 1790052040160 core=1
job 88_COPY_60 end 1790052065258
job 89_XPY_60 started 1790052065258 core=4
  piece of job 54 end 1790052085343 core=5
  piece of job 54 end 1790052085778 core=1
  piece of job 54 end 1790052086379 core=0
job 54_TGAMMA_120 end 1790052086392
job 55_TGAMMA_60 started 1790052086393 core=4
  piece of job 55 started 1790052086416 core=0
  piece of job 55 started 1790052086416 core=1
  piece of job 55 started 1790052086416 core=5
  piece of job 55 end 1790052109203 core=1
  piece of job 55 end 1790052109637 core=0
  piece of job 55 end 1790052109795 core=5
job 55_TGAMMA_60 end 1790052109795
job 56_TGAMMA_12 started 1790052109796 core=4
  piece of job 56 started 1790052109819 core=0
  piece of job 56 started 1790052109819 core=5
  piece of job 56 started 1790052109831 core=1
  piece of job 56 end 1790052114360 core=1
  piece of job 56 end 1790052114463 core=5
  piece of job 56 end 1790052114492 core=0
job 56_TGAMMA_12 end 1790052114493
job 57_TGAMMA_12 started 1790052114493 core=4
  piece of job 57 started 1790052114516 core=1
  piece of job 57 started 1790052114516 core=5
  piece of job 57 started 1790052114516 core=0
  piece of job 57 end 1790052119059 core=1
  piece of job 57 end 1790052119166 core=5
  piece of job 57 end 1790052119192 core=0
job 57_TGAMMA_12 end 1790052119197
job 58_TGAMMA_120 started 1790052119197 core=4
  piece of job 58 started 1790052119221 core=1
  piece of job 58 started 1790052119229 core=0
  piece of job 58 started 1790052119221 core=5
job 89_XPY_60 end 1790052160064
job 90_DOT_84 started 1790052160064 core=4
  piece of job 58 end 1790052164538 core=5
  piece of job 58 end 1790052164799 core=1
  piece of job 58 end 1790052165698 core=0
job 58_TGAMMA_120 end 1790052165698
job 59_TGAMMA_12 started 1790052165698 core=4
  piece of job 59 started 1790052165722 core=0
  piece of job 59 started 1790052165722 core=5
  piece of job 59 started 1790052165722 core=1
  piece of job 59 end 1790052170280 core=1
  piece of job 59 end 1790052170350 core=0
  piece of job 59 end 1790052170411 core=5
job 59_TGAMMA_12 end 1790052170419
job 60_TGAMMA_60 started 1790052170419 core=4
  piece of job 60 started 1790052170443 core=0
  piece of job 60 started 1790052170448 core=5
  piece of job 60 started 1790052170443 core=1
  piece of job 60 end 1790052193282 core=1
  piece of job 60 end 1790052193703 core=0
  piece of job 60 end 1790052193774 core=5
job 60_TGAMMA_60 end 1790052193774
job 61_TGAMMA_120 started 1790052193774 core=4
  piece of job 61 started 1790052193786 core=5
  piece of job 61 started 1790052193787 core=1
  piece of job 61 started 1790052193787 core=0
  piece of job 61 end 1790052225543 core=5
  piece of job 61 end 1790052226279 core=0
  piece of job 61 end 1790052228222 core=1
job 61_TGAMMA_120 end 1790052228223
job 62_TGAMMA_60 started 1790052228223 core=4
  piece of job 62 started 1790052228245 core=5
  piece of job 62 started 1790052228245 core=1
  piece of job 62 started 1790052228245 core=0
  piece of job 62 end 1790052239716 core=1
  piece of job 62 end 1790052239740 core=5
  piece of job 62 end 1790052239999 core=0
job 62_TGAMMA_60 end 1790052239999
job 63_TGAMMA_60 started 1790052239999 core=4
  piece of job 63 started 1790052240022 core=5
  piece of job 63 started 1790052240022 core=0
  piece of job 63 started 1790052240022 core=1
  piece of job 63 end 1790052251499 core=1
  piece of job 63 end 1790052251521 core=5
  piece of job 63 end 1790052251781 core=0
job 63_TGAMMA_60 end 1790052251781
job 64_TGAMMA_60 started 1790052251781 core=4
  piece of job 64 started 1790052251804 core=5
  piece of job 64 started 1790052251804 core=0
  piece of job 64 started 1790052251804 core=1
job 90_DOT_84 end 1790052256770
job 91_DOT_36 started 1790052256770 core=4
  piece of job 64 end 1790052263282 core=1
  piece of job 64 end 1790052263304 core=5
  piece of job 64 end 1790052263563 core=0
job 64_TGAMMA_60 end 1790052263568
job 65_TGAMMA_120 started 1790052263568 core=4
  piece of job 65 started 1790052263591 core=5
  piece of job 65 started 1790052263591 core=0
  piece of job 65 started 1790052263591 core=1
  piece of job 65 end 1790052286550 core=1
  piece of job 65 end 1790052286589 core=5
  piece of job 65 end 1790052287104 core=0
job 65_TGAMMA_120 end 1790052287105
job 66_TGAMMA_60 started 1790052287105 core=4
  piece of job 66 started 1790052287127 core=5
  piece of job 66 started 1790052287127 core=0
  piece of job 66 started 1790052287127 core=1
job 91_DOT_36 end 1790052296583
job 92_SUM_108 started 1790052296584 core=4
  piece of job 66 end 1790052300432 core=1
  piece of job 66 end 1790052300601 core=0
  piece of job 66 end 1790052305517 core=5
job 66_TGAMMA_60 end 1790052305518
job 67_TGAMMA_60 started 1790052305518 core=4
  piece of job 67 started 1790052305530 core=0
  piece of job 67 started 1790052305531 core=1
  piece of job 67 started 1790052305552 core=5
  piece of job 67 end 1790052317277 core=0
  piece of job 67 end 1790052317345 core=1
  piece of job 67 end 1790052328405 core=5
job 67_TGAMMA_60 end 1790052328405
job 68_TGAMMA_60 started 1790052328405 core=4
  piece of job 68 started 1790052328417 core=0
  piece of job 68 started 1790052328418 core=1
  piece of job 68 started 1790052328418 core=5
job 92_SUM_108 end 1790052331773
job 93_COPY_84 started 1790052331773 core=4
  piece of job 68 end 1790052340155 core=1
  piece of job 68 end 1790052340272 core=0
  piece of job 68 end 1790052351338 core=5
job 68_TGAMMA_60 end 1790052351338
job 69_TGAMMA_120 started 1790052351338 core=4
  piece of job 69 started 1790052351350 core=0
  piece of job 69 started 1790052351351 core=1
  piece of job 69 started 1790052351372 core=5
  piece of job 69 end 1790052374388 core=1
  piece of job 69 end 1790052375286 core=5
job 93_COPY_84 end 1790052389873
job 94_SUM_132 started 1790052389873 core=4
  piece of job 69 end 1790052396465 core=0
job 69_TGAMMA_120 end 1790052396466
job 70_TGAMMA_60 started 1790052396466 core=4
  piece of job 70 started 1790052396478 core=5
  piece of job 70 started 1790052396479 core=1
  piece of job 70 started 1790052396497 core=0
  piece of job 70 end 1790052408010 core=1
  piece of job 70 end 1790052408038 core=5
  piece of job 70 end 1790052419613 core=0
job 70_TGAMMA_60 end 1790052419614
job 94_SUM_132 end 1790052435940
job 95_COPY_84 started 1790052435940 core=5
job 95_COPY_84 end 1790052507884
job 96_DOT_36 started 1790052507884 core=0
job 96_DOT_36 end 1790052532339
job 97_SUM_132 started 1790052532339 core=1
job 97_SUM_132 end 1790052606991
job 98_XPY_48 started 1790052606991 core=4
job 98_XPY_48 end 1790052683335
job 99_XPY_60 started 1790052683335 core=5
job 99_XPY_60 end 1790052811533
  итерация 0: 2224218 ms
  среднее по 1 итерациям: 2224218 ms
  реальных ожиданий свободного ядра: 0  (блокировок в задачах не было)
=== Выполняется проект: ml_two_chain_28.txt (100 работ, перестановка ORDER) ===
fake 3 started 1790052811534 delay_ms=1
fake 2 started 1790052811534 delay_ms=0
fake 2 end 1790052811534
fake 0 started 1790052811534 delay_ms=0
fake 0 end 1790052811534
fake 1 started 1790052811534 delay_ms=0
fake 1 end 1790052811534
job 0_TGAMMA_60 started 1790052811534 core=1
  piece of job 0 started 1790052811535 core=1
  piece of job 0 started 1790052811535 core=4
job 73_SUM_132 started 1790052811535 core=0
  piece of job 0 started 1790052811544 core=5
fake 3 end 1790052811545
  piece of job 0 end 1790052824000 core=1
  piece of job 0 end 1790052824268 core=4
  piece of job 0 end 1790052834445 core=5
job 0_TGAMMA_60 end 1790052834445
job 1_TGAMMA_60 started 1790052834456 core=1
  piece of job 1 started 1790052834457 core=1
  piece of job 1 started 1790052834468 core=5
  piece of job 1 started 1790052834471 core=4
  piece of job 1 end 1790052857357 core=1
  piece of job 1 end 1790052857408 core=5
  piece of job 1 end 1790052857597 core=4
job 1_TGAMMA_60 end 1790052857598
job 2_TGAMMA_120 started 1790052857608 core=4
  piece of job 2 started 1790052857619 core=4
  piece of job 2 started 1790052857623 core=1
  piece of job 2 started 1790052857631 core=5
job 73_SUM_132 end 1790052887151
job 74_XPY_60 started 1790052887151 core=0
  piece of job 2 end 1790052899898 core=1
  piece of job 2 end 1790052901391 core=4
  piece of job 2 end 1790052903473 core=5
job 2_TGAMMA_120 end 1790052903474
job 3_TGAMMA_120 started 1790052903485 core=4
  piece of job 3 started 1790052903486 core=4
  piece of job 3 started 1790052903494 core=1
  piece of job 3 started 1790052903499 core=5
  piece of job 3 end 1790052945390 core=1
  piece of job 3 end 1790052948658 core=4
  piece of job 3 end 1790052949387 core=5
job 3_TGAMMA_120 end 1790052949388
job 4_TGAMMA_12 started 1790052949398 core=0
  piece of job 4 started 1790052949410 core=1
  piece of job 4 started 1790052949411 core=5
  piece of job 4 started 1790052949413 core=4
  piece of job 4 end 1790052953991 core=5
  piece of job 4 end 1790052953998 core=1
  piece of job 4 end 1790052954101 core=4
job 4_TGAMMA_12 end 1790052954102
job 5_TGAMMA_120 started 1790052954112 core=4
  piece of job 5 started 1790052954123 core=4
  piece of job 5 started 1790052954124 core=1
  piece of job 5 started 1790052954135 core=5
job 74_XPY_60 end 1790052963481
job 75_DOT_84 started 1790052963481 core=0
  piece of job 5 end 1790052995098 core=1
  piece of job 5 end 1790052998909 core=5
  piece of job 5 end 1790053000906 core=4
job 5_TGAMMA_120 end 1790053000907
job 6_TGAMMA_12 started 1790053000907 core=4
  piece of job 6 started 1790053000918 core=4
  piece of job 6 started 1790053000918 core=1
  piece of job 6 started 1790053000929 core=5
  piece of job 6 end 1790053004272 core=1
  piece of job 6 end 1790053004305 core=5
  piece of job 6 end 1790053005567 core=4
job 6_TGAMMA_12 end 1790053005568
job 7_TGAMMA_120 started 1790053005568 core=0
  piece of job 7 started 1790053005589 core=1
  piece of job 7 started 1790053005589 core=5
  piece of job 7 started 1790053005590 core=4
  piece of job 7 end 1790053049825 core=1
  piece of job 7 end 1790053049963 core=5
  piece of job 7 end 1790053052160 core=4
job 7_TGAMMA_120 end 1790053052183
job 8_TGAMMA_60 started 1790053052183 core=0
  piece of job 8 started 1790053052195 core=1
  piece of job 8 started 1790053052195 core=5
  piece of job 8 started 1790053052195 core=4
job 75_DOT_84 end 1790053058557
job 76_SUM_108 started 1790053058579 core=0
  piece of job 8 end 1790053072260 core=1
  piece of job 8 end 1790053072467 core=5
  piece of job 8 end 1790053075439 core=4
job 8_TGAMMA_60 end 1790053075439
job 9_TGAMMA_12 started 1790053075439 core=0
  piece of job 9 started 1790053075463 core=1
  piece of job 9 started 1790053075463 core=5
  piece of job 9 started 1790053075463 core=4
  piece of job 9 end 1790053080045 core=1
  piece of job 9 end 1790053080058 core=5
  piece of job 9 end 1790053080113 core=4
job 9_TGAMMA_12 end 1790053080117
job 10_TGAMMA_60 started 1790053080117 core=0
  piece of job 10 started 1790053080141 core=1
  piece of job 10 started 1790053080143 core=5
  piece of job 10 started 1790053080149 core=4
  piece of job 10 end 1790053102035 core=1
  piece of job 10 end 1790053102090 core=5
  piece of job 10 end 1790053103402 core=4
job 10_TGAMMA_60 end 1790053103412
job 11_TGAMMA_60 started 1790053103412 core=0
  piece of job 11 started 1790053103425 core=1
  piece of job 11 started 1790053103425 core=5
  piece of job 11 started 1790053103438 core=4
job 76_SUM_108 end 1790053121717
job 77_DOT_36 started 1790053121718 core=0
  piece of job 11 end 1790053125014 core=1
  piece of job 11 end 1790053125060 core=5
  piece of job 11 end 1790053126637 core=4
job 11_TGAMMA_60 end 1790053126637
job 12_TGAMMA_60 started 1790053126637 core=0
  piece of job 12 started 1790053126660 core=1
  piece of job 12 started 1790053126660 core=5
  piece of job 12 started 1790053126661 core=4
  piece of job 12 end 1790053148238 core=1
  piece of job 12 end 1790053148277 core=5
  piece of job 12 end 1790053150075 core=4
job 12_TGAMMA_60 end 1790053150075
job 13_TGAMMA_60 started 1790053150075 core=0
  piece of job 13 started 1790053150097 core=1
  piece of job 13 started 1790053150097 core=5
  piece of job 13 started 1790053150098 core=4
job 77_DOT_36 end 1790053162617
job 78_COPY_84 started 1790053162617 core=0
  piece of job 13 end 1790053171481 core=1
  piece of job 13 end 1790053171546 core=5
  piece of job 13 end 1790053173492 core=4
job 13_TGAMMA_60 end 1790053173494
job 14_TGAMMA_12 started 1790053173494 core=0
  piece of job 14 started 1790053173518 core=1
  piece of job 14 started 1790053173529 core=4
  piece of job 14 started 1790053173518 core=5
  piece of job 14 end 1790053177609 core=1
  piece of job 14 end 1790053177665 core=5
  piece of job 14 end 1790053178208 core=4
job 14_TGAMMA_12 end 1790053178208
job 15_TGAMMA_12 started 1790053178208 core=0
  piece of job 15 started 1790053178231 core=1
  piece of job 15 started 1790053178231 core=5
  piece of job 15 started 1790053178237 core=4
  piece of job 15 end 1790053181443 core=1
  piece of job 15 end 1790053181454 core=5
  piece of job 15 end 1790053182875 core=4
job 15_TGAMMA_12 end 1790053182875
job 16_TGAMMA_120 started 1790053182875 core=0
  piece of job 16 started 1790053182899 core=1
  piece of job 16 started 1790053182910 core=5
  piece of job 16 started 1790053182911 core=4
  piece of job 16 end 1790053226785 core=1
  piece of job 16 end 1790053226964 core=5
  piece of job 16 end 1790053229607 core=4
job 16_TGAMMA_120 end 1790053229608
job 17_TGAMMA_12 started 1790053229608 core=0
  piece of job 17 started 1790053229631 core=1
  piece of job 17 started 1790053229639 core=5
  piece of job 17 started 1790053229631 core=4
  piece of job 17 end 1790053234206 core=1
  piece of job 17 end 1790053234224 core=5
  piece of job 17 end 1790053234280 core=4
job 17_TGAMMA_12 end 1790053234289
job 18_TGAMMA_120 started 1790053234289 core=0
  piece of job 18 started 1790053234313 core=1
  piece of job 18 started 1790053234317 core=4
  piece of job 18 started 1790053234319 core=5
job 78_COPY_84 end 1790053263801
job 79_DOT_84 started 1790053263812 core=0
  piece of job 18 end 1790053276773 core=1
  piece of job 18 end 1790053276918 core=5
  piece of job 18 end 1790053280838 core=4
job 18_TGAMMA_120 end 1790053280839
job 19_TGAMMA_60 started 1790053280839 core=0
  piece of job 19 started 1790053280863 core=1
  piece of job 19 started 1790053280863 core=5
  piece of job 19 started 1790053280875 core=4
  piece of job 19 end 1790053300344 core=1
  piece of job 19 end 1790053300398 core=5
  piece of job 19 end 1790053304245 core=4
job 19_TGAMMA_60 end 1790053304246
job 20_TGAMMA_12 started 1790053304246 core=0
  piece of job 20 started 1790053304269 core=5
  piece of job 20 started 1790053304269 core=1
  piece of job 20 started 1790053304269 core=4
  piece of job 20 end 1790053308863 core=1
  piece of job 20 end 1790053308868 core=5
  piece of job 20 end 1790053308959 core=4
job 20_TGAMMA_12 end 1790053308959
job 21_TGAMMA_120 started 1790053308959 core=0
  piece of job 21 started 1790053308983 core=5
  piece of job 21 started 1790053308983 core=1
  piece of job 21 started 1790053308983 core=4
  piece of job 21 end 1790053350333 core=1
  piece of job 21 end 1790053350542 core=5
  piece of job 21 end 1790053355882 core=4
job 21_TGAMMA_120 end 1790053355893
job 22_TGAMMA_12 started 1790053355893 core=0
  piece of job 22 started 1790053355895 core=1
  piece of job 22 started 1790053355895 core=4
  piece of job 22 started 1790053355895 core=5
  piece of job 22 end 1790053360469 core=1
  piece of job 22 end 1790053360491 core=5
job 79_DOT_84 end 1790053360525
job 80_SUM_132 started 1790053360525 core=0
  piece of job 22 end 1790053360579 core=4
job 22_TGAMMA_12 end 1790053360580
job 23_TGAMMA_60 started 1790053360580 core=0
  piece of job 23 started 1790053360592 core=5
  piece of job 23 started 1790053360592 core=1
  piece of job 23 started 1790053360592 core=4
  piece of job 23 end 1790053383491 core=1
  piece of job 23 end 1790053383545 core=5
  piece of job 23 end 1790053383887 core=4
job 23_TGAMMA_60 end 1790053383887
job 24_TGAMMA_120 started 1790053383887 core=0
  piece of job 24 started 1790053383911 core=1
  piece of job 24 started 1790053383919 core=5
  piece of job 24 started 1790053383923 core=4
  piece of job 24 end 1790053422579 core=1
  piece of job 24 end 1790053422858 core=5
  piece of job 24 end 1790053430456 core=4
job 24_TGAMMA_120 end 1790053430457
job 25_TGAMMA_60 started 1790053430457 core=0
  piece of job 25 started 1790053430480 core=1
  piece of job 25 started 1790053430480 core=5
  piece of job 25 started 1790053430480 core=4
job 80_SUM_132 end 1790053437985
job 81_XPY_48 started 1790053437985 core=0
  piece of job 25 end 1790053445286 core=1
  piece of job 25 end 1790053445461 core=5
  piece of job 25 end 1790053453856 core=4
job 25_TGAMMA_60 end 1790053453857
job 26_TGAMMA_120 started 1790053453857 core=0
  piece of job 26 started 1790053453881 core=1
  piece of job 26 started 1790053453881 core=5
  piece of job 26 started 1790053453893 core=4
  piece of job 26 end 1790053491376 core=1
  piece of job 26 end 1790053491582 core=5
job 81_XPY_48 end 1790053499259
job 82_COPY_84 started 1790053499259 core=0
  piece of job 26 end 1790053500710 core=4
job 26_TGAMMA_120 end 1790053500734
job 27_TGAMMA_60 started 1790053500734 core=0
  piece of job 27 started 1790053500769 core=4
  piece of job 27 started 1790053500769 core=1
  piece of job 27 started 1790053500769 core=5
  piece of job 27 end 1790053515321 core=1
  piece of job 27 end 1790053515366 core=5
  piece of job 27 end 1790053523969 core=4
job 27_TGAMMA_60 end 1790053523973
job 28_TGAMMA_120 started 1790053523973 core=0
  piece of job 28 started 1790053523996 core=5
  piece of job 28 started 1790053524005 core=4
  piece of job 28 started 1790053523996 core=1
  piece of job 28 end 1790053566212 core=1
  piece of job 28 end 1790053566447 core=5
  piece of job 28 end 1790053570694 core=4
job 28_TGAMMA_120 end 1790053570704
job 29_TGAMMA_12 started 1790053570704 core=0
  piece of job 29 started 1790053570728 core=1
  piece of job 29 started 1790053570732 core=4
  piece of job 29 started 1790053570734 core=5
  piece of job 29 end 1790053575306 core=1
  piece of job 29 end 1790053575317 core=5
  piece of job 29 end 1790053575385 core=4
job 29_TGAMMA_12 end 1790053575392
job 30_TGAMMA_12 started 1790053575392 core=0
  piece of job 30 started 1790053575416 core=1
  piece of job 30 started 1790053575422 core=4
  piece of job 30 started 1790053575416 core=5
  piece of job 30 end 1790053580002 core=1
  piece of job 30 end 1790053580005 core=5
  piece of job 30 end 1790053580092 core=4
job 30_TGAMMA_12 end 1790053580092
job 31_TGAMMA_60 started 1790053580092 core=0
  piece of job 31 started 1790053580116 core=5
  piece of job 31 started 1790053580116 core=1
  piece of job 31 started 1790053580116 core=4
  piece of job 31 end 1790053598538 core=1
  piece of job 31 end 1790053598607 core=5
job 82_COPY_84 end 1790053599459
job 83_SUM_108 started 1790053599470 core=0
  piece of job 31 end 1790053603473 core=4
job 31_TGAMMA_60 end 1790053603483
job 32_TGAMMA_60 started 1790053603483 core=0
  piece of job 32 started 1790053603507 core=1
  piece of job 32 started 1790053603510 core=4
  piece of job 32 started 1790053603507 core=5
  piece of job 32 end 1790053621054 core=1
  piece of job 32 end 1790053621191 core=5
  piece of job 32 end 1790053626760 core=4
job 32_TGAMMA_60 end 1790053626770
job 33_TGAMMA_12 started 1790053626770 core=0
  piece of job 33 started 1790053626794 core=1
  piece of job 33 started 1790053626797 core=4
  piece of job 33 started 1790053626794 core=5
  piece of job 33 end 1790053631376 core=1
  piece of job 33 end 1790053631377 core=5
  piece of job 33 end 1790053631455 core=4
job 33_TGAMMA_12 end 1790053631456
job 34_TGAMMA_120 started 1790053631456 core=0
  piece of job 34 started 1790053631479 core=1
  piece of job 34 started 1790053631483 core=5
  piece of job 34 started 1790053631479 core=4
job 83_SUM_108 end 1790053661457
job 84_COPY_60 started 1790053661457 core=0
  piece of job 34 end 1790053671185 core=1
  piece of job 34 end 1790053671507 core=5
  piece of job 34 end 1790053678090 core=4
job 34_TGAMMA_120 end 1790053678091
job 35_TGAMMA_120 started 1790053678091 core=0
  piece of job 35 started 1790053678115 core=1
  piece of job 35 started 1790053678116 core=4
  piece of job 35 started 1790053678115 core=5
  piece of job 35 end 1790053715713 core=1
  piece of job 35 end 1790053716315 core=5
  piece of job 35 end 1790053724958 core=4
job 35_TGAMMA_120 end 1790053724965
job 36_TGAMMA_120 started 1790053724965 core=0
  piece of job 36 started 1790053724988 core=1
  piece of job 36 started 1790053724988 core=5
  piece of job 36 started 1790053724995 core=4
job 84_COPY_60 end 1790053732769
job 85_SUM_132 started 1790053732769 core=0
  piece of job 36 end 1790053769582 core=1
  piece of job 36 end 1790053769697 core=5
  piece of job 36 end 1790053771495 core=4
job 36_TGAMMA_120 end 1790053771518
job 37_TGAMMA_12 started 1790053771518 core=0
  piece of job 37 started 1790053771531 core=1
  piece of job 37 started 1790053771532 core=4
  piece of job 37 started 1790053771531 core=5
  piece of job 37 end 1790053775423 core=1
  piece of job 37 end 1790053775485 core=5
  piece of job 37 end 1790053776175 core=4
job 37_TGAMMA_12 end 1790053776176
job 38_TGAMMA_120 started 1790053776176 core=0
  piece of job 38 started 1790053776198 core=1
  piece of job 38 started 1790053776198 core=5
  piece of job 38 started 1790053776199 core=4
job 85_SUM_132 end 1790053809716
job 86_XPY_48 started 1790053809716 core=0
  piece of job 38 end 1790053820455 core=1
  piece of job 38 end 1790053820565 core=5
  piece of job 38 end 1790053822782 core=4
job 38_TGAMMA_120 end 1790053822789
job 39_TGAMMA_120 started 1790053822789 core=0
  piece of job 39 started 1790053822812 core=1
  piece of job 39 started 1790053822812 core=5
  piece of job 39 started 1790053822819 core=4
  piece of job 39 end 1790053866087 core=1
  piece of job 39 end 1790053866297 core=5
  piece of job 39 end 1790053869609 core=4
job 39_TGAMMA_120 end 1790053869610
job 40_TGAMMA_60 started 1790053869610 core=0
  piece of job 40 started 1790053869633 core=1
  piece of job 40 started 1790053869634 core=5
  piece of job 40 started 1790053869633 core=4
job 86_XPY_48 end 1790053870892
job 87_SUM_108 started 1790053870892 core=0
  piece of job 40 end 1790053892519 core=1
  piece of job 40 end 1790053892579 core=5
  piece of job 40 end 1790053892902 core=4
job 40_TGAMMA_60 end 1790053892903
job 41_TGAMMA_120 started 1790053892903 core=0
  piece of job 41 started 1790053892926 core=1
  piece of job 41 started 1790053892935 core=5
  piece of job 41 started 1790053892926 core=4
  piece of job 41 end 1790053933784 core=1
  piece of job 41 end 1790053934021 core=5
job 87_SUM_108 end 1790053934324
job 88_XPY_48 started 1790053934324 core=0
  piece of job 41 end 1790053939433 core=4
job 41_TGAMMA_120 end 1790053939445
job 42_TGAMMA_12 started 1790053939445 core=0
  piece of job 42 started 1790053939458 core=1
  piece of job 42 started 1790053939458 core=5
  piece of job 42 started 1790053939458 core=4
  piece of job 42 end 1790053944034 core=1
  piece of job 42 end 1790053944049 core=5
  piece of job 42 end 1790053944155 core=4
job 42_TGAMMA_12 end 1790053944158
job 43_TGAMMA_120 started 1790053944158 core=0
  piece of job 43 started 1790053944182 core=5
  piece of job 43 started 1790053944192 core=4
  piece of job 43 started 1790053944182 core=1
  piece of job 43 end 1790053983154 core=1
  piece of job 43 end 1790053983824 core=5
  piece of job 43 end 1790053991132 core=4
job 43_TGAMMA_120 end 1790053991142
job 44_TGAMMA_12 started 1790053991142 core=0
  piece of job 44 started 1790053991154 core=1
  piece of job 44 started 1790053991154 core=5
  piece of job 44 started 1790053991156 core=4
  piece of job 44 end 1790053993447 core=1
  piece of job 44 end 1790053993452 core=5
job 88_XPY_48 end 1790053995208
job 89_XPY_60 started 1790053995208 core=0
  piece of job 44 end 1790053995809 core=4
job 44_TGAMMA_12 end 1790053995817
job 45_TGAMMA_12 started 1790053995817 core=0
  piece of job 45 started 1790053995840 core=1
  piece of job 45 started 1790053995840 core=5
  piece of job 45 started 1790053995845 core=4
  piece of job 45 end 1790053998606 core=1
  piece of job 45 end 1790053998623 core=5
  piece of job 45 end 1790054000423 core=4
job 45_TGAMMA_12 end 1790054000428
job 46_TGAMMA_120 started 1790054000428 core=0
  piece of job 46 started 1790054000452 core=1
  piece of job 46 started 1790054000459 core=4
  piece of job 46 started 1790054000463 core=5
  piece of job 46 end 1790054043951 core=1
  piece of job 46 end 1790054044085 core=5
  piece of job 46 end 1790054046976 core=4
job 46_TGAMMA_120 end 1790054046981
job 47_TGAMMA_60 started 1790054046981 core=0
  piece of job 47 started 1790054047005 core=1
  piece of job 47 started 1790054047013 core=4
  piece of job 47 started 1790054047005 core=5
  piece of job 47 end 1790054069177 core=1
  piece of job 47 end 1790054069297 core=5
job 89_XPY_60 end 1790054070396
job 90_XPY_60 started 1790054070406 core=0
  piece of job 47 end 1790054070467 core=4
job 47_TGAMMA_60 end 1790054070467
job 48_TGAMMA_12 started 1790054070467 core=0
  piece of job 48 started 1790054070490 core=1
  piece of job 48 started 1790054070490 core=5
  piece of job 48 started 1790054070503 core=4
  piece of job 48 end 1790054072807 core=5
  piece of job 48 end 1790054072816 core=1
  piece of job 48 end 1790054075136 core=4
job 48_TGAMMA_12 end 1790054075143
job 49_TGAMMA_60 started 1790054075143 core=0
  piece of job 49 started 1790054075166 core=1
  piece of job 49 started 1790054075166 core=5
  piece of job 49 started 1790054075173 core=4
  piece of job 49 end 1790054095882 core=1
  piece of job 49 end 1790054095911 core=5
  piece of job 49 end 1790054098590 core=4
job 49_TGAMMA_60 end 1790054098590
job 50_TGAMMA_120 started 1790054098590 core=0
  piece of job 50 started 1790054098613 core=1
  piece of job 50 started 1790054098613 core=5
  piece of job 50 started 1790054098613 core=4
  piece of job 50 end 1790054140332 core=1
  piece of job 50 end 1790054140548 core=5
  piece of job 50 end 1790054145478 core=4
job 50_TGAMMA_120 end 1790054145483
job 51_TGAMMA_12 started 1790054145483 core=0
  piece of job 51 started 1790054145507 core=1
  piece of job 51 started 1790054145515 core=4
  piece of job 51 started 1790054145507 core=5
job 90_XPY_60 end 1790054145626
job 91_SUM_132 started 1790054145626 core=0
  piece of job 51 end 1790054150078 core=1
  piece of job 51 end 1790054150082 core=5
  piece of job 51 end 1790054150159 core=4
job 51_TGAMMA_12 end 1790054150161
job 52_TGAMMA_60 started 1790054150161 core=0
  piece of job 52 started 1790054150185 core=1
  piece of job 52 started 1790054150196 core=4
  piece of job 52 started 1790054150185 core=5
  piece of job 52 end 1790054169313 core=1
  piece of job 52 end 1790054169398 core=5
  piece of job 52 end 1790054173361 core=4
job 52_TGAMMA_60 end 1790054173370
job 53_TGAMMA_60 started 1790054173370 core=0
  piece of job 53 started 1790054173394 core=5
  piece of job 53 started 1790054173398 core=4
  piece of job 53 started 1790054173394 core=1
  piece of job 53 end 1790054196318 core=1
  piece of job 53 end 1790054196372 core=5
  piece of job 53 end 1790054196664 core=4
job 53_TGAMMA_60 end 1790054196670
job 54_TGAMMA_120 started 1790054196670 core=0
  piece of job 54 started 1790054196694 core=1
  piece of job 54 started 1790054196700 core=4
  piece of job 54 started 1790054196702 core=5
job 91_SUM_132 end 1790054221198
job 92_COPY_84 started 1790054221198 core=0
  piece of job 54 end 1790054239315 core=1
  piece of job 54 end 1790054239609 core=5
  piece of job 54 end 1790054243299 core=4
job 54_TGAMMA_120 end 1790054243302
job 55_TGAMMA_120 started 1790054243302 core=0
  piece of job 55 started 1790054243326 core=1
  piece of job 55 started 1790054243336 core=4
  piece of job 55 started 1790054243326 core=5
  piece of job 55 end 1790054284104 core=1
  piece of job 55 end 1790054284807 core=5
  piece of job 55 end 1790054289734 core=4
job 55_TGAMMA_120 end 1790054289735
job 56_TGAMMA_60 started 1790054289735 core=0
  piece of job 56 started 1790054289758 core=1
  piece of job 56 started 1790054289769 core=4
  piece of job 56 started 1790054289758 core=5
job 92_COPY_84 end 1790054308659
job 93_DOT_36 started 1790054308659 core=0
  piece of job 56 end 1790054312672 core=1
  piece of job 56 end 1790054312733 core=5
  piece of job 56 end 1790054313146 core=4
job 56_TGAMMA_60 end 1790054313146
job 57_TGAMMA_60 started 1790054313146 core=0
  piece of job 57 started 1790054313159 core=5
  piece of job 57 started 1790054313159 core=1
  piece of job 57 started 1790054313176 core=4
  piece of job 57 end 1790054327823 core=5
  piece of job 57 end 1790054329182 core=1
job 93_DOT_36 end 1790054331458
job 94_SUM_108 started 1790054331459 core=0
  piece of job 57 end 1790054333399 core=4
job 57_TGAMMA_60 end 1790054333399
job 58_TGAMMA_120 started 1790054333399 core=0
  piece of job 58 started 1790054333421 core=4
  piece of job 58 started 1790054333422 core=5
  piece of job 58 started 1790054333422 core=1
  piece of job 58 end 1790054356306 core=4
  piece of job 58 end 1790054375985 core=1
  piece of job 58 end 1790054376044 core=5
job 58_TGAMMA_120 end 1790054376045
job 59_TGAMMA_120 started 1790054376045 core=0
  piece of job 59 started 1790054376067 core=1
  piece of job 59 started 1790054376067 core=5
  piece of job 59 started 1790054376067 core=4
job 94_SUM_108 end 1790054397679
job 95_SUM_132 started 1790054397679 core=0
  piece of job 59 end 1790054421500 core=1
  piece of job 59 end 1790054421652 core=5
  piece of job 59 end 1790054421916 core=4
job 59_TGAMMA_120 end 1790054421917
job 60_TGAMMA_12 started 1790054421917 core=0
  piece of job 60 started 1790054421939 core=1
  piece of job 60 started 1790054421940 core=5
  piece of job 60 started 1790054421942 core=4
  piece of job 60 end 1790054426016 core=1
  piece of job 60 end 1790054426052 core=5
  piece of job 60 end 1790054426507 core=4
job 60_TGAMMA_12 end 1790054426512
job 61_TGAMMA_60 started 1790054426512 core=0
  piece of job 61 started 1790054426536 core=4
  piece of job 61 started 1790054426536 core=1
  piece of job 61 started 1790054426536 core=5
  piece of job 61 end 1790054448619 core=1
  piece of job 61 end 1790054448720 core=5
  piece of job 61 end 1790054449471 core=4
job 61_TGAMMA_60 end 1790054449480
job 62_TGAMMA_60 started 1790054449480 core=0
  piece of job 62 started 1790054449492 core=1
  piece of job 62 started 1790054449492 core=5
  piece of job 62 started 1790054449496 core=4
  piece of job 62 end 1790054471649 core=1
  piece of job 62 end 1790054471729 core=5
  piece of job 62 end 1790054472388 core=4
job 62_TGAMMA_60 end 1790054472388
job 63_TGAMMA_60 started 1790054472388 core=0
  piece of job 63 started 1790054472412 core=1
  piece of job 63 started 1790054472413 core=4
  piece of job 63 started 1790054472423 core=5
job 95_SUM_132 end 1790054493393
job 96_SUM_132 started 1790054493393 core=0
  piece of job 63 end 1790054495220 core=1
  piece of job 63 end 1790054495289 core=4
  piece of job 63 end 1790054495329 core=5
job 63_TGAMMA_60 end 1790054495329
job 64_TGAMMA_60 started 1790054495329 core=0
  piece of job 64 started 1790054495352 core=1
  piece of job 64 started 1790054495353 core=4
  piece of job 64 started 1790054495353 core=5
  piece of job 64 end 1790054517065 core=1
  piece of job 64 end 1790054517207 core=5
  piece of job 64 end 1790054518211 core=4
job 64_TGAMMA_60 end 1790054518213
job 65_TGAMMA_120 started 1790054518213 core=0
  piece of job 65 started 1790054518236 core=5
  piece of job 65 started 1790054518239 core=4
  piece of job 65 started 1790054518236 core=1
  piece of job 65 end 1790054563071 core=1
  piece of job 65 end 1790054563110 core=5
  piece of job 65 end 1790054563925 core=4
job 65_TGAMMA_120 end 1790054563928
job 66_TGAMMA_60 started 1790054563928 core=0
  piece of job 66 started 1790054563951 core=4
  piece of job 66 started 1790054563951 core=5
  piece of job 66 started 1790054563951 core=1
  piece of job 66 end 1790054585584 core=1
  piece of job 66 end 1790054585866 core=5
  piece of job 66 end 1790054586828 core=4
job 66_TGAMMA_60 end 1790054586835
job 67_TGAMMA_120 started 1790054586835 core=0
  piece of job 67 started 1790054586859 core=4
  piece of job 67 started 1790054586859 core=5
  piece of job 67 started 1790054586859 core=1
job 96_SUM_132 end 1790054589077
job 97_COPY_84 started 1790054589077 core=0
  piece of job 67 end 1790054630719 core=1
  piece of job 67 end 1790054631153 core=5
  piece of job 67 end 1790054632929 core=4
job 67_TGAMMA_120 end 1790054632939
job 68_TGAMMA_12 started 1790054632939 core=0
  piece of job 68 started 1790054632952 core=1
  piece of job 68 started 1790054632955 core=4
  piece of job 68 started 1790054632952 core=5
  piece of job 68 end 1790054637505 core=1
  piece of job 68 end 1790054637536 core=5
  piece of job 68 end 1790054637539 core=4
job 68_TGAMMA_12 end 1790054637540
job 69_TGAMMA_12 started 1790054637540 core=0
  piece of job 69 started 1790054637564 core=1
  piece of job 69 started 1790054637565 core=4
  piece of job 69 started 1790054637573 core=5
  piece of job 69 end 1790054642128 core=1
  piece of job 69 end 1790054642147 core=5
  piece of job 69 end 1790054642158 core=4
job 69_TGAMMA_12 end 1790054642158
job 70_TGAMMA_120 started 1790054642158 core=0
  piece of job 70 started 1790054642182 core=1
  piece of job 70 started 1790054642183 core=5
  piece of job 70 started 1790054642182 core=4
  piece of job 70 end 1790054684948 core=1
  piece of job 70 end 1790054685645 core=5
  piece of job 70 end 1790054688343 core=4
job 70_TGAMMA_120 end 1790054688343
job 71_TGAMMA_120 started 1790054688343 core=0
  piece of job 71 started 1790054688367 core=5
  piece of job 71 started 1790054688369 core=4
  piece of job 71 started 1790054688367 core=1
job 97_COPY_84 end 1790054711023
job 98_DOT_84 started 1790054711025 core=0
  piece of job 71 end 1790054730187 core=1
  piece of job 71 end 1790054731017 core=5
  piece of job 71 end 1790054734433 core=4
job 71_TGAMMA_120 end 1790054734433
job 72_TGAMMA_12 started 1790054734433 core=0
  piece of job 72 started 1790054734456 core=1
  piece of job 72 started 1790054734456 core=5
  piece of job 72 started 1790054734457 core=4
  piece of job 72 end 1790054736749 core=1
  piece of job 72 end 1790054736753 core=5
  piece of job 72 end 1790054739024 core=4
job 72_TGAMMA_12 end 1790054739024
job 98_DOT_84 end 1790054841627
job 99_DOT_36 started 1790054841638 core=1
job 99_DOT_36 end 1790054899995
  итерация 0: 2088461 ms
  среднее по 1 итерациям: 2088461 ms
  реальных ожиданий свободного ядра: 0  (блокировок в задачах не было)
=== Выполняется проект: ml_two_chain_29.txt (100 работ, перестановка ORDER) ===
fake 3 started 1790054899997 delay_ms=1
fake 2 started 1790054899998 delay_ms=0
fake 2 end 1790054899998
fake 0 started 1790054900007 delay_ms=0
fake 0 end 1790054900007
fake 1 started 1790054900007 delay_ms=0
fake 1 end 1790054900007
job 0_TGAMMA_12 started 1790054900007 core=5
fake 3 end 1790054900008
job 73_XPY_48 started 1790054900008 core=4
  piece of job 0 started 1790054900019 core=5
  piece of job 0 started 1790054900031 core=1
  piece of job 0 started 1790054900031 core=0
  piece of job 0 end 1790054902463 core=5
  piece of job 0 end 1790054902474 core=0
  piece of job 0 end 1790054904591 core=1
job 0_TGAMMA_12 end 1790054904591
job 1_TGAMMA_60 started 1790054904591 core=5
  piece of job 1 started 1790054904591 core=5
  piece of job 1 started 1790054904591 core=0
  piece of job 1 started 1790054904601 core=1
  piece of job 1 end 1790054920682 core=5
  piece of job 1 end 1790054921390 core=0
  piece of job 1 end 1790054927150 core=1
job 1_TGAMMA_60 end 1790054927150
job 2_TGAMMA_12 started 1790054927161 core=5
  piece of job 2 started 1790054927162 core=5
  piece of job 2 started 1790054927173 core=0
  piece of job 2 started 1790054927174 core=1
  piece of job 2 end 1790054931753 core=1
  piece of job 2 end 1790054931771 core=5
  piece of job 2 end 1790054931874 core=0
job 2_TGAMMA_12 end 1790054931874
job 3_TGAMMA_12 started 1790054931875 core=4
  piece of job 3 started 1790054931898 core=5
  piece of job 3 started 1790054931898 core=1
  piece of job 3 started 1790054931898 core=0
  piece of job 3 end 1790054936478 core=1
  piece of job 3 end 1790054936495 core=5
  piece of job 3 end 1790054936606 core=0
job 3_TGAMMA_12 end 1790054936614
job 4_TGAMMA_60 started 1790054936615 core=5
  piece of job 4 started 1790054936626 core=5
  piece of job 4 started 1790054936645 core=1
  piece of job 4 started 1790054936645 core=0
job 73_XPY_48 end 1790054959558
job 74_XPY_48 started 1790054959558 core=4
  piece of job 4 end 1790054959573 core=1
  piece of job 4 end 1790054959596 core=5
  piece of job 4 end 1790054960132 core=0
job 4_TGAMMA_60 end 1790054960132
job 5_TGAMMA_120 started 1790054960143 core=4
  piece of job 5 started 1790054960155 core=1
  piece of job 5 started 1790054960157 core=5
  piece of job 5 started 1790054960155 core=0
  piece of job 5 end 1790055003516 core=5
  piece of job 5 end 1790055005288 core=1
  piece of job 5 end 1790055007016 core=0
job 5_TGAMMA_120 end 1790055007017
job 6_TGAMMA_12 started 1790055007018 core=5
  piece of job 6 started 1790055007029 core=5
  piece of job 6 started 1790055007041 core=1
  piece of job 6 started 1790055007053 core=0
  piece of job 6 end 1790055011605 core=5
  piece of job 6 end 1790055011625 core=1
  piece of job 6 end 1790055011739 core=0
job 6_TGAMMA_12 end 1790055011740
job 7_TGAMMA_12 started 1790055011744 core=4
  piece of job 7 started 1790055011767 core=5
  piece of job 7 started 1790055011776 core=0
  piece of job 7 started 1790055011767 core=1
  piece of job 7 end 1790055016340 core=1
  piece of job 7 end 1790055016348 core=5
  piece of job 7 end 1790055016435 core=0
job 7_TGAMMA_12 end 1790055016443
job 8_TGAMMA_120 started 1790055016443 core=4
  piece of job 8 started 1790055016466 core=1
  piece of job 8 started 1790055016472 core=0
  piece of job 8 started 1790055016473 core=5
job 74_XPY_48 end 1790055021423
job 75_DOT_36 started 1790055021428 core=4
  piece of job 8 end 1790055057374 core=5
  piece of job 8 end 1790055058948 core=1
job 75_DOT_36 end 1790055062857
job 76_XPY_48 started 1790055062858 core=4
  piece of job 8 end 1790055063402 core=0
job 8_TGAMMA_120 end 1790055063412
job 9_TGAMMA_12 started 1790055063412 core=4
  piece of job 9 started 1790055063435 core=5
  piece of job 9 started 1790055063436 core=1
  piece of job 9 started 1790055063439 core=0
  piece of job 9 end 1790055065727 core=5
  piece of job 9 end 1790055066192 core=1
  piece of job 9 end 1790055068060 core=0
job 9_TGAMMA_12 end 1790055068067
job 10_TGAMMA_12 started 1790055068067 core=4
  piece of job 10 started 1790055068090 core=5
  piece of job 10 started 1790055068090 core=1
  piece of job 10 started 1790055068100 core=0
  piece of job 10 end 1790055071393 core=1
  piece of job 10 end 1790055071397 core=5
  piece of job 10 end 1790055072713 core=0
job 10_TGAMMA_12 end 1790055072718
job 11_TGAMMA_12 started 1790055072718 core=4
  piece of job 11 started 1790055072742 core=5
  piece of job 11 started 1790055072749 core=0
  piece of job 11 started 1790055072742 core=1
  piece of job 11 end 1790055077313 core=1
  piece of job 11 end 1790055077329 core=5
  piece of job 11 end 1790055077419 core=0
job 11_TGAMMA_12 end 1790055077419
job 12_TGAMMA_120 started 1790055077419 core=4
  piece of job 12 started 1790055077442 core=1
  piece of job 12 started 1790055077443 core=0
  piece of job 12 started 1790055077447 core=5
  piece of job 12 end 1790055120837 core=1
  piece of job 12 end 1790055120993 core=5
job 76_XPY_48 end 1790055122290
job 77_XPY_60 started 1790055122303 core=4
  piece of job 12 end 1790055124043 core=0
job 12_TGAMMA_120 end 1790055124056
job 13_TGAMMA_120 started 1790055124056 core=4
  piece of job 13 started 1790055124079 core=5
  piece of job 13 started 1790055124079 core=1
  piece of job 13 started 1790055124082 core=0
  piece of job 13 end 1790055168213 core=1
  piece of job 13 end 1790055168281 core=5
  piece of job 13 end 1790055170928 core=0
job 13_TGAMMA_120 end 1790055170939
job 14_TGAMMA_12 started 1790055170939 core=4
  piece of job 14 started 1790055170951 core=5
  piece of job 14 started 1790055170951 core=1
  piece of job 14 started 1790055170952 core=0
  piece of job 14 end 1790055174133 core=5
  piece of job 14 end 1790055174152 core=1
  piece of job 14 end 1790055175534 core=0
job 14_TGAMMA_12 end 1790055175536
job 15_TGAMMA_60 started 1790055175536 core=4
  piece of job 15 started 1790055175560 core=5
  piece of job 15 started 1790055175571 core=0
  piece of job 15 started 1790055175560 core=1
job 77_XPY_60 end 1790055197533
job 78_SUM_132 started 1790055197533 core=4
  piece of job 15 end 1790055198484 core=1
  piece of job 15 end 1790055198531 core=5
  piece of job 15 end 1790055199078 core=0
job 15_TGAMMA_60 end 1790055199087
job 16_TGAMMA_120 started 1790055199087 core=4
  piece of job 16 started 1790055199111 core=5
  piece of job 16 started 1790055199114 core=0
  piece of job 16 started 1790055199111 core=1
  piece of job 16 end 1790055242228 core=5
  piece of job 16 end 1790055242261 core=1
  piece of job 16 end 1790055245658 core=0
job 16_TGAMMA_120 end 1790055245666
job 17_TGAMMA_60 started 1790055245666 core=4
  piece of job 17 started 1790055245690 core=1
  piece of job 17 started 1790055245695 core=0
  piece of job 17 started 1790055245690 core=5
  piece of job 17 end 1790055265056 core=1
  piece of job 17 end 1790055265097 core=5
  piece of job 17 end 1790055268819 core=0
job 17_TGAMMA_60 end 1790055268819
job 18_TGAMMA_120 started 1790055268819 core=4
  piece of job 18 started 1790055268841 core=5
  piece of job 18 started 1790055268841 core=1
  piece of job 18 started 1790055268842 core=0
job 78_SUM_132 end 1790055273262
job 79_COPY_60 started 1790055273262 core=4
  piece of job 18 end 1790055312718 core=1
  piece of job 18 end 1790055312898 core=5
  piece of job 18 end 1790055315438 core=0
job 18_TGAMMA_120 end 1790055315445
job 19_TGAMMA_120 started 1790055315445 core=4
  piece of job 19 started 1790055315469 core=1
  piece of job 19 started 1790055315475 core=0
  piece of job 19 started 1790055315469 core=5
job 79_COPY_60 end 1790055345065
job 80_SUM_132 started 1790055345065 core=4
  piece of job 19 end 1790055357667 core=1
  piece of job 19 end 1790055358163 core=5
  piece of job 19 end 1790055362156 core=0
job 19_TGAMMA_120 end 1790055362160
job 20_TGAMMA_12 started 1790055362160 core=4
  piece of job 20 started 1790055362184 core=5
  piece of job 20 started 1790055362194 core=0
  piece of job 20 started 1790055362184 core=1
  piece of job 20 end 1790055366752 core=1
  piece of job 20 end 1790055366758 core=5
  piece of job 20 end 1790055366814 core=0
job 20_TGAMMA_12 end 1790055366815
job 21_TGAMMA_120 started 1790055366815 core=4
  piece of job 21 started 1790055366837 core=5
  piece of job 21 started 1790055366838 core=0
  piece of job 21 started 1790055366837 core=1
  piece of job 21 end 1790055407391 core=1
  piece of job 21 end 1790055408317 core=5
  piece of job 21 end 1790055413227 core=0
job 21_TGAMMA_120 end 1790055413227
job 22_TGAMMA_120 started 1790055413227 core=4
  piece of job 22 started 1790055413250 core=5
  piece of job 22 started 1790055413250 core=1
  piece of job 22 started 1790055413251 core=0
job 80_SUM_132 end 1790055421124
job 81_COPY_84 started 1790055421124 core=4
  piece of job 22 end 1790055457374 core=1
  piece of job 22 end 1790055457476 core=5
  piece of job 22 end 1790055460123 core=0
job 22_TGAMMA_120 end 1790055460124
job 23_TGAMMA_60 started 1790055460124 core=4
  piece of job 23 started 1790055460148 core=1
  piece of job 23 started 1790055460151 core=5
  piece of job 23 started 1790055460160 core=0
  piece of job 23 end 1790055479123 core=1
  piece of job 23 end 1790055479588 core=5
  piece of job 23 end 1790055483589 core=0
job 23_TGAMMA_60 end 1790055483590
job 24_TGAMMA_60 started 1790055483590 core=4
  piece of job 24 started 1790055483614 core=5
  piece of job 24 started 1790055483614 core=1
  piece of job 24 started 1790055483626 core=0
  piece of job 24 end 1790055501539 core=1
  piece of job 24 end 1790055502024 core=5
  piece of job 24 end 1790055507078 core=0
job 24_TGAMMA_60 end 1790055507078
job 25_TGAMMA_120 started 1790055507078 core=4
  piece of job 25 started 1790055507102 core=5
  piece of job 25 started 1790055507102 core=1
  piece of job 25 started 1790055507114 core=0
job 81_COPY_84 end 1790055522555
job 82_XPY_60 started 1790055522555 core=4
  piece of job 25 end 1790055546469 core=1
  piece of job 25 end 1790055546999 core=5
  piece of job 25 end 1790055554167 core=0
job 25_TGAMMA_120 end 1790055554171
job 26_TGAMMA_120 started 1790055554171 core=4
  piece of job 26 started 1790055554194 core=5
  piece of job 26 started 1790055554194 core=1
  piece of job 26 started 1790055554205 core=0
  piece of job 26 end 1790055592916 core=1
  piece of job 26 end 1790055593051 core=5
job 82_XPY_60 end 1790055598086
job 83_XPY_60 started 1790055598086 core=4
  piece of job 26 end 1790055601241 core=0
job 26_TGAMMA_120 end 1790055601243
job 27_TGAMMA_120 started 1790055601243 core=4
  piece of job 27 started 1790055601267 core=1
  piece of job 27 started 1790055601278 core=0
  piece of job 27 started 1790055601267 core=5
  piece of job 27 end 1790055637157 core=1
  piece of job 27 end 1790055637532 core=5
  piece of job 27 end 1790055648266 core=0
job 27_TGAMMA_120 end 1790055648277
job 28_TGAMMA_12 started 1790055648277 core=4
  piece of job 28 started 1790055648289 core=5
  piece of job 28 started 1790055648289 core=1
  piece of job 28 started 1790055648290 core=0
  piece of job 28 end 1790055650582 core=1
  piece of job 28 end 1790055650585 core=5
  piece of job 28 end 1790055652993 core=0
job 28_TGAMMA_12 end 1790055653003
job 29_TGAMMA_120 started 1790055653003 core=4
  piece of job 29 started 1790055653015 core=5
  piece of job 29 started 1790055653015 core=1
  piece of job 29 started 1790055653017 core=0
job 83_XPY_60 end 1790055674571
job 84_COPY_60 started 1790055674571 core=4
  piece of job 29 end 1790055696791 core=1
  piece of job 29 end 1790055696859 core=5
  piece of job 29 end 1790055699893 core=0
job 29_TGAMMA_120 end 1790055699894
job 30_TGAMMA_12 started 1790055699894 core=4
  piece of job 30 started 1790055699917 core=5
  piece of job 30 started 1790055699917 core=1
  piece of job 30 started 1790055699930 core=0
  piece of job 30 end 1790055702211 core=1
  piece of job 30 end 1790055702215 core=5
  piece of job 30 end 1790055704588 core=0
job 30_TGAMMA_12 end 1790055704590
job 31_TGAMMA_60 started 1790055704590 core=4
  piece of job 31 started 1790055704613 core=5
  piece of job 31 started 1790055704624 core=0
  piece of job 31 started 1790055704613 core=1
  piece of job 31 end 1790055724935 core=1
  piece of job 31 end 1790055724981 core=5
  piece of job 31 end 1790055728016 core=0
job 31_TGAMMA_60 end 1790055728016
job 32_TGAMMA_12 started 1790055728016 core=4
  piece of job 32 started 1790055728040 core=1
  piece of job 32 started 1790055728040 core=5
  piece of job 32 started 1790055728040 core=0
  piece of job 32 end 1790055732627 core=1
  piece of job 32 end 1790055732632 core=5
  piece of job 32 end 1790055732732 core=0
job 32_TGAMMA_12 end 1790055732732
job 33_TGAMMA_12 started 1790055732732 core=4
  piece of job 33 started 1790055732766 core=0
  piece of job 33 started 1790055732766 core=1
  piece of job 33 started 1790055732766 core=5
  piece of job 33 end 1790055737340 core=1
  piece of job 33 end 1790055737354 core=5
  piece of job 33 end 1790055737462 core=0
job 33_TGAMMA_12 end 1790055737470
job 34_TGAMMA_120 started 1790055737470 core=4
  piece of job 34 started 1790055737494 core=5
  piece of job 34 started 1790055737498 core=0
  piece of job 34 started 1790055737503 core=1
job 84_COPY_60 end 1790055747808
job 85_XPY_48 started 1790055747819 core=4
  piece of job 34 end 1790055779047 core=1
  piece of job 34 end 1790055779065 core=5
  piece of job 34 end 1790055784463 core=0
job 34_TGAMMA_120 end 1790055784463
job 35_TGAMMA_60 started 1790055784464 core=4
  piece of job 35 started 1790055784486 core=5
  piece of job 35 started 1790055784486 core=1
  piece of job 35 started 1790055784487 core=0
  piece of job 35 end 1790055804686 core=1
  piece of job 35 end 1790055804747 core=5
  piece of job 35 end 1790055807892 core=0
job 35_TGAMMA_60 end 1790055807899
job 36_TGAMMA_60 started 1790055807899 core=4
  piece of job 36 started 1790055807922 core=1
  piece of job 36 started 1790055807929 core=0
  piece of job 36 started 1790055807922 core=5
job 85_XPY_48 end 1790055809264
job 86_COPY_60 started 1790055809264 core=4
  piece of job 36 end 1790055826987 core=1
  piece of job 36 end 1790055827115 core=5
  piece of job 36 end 1790055831390 core=0
job 36_TGAMMA_60 end 1790055831391
job 37_TGAMMA_60 started 1790055831391 core=4
  piece of job 37 started 1790055831414 core=1
  piece of job 37 started 1790055831419 core=5
  piece of job 37 started 1790055831414 core=0
  piece of job 37 end 1790055849252 core=1
  piece of job 37 end 1790055849497 core=5
  piece of job 37 end 1790055854860 core=0
job 37_TGAMMA_60 end 1790055854860
job 38_TGAMMA_120 started 1790055854860 core=4
  piece of job 38 started 1790055854883 core=1
  piece of job 38 started 1790055854883 core=5
  piece of job 38 started 1790055854883 core=0
job 86_COPY_60 end 1790055882447
job 87_COPY_60 started 1790055882447 core=4
  piece of job 38 end 1790055894358 core=1
  piece of job 38 end 1790055894708 core=5
  piece of job 38 end 1790055901582 core=0
job 38_TGAMMA_120 end 1790055901604
job 39_TGAMMA_60 started 1790055901604 core=4
  piece of job 39 started 1790055901628 core=1
  piece of job 39 started 1790055901632 core=0
  piece of job 39 started 1790055901628 core=5
  piece of job 39 end 1790055916619 core=1
  piece of job 39 end 1790055916894 core=5
  piece of job 39 end 1790055924843 core=0
job 39_TGAMMA_60 end 1790055924849
job 40_TGAMMA_12 started 1790055924849 core=4
  piece of job 40 started 1790055924873 core=5
  piece of job 40 started 1790055924880 core=0
  piece of job 40 started 1790055924873 core=1
  piece of job 40 end 1790055929456 core=1
  piece of job 40 end 1790055929462 core=5
  piece of job 40 end 1790055929545 core=0
job 40_TGAMMA_12 end 1790055929547
job 41_TGAMMA_120 started 1790055929547 core=4
  piece of job 41 started 1790055929571 core=5
  piece of job 41 started 1790055929581 core=0
  piece of job 41 started 1790055929571 core=1
job 87_COPY_60 end 1790055954190
job 88_COPY_84 started 1790055954191 core=4
  piece of job 41 end 1790055966412 core=1
  piece of job 41 end 1790055966615 core=5
  piece of job 41 end 1790055976146 core=0
job 41_TGAMMA_120 end 1790055976147
job 42_TGAMMA_60 started 1790055976147 core=4
  piece of job 42 started 1790055976171 core=1
  piece of job 42 started 1790055976171 core=5
  piece of job 42 started 1790055976183 core=0
  piece of job 42 end 1790055988850 core=1
  piece of job 42 end 1790055989121 core=5
  piece of job 42 end 1790055999407 core=0
job 42_TGAMMA_60 end 1790055999407
job 43_TGAMMA_60 started 1790055999407 core=4
  piece of job 43 started 1790055999431 core=5
  piece of job 43 started 1790055999431 core=1
  piece of job 43 started 1790055999443 core=0
  piece of job 43 end 1790056022327 core=1
  piece of job 43 end 1790056022393 core=5
  piece of job 43 end 1790056022738 core=0
job 43_TGAMMA_60 end 1790056022738
job 44_TGAMMA_60 started 1790056022738 core=4
  piece of job 44 started 1790056022762 core=5
  piece of job 44 started 1790056022763 core=0
  piece of job 44 started 1790056022762 core=1
  piece of job 44 end 1790056038888 core=1
  piece of job 44 end 1790056038890 core=5
  piece of job 44 end 1790056046052 core=0
job 44_TGAMMA_60 end 1790056046057
job 45_TGAMMA_12 started 1790056046057 core=4
  piece of job 45 started 1790056046081 core=5
  piece of job 45 started 1790056046089 core=0
  piece of job 45 started 1790056046081 core=1
  piece of job 45 end 1790056048826 core=1
  piece of job 45 end 1790056048837 core=5
  piece of job 45 end 1790056050730 core=0
job 45_TGAMMA_12 end 1790056050730
job 46_TGAMMA_12 started 1790056050730 core=4
  piece of job 46 started 1790056050754 core=5
  piece of job 46 started 1790056050754 core=1
  piece of job 46 started 1790056050766 core=0
job 88_COPY_84 end 1790056053901
job 89_XPY_60 started 1790056053901 core=4
  piece of job 46 end 1790056055325 core=5
  piece of job 46 end 1790056055328 core=1
  piece of job 46 end 1790056055402 core=0
job 46_TGAMMA_12 end 1790056055405
job 47_TGAMMA_120 started 1790056055405 core=4
  piece of job 47 started 1790056055428 core=5
  piece of job 47 started 1790056055431 core=1
  piece of job 47 started 1790056055438 core=0
  piece of job 47 end 1790056098196 core=1
  piece of job 47 end 1790056098370 core=5
  piece of job 47 end 1790056102421 core=0
job 47_TGAMMA_120 end 1790056102445
job 48_TGAMMA_12 started 1790056102445 core=4
  piece of job 48 started 1790056102458 core=1
  piece of job 48 started 1790056102458 core=5
  piece of job 48 started 1790056102458 core=0
  piece of job 48 end 1790056107031 core=1
  piece of job 48 end 1790056107050 core=5
  piece of job 48 end 1790056107123 core=0
job 48_TGAMMA_12 end 1790056107125
job 49_TGAMMA_60 started 1790056107125 core=4
  piece of job 49 started 1790056107148 core=1
  piece of job 49 started 1790056107159 core=0
  piece of job 49 started 1790056107148 core=5
  piece of job 49 end 1790056125680 core=1
  piece of job 49 end 1790056125726 core=5
  piece of job 49 end 1790056127239 core=0
job 49_TGAMMA_60 end 1790056127239
job 50_TGAMMA_12 started 1790056127239 core=4
  piece of job 50 started 1790056127261 core=5
  piece of job 50 started 1790056127261 core=1
  piece of job 50 started 1790056127261 core=0
  piece of job 50 end 1790056129556 core=1
  piece of job 50 end 1790056129562 core=5
  piece of job 50 end 1790056129596 core=0
job 50_TGAMMA_12 end 1790056129596
job 51_TGAMMA_12 started 1790056129596 core=4
  piece of job 51 started 1790056129619 core=5
  piece of job 51 started 1790056129619 core=1
  piece of job 51 started 1790056129619 core=0
job 89_XPY_60 end 1790056130355
job 90_SUM_84 started 1790056130356 core=4
  piece of job 51 end 1790056131907 core=1
  piece of job 51 end 1790056131912 core=5
  piece of job 51 end 1790056131957 core=0
job 51_TGAMMA_12 end 1790056131957
job 52_TGAMMA_60 started 1790056131957 core=4
  piece of job 52 started 1790056131979 core=5
  piece of job 52 started 1790056131979 core=0
  piece of job 52 started 1790056131979 core=1
  piece of job 52 end 1790056143441 core=1
  piece of job 52 end 1790056143467 core=5
  piece of job 52 end 1790056143630 core=0
job 52_TGAMMA_60 end 1790056143638
job 53_TGAMMA_60 started 1790056143638 core=4
  piece of job 53 started 1790056143660 core=5
  piece of job 53 started 1790056143660 core=1
  piece of job 53 started 1790056143660 core=0
  piece of job 53 end 1790056155130 core=1
  piece of job 53 end 1790056155297 core=0
  piece of job 53 end 1790056156048 core=5
job 53_TGAMMA_60 end 1790056156049
job 54_TGAMMA_120 started 1790056156049 core=4
  piece of job 54 started 1790056156061 core=0
  piece of job 54 started 1790056156062 core=1
  piece of job 54 started 1790056156074 core=5
job 90_SUM_84 end 1790056168792
job 91_COPY_60 started 1790056168792 core=4
  piece of job 54 end 1790056179373 core=1
  piece of job 54 end 1790056179711 core=0
  piece of job 54 end 1790056201979 core=5
job 54_TGAMMA_120 end 1790056201980
job 55_TGAMMA_120 started 1790056201980 core=4
  piece of job 55 started 1790056201992 core=0
  piece of job 55 started 1790056201993 core=1
  piece of job 55 started 1790056201993 core=5
job 91_COPY_60 end 1790056211647
job 92_XPY_48 started 1790056211647 core=4
  piece of job 55 end 1790056225264 core=1
  piece of job 55 end 1790056225884 core=0
  piece of job 55 end 1790056247714 core=5
job 55_TGAMMA_120 end 1790056247715
job 56_TGAMMA_120 started 1790056247715 core=4
  piece of job 56 started 1790056247739 core=0
  piece of job 56 started 1790056247740 core=5
  piece of job 56 started 1790056247739 core=1
job 92_XPY_48 end 1790056254793
job 93_DOT_36 started 1790056254803 core=4
  piece of job 56 end 1790056291911 core=1
  piece of job 56 end 1790056293437 core=5
  piece of job 56 end 1790056293856 core=0
job 56_TGAMMA_120 end 1790056293856
job 57_TGAMMA_120 started 1790056293856 core=4
  piece of job 57 started 1790056293880 core=5
  piece of job 57 started 1790056293880 core=1
  piece of job 57 started 1790056293880 core=0
job 93_DOT_36 end 1790056306639
job 94_DOT_36 started 1790056306650 core=4
  piece of job 57 end 1790056338312 core=1
  piece of job 57 end 1790056339043 core=5
  piece of job 57 end 1790056340226 core=0
job 57_TGAMMA_120 end 1790056340226
job 58_TGAMMA_12 started 1790056340226 core=4
  piece of job 58 started 1790056340250 core=1
  piece of job 58 started 1790056340254 core=5
  piece of job 58 started 1790056340250 core=0
  piece of job 58 end 1790056343145 core=1
  piece of job 58 end 1790056343563 core=5
  piece of job 58 end 1790056344886 core=0
job 58_TGAMMA_12 end 1790056344887
job 59_TGAMMA_60 started 1790056344887 core=4
  piece of job 59 started 1790056344911 core=5
  piece of job 59 started 1790056344911 core=1
  piece of job 59 started 1790056344923 core=0
job 94_DOT_36 end 1790056355010
job 95_COPY_60 started 1790056355021 core=4
  piece of job 59 end 1790056366056 core=1
  piece of job 59 end 1790056366457 core=5
  piece of job 59 end 1790056367991 core=0
job 59_TGAMMA_60 end 1790056367997
job 60_TGAMMA_120 started 1790056367997 core=4
  piece of job 60 started 1790056368021 core=0
  piece of job 60 started 1790056368021 core=5
  piece of job 60 started 1790056368021 core=1
  piece of job 60 end 1790056411070 core=1
  piece of job 60 end 1790056411622 core=5
  piece of job 60 end 1790056414272 core=0
job 60_TGAMMA_120 end 1790056414273
job 61_TGAMMA_60 started 1790056414273 core=4
  piece of job 61 started 1790056414296 core=5
  piece of job 61 started 1790056414298 core=0
  piece of job 61 started 1790056414296 core=1
  piece of job 61 end 1790056437154 core=1
  piece of job 61 end 1790056437174 core=5
  piece of job 61 end 1790056437357 core=0
job 61_TGAMMA_60 end 1790056437364
job 62_TGAMMA_60 started 1790056437364 core=4
  piece of job 62 started 1790056437388 core=5
  piece of job 62 started 1790056437393 core=0
  piece of job 62 started 1790056437388 core=1
job 95_COPY_60 end 1790056446095
job 96_COPY_84 started 1790056446095 core=4
  piece of job 62 end 1790056455794 core=1
  piece of job 62 end 1790056456587 core=5
  piece of job 62 end 1790056460489 core=0
job 62_TGAMMA_60 end 1790056460489
job 63_TGAMMA_12 started 1790056460489 core=4
  piece of job 63 started 1790056460513 core=5
  piece of job 63 started 1790056460515 core=0
  piece of job 63 started 1790056460513 core=1
  piece of job 63 end 1790056465090 core=1
  piece of job 63 end 1790056465093 core=5
  piece of job 63 end 1790056465162 core=0
job 63_TGAMMA_12 end 1790056465163
job 64_TGAMMA_60 started 1790056465163 core=4
  piece of job 64 started 1790056465186 core=5
  piece of job 64 started 1790056465188 core=0
  piece of job 64 started 1790056465186 core=1
  piece of job 64 end 1790056486568 core=1
  piece of job 64 end 1790056486659 core=5
  piece of job 64 end 1790056488293 core=0
job 64_TGAMMA_60 end 1790056488302
job 65_TGAMMA_60 started 1790056488302 core=4
  piece of job 65 started 1790056488326 core=0
  piece of job 65 started 1790056488326 core=1
  piece of job 65 started 1790056488326 core=5
  piece of job 65 end 1790056511192 core=1
  piece of job 65 end 1790056511245 core=5
  piece of job 65 end 1790056511441 core=0
job 65_TGAMMA_60 end 1790056511442
job 66_TGAMMA_12 started 1790056511442 core=4
  piece of job 66 started 1790056511465 core=5
  piece of job 66 started 1790056511467 core=0
  piece of job 66 started 1790056511465 core=1
  piece of job 66 end 1790056516025 core=1
  piece of job 66 end 1790056516045 core=5
  piece of job 66 end 1790056516055 core=0
job 66_TGAMMA_12 end 1790056516069
job 67_TGAMMA_120 started 1790056516069 core=4
  piece of job 67 started 1790056516094 core=1
  piece of job 67 started 1790056516105 core=0
  piece of job 67 started 1790056516094 core=5
  piece of job 67 end 1790056558810 core=1
  piece of job 67 end 1790056559188 core=5
  piece of job 67 end 1790056562448 core=0
job 67_TGAMMA_120 end 1790056562458
job 68_TGAMMA_60 started 1790056562458 core=4
  piece of job 68 started 1790056562482 core=0
  piece of job 68 started 1790056562482 core=5
  piece of job 68 started 1790056562482 core=1
job 96_COPY_84 end 1790056571750
job 97_DOT_36 started 1790056571750 core=4
  piece of job 68 end 1790056581072 core=1
  piece of job 68 end 1790056581629 core=5
  piece of job 68 end 1790056585454 core=0
job 68_TGAMMA_60 end 1790056585460
job 69_TGAMMA_120 started 1790056585460 core=4
  piece of job 69 started 1790056585484 core=0
  piece of job 69 started 1790056585487 core=1
  piece of job 69 started 1790056585484 core=5
job 97_DOT_36 end 1790056619149
job 98_SUM_132 started 1790056619149 core=4
  piece of job 69 end 1790056626601 core=1
  piece of job 69 end 1790056627280 core=5
  piece of job 69 end 1790056631657 core=0
job 69_TGAMMA_120 end 1790056631678
job 70_TGAMMA_12 started 1790056631678 core=4
  piece of job 70 started 1790056631691 core=1
  piece of job 70 started 1790056631696 core=0
  piece of job 70 started 1790056631691 core=5
  piece of job 70 end 1790056636256 core=0
  piece of job 70 end 1790056636269 core=5
  piece of job 70 end 1790056636273 core=1
job 70_TGAMMA_12 end 1790056636284
job 71_TGAMMA_60 started 1790056636284 core=4
  piece of job 71 started 1790056636297 core=0
  piece of job 71 started 1790056636297 core=1
  piece of job 71 started 1790056636313 core=5
  piece of job 71 end 1790056659127 core=1
  piece of job 71 end 1790056659189 core=5
  piece of job 71 end 1790056659189 core=0
job 71_TGAMMA_60 end 1790056659196
job 72_TGAMMA_120 started 1790056659196 core=4
  piece of job 72 started 1790056659220 core=1
  piece of job 72 started 1790056659225 core=5
  piece of job 72 started 1790056659226 core=0
  piece of job 72 end 1790056699408 core=1
  piece of job 72 end 1790056700547 core=5
  piece of job 72 end 1790056705086 core=0
job 72_TGAMMA_120 end 1790056705093
job 98_SUM_132 end 1790056723735
job 99_SUM_132 started 1790056723736 core=5
job 99_SUM_132 end 1790056833716
  итерация 0: 1933719 ms
  среднее по 1 итерациям: 1933719 ms
  реальных ожиданий свободного ядра: 0  (блокировок в задачах не было)
=== Выполняется проект: ml_two_chain_3.txt (100 работ, перестановка ORDER) ===
fake 3 started 1790056833718 delay_ms=1
fake 3 end 1790056833719
fake 2 started 1790056833719 delay_ms=0
fake 2 end 1790056833719
fake 0 started 1790056833719 delay_ms=0
fake 0 end 1790056833719
fake 1 started 1790056833719 delay_ms=0
fake 1 end 1790056833719
job 73_SUM_108 started 1790056833719 core=0
job 0_TGAMMA_60 started 1790056833727 core=5
  piece of job 0 started 1790056833729 core=1
  piece of job 0 started 1790056833729 core=5
  piece of job 0 started 1790056833729 core=4
  piece of job 0 end 1790056851223 core=1
  piece of job 0 end 1790056851496 core=4
  piece of job 0 end 1790056856638 core=5
job 0_TGAMMA_60 end 1790056856638
job 1_TGAMMA_120 started 1790056856638 core=4
  piece of job 1 started 1790056856649 core=4
  piece of job 1 started 1790056856650 core=1
  piece of job 1 started 1790056856661 core=5
job 73_SUM_108 end 1790056895983
job 74_XPY_60 started 1790056895997 core=0
  piece of job 1 end 1790056896654 core=1
  piece of job 1 end 1790056898143 core=4
  piece of job 1 end 1790056902396 core=5
job 1_TGAMMA_120 end 1790056902397
job 2_TGAMMA_12 started 1790056902407 core=5
  piece of job 2 started 1790056902408 core=5
  piece of job 2 started 1790056902408 core=1
  piece of job 2 started 1790056902408 core=4
  piece of job 2 end 1790056907012 core=5
  piece of job 2 end 1790056907015 core=1
  piece of job 2 end 1790056907062 core=4
job 2_TGAMMA_12 end 1790056907062
job 3_TGAMMA_60 started 1790056907072 core=4
  piece of job 3 started 1790056907073 core=4
  piece of job 3 started 1790056907073 core=1
  piece of job 3 started 1790056907085 core=5
  piece of job 3 end 1790056930013 core=1
  piece of job 3 end 1790056930087 core=5
  piece of job 3 end 1790056930564 core=4
job 3_TGAMMA_60 end 1790056930565
job 4_TGAMMA_120 started 1790056930565 core=4
  piece of job 4 started 1790056930575 core=4
  piece of job 4 started 1790056930576 core=1
  piece of job 4 started 1790056930590 core=5
  piece of job 4 end 1790056970055 core=1
job 74_XPY_60 end 1790056971113
job 75_SUM_132 started 1790056971124 core=0
  piece of job 4 end 1790056974647 core=4
  piece of job 4 end 1790056976121 core=5
job 4_TGAMMA_120 end 1790056976122
job 5_TGAMMA_120 started 1790056976122 core=0
  piece of job 5 started 1790056976145 core=1
  piece of job 5 started 1790056976147 core=4
  piece of job 5 started 1790056976145 core=5
  piece of job 5 end 1790057015593 core=1
  piece of job 5 end 1790057021572 core=4
  piece of job 5 end 1790057021893 core=5
job 5_TGAMMA_120 end 1790057021893
job 6_TGAMMA_12 started 1790057021894 core=4
  piece of job 6 started 1790057021905 core=4
  piece of job 6 started 1790057021905 core=1
  piece of job 6 started 1790057021917 core=5
  piece of job 6 end 1790057024768 core=1
  piece of job 6 end 1790057026449 core=4
  piece of job 6 end 1790057026494 core=5
job 6_TGAMMA_12 end 1790057026495
job 7_TGAMMA_12 started 1790057026495 core=0
  piece of job 7 started 1790057026518 core=1
  piece of job 7 started 1790057026520 core=4
  piece of job 7 started 1790057026518 core=5
  piece of job 7 end 1790057031097 core=1
  piece of job 7 end 1790057031111 core=5
  piece of job 7 end 1790057031182 core=4
job 7_TGAMMA_12 end 1790057031182
job 8_TGAMMA_60 started 1790057031192 core=0
  piece of job 8 started 1790057031204 core=5
  piece of job 8 started 1790057031207 core=1
  piece of job 8 started 1790057031204 core=4
job 75_SUM_132 end 1790057048107
job 76_XPY_48 started 1790057048107 core=0
  piece of job 8 end 1790057052022 core=1
  piece of job 8 end 1790057053835 core=5
  piece of job 8 end 1790057054436 core=4
job 8_TGAMMA_60 end 1790057054446
job 9_TGAMMA_12 started 1790057054446 core=0
  piece of job 9 started 1790057054470 core=1
  piece of job 9 started 1790057054473 core=4
  piece of job 9 started 1790057054470 core=5
  piece of job 9 end 1790057059052 core=1
  piece of job 9 end 1790057059063 core=5
  piece of job 9 end 1790057059167 core=4
job 9_TGAMMA_12 end 1790057059167
job 10_TGAMMA_120 started 1790057059167 core=0
  piece of job 10 started 1790057059191 core=1
  piece of job 10 started 1790057059191 core=5
  piece of job 10 started 1790057059203 core=4
  piece of job 10 end 1790057101400 core=1
  piece of job 10 end 1790057103845 core=5
  piece of job 10 end 1790057106128 core=4
job 10_TGAMMA_120 end 1790057106129
job 11_TGAMMA_60 started 1790057106129 core=0
  piece of job 11 started 1790057106151 core=5
  piece of job 11 started 1790057106152 core=4
  piece of job 11 started 1790057106151 core=1
job 76_XPY_48 end 1790057109522
job 77_SUM_84 started 1790057109523 core=0
  piece of job 11 end 1790057123678 core=1
  piece of job 11 end 1790057126212 core=5
  piece of job 11 end 1790057129401 core=4
job 11_TGAMMA_60 end 1790057129410
job 12_TGAMMA_12 started 1790057129410 core=0
  piece of job 12 started 1790057129423 core=1
  piece of job 12 started 1790057129426 core=4
  piece of job 12 started 1790057129423 core=5
  piece of job 12 end 1790057134012 core=1
  piece of job 12 end 1790057134018 core=5
  piece of job 12 end 1790057134086 core=4
job 12_TGAMMA_12 end 1790057134090
job 13_TGAMMA_120 started 1790057134090 core=0
  piece of job 13 started 1790057134113 core=1
  piece of job 13 started 1790057134123 core=4
  piece of job 13 started 1790057134113 core=5
job 77_SUM_84 end 1790057158479
job 78_XPY_48 started 1790057158479 core=0
  piece of job 13 end 1790057173125 core=1
  piece of job 13 end 1790057175912 core=5
  piece of job 13 end 1790057180577 core=4
job 13_TGAMMA_120 end 1790057180578
job 14_TGAMMA_120 started 1790057180578 core=0
  piece of job 14 started 1790057180601 core=5
  piece of job 14 started 1790057180601 core=1
  piece of job 14 started 1790057180601 core=4
  piece of job 14 end 1790057218738 core=1
job 78_XPY_48 end 1790057219425
job 79_COPY_84 started 1790057219425 core=0
  piece of job 14 end 1790057221541 core=5
  piece of job 14 end 1790057227315 core=4
job 14_TGAMMA_120 end 1790057227332
job 15_TGAMMA_12 started 1790057227332 core=0
  piece of job 15 started 1790057227355 core=1
  piece of job 15 started 1790057227365 core=4
  piece of job 15 started 1790057227366 core=5
  piece of job 15 end 1790057231936 core=1
  piece of job 15 end 1790057231949 core=5
  piece of job 15 end 1790057232038 core=4
job 15_TGAMMA_12 end 1790057232049
job 16_TGAMMA_60 started 1790057232049 core=0
  piece of job 16 started 1790057232062 core=1
  piece of job 16 started 1790057232062 core=5
  piece of job 16 started 1790057232062 core=4
  piece of job 16 end 1790057245324 core=1
  piece of job 16 end 1790057248168 core=5
  piece of job 16 end 1790057255450 core=4
job 16_TGAMMA_60 end 1790057255453
job 17_TGAMMA_12 started 1790057255453 core=0
  piece of job 17 started 1790057255477 core=5
  piece of job 17 started 1790057255487 core=4
  piece of job 17 started 1790057255477 core=1
  piece of job 17 end 1790057260073 core=1
  piece of job 17 end 1790057260141 core=5
  piece of job 17 end 1790057260156 core=4
job 17_TGAMMA_12 end 1790057260165
job 18_TGAMMA_12 started 1790057260165 core=0
  piece of job 18 started 1790057260189 core=5
  piece of job 18 started 1790057260193 core=4
  piece of job 18 started 1790057260189 core=1
  piece of job 18 end 1790057264793 core=1
  piece of job 18 end 1790057264920 core=5
  piece of job 18 end 1790057264924 core=4
job 18_TGAMMA_12 end 1790057264932
job 19_TGAMMA_60 started 1790057264932 core=0
  piece of job 19 started 1790057264945 core=1
  piece of job 19 started 1790057264947 core=4
  piece of job 19 started 1790057264956 core=5
  piece of job 19 end 1790057283483 core=1
  piece of job 19 end 1790057285693 core=5
  piece of job 19 end 1790057288599 core=4
job 19_TGAMMA_60 end 1790057288599
job 20_TGAMMA_120 started 1790057288599 core=0
  piece of job 20 started 1790057288622 core=1
  piece of job 20 started 1790057288622 core=5
  piece of job 20 started 1790057288635 core=4
job 79_COPY_84 end 1790057322789
job 80_SUM_84 started 1790057322789 core=0
  piece of job 20 end 1790057331491 core=1
  piece of job 20 end 1790057331695 core=5
  piece of job 20 end 1790057335632 core=4
job 20_TGAMMA_120 end 1790057335637
job 21_TGAMMA_12 started 1790057335637 core=0
  piece of job 21 started 1790057335660 core=1
  piece of job 21 started 1790057335660 core=5
  piece of job 21 started 1790057335669 core=4
  piece of job 21 end 1790057337952 core=1
  piece of job 21 end 1790057337957 core=5
  piece of job 21 end 1790057340231 core=4
job 21_TGAMMA_12 end 1790057340231
job 22_TGAMMA_60 started 1790057340231 core=0
  piece of job 22 started 1790057340255 core=1
  piece of job 22 started 1790057340255 core=5
  piece of job 22 started 1790057340267 core=4
  piece of job 22 end 1790057363178 core=1
  piece of job 22 end 1790057363223 core=5
  piece of job 22 end 1790057363570 core=4
job 22_TGAMMA_60 end 1790057363570
job 23_TGAMMA_12 started 1790057363570 core=0
  piece of job 23 started 1790057363593 core=1
  piece of job 23 started 1790057363593 core=4
  piece of job 23 started 1790057363593 core=5
  piece of job 23 end 1790057368167 core=1
  piece of job 23 end 1790057368186 core=5
  piece of job 23 end 1790057368262 core=4
job 23_TGAMMA_12 end 1790057368267
job 24_TGAMMA_60 started 1790057368267 core=0
  piece of job 24 started 1790057368291 core=5
  piece of job 24 started 1790057368298 core=4
  piece of job 24 started 1790057368291 core=1
job 80_SUM_84 end 1790057372088
job 81_DOT_84 started 1790057372098 core=0
  piece of job 24 end 1790057387936 core=1
  piece of job 24 end 1790057387981 core=5
  piece of job 24 end 1790057391667 core=4
job 24_TGAMMA_60 end 1790057391667
job 25_TGAMMA_12 started 1790057391667 core=0
  piece of job 25 started 1790057391691 core=5
  piece of job 25 started 1790057391691 core=1
  piece of job 25 started 1790057391691 core=4
  piece of job 25 end 1790057396278 core=1
  piece of job 25 end 1790057396286 core=5
  piece of job 25 end 1790057396383 core=4
job 25_TGAMMA_12 end 1790057396391
job 26_TGAMMA_120 started 1790057396391 core=0
  piece of job 26 started 1790057396415 core=5
  piece of job 26 started 1790057396419 core=4
  piece of job 26 started 1790057396415 core=1
  piece of job 26 end 1790057437440 core=1
  piece of job 26 end 1790057437632 core=5
  piece of job 26 end 1790057443241 core=4
job 26_TGAMMA_120 end 1790057443251
job 27_TGAMMA_60 started 1790057443251 core=0
  piece of job 27 started 1790057443274 core=1
  piece of job 27 started 1790057443278 core=4
  piece of job 27 started 1790057443274 core=5
  piece of job 27 end 1790057466212 core=1
  piece of job 27 end 1790057466261 core=5
  piece of job 27 end 1790057466685 core=4
job 27_TGAMMA_60 end 1790057466693
job 28_TGAMMA_12 started 1790057466693 core=0
  piece of job 28 started 1790057466706 core=5
  piece of job 28 started 1790057466709 core=4
  piece of job 28 started 1790057466706 core=1
job 81_DOT_84 end 1790057468025
job 82_COPY_84 started 1790057468025 core=0
  piece of job 28 end 1790057471111 core=1
  piece of job 28 end 1790057471283 core=5
  piece of job 28 end 1790057471366 core=4
job 28_TGAMMA_12 end 1790057471370
job 29_TGAMMA_12 started 1790057471370 core=0
  piece of job 29 started 1790057471393 core=1
  piece of job 29 started 1790057471393 core=5
  piece of job 29 started 1790057471403 core=4
  piece of job 29 end 1790057473687 core=1
  piece of job 29 end 1790057473689 core=5
  piece of job 29 end 1790057476052 core=4
job 29_TGAMMA_12 end 1790057476052
job 30_TGAMMA_12 started 1790057476052 core=0
  piece of job 30 started 1790057476075 core=1
  piece of job 30 started 1790057476075 core=5
  piece of job 30 started 1790057476076 core=4
  piece of job 30 end 1790057478367 core=1
  piece of job 30 end 1790057478370 core=5
  piece of job 30 end 1790057480740 core=4
job 30_TGAMMA_12 end 1790057480748
job 31_TGAMMA_60 started 1790057480748 core=0
  piece of job 31 started 1790057480772 core=1
  piece of job 31 started 1790057480775 core=5
  piece of job 31 started 1790057480776 core=4
  piece of job 31 end 1790057501455 core=1
  piece of job 31 end 1790057501521 core=5
  piece of job 31 end 1790057504190 core=4
job 31_TGAMMA_60 end 1790057504190
job 32_TGAMMA_120 started 1790057504190 core=0
  piece of job 32 started 1790057504214 core=1
  piece of job 32 started 1790057504214 core=5
  piece of job 32 started 1790057504214 core=4
  piece of job 32 end 1790057547579 core=1
  piece of job 32 end 1790057547742 core=5
  piece of job 32 end 1790057551100 core=4
job 32_TGAMMA_120 end 1790057551109
job 33_TGAMMA_60 started 1790057551109 core=0
  piece of job 33 started 1790057551133 core=1
  piece of job 33 started 1790057551137 core=4
  piece of job 33 started 1790057551143 core=5
  piece of job 33 end 1790057569573 core=1
  piece of job 33 end 1790057569631 core=5
job 82_COPY_84 end 1790057570437
job 83_XPY_48 started 1790057570437 core=0
  piece of job 33 end 1790057574565 core=4
job 33_TGAMMA_60 end 1790057574576
job 34_TGAMMA_120 started 1790057574576 core=0
  piece of job 34 started 1790057574589 core=5
  piece of job 34 started 1790057574589 core=1
  piece of job 34 started 1790057574589 core=4
  piece of job 34 end 1790057614953 core=1
  piece of job 34 end 1790057615096 core=5
  piece of job 34 end 1790057621633 core=4
job 34_TGAMMA_120 end 1790057621643
job 35_TGAMMA_60 started 1790057621643 core=0
  piece of job 35 started 1790057621655 core=1
  piece of job 35 started 1790057621655 core=5
  piece of job 35 started 1790057621657 core=4
job 83_XPY_48 end 1790057631114
job 84_XPY_48 started 1790057631125 core=0
  piece of job 35 end 1790057637358 core=1
  piece of job 35 end 1790057637425 core=5
  piece of job 35 end 1790057644883 core=4
job 35_TGAMMA_60 end 1790057644894
job 36_TGAMMA_60 started 1790057644894 core=0
  piece of job 36 started 1790057644896 core=4
  piece of job 36 started 1790057644896 core=5
  piece of job 36 started 1790057644896 core=1
  piece of job 36 end 1790057667812 core=1
  piece of job 36 end 1790057667843 core=5
  piece of job 36 end 1790057668199 core=4
job 36_TGAMMA_60 end 1790057668222
job 37_TGAMMA_60 started 1790057668222 core=0
  piece of job 37 started 1790057668246 core=5
  piece of job 37 started 1790057668249 core=4
  piece of job 37 started 1790057668246 core=1
  piece of job 37 end 1790057684063 core=1
  piece of job 37 end 1790057684070 core=5
job 84_XPY_48 end 1790057691189
job 85_XPY_60 started 1790057691189 core=0
  piece of job 37 end 1790057691559 core=4
job 37_TGAMMA_60 end 1790057691569
job 38_TGAMMA_60 started 1790057691569 core=0
  piece of job 38 started 1790057691582 core=1
  piece of job 38 started 1790057691583 core=4
  piece of job 38 started 1790057691582 core=5
  piece of job 38 end 1790057707569 core=1
  piece of job 38 end 1790057707605 core=5
  piece of job 38 end 1790057714982 core=4
job 38_TGAMMA_60 end 1790057714985
job 39_TGAMMA_120 started 1790057714985 core=0
  piece of job 39 started 1790057715009 core=5
  piece of job 39 started 1790057715018 core=4
  piece of job 39 started 1790057715009 core=1
  piece of job 39 end 1790057758665 core=1
  piece of job 39 end 1790057758887 core=5
  piece of job 39 end 1790057761926 core=4
job 39_TGAMMA_120 end 1790057761927
job 40_TGAMMA_60 started 1790057761927 core=0
  piece of job 40 started 1790057761951 core=1
  piece of job 40 started 1790057761951 core=5
  piece of job 40 started 1790057761951 core=4
job 85_XPY_60 end 1790057767576
job 86_SUM_132 started 1790057767576 core=0
  piece of job 40 end 1790057782571 core=1
  piece of job 40 end 1790057782609 core=5
  piece of job 40 end 1790057785091 core=4
job 40_TGAMMA_60 end 1790057785093
job 41_TGAMMA_120 started 1790057785093 core=0
  piece of job 41 started 1790057785117 core=1
  piece of job 41 started 1790057785128 core=4
  piece of job 41 started 1790057785117 core=5
  piece of job 41 end 1790057828396 core=1
  piece of job 41 end 1790057828474 core=5
  piece of job 41 end 1790057831427 core=4
job 41_TGAMMA_120 end 1790057831428
job 42_TGAMMA_12 started 1790057831428 core=0
  piece of job 42 started 1790057831452 core=1
  piece of job 42 started 1790057831452 core=5
  piece of job 42 started 1790057831464 core=4
  piece of job 42 end 1790057836036 core=1
  piece of job 42 end 1790057836052 core=5
  piece of job 42 end 1790057836113 core=4
job 42_TGAMMA_12 end 1790057836117
job 43_TGAMMA_60 started 1790057836117 core=0
  piece of job 43 started 1790057836141 core=1
  piece of job 43 started 1790057836149 core=4
  piece of job 43 started 1790057836151 core=5
job 86_SUM_132 end 1790057843914
job 87_XPY_48 started 1790057843914 core=0
  piece of job 43 end 1790057856142 core=1
  piece of job 43 end 1790057856399 core=5
  piece of job 43 end 1790057859450 core=4
job 43_TGAMMA_60 end 1790057859459
job 44_TGAMMA_12 started 1790057859459 core=0
  piece of job 44 started 1790057859483 core=1
  piece of job 44 started 1790057859486 core=4
  piece of job 44 started 1790057859483 core=5
  piece of job 44 end 1790057864069 core=1
  piece of job 44 end 1790057864074 core=5
  piece of job 44 end 1790057864132 core=4
job 44_TGAMMA_12 end 1790057864133
job 45_TGAMMA_60 started 1790057864133 core=0
  piece of job 45 started 1790057864156 core=1
  piece of job 45 started 1790057864156 core=5
  piece of job 45 started 1790057864156 core=4
  piece of job 45 end 1790057887060 core=1
  piece of job 45 end 1790057887104 core=5
  piece of job 45 end 1790057887576 core=4
job 45_TGAMMA_60 end 1790057887589
job 46_TGAMMA_60 started 1790057887589 core=0
  piece of job 46 started 1790057887613 core=5
  piece of job 46 started 1790057887613 core=1
  piece of job 46 started 1790057887613 core=4
job 87_XPY_48 end 1790057904724
job 88_COPY_60 started 1790057904724 core=0
  piece of job 46 end 1790057906645 core=1
  piece of job 46 end 1790057907111 core=5
  piece of job 46 end 1790057910822 core=4
job 46_TGAMMA_60 end 1790057910830
job 47_TGAMMA_60 started 1790057910830 core=0
  piece of job 47 started 1790057910854 core=5
  piece of job 47 started 1790057910859 core=4
  piece of job 47 started 1790057910854 core=1
  piece of job 47 end 1790057933749 core=1
  piece of job 47 end 1790057933795 core=5
  piece of job 47 end 1790057934119 core=4
job 47_TGAMMA_60 end 1790057934119
job 48_TGAMMA_12 started 1790057934119 core=0
  piece of job 48 started 1790057934148 core=1
  piece of job 48 started 1790057934156 core=4
  piece of job 48 started 1790057934148 core=5
  piece of job 48 end 1790057938722 core=1
  piece of job 48 end 1790057938726 core=5
  piece of job 48 end 1790057938798 core=4
job 48_TGAMMA_12 end 1790057938804
job 49_TGAMMA_120 started 1790057938804 core=0
  piece of job 49 started 1790057938828 core=1
  piece of job 49 started 1790057938836 core=4
  piece of job 49 started 1790057938828 core=5
job 88_COPY_60 end 1790057976593
job 89_XPY_48 started 1790057976593 core=0
  piece of job 49 end 1790057978632 core=1
  piece of job 49 end 1790057979239 core=5
  piece of job 49 end 1790057985221 core=4
job 49_TGAMMA_120 end 1790057985223
job 50_TGAMMA_12 started 1790057985223 core=0
  piece of job 50 started 1790057985247 core=1
  piece of job 50 started 1790057985247 core=5
  piece of job 50 started 1790057985259 core=4
  piece of job 50 end 1790057989829 core=1
  piece of job 50 end 1790057989838 core=5
  piece of job 50 end 1790057989885 core=4
job 50_TGAMMA_12 end 1790057989893
job 51_TGAMMA_60 started 1790057989893 core=0
  piece of job 51 started 1790057989906 core=5
  piece of job 51 started 1790057989909 core=4
  piece of job 51 started 1790057989906 core=1
  piece of job 51 end 1790058010650 core=1
  piece of job 51 end 1790058011080 core=5
  piece of job 51 end 1790058013215 core=4
job 51_TGAMMA_60 end 1790058013224
job 52_TGAMMA_120 started 1790058013224 core=0
  piece of job 52 started 1790058013236 core=1
  piece of job 52 started 1790058013236 core=5
  piece of job 52 started 1790058013238 core=4
job 89_XPY_48 end 1790058036190
job 90_COPY_84 started 1790058036191 core=0
  piece of job 52 end 1790058056130 core=1
  piece of job 52 end 1790058056180 core=5
  piece of job 52 end 1790058059733 core=4
job 52_TGAMMA_120 end 1790058059734
job 53_TGAMMA_120 started 1790058059734 core=0
  piece of job 53 started 1790058059757 core=1
  piece of job 53 started 1790058059757 core=5
  piece of job 53 started 1790058059770 core=4
  piece of job 53 end 1790058083015 core=5
  piece of job 53 end 1790058084888 core=4
  piece of job 53 end 1790058095458 core=1
job 53_TGAMMA_120 end 1790058095459
job 54_TGAMMA_120 started 1790058095459 core=0
  piece of job 54 started 1790058095471 core=4
  piece of job 54 started 1790058095472 core=5
  piece of job 54 started 1790058095489 core=1
job 90_COPY_84 end 1790058111878
job 91_SUM_84 started 1790058111878 core=0
  piece of job 54 end 1790058119068 core=5
  piece of job 54 end 1790058119246 core=4
job 91_SUM_84 end 1790058138361
job 92_SUM_132 started 1790058138361 core=0
  piece of job 54 end 1790058141294 core=1
job 54_TGAMMA_120 end 1790058141295
job 55_TGAMMA_120 started 1790058141295 core=0
  piece of job 55 started 1790058141308 core=4
  piece of job 55 started 1790058141308 core=5
  piece of job 55 started 1790058141327 core=1
  piece of job 55 end 1790058164801 core=4
  piece of job 55 end 1790058164985 core=5
job 92_SUM_132 end 1790058181365
job 93_DOT_36 started 1790058181366 core=0
  piece of job 55 end 1790058187088 core=1
job 55_TGAMMA_120 end 1790058187102
job 56_TGAMMA_120 started 1790058187102 core=0
  piece of job 56 started 1790058187114 core=4
  piece of job 56 started 1790058187115 core=5
  piece of job 56 started 1790058187127 core=1
job 93_DOT_36 end 1790058204640
job 94_XPY_48 started 1790058204640 core=0
  piece of job 56 end 1790058211987 core=5
  piece of job 56 end 1790058212216 core=4
  piece of job 56 end 1790058232753 core=1
job 56_TGAMMA_120 end 1790058232763
job 57_TGAMMA_120 started 1790058232763 core=0
  piece of job 57 started 1790058232786 core=1
  piece of job 57 started 1790058232786 core=5
  piece of job 57 started 1790058232787 core=4
  piece of job 57 end 1790058278329 core=1
  piece of job 57 end 1790058278487 core=5
  piece of job 57 end 1790058278856 core=4
job 57_TGAMMA_120 end 1790058278863
job 58_TGAMMA_120 started 1790058278863 core=0
  piece of job 58 started 1790058278887 core=1
  piece of job 58 started 1790058278894 core=4
  piece of job 58 started 1790058278887 core=5
job 94_XPY_48 end 1790058282009
job 95_COPY_60 started 1790058282009 core=0
  piece of job 58 end 1790058323772 core=1
  piece of job 58 end 1790058323819 core=5
  piece of job 58 end 1790058325232 core=4
job 58_TGAMMA_120 end 1790058325233
job 59_TGAMMA_60 started 1790058325233 core=0
  piece of job 59 started 1790058325257 core=1
  piece of job 59 started 1790058325257 core=5
  piece of job 59 started 1790058325269 core=4
  piece of job 59 end 1790058345935 core=1
  piece of job 59 end 1790058346375 core=5
  piece of job 59 end 1790058348264 core=4
job 59_TGAMMA_60 end 1790058348264
job 60_TGAMMA_120 started 1790058348264 core=0
  piece of job 60 started 1790058348288 core=1
  piece of job 60 started 1790058348288 core=5
  piece of job 60 started 1790058348300 core=4
job 95_COPY_60 end 1790058366808
job 96_COPY_84 started 1790058366808 core=0
  piece of job 60 end 1790058391429 core=1
  piece of job 60 end 1790058392000 core=5
  piece of job 60 end 1790058394390 core=4
job 60_TGAMMA_120 end 1790058394395
job 61_TGAMMA_12 started 1790058394395 core=0
  piece of job 61 started 1790058394419 core=4
  piece of job 61 started 1790058394419 core=1
  piece of job 61 started 1790058394431 core=5
  piece of job 61 end 1790058398995 core=1
  piece of job 61 end 1790058399001 core=5
  piece of job 61 end 1790058399043 core=4
job 61_TGAMMA_12 end 1790058399043
job 62_TGAMMA_120 started 1790058399043 core=0
  piece of job 62 started 1790058399067 core=5
  piece of job 62 started 1790058399069 core=4
  piece of job 62 started 1790058399067 core=1
  piece of job 62 end 1790058441239 core=1
  piece of job 62 end 1790058441960 core=5
  piece of job 62 end 1790058445125 core=4
job 62_TGAMMA_120 end 1790058445127
job 63_TGAMMA_120 started 1790058445127 core=0
  piece of job 63 started 1790058445151 core=4
  piece of job 63 started 1790058445151 core=5
  piece of job 63 started 1790058445151 core=1
  piece of job 63 end 1790058486156 core=1
  piece of job 63 end 1790058487045 core=5
  piece of job 63 end 1790058491286 core=4
job 63_TGAMMA_120 end 1790058491286
job 64_TGAMMA_120 started 1790058491286 core=0
  piece of job 64 started 1790058491310 core=1
  piece of job 64 started 1790058491311 core=4
  piece of job 64 started 1790058491310 core=5
job 96_COPY_84 end 1790058492596
job 97_SUM_108 started 1790058492606 core=0
  piece of job 64 end 1790058531439 core=1
  piece of job 64 end 1790058532405 core=5
  piece of job 64 end 1790058537030 core=4
job 64_TGAMMA_120 end 1790058537041
job 65_TGAMMA_120 started 1790058537041 core=0
  piece of job 65 started 1790058537043 core=1
  piece of job 65 started 1790058537043 core=5
  piece of job 65 started 1790058537043 core=4
job 97_SUM_108 end 1790058576102
job 98_XPY_60 started 1790058576102 core=0
  piece of job 65 end 1790058576589 core=1
  piece of job 65 end 1790058578096 core=5
  piece of job 65 end 1790058582949 core=4
job 65_TGAMMA_120 end 1790058582950
job 66_TGAMMA_12 started 1790058582950 core=0
  piece of job 66 started 1790058582972 core=1
  piece of job 66 started 1790058582975 core=4
  piece of job 66 started 1790058582972 core=5
  piece of job 66 end 1790058587540 core=1
  piece of job 66 end 1790058587545 core=5
  piece of job 66 end 1790058587561 core=4
job 66_TGAMMA_12 end 1790058587572
job 67_TGAMMA_60 started 1790058587572 core=0
  piece of job 67 started 1790058587585 core=5
  piece of job 67 started 1790058587587 core=4
  piece of job 67 started 1790058587585 core=1
  piece of job 67 end 1790058603451 core=1
  piece of job 67 end 1790058605278 core=5
  piece of job 67 end 1790058610698 core=4
job 67_TGAMMA_60 end 1790058610707
job 68_TGAMMA_12 started 1790058610707 core=0
  piece of job 68 started 1790058610720 core=5
  piece of job 68 started 1790058610723 core=4
  piece of job 68 started 1790058610720 core=1
  piece of job 68 end 1790058614817 core=1
  piece of job 68 end 1790058615285 core=5
  piece of job 68 end 1790058615315 core=4
job 68_TGAMMA_12 end 1790058615318
job 69_TGAMMA_120 started 1790058615318 core=0
  piece of job 69 started 1790058615340 core=1
  piece of job 69 started 1790058615341 core=5
  piece of job 69 started 1790058615341 core=4
  piece of job 69 end 1790058654580 core=1
  piece of job 69 end 1790058655465 core=5
  piece of job 69 end 1790058661588 core=4
job 69_TGAMMA_120 end 1790058661590
job 70_TGAMMA_12 started 1790058661590 core=0
  piece of job 70 started 1790058661613 core=1
  piece of job 70 started 1790058661614 core=5
  piece of job 70 started 1790058661614 core=4
  piece of job 70 end 1790058663902 core=1
  piece of job 70 end 1790058663996 core=5
  piece of job 70 end 1790058666216 core=4
job 70_TGAMMA_12 end 1790058666226
job 71_TGAMMA_120 started 1790058666226 core=0
  piece of job 71 started 1790058666238 core=1
  piece of job 71 started 1790058666238 core=5
  piece of job 71 started 1790058666242 core=4
job 98_XPY_60 end 1790058668206
job 99_COPY_60 started 1790058668206 core=0
  piece of job 71 end 1790058709814 core=1
  piece of job 71 end 1790058709967 core=5
  piece of job 71 end 1790058712415 core=4
job 71_TGAMMA_120 end 1790058712426
job 72_TGAMMA_12 started 1790058759310 core=0
job 99_COPY_60 end 1790058759310
  piece of job 72 started 1790058759321 core=1
  piece of job 72 started 1790058759321 core=0
  piece of job 72 started 1790058759321 core=5
  piece of job 72 started 1790058759322 core=4
  piece of job 72 end 1790058761031 core=1
  piece of job 72 end 1790058761037 core=5
  piece of job 72 end 1790058762723 core=4
  piece of job 72 end 1790058762749 core=0
job 72_TGAMMA_12 end 1790058762749
  итерация 0: 1929031 ms
  среднее по 1 итерациям: 1929031 ms
  реальных ожиданий свободного ядра: 1
=== Выполняется проект: ml_two_chain_30.txt (100 работ, перестановка ORDER) ===
fake 3 started 1790058762752 delay_ms=1
fake 2 started 1790058762752 delay_ms=0
fake 2 end 1790058762753
fake 0 started 1790058762753 delay_ms=0
fake 0 end 1790058762753
fake 1 started 1790058762752 delay_ms=0
fake 1 end 1790058762753
job 0_TGAMMA_60 started 1790058762753 core=5
job 77_DOT_84 started 1790058762753 core=1
  piece of job 0 started 1790058762753 core=5
fake 3 end 1790058762763
  piece of job 0 started 1790058762763 core=0
  piece of job 0 started 1790058762774 core=4
  piece of job 0 end 1790058783606 core=5
  piece of job 0 end 1790058785547 core=4
  piece of job 0 end 1790058786059 core=0
job 0_TGAMMA_60 end 1790058786059
job 1_TGAMMA_120 started 1790058786069 core=0
  piece of job 1 started 1790058786070 core=0
  piece of job 1 started 1790058786070 core=4
  piece of job 1 started 1790058786070 core=5
  piece of job 1 end 1790058830269 core=5
  piece of job 1 end 1790058831710 core=4
  piece of job 1 end 1790058832374 core=0
job 1_TGAMMA_120 end 1790058832375
job 2_TGAMMA_120 started 1790058832375 core=5
  piece of job 2 started 1790058832386 core=5
  piece of job 2 started 1790058832387 core=4
  piece of job 2 started 1790058832410 core=0
job 77_DOT_84 end 1790058874484
job 78_XPY_48 started 1790058874486 core=1
  piece of job 2 end 1790058877002 core=5
  piece of job 2 end 1790058877967 core=4
  piece of job 2 end 1790058879040 core=0
job 2_TGAMMA_120 end 1790058879041
job 3_TGAMMA_12 started 1790058879049 core=1
  piece of job 3 started 1790058879072 core=5
  piece of job 3 started 1790058879077 core=0
  piece of job 3 started 1790058879072 core=4
  piece of job 3 end 1790058883625 core=4
  piece of job 3 end 1790058883698 core=0
  piece of job 3 end 1790058883724 core=5
job 3_TGAMMA_12 end 1790058883727
job 4_TGAMMA_12 started 1790058883735 core=5
  piece of job 4 started 1790058883755 core=5
  piece of job 4 started 1790058883756 core=4
  piece of job 4 started 1790058883767 core=0
  piece of job 4 end 1790058888297 core=4
  piece of job 4 end 1790058888379 core=5
  piece of job 4 end 1790058888459 core=0
job 4_TGAMMA_12 end 1790058888460
job 5_TGAMMA_60 started 1790058888460 core=1
  piece of job 5 started 1790058888483 core=4
  piece of job 5 started 1790058888485 core=5
  piece of job 5 started 1790058888483 core=0
  piece of job 5 end 1790058909418 core=5
  piece of job 5 end 1790058911317 core=4
  piece of job 5 end 1790058911772 core=0
job 5_TGAMMA_60 end 1790058911772
job 6_TGAMMA_60 started 1790058911781 core=5
  piece of job 6 started 1790058911792 core=5
  piece of job 6 started 1790058911793 core=4
  piece of job 6 started 1790058911809 core=0
  piece of job 6 end 1790058932882 core=5
  piece of job 6 end 1790058934612 core=4
  piece of job 6 end 1790058935312 core=0
job 6_TGAMMA_60 end 1790058935312
job 7_TGAMMA_12 started 1790058935312 core=1
  piece of job 7 started 1790058935335 core=4
  piece of job 7 started 1790058935337 core=5
  piece of job 7 started 1790058935335 core=0
  piece of job 7 end 1790058939891 core=4
  piece of job 7 end 1790058939994 core=5
  piece of job 7 end 1790058940027 core=0
job 7_TGAMMA_12 end 1790058940027
job 8_TGAMMA_12 started 1790058940028 core=5
  piece of job 8 started 1790058940039 core=5
  piece of job 8 started 1790058940040 core=4
  piece of job 8 started 1790058940063 core=0
  piece of job 8 end 1790058944585 core=4
  piece of job 8 end 1790058944687 core=5
  piece of job 8 end 1790058944698 core=0
job 8_TGAMMA_12 end 1790058944705
job 9_TGAMMA_12 started 1790058944706 core=5
  piece of job 9 started 1790058944716 core=5
  piece of job 9 started 1790058944723 core=4
  piece of job 9 started 1790058944733 core=0
  piece of job 9 end 1790058949264 core=4
  piece of job 9 end 1790058949373 core=5
job 78_XPY_48 end 1790058949393
job 79_DOT_84 started 1790058949393 core=1
  piece of job 9 end 1790058949463 core=0
job 9_TGAMMA_12 end 1790058949464
job 10_TGAMMA_12 started 1790058949464 core=1
  piece of job 10 started 1790058949487 core=4
  piece of job 10 started 1790058949489 core=5
  piece of job 10 started 1790058949487 core=0
  piece of job 10 end 1790058954024 core=4
  piece of job 10 end 1790058954120 core=5
  piece of job 10 end 1790058954139 core=0
job 10_TGAMMA_12 end 1790058954144
job 11_TGAMMA_12 started 1790058954144 core=1
  piece of job 11 started 1790058954156 core=5
  piece of job 11 started 1790058954163 core=0
  piece of job 11 started 1790058954156 core=4
  piece of job 11 end 1790058958715 core=4
  piece of job 11 end 1790058958769 core=5
  piece of job 11 end 1790058958869 core=0
job 11_TGAMMA_12 end 1790058958876
job 12_TGAMMA_120 started 1790058958876 core=1
  piece of job 12 started 1790058958899 core=4
  piece of job 12 started 1790058958902 core=5
  piece of job 12 started 1790058958906 core=0
  piece of job 12 end 1790059002663 core=5
  piece of job 12 end 1790059004511 core=4
  piece of job 12 end 1790059005756 core=0
job 12_TGAMMA_120 end 1790059005766
job 13_TGAMMA_60 started 1790059005777 core=1
  piece of job 13 started 1790059005789 core=4
  piece of job 13 started 1790059005792 core=5
  piece of job 13 started 1790059005793 core=0
  piece of job 13 end 1790059025818 core=5
  piece of job 13 end 1790059028655 core=4
  piece of job 13 end 1790059029214 core=0
job 13_TGAMMA_60 end 1790059029220
job 14_TGAMMA_60 started 1790059029224 core=5
  piece of job 14 started 1790059029235 core=5
  piece of job 14 started 1790059029236 core=4
  piece of job 14 started 1790059029250 core=0
  piece of job 14 end 1790059050765 core=5
  piece of job 14 end 1790059052034 core=4
  piece of job 14 end 1790059052737 core=0
job 14_TGAMMA_60 end 1790059052738
job 15_TGAMMA_60 started 1790059052748 core=1
  piece of job 15 started 1790059052771 core=4
  piece of job 15 started 1790059052774 core=0
  piece of job 15 started 1790059052775 core=5
job 79_DOT_84 end 1790059064525
job 80_COPY_84 started 1790059064548 core=1
  piece of job 15 end 1790059075559 core=4
  piece of job 15 end 1790059076115 core=5
  piece of job 15 end 1790059076146 core=0
job 15_TGAMMA_60 end 1790059076155
job 16_TGAMMA_12 started 1790059076155 core=1
  piece of job 16 started 1790059076174 core=5
  piece of job 16 started 1790059076183 core=0
  piece of job 16 started 1790059076174 core=4
  piece of job 16 end 1790059080737 core=4
  piece of job 16 end 1790059080843 core=5
  piece of job 16 end 1790059080849 core=0
job 16_TGAMMA_12 end 1790059080849
job 17_TGAMMA_60 started 1790059080850 core=1
  piece of job 17 started 1790059080873 core=4
  piece of job 17 started 1790059080880 core=5
  piece of job 17 started 1790059080873 core=0
  piece of job 17 end 1790059102017 core=5
  piece of job 17 end 1790059103663 core=4
  piece of job 17 end 1790059104123 core=0
job 17_TGAMMA_60 end 1790059104123
job 18_TGAMMA_120 started 1790059104123 core=1
  piece of job 18 started 1790059104147 core=5
  piece of job 18 started 1790059104147 core=4
  piece of job 18 started 1790059104147 core=0
  piece of job 18 end 1790059149232 core=5
  piece of job 18 end 1790059149792 core=4
  piece of job 18 end 1790059150757 core=0
job 18_TGAMMA_120 end 1790059150763
job 19_TGAMMA_60 started 1790059150763 core=1
  piece of job 19 started 1790059150787 core=5
  piece of job 19 started 1790059150794 core=0
  piece of job 19 started 1790059150787 core=4
  piece of job 19 end 1790059173583 core=4
  piece of job 19 end 1790059173930 core=0
  piece of job 19 end 1790059174240 core=5
job 19_TGAMMA_60 end 1790059174246
job 20_TGAMMA_120 started 1790059174246 core=1
  piece of job 20 started 1790059174270 core=4
  piece of job 20 started 1790059174275 core=5
  piece of job 20 started 1790059174270 core=0
job 80_COPY_84 end 1790059194629
job 81_XPY_60 started 1790059194629 core=1
  piece of job 20 end 1790059219875 core=4
  piece of job 20 end 1790059220205 core=0
  piece of job 20 end 1790059220475 core=5
job 20_TGAMMA_120 end 1790059220493
job 21_TGAMMA_120 started 1790059220493 core=1
  piece of job 21 started 1790059220516 core=0
  piece of job 21 started 1790059220526 core=5
  piece of job 21 started 1790059220516 core=4
  piece of job 21 end 1790059266119 core=0
  piece of job 21 end 1790059266226 core=4
  piece of job 21 end 1790059267321 core=5
job 21_TGAMMA_120 end 1790059267323
job 22_TGAMMA_120 started 1790059267323 core=1
  piece of job 22 started 1790059267347 core=4
  piece of job 22 started 1790059267347 core=0
  piece of job 22 started 1790059267359 core=5
job 81_XPY_60 end 1790059290063
job 82_COPY_84 started 1790059290063 core=1
  piece of job 22 end 1790059312593 core=0
  piece of job 22 end 1790059312872 core=4
  piece of job 22 end 1790059313896 core=5
job 22_TGAMMA_120 end 1790059313910
job 23_TGAMMA_12 started 1790059313910 core=1
  piece of job 23 started 1790059313932 core=0
  piece of job 23 started 1790059313933 core=5
  piece of job 23 started 1790059313932 core=4
  piece of job 23 end 1790059318488 core=4
  piece of job 23 end 1790059318598 core=0
  piece of job 23 end 1790059318609 core=5
job 23_TGAMMA_12 end 1790059318610
job 24_TGAMMA_12 started 1790059318610 core=1
  piece of job 24 started 1790059318633 core=5
  piece of job 24 started 1790059318635 core=0
  piece of job 24 started 1790059318633 core=4
  piece of job 24 end 1790059323181 core=4
  piece of job 24 end 1790059323299 core=5
  piece of job 24 end 1790059323300 core=0
job 24_TGAMMA_12 end 1790059323303
job 25_TGAMMA_12 started 1790059323303 core=1
  piece of job 25 started 1790059323327 core=4
  piece of job 25 started 1790059323335 core=5
  piece of job 25 started 1790059323337 core=0
  piece of job 25 end 1790059327860 core=4
  piece of job 25 end 1790059327970 core=0
  piece of job 25 end 1790059327986 core=5
job 25_TGAMMA_12 end 1790059327993
job 26_TGAMMA_12 started 1790059327993 core=1
  piece of job 26 started 1790059328017 core=0
  piece of job 26 started 1790059328023 core=5
  piece of job 26 started 1790059328017 core=4
  piece of job 26 end 1790059332568 core=4
  piece of job 26 end 1790059332707 core=5
  piece of job 26 end 1790059332773 core=0
job 26_TGAMMA_12 end 1790059332773
job 27_TGAMMA_60 started 1790059332773 core=1
  piece of job 27 started 1790059332797 core=5
  piece of job 27 started 1790059332797 core=4
  piece of job 27 started 1790059332809 core=0
  piece of job 27 end 1790059355635 core=4
  piece of job 27 end 1790059356039 core=0
  piece of job 27 end 1790059356081 core=5
job 27_TGAMMA_60 end 1790059356081
job 28_TGAMMA_60 started 1790059356081 core=1
  piece of job 28 started 1790059356104 core=4
  piece of job 28 started 1790059356115 core=5
  piece of job 28 started 1790059356104 core=0
  piece of job 28 end 1790059378742 core=0
  piece of job 28 end 1790059378823 core=4
  piece of job 28 end 1790059379417 core=5
job 28_TGAMMA_60 end 1790059379428
job 29_TGAMMA_12 started 1790059379428 core=1
  piece of job 29 started 1790059379441 core=0
  piece of job 29 started 1790059379441 core=4
  piece of job 29 started 1790059379441 core=5
  piece of job 29 end 1790059383996 core=4
  piece of job 29 end 1790059384108 core=5
  piece of job 29 end 1790059384109 core=0
job 29_TGAMMA_12 end 1790059384109
job 30_TGAMMA_120 started 1790059384109 core=1
  piece of job 30 started 1790059384133 core=4
  piece of job 30 started 1790059384145 core=5
  piece of job 30 started 1790059384145 core=0
job 82_COPY_84 end 1790059420210
job 83_DOT_84 started 1790059420210 core=1
  piece of job 30 end 1790059429634 core=0
  piece of job 30 end 1790059429729 core=4
  piece of job 30 end 1790059431013 core=5
job 30_TGAMMA_120 end 1790059431024
job 31_TGAMMA_12 started 1790059431024 core=1
  piece of job 31 started 1790059431037 core=0
  piece of job 31 started 1790059431037 core=4
  piece of job 31 started 1790059431037 core=5
  piece of job 31 end 1790059435596 core=4
  piece of job 31 end 1790059435732 core=5
  piece of job 31 end 1790059435755 core=0
job 31_TGAMMA_12 end 1790059435763
job 32_TGAMMA_60 started 1790059435763 core=1
  piece of job 32 started 1790059435787 core=5
  piece of job 32 started 1790059435791 core=0
  piece of job 32 started 1790059435787 core=4
  piece of job 32 end 1790059458218 core=0
  piece of job 32 end 1790059458588 core=4
  piece of job 32 end 1790059459250 core=5
job 32_TGAMMA_60 end 1790059459251
job 33_TGAMMA_60 started 1790059459251 core=1
  piece of job 33 started 1790059459274 core=4
  piece of job 33 started 1790059459279 core=5
  piece of job 33 started 1790059459274 core=0
  piece of job 33 end 1790059481609 core=0
  piece of job 33 end 1790059482055 core=4
  piece of job 33 end 1790059482609 core=5
job 33_TGAMMA_60 end 1790059482618
job 34_TGAMMA_12 started 1790059482618 core=1
  piece of job 34 started 1790059482642 core=0
  piece of job 34 started 1790059482652 core=5
  piece of job 34 started 1790059482642 core=4
  piece of job 34 end 1790059487193 core=4
  piece of job 34 end 1790059487303 core=0
  piece of job 34 end 1790059487318 core=5
job 34_TGAMMA_12 end 1790059487319
job 35_TGAMMA_12 started 1790059487319 core=1
  piece of job 35 started 1790059487343 core=4
  piece of job 35 started 1790059487353 core=5
  piece of job 35 started 1790059487343 core=0
  piece of job 35 end 1790059491920 core=4
  piece of job 35 end 1790059491986 core=5
  piece of job 35 end 1790059492044 core=0
job 35_TGAMMA_12 end 1790059492044
job 36_TGAMMA_12 started 1790059492044 core=1
  piece of job 36 started 1790059492068 core=4
  piece of job 36 started 1790059492079 core=5
  piece of job 36 started 1790059492080 core=0
  piece of job 36 end 1790059495647 core=0
  piece of job 36 end 1790059496636 core=4
  piece of job 36 end 1790059496708 core=5
job 36_TGAMMA_12 end 1790059496715
job 37_TGAMMA_60 started 1790059496715 core=1
  piece of job 37 started 1790059496739 core=0
  piece of job 37 started 1790059496743 core=5
  piece of job 37 started 1790059496739 core=4
  piece of job 37 end 1790059519045 core=0
  piece of job 37 end 1790059519586 core=4
  piece of job 37 end 1790059520093 core=5
job 37_TGAMMA_60 end 1790059520099
job 38_TGAMMA_60 started 1790059520099 core=1
  piece of job 38 started 1790059520123 core=0
  piece of job 38 started 1790059520130 core=5
  piece of job 38 started 1790059520123 core=4
job 83_DOT_84 end 1790059536321
job 84_COPY_84 started 1790059536321 core=1
  piece of job 38 end 1790059542457 core=0
  piece of job 38 end 1790059542882 core=4
  piece of job 38 end 1790059543482 core=5
job 38_TGAMMA_60 end 1790059543491
job 39_TGAMMA_60 started 1790059543491 core=1
  piece of job 39 started 1790059543515 core=0
  piece of job 39 started 1790059543519 core=5
  piece of job 39 started 1790059543515 core=4
  piece of job 39 end 1790059565810 core=0
  piece of job 39 end 1790059566285 core=4
  piece of job 39 end 1790059566851 core=5
job 39_TGAMMA_60 end 1790059566860
job 40_TGAMMA_12 started 1790059566860 core=1
  piece of job 40 started 1790059566873 core=0
  piece of job 40 started 1790059566874 core=5
  piece of job 40 started 1790059566873 core=4
  piece of job 40 end 1790059571426 core=4
  piece of job 40 end 1790059571547 core=0
  piece of job 40 end 1790059571554 core=5
job 40_TGAMMA_12 end 1790059571564
job 41_TGAMMA_120 started 1790059571564 core=1
  piece of job 41 started 1790059571577 core=4
  piece of job 41 started 1790059571578 core=5
  piece of job 41 started 1790059571585 core=0
  piece of job 41 end 1790059617217 core=4
  piece of job 41 end 1790059617540 core=0
  piece of job 41 end 1790059618284 core=5
job 41_TGAMMA_120 end 1790059618297
job 42_TGAMMA_120 started 1790059618298 core=1
  piece of job 42 started 1790059618321 core=0
  piece of job 42 started 1790059618321 core=4
  piece of job 42 started 1790059618321 core=5
  piece of job 42 end 1790059663112 core=0
job 84_COPY_84 end 1790059663850
job 85_COPY_84 started 1790059663851 core=1
  piece of job 42 end 1790059664070 core=4
  piece of job 42 end 1790059665068 core=5
job 42_TGAMMA_120 end 1790059665069
job 43_TGAMMA_12 started 1790059665069 core=1
  piece of job 43 started 1790059665093 core=0
  piece of job 43 started 1790059665093 core=4
  piece of job 43 started 1790059665093 core=5
  piece of job 43 end 1790059669626 core=4
  piece of job 43 end 1790059669749 core=0
  piece of job 43 end 1790059669761 core=5
job 43_TGAMMA_12 end 1790059669764
job 44_TGAMMA_120 started 1790059669764 core=1
  piece of job 44 started 1790059669788 core=4
  piece of job 44 started 1790059669798 core=5
  piece of job 44 started 1790059669788 core=0
  piece of job 44 end 1790059714077 core=0
  piece of job 44 end 1790059715338 core=4
  piece of job 44 end 1790059716375 core=5
job 44_TGAMMA_120 end 1790059716376
job 45_TGAMMA_60 started 1790059716376 core=1
  piece of job 45 started 1790059716400 core=4
  piece of job 45 started 1790059716400 core=0
  piece of job 45 started 1790059716412 core=5
  piece of job 45 end 1790059739168 core=4
  piece of job 45 end 1790059739746 core=0
  piece of job 45 end 1790059739803 core=5
job 45_TGAMMA_60 end 1790059739803
job 46_TGAMMA_120 started 1790059739803 core=1
  piece of job 46 started 1790059739827 core=0
  piece of job 46 started 1790059739827 core=4
  piece of job 46 started 1790059739839 core=5
  piece of job 46 end 1790059783971 core=0
  piece of job 46 end 1790059785408 core=4
  piece of job 46 end 1790059786503 core=5
job 46_TGAMMA_120 end 1790059786517
job 47_TGAMMA_12 started 1790059786517 core=1
  piece of job 47 started 1790059786541 core=5
  piece of job 47 started 1790059786541 core=0
  piece of job 47 started 1790059786541 core=4
  piece of job 47 end 1790059791114 core=4
  piece of job 47 end 1790059791208 core=5
  piece of job 47 end 1790059791217 core=0
job 47_TGAMMA_12 end 1790059791228
job 48_TGAMMA_12 started 1790059791228 core=1
  piece of job 48 started 1790059791241 core=5
  piece of job 48 started 1790059791243 core=0
  piece of job 48 started 1790059791241 core=4
job 85_COPY_84 end 1790059793604
job 86_XPY_60 started 1790059793604 core=1
  piece of job 48 end 1790059795794 core=4
  piece of job 48 end 1790059795871 core=5
  piece of job 48 end 1790059795937 core=0
job 48_TGAMMA_12 end 1790059795943
job 49_TGAMMA_12 started 1790059795943 core=1
  piece of job 49 started 1790059795966 core=5
  piece of job 49 started 1790059795974 core=0
  piece of job 49 started 1790059795966 core=4
  piece of job 49 end 1790059800522 core=4
  piece of job 49 end 1790059800622 core=0
  piece of job 49 end 1790059800635 core=5
job 49_TGAMMA_12 end 1790059800642
job 50_TGAMMA_12 started 1790059800642 core=1
  piece of job 50 started 1790059800666 core=0
  piece of job 50 started 1790059800670 core=5
  piece of job 50 started 1790059800666 core=4
  piece of job 50 end 1790059805217 core=4
  piece of job 50 end 1790059805311 core=5
  piece of job 50 end 1790059805382 core=0
job 50_TGAMMA_12 end 1790059805390
job 51_TGAMMA_12 started 1790059805390 core=1
  piece of job 51 started 1790059805414 core=5
  piece of job 51 started 1790059805419 core=0
  piece of job 51 started 1790059805414 core=4
  piece of job 51 end 1790059809976 core=4
  piece of job 51 end 1790059810046 core=5
  piece of job 51 end 1790059810055 core=0
job 51_TGAMMA_12 end 1790059810055
job 52_TGAMMA_60 started 1790059810055 core=1
  piece of job 52 started 1790059810079 core=4
  piece of job 52 started 1790059810083 core=5
  piece of job 52 started 1790059810079 core=0
  piece of job 52 end 1790059831021 core=0
  piece of job 52 end 1790059832846 core=4
  piece of job 52 end 1790059833378 core=5
job 52_TGAMMA_60 end 1790059833383
job 53_TGAMMA_120 started 1790059833383 core=1
  piece of job 53 started 1790059833406 core=0
  piece of job 53 started 1790059833407 core=4
  piece of job 53 started 1790059833414 core=5
  piece of job 53 end 1790059878428 core=0
  piece of job 53 end 1790059878965 core=4
  piece of job 53 end 1790059880258 core=5
job 53_TGAMMA_120 end 1790059880259
job 54_TGAMMA_120 started 1790059880259 core=1
  piece of job 54 started 1790059880283 core=0
  piece of job 54 started 1790059880283 core=4
  piece of job 54 started 1790059880285 core=5
job 86_XPY_60 end 1790059889365
job 87_COPY_60 started 1790059889365 core=1
  piece of job 54 end 1790059925726 core=0
  piece of job 54 end 1790059925845 core=4
  piece of job 54 end 1790059927003 core=5
job 54_TGAMMA_120 end 1790059927014
job 55_TGAMMA_60 started 1790059927014 core=1
  piece of job 55 started 1790059927026 core=0
  piece of job 55 started 1790059927027 core=4
  piece of job 55 started 1790059927028 core=5
  piece of job 55 end 1790059948854 core=0
  piece of job 55 end 1790059949807 core=4
  piece of job 55 end 1790059950542 core=5
job 55_TGAMMA_60 end 1790059950542
job 56_TGAMMA_60 started 1790059950542 core=1
  piece of job 56 started 1790059950565 core=0
  piece of job 56 started 1790059950566 core=4
  piece of job 56 started 1790059950566 core=5
  piece of job 56 end 1790059972507 core=0
  piece of job 56 end 1790059973376 core=4
  piece of job 56 end 1790059973880 core=5
job 56_TGAMMA_60 end 1790059973880
job 57_TGAMMA_12 started 1790059973880 core=1
  piece of job 57 started 1790059973903 core=0
  piece of job 57 started 1790059973903 core=4
  piece of job 57 started 1790059973903 core=5
  piece of job 57 end 1790059978469 core=4
  piece of job 57 end 1790059978523 core=0
  piece of job 57 end 1790059978584 core=5
job 57_TGAMMA_12 end 1790059978593
job 58_TGAMMA_120 started 1790059978593 core=1
  piece of job 58 started 1790059978617 core=4
  piece of job 58 started 1790059978621 core=5
  piece of job 58 started 1790059978617 core=0
job 87_COPY_60 end 1790059983760
job 88_SUM_84 started 1790059983760 core=1
  piece of job 58 end 1790060006263 core=0
  piece of job 58 end 1790060007299 core=5
job 88_SUM_84 end 1790060014005
job 89_COPY_60 started 1790060014005 core=1
  piece of job 58 end 1790060023408 core=4
job 58_TGAMMA_120 end 1790060023409
job 59_TGAMMA_120 started 1790060023409 core=1
  piece of job 59 started 1790060023422 core=4
  piece of job 59 started 1790060023422 core=0
  piece of job 59 started 1790060023422 core=5
  piece of job 59 end 1790060046402 core=0
  piece of job 59 end 1790060046472 core=4
job 89_COPY_60 end 1790060057501
job 90_SUM_108 started 1790060057501 core=1
  piece of job 59 end 1790060070257 core=5
job 59_TGAMMA_120 end 1790060070258
job 60_TGAMMA_12 started 1790060070258 core=1
  piece of job 60 started 1790060070270 core=4
  piece of job 60 started 1790060070270 core=0
  piece of job 60 started 1790060070289 core=5
  piece of job 60 end 1790060072573 core=4
  piece of job 60 end 1790060072576 core=0
  piece of job 60 end 1790060074924 core=5
job 60_TGAMMA_12 end 1790060074924
job 61_TGAMMA_12 started 1790060074924 core=1
  piece of job 61 started 1790060074937 core=4
  piece of job 61 started 1790060074937 core=0
  piece of job 61 started 1790060074958 core=5
  piece of job 61 end 1790060077237 core=4
  piece of job 61 end 1790060077240 core=0
  piece of job 61 end 1790060079580 core=5
job 61_TGAMMA_12 end 1790060079580
job 62_TGAMMA_60 started 1790060079580 core=1
  piece of job 62 started 1790060079592 core=4
  piece of job 62 started 1790060079592 core=0
  piece of job 62 started 1790060079614 core=5
  piece of job 62 end 1790060091074 core=4
  piece of job 62 end 1790060091123 core=0
job 90_SUM_108 end 1790060095691
job 91_SUM_84 started 1790060095691 core=1
  piece of job 62 end 1790060102751 core=5
job 62_TGAMMA_60 end 1790060102756
job 63_TGAMMA_12 started 1790060102756 core=1
  piece of job 63 started 1790060102768 core=4
  piece of job 63 started 1790060102768 core=0
  piece of job 63 started 1790060102774 core=5
  piece of job 63 end 1790060105071 core=4
  piece of job 63 end 1790060105079 core=0
  piece of job 63 end 1790060106665 core=5
job 63_TGAMMA_12 end 1790060106666
job 64_TGAMMA_12 started 1790060106666 core=1
  piece of job 64 started 1790060106678 core=5
  piece of job 64 started 1790060106679 core=4
  piece of job 64 started 1790060106679 core=0
  piece of job 64 end 1790060109010 core=5
  piece of job 64 end 1790060109016 core=4
  piece of job 64 end 1790060111251 core=0
job 64_TGAMMA_12 end 1790060111251
job 65_TGAMMA_60 started 1790060111251 core=1
  piece of job 65 started 1790060111264 core=5
  piece of job 65 started 1790060111264 core=4
  piece of job 65 started 1790060111281 core=0
  piece of job 65 end 1790060122987 core=5
  piece of job 65 end 1790060123134 core=4
job 91_SUM_84 end 1790060123765
job 92_SUM_108 started 1790060123765 core=1
  piece of job 65 end 1790060134178 core=0
job 65_TGAMMA_60 end 1790060134188
job 66_TGAMMA_60 started 1790060134188 core=1
  piece of job 66 started 1790060134190 core=5
  piece of job 66 started 1790060134190 core=4
  piece of job 66 started 1790060134190 core=0
  piece of job 66 end 1790060145910 core=5
  piece of job 66 end 1790060146051 core=4
  piece of job 66 end 1790060157089 core=0
job 66_TGAMMA_60 end 1790060157089
job 67_TGAMMA_120 started 1790060157089 core=1
  piece of job 67 started 1790060157107 core=5
  piece of job 67 started 1790060157107 core=4
  piece of job 67 started 1790060157112 core=0
job 92_SUM_108 end 1790060157265
job 93_DOT_84 started 1790060157265 core=1
  piece of job 67 end 1790060180827 core=5
  piece of job 67 end 1790060180928 core=4
  piece of job 67 end 1790060203134 core=0
job 67_TGAMMA_120 end 1790060203135
job 68_TGAMMA_60 started 1790060203135 core=1
  piece of job 68 started 1790060203147 core=5
  piece of job 68 started 1790060203147 core=4
  piece of job 68 started 1790060203164 core=0
job 93_DOT_84 end 1790060208722
job 94_XPY_48 started 1790060208722 core=1
  piece of job 68 end 1790060214969 core=4
  piece of job 68 end 1790060215021 core=5
  piece of job 68 end 1790060226093 core=0
job 68_TGAMMA_60 end 1790060226093
job 69_TGAMMA_60 started 1790060226093 core=1
  piece of job 69 started 1790060226106 core=5
  piece of job 69 started 1790060226106 core=4
  piece of job 69 started 1790060226123 core=0
  piece of job 69 end 1790060237844 core=4
  piece of job 69 end 1790060238044 core=5
job 94_XPY_48 end 1790060244366
job 95_SUM_132 started 1790060244367 core=1
  piece of job 69 end 1790060249091 core=0
job 69_TGAMMA_60 end 1790060249092
job 70_TGAMMA_60 started 1790060249092 core=1
  piece of job 70 started 1790060249104 core=5
  piece of job 70 started 1790060249104 core=4
  piece of job 70 started 1790060249121 core=0
  piece of job 70 end 1790060260856 core=5
  piece of job 70 end 1790060260924 core=4
  piece of job 70 end 1790060272010 core=0
job 70_TGAMMA_60 end 1790060272024
job 71_TGAMMA_120 started 1790060272024 core=1
  piece of job 71 started 1790060272036 core=5
  piece of job 71 started 1790060272036 core=4
  piece of job 71 started 1790060272049 core=0
job 95_SUM_132 end 1790060287847
job 96_COPY_84 started 1790060287847 core=1
  piece of job 71 end 1790060295347 core=4
  piece of job 71 end 1790060295448 core=5
  piece of job 71 end 1790060301659 core=0
job 71_TGAMMA_120 end 1790060301660
job 72_TGAMMA_12 started 1790060301660 core=1
  piece of job 72 started 1790060301691 core=4
  piece of job 72 started 1790060301691 core=0
  piece of job 72 started 1790060301691 core=5
  piece of job 72 end 1790060303984 core=4
  piece of job 72 end 1790060303988 core=0
  piece of job 72 end 1790060304048 core=5
job 72_TGAMMA_12 end 1790060304048
job 73_TGAMMA_120 started 1790060304048 core=1
  piece of job 73 started 1790060304071 core=4
  piece of job 73 started 1790060304071 core=0
  piece of job 73 started 1790060304071 core=5
  piece of job 73 end 1790060326988 core=4
  piece of job 73 end 1790060327022 core=0
  piece of job 73 end 1790060327696 core=5
job 73_TGAMMA_120 end 1790060327704
job 74_TGAMMA_120 started 1790060327704 core=1
  piece of job 74 started 1790060327716 core=4
  piece of job 74 started 1790060327716 core=0
  piece of job 74 started 1790060327716 core=5
  piece of job 74 end 1790060350764 core=0
  piece of job 74 end 1790060351325 core=5
  piece of job 74 end 1790060355797 core=4
job 74_TGAMMA_120 end 1790060355798
job 75_TGAMMA_60 started 1790060355798 core=1
  piece of job 75 started 1790060355811 core=5
  piece of job 75 started 1790060355811 core=0
  piece of job 75 started 1790060355832 core=4
  piece of job 75 end 1790060367569 core=0
  piece of job 75 end 1790060367788 core=5
job 96_COPY_84 end 1790060371711
job 97_XPY_48 started 1790060371711 core=1
  piece of job 75 end 1790060378677 core=4
job 75_TGAMMA_60 end 1790060378678
job 76_TGAMMA_12 started 1790060378678 core=1
  piece of job 76 started 1790060378690 core=5
  piece of job 76 started 1790060378691 core=0
  piece of job 76 started 1790060378716 core=4
  piece of job 76 end 1790060381046 core=0
  piece of job 76 end 1790060381076 core=5
  piece of job 76 end 1790060383257 core=4
job 76_TGAMMA_12 end 1790060383257
job 97_XPY_48 end 1790060412490
job 98_SUM_84 started 1790060412491 core=4
job 98_SUM_84 end 1790060436538
job 99_COPY_60 started 1790060436538 core=5
job 99_COPY_60 end 1790060464358
  итерация 0: 1701608 ms
  среднее по 1 итерациям: 1701608 ms
  реальных ожиданий свободного ядра: 0  (блокировок в задачах не было)
=== Выполняется проект: ml_two_chain_4.txt (100 работ, перестановка ORDER) ===
fake 3 started 1790060464359 delay_ms=1
fake 2 started 1790060464359 delay_ms=0
fake 0 started 1790060464359 delay_ms=0
fake 0 end 1790060464359
fake 1 started 1790060464359 delay_ms=0
fake 1 end 1790060464359
fake 2 end 1790060464359
job 0_TGAMMA_60 started 1790060464359 core=4
job 73_COPY_84 started 1790060464359 core=0
  piece of job 0 started 1790060464359 core=4
fake 3 end 1790060464360
  piece of job 0 started 1790060464370 core=5
  piece of job 0 started 1790060464370 core=1
  piece of job 0 end 1790060475853 core=5
  piece of job 0 end 1790060475858 core=1
  piece of job 0 end 1790060476061 core=4
job 0_TGAMMA_60 end 1790060476061
job 1_TGAMMA_120 started 1790060476061 core=1
  piece of job 1 started 1790060476062 core=1
  piece of job 1 started 1790060476062 core=5
  piece of job 1 started 1790060476062 core=4
  piece of job 1 end 1790060498985 core=1
  piece of job 1 end 1790060499123 core=5
  piece of job 1 end 1790060499555 core=4
job 1_TGAMMA_120 end 1790060499556
job 2_TGAMMA_60 started 1790060499556 core=1
  piece of job 2 started 1790060499556 core=1
  piece of job 2 started 1790060499556 core=4
  piece of job 2 started 1790060499556 core=5
  piece of job 2 end 1790060511032 core=1
  piece of job 2 end 1790060511050 core=5
  piece of job 2 end 1790060511350 core=4
job 2_TGAMMA_60 end 1790060511350
job 3_TGAMMA_120 started 1790060511350 core=1
  piece of job 3 started 1790060511350 core=4
  piece of job 3 started 1790060511350 core=1
  piece of job 3 started 1790060511350 core=5
job 73_COPY_84 end 1790060515647
job 74_DOT_84 started 1790060515647 core=0
  piece of job 3 end 1790060534317 core=1
  piece of job 3 end 1790060534376 core=5
  piece of job 3 end 1790060534927 core=4
job 3_TGAMMA_120 end 1790060534928
job 4_TGAMMA_120 started 1790060534928 core=1
  piece of job 4 started 1790060534928 core=1
  piece of job 4 started 1790060534928 core=5
  piece of job 4 started 1790060534928 core=4
  piece of job 4 end 1790060557945 core=5
  piece of job 4 end 1790060557974 core=1
  piece of job 4 end 1790060558376 core=4
job 4_TGAMMA_120 end 1790060558376
job 5_TGAMMA_60 started 1790060558376 core=1
  piece of job 5 started 1790060558377 core=4
  piece of job 5 started 1790060558377 core=1
  piece of job 5 started 1790060558377 core=5
job 74_DOT_84 end 1790060562397
job 75_SUM_132 started 1790060562397 core=0
  piece of job 5 end 1790060569861 core=5
  piece of job 5 end 1790060569864 core=1
  piece of job 5 end 1790060569999 core=4
job 5_TGAMMA_60 end 1790060569999
job 6_TGAMMA_60 started 1790060570000 core=1
  piece of job 6 started 1790060570000 core=4
  piece of job 6 started 1790060570000 core=5
  piece of job 6 started 1790060570000 core=1
  piece of job 6 end 1790060581452 core=1
  piece of job 6 end 1790060581505 core=5
  piece of job 6 end 1790060581567 core=4
job 6_TGAMMA_60 end 1790060581568
job 7_TGAMMA_60 started 1790060581568 core=1
  piece of job 7 started 1790060581568 core=4
  piece of job 7 started 1790060581568 core=5
  piece of job 7 started 1790060581568 core=1
  piece of job 7 end 1790060593016 core=1
  piece of job 7 end 1790060593075 core=5
  piece of job 7 end 1790060593135 core=4
job 7_TGAMMA_60 end 1790060593135
job 8_TGAMMA_12 started 1790060593135 core=1
  piece of job 8 started 1790060593135 core=4
  piece of job 8 started 1790060593135 core=5
  piece of job 8 started 1790060593135 core=1
  piece of job 8 end 1790060595431 core=1
  piece of job 8 end 1790060595434 core=5
  piece of job 8 end 1790060595454 core=4
job 8_TGAMMA_12 end 1790060595454
job 9_TGAMMA_60 started 1790060595454 core=1
  piece of job 9 started 1790060595455 core=4
  piece of job 9 started 1790060595455 core=5
  piece of job 9 started 1790060595455 core=1
job 75_SUM_132 end 1790060600130
job 76_DOT_36 started 1790060600130 core=0
  piece of job 9 end 1790060606928 core=1
  piece of job 9 end 1790060606989 core=5
  piece of job 9 end 1790060607126 core=4
job 9_TGAMMA_60 end 1790060607126
job 10_TGAMMA_120 started 1790060607126 core=1
  piece of job 10 started 1790060607127 core=4
  piece of job 10 started 1790060607127 core=5
  piece of job 10 started 1790060607127 core=1
job 76_DOT_36 end 1790060620328
job 77_DOT_36 started 1790060620328 core=0
  piece of job 10 end 1790060630121 core=1
  piece of job 10 end 1790060630227 core=5
  piece of job 10 end 1790060630615 core=4
job 10_TGAMMA_120 end 1790060630616
job 11_TGAMMA_60 started 1790060630616 core=1
  piece of job 11 started 1790060630616 core=4
  piece of job 11 started 1790060630617 core=5
  piece of job 11 started 1790060630617 core=1
job 77_DOT_36 end 1790060640368
job 78_SUM_132 started 1790060640368 core=0
  piece of job 11 end 1790060642104 core=1
  piece of job 11 end 1790060642162 core=5
  piece of job 11 end 1790060642349 core=4
job 11_TGAMMA_60 end 1790060642349
job 12_TGAMMA_12 started 1790060642349 core=1
  piece of job 12 started 1790060642350 core=4
  piece of job 12 started 1790060642350 core=5
  piece of job 12 started 1790060642350 core=1
  piece of job 12 end 1790060644644 core=1
  piece of job 12 end 1790060644645 core=5
  piece of job 12 end 1790060644667 core=4
job 12_TGAMMA_12 end 1790060644667
job 13_TGAMMA_120 started 1790060644667 core=1
  piece of job 13 started 1790060644668 core=4
  piece of job 13 started 1790060644668 core=5
  piece of job 13 started 1790060644668 core=1
  piece of job 13 end 1790060667590 core=1
  piece of job 13 end 1790060667721 core=5
  piece of job 13 end 1790060667824 core=4
job 13_TGAMMA_120 end 1790060667825
job 14_TGAMMA_120 started 1790060667825 core=1
  piece of job 14 started 1790060667825 core=4
  piece of job 14 started 1790060667825 core=1
  piece of job 14 started 1790060667825 core=5
job 78_SUM_132 end 1790060678233
job 79_COPY_84 started 1790060678233 core=0
  piece of job 14 end 1790060690797 core=5
  piece of job 14 end 1790060690823 core=1
  piece of job 14 end 1790060691120 core=4
job 14_TGAMMA_120 end 1790060691120
job 15_TGAMMA_60 started 1790060691120 core=1
  piece of job 15 started 1790060691121 core=4
  piece of job 15 started 1790060691121 core=1
  piece of job 15 started 1790060691121 core=5
  piece of job 15 end 1790060702612 core=5
  piece of job 15 end 1790060702613 core=1
  piece of job 15 end 1790060702865 core=4
job 15_TGAMMA_60 end 1790060702865
job 16_TGAMMA_120 started 1790060702865 core=1
  piece of job 16 started 1790060702865 core=4
  piece of job 16 started 1790060702865 core=1
  piece of job 16 started 1790060702865 core=5
  piece of job 16 end 1790060725854 core=5
  piece of job 16 end 1790060725890 core=1
  piece of job 16 end 1790060726370 core=4
job 16_TGAMMA_120 end 1790060726371
job 17_TGAMMA_12 started 1790060726371 core=1
  piece of job 17 started 1790060726371 core=1
  piece of job 17 started 1790060726371 core=5
  piece of job 17 started 1790060726371 core=4
  piece of job 17 end 1790060728661 core=1
  piece of job 17 end 1790060728666 core=5
  piece of job 17 end 1790060728719 core=4
job 17_TGAMMA_12 end 1790060728719
job 18_TGAMMA_60 started 1790060728719 core=1
  piece of job 18 started 1790060728719 core=1
  piece of job 18 started 1790060728719 core=5
  piece of job 18 started 1790060728719 core=4
job 79_COPY_84 end 1790060729469
job 80_XPY_48 started 1790060729469 core=0
  piece of job 18 end 1790060740178 core=1
  piece of job 18 end 1790060740227 core=5
  piece of job 18 end 1790060740457 core=4
job 18_TGAMMA_60 end 1790060740458
job 19_TGAMMA_12 started 1790060740458 core=1
  piece of job 19 started 1790060740458 core=1
  piece of job 19 started 1790060740458 core=5
  piece of job 19 started 1790060740458 core=4
  piece of job 19 end 1790060742750 core=1
  piece of job 19 end 1790060742758 core=5
  piece of job 19 end 1790060742788 core=4
job 19_TGAMMA_12 end 1790060742788
job 20_TGAMMA_120 started 1790060742788 core=1
  piece of job 20 started 1790060742788 core=1
  piece of job 20 started 1790060742788 core=5
  piece of job 20 started 1790060742788 core=4
job 80_XPY_48 end 1790060760066
job 81_XPY_60 started 1790060760066 core=0
  piece of job 20 end 1790060765725 core=1
  piece of job 20 end 1790060765828 core=5
  piece of job 20 end 1790060766316 core=4
job 20_TGAMMA_120 end 1790060766317
job 21_TGAMMA_120 started 1790060766317 core=1
  piece of job 21 started 1790060766317 core=4
  piece of job 21 started 1790060766317 core=1
  piece of job 21 started 1790060766317 core=5
  piece of job 21 end 1790060789311 core=5
  piece of job 21 end 1790060789314 core=1
  piece of job 21 end 1790060789943 core=4
job 21_TGAMMA_120 end 1790060789944
job 22_TGAMMA_12 started 1790060789944 core=1
  piece of job 22 started 1790060789944 core=1
  piece of job 22 started 1790060789944 core=4
  piece of job 22 started 1790060789944 core=5
  piece of job 22 end 1790060792237 core=1
  piece of job 22 end 1790060792244 core=5
  piece of job 22 end 1790060792310 core=4
job 22_TGAMMA_12 end 1790060792310
job 23_TGAMMA_60 started 1790060792310 core=1
  piece of job 23 started 1790060792310 core=1
  piece of job 23 started 1790060792310 core=5
  piece of job 23 started 1790060792310 core=4
job 81_XPY_60 end 1790060798266
job 82_SUM_108 started 1790060798266 core=0
  piece of job 23 end 1790060803787 core=5
  piece of job 23 end 1790060803791 core=1
  piece of job 23 end 1790060804008 core=4
job 23_TGAMMA_60 end 1790060804008
job 24_TGAMMA_60 started 1790060804008 core=1
  piece of job 24 started 1790060804008 core=4
  piece of job 24 started 1790060804008 core=1
  piece of job 24 started 1790060804008 core=5
  piece of job 24 end 1790060815482 core=5
  piece of job 24 end 1790060815492 core=1
  piece of job 24 end 1790060815575 core=4
job 24_TGAMMA_60 end 1790060815575
job 25_TGAMMA_12 started 1790060815575 core=1
  piece of job 25 started 1790060815575 core=4
  piece of job 25 started 1790060815575 core=5
  piece of job 25 started 1790060815575 core=1
  piece of job 25 end 1790060817866 core=1
  piece of job 25 end 1790060817873 core=5
  piece of job 25 end 1790060817889 core=4
job 25_TGAMMA_12 end 1790060817889
job 26_TGAMMA_60 started 1790060817889 core=1
  piece of job 26 started 1790060817890 core=4
  piece of job 26 started 1790060817890 core=5
  piece of job 26 started 1790060817890 core=1
job 82_SUM_108 end 1790060829110
job 83_COPY_84 started 1790060829110 core=0
  piece of job 26 end 1790060829341 core=1
  piece of job 26 end 1790060829392 core=5
  piece of job 26 end 1790060829456 core=4
job 26_TGAMMA_60 end 1790060829456
job 27_TGAMMA_12 started 1790060829456 core=1
  piece of job 27 started 1790060829456 core=1
  piece of job 27 started 1790060829456 core=5
  piece of job 27 started 1790060829456 core=4
  piece of job 27 end 1790060831744 core=1
  piece of job 27 end 1790060831749 core=5
  piece of job 27 end 1790060831780 core=4
job 27_TGAMMA_12 end 1790060831780
job 28_TGAMMA_60 started 1790060831780 core=1
  piece of job 28 started 1790060831780 core=4
  piece of job 28 started 1790060831780 core=1
  piece of job 28 started 1790060831780 core=5
  piece of job 28 end 1790060843259 core=5
  piece of job 28 end 1790060843270 core=1
  piece of job 28 end 1790060843514 core=4
job 28_TGAMMA_60 end 1790060843514
job 29_TGAMMA_12 started 1790060843514 core=1
  piece of job 29 started 1790060843515 core=1
  piece of job 29 started 1790060843515 core=4
  piece of job 29 started 1790060843515 core=5
  piece of job 29 end 1790060845805 core=1
  piece of job 29 end 1790060845807 core=5
  piece of job 29 end 1790060845862 core=4
job 29_TGAMMA_12 end 1790060845862
job 30_TGAMMA_12 started 1790060845862 core=1
  piece of job 30 started 1790060845862 core=1
  piece of job 30 started 1790060845862 core=5
  piece of job 30 started 1790060845862 core=4
  piece of job 30 end 1790060848153 core=1
  piece of job 30 end 1790060848156 core=5
  piece of job 30 end 1790060848193 core=4
job 30_TGAMMA_12 end 1790060848193
job 31_TGAMMA_60 started 1790060848193 core=1
  piece of job 31 started 1790060848193 core=1
  piece of job 31 started 1790060848193 core=5
  piece of job 31 started 1790060848193 core=4
  piece of job 31 end 1790060859643 core=1
  piece of job 31 end 1790060859670 core=5
  piece of job 31 end 1790060859954 core=4
job 31_TGAMMA_60 end 1790060859954
job 32_TGAMMA_12 started 1790060859954 core=1
  piece of job 32 started 1790060859954 core=4
  piece of job 32 started 1790060859954 core=1
  piece of job 32 started 1790060859954 core=5
  piece of job 32 end 1790060862247 core=1
  piece of job 32 end 1790060862265 core=5
  piece of job 32 end 1790060862307 core=4
job 32_TGAMMA_12 end 1790060862307
job 33_TGAMMA_120 started 1790060862307 core=1
  piece of job 33 started 1790060862308 core=1
  piece of job 33 started 1790060862308 core=5
  piece of job 33 started 1790060862308 core=4
job 83_COPY_84 end 1790060880266
job 84_SUM_84 started 1790060880266 core=0
  piece of job 33 end 1790060885275 core=5
  piece of job 33 end 1790060885290 core=1
  piece of job 33 end 1790060885706 core=4
job 33_TGAMMA_120 end 1790060885706
job 34_TGAMMA_12 started 1790060885706 core=1
  piece of job 34 started 1790060885707 core=4
  piece of job 34 started 1790060885707 core=5
  piece of job 34 started 1790060885707 core=1
  piece of job 34 end 1790060888002 core=1
  piece of job 34 end 1790060888003 core=5
  piece of job 34 end 1790060888025 core=4
job 34_TGAMMA_12 end 1790060888025
job 35_TGAMMA_12 started 1790060888025 core=1
  piece of job 35 started 1790060888025 core=4
  piece of job 35 started 1790060888025 core=5
  piece of job 35 started 1790060888025 core=1
  piece of job 35 end 1790060890319 core=1
  piece of job 35 end 1790060890322 core=5
  piece of job 35 end 1790060890344 core=4
job 35_TGAMMA_12 end 1790060890344
job 36_TGAMMA_60 started 1790060890344 core=1
  piece of job 36 started 1790060890344 core=4
  piece of job 36 started 1790060890344 core=1
  piece of job 36 started 1790060890344 core=5
  piece of job 36 end 1790060901813 core=5
  piece of job 36 end 1790060901825 core=1
  piece of job 36 end 1790060901908 core=4
job 36_TGAMMA_60 end 1790060901908
job 37_TGAMMA_120 started 1790060901908 core=1
  piece of job 37 started 1790060901908 core=4
  piece of job 37 started 1790060901908 core=5
  piece of job 37 started 1790060901908 core=1
job 84_SUM_84 end 1790060904295
job 85_SUM_132 started 1790060904295 core=0
  piece of job 37 end 1790060924815 core=1
  piece of job 37 end 1790060924944 core=5
  piece of job 37 end 1790060925053 core=4
job 37_TGAMMA_120 end 1790060925054
job 38_TGAMMA_120 started 1790060925054 core=1
  piece of job 38 started 1790060925054 core=4
  piece of job 38 started 1790060925054 core=5
  piece of job 38 started 1790060925054 core=1
job 85_SUM_132 end 1790060942118
job 86_DOT_84 started 1790060942118 core=0
  piece of job 38 end 1790060947983 core=1
  piece of job 38 end 1790060948096 core=5
  piece of job 38 end 1790060948267 core=4
job 38_TGAMMA_120 end 1790060948268
job 39_TGAMMA_12 started 1790060948268 core=1
  piece of job 39 started 1790060948268 core=4
  piece of job 39 started 1790060948268 core=5
  piece of job 39 started 1790060948268 core=1
  piece of job 39 end 1790060950567 core=1
  piece of job 39 end 1790060950569 core=5
  piece of job 39 end 1790060950617 core=4
job 39_TGAMMA_12 end 1790060950617
job 40_TGAMMA_60 started 1790060950617 core=1
  piece of job 40 started 1790060950617 core=4
  piece of job 40 started 1790060950617 core=1
  piece of job 40 started 1790060950617 core=5
  piece of job 40 end 1790060962136 core=5
  piece of job 40 end 1790060962146 core=1
  piece of job 40 end 1790060962377 core=4
job 40_TGAMMA_60 end 1790060962378
job 41_TGAMMA_12 started 1790060962378 core=1
  piece of job 41 started 1790060962378 core=4
  piece of job 41 started 1790060962378 core=5
  piece of job 41 started 1790060962378 core=1
  piece of job 41 end 1790060964677 core=1
  piece of job 41 end 1790060964680 core=5
  piece of job 41 end 1790060964726 core=4
job 41_TGAMMA_12 end 1790060964726
job 42_TGAMMA_120 started 1790060964726 core=1
  piece of job 42 started 1790060964726 core=4
  piece of job 42 started 1790060964726 core=5
  piece of job 42 started 1790060964726 core=1
  piece of job 42 end 1790060987714 core=1
  piece of job 42 end 1790060987822 core=5
  piece of job 42 end 1790060988213 core=4
job 42_TGAMMA_120 end 1790060988214
job 43_TGAMMA_12 started 1790060988214 core=1
  piece of job 43 started 1790060988214 core=4
  piece of job 43 started 1790060988214 core=1
  piece of job 43 started 1790060988214 core=5
job 86_DOT_84 end 1790060989188
job 87_SUM_84 started 1790060989188 core=0
  piece of job 43 end 1790060990506 core=1
  piece of job 43 end 1790060990512 core=5
  piece of job 43 end 1790060990543 core=4
job 43_TGAMMA_12 end 1790060990543
job 44_TGAMMA_120 started 1790060990543 core=1
  piece of job 44 started 1790060990544 core=4
  piece of job 44 started 1790060990544 core=5
  piece of job 44 started 1790060990544 core=1
job 87_SUM_84 end 1790061013285
job 88_SUM_132 started 1790061013285 core=0
  piece of job 44 end 1790061013495 core=5
  piece of job 44 end 1790061013530 core=1
  piece of job 44 end 1790061013683 core=4
job 44_TGAMMA_120 end 1790061013684
job 45_TGAMMA_12 started 1790061013684 core=1
  piece of job 45 started 1790061013684 core=1
  piece of job 45 started 1790061013684 core=4
  piece of job 45 started 1790061013684 core=5
  piece of job 45 end 1790061015972 core=1
  piece of job 45 end 1790061015980 core=5
  piece of job 45 end 1790061016000 core=4
job 45_TGAMMA_12 end 1790061016000
job 46_TGAMMA_60 started 1790061016000 core=1
  piece of job 46 started 1790061016000 core=4
  piece of job 46 started 1790061016000 core=5
  piece of job 46 started 1790061016000 core=1
  piece of job 46 end 1790061027459 core=1
  piece of job 46 end 1790061027478 core=5
  piece of job 46 end 1790061027596 core=4
job 46_TGAMMA_60 end 1790061027596
job 47_TGAMMA_120 started 1790061027596 core=1
  piece of job 47 started 1790061027596 core=4
  piece of job 47 started 1790061027596 core=5
  piece of job 47 started 1790061027596 core=1
  piece of job 47 end 1790061050486 core=1
  piece of job 47 end 1790061050543 core=5
  piece of job 47 end 1790061050777 core=4
job 47_TGAMMA_120 end 1790061050778
job 48_TGAMMA_12 started 1790061050778 core=1
  piece of job 48 started 1790061050779 core=1
  piece of job 48 started 1790061050779 core=4
  piece of job 48 started 1790061050779 core=5
job 88_SUM_132 end 1790061051117
job 89_SUM_84 started 1790061051117 core=0
  piece of job 48 end 1790061053071 core=1
  piece of job 48 end 1790061053075 core=5
  piece of job 48 end 1790061053094 core=4
job 48_TGAMMA_12 end 1790061053095
job 49_TGAMMA_60 started 1790061053095 core=1
  piece of job 49 started 1790061053095 core=4
  piece of job 49 started 1790061053095 core=5
  piece of job 49 started 1790061053095 core=1
  piece of job 49 end 1790061064568 core=5
  piece of job 49 end 1790061064571 core=1
  piece of job 49 end 1790061064642 core=4
job 49_TGAMMA_60 end 1790061064642
job 50_TGAMMA_60 started 1790061064642 core=1
  piece of job 50 started 1790061064642 core=4
  piece of job 50 started 1790061064642 core=5
  piece of job 50 started 1790061064642 core=1
job 89_SUM_84 end 1790061075174
job 90_XPY_60 started 1790061075174 core=0
  piece of job 50 end 1790061076092 core=1
  piece of job 50 end 1790061076142 core=5
  piece of job 50 end 1790061076195 core=4
job 50_TGAMMA_60 end 1790061076195
job 51_TGAMMA_60 started 1790061076195 core=1
  piece of job 51 started 1790061076195 core=1
  piece of job 51 started 1790061076195 core=5
  piece of job 51 started 1790061076195 core=4
  piece of job 51 end 1790061087657 core=1
  piece of job 51 end 1790061087712 core=5
  piece of job 51 end 1790061087935 core=4
job 51_TGAMMA_60 end 1790061087936
job 52_TGAMMA_12 started 1790061087936 core=1
  piece of job 52 started 1790061087936 core=1
  piece of job 52 started 1790061087936 core=5
  piece of job 52 started 1790061087936 core=4
  piece of job 52 end 1790061090224 core=1
  piece of job 52 end 1790061090229 core=5
  piece of job 52 end 1790061090257 core=4
job 52_TGAMMA_12 end 1790061090257
job 53_TGAMMA_60 started 1790061090257 core=1
  piece of job 53 started 1790061090258 core=4
  piece of job 53 started 1790061090258 core=1
  piece of job 53 started 1790061090258 core=5
  piece of job 53 end 1790061101742 core=1
  piece of job 53 end 1790061101743 core=5
  piece of job 53 end 1790061101991 core=4
job 53_TGAMMA_60 end 1790061101992
job 54_TGAMMA_60 started 1790061101992 core=1
  piece of job 54 started 1790061101992 core=4
  piece of job 54 started 1790061101992 core=1
  piece of job 54 started 1790061101992 core=5
  piece of job 54 end 1790061113458 core=1
job 90_XPY_60 end 1790061113465
job 91_COPY_84 started 1790061113465 core=0
  piece of job 54 end 1790061113504 core=5
  piece of job 54 end 1790061113728 core=4
job 54_TGAMMA_60 end 1790061113729
job 55_TGAMMA_60 started 1790061113729 core=1
  piece of job 55 started 1790061113729 core=1
  piece of job 55 started 1790061113729 core=4
  piece of job 55 started 1790061113729 core=5
  piece of job 55 end 1790061125196 core=1
  piece of job 55 end 1790061125221 core=5
  piece of job 55 end 1790061125480 core=4
job 55_TGAMMA_60 end 1790061125480
job 56_TGAMMA_60 started 1790061125480 core=1
  piece of job 56 started 1790061125480 core=1
  piece of job 56 started 1790061125480 core=4
  piece of job 56 started 1790061125480 core=5
  piece of job 56 end 1790061136963 core=5
  piece of job 56 end 1790061136975 core=1
  piece of job 56 end 1790061137203 core=4
job 56_TGAMMA_60 end 1790061137204
job 57_TGAMMA_60 started 1790061137204 core=1
  piece of job 57 started 1790061137204 core=1
  piece of job 57 started 1790061137204 core=5
  piece of job 57 started 1790061137204 core=4
  piece of job 57 end 1790061148660 core=1
  piece of job 57 end 1790061148718 core=5
  piece of job 57 end 1790061148919 core=4
job 57_TGAMMA_60 end 1790061148919
job 58_TGAMMA_12 started 1790061148919 core=1
  piece of job 58 started 1790061148919 core=1
  piece of job 58 started 1790061148920 core=5
  piece of job 58 started 1790061148919 core=4
  piece of job 58 end 1790061151215 core=1
  piece of job 58 end 1790061151219 core=5
  piece of job 58 end 1790061151267 core=4
job 58_TGAMMA_12 end 1790061151268
job 59_TGAMMA_120 started 1790061151268 core=1
  piece of job 59 started 1790061151268 core=1
  piece of job 59 started 1790061151268 core=5
  piece of job 59 started 1790061151268 core=4
job 91_COPY_84 end 1790061164765
job 92_SUM_84 started 1790061164765 core=0
  piece of job 59 end 1790061174175 core=1
  piece of job 59 end 1790061174306 core=5
  piece of job 59 end 1790061174586 core=4
job 59_TGAMMA_120 end 1790061174586
job 60_TGAMMA_60 started 1790061174586 core=1
  piece of job 60 started 1790061174587 core=4
  piece of job 60 started 1790061174587 core=5
  piece of job 60 started 1790061174587 core=1
  piece of job 60 end 1790061186044 core=1
  piece of job 60 end 1790061186093 core=5
  piece of job 60 end 1790061186147 core=4
job 60_TGAMMA_60 end 1790061186147
job 61_TGAMMA_120 started 1790061186147 core=1
  piece of job 61 started 1790061186147 core=4
  piece of job 61 started 1790061186147 core=5
  piece of job 61 started 1790061186147 core=1
job 92_SUM_84 end 1790061188837
job 93_XPY_60 started 1790061188837 core=0
  piece of job 61 end 1790061209048 core=1
  piece of job 61 end 1790061209179 core=5
  piece of job 61 end 1790061209538 core=4
job 61_TGAMMA_120 end 1790061209539
job 62_TGAMMA_60 started 1790061209539 core=1
  piece of job 62 started 1790061209539 core=4
  piece of job 62 started 1790061209539 core=1
  piece of job 62 started 1790061209539 core=5
  piece of job 62 end 1790061221013 core=5
  piece of job 62 end 1790061221019 core=1
  piece of job 62 end 1790061221266 core=4
job 62_TGAMMA_60 end 1790061221266
job 63_TGAMMA_120 started 1790061221266 core=1
  piece of job 63 started 1790061221266 core=4
  piece of job 63 started 1790061221266 core=5
  piece of job 63 started 1790061221266 core=1
job 93_XPY_60 end 1790061227262
job 94_XPY_60 started 1790061227262 core=0
  piece of job 63 end 1790061244175 core=1
  piece of job 63 end 1790061244302 core=5
  piece of job 63 end 1790061244733 core=4
job 63_TGAMMA_120 end 1790061244734
job 64_TGAMMA_120 started 1790061244734 core=1
  piece of job 64 started 1790061244734 core=4
  piece of job 64 started 1790061244734 core=1
  piece of job 64 started 1790061244734 core=5
job 94_XPY_60 end 1790061265716
job 95_SUM_132 started 1790061265716 core=0
  piece of job 64 end 1790061267700 core=5
  piece of job 64 end 1790061267731 core=1
  piece of job 64 end 1790061268191 core=4
job 64_TGAMMA_120 end 1790061268192
job 65_TGAMMA_12 started 1790061268192 core=1
  piece of job 65 started 1790061268192 core=4
  piece of job 65 started 1790061268192 core=5
  piece of job 65 started 1790061268192 core=1
  piece of job 65 end 1790061270482 core=1
  piece of job 65 end 1790061270489 core=5
  piece of job 65 end 1790061270506 core=4
job 65_TGAMMA_12 end 1790061270506
job 66_TGAMMA_120 started 1790061270506 core=1
  piece of job 66 started 1790061270506 core=4
  piece of job 66 started 1790061270506 core=5
  piece of job 66 started 1790061270506 core=1
  piece of job 66 end 1790061293421 core=1
  piece of job 66 end 1790061293534 core=5
  piece of job 66 end 1790061293636 core=4
job 66_TGAMMA_120 end 1790061293637
job 67_TGAMMA_60 started 1790061293637 core=1
  piece of job 67 started 1790061293637 core=4
  piece of job 67 started 1790061293637 core=1
  piece of job 67 started 1790061293637 core=5
job 95_SUM_132 end 1790061303550
job 96_SUM_84 started 1790061303550 core=0
  piece of job 67 end 1790061305115 core=5
  piece of job 67 end 1790061305122 core=1
  piece of job 67 end 1790061305198 core=4
job 67_TGAMMA_60 end 1790061305198
job 68_TGAMMA_60 started 1790061305198 core=1
  piece of job 68 started 1790061305198 core=4
  piece of job 68 started 1790061305198 core=5
  piece of job 68 started 1790061305198 core=1
  piece of job 68 end 1790061316654 core=1
  piece of job 68 end 1790061316703 core=5
  piece of job 68 end 1790061316755 core=4
job 68_TGAMMA_60 end 1790061316755
job 69_TGAMMA_60 started 1790061316755 core=1
  piece of job 69 started 1790061316755 core=4
  piece of job 69 started 1790061316755 core=5
  piece of job 69 started 1790061316755 core=1
job 96_SUM_84 end 1790061327604
job 97_XPY_48 started 1790061327605 core=0
  piece of job 69 end 1790061328204 core=1
  piece of job 69 end 1790061328261 core=5
  piece of job 69 end 1790061328310 core=4
job 69_TGAMMA_60 end 1790061328310
job 70_TGAMMA_60 started 1790061328310 core=1
  piece of job 70 started 1790061328310 core=4
  piece of job 70 started 1790061328310 core=5
  piece of job 70 started 1790061328310 core=1
  piece of job 70 end 1790061339768 core=1
  piece of job 70 end 1790061339814 core=5
  piece of job 70 end 1790061340040 core=4
job 70_TGAMMA_60 end 1790061340040
job 71_TGAMMA_120 started 1790061340040 core=1
  piece of job 71 started 1790061340041 core=4
  piece of job 71 started 1790061340041 core=1
  piece of job 71 started 1790061340041 core=5
job 97_XPY_48 end 1790061358224
job 98_SUM_84 started 1790061358225 core=0
  piece of job 71 end 1790061362988 core=5
  piece of job 71 end 1790061363008 core=1
  piece of job 71 end 1790061363420 core=4
job 71_TGAMMA_120 end 1790061363421
job 72_TGAMMA_60 started 1790061363421 core=1
  piece of job 72 started 1790061363421 core=4
  piece of job 72 started 1790061363421 core=5
  piece of job 72 started 1790061363421 core=1
  piece of job 72 end 1790061374883 core=1
  piece of job 72 end 1790061374931 core=5
  piece of job 72 end 1790061374984 core=4
job 72_TGAMMA_60 end 1790061374984
job 98_SUM_84 end 1790061380991
job 99_SUM_108 started 1790061380991 core=1
job 99_SUM_108 end 1790061406669
  итерация 0: 942310 ms
  среднее по 1 итерациям: 942310 ms
  реальных ожиданий свободного ядра: 0  (блокировок в задачах не было)
=== Выполняется проект: ml_two_chain_5.txt (100 работ, перестановка ORDER) ===
fake 3 started 1790061406669 delay_ms=1
fake 2 started 1790061406669 delay_ms=0
fake 2 end 1790061406669
fake 1 started 1790061406669 delay_ms=0
fake 1 end 1790061406670
fake 0 started 1790061406670 delay_ms=0
fake 0 end 1790061406670
job 70_COPY_60 started 1790061406670 core=4
job 0_TGAMMA_120 started 1790061406670 core=1
  piece of job 0 started 1790061406671 core=1
  piece of job 0 started 1790061406671 core=5
  piece of job 0 started 1790061406671 core=0
fake 3 end 1790061406671
  piece of job 0 end 1790061429590 core=1
  piece of job 0 end 1790061429698 core=5
  piece of job 0 end 1790061430115 core=0
job 0_TGAMMA_120 end 1790061430116
job 1_TGAMMA_60 started 1790061430116 core=1
  piece of job 1 started 1790061430117 core=1
  piece of job 1 started 1790061430117 core=0
  piece of job 1 started 1790061430129 core=5
  piece of job 1 end 1790061441567 core=1
  piece of job 1 end 1790061441610 core=5
  piece of job 1 end 1790061441897 core=0
job 1_TGAMMA_60 end 1790061441897
job 2_TGAMMA_60 started 1790061441897 core=1
  piece of job 2 started 1790061441898 core=1
  piece of job 2 started 1790061441898 core=0
  piece of job 2 started 1790061441910 core=5
job 70_COPY_60 end 1790061443245
job 71_COPY_84 started 1790061443245 core=4
  piece of job 2 end 1790061453372 core=1
  piece of job 2 end 1790061453380 core=5
  piece of job 2 end 1790061453619 core=0
job 2_TGAMMA_60 end 1790061453619
job 3_TGAMMA_60 started 1790061453619 core=1
  piece of job 3 started 1790061453619 core=1
  piece of job 3 started 1790061453619 core=0
  piece of job 3 started 1790061453631 core=5
  piece of job 3 end 1790061465067 core=1
  piece of job 3 end 1790061465141 core=5
  piece of job 3 end 1790061465360 core=0
job 3_TGAMMA_60 end 1790061465360
job 4_TGAMMA_120 started 1790061465360 core=1
  piece of job 4 started 1790061465360 core=1
  piece of job 4 started 1790061465360 core=0
  piece of job 4 started 1790061465360 core=5
  piece of job 4 end 1790061488281 core=1
  piece of job 4 end 1790061488332 core=5
  piece of job 4 end 1790061488920 core=0
job 4_TGAMMA_120 end 1790061488921
job 5_TGAMMA_60 started 1790061488921 core=1
  piece of job 5 started 1790061488921 core=1
  piece of job 5 started 1790061488921 core=0
  piece of job 5 started 1790061488934 core=5
job 71_COPY_84 end 1790061494369
job 72_XPY_60 started 1790061494369 core=4
  piece of job 5 end 1790061500392 core=1
  piece of job 5 end 1790061500408 core=5
  piece of job 5 end 1790061500656 core=0
job 5_TGAMMA_60 end 1790061500656
job 6_TGAMMA_120 started 1790061500656 core=1
  piece of job 6 started 1790061500657 core=1
  piece of job 6 started 1790061500657 core=0
  piece of job 6 started 1790061500657 core=5
  piece of job 6 end 1790061523592 core=1
  piece of job 6 end 1790061523705 core=5
  piece of job 6 end 1790061524177 core=0
job 6_TGAMMA_120 end 1790061524177
job 7_TGAMMA_120 started 1790061524178 core=1
  piece of job 7 started 1790061524178 core=1
  piece of job 7 started 1790061524178 core=0
  piece of job 7 started 1790061524190 core=5
job 72_XPY_60 end 1790061532587
job 73_SUM_108 started 1790061532588 core=4
  piece of job 7 end 1790061547071 core=1
  piece of job 7 end 1790061547151 core=5
  piece of job 7 end 1790061547556 core=0
job 7_TGAMMA_120 end 1790061547557
job 8_TGAMMA_120 started 1790061547557 core=1
  piece of job 8 started 1790061547557 core=1
  piece of job 8 started 1790061547557 core=0
  piece of job 8 started 1790061547557 core=5
job 73_SUM_108 end 1790061563508
job 74_SUM_84 started 1790061563508 core=4
  piece of job 8 end 1790061570501 core=5
  piece of job 8 end 1790061570542 core=1
  piece of job 8 end 1790061570711 core=0
job 8_TGAMMA_120 end 1790061570711
job 9_TGAMMA_12 started 1790061570711 core=1
  piece of job 9 started 1790061570712 core=1
  piece of job 9 started 1790061570712 core=0
  piece of job 9 started 1790061570724 core=5
  piece of job 9 end 1790061572998 core=1
  piece of job 9 end 1790061573015 core=5
  piece of job 9 end 1790061573026 core=0
job 9_TGAMMA_12 end 1790061573026
job 10_TGAMMA_60 started 1790061573026 core=1
  piece of job 10 started 1790061573027 core=1
  piece of job 10 started 1790061573027 core=0
  piece of job 10 started 1790061573039 core=5
  piece of job 10 end 1790061584503 core=1
  piece of job 10 end 1790061584505 core=5
  piece of job 10 end 1790061584600 core=0
job 10_TGAMMA_60 end 1790061584600
job 11_TGAMMA_60 started 1790061584600 core=1
  piece of job 11 started 1790061584600 core=1
  piece of job 11 started 1790061584600 core=0
  piece of job 11 started 1790061584613 core=5
job 74_SUM_84 end 1790061587536
job 75_DOT_84 started 1790061587537 core=4
  piece of job 11 end 1790061596057 core=1
  piece of job 11 end 1790061596128 core=5
  piece of job 11 end 1790061596267 core=0
job 11_TGAMMA_60 end 1790061596267
job 12_TGAMMA_12 started 1790061596267 core=1
  piece of job 12 started 1790061596267 core=1
  piece of job 12 started 1790061596267 core=0
  piece of job 12 started 1790061596280 core=5
  piece of job 12 end 1790061598564 core=1
  piece of job 12 end 1790061598582 core=5
  piece of job 12 end 1790061598616 core=0
job 12_TGAMMA_12 end 1790061598616
job 13_TGAMMA_120 started 1790061598616 core=1
  piece of job 13 started 1790061598617 core=1
  piece of job 13 started 1790061598617 core=0
  piece of job 13 started 1790061598617 core=5
  piece of job 13 end 1790061621653 core=5
  piece of job 13 end 1790061621665 core=1
  piece of job 13 end 1790061622089 core=0
job 13_TGAMMA_120 end 1790061622089
job 14_TGAMMA_120 started 1790061622089 core=1
  piece of job 14 started 1790061622090 core=1
  piece of job 14 started 1790061622090 core=0
  piece of job 14 started 1790061622090 core=5
job 75_DOT_84 end 1790061634323
job 76_XPY_60 started 1790061634323 core=4
  piece of job 14 end 1790061645038 core=1
  piece of job 14 end 1790061645094 core=5
  piece of job 14 end 1790061645645 core=0
job 14_TGAMMA_120 end 1790061645646
job 15_TGAMMA_12 started 1790061645646 core=1
  piece of job 15 started 1790061645646 core=1
  piece of job 15 started 1790061645646 core=0
  piece of job 15 started 1790061645659 core=5
  piece of job 15 end 1790061647933 core=1
  piece of job 15 end 1790061647952 core=5
  piece of job 15 end 1790061647996 core=0
job 15_TGAMMA_12 end 1790061647997
job 16_TGAMMA_60 started 1790061647997 core=1
  piece of job 16 started 1790061647997 core=1
  piece of job 16 started 1790061647997 core=0
  piece of job 16 started 1790061648009 core=5
  piece of job 16 end 1790061659439 core=1
  piece of job 16 end 1790061659503 core=5
  piece of job 16 end 1790061659747 core=0
job 16_TGAMMA_60 end 1790061659747
job 17_TGAMMA_120 started 1790061659747 core=1
  piece of job 17 started 1790061659747 core=1
  piece of job 17 started 1790061659747 core=0
  piece of job 17 started 1790061659747 core=5
job 76_XPY_60 end 1790061672653
job 77_DOT_84 started 1790061672653 core=4
  piece of job 17 end 1790061682681 core=1
  piece of job 17 end 1790061682753 core=5
  piece of job 17 end 1790061683335 core=0
job 17_TGAMMA_120 end 1790061683335
job 18_TGAMMA_60 started 1790061683335 core=1
  piece of job 18 started 1790061683336 core=1
  piece of job 18 started 1790061683336 core=0
  piece of job 18 started 1790061683356 core=5
  piece of job 18 end 1790061694838 core=1
  piece of job 18 end 1790061694851 core=5
  piece of job 18 end 1790061695081 core=0
job 18_TGAMMA_60 end 1790061695081
job 19_TGAMMA_12 started 1790061695081 core=1
  piece of job 19 started 1790061695082 core=1
  piece of job 19 started 1790061695082 core=0
  piece of job 19 started 1790061695094 core=5
  piece of job 19 end 1790061697376 core=1
  piece of job 19 end 1790061697393 core=5
  piece of job 19 end 1790061697429 core=0
job 19_TGAMMA_12 end 1790061697430
job 20_TGAMMA_120 started 1790061697430 core=1
  piece of job 20 started 1790061697430 core=1
  piece of job 20 started 1790061697430 core=0
  piece of job 20 started 1790061697430 core=5
job 77_DOT_84 end 1790061719774
job 78_XPY_48 started 1790061719774 core=4
  piece of job 20 end 1790061720398 core=1
  piece of job 20 end 1790061720451 core=5
  piece of job 20 end 1790061721009 core=0
job 20_TGAMMA_120 end 1790061721009
job 21_TGAMMA_120 started 1790061721009 core=1
  piece of job 21 started 1790061721010 core=1
  piece of job 21 started 1790061721010 core=0
  piece of job 21 started 1790061721022 core=5
  piece of job 21 end 1790061743976 core=5
  piece of job 21 end 1790061743981 core=1
  piece of job 21 end 1790061744524 core=0
job 21_TGAMMA_120 end 1790061744525
job 22_TGAMMA_120 started 1790061744525 core=1
  piece of job 22 started 1790061744526 core=1
  piece of job 22 started 1790061744526 core=0
  piece of job 22 started 1790061744538 core=5
job 78_XPY_48 end 1790061750442
job 79_SUM_84 started 1790061750442 core=4
  piece of job 22 end 1790061767432 core=1
  piece of job 22 end 1790061767482 core=5
  piece of job 22 end 1790061767864 core=0
job 22_TGAMMA_120 end 1790061767865
job 23_TGAMMA_60 started 1790061767865 core=1
  piece of job 23 started 1790061767865 core=1
  piece of job 23 started 1790061767865 core=0
  piece of job 23 started 1790061767878 core=5
job 79_SUM_84 end 1790061774434
job 80_XPY_48 started 1790061774435 core=4
  piece of job 23 end 1790061779325 core=1
  piece of job 23 end 1790061779341 core=5
  piece of job 23 end 1790061779485 core=0
job 23_TGAMMA_60 end 1790061779485
job 24_TGAMMA_60 started 1790061779485 core=1
  piece of job 24 started 1790061779485 core=1
  piece of job 24 started 1790061779485 core=0
  piece of job 24 started 1790061779498 core=5
  piece of job 24 end 1790061790931 core=1
  piece of job 24 end 1790061791001 core=5
  piece of job 24 end 1790061791235 core=0
job 24_TGAMMA_60 end 1790061791235
job 25_TGAMMA_60 started 1790061791235 core=1
  piece of job 25 started 1790061791235 core=1
  piece of job 25 started 1790061791235 core=0
  piece of job 25 started 1790061791248 core=5
  piece of job 25 end 1790061802685 core=1
  piece of job 25 end 1790061802731 core=5
  piece of job 25 end 1790061803034 core=0
job 25_TGAMMA_60 end 1790061803034
job 26_TGAMMA_120 started 1790061803034 core=1
  piece of job 26 started 1790061803035 core=1
  piece of job 26 started 1790061803035 core=0
  piece of job 26 started 1790061803035 core=5
job 80_XPY_48 end 1790061804977
job 81_DOT_36 started 1790061804977 core=4
job 81_DOT_36 end 1790061825144
job 82_DOT_36 started 1790061825144 core=4
  piece of job 26 end 1790061826054 core=5
  piece of job 26 end 1790061826075 core=1
  piece of job 26 end 1790061826497 core=0
job 26_TGAMMA_120 end 1790061826498
job 27_TGAMMA_120 started 1790061826498 core=1
  piece of job 27 started 1790061826498 core=1
  piece of job 27 started 1790061826498 core=0
  piece of job 27 started 1790061826498 core=5
job 82_DOT_36 end 1790061845373
job 83_DOT_84 started 1790061845373 core=4
  piece of job 27 end 1790061849467 core=1
  piece of job 27 end 1790061849535 core=5
  piece of job 27 end 1790061850047 core=0
job 27_TGAMMA_120 end 1790061850048
job 28_TGAMMA_120 started 1790061850048 core=1
  piece of job 28 started 1790061850048 core=1
  piece of job 28 started 1790061850048 core=0
  piece of job 28 started 1790061850049 core=5
  piece of job 28 end 1790061873069 core=5
  piece of job 28 end 1790061873106 core=1
  piece of job 28 end 1790061873547 core=0
job 28_TGAMMA_120 end 1790061873548
job 29_TGAMMA_120 started 1790061873548 core=1
  piece of job 29 started 1790061873548 core=1
  piece of job 29 started 1790061873548 core=0
  piece of job 29 started 1790061873548 core=5
job 83_DOT_84 end 1790061892488
job 84_XPY_48 started 1790061892488 core=4
  piece of job 29 end 1790061896515 core=1
  piece of job 29 end 1790061896575 core=5
  piece of job 29 end 1790061897132 core=0
job 29_TGAMMA_120 end 1790061897132
job 30_TGAMMA_60 started 1790061897132 core=1
  piece of job 30 started 1790061897133 core=1
  piece of job 30 started 1790061897133 core=0
  piece of job 30 started 1790061897145 core=5
  piece of job 30 end 1790061908613 core=1
  piece of job 30 end 1790061908623 core=5
  piece of job 30 end 1790061908904 core=0
job 30_TGAMMA_60 end 1790061908904
job 31_TGAMMA_120 started 1790061908905 core=1
  piece of job 31 started 1790061908905 core=1
  piece of job 31 started 1790061908905 core=0
  piece of job 31 started 1790061908905 core=5
job 84_XPY_48 end 1790061923264
job 85_DOT_36 started 1790061923264 core=4
  piece of job 31 end 1790061931838 core=1
  piece of job 31 end 1790061931981 core=5
  piece of job 31 end 1790061932409 core=0
job 31_TGAMMA_120 end 1790061932410
job 32_TGAMMA_120 started 1790061932410 core=1
  piece of job 32 started 1790061932410 core=1
  piece of job 32 started 1790061932410 core=0
  piece of job 32 started 1790061932410 core=5
job 85_DOT_36 end 1790061943439
job 86_XPY_48 started 1790061943439 core=4
  piece of job 32 end 1790061955365 core=1
  piece of job 32 end 1790061955402 core=5
  piece of job 32 end 1790061955959 core=0
job 32_TGAMMA_120 end 1790061955960
job 33_TGAMMA_120 started 1790061955960 core=1
  piece of job 33 started 1790061955960 core=1
  piece of job 33 started 1790061955960 core=0
  piece of job 33 started 1790061955972 core=5
job 86_XPY_48 end 1790061974101
job 87_XPY_48 started 1790061974101 core=4
  piece of job 33 end 1790061978937 core=1
  piece of job 33 end 1790061978941 core=5
  piece of job 33 end 1790061979464 core=0
job 33_TGAMMA_120 end 1790061979465
job 34_TGAMMA_60 started 1790061979465 core=1
  piece of job 34 started 1790061979466 core=1
  piece of job 34 started 1790061979466 core=0
  piece of job 34 started 1790061979478 core=5
  piece of job 34 end 1790061990920 core=1
  piece of job 34 end 1790061990982 core=5
  piece of job 34 end 1790061991228 core=0
job 34_TGAMMA_60 end 1790061991228
job 35_TGAMMA_60 started 1790061991228 core=1
  piece of job 35 started 1790061991228 core=1
  piece of job 35 started 1790061991228 core=0
  piece of job 35 started 1790061991241 core=5
  piece of job 35 end 1790062002668 core=1
  piece of job 35 end 1790062002717 core=5
  piece of job 35 end 1790062003018 core=0
job 35_TGAMMA_60 end 1790062003018
job 36_TGAMMA_12 started 1790062003018 core=1
  piece of job 36 started 1790062003018 core=1
  piece of job 36 started 1790062003018 core=0
  piece of job 36 started 1790062003031 core=5
job 87_XPY_48 end 1790062004676
job 88_SUM_108 started 1790062004676 core=4
  piece of job 36 end 1790062005306 core=1
  piece of job 36 end 1790062005326 core=5
  piece of job 36 end 1790062005360 core=0
job 36_TGAMMA_12 end 1790062005361
job 37_TGAMMA_60 started 1790062005361 core=1
  piece of job 37 started 1790062005361 core=1
  piece of job 37 started 1790062005361 core=0
  piece of job 37 started 1790062005373 core=5
  piece of job 37 end 1790062016811 core=1
  piece of job 37 end 1790062016882 core=5
  piece of job 37 end 1790062016944 core=0
job 37_TGAMMA_60 end 1790062016944
job 38_TGAMMA_12 started 1790062016944 core=1
  piece of job 38 started 1790062016944 core=1
  piece of job 38 started 1790062016944 core=0
  piece of job 38 started 1790062016956 core=5
  piece of job 38 end 1790062019232 core=1
  piece of job 38 end 1790062019246 core=5
  piece of job 38 end 1790062019261 core=0
job 38_TGAMMA_12 end 1790062019261
job 39_TGAMMA_12 started 1790062019261 core=1
  piece of job 39 started 1790062019261 core=1
  piece of job 39 started 1790062019261 core=0
  piece of job 39 started 1790062019271 core=5
  piece of job 39 end 1790062021546 core=1
  piece of job 39 end 1790062021562 core=5
  piece of job 39 end 1790062021574 core=0
job 39_TGAMMA_12 end 1790062021574
job 40_TGAMMA_120 started 1790062021574 core=1
  piece of job 40 started 1790062021574 core=1
  piece of job 40 started 1790062021574 core=0
  piece of job 40 started 1790062021586 core=5
job 88_SUM_108 end 1790062035650
job 89_XPY_48 started 1790062035650 core=4
  piece of job 40 end 1790062044469 core=1
  piece of job 40 end 1790062044603 core=5
  piece of job 40 end 1790062044844 core=0
job 40_TGAMMA_120 end 1790062044845
job 41_TGAMMA_60 started 1790062044845 core=1
  piece of job 41 started 1790062044846 core=1
  piece of job 41 started 1790062044846 core=0
  piece of job 41 started 1790062044856 core=5
  piece of job 41 end 1790062056292 core=1
  piece of job 41 end 1790062056344 core=5
  piece of job 41 end 1790062056641 core=0
job 41_TGAMMA_60 end 1790062056642
job 42_TGAMMA_12 started 1790062056642 core=1
  piece of job 42 started 1790062056642 core=1
  piece of job 42 started 1790062056642 core=0
  piece of job 42 started 1790062056654 core=5
  piece of job 42 end 1790062058928 core=1
  piece of job 42 end 1790062058949 core=5
  piece of job 42 end 1790062058991 core=0
job 42_TGAMMA_12 end 1790062058991
job 43_TGAMMA_12 started 1790062058991 core=1
  piece of job 43 started 1790062058991 core=1
  piece of job 43 started 1790062058991 core=0
  piece of job 43 started 1790062059012 core=5
  piece of job 43 end 1790062061277 core=1
  piece of job 43 end 1790062061306 core=5
  piece of job 43 end 1790062061319 core=0
job 43_TGAMMA_12 end 1790062061319
job 44_TGAMMA_120 started 1790062061319 core=1
  piece of job 44 started 1790062061320 core=1
  piece of job 44 started 1790062061320 core=0
  piece of job 44 started 1790062061320 core=5
job 89_XPY_48 end 1790062066399
job 90_SUM_108 started 1790062066399 core=4
  piece of job 44 end 1790062084259 core=1
  piece of job 44 end 1790062084280 core=5
  piece of job 44 end 1790062084669 core=0
job 44_TGAMMA_120 end 1790062084669
job 45_TGAMMA_60 started 1790062084669 core=1
  piece of job 45 started 1790062084670 core=1
  piece of job 45 started 1790062084670 core=0
  piece of job 45 started 1790062084682 core=5
  piece of job 45 end 1790062096139 core=1
  piece of job 45 end 1790062096149 core=5
  piece of job 45 end 1790062096239 core=0
job 45_TGAMMA_60 end 1790062096239
job 46_TGAMMA_12 started 1790062096239 core=1
  piece of job 46 started 1790062096240 core=1
  piece of job 46 started 1790062096240 core=0
  piece of job 46 started 1790062096251 core=5
job 90_SUM_108 end 1790062097294
job 91_SUM_132 started 1790062097294 core=4
  piece of job 46 end 1790062098521 core=1
  piece of job 46 end 1790062098542 core=5
  piece of job 46 end 1790062098550 core=0
job 46_TGAMMA_12 end 1790062098550
job 47_TGAMMA_12 started 1790062098551 core=1
  piece of job 47 started 1790062098551 core=1
  piece of job 47 started 1790062098551 core=0
  piece of job 47 started 1790062098563 core=5
  piece of job 47 end 1790062100840 core=1
  piece of job 47 end 1790062100858 core=5
  piece of job 47 end 1790062100871 core=0
job 47_TGAMMA_12 end 1790062100871
job 48_TGAMMA_12 started 1790062100871 core=1
  piece of job 48 started 1790062100872 core=1
  piece of job 48 started 1790062100872 core=0
  piece of job 48 started 1790062100884 core=5
  piece of job 48 end 1790062103161 core=1
  piece of job 48 end 1790062103180 core=5
  piece of job 48 end 1790062103190 core=0
job 48_TGAMMA_12 end 1790062103191
job 49_TGAMMA_60 started 1790062103191 core=1
  piece of job 49 started 1790062103191 core=1
  piece of job 49 started 1790062103191 core=0
  piece of job 49 started 1790062103203 core=5
  piece of job 49 end 1790062114635 core=1
  piece of job 49 end 1790062114710 core=5
  piece of job 49 end 1790062114769 core=0
job 49_TGAMMA_60 end 1790062114769
job 50_TGAMMA_60 started 1790062114769 core=1
  piece of job 50 started 1790062114769 core=1
  piece of job 50 started 1790062114769 core=0
  piece of job 50 started 1790062114782 core=5
  piece of job 50 end 1790062126211 core=1
  piece of job 50 end 1790062126246 core=5
  piece of job 50 end 1790062126370 core=0
job 50_TGAMMA_60 end 1790062126370
job 51_TGAMMA_60 started 1790062126370 core=1
  piece of job 51 started 1790062126370 core=1
  piece of job 51 started 1790062126370 core=0
  piece of job 51 started 1790062126382 core=5
job 91_SUM_132 end 1790062135065
job 92_COPY_60 started 1790062135065 core=4
  piece of job 51 end 1790062137835 core=1
  piece of job 51 end 1790062137846 core=5
  piece of job 51 end 1790062137959 core=0
job 51_TGAMMA_60 end 1790062137959
job 52_TGAMMA_60 started 1790062137959 core=1
  piece of job 52 started 1790062137959 core=1
  piece of job 52 started 1790062137959 core=0
  piece of job 52 started 1790062137972 core=5
  piece of job 52 end 1790062149414 core=1
  piece of job 52 end 1790062149481 core=5
  piece of job 52 end 1790062149701 core=0
job 52_TGAMMA_60 end 1790062149702
job 53_TGAMMA_120 started 1790062149702 core=1
  piece of job 53 started 1790062149702 core=1
  piece of job 53 started 1790062149702 core=0
  piece of job 53 started 1790062149702 core=5
job 92_COPY_60 end 1790062171681
job 93_XPY_48 started 1790062171681 core=4
  piece of job 53 end 1790062172628 core=1
  piece of job 53 end 1790062172676 core=5
  piece of job 53 end 1790062173254 core=0
job 53_TGAMMA_120 end 1790062173255
job 54_TGAMMA_60 started 1790062173255 core=1
  piece of job 54 started 1790062173255 core=1
  piece of job 54 started 1790062173255 core=0
  piece of job 54 started 1790062173268 core=5
  piece of job 54 end 1790062184732 core=1
  piece of job 54 end 1790062184740 core=5
  piece of job 54 end 1790062185012 core=0
job 54_TGAMMA_60 end 1790062185012
job 55_TGAMMA_120 started 1790062185012 core=1
  piece of job 55 started 1790062185012 core=1
  piece of job 55 started 1790062185012 core=0
  piece of job 55 started 1790062185012 core=5
job 93_XPY_48 end 1790062202367
job 94_XPY_60 started 1790062202367 core=4
  piece of job 55 end 1790062207912 core=1
  piece of job 55 end 1790062208043 core=5
  piece of job 55 end 1790062208524 core=0
job 55_TGAMMA_120 end 1790062208524
job 56_TGAMMA_60 started 1790062208525 core=1
  piece of job 56 started 1790062208525 core=1
  piece of job 56 started 1790062208525 core=0
  piece of job 56 started 1790062208537 core=5
  piece of job 56 end 1790062219983 core=1
  piece of job 56 end 1790062220020 core=5
  piece of job 56 end 1790062220389 core=0
job 56_TGAMMA_60 end 1790062220390
job 57_TGAMMA_12 started 1790062220390 core=1
  piece of job 57 started 1790062220390 core=1
  piece of job 57 started 1790062220390 core=0
  piece of job 57 started 1790062220402 core=5
  piece of job 57 end 1790062222678 core=1
  piece of job 57 end 1790062222699 core=5
  piece of job 57 end 1790062222752 core=0
job 57_TGAMMA_12 end 1790062222752
job 58_TGAMMA_120 started 1790062222752 core=1
  piece of job 58 started 1790062222753 core=1
  piece of job 58 started 1790062222753 core=0
  piece of job 58 started 1790062222753 core=5
job 94_XPY_60 end 1790062240682
job 95_DOT_36 started 1790062240682 core=4
  piece of job 58 end 1790062245687 core=1
  piece of job 58 end 1790062245812 core=5
  piece of job 58 end 1790062246348 core=0
job 58_TGAMMA_120 end 1790062246348
job 59_TGAMMA_120 started 1790062246348 core=1
  piece of job 59 started 1790062246349 core=1
  piece of job 59 started 1790062246349 core=0
  piece of job 59 started 1790062246349 core=5
job 95_DOT_36 end 1790062260869
job 96_SUM_132 started 1790062260869 core=4
  piece of job 59 end 1790062269297 core=1
  piece of job 59 end 1790062269345 core=5
  piece of job 59 end 1790062269778 core=0
job 59_TGAMMA_120 end 1790062269779
job 60_TGAMMA_60 started 1790062269779 core=1
  piece of job 60 started 1790062269779 core=1
  piece of job 60 started 1790062269779 core=0
  piece of job 60 started 1790062269792 core=5
  piece of job 60 end 1790062281251 core=1
  piece of job 60 end 1790062281255 core=5
  piece of job 60 end 1790062281347 core=0
job 60_TGAMMA_60 end 1790062281347
job 61_TGAMMA_120 started 1790062281347 core=1
  piece of job 61 started 1790062281348 core=1
  piece of job 61 started 1790062281348 core=0
  piece of job 61 started 1790062281348 core=5
job 96_SUM_132 end 1790062298646
job 97_SUM_84 started 1790062298646 core=4
  piece of job 61 end 1790062304246 core=1
  piece of job 61 end 1790062304382 core=5
  piece of job 61 end 1790062304504 core=0
job 61_TGAMMA_120 end 1790062304505
job 62_TGAMMA_60 started 1790062304505 core=1
  piece of job 62 started 1790062304505 core=1
  piece of job 62 started 1790062304505 core=0
  piece of job 62 started 1790062304518 core=5
  piece of job 62 end 1790062315949 core=1
  piece of job 62 end 1790062315985 core=5
  piece of job 62 end 1790062316112 core=0
job 62_TGAMMA_60 end 1790062316112
job 63_TGAMMA_12 started 1790062316112 core=1
  piece of job 63 started 1790062316112 core=1
  piece of job 63 started 1790062316112 core=0
  piece of job 63 started 1790062316125 core=5
  piece of job 63 end 1790062318397 core=1
  piece of job 63 end 1790062318420 core=5
  piece of job 63 end 1790062318425 core=0
job 63_TGAMMA_12 end 1790062318425
job 64_TGAMMA_12 started 1790062318425 core=1
  piece of job 64 started 1790062318425 core=1
  piece of job 64 started 1790062318425 core=0
  piece of job 64 started 1790062318438 core=5
  piece of job 64 end 1790062320710 core=1
  piece of job 64 end 1790062320730 core=5
  piece of job 64 end 1790062320739 core=0
job 64_TGAMMA_12 end 1790062320739
job 65_TGAMMA_120 started 1790062320740 core=1
  piece of job 65 started 1790062320740 core=1
  piece of job 65 started 1790062320740 core=0
  piece of job 65 started 1790062320740 core=5
job 97_SUM_84 end 1790062322705
job 98_DOT_36 started 1790062322706 core=4
job 98_DOT_36 end 1790062342890
job 99_COPY_84 started 1790062342890 core=4
  piece of job 65 end 1790062343705 core=1
  piece of job 65 end 1790062343758 core=5
  piece of job 65 end 1790062344230 core=0
job 65_TGAMMA_120 end 1790062344230
job 66_TGAMMA_60 started 1790062344231 core=1
  piece of job 66 started 1790062344231 core=1
  piece of job 66 started 1790062344231 core=0
  piece of job 66 started 1790062344243 core=5
  piece of job 66 end 1790062355710 core=1
  piece of job 66 end 1790062355720 core=5
  piece of job 66 end 1790062355972 core=0
job 66_TGAMMA_60 end 1790062355972
job 67_TGAMMA_120 started 1790062355972 core=1
  piece of job 67 started 1790062355972 core=1
  piece of job 67 started 1790062355972 core=0
  piece of job 67 started 1790062355972 core=5
  piece of job 67 end 1790062378891 core=1
  piece of job 67 end 1790062379032 core=5
  piece of job 67 end 1790062379469 core=0
job 67_TGAMMA_120 end 1790062379470
job 99_COPY_84 end 1790062390507
job 68_TGAMMA_60 started 1790062390507 core=1
  piece of job 68 started 1790062390507 core=1
  piece of job 68 started 1790062390508 core=0
  piece of job 68 started 1790062390518 core=5
  piece of job 68 started 1790062390518 core=4
  piece of job 68 end 1790062398993 core=1
  piece of job 68 end 1790062399010 core=4
  piece of job 68 end 1790062399022 core=5
  piece of job 68 end 1790062399025 core=0
job 68_TGAMMA_60 end 1790062399025
job 69_TGAMMA_12 started 1790062399025 core=1
  piece of job 69 started 1790062399025 core=1
  piece of job 69 started 1790062399025 core=0
  piece of job 69 started 1790062399035 core=4
  piece of job 69 started 1790062399035 core=5
  piece of job 69 end 1790062400717 core=1
  piece of job 69 end 1790062400721 core=0
  piece of job 69 end 1790062400728 core=4
  piece of job 69 end 1790062400732 core=5
job 69_TGAMMA_12 end 1790062400732
  итерация 0: 994062 ms
  среднее по 1 итерациям: 994062 ms
  реальных ожиданий свободного ядра: 1
=== Выполняется проект: ml_two_chain_6.txt (100 работ, перестановка ORDER) ===
fake 3 started 1790062400733 delay_ms=1
fake 2 started 1790062400733 delay_ms=0
fake 2 end 1790062400733
fake 1 started 1790062400733 delay_ms=0
fake 0 started 1790062400733 delay_ms=0
fake 0 end 1790062400733
fake 1 end 1790062400733
job 0_TGAMMA_120 started 1790062400733 core=1
job 71_XPY_48 started 1790062400733 core=5
  piece of job 0 started 1790062400733 core=1
fake 3 end 1790062400734
  piece of job 0 started 1790062400743 core=4
  piece of job 0 started 1790062400743 core=0
  piece of job 0 end 1790062423675 core=4
  piece of job 0 end 1790062423687 core=0
  piece of job 0 end 1790062423988 core=1
job 0_TGAMMA_120 end 1790062423989
job 1_TGAMMA_120 started 1790062423989 core=4
  piece of job 1 started 1790062423989 core=4
  piece of job 1 started 1790062423989 core=1
  piece of job 1 started 1790062423989 core=0
job 71_XPY_48 end 1790062431711
job 72_DOT_36 started 1790062431712 core=5
  piece of job 1 end 1790062446952 core=0
  piece of job 1 end 1790062446960 core=4
  piece of job 1 end 1790062447424 core=1
job 1_TGAMMA_120 end 1790062447425
job 2_TGAMMA_60 started 1790062447425 core=4
  piece of job 2 started 1790062447425 core=4
  piece of job 2 started 1790062447425 core=1
  piece of job 2 started 1790062447438 core=0
job 72_DOT_36 end 1790062451868
job 73_SUM_132 started 1790062451868 core=5
  piece of job 2 end 1790062458877 core=4
  piece of job 2 end 1790062458900 core=0
  piece of job 2 end 1790062459012 core=1
job 2_TGAMMA_60 end 1790062459012
job 3_TGAMMA_120 started 1790062459012 core=4
  piece of job 3 started 1790062459012 core=4
  piece of job 3 started 1790062459012 core=1
  piece of job 3 started 1790062459013 core=0
  piece of job 3 end 1790062481946 core=0
  piece of job 3 end 1790062481955 core=4
  piece of job 3 end 1790062482139 core=1
job 3_TGAMMA_120 end 1790062482139
job 4_TGAMMA_120 started 1790062482139 core=4
  piece of job 4 started 1790062482140 core=4
  piece of job 4 started 1790062482140 core=1
  piece of job 4 started 1790062482140 core=0
job 73_SUM_132 end 1790062489777
job 74_SUM_84 started 1790062489777 core=5
  piece of job 4 end 1790062505056 core=4
  piece of job 4 end 1790062505064 core=0
  piece of job 4 end 1790062505286 core=1
job 4_TGAMMA_120 end 1790062505287
job 5_TGAMMA_120 started 1790062505287 core=4
  piece of job 5 started 1790062505287 core=4
  piece of job 5 started 1790062505287 core=1
  piece of job 5 started 1790062505287 core=0
job 74_SUM_84 end 1790062513889
job 75_SUM_132 started 1790062513889 core=5
  piece of job 5 end 1790062528213 core=0
  piece of job 5 end 1790062528215 core=4
  piece of job 5 end 1790062528403 core=1
job 5_TGAMMA_120 end 1790062528404
job 6_TGAMMA_12 started 1790062528404 core=4
  piece of job 6 started 1790062528404 core=4
  piece of job 6 started 1790062528404 core=1
  piece of job 6 started 1790062528416 core=0
  piece of job 6 end 1790062530689 core=4
  piece of job 6 end 1790062530703 core=0
  piece of job 6 end 1790062530719 core=1
job 6_TGAMMA_12 end 1790062530719
job 7_TGAMMA_12 started 1790062530719 core=4
  piece of job 7 started 1790062530719 core=4
  piece of job 7 started 1790062530719 core=1
  piece of job 7 started 1790062530731 core=0
  piece of job 7 end 1790062533005 core=4
  piece of job 7 end 1790062533020 core=0
  piece of job 7 end 1790062533030 core=1
job 7_TGAMMA_12 end 1790062533030
job 8_TGAMMA_120 started 1790062533030 core=4
  piece of job 8 started 1790062533030 core=4
  piece of job 8 started 1790062533030 core=1
  piece of job 8 started 1790062533031 core=0
job 75_SUM_132 end 1790062551745
job 76_SUM_108 started 1790062551745 core=5
  piece of job 8 end 1790062555936 core=4
  piece of job 8 end 1790062555994 core=0
  piece of job 8 end 1790062556156 core=1
job 8_TGAMMA_120 end 1790062556157
job 9_TGAMMA_12 started 1790062556157 core=4
  piece of job 9 started 1790062556157 core=4
  piece of job 9 started 1790062556157 core=1
  piece of job 9 started 1790062556169 core=0
  piece of job 9 end 1790062558440 core=4
  piece of job 9 end 1790062558456 core=0
  piece of job 9 end 1790062558471 core=1
job 9_TGAMMA_12 end 1790062558471
job 10_TGAMMA_120 started 1790062558471 core=4
  piece of job 10 started 1790062558471 core=4
  piece of job 10 started 1790062558471 core=1
  piece of job 10 started 1790062558471 core=0
  piece of job 10 end 1790062581385 core=0
  piece of job 10 end 1790062581410 core=4
  piece of job 10 end 1790062581586 core=1
job 10_TGAMMA_120 end 1790062581587
job 11_TGAMMA_120 started 1790062581587 core=4
  piece of job 11 started 1790062581587 core=4
  piece of job 11 started 1790062581587 core=1
  piece of job 11 started 1790062581587 core=0
job 76_SUM_108 end 1790062582771
job 77_DOT_36 started 1790062582771 core=5
job 77_DOT_36 end 1790062603038
job 78_SUM_108 started 1790062603038 core=5
  piece of job 11 end 1790062604535 core=4
  piece of job 11 end 1790062604569 core=0
  piece of job 11 end 1790062604755 core=1
job 11_TGAMMA_120 end 1790062604756
job 12_TGAMMA_60 started 1790062604756 core=4
  piece of job 12 started 1790062604756 core=4
  piece of job 12 started 1790062604756 core=1
  piece of job 12 started 1790062604769 core=0
  piece of job 12 end 1790062616220 core=4
  piece of job 12 end 1790062616220 core=0
  piece of job 12 end 1790062616317 core=1
job 12_TGAMMA_60 end 1790062616318
job 13_TGAMMA_12 started 1790062616318 core=4
  piece of job 13 started 1790062616318 core=4
  piece of job 13 started 1790062616318 core=1
  piece of job 13 started 1790062616330 core=0
  piece of job 13 end 1790062618601 core=4
  piece of job 13 end 1790062618620 core=0
  piece of job 13 end 1790062618628 core=1
job 13_TGAMMA_12 end 1790062618628
job 14_TGAMMA_12 started 1790062618628 core=4
  piece of job 14 started 1790062618628 core=4
  piece of job 14 started 1790062618628 core=1
  piece of job 14 started 1790062618641 core=0
  piece of job 14 end 1790062620914 core=4
  piece of job 14 end 1790062620931 core=0
  piece of job 14 end 1790062620944 core=1
job 14_TGAMMA_12 end 1790062620944
job 15_TGAMMA_60 started 1790062620944 core=4
  piece of job 15 started 1790062620944 core=4
  piece of job 15 started 1790062620944 core=1
  piece of job 15 started 1790062620957 core=0
  piece of job 15 end 1790062632401 core=4
  piece of job 15 end 1790062632409 core=0
  piece of job 15 end 1790062632501 core=1
job 15_TGAMMA_60 end 1790062632501
job 16_TGAMMA_12 started 1790062632501 core=4
  piece of job 16 started 1790062632501 core=4
  piece of job 16 started 1790062632501 core=1
  piece of job 16 started 1790062632514 core=0
job 78_SUM_108 end 1790062633948
job 79_SUM_84 started 1790062633949 core=5
  piece of job 16 end 1790062634786 core=4
  piece of job 16 end 1790062634805 core=0
  piece of job 16 end 1790062634815 core=1
job 16_TGAMMA_12 end 1790062634815
job 17_TGAMMA_60 started 1790062634816 core=4
  piece of job 17 started 1790062634816 core=4
  piece of job 17 started 1790062634816 core=1
  piece of job 17 started 1790062634828 core=0
  piece of job 17 end 1790062646252 core=4
  piece of job 17 end 1790062646286 core=0
  piece of job 17 end 1790062646390 core=1
job 17_TGAMMA_60 end 1790062646390
job 18_TGAMMA_120 started 1790062646390 core=4
  piece of job 18 started 1790062646391 core=4
  piece of job 18 started 1790062646391 core=1
  piece of job 18 started 1790062646391 core=0
job 79_SUM_84 end 1790062658044
job 80_XPY_48 started 1790062658044 core=5
  piece of job 18 end 1790062669299 core=0
  piece of job 18 end 1790062669311 core=4
  piece of job 18 end 1790062669645 core=1
job 18_TGAMMA_120 end 1790062669646
job 19_TGAMMA_60 started 1790062669646 core=4
  piece of job 19 started 1790062669646 core=4
  piece of job 19 started 1790062669646 core=1
  piece of job 19 started 1790062669659 core=0
  piece of job 19 end 1790062681077 core=4
  piece of job 19 end 1790062681110 core=0
  piece of job 19 end 1790062681275 core=1
job 19_TGAMMA_60 end 1790062681275
job 20_TGAMMA_60 started 1790062681275 core=4
  piece of job 20 started 1790062681276 core=4
  piece of job 20 started 1790062681276 core=1
  piece of job 20 started 1790062681288 core=0
job 80_XPY_48 end 1790062688740
job 81_SUM_108 started 1790062688740 core=5
  piece of job 20 end 1790062692737 core=4
  piece of job 20 end 1790062692746 core=0
  piece of job 20 end 1790062692956 core=1
job 20_TGAMMA_60 end 1790062692956
job 21_TGAMMA_12 started 1790062692956 core=4
  piece of job 21 started 1790062692956 core=4
  piece of job 21 started 1790062692956 core=1
  piece of job 21 started 1790062692968 core=0
  piece of job 21 end 1790062695240 core=4
  piece of job 21 end 1790062695262 core=0
  piece of job 21 end 1790062695269 core=1
job 21_TGAMMA_12 end 1790062695269
job 22_TGAMMA_60 started 1790062695269 core=4
  piece of job 22 started 1790062695270 core=4
  piece of job 22 started 1790062695270 core=1
  piece of job 22 started 1790062695282 core=0
  piece of job 22 end 1790062706707 core=4
  piece of job 22 end 1790062706730 core=0
  piece of job 22 end 1790062706839 core=1
job 22_TGAMMA_60 end 1790062706839
job 23_TGAMMA_60 started 1790062706839 core=4
  piece of job 23 started 1790062706839 core=4
  piece of job 23 started 1790062706839 core=1
  piece of job 23 started 1790062706851 core=0
  piece of job 23 end 1790062718294 core=4
  piece of job 23 end 1790062718301 core=0
  piece of job 23 end 1790062718390 core=1
job 23_TGAMMA_60 end 1790062718390
job 24_TGAMMA_120 started 1790062718390 core=4
  piece of job 24 started 1790062718390 core=4
  piece of job 24 started 1790062718390 core=1
  piece of job 24 started 1790062718390 core=0
job 81_SUM_108 end 1790062719673
job 82_COPY_60 started 1790062719673 core=5
  piece of job 24 end 1790062741283 core=4
  piece of job 24 end 1790062741339 core=0
  piece of job 24 end 1790062741760 core=1
job 24_TGAMMA_120 end 1790062741760
job 25_TGAMMA_12 started 1790062741760 core=4
  piece of job 25 started 1790062741761 core=4
  piece of job 25 started 1790062741761 core=1
  piece of job 25 started 1790062741773 core=0
  piece of job 25 end 1790062744048 core=4
  piece of job 25 end 1790062744064 core=0
  piece of job 25 end 1790062744111 core=1
job 25_TGAMMA_12 end 1790062744111
job 26_TGAMMA_60 started 1790062744111 core=4
  piece of job 26 started 1790062744111 core=4
  piece of job 26 started 1790062744111 core=1
  piece of job 26 started 1790062744123 core=0
  piece of job 26 end 1790062755577 core=4
  piece of job 26 end 1790062755581 core=0
  piece of job 26 end 1790062755828 core=1
job 26_TGAMMA_60 end 1790062755829
job 27_TGAMMA_60 started 1790062755829 core=4
  piece of job 27 started 1790062755829 core=4
  piece of job 27 started 1790062755829 core=1
  piece of job 27 started 1790062755841 core=0
job 82_COPY_60 end 1790062756247
job 83_COPY_60 started 1790062756247 core=5
  piece of job 27 end 1790062767262 core=4
  piece of job 27 end 1790062767320 core=0
  piece of job 27 end 1790062767539 core=1
job 27_TGAMMA_60 end 1790062767539
job 28_TGAMMA_60 started 1790062767539 core=4
  piece of job 28 started 1790062767539 core=4
  piece of job 28 started 1790062767539 core=1
  piece of job 28 started 1790062767551 core=0
  piece of job 28 end 1790062778982 core=4
  piece of job 28 end 1790062779007 core=0
  piece of job 28 end 1790062779200 core=1
job 28_TGAMMA_60 end 1790062779201
job 29_TGAMMA_60 started 1790062779201 core=4
  piece of job 29 started 1790062779201 core=4
  piece of job 29 started 1790062779201 core=1
  piece of job 29 started 1790062779213 core=0
  piece of job 29 end 1790062790667 core=4
  piece of job 29 end 1790062790678 core=0
  piece of job 29 end 1790062790921 core=1
job 29_TGAMMA_60 end 1790062790921
job 30_TGAMMA_120 started 1790062790922 core=4
  piece of job 30 started 1790062790922 core=4
  piece of job 30 started 1790062790922 core=1
  piece of job 30 started 1790062790934 core=0
job 83_COPY_60 end 1790062792895
job 84_SUM_132 started 1790062792895 core=5
  piece of job 30 end 1790062813813 core=4
  piece of job 30 end 1790062813882 core=0
  piece of job 30 end 1790062814088 core=1
job 30_TGAMMA_120 end 1790062814089
job 31_TGAMMA_12 started 1790062814089 core=4
  piece of job 31 started 1790062814089 core=4
  piece of job 31 started 1790062814089 core=1
  piece of job 31 started 1790062814101 core=0
  piece of job 31 end 1790062816376 core=4
  piece of job 31 end 1790062816392 core=0
  piece of job 31 end 1790062816408 core=1
job 31_TGAMMA_12 end 1790062816408
job 32_TGAMMA_60 started 1790062816408 core=4
  piece of job 32 started 1790062816409 core=4
  piece of job 32 started 1790062816409 core=1
  piece of job 32 started 1790062816421 core=0
  piece of job 32 end 1790062827869 core=4
  piece of job 32 end 1790062827870 core=0
  piece of job 32 end 1790062827962 core=1
job 32_TGAMMA_60 end 1790062827962
job 33_TGAMMA_60 started 1790062827963 core=4
  piece of job 33 started 1790062827963 core=4
  piece of job 33 started 1790062827963 core=1
  piece of job 33 started 1790062827975 core=0
job 84_SUM_132 end 1790062830694
job 85_COPY_60 started 1790062830694 core=5
  piece of job 33 end 1790062839391 core=4
  piece of job 33 end 1790062839446 core=0
  piece of job 33 end 1790062839615 core=1
job 33_TGAMMA_60 end 1790062839615
job 34_TGAMMA_120 started 1790062839615 core=4
  piece of job 34 started 1790062839615 core=4
  piece of job 34 started 1790062839615 core=1
  piece of job 34 started 1790062839627 core=0
  piece of job 34 end 1790062862526 core=4
  piece of job 34 end 1790062862567 core=0
  piece of job 34 end 1790062862930 core=1
job 34_TGAMMA_120 end 1790062862931
job 35_TGAMMA_60 started 1790062862931 core=4
  piece of job 35 started 1790062862931 core=4
  piece of job 35 started 1790062862931 core=1
  piece of job 35 started 1790062862944 core=0
job 85_COPY_60 end 1790062867331
job 86_XPY_60 started 1790062867331 core=5
  piece of job 35 end 1790062874381 core=4
  piece of job 35 end 1790062874397 core=0
  piece of job 35 end 1790062874632 core=1
job 35_TGAMMA_60 end 1790062874632
job 36_TGAMMA_12 started 1790062874633 core=4
  piece of job 36 started 1790062874633 core=4
  piece of job 36 started 1790062874633 core=1
  piece of job 36 started 1790062874645 core=0
  piece of job 36 end 1790062876921 core=4
  piece of job 36 end 1790062876942 core=0
  piece of job 36 end 1790062876983 core=1
job 36_TGAMMA_12 end 1790062876983
job 37_TGAMMA_120 started 1790062876983 core=4
  piece of job 37 started 1790062876984 core=4
  piece of job 37 started 1790062876984 core=1
  piece of job 37 started 1790062876996 core=0
  piece of job 37 end 1790062899872 core=4
  piece of job 37 end 1790062899928 core=0
  piece of job 37 end 1790062900241 core=1
job 37_TGAMMA_120 end 1790062900242
job 38_TGAMMA_60 started 1790062900242 core=4
  piece of job 38 started 1790062900242 core=4
  piece of job 38 started 1790062900242 core=1
  piece of job 38 started 1790062900255 core=0
job 86_XPY_60 end 1790062905618
job 87_COPY_60 started 1790062905618 core=5
  piece of job 38 end 1790062911695 core=4
  piece of job 38 end 1790062911703 core=0
  piece of job 38 end 1790062911946 core=1
job 38_TGAMMA_60 end 1790062911946
job 39_TGAMMA_12 started 1790062911946 core=4
  piece of job 39 started 1790062911947 core=4
  piece of job 39 started 1790062911947 core=1
  piece of job 39 started 1790062911959 core=0
  piece of job 39 end 1790062914233 core=4
  piece of job 39 end 1790062914255 core=0
  piece of job 39 end 1790062914291 core=1
job 39_TGAMMA_12 end 1790062914292
job 40_TGAMMA_60 started 1790062914292 core=4
  piece of job 40 started 1790062914292 core=4
  piece of job 40 started 1790062914292 core=1
  piece of job 40 started 1790062914304 core=0
  piece of job 40 end 1790062925736 core=4
  piece of job 40 end 1790062925760 core=0
  piece of job 40 end 1790062925955 core=1
job 40_TGAMMA_60 end 1790062925955
job 41_TGAMMA_60 started 1790062925955 core=4
  piece of job 41 started 1790062925955 core=4
  piece of job 41 started 1790062925955 core=1
  piece of job 41 started 1790062925967 core=0
  piece of job 41 end 1790062937416 core=4
  piece of job 41 end 1790062937426 core=0
  piece of job 41 end 1790062937669 core=1
job 41_TGAMMA_60 end 1790062937669
job 42_TGAMMA_12 started 1790062937669 core=4
  piece of job 42 started 1790062937669 core=4
  piece of job 42 started 1790062937669 core=1
  piece of job 42 started 1790062937682 core=0
  piece of job 42 end 1790062939956 core=4
  piece of job 42 end 1790062939975 core=0
  piece of job 42 end 1790062940014 core=1
job 42_TGAMMA_12 end 1790062940014
job 43_TGAMMA_120 started 1790062940014 core=4
  piece of job 43 started 1790062940014 core=4
  piece of job 43 started 1790062940014 core=1
  piece of job 43 started 1790062940027 core=0
job 87_COPY_60 end 1790062942229
job 88_SUM_108 started 1790062942230 core=5
  piece of job 43 end 1790062962906 core=4
  piece of job 43 end 1790062962962 core=0
  piece of job 43 end 1790062963200 core=1
job 43_TGAMMA_120 end 1790062963200
job 44_TGAMMA_12 started 1790062963200 core=4
  piece of job 44 started 1790062963201 core=4
  piece of job 44 started 1790062963201 core=1
  piece of job 44 started 1790062963213 core=0
  piece of job 44 end 1790062965490 core=4
  piece of job 44 end 1790062965502 core=0
  piece of job 44 end 1790062965514 core=1
job 44_TGAMMA_12 end 1790062965514
job 45_TGAMMA_60 started 1790062965514 core=4
  piece of job 45 started 1790062965515 core=4
  piece of job 45 started 1790062965515 core=1
  piece of job 45 started 1790062965527 core=0
job 88_SUM_108 end 1790062973152
job 89_DOT_36 started 1790062973152 core=5
  piece of job 45 end 1790062976963 core=4
  piece of job 45 end 1790062977023 core=0
  piece of job 45 end 1790062977133 core=1
job 45_TGAMMA_60 end 1790062977133
job 46_TGAMMA_12 started 1790062977133 core=4
  piece of job 46 started 1790062977134 core=4
  piece of job 46 started 1790062977134 core=1
  piece of job 46 started 1790062977146 core=0
  piece of job 46 end 1790062979428 core=4
  piece of job 46 end 1790062979443 core=0
  piece of job 46 end 1790062979455 core=1
job 46_TGAMMA_12 end 1790062979455
job 47_TGAMMA_12 started 1790062979455 core=4
  piece of job 47 started 1790062979455 core=4
  piece of job 47 started 1790062979455 core=1
  piece of job 47 started 1790062979467 core=0
  piece of job 47 end 1790062981755 core=4
  piece of job 47 end 1790062981770 core=0
  piece of job 47 end 1790062981809 core=1
job 47_TGAMMA_12 end 1790062981809
job 48_TGAMMA_120 started 1790062981809 core=4
  piece of job 48 started 1790062981809 core=4
  piece of job 48 started 1790062981809 core=1
  piece of job 48 started 1790062981810 core=0
job 89_DOT_36 end 1790062993298
job 90_DOT_84 started 1790062993298 core=5
  piece of job 48 end 1790063004778 core=4
  piece of job 48 end 1790063004847 core=0
  piece of job 48 end 1790063005259 core=1
job 48_TGAMMA_120 end 1790063005260
job 49_TGAMMA_120 started 1790063005260 core=4
  piece of job 49 started 1790063005260 core=4
  piece of job 49 started 1790063005260 core=1
  piece of job 49 started 1790063005260 core=0
  piece of job 49 end 1790063028217 core=4
  piece of job 49 end 1790063028257 core=0
  piece of job 49 end 1790063028433 core=1
job 49_TGAMMA_120 end 1790063028433
job 50_TGAMMA_12 started 1790063028433 core=4
  piece of job 50 started 1790063028434 core=4
  piece of job 50 started 1790063028434 core=1
  piece of job 50 started 1790063028446 core=0
  piece of job 50 end 1790063030729 core=4
  piece of job 50 end 1790063030741 core=0
  piece of job 50 end 1790063030779 core=1
job 50_TGAMMA_12 end 1790063030779
job 51_TGAMMA_60 started 1790063030780 core=4
  piece of job 51 started 1790063030780 core=4
  piece of job 51 started 1790063030780 core=1
  piece of job 51 started 1790063030792 core=0
job 90_DOT_84 end 1790063040531
job 91_DOT_36 started 1790063040531 core=5
  piece of job 51 end 1790063042244 core=4
  piece of job 51 end 1790063042308 core=0
  piece of job 51 end 1790063042506 core=1
job 51_TGAMMA_60 end 1790063042506
job 52_TGAMMA_12 started 1790063042506 core=4
  piece of job 52 started 1790063042507 core=4
  piece of job 52 started 1790063042507 core=1
  piece of job 52 started 1790063042519 core=0
  piece of job 52 end 1790063044801 core=4
  piece of job 52 end 1790063044818 core=0
  piece of job 52 end 1790063044828 core=1
job 52_TGAMMA_12 end 1790063044828
job 53_TGAMMA_120 started 1790063044828 core=4
  piece of job 53 started 1790063044828 core=4
  piece of job 53 started 1790063044828 core=1
  piece of job 53 started 1790063044840 core=0
job 91_DOT_36 end 1790063060697
job 92_XPY_48 started 1790063060697 core=5
  piece of job 53 end 1790063067805 core=0
  piece of job 53 end 1790063067810 core=4
  piece of job 53 end 1790063068268 core=1
job 53_TGAMMA_120 end 1790063068269
job 54_TGAMMA_60 started 1790063068269 core=4
  piece of job 54 started 1790063068269 core=4
  piece of job 54 started 1790063068269 core=1
  piece of job 54 started 1790063068281 core=0
  piece of job 54 end 1790063079706 core=4
  piece of job 54 end 1790063079734 core=0
  piece of job 54 end 1790063079903 core=1
job 54_TGAMMA_60 end 1790063079903
job 55_TGAMMA_120 started 1790063079903 core=4
  piece of job 55 started 1790063079904 core=4
  piece of job 55 started 1790063079904 core=1
  piece of job 55 started 1790063079904 core=0
job 92_XPY_48 end 1790063091488
job 93_DOT_36 started 1790063091488 core=5
  piece of job 55 end 1790063102867 core=0
  piece of job 55 end 1790063102872 core=4
  piece of job 55 end 1790063103360 core=1
job 55_TGAMMA_120 end 1790063103361
job 56_TGAMMA_60 started 1790063103361 core=4
  piece of job 56 started 1790063103361 core=4
  piece of job 56 started 1790063103361 core=1
  piece of job 56 started 1790063103373 core=0
job 93_DOT_36 end 1790063111665
job 94_XPY_48 started 1790063111666 core=5
  piece of job 56 end 1790063114821 core=4
  piece of job 56 end 1790063114845 core=0
  piece of job 56 end 1790063114958 core=1
job 56_TGAMMA_60 end 1790063114959
job 57_TGAMMA_60 started 1790063114959 core=4
  piece of job 57 started 1790063114959 core=4
  piece of job 57 started 1790063114959 core=1
  piece of job 57 started 1790063114971 core=0
  piece of job 57 end 1790063126418 core=4
  piece of job 57 end 1790063126435 core=0
  piece of job 57 end 1790063126692 core=1
job 57_TGAMMA_60 end 1790063126692
job 58_TGAMMA_12 started 1790063126692 core=4
  piece of job 58 started 1790063126692 core=4
  piece of job 58 started 1790063126692 core=1
  piece of job 58 started 1790063126704 core=0
  piece of job 58 end 1790063128978 core=4
  piece of job 58 end 1790063128998 core=0
  piece of job 58 end 1790063129038 core=1
job 58_TGAMMA_12 end 1790063129038
job 59_TGAMMA_120 started 1790063129039 core=4
  piece of job 59 started 1790063129039 core=4
  piece of job 59 started 1790063129039 core=1
  piece of job 59 started 1790063129039 core=0
job 94_XPY_48 end 1790063142342
job 95_COPY_84 started 1790063142342 core=5
  piece of job 59 end 1790063151947 core=4
  piece of job 59 end 1790063151988 core=0
  piece of job 59 end 1790063152318 core=1
job 59_TGAMMA_120 end 1790063152319
job 60_TGAMMA_12 started 1790063152319 core=4
  piece of job 60 started 1790063152320 core=4
  piece of job 60 started 1790063152320 core=1
  piece of job 60 started 1790063152332 core=0
  piece of job 60 end 1790063154614 core=4
  piece of job 60 end 1790063154627 core=0
  piece of job 60 end 1790063154668 core=1
job 60_TGAMMA_12 end 1790063154668
job 61_TGAMMA_120 started 1790063154668 core=4
  piece of job 61 started 1790063154669 core=4
  piece of job 61 started 1790063154669 core=1
  piece of job 61 started 1790063154669 core=0
  piece of job 61 end 1790063177586 core=4
  piece of job 61 end 1790063177657 core=0
  piece of job 61 end 1790063178127 core=1
job 61_TGAMMA_120 end 1790063178128
job 62_TGAMMA_120 started 1790063178128 core=4
  piece of job 62 started 1790063178128 core=4
  piece of job 62 started 1790063178128 core=1
  piece of job 62 started 1790063178141 core=0
job 95_COPY_84 end 1790063193686
job 96_SUM_84 started 1790063193686 core=5
  piece of job 62 end 1790063201020 core=4
  piece of job 62 end 1790063201059 core=0
  piece of job 62 end 1790063201379 core=1
job 62_TGAMMA_120 end 1790063201380
job 63_TGAMMA_120 started 1790063201380 core=4
  piece of job 63 started 1790063201380 core=4
  piece of job 63 started 1790063201380 core=1
  piece of job 63 started 1790063201380 core=0
job 96_SUM_84 end 1790063217775
job 97_DOT_84 started 1790063217776 core=5
  piece of job 63 end 1790063224310 core=0
  piece of job 63 end 1790063224320 core=4
  piece of job 63 end 1790063224557 core=1
job 63_TGAMMA_120 end 1790063224558
job 64_TGAMMA_120 started 1790063224558 core=4
  piece of job 64 started 1790063224558 core=4
  piece of job 64 started 1790063224558 core=1
  piece of job 64 started 1790063224558 core=0
  piece of job 64 end 1790063247550 core=4
  piece of job 64 end 1790063247567 core=0
  piece of job 64 end 1790063247760 core=1
job 64_TGAMMA_120 end 1790063247761
job 65_TGAMMA_12 started 1790063247761 core=4
  piece of job 65 started 1790063247761 core=4
  piece of job 65 started 1790063247761 core=1
  piece of job 65 started 1790063247773 core=0
  piece of job 65 end 1790063250060 core=4
  piece of job 65 end 1790063250072 core=0
  piece of job 65 end 1790063250112 core=1
job 65_TGAMMA_12 end 1790063250112
job 66_TGAMMA_12 started 1790063250112 core=4
  piece of job 66 started 1790063250113 core=4
  piece of job 66 started 1790063250113 core=1
  piece of job 66 started 1790063250125 core=0
  piece of job 66 end 1790063252408 core=4
  piece of job 66 end 1790063252428 core=0
  piece of job 66 end 1790063252465 core=1
job 66_TGAMMA_12 end 1790063252465
job 67_TGAMMA_12 started 1790063252465 core=4
  piece of job 67 started 1790063252465 core=4
  piece of job 67 started 1790063252465 core=1
  piece of job 67 started 1790063252478 core=0
  piece of job 67 end 1790063254761 core=4
  piece of job 67 end 1790063254780 core=0
  piece of job 67 end 1790063254790 core=1
job 67_TGAMMA_12 end 1790063254790
job 68_TGAMMA_120 started 1790063254790 core=4
  piece of job 68 started 1790063254790 core=4
  piece of job 68 started 1790063254790 core=1
  piece of job 68 started 1790063254790 core=0
job 97_DOT_84 end 1790063265172
job 98_DOT_84 started 1790063265172 core=5
  piece of job 68 end 1790063277774 core=0
  piece of job 68 end 1790063277802 core=4
  piece of job 68 end 1790063278232 core=1
job 68_TGAMMA_120 end 1790063278233
job 69_TGAMMA_12 started 1790063278233 core=4
  piece of job 69 started 1790063278233 core=4
  piece of job 69 started 1790063278233 core=1
  piece of job 69 started 1790063278245 core=0
  piece of job 69 end 1790063280526 core=4
  piece of job 69 end 1790063280545 core=0
  piece of job 69 end 1790063280586 core=1
job 69_TGAMMA_12 end 1790063280586
job 70_TGAMMA_120 started 1790063280586 core=4
  piece of job 70 started 1790063280586 core=4
  piece of job 70 started 1790063280586 core=1
  piece of job 70 started 1790063280586 core=0
  piece of job 70 end 1790063303582 core=0
  piece of job 70 end 1790063303614 core=4
  piece of job 70 end 1790063304048 core=1
job 70_TGAMMA_120 end 1790063304048
job 98_DOT_84 end 1790063310652
job 99_SUM_108 started 1790063310652 core=0
job 99_SUM_108 end 1790063336311
  итерация 0: 935578 ms
  среднее по 1 итерациям: 935578 ms
  реальных ожиданий свободного ядра: 0  (блокировок в задачах не было)
=== Выполняется проект: ml_two_chain_7.txt (100 работ, перестановка ORDER) ===
fake 3 started 1790063336312 delay_ms=1
fake 2 started 1790063336312 delay_ms=0
fake 2 end 1790063336312
fake 1 started 1790063336312 delay_ms=0
fake 1 end 1790063336312
fake 0 started 1790063336312 delay_ms=0
fake 0 end 1790063336312
job 0_TGAMMA_60 started 1790063336312 core=1
job 75_XPY_48 started 1790063336312 core=0
  piece of job 0 started 1790063336312 core=1
  piece of job 0 started 1790063336312 core=4
  piece of job 0 started 1790063336312 core=5
fake 3 end 1790063336323
  piece of job 0 end 1790063347772 core=1
  piece of job 0 end 1790063347811 core=5
  piece of job 0 end 1790063347936 core=4
job 0_TGAMMA_60 end 1790063347936
job 1_TGAMMA_60 started 1790063347936 core=1
  piece of job 1 started 1790063347936 core=1
  piece of job 1 started 1790063347936 core=4
  piece of job 1 started 1790063347936 core=5
  piece of job 1 end 1790063359418 core=1
  piece of job 1 end 1790063359426 core=5
  piece of job 1 end 1790063359697 core=4
job 1_TGAMMA_60 end 1790063359697
job 2_TGAMMA_60 started 1790063359697 core=1
  piece of job 2 started 1790063359697 core=1
  piece of job 2 started 1790063359697 core=5
  piece of job 2 started 1790063359697 core=4
job 75_XPY_48 end 1790063366931
job 76_SUM_132 started 1790063366931 core=0
  piece of job 2 end 1790063371154 core=1
  piece of job 2 end 1790063371176 core=5
  piece of job 2 end 1790063371326 core=4
job 2_TGAMMA_60 end 1790063371326
job 3_TGAMMA_12 started 1790063371326 core=1
  piece of job 3 started 1790063371326 core=1
  piece of job 3 started 1790063371326 core=4
  piece of job 3 started 1790063371326 core=5
  piece of job 3 end 1790063373621 core=1
  piece of job 3 end 1790063373624 core=5
  piece of job 3 end 1790063373644 core=4
job 3_TGAMMA_12 end 1790063373644
job 4_TGAMMA_120 started 1790063373645 core=1
  piece of job 4 started 1790063373645 core=1
  piece of job 4 started 1790063373645 core=4
  piece of job 4 started 1790063373645 core=5
  piece of job 4 end 1790063396566 core=1
  piece of job 4 end 1790063396648 core=5
  piece of job 4 end 1790063396802 core=4
job 4_TGAMMA_120 end 1790063396802
job 5_TGAMMA_60 started 1790063396802 core=1
  piece of job 5 started 1790063396803 core=1
  piece of job 5 started 1790063396803 core=4
  piece of job 5 started 1790063396803 core=5
job 76_SUM_132 end 1790063404703
job 77_SUM_132 started 1790063404703 core=0
  piece of job 5 end 1790063408256 core=1
  piece of job 5 end 1790063408286 core=5
  piece of job 5 end 1790063408389 core=4
job 5_TGAMMA_60 end 1790063408389
job 6_TGAMMA_120 started 1790063408389 core=1
  piece of job 6 started 1790063408389 core=1
  piece of job 6 started 1790063408389 core=4
  piece of job 6 started 1790063408389 core=5
  piece of job 6 end 1790063431337 core=5
  piece of job 6 end 1790063431343 core=1
  piece of job 6 end 1790063431529 core=4
job 6_TGAMMA_120 end 1790063431529
job 7_TGAMMA_120 started 1790063431529 core=1
  piece of job 7 started 1790063431530 core=1
  piece of job 7 started 1790063431530 core=4
  piece of job 7 started 1790063431530 core=5
job 77_SUM_132 end 1790063442527
job 78_DOT_36 started 1790063442527 core=0
  piece of job 7 end 1790063454473 core=1
  piece of job 7 end 1790063454523 core=5
  piece of job 7 end 1790063454703 core=4
job 7_TGAMMA_120 end 1790063454704
job 8_TGAMMA_12 started 1790063454704 core=1
  piece of job 8 started 1790063454704 core=1
  piece of job 8 started 1790063454704 core=4
  piece of job 8 started 1790063454704 core=5
  piece of job 8 end 1790063457005 core=1
  piece of job 8 end 1790063457005 core=5
  piece of job 8 end 1790063457054 core=4
job 8_TGAMMA_12 end 1790063457055
job 9_TGAMMA_12 started 1790063457055 core=1
  piece of job 9 started 1790063457055 core=1
  piece of job 9 started 1790063457055 core=4
  piece of job 9 started 1790063457055 core=5
  piece of job 9 end 1790063459354 core=1
  piece of job 9 end 1790063459363 core=5
  piece of job 9 end 1790063459409 core=4
job 9_TGAMMA_12 end 1790063459410
job 10_TGAMMA_120 started 1790063459410 core=1
  piece of job 10 started 1790063459410 core=1
  piece of job 10 started 1790063459410 core=4
  piece of job 10 started 1790063459410 core=5
job 78_DOT_36 end 1790063462726
job 79_SUM_84 started 1790063462726 core=0
  piece of job 10 end 1790063482333 core=1
  piece of job 10 end 1790063482373 core=5
  piece of job 10 end 1790063482579 core=4
job 10_TGAMMA_120 end 1790063482580
job 11_TGAMMA_120 started 1790063482580 core=1
  piece of job 11 started 1790063482580 core=1
  piece of job 11 started 1790063482580 core=4
  piece of job 11 started 1790063482580 core=5
job 79_SUM_84 end 1790063486748
job 80_XPY_60 started 1790063486748 core=0
  piece of job 11 end 1790063505507 core=1
  piece of job 11 end 1790063505534 core=5
  piece of job 11 end 1790063505970 core=4
job 11_TGAMMA_120 end 1790063505971
job 12_TGAMMA_60 started 1790063505971 core=1
  piece of job 12 started 1790063505971 core=1
  piece of job 12 started 1790063505971 core=5
  piece of job 12 started 1790063505971 core=4
  piece of job 12 end 1790063517434 core=1
  piece of job 12 end 1790063517451 core=5
  piece of job 12 end 1790063517626 core=4
job 12_TGAMMA_60 end 1790063517626
job 13_TGAMMA_120 started 1790063517626 core=1
  piece of job 13 started 1790063517627 core=1
  piece of job 13 started 1790063517627 core=5
  piece of job 13 started 1790063517627 core=4
job 80_XPY_60 end 1790063525145
job 81_SUM_132 started 1790063525145 core=0
  piece of job 13 end 1790063540564 core=1
  piece of job 13 end 1790063540589 core=5
  piece of job 13 end 1790063540898 core=4
job 13_TGAMMA_120 end 1790063540899
job 14_TGAMMA_120 started 1790063540899 core=1
  piece of job 14 started 1790063540899 core=1
  piece of job 14 started 1790063540899 core=5
  piece of job 14 started 1790063540899 core=4
job 81_SUM_132 end 1790063562905
job 82_COPY_60 started 1790063562905 core=0
  piece of job 14 end 1790063563823 core=1
  piece of job 14 end 1790063563868 core=5
  piece of job 14 end 1790063564073 core=4
job 14_TGAMMA_120 end 1790063564074
job 15_TGAMMA_120 started 1790063564074 core=1
  piece of job 15 started 1790063564074 core=1
  piece of job 15 started 1790063564074 core=5
  piece of job 15 started 1790063564074 core=4
  piece of job 15 end 1790063587041 core=1
  piece of job 15 end 1790063587064 core=5
  piece of job 15 end 1790063587566 core=4
job 15_TGAMMA_120 end 1790063587567
job 16_TGAMMA_12 started 1790063587567 core=1
  piece of job 16 started 1790063587567 core=1
  piece of job 16 started 1790063587567 core=5
  piece of job 16 started 1790063587567 core=4
  piece of job 16 end 1790063589862 core=1
  piece of job 16 end 1790063589867 core=5
  piece of job 16 end 1790063589923 core=4
job 16_TGAMMA_12 end 1790063589923
job 17_TGAMMA_12 started 1790063589923 core=1
  piece of job 17 started 1790063589924 core=1
  piece of job 17 started 1790063589924 core=5
  piece of job 17 started 1790063589924 core=4
  piece of job 17 end 1790063592217 core=1
  piece of job 17 end 1790063592220 core=5
  piece of job 17 end 1790063592272 core=4
job 17_TGAMMA_12 end 1790063592272
job 18_TGAMMA_12 started 1790063592273 core=1
  piece of job 18 started 1790063592273 core=1
  piece of job 18 started 1790063592273 core=5
  piece of job 18 started 1790063592273 core=4
  piece of job 18 end 1790063594567 core=1
  piece of job 18 end 1790063594569 core=5
  piece of job 18 end 1790063594610 core=4
job 18_TGAMMA_12 end 1790063594610
job 19_TGAMMA_12 started 1790063594610 core=1
  piece of job 19 started 1790063594610 core=1
  piece of job 19 started 1790063594610 core=5
  piece of job 19 started 1790063594610 core=4
  piece of job 19 end 1790063596905 core=1
  piece of job 19 end 1790063596908 core=5
  piece of job 19 end 1790063596960 core=4
job 19_TGAMMA_12 end 1790063596960
job 20_TGAMMA_12 started 1790063596960 core=1
  piece of job 20 started 1790063596961 core=1
  piece of job 20 started 1790063596961 core=5
  piece of job 20 started 1790063596961 core=4
  piece of job 20 end 1790063599254 core=1
  piece of job 20 end 1790063599259 core=5
  piece of job 20 end 1790063599297 core=4
job 20_TGAMMA_12 end 1790063599297
job 21_TGAMMA_60 started 1790063599297 core=1
  piece of job 21 started 1790063599297 core=1
  piece of job 21 started 1790063599297 core=5
  piece of job 21 started 1790063599297 core=4
job 82_COPY_60 end 1790063599478
job 83_DOT_84 started 1790063599479 core=0
  piece of job 21 end 1790063610803 core=5
  piece of job 21 end 1790063610804 core=1
  piece of job 21 end 1790063611018 core=4
job 21_TGAMMA_60 end 1790063611018
job 22_TGAMMA_12 started 1790063611018 core=1
  piece of job 22 started 1790063611018 core=1
  piece of job 22 started 1790063611018 core=5
  piece of job 22 started 1790063611018 core=4
  piece of job 22 end 1790063613319 core=1
  piece of job 22 end 1790063613325 core=5
  piece of job 22 end 1790063613369 core=4
job 22_TGAMMA_12 end 1790063613369
job 23_TGAMMA_12 started 1790063613369 core=1
  piece of job 23 started 1790063613369 core=1
  piece of job 23 started 1790063613369 core=4
  piece of job 23 started 1790063613369 core=5
  piece of job 23 end 1790063615668 core=1
  piece of job 23 end 1790063615673 core=5
  piece of job 23 end 1790063615695 core=4
job 23_TGAMMA_12 end 1790063615695
job 24_TGAMMA_12 started 1790063615695 core=1
  piece of job 24 started 1790063615695 core=1
  piece of job 24 started 1790063615695 core=5
  piece of job 24 started 1790063615695 core=4
  piece of job 24 end 1790063617995 core=5
  piece of job 24 end 1790063617995 core=1
  piece of job 24 end 1790063618040 core=4
job 24_TGAMMA_12 end 1790063618040
job 25_TGAMMA_120 started 1790063618040 core=1
  piece of job 25 started 1790063618041 core=1
  piece of job 25 started 1790063618041 core=4
  piece of job 25 started 1790063618041 core=5
  piece of job 25 end 1790063641010 core=1
  piece of job 25 end 1790063641064 core=5
  piece of job 25 end 1790063641256 core=4
job 25_TGAMMA_120 end 1790063641256
job 26_TGAMMA_60 started 1790063641256 core=1
  piece of job 26 started 1790063641257 core=1
  piece of job 26 started 1790063641257 core=4
  piece of job 26 started 1790063641257 core=5
job 83_DOT_84 end 1790063646297
job 84_COPY_84 started 1790063646298 core=0
  piece of job 26 end 1790063652748 core=5
  piece of job 26 end 1790063652748 core=1
  piece of job 26 end 1790063652964 core=4
job 26_TGAMMA_60 end 1790063652964
job 27_TGAMMA_12 started 1790063652964 core=1
  piece of job 27 started 1790063652964 core=1
  piece of job 27 started 1790063652964 core=5
  piece of job 27 started 1790063652964 core=4
  piece of job 27 end 1790063655258 core=1
  piece of job 27 end 1790063655267 core=5
  piece of job 27 end 1790063655316 core=4
job 27_TGAMMA_12 end 1790063655316
job 28_TGAMMA_120 started 1790063655316 core=1
  piece of job 28 started 1790063655316 core=1
  piece of job 28 started 1790063655316 core=5
  piece of job 28 started 1790063655316 core=4
  piece of job 28 end 1790063678250 core=1
  piece of job 28 end 1790063678326 core=5
  piece of job 28 end 1790063678801 core=4
job 28_TGAMMA_120 end 1790063678802
job 29_TGAMMA_60 started 1790063678802 core=1
  piece of job 29 started 1790063678802 core=1
  piece of job 29 started 1790063678802 core=4
  piece of job 29 started 1790063678802 core=5
  piece of job 29 end 1790063690267 core=1
  piece of job 29 end 1790063690293 core=5
  piece of job 29 end 1790063690487 core=4
job 29_TGAMMA_60 end 1790063690487
job 30_TGAMMA_60 started 1790063690487 core=1
  piece of job 30 started 1790063690487 core=1
  piece of job 30 started 1790063690487 core=5
  piece of job 30 started 1790063690487 core=4
job 84_COPY_84 end 1790063697492
job 85_SUM_132 started 1790063697492 core=0
  piece of job 30 end 1790063701964 core=5
  piece of job 30 end 1790063701965 core=1
  piece of job 30 end 1790063702160 core=4
job 30_TGAMMA_60 end 1790063702160
job 31_TGAMMA_60 started 1790063702160 core=1
  piece of job 31 started 1790063702161 core=1
  piece of job 31 started 1790063702161 core=4
  piece of job 31 started 1790063702161 core=5
  piece of job 31 end 1790063713620 core=1
  piece of job 31 end 1790063713647 core=5
  piece of job 31 end 1790063713754 core=4
job 31_TGAMMA_60 end 1790063713755
job 32_TGAMMA_12 started 1790063713755 core=1
  piece of job 32 started 1790063713756 core=1
  piece of job 32 started 1790063713756 core=4
  piece of job 32 started 1790063713756 core=5
  piece of job 32 end 1790063716050 core=1
  piece of job 32 end 1790063716054 core=5
  piece of job 32 end 1790063716072 core=4
job 32_TGAMMA_12 end 1790063716072
job 33_TGAMMA_12 started 1790063716072 core=1
  piece of job 33 started 1790063716072 core=1
  piece of job 33 started 1790063716072 core=4
  piece of job 33 started 1790063716072 core=5
  piece of job 33 end 1790063718365 core=1
  piece of job 33 end 1790063718372 core=5
  piece of job 33 end 1790063718393 core=4
job 33_TGAMMA_12 end 1790063718393
job 34_TGAMMA_60 started 1790063718393 core=1
  piece of job 34 started 1790063718393 core=1
  piece of job 34 started 1790063718393 core=4
  piece of job 34 started 1790063718393 core=5
  piece of job 34 end 1790063729858 core=1
  piece of job 34 end 1790063729876 core=5
  piece of job 34 end 1790063729991 core=4
job 34_TGAMMA_60 end 1790063729991
job 35_TGAMMA_60 started 1790063729992 core=1
  piece of job 35 started 1790063729992 core=1
  piece of job 35 started 1790063729992 core=4
  piece of job 35 started 1790063729992 core=5
job 85_SUM_132 end 1790063735257
job 86_DOT_84 started 1790063735257 core=0
  piece of job 35 end 1790063741476 core=1
  piece of job 35 end 1790063741480 core=5
  piece of job 35 end 1790063741616 core=4
job 35_TGAMMA_60 end 1790063741616
job 36_TGAMMA_120 started 1790063741616 core=1
  piece of job 36 started 1790063741617 core=1
  piece of job 36 started 1790063741617 core=4
  piece of job 36 started 1790063741617 core=5
  piece of job 36 end 1790063764600 core=1
  piece of job 36 end 1790063764687 core=5
  piece of job 36 end 1790063765074 core=4
job 36_TGAMMA_120 end 1790063765074
job 37_TGAMMA_120 started 1790063765074 core=1
  piece of job 37 started 1790063765075 core=1
  piece of job 37 started 1790063765075 core=4
  piece of job 37 started 1790063765075 core=5
job 86_DOT_84 end 1790063782076
job 87_SUM_132 started 1790063782076 core=0
  piece of job 37 end 1790063788050 core=1
  piece of job 37 end 1790063788111 core=5
  piece of job 37 end 1790063788309 core=4
job 37_TGAMMA_120 end 1790063788310
job 38_TGAMMA_12 started 1790063788310 core=1
  piece of job 38 started 1790063788310 core=5
  piece of job 38 started 1790063788310 core=1
  piece of job 38 started 1790063788310 core=4
  piece of job 38 end 1790063790604 core=1
  piece of job 38 end 1790063790613 core=5
  piece of job 38 end 1790063790630 core=4
job 38_TGAMMA_12 end 1790063790630
job 39_TGAMMA_60 started 1790063790630 core=1
  piece of job 39 started 1790063790631 core=1
  piece of job 39 started 1790063790631 core=4
  piece of job 39 started 1790063790631 core=5
  piece of job 39 end 1790063802086 core=1
  piece of job 39 end 1790063802112 core=5
  piece of job 39 end 1790063802221 core=4
job 39_TGAMMA_60 end 1790063802221
job 40_TGAMMA_120 started 1790063802221 core=1
  piece of job 40 started 1790063802221 core=1
  piece of job 40 started 1790063802221 core=4
  piece of job 40 started 1790063802221 core=5
job 87_SUM_132 end 1790063819880
job 88_DOT_36 started 1790063819880 core=0
  piece of job 40 end 1790063825179 core=5
  piece of job 40 end 1790063825186 core=1
  piece of job 40 end 1790063825423 core=4
job 40_TGAMMA_120 end 1790063825424
job 41_TGAMMA_120 started 1790063825424 core=1
  piece of job 41 started 1790063825424 core=1
  piece of job 41 started 1790063825424 core=4
  piece of job 41 started 1790063825424 core=5
job 88_DOT_36 end 1790063840141
job 89_SUM_84 started 1790063840141 core=0
  piece of job 41 end 1790063848380 core=1
  piece of job 41 end 1790063848427 core=5
  piece of job 41 end 1790063848628 core=4
job 41_TGAMMA_120 end 1790063848629
job 42_TGAMMA_60 started 1790063848629 core=1
  piece of job 42 started 1790063848629 core=1
  piece of job 42 started 1790063848629 core=5
  piece of job 42 started 1790063848629 core=4
  piece of job 42 end 1790063860108 core=5
  piece of job 42 end 1790063860110 core=1
  piece of job 42 end 1790063860201 core=4
job 42_TGAMMA_60 end 1790063860202
job 43_TGAMMA_12 started 1790063860202 core=1
  piece of job 43 started 1790063860202 core=1
  piece of job 43 started 1790063860202 core=4
  piece of job 43 started 1790063860202 core=5
  piece of job 43 end 1790063862494 core=1
  piece of job 43 end 1790063862499 core=5
  piece of job 43 end 1790063862524 core=4
job 43_TGAMMA_12 end 1790063862524
job 44_TGAMMA_12 started 1790063862524 core=1
  piece of job 44 started 1790063862524 core=1
  piece of job 44 started 1790063862524 core=5
  piece of job 44 started 1790063862524 core=4
job 89_SUM_84 end 1790063864146
job 90_XPY_48 started 1790063864147 core=0
  piece of job 44 end 1790063864813 core=1
  piece of job 44 end 1790063864818 core=5
  piece of job 44 end 1790063864836 core=4
job 44_TGAMMA_12 end 1790063864837
job 45_TGAMMA_120 started 1790063864837 core=1
  piece of job 45 started 1790063864837 core=1
  piece of job 45 started 1790063864837 core=5
  piece of job 45 started 1790063864837 core=4
  piece of job 45 end 1790063887755 core=1
  piece of job 45 end 1790063887805 core=5
  piece of job 45 end 1790063888121 core=4
job 45_TGAMMA_120 end 1790063888122
job 46_TGAMMA_60 started 1790063888122 core=1
  piece of job 46 started 1790063888123 core=1
  piece of job 46 started 1790063888123 core=5
  piece of job 46 started 1790063888123 core=4
job 90_XPY_48 end 1790063894841
job 91_DOT_84 started 1790063894841 core=0
  piece of job 46 end 1790063899606 core=1
  piece of job 46 end 1790063899607 core=5
  piece of job 46 end 1790063899839 core=4
job 46_TGAMMA_60 end 1790063899839
job 47_TGAMMA_120 started 1790063899839 core=1
  piece of job 47 started 1790063899840 core=1
  piece of job 47 started 1790063899840 core=4
  piece of job 47 started 1790063899840 core=5
  piece of job 47 end 1790063922816 core=1
  piece of job 47 end 1790063922918 core=5
  piece of job 47 end 1790063923295 core=4
job 47_TGAMMA_120 end 1790063923296
job 48_TGAMMA_60 started 1790063923296 core=1
  piece of job 48 started 1790063923296 core=1
  piece of job 48 started 1790063923296 core=5
  piece of job 48 started 1790063923296 core=4
  piece of job 48 end 1790063934785 core=1
  piece of job 48 end 1790063934837 core=5
  piece of job 48 end 1790063935015 core=4
job 48_TGAMMA_60 end 1790063935015
job 49_TGAMMA_60 started 1790063935015 core=1
  piece of job 49 started 1790063935015 core=1
  piece of job 49 started 1790063935015 core=5
  piece of job 49 started 1790063935015 core=4
job 91_DOT_84 end 1790063941533
job 92_COPY_84 started 1790063941533 core=0
  piece of job 49 end 1790063946473 core=1
  piece of job 49 end 1790063946527 core=5
  piece of job 49 end 1790063946711 core=4
job 49_TGAMMA_60 end 1790063946711
job 50_TGAMMA_120 started 1790063946711 core=1
  piece of job 50 started 1790063946712 core=1
  piece of job 50 started 1790063946712 core=5
  piece of job 50 started 1790063946712 core=4
  piece of job 50 end 1790063969639 core=1
  piece of job 50 end 1790063969726 core=5
  piece of job 50 end 1790063970180 core=4
job 50_TGAMMA_120 end 1790063970181
job 51_TGAMMA_60 started 1790063970181 core=1
  piece of job 51 started 1790063970181 core=1
  piece of job 51 started 1790063970181 core=4
  piece of job 51 started 1790063970181 core=5
  piece of job 51 end 1790063981651 core=1
  piece of job 51 end 1790063981681 core=5
  piece of job 51 end 1790063981873 core=4
job 51_TGAMMA_60 end 1790063981874
job 52_TGAMMA_120 started 1790063981874 core=1
  piece of job 52 started 1790063981874 core=1
  piece of job 52 started 1790063981874 core=5
  piece of job 52 started 1790063981874 core=4
job 92_COPY_84 end 1790063992770
job 93_COPY_84 started 1790063992770 core=0
  piece of job 52 end 1790064004834 core=5
  piece of job 52 end 1790064004837 core=1
  piece of job 52 end 1790064005323 core=4
job 52_TGAMMA_120 end 1790064005323
job 53_TGAMMA_12 started 1790064005324 core=1
  piece of job 53 started 1790064005324 core=1
  piece of job 53 started 1790064005324 core=5
  piece of job 53 started 1790064005324 core=4
  piece of job 53 end 1790064007619 core=1
  piece of job 53 end 1790064007629 core=5
  piece of job 53 end 1790064007675 core=4
job 53_TGAMMA_12 end 1790064007675
job 54_TGAMMA_12 started 1790064007676 core=1
  piece of job 54 started 1790064007676 core=1
  piece of job 54 started 1790064007676 core=5
  piece of job 54 started 1790064007676 core=4
  piece of job 54 end 1790064009969 core=1
  piece of job 54 end 1790064009973 core=5
  piece of job 54 end 1790064010026 core=4
job 54_TGAMMA_12 end 1790064010026
job 55_TGAMMA_12 started 1790064010026 core=1
  piece of job 55 started 1790064010026 core=1
  piece of job 55 started 1790064010026 core=5
  piece of job 55 started 1790064010026 core=4
  piece of job 55 end 1790064012319 core=1
  piece of job 55 end 1790064012327 core=5
  piece of job 55 end 1790064012376 core=4
job 55_TGAMMA_12 end 1790064012376
job 56_TGAMMA_120 started 1790064012376 core=1
  piece of job 56 started 1790064012376 core=1
  piece of job 56 started 1790064012376 core=5
  piece of job 56 started 1790064012376 core=4
  piece of job 56 end 1790064035294 core=1
  piece of job 56 end 1790064035379 core=5
  piece of job 56 end 1790064035830 core=4
job 56_TGAMMA_120 end 1790064035831
job 57_TGAMMA_60 started 1790064035831 core=1
  piece of job 57 started 1790064035831 core=1
  piece of job 57 started 1790064035831 core=5
  piece of job 57 started 1790064035831 core=4
job 93_COPY_84 end 1790064043890
job 94_COPY_84 started 1790064043890 core=0
  piece of job 57 end 1790064047283 core=1
  piece of job 57 end 1790064047335 core=5
  piece of job 57 end 1790064047548 core=4
job 57_TGAMMA_60 end 1790064047548
job 58_TGAMMA_12 started 1790064047549 core=1
  piece of job 58 started 1790064047549 core=1
  piece of job 58 started 1790064047549 core=5
  piece of job 58 started 1790064047549 core=4
  piece of job 58 end 1790064049842 core=1
  piece of job 58 end 1790064049849 core=5
  piece of job 58 end 1790064049898 core=4
job 58_TGAMMA_12 end 1790064049898
job 59_TGAMMA_60 started 1790064049898 core=1
  piece of job 59 started 1790064049898 core=1
  piece of job 59 started 1790064049898 core=5
  piece of job 59 started 1790064049898 core=4
  piece of job 59 end 1790064061364 core=1
  piece of job 59 end 1790064061415 core=5
  piece of job 59 end 1790064061645 core=4
job 59_TGAMMA_60 end 1790064061645
job 60_TGAMMA_60 started 1790064061645 core=1
  piece of job 60 started 1790064061646 core=1
  piece of job 60 started 1790064061646 core=5
  piece of job 60 started 1790064061646 core=4
  piece of job 60 end 1790064073112 core=1
  piece of job 60 end 1790064073154 core=5
  piece of job 60 end 1790064073378 core=4
job 60_TGAMMA_60 end 1790064073378
job 61_TGAMMA_60 started 1790064073378 core=1
  piece of job 61 started 1790064073380 core=1
  piece of job 61 started 1790064073380 core=4
  piece of job 61 started 1790064073380 core=5
  piece of job 61 end 1790064084840 core=1
  piece of job 61 end 1790064084871 core=5
  piece of job 61 end 1790064085060 core=4
job 61_TGAMMA_60 end 1790064085060
job 62_TGAMMA_12 started 1790064085060 core=1
  piece of job 62 started 1790064085060 core=1
  piece of job 62 started 1790064085060 core=5
  piece of job 62 started 1790064085060 core=4
  piece of job 62 end 1790064087359 core=1
  piece of job 62 end 1790064087364 core=5
  piece of job 62 end 1790064087415 core=4
job 62_TGAMMA_12 end 1790064087415
job 63_TGAMMA_120 started 1790064087415 core=1
  piece of job 63 started 1790064087416 core=1
  piece of job 63 started 1790064087416 core=5
  piece of job 63 started 1790064087416 core=4
job 94_COPY_84 end 1790064095124
job 95_SUM_84 started 1790064095124 core=0
  piece of job 63 end 1790064110336 core=1
  piece of job 63 end 1790064110383 core=5
  piece of job 63 end 1790064110658 core=4
job 63_TGAMMA_120 end 1790064110658
job 64_TGAMMA_120 started 1790064110659 core=1
  piece of job 64 started 1790064110659 core=1
  piece of job 64 started 1790064110659 core=4
  piece of job 64 started 1790064110659 core=5
job 95_SUM_84 end 1790064119158
job 96_SUM_108 started 1790064119159 core=0
  piece of job 64 end 1790064133606 core=1
  piece of job 64 end 1790064133611 core=5
  piece of job 64 end 1790064133798 core=4
job 64_TGAMMA_120 end 1790064133799
job 65_TGAMMA_12 started 1790064133799 core=1
  piece of job 65 started 1790064133799 core=1
  piece of job 65 started 1790064133799 core=4
  piece of job 65 started 1790064133799 core=5
  piece of job 65 end 1790064136088 core=1
  piece of job 65 end 1790064136095 core=5
  piece of job 65 end 1790064136112 core=4
job 65_TGAMMA_12 end 1790064136112
job 66_TGAMMA_60 started 1790064136112 core=1
  piece of job 66 started 1790064136113 core=1
  piece of job 66 started 1790064136113 core=4
  piece of job 66 started 1790064136113 core=5
  piece of job 66 end 1790064147569 core=1
  piece of job 66 end 1790064147589 core=5
  piece of job 66 end 1790064147699 core=4
job 66_TGAMMA_60 end 1790064147700
job 67_TGAMMA_12 started 1790064147700 core=1
  piece of job 67 started 1790064147700 core=1
  piece of job 67 started 1790064147700 core=4
  piece of job 67 started 1790064147700 core=5
  piece of job 67 end 1790064149993 core=1
  piece of job 67 end 1790064149995 core=5
job 96_SUM_108 end 1790064149997
job 97_SUM_132 started 1790064149997 core=0
  piece of job 67 end 1790064150015 core=4
job 67_TGAMMA_12 end 1790064150015
job 68_TGAMMA_120 started 1790064150015 core=1
  piece of job 68 started 1790064150016 core=1
  piece of job 68 started 1790064150016 core=5
  piece of job 68 started 1790064150016 core=4
  piece of job 68 end 1790064172908 core=1
  piece of job 68 end 1790064172953 core=5
  piece of job 68 end 1790064173173 core=4
job 68_TGAMMA_120 end 1790064173174
job 69_TGAMMA_12 started 1790064173174 core=1
  piece of job 69 started 1790064173174 core=1
  piece of job 69 started 1790064173174 core=4
  piece of job 69 started 1790064173174 core=5
  piece of job 69 end 1790064175468 core=1
  piece of job 69 end 1790064175470 core=5
  piece of job 69 end 1790064175490 core=4
job 69_TGAMMA_12 end 1790064175490
job 70_TGAMMA_12 started 1790064175490 core=1
  piece of job 70 started 1790064175491 core=1
  piece of job 70 started 1790064175491 core=4
  piece of job 70 started 1790064175491 core=5
  piece of job 70 end 1790064177783 core=1
  piece of job 70 end 1790064177789 core=5
  piece of job 70 end 1790064177810 core=4
job 70_TGAMMA_12 end 1790064177810
job 71_TGAMMA_60 started 1790064177810 core=1
  piece of job 71 started 1790064177811 core=1
  piece of job 71 started 1790064177811 core=4
  piece of job 71 started 1790064177811 core=5
job 97_SUM_132 end 1790064187752
job 98_COPY_84 started 1790064187752 core=0
  piece of job 71 end 1790064189264 core=1
  piece of job 71 end 1790064189291 core=5
  piece of job 71 end 1790064189399 core=4
job 71_TGAMMA_60 end 1790064189399
job 72_TGAMMA_60 started 1790064189399 core=1
  piece of job 72 started 1790064189400 core=1
  piece of job 72 started 1790064189400 core=5
  piece of job 72 started 1790064189400 core=4
  piece of job 72 end 1790064200884 core=5
  piece of job 72 end 1790064200887 core=1
  piece of job 72 end 1790064201140 core=4
job 72_TGAMMA_60 end 1790064201140
job 73_TGAMMA_12 started 1790064201140 core=1
  piece of job 73 started 1790064201141 core=1
  piece of job 73 started 1790064201141 core=5
  piece of job 73 started 1790064201141 core=4
  piece of job 73 end 1790064203434 core=1
  piece of job 73 end 1790064203440 core=5
  piece of job 73 end 1790064203491 core=4
job 73_TGAMMA_12 end 1790064203492
job 74_TGAMMA_60 started 1790064203492 core=1
  piece of job 74 started 1790064203492 core=1
  piece of job 74 started 1790064203492 core=5
  piece of job 74 started 1790064203492 core=4
  piece of job 74 end 1790064214951 core=1
  piece of job 74 end 1790064214997 core=5
  piece of job 74 end 1790064215229 core=4
job 74_TGAMMA_60 end 1790064215229
job 98_COPY_84 end 1790064233172
job 99_SUM_108 started 1790064233172 core=1
job 99_SUM_108 end 1790064258834
  итерация 0: 922522 ms
  среднее по 1 итерациям: 922522 ms
  реальных ожиданий свободного ядра: 0  (блокировок в задачах не было)
=== Выполняется проект: ml_two_chain_8.txt (100 работ, перестановка ORDER) ===
fake 3 started 1790064258835 delay_ms=1
fake 2 started 1790064258835 delay_ms=0
fake 2 end 1790064258835
fake 1 started 1790064258835 delay_ms=0
fake 1 end 1790064258835
fake 0 started 1790064258835 delay_ms=0
fake 0 end 1790064258835
job 0_TGAMMA_12 started 1790064258835 core=5
job 73_COPY_60 started 1790064258835 core=1
  piece of job 0 started 1790064258835 core=5
fake 3 end 1790064258845
  piece of job 0 started 1790064258846 core=0
  piece of job 0 started 1790064258846 core=4
  piece of job 0 end 1790064261128 core=4
  piece of job 0 end 1790064261131 core=0
  piece of job 0 end 1790064261161 core=5
job 0_TGAMMA_12 end 1790064261162
job 1_TGAMMA_120 started 1790064261162 core=5
  piece of job 1 started 1790064261162 core=5
  piece of job 1 started 1790064261172 core=0
  piece of job 1 started 1790064261172 core=4
  piece of job 1 end 1790064284109 core=4
  piece of job 1 end 1790064284156 core=0
  piece of job 1 end 1790064284692 core=5
job 1_TGAMMA_120 end 1790064284693
job 2_TGAMMA_120 started 1790064284693 core=5
  piece of job 2 started 1790064284693 core=5
  piece of job 2 started 1790064284707 core=0
  piece of job 2 started 1790064284707 core=4
job 73_COPY_60 end 1790064295498
job 74_DOT_36 started 1790064295498 core=1
  piece of job 2 end 1790064307659 core=4
  piece of job 2 end 1790064307729 core=0
  piece of job 2 end 1790064308199 core=5
job 2_TGAMMA_120 end 1790064308200
job 3_TGAMMA_12 started 1790064308200 core=5
  piece of job 3 started 1790064308200 core=5
  piece of job 3 started 1790064308210 core=0
  piece of job 3 started 1790064308210 core=4
  piece of job 3 end 1790064310508 core=4
  piece of job 3 end 1790064310513 core=0
  piece of job 3 end 1790064310546 core=5
job 3_TGAMMA_12 end 1790064310546
job 4_TGAMMA_12 started 1790064310547 core=5
  piece of job 4 started 1790064310547 core=5
  piece of job 4 started 1790064310557 core=0
  piece of job 4 started 1790064310557 core=4
  piece of job 4 end 1790064312855 core=4
  piece of job 4 end 1790064312863 core=0
  piece of job 4 end 1790064312898 core=5
job 4_TGAMMA_12 end 1790064312898
job 5_TGAMMA_12 started 1790064312898 core=5
  piece of job 5 started 1790064312899 core=5
  piece of job 5 started 1790064312909 core=0
  piece of job 5 started 1790064312909 core=4
  piece of job 5 end 1790064315206 core=4
  piece of job 5 end 1790064315211 core=0
  piece of job 5 end 1790064315246 core=5
job 5_TGAMMA_12 end 1790064315246
job 6_TGAMMA_120 started 1790064315247 core=5
  piece of job 6 started 1790064315247 core=5
  piece of job 6 started 1790064315257 core=0
  piece of job 6 started 1790064315257 core=4
job 74_DOT_36 end 1790064315640
job 75_COPY_60 started 1790064315640 core=1
  piece of job 6 end 1790064338168 core=4
  piece of job 6 end 1790064338231 core=0
  piece of job 6 end 1790064338723 core=5
job 6_TGAMMA_120 end 1790064338724
job 7_TGAMMA_120 started 1790064338724 core=5
  piece of job 7 started 1790064338724 core=5
  piece of job 7 started 1790064338735 core=0
  piece of job 7 started 1790064338735 core=4
job 75_COPY_60 end 1790064352241
job 76_XPY_48 started 1790064352241 core=1
  piece of job 7 end 1790064361652 core=4
  piece of job 7 end 1790064361699 core=0
  piece of job 7 end 1790064362244 core=5
job 7_TGAMMA_120 end 1790064362245
job 8_TGAMMA_12 started 1790064362245 core=5
  piece of job 8 started 1790064362245 core=5
  piece of job 8 started 1790064362255 core=0
  piece of job 8 started 1790064362255 core=4
  piece of job 8 end 1790064364547 core=4
  piece of job 8 end 1790064364556 core=0
  piece of job 8 end 1790064364604 core=5
job 8_TGAMMA_12 end 1790064364605
job 9_TGAMMA_12 started 1790064364605 core=5
  piece of job 9 started 1790064364605 core=5
  piece of job 9 started 1790064364615 core=0
  piece of job 9 started 1790064364615 core=4
  piece of job 9 end 1790064366904 core=4
  piece of job 9 end 1790064366907 core=0
  piece of job 9 end 1790064366956 core=5
job 9_TGAMMA_12 end 1790064366957
job 10_TGAMMA_12 started 1790064366957 core=5
  piece of job 10 started 1790064366957 core=5
  piece of job 10 started 1790064366967 core=0
  piece of job 10 started 1790064366967 core=4
  piece of job 10 end 1790064369255 core=4
  piece of job 10 end 1790064369259 core=0
  piece of job 10 end 1790064369306 core=5
job 10_TGAMMA_12 end 1790064369306
job 11_TGAMMA_60 started 1790064369306 core=5
  piece of job 11 started 1790064369307 core=5
  piece of job 11 started 1790064369317 core=0
  piece of job 11 started 1790064369317 core=4
  piece of job 11 end 1790064380777 core=4
  piece of job 11 end 1790064380806 core=0
  piece of job 11 end 1790064381083 core=5
job 11_TGAMMA_60 end 1790064381084
job 12_TGAMMA_120 started 1790064381084 core=5
  piece of job 12 started 1790064381084 core=5
  piece of job 12 started 1790064381094 core=0
  piece of job 12 started 1790064381094 core=4
job 76_XPY_48 end 1790064382976
job 77_SUM_132 started 1790064382976 core=1
  piece of job 12 end 1790064403997 core=4
  piece of job 12 end 1790064404065 core=0
  piece of job 12 end 1790064404301 core=5
job 12_TGAMMA_120 end 1790064404302
job 13_TGAMMA_120 started 1790064404302 core=5
  piece of job 13 started 1790064404302 core=5
  piece of job 13 started 1790064404312 core=0
  piece of job 13 started 1790064404312 core=4
job 77_SUM_132 end 1790064420742
job 78_XPY_60 started 1790064420742 core=1
  piece of job 13 end 1790064427228 core=4
  piece of job 13 end 1790064427281 core=0
  piece of job 13 end 1790064427557 core=5
job 13_TGAMMA_120 end 1790064427558
job 14_TGAMMA_120 started 1790064427558 core=5
  piece of job 14 started 1790064427559 core=5
  piece of job 14 started 1790064427569 core=0
  piece of job 14 started 1790064427569 core=4
  piece of job 14 end 1790064450467 core=4
  piece of job 14 end 1790064450529 core=0
  piece of job 14 end 1790064451096 core=5
job 14_TGAMMA_120 end 1790064451097
job 15_TGAMMA_12 started 1790064451097 core=5
  piece of job 15 started 1790064451097 core=5
  piece of job 15 started 1790064451107 core=0
  piece of job 15 started 1790064451107 core=4
  piece of job 15 end 1790064453396 core=4
  piece of job 15 end 1790064453401 core=0
  piece of job 15 end 1790064453443 core=5
job 15_TGAMMA_12 end 1790064453443
job 16_TGAMMA_120 started 1790064453443 core=5
  piece of job 16 started 1790064453444 core=5
  piece of job 16 started 1790064453454 core=0
  piece of job 16 started 1790064453454 core=4
job 78_XPY_60 end 1790064459162
job 79_DOT_84 started 1790064459162 core=1
  piece of job 16 end 1790064476406 core=4
  piece of job 16 end 1790064476481 core=0
  piece of job 16 end 1790064476961 core=5
job 16_TGAMMA_120 end 1790064476962
job 17_TGAMMA_120 started 1790064476962 core=5
  piece of job 17 started 1790064476962 core=5
  piece of job 17 started 1790064476973 core=0
  piece of job 17 started 1790064476973 core=4
  piece of job 17 end 1790064499969 core=4
  piece of job 17 end 1790064500037 core=0
  piece of job 17 end 1790064500504 core=5
job 17_TGAMMA_120 end 1790064500505
job 18_TGAMMA_60 started 1790064500505 core=5
  piece of job 18 started 1790064500505 core=5
  piece of job 18 started 1790064500516 core=0
  piece of job 18 started 1790064500516 core=4
job 79_DOT_84 end 1790064506225
job 80_COPY_84 started 1790064506225 core=1
  piece of job 18 end 1790064511972 core=4
  piece of job 18 end 1790064512017 core=0
  piece of job 18 end 1790064512252 core=5
job 18_TGAMMA_60 end 1790064512253
job 19_TGAMMA_60 started 1790064512253 core=5
  piece of job 19 started 1790064512253 core=5
  piece of job 19 started 1790064512268 core=0
  piece of job 19 started 1790064512268 core=4
  piece of job 19 end 1790064523721 core=4
  piece of job 19 end 1790064523756 core=0
  piece of job 19 end 1790064523993 core=5
job 19_TGAMMA_60 end 1790064523993
job 20_TGAMMA_12 started 1790064523993 core=5
  piece of job 20 started 1790064523994 core=5
  piece of job 20 started 1790064524004 core=0
  piece of job 20 started 1790064524004 core=4
  piece of job 20 end 1790064526295 core=4
  piece of job 20 end 1790064526302 core=0
  piece of job 20 end 1790064526341 core=5
job 20_TGAMMA_12 end 1790064526342
job 21_TGAMMA_60 started 1790064526342 core=5
  piece of job 21 started 1790064526342 core=5
  piece of job 21 started 1790064526352 core=0
  piece of job 21 started 1790064526352 core=4
  piece of job 21 end 1790064537817 core=4
  piece of job 21 end 1790064537851 core=0
  piece of job 21 end 1790064538106 core=5
job 21_TGAMMA_60 end 1790064538106
job 22_TGAMMA_12 started 1790064538106 core=5
  piece of job 22 started 1790064538107 core=5
  piece of job 22 started 1790064538117 core=0
  piece of job 22 started 1790064538117 core=4
  piece of job 22 end 1790064540406 core=4
  piece of job 22 end 1790064540410 core=0
  piece of job 22 end 1790064540454 core=5
job 22_TGAMMA_12 end 1790064540454
job 23_TGAMMA_120 started 1790064540454 core=5
  piece of job 23 started 1790064540454 core=5
  piece of job 23 started 1790064540465 core=0
  piece of job 23 started 1790064540465 core=4
job 80_COPY_84 end 1790064557448
job 81_SUM_108 started 1790064557448 core=1
  piece of job 23 end 1790064563395 core=4
  piece of job 23 end 1790064563447 core=0
  piece of job 23 end 1790064563903 core=5
job 23_TGAMMA_120 end 1790064563904
job 24_TGAMMA_120 started 1790064563904 core=5
  piece of job 24 started 1790064563904 core=5
  piece of job 24 started 1790064563915 core=0
  piece of job 24 started 1790064563915 core=4
  piece of job 24 end 1790064586823 core=4
  piece of job 24 end 1790064586894 core=0
  piece of job 24 end 1790064587080 core=5
job 24_TGAMMA_120 end 1790064587081
job 25_TGAMMA_12 started 1790064587081 core=5
  piece of job 25 started 1790064587081 core=5
  piece of job 25 started 1790064587091 core=0
  piece of job 25 started 1790064587091 core=4
job 81_SUM_108 end 1790064588327
job 82_DOT_84 started 1790064588328 core=1
  piece of job 25 end 1790064589374 core=4
  piece of job 25 end 1790064589379 core=0
  piece of job 25 end 1790064589389 core=5
job 25_TGAMMA_12 end 1790064589389
job 26_TGAMMA_12 started 1790064589389 core=5
  piece of job 26 started 1790064589389 core=5
  piece of job 26 started 1790064589400 core=0
  piece of job 26 started 1790064589400 core=4
  piece of job 26 end 1790064591696 core=4
  piece of job 26 end 1790064591702 core=0
  piece of job 26 end 1790064591737 core=5
job 26_TGAMMA_12 end 1790064591737
job 27_TGAMMA_120 started 1790064591737 core=5
  piece of job 27 started 1790064591737 core=5
  piece of job 27 started 1790064591747 core=0
  piece of job 27 started 1790064591747 core=4
  piece of job 27 end 1790064614724 core=4
  piece of job 27 end 1790064614796 core=0
  piece of job 27 end 1790064615213 core=5
job 27_TGAMMA_120 end 1790064615214
job 28_TGAMMA_60 started 1790064615214 core=5
  piece of job 28 started 1790064615214 core=5
  piece of job 28 started 1790064615225 core=0
  piece of job 28 started 1790064615225 core=4
  piece of job 28 end 1790064626706 core=4
  piece of job 28 end 1790064626756 core=0
  piece of job 28 end 1790064626951 core=5
job 28_TGAMMA_60 end 1790064626951
job 29_TGAMMA_60 started 1790064626952 core=5
  piece of job 29 started 1790064626952 core=5
  piece of job 29 started 1790064626962 core=0
  piece of job 29 started 1790064626962 core=4
job 82_DOT_84 end 1790064635054
job 83_COPY_84 started 1790064635054 core=1
  piece of job 29 end 1790064638435 core=4
  piece of job 29 end 1790064638474 core=0
  piece of job 29 end 1790064638672 core=5
job 29_TGAMMA_60 end 1790064638672
job 30_TGAMMA_12 started 1790064638672 core=5
  piece of job 30 started 1790064638672 core=5
  piece of job 30 started 1790064638673 core=4
  piece of job 30 started 1790064638685 core=0
  piece of job 30 end 1790064640965 core=4
  piece of job 30 end 1790064640981 core=0
  piece of job 30 end 1790064641029 core=5
job 30_TGAMMA_12 end 1790064641029
job 31_TGAMMA_12 started 1790064641029 core=5
  piece of job 31 started 1790064641029 core=5
  piece of job 31 started 1790064641039 core=0
  piece of job 31 started 1790064641039 core=4
  piece of job 31 end 1790064643333 core=0
  piece of job 31 end 1790064643333 core=4
  piece of job 31 end 1790064643378 core=5
job 31_TGAMMA_12 end 1790064643379
job 32_TGAMMA_12 started 1790064643379 core=5
  piece of job 32 started 1790064643379 core=5
  piece of job 32 started 1790064643389 core=0
  piece of job 32 started 1790064643389 core=4
  piece of job 32 end 1790064645679 core=4
  piece of job 32 end 1790064645684 core=0
  piece of job 32 end 1790064645727 core=5
job 32_TGAMMA_12 end 1790064645727
job 33_TGAMMA_60 started 1790064645727 core=5
  piece of job 33 started 1790064645727 core=5
  piece of job 33 started 1790064645737 core=0
  piece of job 33 started 1790064645737 core=4
  piece of job 33 end 1790064657198 core=4
  piece of job 33 end 1790064657234 core=0
  piece of job 33 end 1790064657486 core=5
job 33_TGAMMA_60 end 1790064657486
job 34_TGAMMA_60 started 1790064657487 core=5
  piece of job 34 started 1790064657487 core=5
  piece of job 34 started 1790064657497 core=0
  piece of job 34 started 1790064657497 core=4
  piece of job 34 end 1790064668959 core=4
  piece of job 34 end 1790064669002 core=0
  piece of job 34 end 1790064669251 core=5
job 34_TGAMMA_60 end 1790064669251
job 35_TGAMMA_120 started 1790064669251 core=5
  piece of job 35 started 1790064669251 core=5
  piece of job 35 started 1790064669262 core=0
  piece of job 35 started 1790064669262 core=4
job 83_COPY_84 end 1790064686300
job 84_XPY_48 started 1790064686300 core=1
  piece of job 35 end 1790064692182 core=4
  piece of job 35 end 1790064692234 core=0
  piece of job 35 end 1790064692770 core=5
job 35_TGAMMA_120 end 1790064692771
job 36_TGAMMA_60 started 1790064692771 core=5
  piece of job 36 started 1790064692771 core=5
  piece of job 36 started 1790064692782 core=0
  piece of job 36 started 1790064692782 core=4
  piece of job 36 end 1790064704235 core=4
  piece of job 36 end 1790064704273 core=0
  piece of job 36 end 1790064704539 core=5
job 36_TGAMMA_60 end 1790064704539
job 37_TGAMMA_12 started 1790064704540 core=5
  piece of job 37 started 1790064704540 core=5
  piece of job 37 started 1790064704550 core=0
  piece of job 37 started 1790064704550 core=4
  piece of job 37 end 1790064706840 core=4
  piece of job 37 end 1790064706845 core=0
  piece of job 37 end 1790064706891 core=5
job 37_TGAMMA_12 end 1790064706891
job 38_TGAMMA_120 started 1790064706891 core=5
  piece of job 38 started 1790064706891 core=5
  piece of job 38 started 1790064706901 core=0
  piece of job 38 started 1790064706901 core=4
job 84_XPY_48 end 1790064716970
job 85_SUM_84 started 1790064716970 core=1
  piece of job 38 end 1790064729793 core=4
  piece of job 38 end 1790064729861 core=0
  piece of job 38 end 1790064730224 core=5
job 38_TGAMMA_120 end 1790064730225
job 39_TGAMMA_12 started 1790064730225 core=5
  piece of job 39 started 1790064730225 core=5
  piece of job 39 started 1790064730235 core=0
  piece of job 39 started 1790064730235 core=4
  piece of job 39 end 1790064732524 core=4
  piece of job 39 end 1790064732529 core=0
  piece of job 39 end 1790064732540 core=5
job 39_TGAMMA_12 end 1790064732541
job 40_TGAMMA_60 started 1790064732541 core=5
  piece of job 40 started 1790064732541 core=5
  piece of job 40 started 1790064732551 core=0
  piece of job 40 started 1790064732551 core=4
job 85_SUM_84 end 1790064740952
job 86_XPY_48 started 1790064740952 core=1
  piece of job 40 end 1790064743999 core=4
  piece of job 40 end 1790064744040 core=0
  piece of job 40 end 1790064744157 core=5
job 40_TGAMMA_60 end 1790064744157
job 41_TGAMMA_120 started 1790064744157 core=5
  piece of job 41 started 1790064744157 core=5
  piece of job 41 started 1790064744168 core=0
  piece of job 41 started 1790064744168 core=4
  piece of job 41 end 1790064767092 core=4
  piece of job 41 end 1790064767141 core=0
  piece of job 41 end 1790064767701 core=5
job 41_TGAMMA_120 end 1790064767702
job 42_TGAMMA_120 started 1790064767702 core=5
  piece of job 42 started 1790064767702 core=5
  piece of job 42 started 1790064767712 core=0
  piece of job 42 started 1790064767712 core=4
job 86_XPY_48 end 1790064771544
job 87_XPY_60 started 1790064771544 core=1
  piece of job 42 end 1790064790623 core=4
  piece of job 42 end 1790064790684 core=0
  piece of job 42 end 1790064791327 core=5
job 42_TGAMMA_120 end 1790064791328
job 43_TGAMMA_60 started 1790064791328 core=5
  piece of job 43 started 1790064791328 core=5
  piece of job 43 started 1790064791338 core=0
  piece of job 43 started 1790064791338 core=4
  piece of job 43 end 1790064802797 core=4
  piece of job 43 end 1790064802829 core=0
  piece of job 43 end 1790064803168 core=5
job 43_TGAMMA_60 end 1790064803168
job 44_TGAMMA_60 started 1790064803168 core=1
  piece of job 44 started 1790064803179 core=4
  piece of job 44 started 1790064803179 core=5
  piece of job 44 started 1790064803179 core=0
job 87_XPY_60 end 1790064809793
job 88_COPY_84 started 1790064809793 core=1
  piece of job 44 end 1790064814631 core=4
  piece of job 44 end 1790064814649 core=0
  piece of job 44 end 1790064814866 core=5
job 44_TGAMMA_60 end 1790064814866
job 45_TGAMMA_120 started 1790064814866 core=5
  piece of job 45 started 1790064814867 core=5
  piece of job 45 started 1790064814877 core=0
  piece of job 45 started 1790064814877 core=4
  piece of job 45 end 1790064837802 core=4
  piece of job 45 end 1790064837827 core=0
  piece of job 45 end 1790064838242 core=5
job 45_TGAMMA_120 end 1790064838243
job 46_TGAMMA_60 started 1790064838243 core=5
  piece of job 46 started 1790064838244 core=5
  piece of job 46 started 1790064838254 core=0
  piece of job 46 started 1790064838254 core=4
  piece of job 46 end 1790064849707 core=4
  piece of job 46 end 1790064849723 core=0
  piece of job 46 end 1790064849931 core=5
job 46_TGAMMA_60 end 1790064849931
job 47_TGAMMA_60 started 1790064849931 core=5
  piece of job 47 started 1790064849931 core=5
  piece of job 47 started 1790064849941 core=0
  piece of job 47 started 1790064849947 core=4
job 88_COPY_84 end 1790064861019
job 89_COPY_60 started 1790064861019 core=1
  piece of job 47 end 1790064861408 core=4
  piece of job 47 end 1790064861410 core=0
  piece of job 47 end 1790064861632 core=5
job 47_TGAMMA_60 end 1790064861632
job 48_TGAMMA_120 started 1790064861632 core=5
  piece of job 48 started 1790064861633 core=5
  piece of job 48 started 1790064861633 core=0
  piece of job 48 started 1790064861645 core=4
  piece of job 48 end 1790064884563 core=4
  piece of job 48 end 1790064884624 core=0
  piece of job 48 end 1790064885021 core=5
job 48_TGAMMA_120 end 1790064885022
job 49_TGAMMA_60 started 1790064885022 core=5
  piece of job 49 started 1790064885022 core=5
  piece of job 49 started 1790064885032 core=0
  piece of job 49 started 1790064885032 core=4
  piece of job 49 end 1790064896501 core=4
  piece of job 49 end 1790064896512 core=0
  piece of job 49 end 1790064896748 core=5
job 49_TGAMMA_60 end 1790064896748
job 50_TGAMMA_12 started 1790064896748 core=5
  piece of job 50 started 1790064896749 core=5
  piece of job 50 started 1790064896759 core=0
  piece of job 50 started 1790064896759 core=4
job 89_COPY_60 end 1790064897551
job 90_XPY_60 started 1790064897551 core=1
  piece of job 50 end 1790064899041 core=4
  piece of job 50 end 1790064899044 core=0
  piece of job 50 end 1790064899085 core=5
job 50_TGAMMA_12 end 1790064899086
job 51_TGAMMA_12 started 1790064899086 core=5
  piece of job 51 started 1790064899086 core=5
  piece of job 51 started 1790064899096 core=0
  piece of job 51 started 1790064899096 core=4
  piece of job 51 end 1790064901384 core=4
  piece of job 51 end 1790064901385 core=0
  piece of job 51 end 1790064901418 core=5
job 51_TGAMMA_12 end 1790064901418
job 52_TGAMMA_120 started 1790064901418 core=5
  piece of job 52 started 1790064901418 core=5
  piece of job 52 started 1790064901429 core=0
  piece of job 52 started 1790064901429 core=4
  piece of job 52 end 1790064924339 core=4
  piece of job 52 end 1790064924380 core=0
  piece of job 52 end 1790064924748 core=5
job 52_TGAMMA_120 end 1790064924749
job 53_TGAMMA_60 started 1790064924749 core=5
  piece of job 53 started 1790064924749 core=5
  piece of job 53 started 1790064924765 core=0
  piece of job 53 started 1790064924765 core=4
job 90_XPY_60 end 1790064935857
job 91_DOT_36 started 1790064935857 core=1
  piece of job 53 end 1790064936224 core=4
  piece of job 53 end 1790064936232 core=0
  piece of job 53 end 1790064936414 core=5
job 53_TGAMMA_60 end 1790064936414
job 54_TGAMMA_120 started 1790064936414 core=5
  piece of job 54 started 1790064936415 core=5
  piece of job 54 started 1790064936425 core=0
  piece of job 54 started 1790064936425 core=4
job 91_DOT_36 end 1790064956042
job 92_SUM_108 started 1790064956043 core=1
  piece of job 54 end 1790064959380 core=4
  piece of job 54 end 1790064959425 core=0
  piece of job 54 end 1790064959636 core=5
job 54_TGAMMA_120 end 1790064959637
job 55_TGAMMA_12 started 1790064959637 core=5
  piece of job 55 started 1790064959637 core=5
  piece of job 55 started 1790064959647 core=0
  piece of job 55 started 1790064959647 core=4
  piece of job 55 end 1790064961937 core=4
  piece of job 55 end 1790064961938 core=0
  piece of job 55 end 1790064961956 core=5
job 55_TGAMMA_12 end 1790064961956
job 56_TGAMMA_12 started 1790064961956 core=5
  piece of job 56 started 1790064961956 core=5
  piece of job 56 started 1790064961966 core=0
  piece of job 56 started 1790064961966 core=4
  piece of job 56 end 1790064964253 core=4
  piece of job 56 end 1790064964255 core=0
  piece of job 56 end 1790064964270 core=5
job 56_TGAMMA_12 end 1790064964270
job 57_TGAMMA_120 started 1790064964271 core=5
  piece of job 57 started 1790064964271 core=5
  piece of job 57 started 1790064964281 core=0
  piece of job 57 started 1790064964281 core=4
job 92_SUM_108 end 1790064986953
job 93_COPY_60 started 1790064986953 core=1
  piece of job 57 end 1790064987189 core=4
  piece of job 57 end 1790064987216 core=0
  piece of job 57 end 1790064987448 core=5
job 57_TGAMMA_120 end 1790064987448
job 58_TGAMMA_60 started 1790064987448 core=5
  piece of job 58 started 1790064987449 core=5
  piece of job 58 started 1790064987459 core=0
  piece of job 58 started 1790064987459 core=4
  piece of job 58 end 1790064998907 core=4
  piece of job 58 end 1790064998925 core=0
  piece of job 58 end 1790064999123 core=5
job 58_TGAMMA_60 end 1790064999123
job 59_TGAMMA_12 started 1790064999123 core=5
  piece of job 59 started 1790064999123 core=5
  piece of job 59 started 1790064999134 core=0
  piece of job 59 started 1790064999134 core=4
  piece of job 59 end 1790065001426 core=4
  piece of job 59 end 1790065001427 core=0
  piece of job 59 end 1790065001482 core=5
job 59_TGAMMA_12 end 1790065001482
job 60_TGAMMA_120 started 1790065001482 core=5
  piece of job 60 started 1790065001482 core=5
  piece of job 60 started 1790065001493 core=0
  piece of job 60 started 1790065001493 core=4
job 93_COPY_60 end 1790065023594
job 94_SUM_108 started 1790065023594 core=1
  piece of job 60 end 1790065024404 core=4
  piece of job 60 end 1790065024447 core=0
  piece of job 60 end 1790065024848 core=5
job 60_TGAMMA_120 end 1790065024849
job 61_TGAMMA_60 started 1790065024849 core=5
  piece of job 61 started 1790065024849 core=5
  piece of job 61 started 1790065024859 core=0
  piece of job 61 started 1790065024859 core=4
  piece of job 61 end 1790065036311 core=4
  piece of job 61 end 1790065036318 core=0
  piece of job 61 end 1790065036437 core=5
job 61_TGAMMA_60 end 1790065036437
job 62_TGAMMA_12 started 1790065036437 core=5
  piece of job 62 started 1790065036438 core=5
  piece of job 62 started 1790065036448 core=0
  piece of job 62 started 1790065036448 core=4
  piece of job 62 end 1790065038740 core=4
  piece of job 62 end 1790065038742 core=0
  piece of job 62 end 1790065038758 core=5
job 62_TGAMMA_12 end 1790065038758
job 63_TGAMMA_60 started 1790065038758 core=5
  piece of job 63 started 1790065038758 core=5
  piece of job 63 started 1790065038769 core=0
  piece of job 63 started 1790065038769 core=4
  piece of job 63 end 1790065050218 core=4
  piece of job 63 end 1790065050227 core=0
  piece of job 63 end 1790065050346 core=5
job 63_TGAMMA_60 end 1790065050347
job 64_TGAMMA_120 started 1790065050347 core=5
  piece of job 64 started 1790065050347 core=5
  piece of job 64 started 1790065050357 core=0
  piece of job 64 started 1790065050357 core=4
job 94_SUM_108 end 1790065054426
job 95_XPY_48 started 1790065054426 core=1
  piece of job 64 end 1790065073240 core=4
  piece of job 64 end 1790065073283 core=0
  piece of job 64 end 1790065073583 core=5
job 64_TGAMMA_120 end 1790065073583
job 65_TGAMMA_120 started 1790065073584 core=5
  piece of job 65 started 1790065073584 core=5
  piece of job 65 started 1790065073594 core=0
  piece of job 65 started 1790065073594 core=4
job 95_XPY_48 end 1790065085202
job 96_SUM_132 started 1790065085202 core=1
  piece of job 65 end 1790065096497 core=4
  piece of job 65 end 1790065096525 core=0
  piece of job 65 end 1790065096856 core=5
job 65_TGAMMA_120 end 1790065096856
job 66_TGAMMA_120 started 1790065096857 core=5
  piece of job 66 started 1790065096857 core=5
  piece of job 66 started 1790065096867 core=0
  piece of job 66 started 1790065096867 core=4
  piece of job 66 end 1790065119756 core=4
  piece of job 66 end 1790065119796 core=0
  piece of job 66 end 1790065120024 core=5
job 66_TGAMMA_120 end 1790065120025
job 67_TGAMMA_12 started 1790065120025 core=1
  piece of job 67 started 1790065120036 core=4
  piece of job 67 started 1790065120036 core=0
  piece of job 67 started 1790065120036 core=5
  piece of job 67 end 1790065122333 core=4
  piece of job 67 end 1790065122333 core=0
  piece of job 67 end 1790065122361 core=5
job 67_TGAMMA_12 end 1790065122361
job 68_TGAMMA_12 started 1790065122361 core=5
  piece of job 68 started 1790065122361 core=5
  piece of job 68 started 1790065122372 core=0
  piece of job 68 started 1790065122372 core=4
job 96_SUM_132 end 1790065122915
job 97_SUM_108 started 1790065122915 core=1
  piece of job 68 end 1790065124659 core=4
  piece of job 68 end 1790065124659 core=0
  piece of job 68 end 1790065124673 core=5
job 68_TGAMMA_12 end 1790065124673
job 69_TGAMMA_12 started 1790065124673 core=5
  piece of job 69 started 1790065124674 core=5
  piece of job 69 started 1790065124684 core=0
  piece of job 69 started 1790065124684 core=4
  piece of job 69 end 1790065126974 core=0
  piece of job 69 end 1790065126975 core=4
  piece of job 69 end 1790065126991 core=5
job 69_TGAMMA_12 end 1790065126991
job 70_TGAMMA_12 started 1790065126992 core=5
  piece of job 70 started 1790065126992 core=5
  piece of job 70 started 1790065127002 core=0
  piece of job 70 started 1790065127002 core=4
  piece of job 70 end 1790065129290 core=4
  piece of job 70 end 1790065129296 core=0
  piece of job 70 end 1790065129318 core=5
job 70_TGAMMA_12 end 1790065129318
job 71_TGAMMA_120 started 1790065129318 core=5
  piece of job 71 started 1790065129318 core=5
  piece of job 71 started 1790065129329 core=0
  piece of job 71 started 1790065129329 core=4
  piece of job 71 end 1790065152231 core=4
  piece of job 71 end 1790065152285 core=0
  piece of job 71 end 1790065152473 core=5
job 71_TGAMMA_120 end 1790065152473
job 72_TGAMMA_120 started 1790065152473 core=5
  piece of job 72 started 1790065152474 core=5
  piece of job 72 started 1790065152484 core=0
  piece of job 72 started 1790065152484 core=4
job 97_SUM_108 end 1790065153880
job 98_SUM_84 started 1790065153880 core=1
  piece of job 72 end 1790065175370 core=4
  piece of job 72 end 1790065175442 core=0
  piece of job 72 end 1790065175614 core=5
job 72_TGAMMA_120 end 1790065175615
job 98_SUM_84 end 1790065177484
job 99_DOT_84 started 1790065177484 core=4
job 99_DOT_84 end 1790065214867
  итерация 0: 956032 ms
  среднее по 1 итерациям: 956032 ms
  реальных ожиданий свободного ядра: 0  (блокировок в задачах не было)
=== Выполняется проект: ml_two_chain_9.txt (100 работ, перестановка ORDER) ===
fake 2 started 1790065214868 delay_ms=0
fake 2 end 1790065214868
fake 0 started 1790065214868 delay_ms=0
fake 0 end 1790065214868
fake 1 started 1790065214868 delay_ms=0
fake 1 end 1790065214868
job 75_COPY_84 started 1790065214868 core=5
fake 3 started 1790065214868 delay_ms=1
job 0_TGAMMA_60 started 1790065214868 core=4
  piece of job 0 started 1790065214869 core=4
  piece of job 0 started 1790065214869 core=1
fake 3 end 1790065214879
  piece of job 0 started 1790065214881 core=0
  piece of job 0 end 1790065226318 core=4
  piece of job 0 end 1790065226339 core=0
  piece of job 0 end 1790065226505 core=1
job 0_TGAMMA_60 end 1790065226505
job 1_TGAMMA_12 started 1790065226505 core=4
  piece of job 1 started 1790065226505 core=4
  piece of job 1 started 1790065226505 core=1
  piece of job 1 started 1790065226517 core=0
  piece of job 1 end 1790065228794 core=4
  piece of job 1 end 1790065228806 core=0
  piece of job 1 end 1790065228846 core=1
job 1_TGAMMA_12 end 1790065228846
job 2_TGAMMA_120 started 1790065228846 core=4
  piece of job 2 started 1790065228846 core=4
  piece of job 2 started 1790065228846 core=1
  piece of job 2 started 1790065228847 core=0
  piece of job 2 end 1790065251749 core=4
  piece of job 2 end 1790065251820 core=0
  piece of job 2 end 1790065252286 core=1
job 2_TGAMMA_120 end 1790065252286
job 3_TGAMMA_120 started 1790065252286 core=4
  piece of job 3 started 1790065252287 core=4
  piece of job 3 started 1790065252287 core=1
  piece of job 3 started 1790065252287 core=0
job 75_COPY_84 end 1790065266178
job 76_SUM_132 started 1790065266178 core=5
  piece of job 3 end 1790065275187 core=4
  piece of job 3 end 1790065275216 core=0
  piece of job 3 end 1790065275529 core=1
job 3_TGAMMA_120 end 1790065275530
job 4_TGAMMA_12 started 1790065275530 core=4
  piece of job 4 started 1790065275530 core=4
  piece of job 4 started 1790065275530 core=1
  piece of job 4 started 1790065275542 core=0
  piece of job 4 end 1790065277819 core=4
  piece of job 4 end 1790065277835 core=0
  piece of job 4 end 1790065277845 core=1
job 4_TGAMMA_12 end 1790065277845
job 5_TGAMMA_12 started 1790065277845 core=4
  piece of job 5 started 1790065277845 core=4
  piece of job 5 started 1790065277845 core=1
  piece of job 5 started 1790065277857 core=0
  piece of job 5 end 1790065280128 core=4
  piece of job 5 end 1790065280147 core=0
  piece of job 5 end 1790065280156 core=1
job 5_TGAMMA_12 end 1790065280156
job 6_TGAMMA_60 started 1790065280156 core=4
  piece of job 6 started 1790065280156 core=4
  piece of job 6 started 1790065280156 core=1
  piece of job 6 started 1790065280168 core=0
  piece of job 6 end 1790065291598 core=4
  piece of job 6 end 1790065291629 core=0
  piece of job 6 end 1790065291734 core=1
job 6_TGAMMA_60 end 1790065291735
job 7_TGAMMA_12 started 1790065291735 core=4
  piece of job 7 started 1790065291735 core=4
  piece of job 7 started 1790065291735 core=1
  piece of job 7 started 1790065291747 core=0
  piece of job 7 end 1790065294023 core=4
  piece of job 7 end 1790065294036 core=0
  piece of job 7 end 1790065294047 core=1
job 7_TGAMMA_12 end 1790065294047
job 8_TGAMMA_12 started 1790065294047 core=4
  piece of job 8 started 1790065294047 core=4
  piece of job 8 started 1790065294047 core=1
  piece of job 8 started 1790065294060 core=0
  piece of job 8 end 1790065296330 core=4
  piece of job 8 end 1790065296353 core=0
  piece of job 8 end 1790065296358 core=1
job 8_TGAMMA_12 end 1790065296359
job 9_TGAMMA_12 started 1790065296359 core=4
  piece of job 9 started 1790065296359 core=4
  piece of job 9 started 1790065296359 core=1
  piece of job 9 started 1790065296371 core=0
  piece of job 9 end 1790065298646 core=4
  piece of job 9 end 1790065298661 core=0
  piece of job 9 end 1790065298674 core=1
job 9_TGAMMA_12 end 1790065298675
job 10_TGAMMA_120 started 1790065298675 core=4
  piece of job 10 started 1790065298675 core=4
  piece of job 10 started 1790065298675 core=1
  piece of job 10 started 1790065298675 core=0
job 76_SUM_132 end 1790065303984
job 77_XPY_48 started 1790065303984 core=5
  piece of job 10 end 1790065321587 core=0
  piece of job 10 end 1790065321587 core=4
  piece of job 10 end 1790065321999 core=1
job 10_TGAMMA_120 end 1790065322000
job 11_TGAMMA_12 started 1790065322000 core=4
  piece of job 11 started 1790065322000 core=4
  piece of job 11 started 1790065322000 core=1
  piece of job 11 started 1790065322012 core=0
  piece of job 11 end 1790065324285 core=4
  piece of job 11 end 1790065324302 core=0
  piece of job 11 end 1790065324352 core=1
job 11_TGAMMA_12 end 1790065324352
job 12_TGAMMA_60 started 1790065324352 core=4
  piece of job 12 started 1790065324352 core=4
  piece of job 12 started 1790065324352 core=1
  piece of job 12 started 1790065324365 core=0
job 77_XPY_48 end 1790065334688
job 78_XPY_60 started 1790065334688 core=5
  piece of job 12 end 1790065335802 core=4
  piece of job 12 end 1790065335818 core=0
  piece of job 12 end 1790065336077 core=1
job 12_TGAMMA_60 end 1790065336078
job 13_TGAMMA_12 started 1790065336078 core=4
  piece of job 13 started 1790065336078 core=4
  piece of job 13 started 1790065336078 core=1
  piece of job 13 started 1790065336090 core=0
  piece of job 13 end 1790065338363 core=4
  piece of job 13 end 1790065338381 core=0
  piece of job 13 end 1790065338422 core=1
job 13_TGAMMA_12 end 1790065338422
job 14_TGAMMA_60 started 1790065338422 core=4
  piece of job 14 started 1790065338423 core=4
  piece of job 14 started 1790065338423 core=1
  piece of job 14 started 1790065338435 core=0
  piece of job 14 end 1790065349858 core=4
  piece of job 14 end 1790065349894 core=0
  piece of job 14 end 1790065350060 core=1
job 14_TGAMMA_60 end 1790065350060
job 15_TGAMMA_60 started 1790065350060 core=4
  piece of job 15 started 1790065350060 core=4
  piece of job 15 started 1790065350060 core=1
  piece of job 15 started 1790065350072 core=0
  piece of job 15 end 1790065361518 core=4
  piece of job 15 end 1790065361525 core=0
  piece of job 15 end 1790065361796 core=1
job 15_TGAMMA_60 end 1790065361796
job 16_TGAMMA_12 started 1790065361796 core=4
  piece of job 16 started 1790065361796 core=4
  piece of job 16 started 1790065361796 core=1
  piece of job 16 started 1790065361809 core=0
  piece of job 16 end 1790065364080 core=4
  piece of job 16 end 1790065364100 core=0
  piece of job 16 end 1790065364141 core=1
job 16_TGAMMA_12 end 1790065364141
job 17_TGAMMA_120 started 1790065364141 core=4
  piece of job 17 started 1790065364141 core=4
  piece of job 17 started 1790065364141 core=1
  piece of job 17 started 1790065364154 core=0
job 78_XPY_60 end 1790065372966
job 79_COPY_60 started 1790065372966 core=5
  piece of job 17 end 1790065387034 core=4
  piece of job 17 end 1790065387060 core=0
  piece of job 17 end 1790065387406 core=1
job 17_TGAMMA_120 end 1790065387407
job 18_TGAMMA_120 started 1790065387407 core=4
  piece of job 18 started 1790065387407 core=4
  piece of job 18 started 1790065387407 core=1
  piece of job 18 started 1790065387407 core=0
job 79_COPY_60 end 1790065409611
job 80_SUM_84 started 1790065409611 core=5
  piece of job 18 end 1790065410344 core=4
  piece of job 18 end 1790065410347 core=0
  piece of job 18 end 1790065410837 core=1
job 18_TGAMMA_120 end 1790065410838
job 19_TGAMMA_60 started 1790065410838 core=4
  piece of job 19 started 1790065410838 core=4
  piece of job 19 started 1790065410838 core=1
  piece of job 19 started 1790065410851 core=0
  piece of job 19 end 1790065422279 core=4
  piece of job 19 end 1790065422327 core=0
  piece of job 19 end 1790065422394 core=1
job 19_TGAMMA_60 end 1790065422394
job 20_TGAMMA_120 started 1790065422394 core=4
  piece of job 20 started 1790065422394 core=4
  piece of job 20 started 1790065422394 core=1
  piece of job 20 started 1790065422394 core=0
job 80_SUM_84 end 1790065433669
job 81_SUM_132 started 1790065433669 core=5
  piece of job 20 end 1790065445303 core=4
  piece of job 20 end 1790065445328 core=0
  piece of job 20 end 1790065445535 core=1
job 20_TGAMMA_120 end 1790065445536
job 21_TGAMMA_60 started 1790065445536 core=4
  piece of job 21 started 1790065445536 core=4
  piece of job 21 started 1790065445536 core=1
  piece of job 21 started 1790065445548 core=0
  piece of job 21 end 1790065457009 core=0
  piece of job 21 end 1790065457010 core=4
  piece of job 21 end 1790065457108 core=1
job 21_TGAMMA_60 end 1790065457108
job 22_TGAMMA_120 started 1790065457108 core=4
  piece of job 22 started 1790065457108 core=4
  piece of job 22 started 1790065457108 core=1
  piece of job 22 started 1790065457108 core=0
job 81_SUM_132 end 1790065471514
job 82_SUM_108 started 1790065471514 core=5
  piece of job 22 end 1790065479995 core=4
  piece of job 22 end 1790065480038 core=0
  piece of job 22 end 1790065480238 core=1
job 22_TGAMMA_120 end 1790065480238
job 23_TGAMMA_12 started 1790065480239 core=4
  piece of job 23 started 1790065480239 core=4
  piece of job 23 started 1790065480239 core=1
  piece of job 23 started 1790065480251 core=0
  piece of job 23 end 1790065482529 core=4
  piece of job 23 end 1790065482542 core=0
  piece of job 23 end 1790065482553 core=1
job 23_TGAMMA_12 end 1790065482553
job 24_TGAMMA_60 started 1790065482553 core=4
  piece of job 24 started 1790065482553 core=4
  piece of job 24 started 1790065482553 core=1
  piece of job 24 started 1790065482566 core=0
  piece of job 24 end 1790065493989 core=4
  piece of job 24 end 1790065494049 core=0
  piece of job 24 end 1790065494115 core=1
job 24_TGAMMA_60 end 1790065494115
job 25_TGAMMA_60 started 1790065494115 core=4
  piece of job 25 started 1790065494115 core=4
  piece of job 25 started 1790065494115 core=1
  piece of job 25 started 1790065494128 core=0
job 82_SUM_108 end 1790065502442
job 83_COPY_84 started 1790065502442 core=5
  piece of job 25 end 1790065505555 core=4
  piece of job 25 end 1790065505578 core=0
  piece of job 25 end 1790065505699 core=1
job 25_TGAMMA_60 end 1790065505699
job 26_TGAMMA_12 started 1790065505699 core=4
  piece of job 26 started 1790065505699 core=4
  piece of job 26 started 1790065505699 core=1
  piece of job 26 started 1790065505711 core=0
  piece of job 26 end 1790065507986 core=4
  piece of job 26 end 1790065508002 core=0
  piece of job 26 end 1790065508042 core=1
job 26_TGAMMA_12 end 1790065508043
job 27_TGAMMA_12 started 1790065508043 core=4
  piece of job 27 started 1790065508043 core=4
  piece of job 27 started 1790065508043 core=1
  piece of job 27 started 1790065508055 core=0
  piece of job 27 end 1790065510328 core=4
  piece of job 27 end 1790065510347 core=0
  piece of job 27 end 1790065510386 core=1
job 27_TGAMMA_12 end 1790065510387
job 28_TGAMMA_12 started 1790065510387 core=4
  piece of job 28 started 1790065510388 core=4
  piece of job 28 started 1790065510388 core=1
  piece of job 28 started 1790065510400 core=0
  piece of job 28 end 1790065512682 core=4
  piece of job 28 end 1790065512703 core=0
  piece of job 28 end 1790065512731 core=1
job 28_TGAMMA_12 end 1790065512731
job 29_TGAMMA_12 started 1790065512731 core=4
  piece of job 29 started 1790065512732 core=4
  piece of job 29 started 1790065512732 core=1
  piece of job 29 started 1790065512744 core=0
  piece of job 29 end 1790065515020 core=4
  piece of job 29 end 1790065515034 core=0
  piece of job 29 end 1790065515074 core=1
job 29_TGAMMA_12 end 1790065515074
job 30_TGAMMA_120 started 1790065515074 core=4
  piece of job 30 started 1790065515075 core=4
  piece of job 30 started 1790065515075 core=1
  piece of job 30 started 1790065515075 core=0
  piece of job 30 end 1790065537992 core=4
  piece of job 30 end 1790065538060 core=0
  piece of job 30 end 1790065538531 core=1
job 30_TGAMMA_120 end 1790065538532
job 31_TGAMMA_120 started 1790065538532 core=4
  piece of job 31 started 1790065538532 core=4
  piece of job 31 started 1790065538532 core=1
  piece of job 31 started 1790065538532 core=0
job 83_COPY_84 end 1790065553849
job 84_DOT_84 started 1790065553849 core=5
  piece of job 31 end 1790065561465 core=4
  piece of job 31 end 1790065561492 core=0
  piece of job 31 end 1790065561804 core=1
job 31_TGAMMA_120 end 1790065561805
job 32_TGAMMA_60 started 1790065561805 core=4
  piece of job 32 started 1790065561805 core=4
  piece of job 32 started 1790065561805 core=1
  piece of job 32 started 1790065561818 core=0
  piece of job 32 end 1790065573317 core=4
  piece of job 32 end 1790065573321 core=0
  piece of job 32 end 1790065573521 core=1
job 32_TGAMMA_60 end 1790065573522
job 33_TGAMMA_120 started 1790065573522 core=4
  piece of job 33 started 1790065573522 core=4
  piece of job 33 started 1790065573522 core=1
  piece of job 33 started 1790065573522 core=0
  piece of job 33 end 1790065596496 core=4
  piece of job 33 end 1790065596563 core=0
  piece of job 33 end 1790065596941 core=1
job 33_TGAMMA_120 end 1790065596942
job 34_TGAMMA_120 started 1790065596942 core=4
  piece of job 34 started 1790065596942 core=4
  piece of job 34 started 1790065596942 core=1
  piece of job 34 started 1790065596942 core=0
job 84_DOT_84 end 1790065601132
job 85_SUM_84 started 1790065601132 core=5
  piece of job 34 end 1790065619849 core=4
  piece of job 34 end 1790065619889 core=0
  piece of job 34 end 1790065620096 core=1
job 34_TGAMMA_120 end 1790065620097
job 35_TGAMMA_12 started 1790065620097 core=4
  piece of job 35 started 1790065620097 core=4
  piece of job 35 started 1790065620097 core=1
  piece of job 35 started 1790065620110 core=0
  piece of job 35 end 1790065622388 core=4
  piece of job 35 end 1790065622402 core=0
  piece of job 35 end 1790065622411 core=1
job 35_TGAMMA_12 end 1790065622411
job 36_TGAMMA_12 started 1790065622411 core=4
  piece of job 36 started 1790065622412 core=4
  piece of job 36 started 1790065622412 core=1
  piece of job 36 started 1790065622424 core=0
  piece of job 36 end 1790065624697 core=4
  piece of job 36 end 1790065624719 core=0
  piece of job 36 end 1790065624726 core=1
job 36_TGAMMA_12 end 1790065624726
job 37_TGAMMA_60 started 1790065624726 core=4
  piece of job 37 started 1790065624726 core=4
  piece of job 37 started 1790065624726 core=1
  piece of job 37 started 1790065624739 core=0
job 85_SUM_84 end 1790065625197
job 86_SUM_84 started 1790065625197 core=5
  piece of job 37 end 1790065636161 core=4
  piece of job 37 end 1790065636184 core=0
  piece of job 37 end 1790065636291 core=1
job 37_TGAMMA_60 end 1790065636291
job 38_TGAMMA_120 started 1790065636292 core=4
  piece of job 38 started 1790065636292 core=4
  piece of job 38 started 1790065636292 core=1
  piece of job 38 started 1790065636292 core=0
job 86_SUM_84 end 1790065649286
job 87_SUM_84 started 1790065649286 core=5
  piece of job 38 end 1790065659209 core=0
  piece of job 38 end 1790065659219 core=4
  piece of job 38 end 1790065659398 core=1
job 38_TGAMMA_120 end 1790065659399
job 39_TGAMMA_120 started 1790065659399 core=4
  piece of job 39 started 1790065659399 core=4
  piece of job 39 started 1790065659399 core=1
  piece of job 39 started 1790065659399 core=0
job 87_SUM_84 end 1790065673357
job 88_COPY_84 started 1790065673357 core=5
  piece of job 39 end 1790065682304 core=4
  piece of job 39 end 1790065682316 core=0
  piece of job 39 end 1790065682572 core=1
job 39_TGAMMA_120 end 1790065682572
job 40_TGAMMA_120 started 1790065682572 core=4
  piece of job 40 started 1790065682573 core=4
  piece of job 40 started 1790065682573 core=1
  piece of job 40 started 1790065682585 core=0
  piece of job 40 end 1790065705508 core=4
  piece of job 40 end 1790065705523 core=0
  piece of job 40 end 1790065706023 core=1
job 40_TGAMMA_120 end 1790065706024
job 41_TGAMMA_60 started 1790065706024 core=4
  piece of job 41 started 1790065706024 core=4
  piece of job 41 started 1790065706024 core=1
  piece of job 41 started 1790065706036 core=0
  piece of job 41 end 1790065717464 core=4
  piece of job 41 end 1790065717512 core=0
  piece of job 41 end 1790065717735 core=1
job 41_TGAMMA_60 end 1790065717735
job 42_TGAMMA_120 started 1790065717735 core=4
  piece of job 42 started 1790065717735 core=4
  piece of job 42 started 1790065717735 core=1
  piece of job 42 started 1790065717735 core=0
job 88_COPY_84 end 1790065724696
job 89_DOT_84 started 1790065724697 core=5
  piece of job 42 end 1790065740678 core=4
  piece of job 42 end 1790065740706 core=0
  piece of job 42 end 1790065740963 core=1
job 42_TGAMMA_120 end 1790065740964
job 43_TGAMMA_60 started 1790065740964 core=4
  piece of job 43 started 1790065740964 core=4
  piece of job 43 started 1790065740964 core=1
  piece of job 43 started 1790065740976 core=0
  piece of job 43 end 1790065752471 core=0
  piece of job 43 end 1790065752478 core=4
  piece of job 43 end 1790065752688 core=1
job 43_TGAMMA_60 end 1790065752688
job 44_TGAMMA_60 started 1790065752688 core=4
  piece of job 44 started 1790065752688 core=4
  piece of job 44 started 1790065752688 core=1
  piece of job 44 started 1790065752701 core=0
  piece of job 44 end 1790065764162 core=4
  piece of job 44 end 1790065764195 core=0
  piece of job 44 end 1790065764290 core=1
job 44_TGAMMA_60 end 1790065764290
job 45_TGAMMA_12 started 1790065764290 core=4
  piece of job 45 started 1790065764291 core=4
  piece of job 45 started 1790065764291 core=1
  piece of job 45 started 1790065764303 core=0
  piece of job 45 end 1790065766591 core=4
  piece of job 45 end 1790065766604 core=0
  piece of job 45 end 1790065766637 core=1
job 45_TGAMMA_12 end 1790065766637
job 46_TGAMMA_120 started 1790065766637 core=4
  piece of job 46 started 1790065766637 core=4
  piece of job 46 started 1790065766637 core=1
  piece of job 46 started 1790065766638 core=0
job 89_DOT_84 end 1790065772097
job 90_XPY_48 started 1790065772097 core=5
  piece of job 46 end 1790065789558 core=4
  piece of job 46 end 1790065789629 core=0
  piece of job 46 end 1790065790088 core=1
job 46_TGAMMA_120 end 1790065790089
job 47_TGAMMA_120 started 1790065790089 core=4
  piece of job 47 started 1790065790089 core=4
  piece of job 47 started 1790065790089 core=1
  piece of job 47 started 1790065790089 core=0
job 90_XPY_48 end 1790065802889
job 91_SUM_132 started 1790065802889 core=5
  piece of job 47 end 1790065812994 core=4
  piece of job 47 end 1790065813019 core=0
  piece of job 47 end 1790065813301 core=1
job 47_TGAMMA_120 end 1790065813302
job 48_TGAMMA_12 started 1790065813302 core=4
  piece of job 48 started 1790065813302 core=4
  piece of job 48 started 1790065813302 core=1
  piece of job 48 started 1790065813315 core=0
  piece of job 48 end 1790065815589 core=4
  piece of job 48 end 1790065815603 core=0
  piece of job 48 end 1790065815613 core=1
job 48_TGAMMA_12 end 1790065815613
job 49_TGAMMA_120 started 1790065815613 core=4
  piece of job 49 started 1790065815613 core=4
  piece of job 49 started 1790065815613 core=1
  piece of job 49 started 1790065815613 core=0
  piece of job 49 end 1790065838521 core=4
  piece of job 49 end 1790065838580 core=0
  piece of job 49 end 1790065838734 core=1
job 49_TGAMMA_120 end 1790065838735
job 50_TGAMMA_12 started 1790065838735 core=4
  piece of job 50 started 1790065838735 core=4
  piece of job 50 started 1790065838735 core=1
  piece of job 50 started 1790065838748 core=0
job 91_SUM_132 end 1790065840701
job 92_COPY_60 started 1790065840701 core=5
  piece of job 50 end 1790065841020 core=4
  piece of job 50 end 1790065841038 core=0
  piece of job 50 end 1790065841052 core=1
job 50_TGAMMA_12 end 1790065841052
job 51_TGAMMA_12 started 1790065841052 core=4
  piece of job 51 started 1790065841052 core=4
  piece of job 51 started 1790065841052 core=1
  piece of job 51 started 1790065841064 core=0
  piece of job 51 end 1790065843339 core=4
  piece of job 51 end 1790065843354 core=0
  piece of job 51 end 1790065843389 core=1
job 51_TGAMMA_12 end 1790065843389
job 52_TGAMMA_12 started 1790065843389 core=4
  piece of job 52 started 1790065843391 core=4
  piece of job 52 started 1790065843391 core=1
  piece of job 52 started 1790065843403 core=0
  piece of job 52 end 1790065845676 core=4
  piece of job 52 end 1790065845696 core=0
  piece of job 52 end 1790065845733 core=1
job 52_TGAMMA_12 end 1790065845733
job 53_TGAMMA_60 started 1790065845733 core=4
  piece of job 53 started 1790065845733 core=4
  piece of job 53 started 1790065845733 core=1
  piece of job 53 started 1790065845746 core=0
  piece of job 53 end 1790065857173 core=4
  piece of job 53 end 1790065857198 core=0
  piece of job 53 end 1790065857391 core=1
job 53_TGAMMA_60 end 1790065857391
job 54_TGAMMA_12 started 1790065857391 core=4
  piece of job 54 started 1790065857391 core=4
  piece of job 54 started 1790065857391 core=1
  piece of job 54 started 1790065857403 core=0
  piece of job 54 end 1790065859677 core=4
  piece of job 54 end 1790065859693 core=0
  piece of job 54 end 1790065859732 core=1
job 54_TGAMMA_12 end 1790065859732
job 55_TGAMMA_60 started 1790065859732 core=4
  piece of job 55 started 1790065859732 core=4
  piece of job 55 started 1790065859732 core=1
  piece of job 55 started 1790065859744 core=0
  piece of job 55 end 1790065871182 core=4
  piece of job 55 end 1790065871232 core=0
  piece of job 55 end 1790065871465 core=1
job 55_TGAMMA_60 end 1790065871465
job 56_TGAMMA_60 started 1790065871465 core=4
  piece of job 56 started 1790065871466 core=4
  piece of job 56 started 1790065871466 core=1
  piece of job 56 started 1790065871478 core=0
job 92_COPY_60 end 1790065877352
job 93_XPY_48 started 1790065877352 core=5
  piece of job 56 end 1790065882904 core=4
  piece of job 56 end 1790065882937 core=0
  piece of job 56 end 1790065883112 core=1
job 56_TGAMMA_60 end 1790065883112
job 57_TGAMMA_120 started 1790065883112 core=4
  piece of job 57 started 1790065883112 core=4
  piece of job 57 started 1790065883112 core=1
  piece of job 57 started 1790065883112 core=0
  piece of job 57 end 1790065906035 core=0
  piece of job 57 end 1790065906049 core=4
  piece of job 57 end 1790065906559 core=1
job 57_TGAMMA_120 end 1790065906560
job 58_TGAMMA_120 started 1790065906560 core=4
  piece of job 58 started 1790065906560 core=4
  piece of job 58 started 1790065906560 core=1
  piece of job 58 started 1790065906560 core=0
job 93_XPY_48 end 1790065907990
job 94_XPY_48 started 1790065907990 core=5
  piece of job 58 end 1790065929468 core=4
  piece of job 58 end 1790065929496 core=0
  piece of job 58 end 1790065929819 core=1
job 58_TGAMMA_120 end 1790065929819
job 59_TGAMMA_60 started 1790065929819 core=4
  piece of job 59 started 1790065929820 core=4
  piece of job 59 started 1790065929820 core=1
  piece of job 59 started 1790065929832 core=0
job 94_XPY_48 end 1790065938782
job 95_SUM_132 started 1790065938782 core=5
  piece of job 59 end 1790065941282 core=4
  piece of job 59 end 1790065941290 core=0
  piece of job 59 end 1790065941531 core=1
job 59_TGAMMA_60 end 1790065941531
job 60_TGAMMA_120 started 1790065941532 core=4
  piece of job 60 started 1790065941532 core=4
  piece of job 60 started 1790065941532 core=1
  piece of job 60 started 1790065941532 core=0
  piece of job 60 end 1790065964421 core=4
  piece of job 60 end 1790065964500 core=0
  piece of job 60 end 1790065964646 core=1
job 60_TGAMMA_120 end 1790065964646
job 61_TGAMMA_12 started 1790065964646 core=4
  piece of job 61 started 1790065964647 core=4
  piece of job 61 started 1790065964647 core=1
  piece of job 61 started 1790065964659 core=0
  piece of job 61 end 1790065966934 core=4
  piece of job 61 end 1790065966951 core=0
  piece of job 61 end 1790065966965 core=1
job 61_TGAMMA_12 end 1790065966965
job 62_TGAMMA_120 started 1790065966965 core=4
  piece of job 62 started 1790065966965 core=4
  piece of job 62 started 1790065966965 core=1
  piece of job 62 started 1790065966965 core=0
job 95_SUM_132 end 1790065976699
job 96_XPY_48 started 1790065976699 core=5
  piece of job 62 end 1790065989899 core=4
  piece of job 62 end 1790065989902 core=0
  piece of job 62 end 1790065990269 core=1
job 62_TGAMMA_120 end 1790065990269
job 63_TGAMMA_60 started 1790065990270 core=4
  piece of job 63 started 1790065990270 core=4
  piece of job 63 started 1790065990270 core=1
  piece of job 63 started 1790065990282 core=0
  piece of job 63 end 1790066001722 core=4
  piece of job 63 end 1790066001765 core=0
  piece of job 63 end 1790066002013 core=1
job 63_TGAMMA_60 end 1790066002013
job 64_TGAMMA_120 started 1790066002013 core=4
  piece of job 64 started 1790066002013 core=4
  piece of job 64 started 1790066002013 core=1
  piece of job 64 started 1790066002014 core=0
job 96_XPY_48 end 1790066007492
job 97_COPY_84 started 1790066007492 core=5
  piece of job 64 end 1790066024939 core=4
  piece of job 64 end 1790066024967 core=0
  piece of job 64 end 1790066025319 core=1
job 64_TGAMMA_120 end 1790066025319
job 65_TGAMMA_12 started 1790066025320 core=4
  piece of job 65 started 1790066025320 core=4
  piece of job 65 started 1790066025320 core=1
  piece of job 65 started 1790066025332 core=0
  piece of job 65 end 1790066027615 core=4
  piece of job 65 end 1790066027627 core=0
  piece of job 65 end 1790066027668 core=1
job 65_TGAMMA_12 end 1790066027668
job 66_TGAMMA_60 started 1790066027669 core=4
  piece of job 66 started 1790066027669 core=4
  piece of job 66 started 1790066027669 core=1
  piece of job 66 started 1790066027681 core=0
  piece of job 66 end 1790066039119 core=4
  piece of job 66 end 1790066039175 core=0
  piece of job 66 end 1790066039398 core=1
job 66_TGAMMA_60 end 1790066039398
job 67_TGAMMA_60 started 1790066039398 core=4
  piece of job 67 started 1790066039399 core=4
  piece of job 67 started 1790066039399 core=1
  piece of job 67 started 1790066039411 core=0
  piece of job 67 end 1790066050851 core=4
  piece of job 67 end 1790066050879 core=0
  piece of job 67 end 1790066051072 core=1
job 67_TGAMMA_60 end 1790066051073
job 68_TGAMMA_60 started 1790066051073 core=4
  piece of job 68 started 1790066051073 core=4
  piece of job 68 started 1790066051073 core=1
  piece of job 68 started 1790066051085 core=0
job 97_COPY_84 end 1790066058858
job 98_XPY_48 started 1790066058859 core=5
  piece of job 68 end 1790066062536 core=4
  piece of job 68 end 1790066062549 core=0
  piece of job 68 end 1790066062799 core=1
job 68_TGAMMA_60 end 1790066062799
job 69_TGAMMA_60 started 1790066062799 core=4
  piece of job 69 started 1790066062799 core=4
  piece of job 69 started 1790066062799 core=1
  piece of job 69 started 1790066062812 core=0
  piece of job 69 end 1790066074249 core=4
  piece of job 69 end 1790066074295 core=0
  piece of job 69 end 1790066074536 core=1
job 69_TGAMMA_60 end 1790066074536
job 70_TGAMMA_60 started 1790066074536 core=4
  piece of job 70 started 1790066074536 core=4
  piece of job 70 started 1790066074536 core=1
  piece of job 70 started 1790066074549 core=0
  piece of job 70 end 1790066085970 core=4
  piece of job 70 end 1790066086007 core=0
  piece of job 70 end 1790066086172 core=1
job 70_TGAMMA_60 end 1790066086172
job 71_TGAMMA_12 started 1790066086172 core=4
  piece of job 71 started 1790066086172 core=4
  piece of job 71 started 1790066086172 core=1
  piece of job 71 started 1790066086185 core=0
  piece of job 71 end 1790066088460 core=4
  piece of job 71 end 1790066088476 core=0
  piece of job 71 end 1790066088518 core=1
job 71_TGAMMA_12 end 1790066088519
job 72_TGAMMA_12 started 1790066088519 core=4
  piece of job 72 started 1790066088519 core=4
  piece of job 72 started 1790066088519 core=1
  piece of job 72 started 1790066088531 core=0
job 98_XPY_48 end 1790066089471
job 99_COPY_60 started 1790066089471 core=5
  piece of job 72 end 1790066090799 core=4
  piece of job 72 end 1790066090817 core=0
  piece of job 72 end 1790066090848 core=1
job 72_TGAMMA_12 end 1790066090848
job 73_TGAMMA_12 started 1790066090848 core=4
  piece of job 73 started 1790066090849 core=4
  piece of job 73 started 1790066090849 core=1
  piece of job 73 started 1790066090861 core=0
  piece of job 73 end 1790066093136 core=4
  piece of job 73 end 1790066093154 core=0
  piece of job 73 end 1790066093180 core=1
job 73_TGAMMA_12 end 1790066093180
job 74_TGAMMA_60 started 1790066093181 core=4
  piece of job 74 started 1790066093181 core=4
  piece of job 74 started 1790066093181 core=1
  piece of job 74 started 1790066093193 core=0
  piece of job 74 end 1790066104650 core=4
  piece of job 74 end 1790066104661 core=0
  piece of job 74 end 1790066104912 core=1
job 74_TGAMMA_60 end 1790066104913
job 99_COPY_60 end 1790066120950
  итерация 0: 906081 ms
  среднее по 1 итерациям: 906081 ms
  реальных ожиданий свободного ядра: 0  (блокировок в задачах не было)
execution completed -> tbb_greedy_two_chains_new_results3.txt
t
