nohup: ввод игнорируется
=== Выполняется проект: no_po_balanced_1.txt (100 работ, базовый прогон oneTBB) ===
job 0_COPY_84 started 1785416251315 core=5
job 1_SUM_132 started 1785416251315 core=4
job 10_SUM_108 started 1785416251315 core=1
job 9_TGAMMA_60 started 1785416251315 core=0
job 9_TGAMMA_60 end 1785416286350
job 7_POW_36 started 1785416286350 core=0
job 1_SUM_132 end 1785416318291
job 11_COPY_60 started 1785416318292 core=4
job 10_SUM_108 end 1785416355605
job 16_DOT_36 started 1785416355606 core=1
job 0_COPY_84 end 1785416380550
job 13_DOT_84 started 1785416380551 core=5
job 16_DOT_36 end 1785416406762
job 5_COPY_84 started 1785416406763 core=1
job 11_COPY_60 end 1785416412585
job 21_XPY_48 started 1785416412586 core=4
job 7_POW_36 end 1785416412631
job 4_POW_36 started 1785416412631 core=0
job 21_XPY_48 end 1785416483379
job 17_COPY_60 started 1785416483381 core=4
job 13_DOT_84 end 1785416505176
job 25_POW_24 started 1785416505176 core=5
job 5_COPY_84 end 1785416539496
job 2_TGAMMA_12 started 1785416539496 core=1
job 2_TGAMMA_12 end 1785416546368
job 18_DOT_84 started 1785416546368 core=1
job 4_POW_36 end 1785416550163
job 14_TGAMMA_12 started 1785416550163 core=0
job 14_TGAMMA_12 end 1785416557404
job 22_TGAMMA_60 started 1785416557404 core=0
job 17_COPY_60 end 1785416567344
job 3_SQRTX_12 started 1785416567345 core=4
job 3_SQRTX_12 end 1785416578647
job 31_ERF_24 started 1785416578647 core=4
job 25_POW_24 end 1785416579660
job 8_POW_24 started 1785416579660 core=5
job 22_TGAMMA_60 end 1785416592466
job 19_DOT_84 started 1785416592467 core=0
job 31_ERF_24 end 1785416629875
job 39_POW_24 started 1785416629875 core=4
job 18_DOT_84 end 1785416638013
job 44_POW_24 started 1785416638013 core=1
job 8_POW_24 end 1785416656493
job 12_SUM_132 started 1785416656493 core=5
job 19_DOT_84 end 1785416690680
job 6_TGAMMA_60 started 1785416690680 core=0
job 39_POW_24 end 1785416704830
job 15_SUM_132 started 1785416704830 core=4
job 44_POW_24 end 1785416706753
job 24_TGAMMA_120 started 1785416706753 core=1
job 6_TGAMMA_60 end 1785416725579
job 36_POW_36 started 1785416725580 core=0
job 12_SUM_132 end 1785416728893
job 26_POW_24 started 1785416728893 core=5
job 15_SUM_132 end 1785416770603
job 23_ERF_24 started 1785416770603 core=4
job 24_TGAMMA_120 end 1785416776005
job 28_ERF_48 started 1785416776005 core=1
job 26_POW_24 end 1785416784151
job 27_TGAMMA_12 started 1785416784151 core=5
job 27_TGAMMA_12 end 1785416791024
job 29_POW_12 started 1785416791024 core=5
job 23_ERF_24 end 1785416812023
job 30_TGAMMA_12 started 1785416812023 core=4
job 36_POW_36 end 1785416816671
job 47_POW_12 started 1785416816671 core=0
job 30_TGAMMA_12 end 1785416818883
job 35_SUM_108 started 1785416818883 core=4
job 29_POW_12 end 1785416821825
job 20_COPY_84 started 1785416821825 core=5
job 47_POW_12 end 1785416848713
job 38_SUM_108 started 1785416848713 core=0
job 28_ERF_48 end 1785416883303
job 34_SUM_132 started 1785416883303 core=1
job 35_SUM_108 end 1785416886308
job 33_TGAMMA_12 started 1785416886308 core=4
job 33_TGAMMA_12 end 1785416893353
job 41_ERF_12 started 1785416893353 core=4
job 38_SUM_108 end 1785416915012
job 32_TGAMMA_12 started 1785416915012 core=0
job 41_ERF_12 end 1785416917051
job 42_TGAMMA_120 started 1785416917051 core=4
job 32_TGAMMA_12 end 1785416921883
job 51_COPY_60 started 1785416921883 core=0
job 20_COPY_84 end 1785416949471
job 53_SUM_132 started 1785416949471 core=5
job 34_SUM_132 end 1785416987424
job 37_DOT_36 started 1785416987424 core=1
job 42_TGAMMA_120 end 1785416988187
job 68_TGAMMA_60 started 1785416988187 core=4
job 51_COPY_60 end 1785416998768
job 49_DOT_36 started 1785416998768 core=0
job 68_TGAMMA_60 end 1785417023717
job 40_TGAMMA_60 started 1785417023717 core=4
job 37_DOT_36 end 1785417030597
job 43_ERF_12 started 1785417030598 core=1
job 49_DOT_36 end 1785417032415
job 45_TGAMMA_120 started 1785417032415 core=0
job 53_SUM_132 end 1785417040235
job 82_SUM_132 started 1785417040235 core=5
job 43_ERF_12 end 1785417049784
job 54_POW_36 started 1785417049784 core=1
job 40_TGAMMA_60 end 1785417058154
job 46_TGAMMA_120 started 1785417058154 core=4
job 82_SUM_132 end 1785417090537
job 48_COPY_84 started 1785417090537 core=5
job 45_TGAMMA_120 end 1785417100848
job 59_POW_24 started 1785417100848 core=0
job 46_TGAMMA_120 end 1785417126529
job 56_SUM_108 started 1785417126529 core=4
job 54_POW_36 end 1785417149900
job 62_TGAMMA_60 started 1785417149901 core=1
job 59_POW_24 end 1785417160464
job 71_ERF_48 started 1785417160464 core=0
job 62_TGAMMA_60 end 1785417185541
job 84_TGAMMA_12 started 1785417185542 core=1
job 48_COPY_84 end 1785417190221
job 50_ERF_12 started 1785417190221 core=5
job 56_SUM_108 end 1785417190365
job 69_TGAMMA_12 started 1785417190365 core=4
job 84_TGAMMA_12 end 1785417192617
job 55_DOT_36 started 1785417192617 core=1
job 69_TGAMMA_12 end 1785417197254
job 52_SUM_132 started 1785417197254 core=4
job 50_ERF_12 end 1785417218779
job 66_COPY_84 started 1785417218779 core=5
job 55_DOT_36 end 1785417237422
job 60_TGAMMA_12 started 1785417237423 core=1
job 60_TGAMMA_12 end 1785417244617
job 73_TGAMMA_120 started 1785417244618 core=1
job 71_ERF_48 end 1785417255787
job 87_COPY_60 started 1785417255787 core=0
job 52_SUM_132 end 1785417289772
job 61_TGAMMA_60 started 1785417289772 core=4
job 73_TGAMMA_120 end 1785417315336
job 78_POW_12 started 1785417315336 core=1
job 66_COPY_84 end 1785417324258
job 95_DOT_84 started 1785417324259 core=5
job 61_TGAMMA_60 end 1785417324921
job 74_DOT_36 started 1785417324922 core=4
job 87_COPY_60 end 1785417333850
job 57_TGAMMA_60 started 1785417333851 core=0
job 78_POW_12 end 1785417357511
job 58_POW_36 started 1785417357511 core=1
job 74_DOT_36 end 1785417361122
job 91_SUM_108 started 1785417361122 core=4
job 57_TGAMMA_60 end 1785417369113
job 67_SUM_132 started 1785417369113 core=0
job 95_DOT_84 end 1785417426031
job 63_POW_36 started 1785417426031 core=5
job 91_SUM_108 end 1785417434282
job 64_SUM_84 started 1785417434282 core=4
job 67_SUM_132 end 1785417462187
job 81_XPY_48 started 1785417462187 core=0
job 58_POW_36 end 1785417475185
job 72_TGAMMA_120 started 1785417475185 core=1
job 64_SUM_84 end 1785417496706
job 77_DOT_36 started 1785417496707 core=4
job 63_POW_36 end 1785417517318
job 75_SUM_132 started 1785417517318 core=5
job 81_XPY_48 end 1785417527044
job 96_XPY_48 started 1785417527044 core=0
job 72_TGAMMA_120 end 1785417544456
job 79_COPY_84 started 1785417544456 core=1
job 77_DOT_36 end 1785417549493
job 86_ERF_48 started 1785417549493 core=4
job 96_XPY_48 end 1785417599829
job 92_XPY_48 started 1785417599829 core=0
job 75_SUM_132 end 1785417608795
job 98_XPY_48 started 1785417608796 core=5
job 92_XPY_48 end 1785417665062
job 93_ERF_48 started 1785417665062 core=0
job 86_ERF_48 end 1785417682914
job 97_COPY_84 started 1785417682915 core=4
job 79_COPY_84 end 1785417684530
job 99_POW_36 started 1785417684531 core=1
job 98_XPY_48 end 1785417691027
job 65_POW_36 started 1785417691027 core=5
job 99_POW_36 end 1785417778020
job 70_DOT_84 started 1785417778021 core=1
job 65_POW_36 end 1785417783222
job 80_SUM_108 started 1785417783222 core=5
job 93_ERF_48 end 1785417787072
job 76_COPY_60 started 1785417787072 core=0
job 97_COPY_84 end 1785417812467
job 94_COPY_84 started 1785417812467 core=4
job 80_SUM_108 end 1785417868560
job 89_POW_24 started 1785417868560 core=5
job 70_DOT_84 end 1785417870891
job 85_POW_36 started 1785417870891 core=1
job 76_COPY_60 end 1785417913513
job 90_TGAMMA_12 started 1785417913514 core=0
job 90_TGAMMA_12 end 1785417920620
job 83_POW_12 started 1785417920621 core=0
job 89_POW_24 end 1785417930026
job 88_TGAMMA_120 started 1785417930026 core=5
job 94_COPY_84 end 1785417954531
job 85_POW_36 end 1785417957729
job 83_POW_12 end 1785417957931
job 88_TGAMMA_120 end 1785417997892
  итерация 0: 1746577 ms
job 0_COPY_84 started 1785417997893 core=5
job 7_POW_36 started 1785417997893 core=1
job 5_COPY_84 started 1785417997893 core=0
job 12_SUM_132 started 1785417997893 core=4
job 12_SUM_132 end 1785418114184
job 10_SUM_108 started 1785418114184 core=4
job 5_COPY_84 end 1785418122892
job 14_TGAMMA_12 started 1785418122919 core=0
job 0_COPY_84 end 1785418126281
job 3_SQRTX_12 started 1785418126281 core=5
job 7_POW_36 end 1785418128854
job 41_ERF_12 started 1785418128854 core=1
job 14_TGAMMA_12 end 1785418129943
job 6_TGAMMA_60 started 1785418129944 core=0
job 3_SQRTX_12 end 1785418143251
job 2_TGAMMA_12 started 1785418143251 core=5
job 41_ERF_12 end 1785418148572
job 15_SUM_132 started 1785418148572 core=1
job 2_TGAMMA_12 end 1785418150188
job 1_SUM_132 started 1785418150189 core=5
job 10_SUM_108 end 1785418163844
job 9_TGAMMA_60 started 1785418163844 core=4
job 6_TGAMMA_60 end 1785418164855
job 27_TGAMMA_12 started 1785418164855 core=0
job 27_TGAMMA_12 end 1785418171695
job 20_COPY_84 started 1785418171696 core=0
job 9_TGAMMA_60 end 1785418199463
job 30_TGAMMA_12 started 1785418199463 core=4
job 30_TGAMMA_12 end 1785418206707
job 24_TGAMMA_120 started 1785418206709 core=4
job 15_SUM_132 end 1785418232017
job 17_COPY_60 started 1785418232017 core=1
job 1_SUM_132 end 1785418234423
job 33_TGAMMA_12 started 1785418234423 core=5
job 33_TGAMMA_12 end 1785418241552
job 13_DOT_84 started 1785418241552 core=5
job 24_TGAMMA_120 end 1785418277896
job 4_POW_36 started 1785418277896 core=4
job 20_COPY_84 end 1785418278390
job 8_POW_24 started 1785418278390 core=0
job 17_COPY_60 end 1785418325736
job 32_TGAMMA_12 started 1785418325736 core=1
job 32_TGAMMA_12 end 1785418332831
job 28_ERF_48 started 1785418332831 core=1
job 8_POW_24 end 1785418343982
job 44_POW_24 started 1785418343983 core=0
job 13_DOT_84 end 1785418354603
job 55_DOT_36 started 1785418354604 core=5
job 4_POW_36 end 1785418377037
job 45_TGAMMA_120 started 1785418377037 core=4
job 55_DOT_36 end 1785418390217
job 18_DOT_84 started 1785418390217 core=5
job 44_POW_24 end 1785418404569
job 19_DOT_84 started 1785418404569 core=0
job 45_TGAMMA_120 end 1785418446791
job 26_POW_24 started 1785418446791 core=4
job 28_ERF_48 end 1785418453125
job 11_COPY_60 started 1785418453125 core=1
job 19_DOT_84 end 1785418487530
job 60_TGAMMA_12 started 1785418487530 core=0
job 18_DOT_84 end 1785418494290
job 56_SUM_108 started 1785418494290 core=5
job 60_TGAMMA_12 end 1785418494427
job 22_TGAMMA_60 started 1785418494427 core=0
job 26_POW_24 end 1785418514893
job 62_TGAMMA_60 started 1785418514893 core=4
job 22_TGAMMA_60 end 1785418528828
job 57_TGAMMA_60 started 1785418528828 core=0
job 11_COPY_60 end 1785418532743
job 47_POW_12 started 1785418532743 core=1
job 62_TGAMMA_60 end 1785418549100
job 23_ERF_24 started 1785418549100 core=4
job 56_SUM_108 end 1785418551780
job 34_SUM_132 started 1785418551781 core=5
job 47_POW_12 end 1785418561950
job 37_DOT_36 started 1785418561951 core=1
job 57_TGAMMA_60 end 1785418563205
job 49_DOT_36 started 1785418563205 core=0
job 23_ERF_24 end 1785418599942
job 75_SUM_132 started 1785418599943 core=4
job 37_DOT_36 end 1785418605136
job 64_SUM_84 started 1785418605136 core=1
job 49_DOT_36 end 1785418609828
job 29_POW_12 started 1785418609828 core=0
job 29_POW_12 end 1785418647890
job 16_DOT_36 started 1785418647891 core=0
job 34_SUM_132 end 1785418650765
job 35_SUM_108 started 1785418650765 core=5
job 64_SUM_84 end 1785418666589
job 31_ERF_24 started 1785418666590 core=1
job 16_DOT_36 end 1785418692107
job 52_SUM_132 started 1785418692108 core=0
job 75_SUM_132 end 1785418703642
job 50_ERF_12 started 1785418703642 core=4
job 31_ERF_24 end 1785418720049
job 79_COPY_84 started 1785418720049 core=1
job 50_ERF_12 end 1785418728832
job 43_ERF_12 started 1785418728832 core=4
job 35_SUM_108 end 1785418729798
job 21_XPY_48 started 1785418729798 core=5
job 43_ERF_12 end 1785418753242
job 25_POW_24 started 1785418753242 core=4
job 52_SUM_132 end 1785418774497
job 66_COPY_84 started 1785418774498 core=0
job 21_XPY_48 end 1785418818569
job 59_POW_24 started 1785418818569 core=5
job 25_POW_24 end 1785418830516
job 86_ERF_48 started 1785418830516 core=4
job 79_COPY_84 end 1785418868638
job 51_COPY_60 started 1785418868638 core=1
job 66_COPY_84 end 1785418895258
job 65_POW_36 started 1785418895258 core=0
job 59_POW_24 end 1785418902066
job 80_SUM_108 started 1785418902066 core=5
job 86_ERF_48 end 1785418940805
job 90_TGAMMA_12 started 1785418940805 core=4
job 90_TGAMMA_12 end 1785418947711
job 82_SUM_132 started 1785418947711 core=4
job 51_COPY_60 end 1785418953044
job 48_COPY_84 started 1785418953044 core=1
job 65_POW_36 end 1785418994352
job 36_POW_36 started 1785418994352 core=0
job 80_SUM_108 end 1785419004879
job 83_POW_12 started 1785419004879 core=5
job 82_SUM_132 end 1785419029061
job 38_SUM_108 started 1785419029061 core=4
job 83_POW_12 end 1785419051153
job 39_POW_24 started 1785419051154 core=5
job 48_COPY_84 end 1785419087785
job 40_TGAMMA_60 started 1785419087785 core=1
job 38_SUM_108 end 1785419092984
job 85_POW_36 started 1785419092984 core=4
job 36_POW_36 end 1785419093370
job 94_COPY_84 started 1785419093370 core=0
job 39_POW_24 end 1785419119781
job 61_TGAMMA_60 started 1785419119781 core=5
job 40_TGAMMA_60 end 1785419122111
job 87_COPY_60 started 1785419122111 core=1
job 61_TGAMMA_60 end 1785419154883
job 53_SUM_132 started 1785419154883 core=5
job 87_COPY_60 end 1785419198540
job 89_POW_24 started 1785419198540 core=1
job 94_COPY_84 end 1785419206469
job 70_DOT_84 started 1785419206469 core=0
job 85_POW_36 end 1785419216938
job 84_TGAMMA_12 started 1785419216938 core=4
job 84_TGAMMA_12 end 1785419224000
job 71_ERF_48 started 1785419224000 core=4
job 53_SUM_132 end 1785419253278
job 46_TGAMMA_120 started 1785419253278 core=5
job 89_POW_24 end 1785419265697
job 42_TGAMMA_120 started 1785419265697 core=1
job 70_DOT_84 end 1785419285618
job 77_DOT_36 started 1785419285618 core=0
job 77_DOT_36 end 1785419310379
job 67_SUM_132 started 1785419310379 core=0
job 71_ERF_48 end 1785419320200
job 69_TGAMMA_12 started 1785419320200 core=4
job 46_TGAMMA_120 end 1785419321811
job 91_SUM_108 started 1785419321812 core=5
job 69_TGAMMA_12 end 1785419327200
job 54_POW_36 started 1785419327200 core=4
job 42_TGAMMA_120 end 1785419334346
job 78_POW_12 started 1785419334347 core=1
job 78_POW_12 end 1785419370545
job 73_TGAMMA_120 started 1785419370545 core=1
job 91_SUM_108 end 1785419381904
job 58_POW_36 started 1785419381904 core=5
job 67_SUM_132 end 1785419383990
job 63_POW_36 started 1785419383990 core=0
job 54_POW_36 end 1785419421997
job 81_XPY_48 started 1785419421997 core=4
job 73_TGAMMA_120 end 1785419439366
job 68_TGAMMA_60 started 1785419439366 core=1
job 58_POW_36 end 1785419460897
job 88_TGAMMA_120 started 1785419460897 core=5
job 81_XPY_48 end 1785419470842
job 74_DOT_36 started 1785419470842 core=4
job 68_TGAMMA_60 end 1785419473639
job 98_XPY_48 started 1785419473639 core=1
job 63_POW_36 end 1785419480228
job 99_POW_36 started 1785419480228 core=0
job 74_DOT_36 end 1785419508042
job 72_TGAMMA_120 started 1785419508042 core=4
job 98_XPY_48 end 1785419525969
job 76_COPY_60 started 1785419525969 core=1
job 88_TGAMMA_120 end 1785419531520
job 92_XPY_48 started 1785419531520 core=5
job 99_POW_36 end 1785419567231
job 93_ERF_48 started 1785419567231 core=0
job 72_TGAMMA_120 end 1785419576726
job 95_DOT_84 started 1785419576727 core=4
job 92_XPY_48 end 1785419608399
job 96_XPY_48 started 1785419608400 core=5
job 76_COPY_60 end 1785419628640
job 97_COPY_84 started 1785419628641 core=1
job 95_DOT_84 end 1785419662887
job 93_ERF_48 end 1785419670309
job 96_XPY_48 end 1785419684890
job 97_COPY_84 end 1785419706860
  итерация 1: 1708967 ms
job 2_TGAMMA_12 started 1785419706861 core=1
job 6_TGAMMA_60 started 1785419706861 core=5
job 21_XPY_48 started 1785419706861 core=0
job 28_ERF_48 started 1785419706861 core=4
job 2_TGAMMA_12 end 1785419713681
job 10_SUM_108 started 1785419713681 core=1
job 6_TGAMMA_60 end 1785419741514
job 4_POW_36 started 1785419741514 core=5
job 10_SUM_108 end 1785419766138
job 18_DOT_84 started 1785419766139 core=1
job 21_XPY_48 end 1785419771147
job 9_TGAMMA_60 started 1785419771148 core=0
job 9_TGAMMA_60 end 1785419805904
job 16_DOT_36 started 1785419805904 core=0
job 28_ERF_48 end 1785419811113
job 13_DOT_84 started 1785419811113 core=4
job 4_POW_36 end 1785419854565
job 17_COPY_60 started 1785419854565 core=5
job 16_DOT_36 end 1785419857128
job 19_DOT_84 started 1785419857128 core=0
job 18_DOT_84 end 1785419864281
job 8_POW_24 started 1785419864281 core=1
job 13_DOT_84 end 1785419926599
job 30_TGAMMA_12 started 1785419926599 core=4
job 30_TGAMMA_12 end 1785419933674
job 20_COPY_84 started 1785419933675 core=4
job 17_COPY_60 end 1785419956001
job 24_TGAMMA_120 started 1785419956002 core=5
job 8_POW_24 end 1785419959073
job 7_POW_36 started 1785419959073 core=1
job 19_DOT_84 end 1785419966390
job 25_POW_24 started 1785419966391 core=0
job 24_TGAMMA_120 end 1785420024740
job 35_SUM_108 started 1785420024740 core=5
job 20_COPY_84 end 1785420039643
job 43_ERF_12 started 1785420039644 core=4
job 7_POW_36 end 1785420041940
job 1_SUM_132 started 1785420041940 core=1
job 25_POW_24 end 1785420044012
job 15_SUM_132 started 1785420044012 core=0
job 43_ERF_12 end 1785420066166
job 34_SUM_132 started 1785420066168 core=4
job 35_SUM_108 end 1785420099487
job 38_SUM_108 started 1785420099488 core=5
job 1_SUM_132 end 1785420139462
job 0_COPY_84 started 1785420139462 core=1
job 15_SUM_132 end 1785420142868
job 3_SQRTX_12 started 1785420142869 core=0
job 3_SQRTX_12 end 1785420159016
job 5_COPY_84 started 1785420159017 core=0
job 34_SUM_132 end 1785420162652
job 11_COPY_60 started 1785420162652 core=4
job 38_SUM_108 end 1785420190565
job 14_TGAMMA_12 started 1785420190565 core=5
job 14_TGAMMA_12 end 1785420197615
job 12_SUM_132 started 1785420197615 core=5
job 0_COPY_84 end 1785420258530
job 33_TGAMMA_12 started 1785420258530 core=1
job 33_TGAMMA_12 end 1785420265547
job 22_TGAMMA_60 started 1785420265547 core=1
job 11_COPY_60 end 1785420279723
job 27_TGAMMA_12 started 1785420279723 core=4
job 12_SUM_132 end 1785420285177
job 49_DOT_36 started 1785420285177 core=5
job 27_TGAMMA_12 end 1785420286898
job 57_TGAMMA_60 started 1785420286898 core=4
job 22_TGAMMA_60 end 1785420300343
job 46_TGAMMA_120 started 1785420300344 core=1
job 5_COPY_84 end 1785420306919
job 63_POW_36 started 1785420306919 core=0
job 49_DOT_36 end 1785420312972
job 32_TGAMMA_12 started 1785420312972 core=5
job 32_TGAMMA_12 end 1785420319736
job 52_SUM_132 started 1785420319736 core=5
job 57_TGAMMA_60 end 1785420321960
job 41_ERF_12 started 1785420321960 core=4
job 41_ERF_12 end 1785420345317
job 65_POW_36 started 1785420345317 core=4
job 46_TGAMMA_120 end 1785420369836
job 29_POW_12 started 1785420369837 core=1
job 52_SUM_132 end 1785420376761
job 31_ERF_24 started 1785420376761 core=5
job 63_POW_36 end 1785420400246
job 42_TGAMMA_120 started 1785420400246 core=0
job 29_POW_12 end 1785420401896
job 53_SUM_132 started 1785420401896 core=1
job 31_ERF_24 end 1785420420758
job 62_TGAMMA_60 started 1785420420758 core=5
job 65_POW_36 end 1785420434566
job 45_TGAMMA_120 started 1785420434566 core=4
job 53_SUM_132 end 1785420450500
job 48_COPY_84 started 1785420450500 core=1
job 62_TGAMMA_60 end 1785420455199
job 50_ERF_12 started 1785420455199 core=5
job 42_TGAMMA_120 end 1785420468858
job 67_SUM_132 started 1785420468859 core=0
job 50_ERF_12 end 1785420481263
job 23_ERF_24 started 1785420481263 core=5
job 45_TGAMMA_120 end 1785420503380
job 74_DOT_36 started 1785420503380 core=4
job 67_SUM_132 end 1785420541736
job 54_POW_36 started 1785420541736 core=0
job 74_DOT_36 end 1785420543305
job 59_POW_24 started 1785420543305 core=4
job 23_ERF_24 end 1785420553127
job 37_DOT_36 started 1785420553128 core=5
job 48_COPY_84 end 1785420562360
job 26_POW_24 started 1785420562360 core=1
job 37_DOT_36 end 1785420595634
job 96_XPY_48 started 1785420595634 core=5
job 59_POW_24 end 1785420608190
job 36_POW_36 started 1785420608191 core=4
job 54_POW_36 end 1785420638173
job 89_POW_24 started 1785420638173 core=0
job 26_POW_24 end 1785420648884
job 55_DOT_36 started 1785420648885 core=1
job 96_XPY_48 end 1785420664286
job 44_POW_24 started 1785420664286 core=5
job 55_DOT_36 end 1785420693302
job 98_XPY_48 started 1785420693302 core=1
job 89_POW_24 end 1785420703234
job 66_COPY_84 started 1785420703234 core=0
job 36_POW_36 end 1785420704238
job 56_SUM_108 started 1785420704239 core=4
job 44_POW_24 end 1785420753462
job 75_SUM_132 started 1785420753462 core=5
job 98_XPY_48 end 1785420762912
job 47_POW_12 started 1785420762912 core=1
job 47_POW_12 end 1785420797395
job 86_ERF_48 started 1785420797395 core=1
job 56_SUM_108 end 1785420807688
job 51_COPY_60 started 1785420807689 core=4
job 66_COPY_84 end 1785420836897
job 39_POW_24 started 1785420836897 core=0
job 75_SUM_132 end 1785420837231
job 58_POW_36 started 1785420837231 core=5
job 86_ERF_48 end 1785420889606
job 60_TGAMMA_12 started 1785420889606 core=1
job 60_TGAMMA_12 end 1785420896477
job 90_TGAMMA_12 started 1785420896477 core=1
job 51_COPY_60 end 1785420899063
job 91_SUM_108 started 1785420899064 core=4
job 90_TGAMMA_12 end 1785420903357
job 70_DOT_84 started 1785420903358 core=1
job 39_POW_24 end 1785420916211
job 68_TGAMMA_60 started 1785420916211 core=0
job 58_POW_36 end 1785420938116
job 95_DOT_84 started 1785420938117 core=5
job 68_TGAMMA_60 end 1785420951294
job 61_TGAMMA_60 started 1785420951294 core=0
job 91_SUM_108 end 1785420952631
job 82_SUM_132 started 1785420952631 core=4
job 61_TGAMMA_60 end 1785420986554
job 92_XPY_48 started 1785420986554 core=0
job 70_DOT_84 end 1785421014900
job 40_TGAMMA_60 started 1785421014900 core=1
job 95_DOT_84 end 1785421040313
job 72_TGAMMA_120 started 1785421040314 core=5
job 82_SUM_132 end 1785421046448
job 97_COPY_84 started 1785421046448 core=4
job 40_TGAMMA_60 end 1785421049686
job 71_ERF_48 started 1785421049686 core=1
job 92_XPY_48 end 1785421057226
job 77_DOT_36 started 1785421057227 core=0
job 77_DOT_36 end 1785421107798
job 64_SUM_84 started 1785421107798 core=0
job 72_TGAMMA_120 end 1785421109165
job 69_TGAMMA_12 started 1785421109165 core=5
job 71_ERF_48 end 1785421113413
job 73_TGAMMA_120 started 1785421113413 core=1
job 69_TGAMMA_12 end 1785421116053
job 76_COPY_60 started 1785421116053 core=5
job 97_COPY_84 end 1785421166648
job 80_SUM_108 started 1785421166649 core=4
job 64_SUM_84 end 1785421178027
job 83_POW_12 started 1785421178027 core=0
job 73_TGAMMA_120 end 1785421184328
job 84_TGAMMA_12 started 1785421184328 core=1
job 76_COPY_60 end 1785421188417
job 78_POW_12 started 1785421188417 core=5
job 84_TGAMMA_12 end 1785421191419
job 79_COPY_84 started 1785421191419 core=1
job 83_POW_12 end 1785421210370
job 94_COPY_84 started 1785421210370 core=0
job 78_POW_12 end 1785421231119
job 81_XPY_48 started 1785421231119 core=5
job 80_SUM_108 end 1785421242304
job 85_POW_36 started 1785421242304 core=4
job 81_XPY_48 end 1785421316589
job 87_COPY_60 started 1785421316590 core=5
job 94_COPY_84 end 1785421330794
job 88_TGAMMA_120 started 1785421330794 core=0
job 79_COPY_84 end 1785421342532
job 93_ERF_48 started 1785421342532 core=1
job 85_POW_36 end 1785421353841
job 99_POW_36 started 1785421353841 core=4
job 87_COPY_60 end 1785421391287
job 88_TGAMMA_120 end 1785421399437
job 93_ERF_48 end 1785421420447
job 99_POW_36 end 1785421430004
  итерация 2: 1723143 ms
  среднее по 3 итерациям: 1726229 ms
=== Выполняется проект: no_po_balanced_2.txt (100 работ, базовый прогон oneTBB) ===
job 3_POW_12 started 1785421430005 core=0
job 6_DOT_84 started 1785421430005 core=1
job 0_TGAMMA_12 started 1785421430005 core=4
job 18_DOT_84 started 1785421430005 core=5
job 0_TGAMMA_12 end 1785421436915
job 26_ERF_24 started 1785421436932 core=4
job 3_POW_12 end 1785421463792
job 31_SUM_84 started 1785421463792 core=0
job 26_ERF_24 end 1785421491286
job 8_SUM_108 started 1785421491287 core=4
job 31_SUM_84 end 1785421526930
job 12_TGAMMA_120 started 1785421526932 core=0
job 18_DOT_84 end 1785421547785
job 33_DOT_36 started 1785421547785 core=5
job 6_DOT_84 end 1785421548013
job 20_POW_36 started 1785421548013 core=1
job 8_SUM_108 end 1785421555442
job 53_SUM_84 started 1785421555442 core=4
job 33_DOT_36 end 1785421589593
job 16_COPY_60 started 1785421589594 core=5
job 53_SUM_84 end 1785421593516
job 1_XPY_48 started 1785421593516 core=4
job 12_TGAMMA_120 end 1785421597241
job 58_DOT_36 started 1785421597241 core=0
job 58_DOT_36 end 1785421653203
job 4_TGAMMA_120 started 1785421653203 core=0
job 1_XPY_48 end 1785421664672
job 5_COPY_60 started 1785421664672 core=4
job 20_POW_36 end 1785421676593
job 7_TGAMMA_12 started 1785421676593 core=1
job 16_COPY_60 end 1785421678558
job 67_COPY_84 started 1785421678558 core=5
job 7_TGAMMA_12 end 1785421683681
job 10_TGAMMA_120 started 1785421683682 core=1
job 4_TGAMMA_120 end 1785421723795
job 11_XPY_60 started 1785421723795 core=0
job 5_COPY_60 end 1785421734420
job 13_POW_24 started 1785421734421 core=4
job 10_TGAMMA_120 end 1785421753970
job 22_POW_36 started 1785421753970 core=1
job 67_COPY_84 end 1785421775969
job 19_SUM_132 started 1785421775969 core=5
job 11_XPY_60 end 1785421812208
job 27_POW_12 started 1785421812208 core=0
job 13_POW_24 end 1785421825493
job 2_ERF_12 started 1785421825493 core=4
job 27_POW_12 end 1785421846261
job 9_POW_12 started 1785421846261 core=0
job 2_ERF_12 end 1785421850372
job 23_SQRTX_48 started 1785421850372 core=4
job 19_SUM_132 end 1785421855036
job 17_POW_12 started 1785421855037 core=5
job 22_POW_36 end 1785421857290
job 14_POW_24 started 1785421857290 core=1
job 9_POW_12 end 1785421877230
job 28_POW_36 started 1785421877230 core=0
job 17_POW_12 end 1785421884787
job 45_SUM_132 started 1785421884787 core=5
job 23_SQRTX_48 end 1785421915720
job 37_TGAMMA_120 started 1785421915720 core=4
job 14_POW_24 end 1785421918607
job 30_DOT_36 started 1785421918607 core=1
job 30_DOT_36 end 1785421955125
job 59_POW_36 started 1785421955125 core=1
job 28_POW_36 end 1785421965556
job 66_TGAMMA_120 started 1785421965556 core=0
job 45_SUM_132 end 1785421966294
job 15_ERF_24 started 1785421966294 core=5
job 37_TGAMMA_120 end 1785421984805
job 24_XPY_60 started 1785421984805 core=4
job 15_ERF_24 end 1785421999553
job 56_COPY_60 started 1785421999553 core=5
job 66_TGAMMA_120 end 1785422035690
job 29_COPY_60 started 1785422035690 core=0
job 59_POW_36 end 1785422058734
job 34_DOT_36 started 1785422058734 core=1
job 24_XPY_60 end 1785422060014
job 80_SUM_132 started 1785422060015 core=4
job 56_COPY_60 end 1785422089982
job 73_SUM_84 started 1785422089983 core=5
job 34_DOT_36 end 1785422109247
job 94_TGAMMA_12 started 1785422109247 core=1
job 94_TGAMMA_12 end 1785422116278
job 32_COPY_84 started 1785422116278 core=1
job 29_COPY_60 end 1785422134400
job 97_XPY_60 started 1785422134401 core=0
job 73_SUM_84 end 1785422159371
job 40_COPY_84 started 1785422159371 core=5
job 80_SUM_132 end 1785422185761
job 41_COPY_60 started 1785422185761 core=4
job 97_XPY_60 end 1785422233155
job 57_POW_12 started 1785422233155 core=0
job 32_COPY_84 end 1785422262453
job 35_TGAMMA_12 started 1785422262453 core=1
job 35_TGAMMA_12 end 1785422269581
job 47_TGAMMA_120 started 1785422269581 core=1
job 57_POW_12 end 1785422275013
job 36_COPY_84 started 1785422275014 core=0
job 41_COPY_60 end 1785422284172
job 39_DOT_84 started 1785422284172 core=4
job 40_COPY_84 end 1785422295537
job 64_TGAMMA_120 started 1785422295537 core=5
job 47_TGAMMA_120 end 1785422338867
job 21_COPY_60 started 1785422338867 core=1
job 64_TGAMMA_120 end 1785422365007
job 42_TGAMMA_120 started 1785422365007 core=5
job 39_DOT_84 end 1785422383976
job 60_POW_12 started 1785422383976 core=4
job 36_COPY_84 end 1785422388277
job 65_POW_36 started 1785422388277 core=0
job 21_COPY_60 end 1785422408817
job 62_SQRTX_48 started 1785422408818 core=1
job 60_POW_12 end 1785422414909
job 25_COPY_60 started 1785422414910 core=4
job 42_TGAMMA_120 end 1785422435148
job 76_TGAMMA_120 started 1785422435148 core=5
job 62_SQRTX_48 end 1785422450928
job 88_SUM_132 started 1785422450928 core=1
job 25_COPY_60 end 1785422497201
job 70_POW_24 started 1785422497201 core=4
job 65_POW_36 end 1785422502516
job 38_TGAMMA_60 started 1785422502516 core=0
job 76_TGAMMA_120 end 1785422504704
job 71_XPY_60 started 1785422504704 core=5
job 88_SUM_132 end 1785422506064
job 44_TGAMMA_120 started 1785422506064 core=1
job 38_TGAMMA_60 end 1785422536906
job 92_TGAMMA_120 started 1785422536906 core=0
job 70_POW_24 end 1785422550825
job 89_DOT_36 started 1785422550826 core=4
job 71_XPY_60 end 1785422559504
job 96_TGAMMA_12 started 1785422559504 core=5
job 96_TGAMMA_12 end 1785422566342
job 90_XPY_60 started 1785422566343 core=5
job 44_TGAMMA_120 end 1785422576307
job 75_TGAMMA_12 started 1785422576307 core=1
job 89_DOT_36 end 1785422576601
job 49_DOT_84 started 1785422576601 core=4
job 75_TGAMMA_12 end 1785422583558
job 43_DOT_36 started 1785422583558 core=1
job 92_TGAMMA_120 end 1785422606495
job 52_SUM_132 started 1785422606495 core=0
job 43_DOT_36 end 1785422646631
job 77_SQRTX_12 started 1785422646631 core=1
job 49_DOT_84 end 1785422662917
job 84_POW_36 started 1785422662917 core=4
job 90_XPY_60 end 1785422665341
job 61_TGAMMA_60 started 1785422665341 core=5
job 77_SQRTX_12 end 1785422668944
job 78_POW_24 started 1785422668944 core=1
job 52_SUM_132 end 1785422695844
job 91_POW_24 started 1785422695844 core=0
job 61_TGAMMA_60 end 1785422699903
job 98_TGAMMA_120 started 1785422699903 core=5
job 78_POW_24 end 1785422722361
job 99_TGAMMA_12 started 1785422722362 core=1
job 99_TGAMMA_12 end 1785422729144
job 68_COPY_84 started 1785422729144 core=1
job 84_POW_36 end 1785422748833
job 46_POW_12 started 1785422748833 core=4
job 91_POW_24 end 1785422751631
job 48_XPY_48 started 1785422751631 core=0
job 98_TGAMMA_120 end 1785422769582
job 50_POW_12 started 1785422769582 core=5
job 46_POW_12 end 1785422793412
job 82_ERF_12 started 1785422793412 core=4
job 50_POW_12 end 1785422811782
job 83_DOT_36 started 1785422811783 core=5
job 48_XPY_48 end 1785422817391
job 81_ERF_48 started 1785422817391 core=0
job 82_ERF_12 end 1785422825358
job 85_TGAMMA_12 started 1785422825358 core=4
job 85_TGAMMA_12 end 1785422832270
job 74_COPY_84 started 1785422832270 core=4
job 68_COPY_84 end 1785422840423
job 51_TGAMMA_120 started 1785422840424 core=1
job 83_DOT_36 end 1785422853936
job 86_TGAMMA_120 started 1785422853936 core=5
job 51_TGAMMA_120 end 1785422908948
job 95_SUM_84 started 1785422908948 core=1
job 74_COPY_84 end 1785422909340
job 54_SUM_108 started 1785422909340 core=4
job 81_ERF_48 end 1785422910832
job 87_SUM_108 started 1785422910832 core=0
job 86_TGAMMA_120 end 1785422922600
job 93_ERF_12 started 1785422922600 core=5
job 93_ERF_12 end 1785422949316
job 55_SQRTX_12 started 1785422949316 core=5
job 95_SUM_84 end 1785422962407
job 63_SUM_84 started 1785422962407 core=1
job 55_SQRTX_12 end 1785422967137
job 69_TGAMMA_120 started 1785422967138 core=5
job 54_SUM_108 end 1785422984823
job 72_POW_12 started 1785422984824 core=4
job 87_SUM_108 end 1785422986507
job 79_SUM_84 started 1785422986507 core=0
job 63_SUM_84 end 1785423002723
job 72_POW_12 end 1785423016469
job 79_SUM_84 end 1785423021316
job 69_TGAMMA_120 end 1785423036135
  итерация 0: 1606130 ms
job 2_ERF_12 started 1785423036136 core=0
job 17_POW_12 started 1785423036136 core=4
job 19_SUM_132 started 1785423036136 core=1
job 0_TGAMMA_12 started 1785423036136 core=5
job 0_TGAMMA_12 end 1785423043140
job 24_XPY_60 started 1785423043157 core=5
job 2_ERF_12 end 1785423059255
job 27_POW_12 started 1785423059255 core=0
job 17_POW_12 end 1785423068646
job 14_POW_24 started 1785423068647 core=4
job 27_POW_12 end 1785423091571
job 38_TGAMMA_60 started 1785423091571 core=0
job 24_XPY_60 end 1785423123203
job 5_COPY_60 started 1785423123203 core=5
job 14_POW_24 end 1785423125981
job 34_DOT_36 started 1785423125981 core=4
job 38_TGAMMA_60 end 1785423126077
job 6_DOT_84 started 1785423126077 core=0
job 19_SUM_132 end 1785423142812
job 18_DOT_84 started 1785423142812 core=1
job 34_DOT_36 end 1785423175358
job 54_SUM_108 started 1785423175358 core=4
job 6_DOT_84 end 1785423232415
job 12_TGAMMA_120 started 1785423232415 core=0
job 5_COPY_60 end 1785423233985
job 13_POW_24 started 1785423233985 core=5
job 54_SUM_108 end 1785423250768
job 16_COPY_60 started 1785423250768 core=4
job 18_DOT_84 end 1785423271044
job 39_DOT_84 started 1785423271045 core=1
job 12_TGAMMA_120 end 1785423303538
job 1_XPY_48 started 1785423303538 core=0
job 13_POW_24 end 1785423309964
job 3_POW_12 started 1785423309965 core=5
job 16_COPY_60 end 1785423344130
job 15_ERF_24 started 1785423344130 core=4
job 3_POW_12 end 1785423347250
job 4_TGAMMA_120 started 1785423347252 core=5
job 39_DOT_84 end 1785423358012
job 62_SQRTX_48 started 1785423358012 core=1
job 1_XPY_48 end 1785423381651
job 7_TGAMMA_12 started 1785423381652 core=0
job 7_TGAMMA_12 end 1785423388484
job 20_POW_36 started 1785423388484 core=0
job 15_ERF_24 end 1785423397750
job 9_POW_12 started 1785423397750 core=4
job 62_SQRTX_48 end 1785423400501
job 25_COPY_60 started 1785423400501 core=1
job 4_TGAMMA_120 end 1785423416637
job 31_SUM_84 started 1785423416638 core=5
job 9_POW_12 end 1785423428183
job 8_SUM_108 started 1785423428183 core=4
job 20_POW_36 end 1785423486666
job 22_POW_36 started 1785423486667 core=0
job 25_COPY_60 end 1785423486877
job 21_COPY_60 started 1785423486877 core=1
job 8_SUM_108 end 1785423495386
job 35_TGAMMA_12 started 1785423495386 core=4
job 31_SUM_84 end 1785423500126
job 28_POW_36 started 1785423500127 core=5
job 35_TGAMMA_12 end 1785423502259
job 44_TGAMMA_120 started 1785423502259 core=4
job 21_COPY_60 end 1785423555691
job 10_TGAMMA_120 started 1785423555691 core=1
job 22_POW_36 end 1785423567352
job 49_DOT_84 started 1785423567352 core=0
job 44_TGAMMA_120 end 1785423570926
job 53_SUM_84 started 1785423570926 core=4
job 28_POW_36 end 1785423596814
job 56_COPY_60 started 1785423596814 core=5
job 10_TGAMMA_120 end 1785423625852
job 11_XPY_60 started 1785423625853 core=1
job 53_SUM_84 end 1785423634361
job 74_COPY_84 started 1785423634361 core=4
job 49_DOT_84 end 1785423662904
job 98_TGAMMA_120 started 1785423662904 core=0
job 56_COPY_60 end 1785423704411
job 26_ERF_24 started 1785423704411 core=5
job 11_XPY_60 end 1785423726938
job 51_TGAMMA_120 started 1785423726939 core=1
job 98_TGAMMA_120 end 1785423733400
job 36_COPY_84 started 1785423733400 core=0
job 74_COPY_84 end 1785423736024
job 42_TGAMMA_120 started 1785423736025 core=4
job 26_ERF_24 end 1785423747318
job 29_COPY_60 started 1785423747318 core=5
job 51_TGAMMA_120 end 1785423796654
job 46_POW_12 started 1785423796655 core=1
job 42_TGAMMA_120 end 1785423806231
job 50_POW_12 started 1785423806232 core=4
job 29_COPY_60 end 1785423817477
job 30_DOT_36 started 1785423817477 core=5
job 36_COPY_84 end 1785423832789
job 60_POW_12 started 1785423832790 core=0
job 46_POW_12 end 1785423836628
job 65_POW_36 started 1785423836628 core=1
job 50_POW_12 end 1785423846478
job 32_COPY_84 started 1785423846478 core=4
job 30_DOT_36 end 1785423856834
job 23_SQRTX_48 started 1785423856834 core=5
job 60_POW_12 end 1785423872096
job 33_DOT_36 started 1785423872096 core=0
job 23_SQRTX_48 end 1785423921753
job 55_SQRTX_12 started 1785423921753 core=5
job 33_DOT_36 end 1785423924997
job 37_TGAMMA_120 started 1785423924998 core=0
job 65_POW_36 end 1785423932935
job 43_DOT_36 started 1785423932936 core=1
job 55_SQRTX_12 end 1785423938416
job 64_TGAMMA_120 started 1785423938416 core=5
job 43_DOT_36 end 1785423962931
job 76_TGAMMA_120 started 1785423962931 core=1
job 32_COPY_84 end 1785423963532
job 40_COPY_84 started 1785423963532 core=4
job 37_TGAMMA_120 end 1785423995387
job 63_SUM_84 started 1785423995387 core=0
job 64_TGAMMA_120 end 1785424007173
job 66_TGAMMA_120 started 1785424007173 core=5
job 40_COPY_84 end 1785424024412
job 68_COPY_84 started 1785424024413 core=4
job 76_TGAMMA_120 end 1785424031146
job 45_SUM_132 started 1785424031146 core=1
job 63_SUM_84 end 1785424049328
job 70_POW_24 started 1785424049328 core=0
job 66_TGAMMA_120 end 1785424076394
job 52_SUM_132 started 1785424076394 core=5
job 45_SUM_132 end 1785424093007
job 41_COPY_60 started 1785424093007 core=1
job 70_POW_24 end 1785424139915
job 77_SQRTX_12 started 1785424139915 core=0
job 68_COPY_84 end 1785424149774
job 71_XPY_60 started 1785424149774 core=4
job 77_SQRTX_12 end 1785424163178
job 73_SUM_84 started 1785424163178 core=0
job 41_COPY_60 end 1785424178222
job 81_ERF_48 started 1785424178222 core=1
job 52_SUM_132 end 1785424188172
job 79_SUM_84 started 1785424188172 core=5
job 71_XPY_60 end 1785424239504
job 78_POW_24 started 1785424239504 core=4
job 79_SUM_84 end 1785424241750
job 59_POW_36 started 1785424241750 core=5
job 73_SUM_84 end 1785424245333
job 86_TGAMMA_120 started 1785424245333 core=0
job 81_ERF_48 end 1785424268306
job 88_SUM_132 started 1785424268307 core=1
job 78_POW_24 end 1785424293914
job 83_DOT_36 started 1785424293914 core=4
job 86_TGAMMA_120 end 1785424314690
job 72_POW_12 started 1785424314690 core=0
job 83_DOT_36 end 1785424329294
job 87_SUM_108 started 1785424329294 core=4
job 59_POW_36 end 1785424338473
job 47_TGAMMA_120 started 1785424338473 core=5
job 88_SUM_132 end 1785424344891
job 80_SUM_132 started 1785424344891 core=1
job 72_POW_12 end 1785424353064
job 48_XPY_48 started 1785424353064 core=0
job 80_SUM_132 end 1785424402756
job 85_TGAMMA_12 started 1785424402756 core=1
job 47_TGAMMA_120 end 1785424408292
job 84_POW_36 started 1785424408292 core=5
job 85_TGAMMA_12 end 1785424409611
job 91_POW_24 started 1785424409612 core=1
job 87_SUM_108 end 1785424415797
job 75_TGAMMA_12 started 1785424415797 core=4
job 48_XPY_48 end 1785424421322
job 90_XPY_60 started 1785424421322 core=0
job 75_TGAMMA_12 end 1785424422949
job 57_POW_12 started 1785424422950 core=4
job 57_POW_12 end 1785424470064
job 92_TGAMMA_120 started 1785424470064 core=4
job 91_POW_24 end 1785424471316
job 89_DOT_36 started 1785424471316 core=1
job 90_XPY_60 end 1785424501130
job 82_ERF_12 started 1785424501131 core=0
job 84_POW_36 end 1785424506484
job 99_TGAMMA_12 started 1785424506485 core=5
job 89_DOT_36 end 1785424508746
job 58_DOT_36 started 1785424508746 core=1
job 99_TGAMMA_12 end 1785424513545
job 97_XPY_60 started 1785424513545 core=5
job 82_ERF_12 end 1785424517471
job 95_SUM_84 started 1785424517471 core=0
job 92_TGAMMA_120 end 1785424540726
job 96_TGAMMA_12 started 1785424540726 core=4
job 96_TGAMMA_12 end 1785424547759
job 93_ERF_12 started 1785424547759 core=4
job 95_SUM_84 end 1785424557692
job 61_TGAMMA_60 started 1785424557692 core=0
job 58_DOT_36 end 1785424561944
job 67_COPY_84 started 1785424561945 core=1
job 93_ERF_12 end 1785424567090
job 69_TGAMMA_120 started 1785424567090 core=4
job 61_TGAMMA_60 end 1785424592059
job 94_TGAMMA_12 started 1785424592059 core=0
job 97_XPY_60 end 1785424595457
job 94_TGAMMA_12 end 1785424598875
job 67_COPY_84 end 1785424624277
job 69_TGAMMA_120 end 1785424635080
  итерация 1: 1598945 ms
job 4_TGAMMA_120 started 1785424635081 core=4
job 0_TGAMMA_12 started 1785424635081 core=0
job 1_XPY_48 started 1785424635081 core=1
job 39_DOT_84 started 1785424635081 core=5
job 0_TGAMMA_12 end 1785424641922
job 6_DOT_84 started 1785424641937 core=0
job 4_TGAMMA_120 end 1785424704869
job 3_POW_12 started 1785424704869 core=4
job 1_XPY_48 end 1785424716420
job 19_SUM_132 started 1785424716420 core=1
job 6_DOT_84 end 1785424716871
job 15_ERF_24 started 1785424716871 core=0
job 3_POW_12 end 1785424741967
job 22_POW_36 started 1785424741968 core=4
job 39_DOT_84 end 1785424753537
job 41_COPY_60 started 1785424753537 core=5
job 15_ERF_24 end 1785424768009
job 27_POW_12 started 1785424768010 core=0
job 27_POW_12 end 1785424800036
job 5_COPY_60 started 1785424800036 core=0
job 19_SUM_132 end 1785424832962
job 2_ERF_12 started 1785424832963 core=1
job 41_COPY_60 end 1785424839801
job 24_XPY_60 started 1785424839801 core=5
job 22_POW_36 end 1785424853088
job 8_SUM_108 started 1785424853088 core=4
job 2_ERF_12 end 1785424868013
job 7_TGAMMA_12 started 1785424868013 core=1
job 7_TGAMMA_12 end 1785424875259
job 21_COPY_60 started 1785424875260 core=1
job 5_COPY_60 end 1785424889135
job 78_POW_24 started 1785424889135 core=0
job 8_SUM_108 end 1785424927986
job 13_POW_24 started 1785424927986 core=4
job 24_XPY_60 end 1785424938756
job 9_POW_12 started 1785424938756 core=5
job 78_POW_24 end 1785424952780
job 62_SQRTX_48 started 1785424952781 core=0
job 9_POW_12 end 1785424980337
job 33_DOT_36 started 1785424980337 core=5
job 21_COPY_60 end 1785424981749
job 37_TGAMMA_120 started 1785424981749 core=1
job 13_POW_24 end 1785424988972
job 31_SUM_84 started 1785424988972 core=4
job 33_DOT_36 end 1785425010579
job 32_COPY_84 started 1785425010579 core=5
job 62_SQRTX_48 end 1785425017122
job 25_COPY_60 started 1785425017122 core=0
job 37_TGAMMA_120 end 1785425052094
job 12_TGAMMA_120 started 1785425052094 core=1
job 31_SUM_84 end 1785425054192
job 57_POW_12 started 1785425054193 core=4
job 57_POW_12 end 1785425095838
job 16_COPY_60 started 1785425095838 core=4
job 25_COPY_60 end 1785425103706
job 10_TGAMMA_120 started 1785425103709 core=0
job 32_COPY_84 end 1785425106053
job 61_TGAMMA_60 started 1785425106053 core=5
job 12_TGAMMA_120 end 1785425122030
job 81_ERF_48 started 1785425122030 core=1
job 61_TGAMMA_60 end 1785425140323
job 18_DOT_84 started 1785425140323 core=5
job 16_COPY_60 end 1785425150753
job 96_TGAMMA_12 started 1785425150753 core=4
job 96_TGAMMA_12 end 1785425157571
job 67_COPY_84 started 1785425157571 core=4
job 10_TGAMMA_120 end 1785425173995
job 36_COPY_84 started 1785425173996 core=0
job 81_ERF_48 end 1785425220554
job 69_TGAMMA_120 started 1785425220554 core=1
job 18_DOT_84 end 1785425222629
job 70_POW_24 started 1785425222630 core=5
job 70_POW_24 end 1785425275121
job 29_COPY_60 started 1785425275122 core=5
job 69_TGAMMA_120 end 1785425289557
job 30_DOT_36 started 1785425289558 core=1
job 67_COPY_84 end 1785425295053
job 43_DOT_36 started 1785425295054 core=4
job 36_COPY_84 end 1785425319395
job 48_XPY_48 started 1785425319396 core=0
job 30_DOT_36 end 1785425347413
job 11_XPY_60 started 1785425347413 core=1
job 43_DOT_36 end 1785425352939
job 14_POW_24 started 1785425352940 core=4
job 29_COPY_60 end 1785425372868
job 17_POW_12 started 1785425372868 core=5
job 48_XPY_48 end 1785425392047
job 64_TGAMMA_120 started 1785425392047 core=0
job 17_POW_12 end 1785425416632
job 44_TGAMMA_120 started 1785425416632 core=5
job 14_POW_24 end 1785425422633
job 49_DOT_84 started 1785425422633 core=4
job 11_XPY_60 end 1785425424853
job 54_SUM_108 started 1785425424853 core=1
job 64_TGAMMA_120 end 1785425461627
job 20_POW_36 started 1785425461628 core=0
job 54_SUM_108 end 1785425474355
job 51_TGAMMA_120 started 1785425474355 core=1
job 44_TGAMMA_120 end 1785425486549
job 55_SQRTX_12 started 1785425486549 core=5
job 49_DOT_84 end 1785425497120
job 56_COPY_60 started 1785425497120 core=4
job 55_SQRTX_12 end 1785425497820
job 82_ERF_12 started 1785425497820 core=5
job 82_ERF_12 end 1785425513045
job 23_SQRTX_48 started 1785425513045 core=5
job 51_TGAMMA_120 end 1785425543130
job 84_POW_36 started 1785425543130 core=1
job 23_SQRTX_48 end 1785425560632
job 88_SUM_132 started 1785425560632 core=5
job 56_COPY_60 end 1785425575352
job 87_SUM_108 started 1785425575352 core=4
job 20_POW_36 end 1785425577872
job 46_POW_12 started 1785425577872 core=0
job 46_POW_12 end 1785425614159
job 28_POW_36 started 1785425614159 core=0
job 88_SUM_132 end 1785425645310
job 47_TGAMMA_120 started 1785425645311 core=5
job 87_SUM_108 end 1785425645983
job 26_ERF_24 started 1785425645983 core=4
job 84_POW_36 end 1785425646467
job 34_DOT_36 started 1785425646468 core=1
job 34_DOT_36 end 1785425675552
job 50_POW_12 started 1785425675552 core=1
job 26_ERF_24 end 1785425689169
job 53_SUM_84 started 1785425689169 core=4
job 50_POW_12 end 1785425702130
job 35_TGAMMA_12 started 1785425702130 core=1
job 35_TGAMMA_12 end 1785425708930
job 60_POW_12 started 1785425708930 core=1
job 28_POW_36 end 1785425711523
job 75_TGAMMA_12 started 1785425711523 core=0
job 47_TGAMMA_120 end 1785425714543
job 40_COPY_84 started 1785425714544 core=5
job 75_TGAMMA_12 end 1785425718496
job 89_DOT_36 started 1785425718496 core=0
job 53_SUM_84 end 1785425732223
job 45_SUM_132 started 1785425732224 core=4
job 60_POW_12 end 1785425752759
job 77_SQRTX_12 started 1785425752759 core=1
job 89_DOT_36 end 1785425759057
job 38_TGAMMA_60 started 1785425759057 core=0
job 77_SQRTX_12 end 1785425776134
job 90_XPY_60 started 1785425776134 core=1
job 38_TGAMMA_60 end 1785425793878
job 65_POW_36 started 1785425793878 core=0
job 45_SUM_132 end 1785425801260
job 83_DOT_36 started 1785425801261 core=4
job 83_DOT_36 end 1785425839988
job 92_TGAMMA_120 started 1785425839988 core=4
job 40_COPY_84 end 1785425866653
job 95_SUM_84 started 1785425866653 core=5
job 90_XPY_60 end 1785425876426
job 42_TGAMMA_120 started 1785425876427 core=1
job 65_POW_36 end 1785425886200
job 58_DOT_36 started 1785425886200 core=0
job 95_SUM_84 end 1785425906203
job 93_ERF_12 started 1785425906203 core=5
job 92_TGAMMA_120 end 1785425909126
job 52_SUM_132 started 1785425909126 core=4
job 58_DOT_36 end 1785425919281
job 97_XPY_60 started 1785425919281 core=0
job 93_ERF_12 end 1785425923022
job 59_POW_36 started 1785425923022 core=5
job 42_TGAMMA_120 end 1785425945733
job 66_TGAMMA_120 started 1785425945733 core=1
job 97_XPY_60 end 1785425991686
job 68_COPY_84 started 1785425991687 core=0
job 59_POW_36 end 1785426003499
job 72_POW_12 started 1785426003499 core=5
job 52_SUM_132 end 1785426007255
job 73_SUM_84 started 1785426007255 core=4
job 66_TGAMMA_120 end 1785426014571
job 63_SUM_84 started 1785426014571 core=1
job 72_POW_12 end 1785426035122
job 85_TGAMMA_12 started 1785426035122 core=5
job 85_TGAMMA_12 end 1785426042150
job 98_TGAMMA_120 started 1785426042150 core=5
job 63_SUM_84 end 1785426057252
job 71_XPY_60 started 1785426057252 core=1
job 73_SUM_84 end 1785426081756
job 91_POW_24 started 1785426081756 core=4
job 98_TGAMMA_120 end 1785426113054
job 86_TGAMMA_120 started 1785426113054 core=5
job 68_COPY_84 end 1785426113501
job 74_COPY_84 started 1785426113501 core=0
job 71_XPY_60 end 1785426125321
job 76_TGAMMA_120 started 1785426125321 core=1
job 91_POW_24 end 1785426154728
job 94_TGAMMA_12 started 1785426154728 core=4
job 94_TGAMMA_12 end 1785426161685
job 79_SUM_84 started 1785426161685 core=4
job 86_TGAMMA_120 end 1785426182000
job 80_SUM_132 started 1785426182000 core=5
job 74_COPY_84 end 1785426189136
job 99_TGAMMA_12 started 1785426189136 core=0
job 76_TGAMMA_120 end 1785426193871
job 99_TGAMMA_12 end 1785426196205
job 79_SUM_84 end 1785426205040
job 80_SUM_132 end 1785426223129
  итерация 2: 1588048 ms
  среднее по 3 итерациям: 1597707 ms
=== Выполняется проект: no_po_balanced_3.txt (100 работ, базовый прогон oneTBB) ===
job 0_XPY_60 started 1785426223129 core=4
job 6_TGAMMA_120 started 1785426223129 core=0
job 8_POW_36 started 1785426223130 core=1
job 1_COPY_60 started 1785426223130 core=5
job 0_XPY_60 end 1785426290074
job 12_TGAMMA_12 started 1785426290075 core=4
job 6_TGAMMA_120 end 1785426294030
job 19_SUM_84 started 1785426294030 core=0
job 12_TGAMMA_12 end 1785426296972
job 2_POW_12 started 1785426296972 core=4
job 1_COPY_60 end 1785426306559
job 5_XPY_48 started 1785426306559 core=5
job 2_POW_12 end 1785426329816
job 18_TGAMMA_120 started 1785426329817 core=4
job 19_SUM_84 end 1785426339392
job 15_SUM_132 started 1785426339393 core=0
job 8_POW_36 end 1785426356114
job 22_TGAMMA_60 started 1785426356115 core=1
job 5_XPY_48 end 1785426373332
job 9_POW_36 started 1785426373332 core=5
job 22_TGAMMA_60 end 1785426391299
job 25_SUM_84 started 1785426391300 core=1
job 15_SUM_132 end 1785426391610
job 10_POW_36 started 1785426391610 core=0
job 18_TGAMMA_120 end 1785426399338
job 39_TGAMMA_60 started 1785426399338 core=4
job 39_TGAMMA_60 end 1785426433871
job 33_TGAMMA_120 started 1785426433871 core=4
job 25_SUM_84 end 1785426434384
job 31_POW_24 started 1785426434384 core=1
job 9_POW_36 end 1785426458953
job 7_ERF_12 started 1785426458953 core=5
job 10_POW_36 end 1785426471879
job 23_POW_24 started 1785426471879 core=0
job 7_ERF_12 end 1785426476421
job 4_ERF_48 started 1785426476421 core=5
job 31_POW_24 end 1785426489387
job 30_DOT_84 started 1785426489387 core=1
job 33_TGAMMA_120 end 1785426502612
job 68_POW_36 started 1785426502613 core=4
job 23_POW_24 end 1785426531149
job 11_POW_24 started 1785426531149 core=0
job 30_DOT_84 end 1785426574887
job 14_POW_36 started 1785426574888 core=1
job 4_ERF_48 end 1785426583983
job 13_XPY_60 started 1785426583983 core=5
job 11_POW_24 end 1785426596346
job 17_DOT_36 started 1785426596346 core=0
job 68_POW_36 end 1785426602057
job 46_TGAMMA_12 started 1785426602058 core=4
job 46_TGAMMA_12 end 1785426609160
job 16_SUM_132 started 1785426609160 core=4
job 17_DOT_36 end 1785426634282
job 3_SUM_84 started 1785426634282 core=0
job 13_XPY_60 end 1785426678412
job 24_COPY_84 started 1785426678412 core=5
job 3_SUM_84 end 1785426689683
job 26_XPY_48 started 1785426689683 core=0
job 16_SUM_132 end 1785426704125
job 20_XPY_48 started 1785426704125 core=4
job 14_POW_36 end 1785426718784
job 21_POW_24 started 1785426718785 core=1
job 26_XPY_48 end 1785426778923
job 41_TGAMMA_120 started 1785426778923 core=0
job 20_XPY_48 end 1785426786280
job 49_SUM_84 started 1785426786280 core=4
job 24_COPY_84 end 1785426802369
job 28_XPY_60 started 1785426802370 core=5
job 21_POW_24 end 1785426804092
job 56_XPY_48 started 1785426804092 core=1
job 49_SUM_84 end 1785426821180
job 32_COPY_84 started 1785426821180 core=4
job 41_TGAMMA_120 end 1785426849162
job 38_COPY_60 started 1785426849162 core=0
job 56_XPY_48 end 1785426893753
job 45_XPY_48 started 1785426893753 core=1
job 28_XPY_60 end 1785426912503
job 47_POW_36 started 1785426912506 core=5
job 32_COPY_84 end 1785426957539
job 53_SUM_84 started 1785426957540 core=4
job 38_COPY_60 end 1785426960351
job 77_COPY_84 started 1785426960352 core=0
job 45_XPY_48 end 1785426964778
job 58_TGAMMA_120 started 1785426964779 core=1
job 47_POW_36 end 1785427014929
job 40_COPY_60 started 1785427014929 core=5
job 53_SUM_84 end 1785427021983
job 42_SUM_132 started 1785427021984 core=4
job 58_TGAMMA_120 end 1785427034108
job 43_COPY_84 started 1785427034108 core=1
job 77_COPY_84 end 1785427071088
job 51_SUM_84 started 1785427071088 core=0
job 42_SUM_132 end 1785427121809
job 85_SQRTX_48 started 1785427121809 core=4
job 40_COPY_60 end 1785427124237
job 99_COPY_84 started 1785427124237 core=5
job 51_SUM_84 end 1785427125471
job 29_TGAMMA_120 started 1785427125472 core=0
job 85_SQRTX_48 end 1785427164902
job 65_TGAMMA_60 started 1785427164902 core=4
job 43_COPY_84 end 1785427182522
job 34_ERF_48 started 1785427182522 core=1
job 29_TGAMMA_120 end 1785427194214
job 27_POW_12 started 1785427194214 core=0
job 65_TGAMMA_60 end 1785427199093
job 37_ERF_48 started 1785427199094 core=4
job 27_POW_12 end 1785427224779
job 59_DOT_36 started 1785427224779 core=0
job 99_COPY_84 end 1785427233887
job 52_DOT_84 started 1785427233887 core=5
job 59_DOT_36 end 1785427264393
job 50_POW_36 started 1785427264394 core=0
job 34_ERF_48 end 1785427300055
job 35_POW_24 started 1785427300056 core=1
job 37_ERF_48 end 1785427302955
job 36_TGAMMA_60 started 1785427302955 core=4
job 52_DOT_84 end 1785427323534
job 48_XPY_48 started 1785427323534 core=5
job 36_TGAMMA_60 end 1785427337453
job 64_SUM_84 started 1785427337453 core=4
job 50_POW_36 end 1785427357153
job 81_ERF_12 started 1785427357153 core=0
job 81_ERF_12 end 1785427381870
job 44_TGAMMA_60 started 1785427381871 core=0
job 35_POW_24 end 1785427382250
job 72_XPY_48 started 1785427382250 core=1
job 64_SUM_84 end 1785427385998
job 57_SUM_108 started 1785427385998 core=4
job 48_XPY_48 end 1785427395190
job 78_SQRTX_48 started 1785427395191 core=5
job 44_TGAMMA_60 end 1785427416704
job 54_TGAMMA_12 started 1785427416704 core=0
job 54_TGAMMA_12 end 1785427423707
job 63_SQRTX_48 started 1785427423707 core=0
job 57_SUM_108 end 1785427433066
job 95_TGAMMA_12 started 1785427433066 core=4
job 95_TGAMMA_12 end 1785427439994
job 60_SQRTX_12 started 1785427439994 core=4
job 72_XPY_48 end 1785427454082
job 61_POW_24 started 1785427454082 core=1
job 60_SQRTX_12 end 1785427456904
job 55_XPY_60 started 1785427456904 core=4
job 78_SQRTX_48 end 1785427480914
job 66_POW_24 started 1785427480914 core=5
job 63_SQRTX_48 end 1785427499313
job 83_SUM_108 started 1785427499313 core=0
job 61_POW_24 end 1785427515654
job 96_TGAMMA_12 started 1785427515655 core=1
job 96_TGAMMA_12 end 1785427522551
job 76_TGAMMA_60 started 1785427522551 core=1
job 55_XPY_60 end 1785427536534
job 71_TGAMMA_120 started 1785427536535 core=4
job 66_POW_24 end 1785427539186
job 80_TGAMMA_60 started 1785427539186 core=5
job 83_SUM_108 end 1785427555361
job 69_XPY_48 started 1785427555361 core=0
job 76_TGAMMA_60 end 1785427556797
job 62_DOT_84 started 1785427556797 core=1
job 80_TGAMMA_60 end 1785427573638
job 67_XPY_48 started 1785427573638 core=5
job 71_TGAMMA_120 end 1785427607303
job 90_POW_12 started 1785427607303 core=4
job 69_XPY_48 end 1785427612487
job 88_POW_12 started 1785427612487 core=0
job 90_POW_12 end 1785427641543
job 70_TGAMMA_120 started 1785427641543 core=4
job 88_POW_12 end 1785427644460
job 82_SUM_132 started 1785427644461 core=0
job 67_XPY_48 end 1785427649187
job 73_SUM_132 started 1785427649187 core=5
job 62_DOT_84 end 1785427668086
job 74_SUM_84 started 1785427668086 core=1
job 82_SUM_132 end 1785427706157
job 75_TGAMMA_12 started 1785427706157 core=0
job 70_TGAMMA_120 end 1785427711624
job 93_ERF_12 started 1785427711624 core=4
job 75_TGAMMA_12 end 1785427713022
job 79_SUM_132 started 1785427713022 core=0
job 74_SUM_84 end 1785427724913
job 84_DOT_84 started 1785427724913 core=1
job 93_ERF_12 end 1785427737772
job 86_DOT_36 started 1785427737772 core=4
job 73_SUM_132 end 1785427748002
job 91_TGAMMA_120 started 1785427748002 core=5
job 86_DOT_36 end 1785427783159
job 87_SUM_132 started 1785427783159 core=4
job 84_DOT_84 end 1785427808610
job 94_POW_24 started 1785427808610 core=1
job 79_SUM_132 end 1785427816247
job 89_TGAMMA_12 started 1785427816247 core=0
job 91_TGAMMA_120 end 1785427818432
job 97_POW_12 started 1785427818432 core=5
job 89_TGAMMA_12 end 1785427823245
job 98_POW_36 started 1785427823245 core=0
job 97_POW_12 end 1785427851837
job 92_TGAMMA_12 started 1785427851838 core=5
job 92_TGAMMA_12 end 1785427858730
job 87_SUM_132 end 1785427861792
job 94_POW_24 end 1785427868629
job 98_POW_36 end 1785427905369
  итерация 0: 1682239 ms
job 0_XPY_60 started 1785427905369 core=1
job 23_POW_24 started 1785427905369 core=4
job 14_POW_36 started 1785427905369 core=0
job 39_TGAMMA_60 started 1785427905369 core=5
job 39_TGAMMA_60 end 1785427940883
job 8_POW_36 started 1785427940883 core=5
job 23_POW_24 end 1785427966704
job 48_XPY_48 started 1785427966705 core=4
job 0_XPY_60 end 1785427979872
job 2_POW_12 started 1785427979872 core=1
job 2_POW_12 end 1785428010779
job 4_ERF_48 started 1785428010779 core=1
job 14_POW_36 end 1785428013990
job 1_COPY_60 started 1785428013991 core=0
job 48_XPY_48 end 1785428037273
job 17_DOT_36 started 1785428037274 core=4
job 8_POW_36 end 1785428048047
job 22_TGAMMA_60 started 1785428048047 core=5
job 22_TGAMMA_60 end 1785428082576
job 5_XPY_48 started 1785428082576 core=5
job 17_DOT_36 end 1785428088855
job 11_POW_24 started 1785428088855 core=4
job 4_ERF_48 end 1785428088965
job 7_ERF_12 started 1785428088965 core=1
job 1_COPY_60 end 1785428110032
job 9_POW_36 started 1785428110032 core=0
job 7_ERF_12 end 1785428124766
job 47_POW_36 started 1785428124766 core=1
job 5_XPY_48 end 1785428148824
job 12_TGAMMA_12 started 1785428148824 core=5
job 11_POW_24 end 1785428155144
job 19_SUM_84 started 1785428155145 core=4
job 12_TGAMMA_12 end 1785428155687
job 3_SUM_84 started 1785428155687 core=5
job 9_POW_36 end 1785428209565
job 6_TGAMMA_120 started 1785428209565 core=0
job 19_SUM_84 end 1785428209848
job 21_POW_24 started 1785428209849 core=4
job 3_SUM_84 end 1785428210489
job 16_SUM_132 started 1785428210489 core=5
job 47_POW_36 end 1785428232065
job 52_DOT_84 started 1785428232065 core=1
job 21_POW_24 end 1785428265026
job 18_TGAMMA_120 started 1785428265026 core=4
job 6_TGAMMA_120 end 1785428278889
job 20_XPY_48 started 1785428278889 core=0
job 16_SUM_132 end 1785428293330
job 10_POW_36 started 1785428293330 core=5
job 52_DOT_84 end 1785428316292
job 27_POW_12 started 1785428316292 core=1
job 18_TGAMMA_120 end 1785428336358
job 30_DOT_84 started 1785428336359 core=4
job 20_XPY_48 end 1785428338324
job 35_POW_24 started 1785428338324 core=0
job 27_POW_12 end 1785428347431
job 13_XPY_60 started 1785428347431 core=1
job 35_POW_24 end 1785428414651
job 56_XPY_48 started 1785428414651 core=0
job 10_POW_36 end 1785428418495
job 58_TGAMMA_120 started 1785428418495 core=5
job 30_DOT_84 end 1785428433817
job 80_TGAMMA_60 started 1785428433818 core=4
job 13_XPY_60 end 1785428435501
job 24_COPY_84 started 1785428435501 core=1
job 80_TGAMMA_60 end 1785428469230
job 55_XPY_60 started 1785428469231 core=4
job 56_XPY_48 end 1785428475435
job 57_SUM_108 started 1785428475435 core=0
job 58_TGAMMA_120 end 1785428489279
job 67_XPY_48 started 1785428489280 core=5
job 55_XPY_60 end 1785428558011
job 29_TGAMMA_120 started 1785428558012 core=4
job 24_COPY_84 end 1785428562933
job 26_XPY_48 started 1785428562934 core=1
job 57_SUM_108 end 1785428564277
job 44_TGAMMA_60 started 1785428564278 core=0
job 67_XPY_48 end 1785428572753
job 61_POW_24 started 1785428572753 core=5
job 44_TGAMMA_60 end 1785428598468
job 15_SUM_132 started 1785428598468 core=0
job 26_XPY_48 end 1785428608732
job 25_SUM_84 started 1785428608733 core=1
job 29_TGAMMA_120 end 1785428627135
job 33_TGAMMA_120 started 1785428627136 core=4
job 61_POW_24 end 1785428644905
job 38_COPY_60 started 1785428644905 core=5
job 15_SUM_132 end 1785428656905
job 59_DOT_36 started 1785428656905 core=0
job 25_SUM_84 end 1785428671880
job 36_TGAMMA_60 started 1785428671880 core=1
job 59_DOT_36 end 1785428686401
job 32_COPY_84 started 1785428686401 core=0
job 33_TGAMMA_120 end 1785428697113
job 70_TGAMMA_120 started 1785428697113 core=4
job 36_TGAMMA_60 end 1785428707275
job 83_SUM_108 started 1785428707278 core=1
job 38_COPY_60 end 1785428724818
job 98_POW_36 started 1785428724819 core=5
job 70_TGAMMA_120 end 1785428768278
job 37_ERF_48 started 1785428768278 core=4
job 83_SUM_108 end 1785428777090
job 71_TGAMMA_120 started 1785428777090 core=1
job 32_COPY_84 end 1785428787979
job 28_XPY_60 started 1785428787979 core=0
job 98_POW_36 end 1785428813421
job 43_COPY_84 started 1785428813421 core=5
job 71_TGAMMA_120 end 1785428846482
job 62_DOT_84 started 1785428846482 core=1
job 28_XPY_60 end 1785428862002
job 45_XPY_48 started 1785428862003 core=0
job 37_ERF_48 end 1785428904065
job 31_POW_24 started 1785428904065 core=4
job 45_XPY_48 end 1785428932182
job 94_POW_24 started 1785428932182 core=0
job 43_COPY_84 end 1785428933468
job 34_ERF_48 started 1785428933468 core=5
job 62_DOT_84 end 1785428962151
job 40_COPY_60 started 1785428962151 core=1
job 31_POW_24 end 1785428978518
job 46_TGAMMA_12 started 1785428978518 core=4
job 46_TGAMMA_12 end 1785428985387
job 95_TGAMMA_12 started 1785428985387 core=4
job 95_TGAMMA_12 end 1785428992248
job 72_XPY_48 started 1785428992248 core=4
job 94_POW_24 end 1785428994062
job 73_SUM_132 started 1785428994062 core=0
job 40_COPY_60 end 1785429045999
job 50_POW_36 started 1785429045999 core=1
job 34_ERF_48 end 1785429056361
job 69_XPY_48 started 1785429056362 core=5
job 72_XPY_48 end 1785429061879
job 64_SUM_84 started 1785429061879 core=4
job 73_SUM_132 end 1785429098629
job 81_ERF_12 started 1785429098629 core=0
job 64_SUM_84 end 1785429115595
job 41_TGAMMA_120 started 1785429115595 core=4
job 81_ERF_12 end 1785429120503
job 42_SUM_132 started 1785429120504 core=0
job 69_XPY_48 end 1785429129116
job 82_SUM_132 started 1785429129116 core=5
job 50_POW_36 end 1785429174725
job 49_SUM_84 started 1785429174725 core=1
job 42_SUM_132 end 1785429179502
job 79_SUM_132 started 1785429179502 core=0
job 41_TGAMMA_120 end 1785429185602
job 86_DOT_36 started 1785429185602 core=4
job 82_SUM_132 end 1785429220158
job 93_ERF_12 started 1785429220159 core=5
job 86_DOT_36 end 1785429230970
job 51_SUM_84 started 1785429230970 core=4
job 49_SUM_84 end 1785429236552
job 75_TGAMMA_12 started 1785429236553 core=1
job 93_ERF_12 end 1785429243282
job 53_SUM_84 started 1785429243282 core=5
job 75_TGAMMA_12 end 1785429243514
job 85_SQRTX_48 started 1785429243514 core=1
job 79_SUM_132 end 1785429277588
job 54_TGAMMA_12 started 1785429277588 core=0
job 51_SUM_84 end 1785429283611
job 78_SQRTX_48 started 1785429283611 core=4
job 54_TGAMMA_12 end 1785429284620
job 84_DOT_84 started 1785429284620 core=0
job 53_SUM_84 end 1785429301221
job 60_SQRTX_12 started 1785429301222 core=5
job 85_SQRTX_48 end 1785429310870
job 96_TGAMMA_12 started 1785429310870 core=1
job 60_SQRTX_12 end 1785429315138
job 88_POW_12 started 1785429315139 core=5
job 96_TGAMMA_12 end 1785429317773
job 63_SQRTX_48 started 1785429317773 core=1
job 88_POW_12 end 1785429346256
job 87_SUM_132 started 1785429346256 core=5
job 78_SQRTX_48 end 1785429364977
job 92_TGAMMA_12 started 1785429364977 core=4
job 84_DOT_84 end 1785429366472
job 65_TGAMMA_60 started 1785429366472 core=0
job 92_TGAMMA_12 end 1785429371851
job 66_POW_24 started 1785429371851 core=4
job 63_SQRTX_48 end 1785429382237
job 90_POW_12 started 1785429382238 core=1
job 65_TGAMMA_60 end 1785429400913
job 91_TGAMMA_120 started 1785429400913 core=0
job 90_POW_12 end 1785429412280
job 68_POW_36 started 1785429412281 core=1
job 87_SUM_132 end 1785429414272
job 74_SUM_84 started 1785429414272 core=5
job 66_POW_24 end 1785429425957
job 76_TGAMMA_60 started 1785429425957 core=4
job 74_SUM_84 end 1785429449150
job 77_COPY_84 started 1785429449150 core=5
job 76_TGAMMA_60 end 1785429460089
job 89_TGAMMA_12 started 1785429460089 core=4
job 89_TGAMMA_12 end 1785429466899
job 97_POW_12 started 1785429466899 core=4
job 91_TGAMMA_120 end 1785429469537
job 99_COPY_84 started 1785429469537 core=0
job 97_POW_12 end 1785429507264
job 68_POW_36 end 1785429513976
job 77_COPY_84 end 1785429539590
job 99_COPY_84 end 1785429550263
  итерация 1: 1644894 ms
job 9_POW_36 started 1785429550263 core=5
job 23_POW_24 started 1785429550264 core=1
job 1_COPY_60 started 1785429550263 core=0
job 27_POW_12 started 1785429550264 core=4
job 27_POW_12 end 1785429592936
job 3_SUM_84 started 1785429592936 core=4
job 23_POW_24 end 1785429612596
job 4_ERF_48 started 1785429612596 core=1
job 1_COPY_60 end 1785429636975
job 5_XPY_48 started 1785429636975 core=0
job 9_POW_36 end 1785429645473
job 7_ERF_12 started 1785429645474 core=5
job 3_SUM_84 end 1785429668907
job 2_POW_12 started 1785429668908 core=4
job 7_ERF_12 end 1785429669008
job 10_POW_36 started 1785429669008 core=5
job 5_XPY_48 end 1785429703968
job 0_XPY_60 started 1785429703968 core=0
job 4_ERF_48 end 1785429704196
job 19_SUM_84 started 1785429704196 core=1
job 2_POW_12 end 1785429716052
job 6_TGAMMA_120 started 1785429716052 core=4
job 19_SUM_84 end 1785429754219
job 15_SUM_132 started 1785429754219 core=1
job 10_POW_36 end 1785429766149
job 24_COPY_84 started 1785429766149 core=5
job 0_XPY_60 end 1785429780233
job 43_COPY_84 started 1785429780233 core=0
job 6_TGAMMA_120 end 1785429787866
job 8_POW_36 started 1785429787866 core=4
job 15_SUM_132 end 1785429868372
job 17_DOT_36 started 1785429868372 core=1
job 24_COPY_84 end 1785429889280
job 21_POW_24 started 1785429889280 core=5
job 43_COPY_84 end 1785429907341
job 12_TGAMMA_12 started 1785429907341 core=0
job 17_DOT_36 end 1785429912946
job 16_SUM_132 started 1785429912946 core=1
job 12_TGAMMA_12 end 1785429914241
job 41_TGAMMA_120 started 1785429914241 core=0
job 8_POW_36 end 1785429915764
job 18_TGAMMA_120 started 1785429915765 core=4
job 21_POW_24 end 1785429951109
job 30_DOT_84 started 1785429951110 core=5
job 16_SUM_132 end 1785429969249
job 11_POW_24 started 1785429969249 core=1
job 41_TGAMMA_120 end 1785429982768
job 25_SUM_84 started 1785429982769 core=0
job 18_TGAMMA_120 end 1785429984181
job 13_XPY_60 started 1785429984181 core=4
job 30_DOT_84 end 1785430030196
job 22_TGAMMA_60 started 1785430030197 core=5
job 11_POW_24 end 1785430039570
job 33_TGAMMA_120 started 1785430039570 core=1
job 25_SUM_84 end 1785430054555
job 26_XPY_48 started 1785430054555 core=0
job 13_XPY_60 end 1785430061198
job 38_COPY_60 started 1785430061198 core=4
job 22_TGAMMA_60 end 1785430064540
job 45_XPY_48 started 1785430064540 core=5
job 33_TGAMMA_120 end 1785430109357
job 47_POW_36 started 1785430109357 core=1
job 45_XPY_48 end 1785430119547
job 65_TGAMMA_60 started 1785430119547 core=5
job 26_XPY_48 end 1785430129811
job 31_POW_24 started 1785430129811 core=0
job 65_TGAMMA_60 end 1785430153934
job 14_POW_36 started 1785430153934 core=5
job 38_COPY_60 end 1785430154498
job 80_TGAMMA_60 started 1785430154498 core=4
job 80_TGAMMA_60 end 1785430188750
job 20_XPY_48 started 1785430188750 core=4
job 31_POW_24 end 1785430190355
job 42_SUM_132 started 1785430190355 core=0
job 47_POW_36 end 1785430194256
job 32_COPY_84 started 1785430194256 core=1
job 20_XPY_48 end 1785430259194
job 44_TGAMMA_60 started 1785430259194 core=4
job 14_POW_36 end 1785430261370
job 72_XPY_48 started 1785430261371 core=5
job 42_SUM_132 end 1785430282019
job 64_SUM_84 started 1785430282019 core=0
job 44_TGAMMA_60 end 1785430294005
job 29_TGAMMA_120 started 1785430294006 core=4
job 64_SUM_84 end 1785430316931
job 96_TGAMMA_12 started 1785430316931 core=0
job 96_TGAMMA_12 end 1785430323753
job 34_ERF_48 started 1785430323753 core=0
job 32_COPY_84 end 1785430336752
job 82_SUM_132 started 1785430336752 core=1
job 72_XPY_48 end 1785430341740
job 36_TGAMMA_60 started 1785430341740 core=5
job 29_TGAMMA_120 end 1785430363037
job 28_XPY_60 started 1785430363037 core=4
job 36_TGAMMA_60 end 1785430376529
job 54_TGAMMA_12 started 1785430376529 core=5
job 54_TGAMMA_12 end 1785430383536
job 48_XPY_48 started 1785430383536 core=5
job 82_SUM_132 end 1785430402775
job 37_ERF_48 started 1785430402775 core=1
job 34_ERF_48 end 1785430417743
job 98_POW_36 started 1785430417744 core=0
job 28_XPY_60 end 1785430446572
job 49_SUM_84 started 1785430446572 core=4
job 48_XPY_48 end 1785430450072
job 46_TGAMMA_12 started 1785430450072 core=5
job 46_TGAMMA_12 end 1785430457015
job 69_XPY_48 started 1785430457016 core=5
job 49_SUM_84 end 1785430496064
job 50_POW_36 started 1785430496064 core=4
job 98_POW_36 end 1785430522240
job 60_SQRTX_12 started 1785430522240 core=0
job 69_XPY_48 end 1785430525974
job 99_COPY_84 started 1785430525974 core=5
job 60_SQRTX_12 end 1785430537574
job 55_XPY_60 started 1785430537574 core=0
job 37_ERF_48 end 1785430538883
job 57_SUM_108 started 1785430538883 core=1
job 50_POW_36 end 1785430616788
job 70_TGAMMA_120 started 1785430616788 core=4
job 55_XPY_60 end 1785430622922
job 84_DOT_84 started 1785430622922 core=0
job 57_SUM_108 end 1785430641163
job 85_SQRTX_48 started 1785430641164 core=1
job 99_COPY_84 end 1785430648199
job 35_POW_24 started 1785430648199 core=5
job 70_TGAMMA_120 end 1785430686653
job 39_TGAMMA_60 started 1785430686653 core=4
job 84_DOT_84 end 1785430689937
job 51_SUM_84 started 1785430689937 core=0
job 85_SQRTX_48 end 1785430710078
job 56_XPY_48 started 1785430710078 core=1
job 35_POW_24 end 1785430712720
job 61_POW_24 started 1785430712721 core=5
job 39_TGAMMA_60 end 1785430721408
job 66_POW_24 started 1785430721408 core=4
job 51_SUM_84 end 1785430725616
job 76_TGAMMA_60 started 1785430725617 core=0
job 76_TGAMMA_60 end 1785430760024
job 40_COPY_60 started 1785430760025 core=0
job 56_XPY_48 end 1785430766986
job 77_COPY_84 started 1785430766986 core=1
job 66_POW_24 end 1785430783716
job 62_DOT_84 started 1785430783716 core=4
job 61_POW_24 end 1785430799404
job 88_POW_12 started 1785430799404 core=5
job 88_POW_12 end 1785430844121
job 89_TGAMMA_12 started 1785430844121 core=5
job 89_TGAMMA_12 end 1785430851250
job 59_DOT_36 started 1785430851250 core=5
job 40_COPY_60 end 1785430854670
job 73_SUM_132 started 1785430854670 core=0
job 62_DOT_84 end 1785430899656
job 63_SQRTX_48 started 1785430899656 core=4
job 77_COPY_84 end 1785430902202
job 52_DOT_84 started 1785430902202 core=1
job 59_DOT_36 end 1785430912150
job 78_SQRTX_48 started 1785430912150 core=5
job 73_SUM_132 end 1785430951768
job 74_SUM_84 started 1785430951768 core=0
job 63_SQRTX_48 end 1785430965556
job 81_ERF_12 started 1785430965557 core=4
job 81_ERF_12 end 1785430990713
job 53_SUM_84 started 1785430990713 core=4
job 52_DOT_84 end 1785430994921
job 90_POW_12 started 1785430994921 core=1
job 78_SQRTX_48 end 1785430995621
job 58_TGAMMA_120 started 1785430995621 core=5
job 74_SUM_84 end 1785431005796
job 87_SUM_132 started 1785431005796 core=0
job 90_POW_12 end 1785431022966
job 79_SUM_132 started 1785431022967 core=1
job 53_SUM_84 end 1785431044914
job 91_TGAMMA_120 started 1785431044914 core=4
job 58_TGAMMA_120 end 1785431065521
job 93_ERF_12 started 1785431065521 core=5
job 87_SUM_132 end 1785431077164
job 67_XPY_48 started 1785431077164 core=0
job 79_SUM_132 end 1785431089923
job 94_POW_24 started 1785431089924 core=1
job 93_ERF_12 end 1785431090361
job 86_DOT_36 started 1785431090361 core=5
job 91_TGAMMA_120 end 1785431116042
job 92_TGAMMA_12 started 1785431116042 core=4
job 92_TGAMMA_12 end 1785431123370
job 95_TGAMMA_12 started 1785431123370 core=4
job 86_DOT_36 end 1785431129254
job 68_POW_36 started 1785431129254 core=5
job 95_TGAMMA_12 end 1785431130658
job 71_TGAMMA_120 started 1785431130658 core=4
job 67_XPY_48 end 1785431136474
job 75_TGAMMA_12 started 1785431136474 core=0
job 75_TGAMMA_12 end 1785431143257
job 83_SUM_108 started 1785431143258 core=0
job 94_POW_24 end 1785431157340
job 97_POW_12 started 1785431157341 core=1
job 83_SUM_108 end 1785431189056
job 97_POW_12 end 1785431189691
job 71_TGAMMA_120 end 1785431200059
job 68_POW_36 end 1785431215082
  итерация 2: 1664818 ms
  среднее по 3 итерациям: 1663984 ms
=== Выполняется проект: no_po_compute-heavy_1.txt (100 работ, базовый прогон oneTBB) ===
job 0_POW_36 started 1785431215083 core=4
job 13_TGAMMA_120 started 1785431215083 core=1
job 6_POW_24 started 1785431215083 core=5
job 18_TGAMMA_12 started 1785431215083 core=0
job 18_TGAMMA_12 end 1785431221918
job 1_POW_12 started 1785431221918 core=0
job 1_POW_12 end 1785431248739
job 4_ERF_48 started 1785431248739 core=0
job 6_POW_24 end 1785431267146
job 10_TGAMMA_60 started 1785431267162 core=5
job 13_TGAMMA_120 end 1785431283453
job 24_TGAMMA_120 started 1785431283454 core=1
job 0_POW_36 end 1785431294370
job 9_POW_36 started 1785431294370 core=4
job 10_TGAMMA_60 end 1785431301180
job 14_TGAMMA_12 started 1785431301180 core=5
job 14_TGAMMA_12 end 1785431307965
job 25_POW_36 started 1785431307965 core=5
job 4_ERF_48 end 1785431309134
job 27_TGAMMA_12 started 1785431309135 core=0
job 27_TGAMMA_12 end 1785431315947
job 3_POW_24 started 1785431315947 core=0
job 24_TGAMMA_120 end 1785431351728
job 15_TGAMMA_120 started 1785431351728 core=1
job 3_POW_24 end 1785431369700
job 7_POW_24 started 1785431369700 core=0
job 9_POW_36 end 1785431373773
job 49_POW_24 started 1785431373773 core=4
job 25_POW_36 end 1785431386373
job 19_ERF_24 started 1785431386373 core=5
job 19_ERF_24 end 1785431416870
job 8_POW_24 started 1785431416871 core=5
job 15_TGAMMA_120 end 1785431420388
job 50_XPY_60 started 1785431420388 core=1
job 7_POW_24 end 1785431426201
job 2_POW_24 started 1785431426201 core=0
job 49_POW_24 end 1785431430821
job 20_SQRTX_12 started 1785431430821 core=4
job 20_SQRTX_12 end 1785431446456
job 11_SUM_108 started 1785431446457 core=4
job 2_POW_24 end 1785431490607
job 5_TGAMMA_12 started 1785431490607 core=0
job 5_TGAMMA_12 end 1785431497624
job 28_ERF_24 started 1785431497624 core=0
job 50_XPY_60 end 1785431507470
job 35_TGAMMA_120 started 1785431507470 core=1
job 11_SUM_108 end 1785431508281
job 21_POW_12 started 1785431508281 core=4
job 8_POW_24 end 1785431509981
job 22_XPY_48 started 1785431509981 core=5
job 21_POW_12 end 1785431539438
job 16_TGAMMA_120 started 1785431539438 core=4
job 28_ERF_24 end 1785431541331
job 38_TGAMMA_60 started 1785431541331 core=0
job 22_XPY_48 end 1785431553623
job 31_TGAMMA_60 started 1785431553623 core=5
job 38_TGAMMA_60 end 1785431575282
job 17_TGAMMA_120 started 1785431575282 core=0
job 35_TGAMMA_120 end 1785431576797
job 12_ERF_48 started 1785431576797 core=1
job 31_TGAMMA_60 end 1785431587399
job 33_POW_12 started 1785431587400 core=5
job 16_TGAMMA_120 end 1785431607429
job 43_POW_24 started 1785431607429 core=4
job 33_POW_12 end 1785431613342
job 69_SUM_108 started 1785431613342 core=5
job 17_TGAMMA_120 end 1785431643714
job 54_TGAMMA_60 started 1785431643715 core=0
job 12_ERF_48 end 1785431645202
job 26_SQRTX_48 started 1785431645202 core=1
job 43_POW_24 end 1785431661104
job 91_POW_36 started 1785431661104 core=4
job 69_SUM_108 end 1785431664873
job 23_TGAMMA_60 started 1785431664873 core=5
job 54_TGAMMA_60 end 1785431678055
job 40_SUM_84 started 1785431678055 core=0
job 26_SQRTX_48 end 1785431692887
job 53_SUM_132 started 1785431692887 core=1
job 23_TGAMMA_60 end 1785431699299
job 65_TGAMMA_120 started 1785431699299 core=5
job 40_SUM_84 end 1785431728842
job 30_POW_36 started 1785431728843 core=0
job 53_SUM_132 end 1785431751124
job 56_TGAMMA_60 started 1785431751124 core=1
job 91_POW_36 end 1785431755177
job 29_TGAMMA_60 started 1785431755177 core=4
job 65_TGAMMA_120 end 1785431768662
job 45_POW_36 started 1785431768662 core=5
job 56_TGAMMA_60 end 1785431785049
job 93_POW_12 started 1785431785050 core=1
job 29_TGAMMA_60 end 1785431789136
job 66_COPY_84 started 1785431789136 core=4
job 93_POW_12 end 1785431815107
job 36_POW_36 started 1785431815107 core=1
job 30_POW_36 end 1785431822955
job 37_TGAMMA_60 started 1785431822955 core=0
job 45_POW_36 end 1785431856066
job 32_SUM_84 started 1785431856066 core=5
job 37_TGAMMA_60 end 1785431858327
job 58_POW_36 started 1785431858328 core=0
job 66_COPY_84 end 1785431906057
job 59_TGAMMA_120 started 1785431906057 core=4
job 32_SUM_84 end 1785431906297
job 42_COPY_84 started 1785431906297 core=5
job 36_POW_36 end 1785431910677
job 68_COPY_84 started 1785431910678 core=1
job 58_POW_36 end 1785431957884
job 60_TGAMMA_12 started 1785431957884 core=0
job 60_TGAMMA_12 end 1785431964720
job 39_DOT_36 started 1785431964720 core=0
job 59_TGAMMA_120 end 1785431974872
job 34_POW_36 started 1785431974872 core=4
job 39_DOT_36 end 1785432000140
job 85_TGAMMA_120 started 1785432000141 core=0
job 42_COPY_84 end 1785432035509
job 75_XPY_60 started 1785432035509 core=5
job 68_COPY_84 end 1785432041902
job 62_XPY_48 started 1785432041902 core=1
job 34_POW_36 end 1785432061281
job 44_POW_36 started 1785432061282 core=4
job 85_TGAMMA_120 end 1785432068941
job 72_XPY_48 started 1785432068941 core=0
job 62_XPY_48 end 1785432124724
job 46_POW_36 started 1785432124725 core=1
job 72_XPY_48 end 1785432134712
job 52_XPY_48 started 1785432134713 core=0
job 75_XPY_60 end 1785432134793
job 61_POW_12 started 1785432134793 core=5
job 61_POW_12 end 1785432165598
job 41_XPY_60 started 1785432165599 core=5
job 44_POW_36 end 1785432195351
job 86_POW_36 started 1785432195351 core=4
job 52_XPY_48 end 1785432201163
job 47_SUM_108 started 1785432201163 core=0
job 41_XPY_60 end 1785432253191
job 87_POW_36 started 1785432253191 core=5
job 46_POW_36 end 1785432253443
job 57_ERF_12 started 1785432253443 core=1
job 47_SUM_108 end 1785432266087
job 88_POW_12 started 1785432266087 core=0
job 57_ERF_12 end 1785432276973
job 99_POW_36 started 1785432276973 core=1
job 86_POW_36 end 1785432293938
job 63_POW_12 started 1785432293938 core=4
job 88_POW_12 end 1785432296999
job 64_SUM_84 started 1785432296999 core=0
job 63_POW_12 end 1785432327369
job 48_TGAMMA_120 started 1785432327369 core=4
job 64_SUM_84 end 1785432341923
job 51_DOT_84 started 1785432341923 core=0
job 87_POW_36 end 1785432351148
job 77_TGAMMA_60 started 1785432351148 core=5
job 99_POW_36 end 1785432370552
job 67_SQRTX_12 started 1785432370552 core=1
job 67_SQRTX_12 end 1785432381415
job 70_COPY_84 started 1785432381415 core=1
job 77_TGAMMA_60 end 1785432385782
job 55_SUM_132 started 1785432385782 core=5
job 48_TGAMMA_120 end 1785432396967
job 96_POW_36 started 1785432396967 core=4
job 51_DOT_84 end 1785432410333
job 83_COPY_60 started 1785432410333 core=0
job 83_COPY_60 end 1785432502214
job 79_TGAMMA_12 started 1785432502214 core=0
job 55_SUM_132 end 1785432504972
job 73_TGAMMA_120 started 1785432504972 core=5
job 70_COPY_84 end 1785432505487
job 89_TGAMMA_120 started 1785432505487 core=1
job 79_TGAMMA_12 end 1785432509063
job 76_TGAMMA_12 started 1785432509063 core=0
job 76_TGAMMA_12 end 1785432515837
job 78_POW_36 started 1785432515837 core=0
job 96_POW_36 end 1785432516512
job 84_POW_36 started 1785432516512 core=4
job 73_TGAMMA_120 end 1785432572920
job 81_TGAMMA_60 started 1785432572921 core=5
job 89_TGAMMA_120 end 1785432573312
job 95_ERF_12 started 1785432573312 core=1
job 95_ERF_12 end 1785432588535
job 80_TGAMMA_60 started 1785432588535 core=1
job 78_POW_36 end 1785432593411
job 71_SUM_132 started 1785432593412 core=0
job 84_POW_36 end 1785432594084
job 82_TGAMMA_60 started 1785432594085 core=4
job 81_TGAMMA_60 end 1785432607112
job 74_POW_12 started 1785432607113 core=5
job 80_TGAMMA_60 end 1785432622756
job 90_POW_24 started 1785432622756 core=1
job 82_TGAMMA_60 end 1785432628604
job 92_COPY_60 started 1785432628604 core=4
job 74_POW_12 end 1785432636402
job 94_POW_12 started 1785432636402 core=5
job 71_SUM_132 end 1785432654216
job 97_SQRTX_48 started 1785432654216 core=0
job 94_POW_12 end 1785432667394
job 98_XPY_48 started 1785432667394 core=5
job 90_POW_24 end 1785432693125
job 92_COPY_60 end 1785432713443
job 98_XPY_48 end 1785432718804
job 97_SQRTX_48 end 1785432725206
  итерация 0: 1510122 ms
job 6_POW_24 started 1785432725206 core=5
job 11_SUM_108 started 1785432725206 core=4
job 3_POW_24 started 1785432725206 core=0
job 17_TGAMMA_120 started 1785432725206 core=1
job 6_POW_24 end 1785432779389
job 1_POW_12 started 1785432779389 core=5
job 11_SUM_108 end 1785432780618
job 9_POW_36 started 1785432780618 core=4
job 3_POW_24 end 1785432785324
job 16_TGAMMA_120 started 1785432785324 core=0
job 17_TGAMMA_120 end 1785432794029
job 18_TGAMMA_12 started 1785432794029 core=1
job 18_TGAMMA_12 end 1785432800827
job 15_TGAMMA_120 started 1785432800827 core=1
job 1_POW_12 end 1785432804842
job 31_TGAMMA_60 started 1785432804842 core=5
job 31_TGAMMA_60 end 1785432838674
job 41_XPY_60 started 1785432838674 core=5
job 16_TGAMMA_120 end 1785432853448
job 28_ERF_24 started 1785432853448 core=0
job 9_POW_36 end 1785432856500
job 33_POW_12 started 1785432856501 core=4
job 15_TGAMMA_120 end 1785432869669
job 2_POW_24 started 1785432869669 core=1
job 33_POW_12 end 1785432888089
job 43_POW_24 started 1785432888089 core=4
job 28_ERF_24 end 1785432897737
job 4_ERF_48 started 1785432897737 core=0
job 41_XPY_60 end 1785432907228
job 47_SUM_108 started 1785432907228 core=5
job 2_POW_24 end 1785432946289
job 0_POW_36 started 1785432946289 core=1
job 43_POW_24 end 1785432954693
job 51_DOT_84 started 1785432954693 core=4
job 47_SUM_108 end 1785432973016
job 7_POW_24 started 1785432973016 core=5
job 4_ERF_48 end 1785433006938
job 5_TGAMMA_12 started 1785433006938 core=0
job 5_TGAMMA_12 end 1785433014067
job 10_TGAMMA_60 started 1785433014067 core=0
job 51_DOT_84 end 1785433036482
job 19_ERF_24 started 1785433036482 core=4
job 7_POW_24 end 1785433039742
job 8_POW_24 started 1785433039742 core=5
job 0_POW_36 end 1785433046212
job 13_TGAMMA_120 started 1785433046212 core=1
job 10_TGAMMA_60 end 1785433048927
job 12_ERF_48 started 1785433048927 core=0
job 19_ERF_24 end 1785433070177
job 38_TGAMMA_60 started 1785433070177 core=4
job 8_POW_24 end 1785433092031
job 21_POW_12 started 1785433092031 core=5
job 38_TGAMMA_60 end 1785433104231
job 23_TGAMMA_60 started 1785433104231 core=4
job 12_ERF_48 end 1785433109668
job 30_POW_36 started 1785433109668 core=0
job 13_TGAMMA_120 end 1785433114485
job 14_TGAMMA_12 started 1785433114486 core=1
job 21_POW_12 end 1785433117360
job 22_XPY_48 started 1785433117360 core=5
job 14_TGAMMA_12 end 1785433121392
job 35_TGAMMA_120 started 1785433121392 core=1
job 23_TGAMMA_60 end 1785433138441
job 32_SUM_84 started 1785433138442 core=4
job 22_XPY_48 end 1785433167714
job 36_POW_36 started 1785433167714 core=5
job 32_SUM_84 end 1785433185400
job 45_POW_36 started 1785433185400 core=4
job 35_TGAMMA_120 end 1785433191798
job 37_TGAMMA_60 started 1785433191799 core=1
job 30_POW_36 end 1785433196363
job 52_XPY_48 started 1785433196364 core=0
job 37_TGAMMA_60 end 1785433226118
job 60_TGAMMA_12 started 1785433226118 core=1
job 60_TGAMMA_12 end 1785433232986
job 54_TGAMMA_60 started 1785433232986 core=1
job 36_POW_36 end 1785433247328
job 63_POW_12 started 1785433247328 core=5
job 52_XPY_48 end 1785433247419
job 77_TGAMMA_60 started 1785433247419 core=0
job 54_TGAMMA_60 end 1785433267119
job 20_SQRTX_12 started 1785433267119 core=1
job 63_POW_12 end 1785433272726
job 79_TGAMMA_12 started 1785433272726 core=5
job 20_SQRTX_12 end 1785433277756
job 42_COPY_84 started 1785433277756 core=1
job 79_TGAMMA_12 end 1785433279550
job 84_POW_36 started 1785433279550 core=5
job 45_POW_36 end 1785433281241
job 81_TGAMMA_60 started 1785433281242 core=4
job 77_TGAMMA_60 end 1785433281467
job 86_POW_36 started 1785433281468 core=0
job 81_TGAMMA_60 end 1785433315554
job 83_COPY_60 started 1785433315554 core=4
job 42_COPY_84 end 1785433386445
job 25_POW_36 started 1785433386445 core=1
job 86_POW_36 end 1785433387799
job 24_TGAMMA_120 started 1785433387799 core=0
job 84_POW_36 end 1785433397557
job 26_SQRTX_48 started 1785433397558 core=5
job 83_COPY_60 end 1785433398971
job 27_TGAMMA_12 started 1785433398971 core=4
job 27_TGAMMA_12 end 1785433405758
job 49_POW_24 started 1785433405758 core=4
job 26_SQRTX_48 end 1785433443840
job 56_TGAMMA_60 started 1785433443840 core=5
job 24_TGAMMA_120 end 1785433456603
job 64_SUM_84 started 1785433456603 core=0
job 49_POW_24 end 1785433457063
job 29_TGAMMA_60 started 1785433457063 core=4
job 25_POW_36 end 1785433466916
job 59_TGAMMA_120 started 1785433466916 core=1
job 56_TGAMMA_60 end 1785433477989
job 48_TGAMMA_120 started 1785433477989 core=5
job 64_SUM_84 end 1785433482900
job 53_SUM_132 started 1785433482900 core=0
job 29_TGAMMA_60 end 1785433491414
job 62_XPY_48 started 1785433491414 core=4
job 62_XPY_48 end 1785433534227
job 46_POW_36 started 1785433534227 core=4
job 59_TGAMMA_120 end 1785433535241
job 50_XPY_60 started 1785433535241 core=1
job 48_TGAMMA_120 end 1785433546891
job 66_COPY_84 started 1785433546891 core=5
job 53_SUM_132 end 1785433550263
job 68_COPY_84 started 1785433550264 core=0
job 50_XPY_60 end 1785433635801
job 82_TGAMMA_60 started 1785433635801 core=1
job 46_POW_36 end 1785433653474
job 90_POW_24 started 1785433653474 core=4
job 68_COPY_84 end 1785433670687
job 58_POW_36 started 1785433670687 core=0
job 82_TGAMMA_60 end 1785433671075
job 88_POW_12 started 1785433671075 core=1
job 66_COPY_84 end 1785433682851
job 65_TGAMMA_120 started 1785433682852 core=5
job 88_POW_12 end 1785433701866
job 34_POW_36 started 1785433701866 core=1
job 90_POW_24 end 1785433714870
job 89_TGAMMA_120 started 1785433714871 core=4
job 58_POW_36 end 1785433750408
job 91_POW_36 started 1785433750408 core=0
job 65_TGAMMA_120 end 1785433751216
job 93_POW_12 started 1785433751216 core=5
job 93_POW_12 end 1785433778062
job 39_DOT_36 started 1785433778062 core=5
job 34_POW_36 end 1785433779897
job 69_SUM_108 started 1785433779897 core=1
job 89_TGAMMA_120 end 1785433783113
job 40_SUM_84 started 1785433783113 core=4
job 39_DOT_36 end 1785433820580
job 78_POW_36 started 1785433820581 core=5
job 40_SUM_84 end 1785433840561
job 99_POW_36 started 1785433840561 core=4
job 91_POW_36 end 1785433848211
job 94_POW_12 started 1785433848211 core=0
job 69_SUM_108 end 1785433858496
job 55_SUM_132 started 1785433858496 core=1
job 94_POW_12 end 1785433881710
job 44_POW_36 started 1785433881710 core=0
job 78_POW_36 end 1785433922720
job 67_SQRTX_12 started 1785433922720 core=5
job 67_SQRTX_12 end 1785433938645
job 70_COPY_84 started 1785433938645 core=5
job 55_SUM_132 end 1785433938762
job 72_XPY_48 started 1785433938762 core=1
job 99_POW_36 end 1785433940230
job 80_TGAMMA_60 started 1785433940230 core=4
job 44_POW_36 end 1785433972497
job 85_TGAMMA_120 started 1785433972497 core=0
job 80_TGAMMA_60 end 1785433974529
job 74_POW_12 started 1785433974529 core=4
job 74_POW_12 end 1785434000786
job 95_ERF_12 started 1785434000786 core=4
job 72_XPY_48 end 1785434005700
job 97_SQRTX_48 started 1785434005700 core=1
job 95_ERF_12 end 1785434015776
job 57_ERF_12 started 1785434015777 core=4
job 57_ERF_12 end 1785434030675
job 87_POW_36 started 1785434030675 core=4
job 85_TGAMMA_120 end 1785434041247
job 96_POW_36 started 1785434041248 core=0
job 70_COPY_84 end 1785434055777
job 61_POW_12 started 1785434055777 core=5
job 97_SQRTX_48 end 1785434078313
job 71_SUM_132 started 1785434078314 core=1
job 61_POW_12 end 1785434086929
job 98_XPY_48 started 1785434086929 core=5
job 87_POW_36 end 1785434121757
job 73_TGAMMA_120 started 1785434121758 core=4
job 96_POW_36 end 1785434132846
job 75_XPY_60 started 1785434132846 core=0
job 98_XPY_48 end 1785434153068
job 76_TGAMMA_12 started 1785434153068 core=5
job 76_TGAMMA_12 end 1785434160084
job 92_COPY_60 started 1785434160084 core=5
job 71_SUM_132 end 1785434184709
job 73_TGAMMA_120 end 1785434192538
job 75_XPY_60 end 1785434200444
job 92_COPY_60 end 1785434212338
  итерация 1: 1487132 ms
job 0_POW_36 started 1785434212338 core=5
job 4_ERF_48 started 1785434212338 core=0
job 9_POW_36 started 1785434212339 core=4
job 10_TGAMMA_60 started 1785434212339 core=1
job 10_TGAMMA_60 end 1785434246656
job 16_TGAMMA_120 started 1785434246656 core=1
job 4_ERF_48 end 1785434282767
job 12_ERF_48 started 1785434282782 core=0
job 0_POW_36 end 1785434290970
job 20_SQRTX_12 started 1785434290970 core=5
job 9_POW_36 end 1785434296852
job 26_SQRTX_48 started 1785434296852 core=4
job 20_SQRTX_12 end 1785434301734
job 14_TGAMMA_12 started 1785434301734 core=5
job 14_TGAMMA_12 end 1785434308537
job 2_POW_24 started 1785434308537 core=5
job 16_TGAMMA_120 end 1785434315277
job 21_POW_12 started 1785434315277 core=1
job 21_POW_12 end 1785434344900
job 11_SUM_108 started 1785434344900 core=1
job 26_SQRTX_48 end 1785434357726
job 49_POW_24 started 1785434357726 core=4
job 12_ERF_48 end 1785434360384
job 29_TGAMMA_60 started 1785434360384 core=0
job 2_POW_24 end 1785434368046
job 7_POW_24 started 1785434368046 core=5
job 29_TGAMMA_60 end 1785434394944
job 8_POW_24 started 1785434394945 core=0
job 11_SUM_108 end 1785434403571
job 18_TGAMMA_12 started 1785434403573 core=1
job 18_TGAMMA_12 end 1785434410433
job 5_TGAMMA_12 started 1785434410433 core=1
job 49_POW_24 end 1785434414184
job 30_POW_36 started 1785434414184 core=4
job 5_TGAMMA_12 end 1785434417299
job 13_TGAMMA_120 started 1785434417299 core=1
job 7_POW_24 end 1785434425873
job 6_POW_24 started 1785434425874 core=5
job 8_POW_24 end 1785434450552
job 19_ERF_24 started 1785434450552 core=0
job 6_POW_24 end 1785434478327
job 51_DOT_84 started 1785434478327 core=5
job 13_TGAMMA_120 end 1785434486091
job 1_POW_12 started 1785434486091 core=1
job 19_ERF_24 end 1785434488007
job 57_ERF_12 started 1785434488007 core=0
job 30_POW_36 end 1785434500470
job 22_XPY_48 started 1785434500471 core=4
job 57_ERF_12 end 1785434520556
job 3_POW_24 started 1785434520556 core=0
job 1_POW_12 end 1785434523413
job 15_TGAMMA_120 started 1785434523413 core=1
job 51_DOT_84 end 1785434555937
job 28_ERF_24 started 1785434555938 core=5
job 22_XPY_48 end 1785434569947
job 23_TGAMMA_60 started 1785434569948 core=4
job 28_ERF_24 end 1785434585086
job 17_TGAMMA_120 started 1785434585086 core=5
job 15_TGAMMA_120 end 1785434592517
job 33_POW_12 started 1785434592517 core=1
job 3_POW_24 end 1785434595171
job 24_TGAMMA_120 started 1785434595171 core=0
job 23_TGAMMA_60 end 1785434603915
job 60_TGAMMA_12 started 1785434603915 core=4
job 60_TGAMMA_12 end 1785434610661
job 36_POW_36 started 1785434610662 core=4
job 33_POW_12 end 1785434617120
job 58_POW_36 started 1785434617120 core=1
job 17_TGAMMA_120 end 1785434652933
job 34_POW_36 started 1785434652933 core=5
job 24_TGAMMA_120 end 1785434663183
job 47_SUM_108 started 1785434663184 core=0
job 36_POW_36 end 1785434694103
job 25_POW_36 started 1785434694103 core=4
job 58_POW_36 end 1785434702994
job 38_TGAMMA_60 started 1785434702994 core=1
job 47_SUM_108 end 1785434725126
job 61_POW_12 started 1785434725127 core=0
job 38_TGAMMA_60 end 1785434737473
job 27_TGAMMA_12 started 1785434737474 core=1
job 34_POW_36 end 1785434741206
job 68_COPY_84 started 1785434741207 core=5
job 27_TGAMMA_12 end 1785434744417
job 31_TGAMMA_60 started 1785434744417 core=1
job 61_POW_12 end 1785434753228
job 44_POW_36 started 1785434753228 core=0
job 31_TGAMMA_60 end 1785434779745
job 72_XPY_48 started 1785434779745 core=1
job 25_POW_36 end 1785434783603
job 53_SUM_132 started 1785434783603 core=4
job 44_POW_36 end 1785434848655
job 32_SUM_84 started 1785434848655 core=0
job 53_SUM_132 end 1785434863268
job 74_POW_12 started 1785434863268 core=4
job 72_XPY_48 end 1785434874204
job 40_SUM_84 started 1785434874204 core=1
job 68_COPY_84 end 1785434884654
job 48_TGAMMA_120 started 1785434884654 core=5
job 74_POW_12 end 1785434897456
job 54_TGAMMA_60 started 1785434897456 core=4
job 32_SUM_84 end 1785434900387
job 45_POW_36 started 1785434900387 core=0
job 40_SUM_84 end 1785434914262
job 55_SUM_132 started 1785434914262 core=1
job 54_TGAMMA_60 end 1785434931924
job 35_TGAMMA_120 started 1785434931924 core=4
job 48_TGAMMA_120 end 1785434954041
job 37_TGAMMA_60 started 1785434954041 core=5
job 55_SUM_132 end 1785434961702
job 56_TGAMMA_60 started 1785434961703 core=1
job 45_POW_36 end 1785434979610
job 86_POW_36 started 1785434979610 core=0
job 37_TGAMMA_60 end 1785434988061
job 46_POW_36 started 1785434988061 core=5
job 56_TGAMMA_60 end 1785434995598
job 75_XPY_60 started 1785434995598 core=1
job 35_TGAMMA_120 end 1785435000229
job 52_XPY_48 started 1785435000229 core=4
job 52_XPY_48 end 1785435066482
job 88_POW_12 started 1785435066482 core=4
job 75_XPY_60 end 1785435077225
job 59_TGAMMA_120 started 1785435077225 core=1
job 86_POW_36 end 1785435088200
job 41_XPY_60 started 1785435088200 core=0
job 88_POW_12 end 1785435097431
job 42_COPY_84 started 1785435097431 core=4
job 46_POW_36 end 1785435101595
job 90_POW_24 started 1785435101595 core=5
job 59_TGAMMA_120 end 1785435145934
job 39_DOT_36 started 1785435145934 core=1
job 90_POW_24 end 1785435157613
job 43_POW_24 started 1785435157613 core=5
job 41_XPY_60 end 1785435183112
job 76_TGAMMA_12 started 1785435183112 core=0
job 39_DOT_36 end 1785435184914
job 73_TGAMMA_120 started 1785435184915 core=1
job 76_TGAMMA_12 end 1785435190226
job 67_SQRTX_12 started 1785435190227 core=0
job 67_SQRTX_12 end 1785435208199
job 79_TGAMMA_12 started 1785435208200 core=0
job 79_TGAMMA_12 end 1785435215269
job 63_POW_12 started 1785435215269 core=0
job 42_COPY_84 end 1785435216021
job 80_TGAMMA_60 started 1785435216021 core=4
job 43_POW_24 end 1785435217975
job 85_TGAMMA_120 started 1785435217975 core=5
job 63_POW_12 end 1785435239974
job 50_XPY_60 started 1785435239974 core=0
job 80_TGAMMA_60 end 1785435250045
job 92_COPY_60 started 1785435250045 core=4
job 73_TGAMMA_120 end 1785435253184
job 99_POW_36 started 1785435253185 core=1
job 85_TGAMMA_120 end 1785435286202
job 93_POW_12 started 1785435286203 core=5
job 93_POW_12 end 1785435316719
job 91_POW_36 started 1785435316719 core=5
job 50_XPY_60 end 1785435317129
job 84_POW_36 started 1785435317129 core=0
job 99_POW_36 end 1785435339749
job 62_XPY_48 started 1785435339749 core=1
job 92_COPY_60 end 1785435347100
job 65_TGAMMA_120 started 1785435347100 core=4
job 62_XPY_48 end 1785435392604
job 95_ERF_12 started 1785435392604 core=1
job 84_POW_36 end 1785435407732
job 82_TGAMMA_60 started 1785435407732 core=0
job 95_ERF_12 end 1785435409670
job 98_XPY_48 started 1785435409670 core=1
job 65_TGAMMA_120 end 1785435415703
job 64_SUM_84 started 1785435415703 core=4
job 91_POW_36 end 1785435424589
job 66_COPY_84 started 1785435424589 core=5
job 82_TGAMMA_60 end 1785435442372
job 96_POW_36 started 1785435442372 core=0
job 64_SUM_84 end 1785435454091
job 97_SQRTX_48 started 1785435454091 core=4
job 98_XPY_48 end 1785435484782
job 69_SUM_108 started 1785435484782 core=1
job 97_SQRTX_48 end 1785435516854
job 83_COPY_60 started 1785435516854 core=4
job 96_POW_36 end 1785435542219
job 71_SUM_132 started 1785435542219 core=0
job 66_COPY_84 end 1785435562001
job 70_COPY_84 started 1785435562001 core=5
job 69_SUM_108 end 1785435583626
job 77_TGAMMA_60 started 1785435583626 core=1
job 83_COPY_60 end 1785435605338
job 78_POW_36 started 1785435605340 core=4
job 77_TGAMMA_60 end 1785435619181
job 94_POW_12 started 1785435619181 core=1
job 71_SUM_132 end 1785435645092
job 81_TGAMMA_60 started 1785435645092 core=0
job 94_POW_12 end 1785435661783
job 87_POW_36 started 1785435661784 core=1
job 70_COPY_84 end 1785435671784
job 89_TGAMMA_120 started 1785435671784 core=5
job 81_TGAMMA_60 end 1785435679391
job 78_POW_36 end 1785435690940
job 87_POW_36 end 1785435738250
job 89_TGAMMA_120 end 1785435739393
  итерация 2: 1527054 ms
  среднее по 3 итерациям: 1508103 ms
=== Выполняется проект: no_po_compute-heavy_2.txt (100 работ, базовый прогон oneTBB) ===
job 0_TGAMMA_12 started 1785435739393 core=5
job 1_SQRTX_12 started 1785435739393 core=4
job 3_POW_12 started 1785435739393 core=1
job 11_TGAMMA_120 started 1785435739393 core=0
job 0_TGAMMA_12 end 1785435746210
job 19_POW_24 started 1785435746210 core=5
job 1_SQRTX_12 end 1785435749280
job 2_XPY_48 started 1785435749280 core=4
job 3_POW_12 end 1785435768100
job 24_POW_12 started 1785435768100 core=1
job 24_POW_12 end 1785435798603
job 7_POW_12 started 1785435798603 core=1
job 2_XPY_48 end 1785435802635
job 8_SUM_132 started 1785435802636 core=4
job 19_POW_24 end 1785435807062
job 23_ERF_12 started 1785435807062 core=5
job 11_TGAMMA_120 end 1785435809921
job 4_POW_36 started 1785435809921 core=0
job 23_ERF_12 end 1785435831631
job 46_TGAMMA_12 started 1785435831631 core=5
job 7_POW_12 end 1785435831674
job 49_XPY_48 started 1785435831674 core=1
job 46_TGAMMA_12 end 1785435838880
job 25_POW_12 started 1785435838881 core=5
job 8_SUM_132 end 1785435878752
job 35_COPY_60 started 1785435878752 core=4
job 25_POW_12 end 1785435889253
job 15_XPY_48 started 1785435889254 core=5
job 49_XPY_48 end 1785435904755
job 38_COPY_60 started 1785435904756 core=1
job 4_POW_36 end 1785435916201
job 33_TGAMMA_12 started 1785435916202 core=0
job 33_TGAMMA_12 end 1785435923263
job 36_TGAMMA_12 started 1785435923264 core=0
job 36_TGAMMA_12 end 1785435930333
job 50_TGAMMA_60 started 1785435930333 core=0
job 35_COPY_60 end 1785435953412
job 18_POW_36 started 1785435953412 core=4
job 50_TGAMMA_60 end 1785435965331
job 42_TGAMMA_120 started 1785435965331 core=0
job 15_XPY_48 end 1785435970111
job 5_POW_36 started 1785435970111 core=5
job 38_COPY_60 end 1785435997111
job 20_SQRTX_48 started 1785435997111 core=1
job 18_POW_36 end 1785436031654
job 9_TGAMMA_12 started 1785436031655 core=4
job 42_TGAMMA_120 end 1785436033937
job 55_POW_36 started 1785436033937 core=0
job 9_TGAMMA_12 end 1785436038481
job 22_TGAMMA_60 started 1785436038481 core=4
job 20_SQRTX_48 end 1785436044172
job 10_TGAMMA_60 started 1785436044172 core=1
job 5_POW_36 end 1785436057218
job 26_TGAMMA_12 started 1785436057218 core=5
job 26_TGAMMA_12 end 1785436063986
job 6_TGAMMA_60 started 1785436063986 core=5
job 22_TGAMMA_60 end 1785436072433
job 16_DOT_36 started 1785436072433 core=4
job 10_TGAMMA_60 end 1785436078115
job 27_TGAMMA_120 started 1785436078115 core=1
job 16_DOT_36 end 1785436097695
job 39_TGAMMA_60 started 1785436097695 core=4
job 6_TGAMMA_60 end 1785436098106
job 56_POW_12 started 1785436098106 core=5
job 55_POW_36 end 1785436113085
job 12_TGAMMA_120 started 1785436113085 core=0
job 56_POW_12 end 1785436122886
job 48_POW_12 started 1785436122887 core=5
job 39_TGAMMA_60 end 1785436131543
job 59_POW_12 started 1785436131543 core=4
job 27_TGAMMA_120 end 1785436146088
job 29_POW_36 started 1785436146088 core=1
job 48_POW_12 end 1785436147886
job 53_SUM_108 started 1785436147886 core=5
job 59_POW_12 end 1785436157254
job 57_POW_36 started 1785436157254 core=4
job 12_TGAMMA_120 end 1785436181460
job 37_TGAMMA_120 started 1785436181460 core=0
job 53_SUM_108 end 1785436203277
job 44_POW_36 started 1785436203278 core=5
job 29_POW_36 end 1785436232759
job 60_XPY_60 started 1785436232759 core=1
job 57_POW_36 end 1785436237429
job 45_POW_24 started 1785436237429 core=4
job 37_TGAMMA_120 end 1785436250298
job 30_POW_36 started 1785436250298 core=0
job 45_POW_24 end 1785436297150
job 58_XPY_60 started 1785436297150 core=4
job 60_XPY_60 end 1785436310364
job 69_SUM_108 started 1785436310364 core=1
job 44_POW_36 end 1785436316645
job 70_TGAMMA_12 started 1785436316645 core=5
job 70_TGAMMA_12 end 1785436323663
job 13_POW_36 started 1785436323663 core=5
job 30_POW_36 end 1785436371447
job 82_ERF_48 started 1785436371448 core=0
job 69_SUM_108 end 1785436372558
job 67_TGAMMA_120 started 1785436372559 core=1
job 58_XPY_60 end 1785436382706
job 14_ERF_12 started 1785436382706 core=4
job 14_ERF_12 end 1785436400868
job 51_POW_24 started 1785436400868 core=4
job 13_POW_36 end 1785436412261
job 64_POW_36 started 1785436412261 core=5
job 67_TGAMMA_120 end 1785436441148
job 61_DOT_84 started 1785436441148 core=1
job 82_ERF_48 end 1785436449025
job 74_SUM_108 started 1785436449025 core=0
job 51_POW_24 end 1785436461136
job 31_TGAMMA_12 started 1785436461136 core=4
job 31_TGAMMA_12 end 1785436468209
job 86_TGAMMA_12 started 1785436468210 core=4
job 86_TGAMMA_12 end 1785436475281
job 76_TGAMMA_120 started 1785436475281 core=4
job 74_SUM_108 end 1785436502307
job 63_POW_36 started 1785436502307 core=0
job 64_POW_36 end 1785436516650
job 32_TGAMMA_120 started 1785436516650 core=5
job 61_DOT_84 end 1785436527775
job 72_TGAMMA_120 started 1785436527775 core=1
job 76_TGAMMA_120 end 1785436544375
job 65_POW_36 started 1785436544376 core=4
job 63_POW_36 end 1785436579499
job 75_POW_12 started 1785436579499 core=0
job 32_TGAMMA_120 end 1785436584877
job 88_TGAMMA_120 started 1785436584877 core=5
job 72_TGAMMA_120 end 1785436595598
job 17_TGAMMA_120 started 1785436595598 core=1
job 75_POW_12 end 1785436604741
job 21_POW_36 started 1785436604742 core=0
job 65_POW_36 end 1785436619959
job 80_POW_24 started 1785436619959 core=4
job 88_TGAMMA_120 end 1785436652849
job 81_ERF_12 started 1785436652849 core=5
job 17_TGAMMA_120 end 1785436663593
job 68_SUM_132 started 1785436663593 core=1
job 81_ERF_12 end 1785436671129
job 66_DOT_84 started 1785436671129 core=5
job 80_POW_24 end 1785436673641
job 28_TGAMMA_12 started 1785436673641 core=4
job 28_TGAMMA_12 end 1785436680573
job 89_TGAMMA_12 started 1785436680573 core=4
job 21_POW_36 end 1785436684771
job 40_ERF_48 started 1785436684771 core=0
job 89_TGAMMA_12 end 1785436687536
job 41_TGAMMA_12 started 1785436687536 core=4
job 41_TGAMMA_12 end 1785436694508
job 97_ERF_24 started 1785436694508 core=4
job 97_ERF_24 end 1785436747550
job 90_POW_12 started 1785436747550 core=4
job 66_DOT_84 end 1785436763257
job 96_SUM_108 started 1785436763257 core=5
job 68_SUM_132 end 1785436763778
job 43_XPY_48 started 1785436763778 core=1
job 90_POW_12 end 1785436781528
job 85_SQRTX_12 started 1785436781528 core=4
job 40_ERF_48 end 1785436783609
job 98_POW_36 started 1785436783609 core=0
job 85_SQRTX_12 end 1785436797957
job 34_POW_36 started 1785436797957 core=4
job 43_XPY_48 end 1785436832732
job 92_SUM_132 started 1785436832732 core=1
job 96_SUM_108 end 1785436853540
job 52_POW_24 started 1785436853540 core=5
job 98_POW_36 end 1785436883149
job 94_TGAMMA_12 started 1785436883150 core=0
job 94_TGAMMA_12 end 1785436890078
job 87_POW_36 started 1785436890078 core=0
job 34_POW_36 end 1785436896820
job 47_COPY_60 started 1785436896821 core=4
job 92_SUM_132 end 1785436914068
job 93_COPY_84 started 1785436914070 core=1
job 52_POW_24 end 1785436921086
job 54_POW_24 started 1785436921086 core=5
job 47_COPY_60 end 1785436985308
job 95_ERF_24 started 1785436985308 core=4
job 54_POW_24 end 1785437005664
job 62_TGAMMA_60 started 1785437005665 core=5
job 87_POW_36 end 1785437009071
job 71_SUM_132 started 1785437009072 core=0
job 93_COPY_84 end 1785437030306
job 73_POW_36 started 1785437030306 core=1
job 95_ERF_24 end 1785437031353
job 77_COPY_60 started 1785437031353 core=4
job 62_TGAMMA_60 end 1785437040887
job 78_POW_36 started 1785437040887 core=5
job 77_COPY_60 end 1785437115997
job 83_XPY_60 started 1785437115997 core=4
job 71_SUM_132 end 1785437116901
job 91_TGAMMA_12 started 1785437116901 core=0
job 73_POW_36 end 1785437123848
job 79_SUM_132 started 1785437123848 core=1
job 91_TGAMMA_12 end 1785437124019
job 84_TGAMMA_60 started 1785437124019 core=0
job 78_POW_36 end 1785437136827
job 99_DOT_36 started 1785437136828 core=5
job 84_TGAMMA_60 end 1785437160426
job 99_DOT_36 end 1785437176758
job 83_XPY_60 end 1785437186735
job 79_SUM_132 end 1785437194234
  итерация 0: 1454841 ms
job 4_POW_36 started 1785437194235 core=4
job 0_TGAMMA_12 started 1785437194235 core=1
job 19_POW_24 started 1785437194235 core=5
job 22_TGAMMA_60 started 1785437194235 core=0
job 0_TGAMMA_12 end 1785437201043
job 5_POW_36 started 1785437201043 core=1
job 22_TGAMMA_60 end 1785437228525
job 1_SQRTX_12 started 1785437228525 core=0
job 1_SQRTX_12 end 1785437243851
job 6_TGAMMA_60 started 1785437243851 core=0
job 19_POW_24 end 1785437248943
job 2_XPY_48 started 1785437248944 core=5
job 4_POW_36 end 1785437274487
job 7_POW_12 started 1785437274487 core=4
job 6_TGAMMA_60 end 1785437278237
job 16_DOT_36 started 1785437278237 core=0
job 5_POW_36 end 1785437302919
job 3_POW_12 started 1785437302920 core=1
job 7_POW_12 end 1785437310650
job 12_TGAMMA_120 started 1785437310650 core=4
job 2_XPY_48 end 1785437312122
job 23_ERF_12 started 1785437312122 core=5
job 16_DOT_36 end 1785437315814
job 13_POW_36 started 1785437315814 core=0
job 23_ERF_12 end 1785437330603
job 18_POW_36 started 1785437330603 core=5
job 3_POW_12 end 1785437335404
job 9_TGAMMA_12 started 1785437335404 core=1
job 9_TGAMMA_12 end 1785437342202
job 11_TGAMMA_120 started 1785437342202 core=1
job 12_TGAMMA_120 end 1785437378947
job 21_POW_36 started 1785437378947 core=4
job 13_POW_36 end 1785437392987
job 36_TGAMMA_12 started 1785437392988 core=0
job 36_TGAMMA_12 end 1785437399788
job 26_TGAMMA_12 started 1785437399788 core=0
job 26_TGAMMA_12 end 1785437406591
job 8_SUM_132 started 1785437406591 core=0
job 18_POW_36 end 1785437406806
job 14_ERF_12 started 1785437406806 core=5
job 11_TGAMMA_120 end 1785437410367
job 10_TGAMMA_60 started 1785437410368 core=1
job 14_ERF_12 end 1785437423382
job 40_ERF_48 started 1785437423382 core=5
job 10_TGAMMA_60 end 1785437444995
job 24_POW_12 started 1785437444996 core=1
job 21_POW_36 end 1785437467546
job 15_XPY_48 started 1785437467546 core=4
job 24_POW_12 end 1785437478652
job 17_TGAMMA_120 started 1785437478652 core=1
job 8_SUM_132 end 1785437488785
job 25_POW_12 started 1785437488785 core=0
job 40_ERF_48 end 1785437499382
job 56_POW_12 started 1785437499383 core=5
job 15_XPY_48 end 1785437524719
job 49_XPY_48 started 1785437524719 core=4
job 56_POW_12 end 1785437525746
job 20_SQRTX_48 started 1785437525746 core=5
job 25_POW_12 end 1785437530696
job 30_POW_36 started 1785437530696 core=0
job 17_TGAMMA_120 end 1785437547517
job 27_TGAMMA_120 started 1785437547517 core=1
job 20_SQRTX_48 end 1785437569036
job 29_POW_36 started 1785437569036 core=5
job 49_XPY_48 end 1785437581457
job 58_XPY_60 started 1785437581457 core=4
job 27_TGAMMA_120 end 1785437616414
job 33_TGAMMA_12 started 1785437616415 core=1
job 33_TGAMMA_12 end 1785437623290
job 41_TGAMMA_12 started 1785437623290 core=1
job 41_TGAMMA_12 end 1785437630159
job 64_POW_36 started 1785437630159 core=1
job 58_XPY_60 end 1785437649614
job 31_TGAMMA_12 started 1785437649614 core=4
job 29_POW_36 end 1785437651255
job 43_XPY_48 started 1785437651255 core=5
job 30_POW_36 end 1785437655883
job 28_TGAMMA_12 started 1785437655883 core=0
job 31_TGAMMA_12 end 1785437656476
job 32_TGAMMA_120 started 1785437656476 core=4
job 28_TGAMMA_12 end 1785437662715
job 34_POW_36 started 1785437662715 core=0
job 43_XPY_48 end 1785437699861
job 44_POW_36 started 1785437699861 core=5
job 32_TGAMMA_120 end 1785437725058
job 45_POW_24 started 1785437725058 core=4
job 64_POW_36 end 1785437729540
job 61_DOT_84 started 1785437729540 core=1
job 34_POW_36 end 1785437746056
job 86_TGAMMA_12 started 1785437746057 core=0
job 86_TGAMMA_12 end 1785437752969
job 66_DOT_84 started 1785437752970 core=0
job 45_POW_24 end 1785437801566
job 54_POW_24 started 1785437801567 core=4
job 44_POW_36 end 1785437807035
job 39_TGAMMA_60 started 1785437807035 core=5
job 61_DOT_84 end 1785437821610
job 35_COPY_60 started 1785437821610 core=1
job 39_TGAMMA_60 end 1785437842502
job 81_ERF_12 started 1785437842503 core=5
job 66_DOT_84 end 1785437849311
job 69_SUM_108 started 1785437849311 core=0
job 54_POW_24 end 1785437874739
job 42_TGAMMA_120 started 1785437874739 core=4
job 81_ERF_12 end 1785437877905
job 70_TGAMMA_12 started 1785437877905 core=5
job 70_TGAMMA_12 end 1785437885106
job 37_TGAMMA_120 started 1785437885109 core=5
job 69_SUM_108 end 1785437901474
job 67_TGAMMA_120 started 1785437901475 core=0
job 35_COPY_60 end 1785437902463
job 38_COPY_60 started 1785437902464 core=1
job 38_COPY_60 end 1785437939177
job 47_COPY_60 started 1785437939177 core=1
job 42_TGAMMA_120 end 1785437943366
job 89_TGAMMA_12 started 1785437943366 core=4
job 89_TGAMMA_12 end 1785437950175
job 80_POW_24 started 1785437950175 core=4
job 37_TGAMMA_120 end 1785437954723
job 46_TGAMMA_12 started 1785437954723 core=5
job 46_TGAMMA_12 end 1785437961786
job 48_POW_12 started 1785437961786 core=5
job 67_TGAMMA_120 end 1785437969804
job 53_SUM_108 started 1785437969804 core=0
job 47_COPY_60 end 1785438003512
job 55_POW_36 started 1785438003513 core=1
job 48_POW_12 end 1785438005657
job 60_XPY_60 started 1785438005657 core=5
job 80_POW_24 end 1785438010924
job 73_POW_36 started 1785438010924 core=4
job 53_SUM_108 end 1785438034728
job 50_TGAMMA_60 started 1785438034728 core=0
job 50_TGAMMA_60 end 1785438069118
job 63_POW_36 started 1785438069118 core=0
job 60_XPY_60 end 1785438080982
job 52_POW_24 started 1785438080982 core=5
job 73_POW_36 end 1785438099210
job 84_TGAMMA_60 started 1785438099211 core=4
job 55_POW_36 end 1785438117709
job 59_POW_12 started 1785438117709 core=1
job 84_TGAMMA_60 end 1785438133474
job 51_POW_24 started 1785438133474 core=4
job 52_POW_24 end 1785438137829
job 87_POW_36 started 1785438137829 core=5
job 59_POW_12 end 1785438146408
job 90_POW_12 started 1785438146408 core=1
job 63_POW_36 end 1785438155969
job 76_TGAMMA_120 started 1785438155970 core=0
job 90_POW_12 end 1785438174561
job 74_SUM_108 started 1785438174561 core=1
job 51_POW_24 end 1785438189780
job 68_SUM_132 started 1785438189780 core=4
job 76_TGAMMA_120 end 1785438225477
job 98_POW_36 started 1785438225477 core=0
job 87_POW_36 end 1785438233580
job 75_POW_12 started 1785438233580 core=5
job 74_SUM_108 end 1785438240146
job 94_TGAMMA_12 started 1785438240146 core=1
job 94_TGAMMA_12 end 1785438247038
job 57_POW_36 started 1785438247038 core=1
job 68_SUM_132 end 1785438257687
job 78_POW_36 started 1785438257688 core=4
job 75_POW_12 end 1785438265446
job 95_ERF_24 started 1785438265446 core=5
job 95_ERF_24 end 1785438309819
job 62_TGAMMA_60 started 1785438309819 core=5
job 98_POW_36 end 1785438319219
job 82_ERF_48 started 1785438319219 core=0
job 57_POW_36 end 1785438337191
job 72_TGAMMA_120 started 1785438337191 core=1
job 62_TGAMMA_60 end 1785438344082
job 97_ERF_24 started 1785438344082 core=5
job 78_POW_36 end 1785438345215
job 83_XPY_60 started 1785438345215 core=4
job 97_ERF_24 end 1785438374647
job 88_TGAMMA_120 started 1785438374647 core=5
job 83_XPY_60 end 1785438402353
job 65_POW_36 started 1785438402353 core=4
job 72_TGAMMA_120 end 1785438405699
job 92_SUM_132 started 1785438405699 core=1
job 82_ERF_48 end 1785438409026
job 71_SUM_132 started 1785438409026 core=0
job 88_TGAMMA_120 end 1785438443818
job 91_TGAMMA_12 started 1785438443818 core=5
job 91_TGAMMA_12 end 1785438450889
job 77_COPY_60 started 1785438450889 core=5
job 92_SUM_132 end 1785438482934
job 79_SUM_132 started 1785438482935 core=1
job 71_SUM_132 end 1785438492418
job 99_DOT_36 started 1785438492419 core=0
job 65_POW_36 end 1785438507742
job 96_SUM_108 started 1785438507742 core=4
job 99_DOT_36 end 1785438534022
job 85_SQRTX_12 started 1785438534023 core=0
job 77_COPY_60 end 1785438546208
job 93_COPY_84 started 1785438546209 core=5
job 85_SQRTX_12 end 1785438550056
job 96_SUM_108 end 1785438569257
job 79_SUM_132 end 1785438591357
job 93_COPY_84 end 1785438609644
  итерация 1: 1415409 ms
job 15_XPY_48 started 1785438609645 core=1
job 23_ERF_12 started 1785438609645 core=0
job 21_POW_36 started 1785438609645 core=4
job 10_TGAMMA_60 started 1785438609645 core=5
job 23_ERF_12 end 1785438631530
job 0_TGAMMA_12 started 1785438631530 core=0
job 0_TGAMMA_12 end 1785438638408
job 4_POW_36 started 1785438638408 core=0
job 10_TGAMMA_60 end 1785438644991
job 8_SUM_132 started 1785438644991 core=5
job 15_XPY_48 end 1785438665070
job 14_ERF_12 started 1785438665070 core=1
job 14_ERF_12 end 1785438689859
job 26_TGAMMA_12 started 1785438689859 core=1
job 26_TGAMMA_12 end 1785438696880
job 16_DOT_36 started 1785438696880 core=1
job 21_POW_36 end 1785438704919
job 55_POW_36 started 1785438704919 core=4
job 16_DOT_36 end 1785438737804
job 17_TGAMMA_120 started 1785438737805 core=1
job 8_SUM_132 end 1785438739207
job 32_TGAMMA_120 started 1785438739207 core=5
job 4_POW_36 end 1785438739218
job 12_TGAMMA_120 started 1785438739218 core=0
job 55_POW_36 end 1785438788981
job 49_XPY_48 started 1785438788982 core=4
job 17_TGAMMA_120 end 1785438805671
job 29_POW_36 started 1785438805671 core=1
job 32_TGAMMA_120 end 1785438807042
job 18_POW_36 started 1785438807043 core=5
job 12_TGAMMA_120 end 1785438807323
job 1_SQRTX_12 started 1785438807323 core=0
job 1_SQRTX_12 end 1785438831226
job 2_XPY_48 started 1785438831226 core=0
job 49_XPY_48 end 1785438834572
job 22_TGAMMA_60 started 1785438834572 core=4
job 22_TGAMMA_60 end 1785438870126
job 36_TGAMMA_12 started 1785438870126 core=4
job 36_TGAMMA_12 end 1785438877325
job 31_TGAMMA_12 started 1785438877325 core=4
job 31_TGAMMA_12 end 1785438884528
job 5_POW_36 started 1785438884529 core=4
job 2_XPY_48 end 1785438887235
job 25_POW_12 started 1785438887236 core=0
job 29_POW_36 end 1785438896739
job 6_TGAMMA_60 started 1785438896739 core=1
job 18_POW_36 end 1785438898103
job 42_TGAMMA_120 started 1785438898103 core=5
job 25_POW_12 end 1785438914427
job 63_POW_36 started 1785438914427 core=0
job 6_TGAMMA_60 end 1785438930713
job 3_POW_12 started 1785438930713 core=1
job 3_POW_12 end 1785438956936
job 37_TGAMMA_120 started 1785438956937 core=1
job 5_POW_36 end 1785438965056
job 7_POW_12 started 1785438965056 core=4
job 42_TGAMMA_120 end 1785438966259
job 33_TGAMMA_12 started 1785438966259 core=5
job 33_TGAMMA_12 end 1785438973039
job 9_TGAMMA_12 started 1785438973039 core=5
job 9_TGAMMA_12 end 1785438979816
job 19_POW_24 started 1785438979816 core=5
job 7_POW_12 end 1785438990909
job 53_SUM_108 started 1785438990909 core=4
job 63_POW_36 end 1785438992665
job 52_POW_24 started 1785438992665 core=0
job 37_TGAMMA_120 end 1785439025431
job 64_POW_36 started 1785439025431 core=1
job 19_POW_24 end 1785439035710
job 54_POW_24 started 1785439035710 core=5
job 53_SUM_108 end 1785439049978
job 65_POW_36 started 1785439049978 core=4
job 52_POW_24 end 1785439055584
job 24_POW_12 started 1785439055585 core=0
job 24_POW_12 end 1785439086688
job 43_XPY_48 started 1785439086689 core=0
job 54_POW_24 end 1785439098621
job 79_SUM_132 started 1785439098622 core=5
job 64_POW_36 end 1785439121740
job 62_TGAMMA_60 started 1785439121741 core=1
job 62_TGAMMA_60 end 1785439156574
job 28_TGAMMA_12 started 1785439156575 core=1
job 43_XPY_48 end 1785439157046
job 35_COPY_60 started 1785439157046 core=0
job 79_SUM_132 end 1785439160876
job 80_POW_24 started 1785439160877 core=5
job 28_TGAMMA_12 end 1785439163529
job 60_XPY_60 started 1785439163530 core=1
job 65_POW_36 end 1785439173422
job 90_POW_12 started 1785439173422 core=4
job 90_POW_12 end 1785439215872
job 38_COPY_60 started 1785439215873 core=4
job 60_XPY_60 end 1785439245870
job 39_TGAMMA_60 started 1785439245870 core=1
job 80_POW_24 end 1785439248982
job 40_ERF_48 started 1785439248982 core=5
job 35_COPY_60 end 1785439249909
job 11_TGAMMA_120 started 1785439249909 core=0
job 39_TGAMMA_60 end 1785439280190
job 13_POW_36 started 1785439280191 core=1
job 38_COPY_60 end 1785439291483
job 72_TGAMMA_120 started 1785439291483 core=4
job 40_ERF_48 end 1785439311307
job 77_COPY_60 started 1785439311308 core=5
job 11_TGAMMA_120 end 1785439319356
job 20_SQRTX_48 started 1785439319356 core=0
job 72_TGAMMA_120 end 1785439359990
job 41_TGAMMA_12 started 1785439359990 core=4
job 20_SQRTX_48 end 1785439361388
job 56_POW_12 started 1785439361388 core=0
job 41_TGAMMA_12 end 1785439366869
job 27_TGAMMA_120 started 1785439366869 core=4
job 77_COPY_60 end 1785439377616
job 57_POW_36 started 1785439377616 core=5
job 13_POW_36 end 1785439380062
job 34_POW_36 started 1785439380062 core=1
job 56_POW_12 end 1785439387755
job 95_ERF_24 started 1785439387755 core=0
job 95_ERF_24 end 1785439418257
job 44_POW_36 started 1785439418257 core=0
job 27_TGAMMA_120 end 1785439435580
job 48_POW_12 started 1785439435580 core=4
job 57_POW_36 end 1785439463976
job 30_POW_36 started 1785439463976 core=5
job 48_POW_12 end 1785439466566
job 61_DOT_84 started 1785439466566 core=4
job 34_POW_36 end 1785439466775
job 70_TGAMMA_12 started 1785439466776 core=1
job 70_TGAMMA_12 end 1785439473658
job 97_ERF_24 started 1785439473658 core=1
job 44_POW_36 end 1785439516258
job 85_SQRTX_12 started 1785439516258 core=0
job 97_ERF_24 end 1785439523652
job 45_POW_24 started 1785439523653 core=1
job 85_SQRTX_12 end 1785439536765
job 84_TGAMMA_60 started 1785439536766 core=0
job 61_DOT_84 end 1785439550819
job 47_COPY_60 started 1785439550819 core=4
job 30_POW_36 end 1785439562143
job 51_POW_24 started 1785439562145 core=5
job 84_TGAMMA_60 end 1785439571942
job 46_TGAMMA_12 started 1785439571942 core=0
job 46_TGAMMA_12 end 1785439579026
job 59_POW_12 started 1785439579026 core=0
job 45_POW_24 end 1785439586499
job 86_TGAMMA_12 started 1785439586499 core=1
job 86_TGAMMA_12 end 1785439593351
job 88_TGAMMA_120 started 1785439593351 core=1
job 59_POW_12 end 1785439617654
job 73_POW_36 started 1785439617654 core=0
job 51_POW_24 end 1785439618126
job 74_SUM_108 started 1785439618126 core=5
job 47_COPY_60 end 1785439619098
job 87_POW_36 started 1785439619098 core=4
job 88_TGAMMA_120 end 1785439662695
job 58_XPY_60 started 1785439662696 core=1
job 74_SUM_108 end 1785439664680
job 50_TGAMMA_60 started 1785439664681 core=5
job 50_TGAMMA_60 end 1785439700261
job 91_TGAMMA_12 started 1785439700261 core=5
job 91_TGAMMA_12 end 1785439707462
job 92_SUM_132 started 1785439707462 core=5
job 73_POW_36 end 1785439712678
job 68_SUM_132 started 1785439712679 core=0
job 87_POW_36 end 1785439713938
job 67_TGAMMA_120 started 1785439713938 core=4
job 58_XPY_60 end 1785439739459
job 66_DOT_84 started 1785439739459 core=1
job 68_SUM_132 end 1785439773138
job 99_DOT_36 started 1785439773139 core=0
job 67_TGAMMA_120 end 1785439784114
job 69_SUM_108 started 1785439784114 core=4
job 99_DOT_36 end 1785439815826
job 71_SUM_132 started 1785439815826 core=0
job 92_SUM_132 end 1785439826434
job 89_TGAMMA_12 started 1785439826435 core=5
job 89_TGAMMA_12 end 1785439833650
job 75_POW_12 started 1785439833650 core=5
job 66_DOT_84 end 1785439841918
job 76_TGAMMA_120 started 1785439841918 core=1
job 75_POW_12 end 1785439864656
job 96_SUM_108 started 1785439864656 core=5
job 69_SUM_108 end 1785439864713
job 78_POW_36 started 1785439864714 core=4
job 71_SUM_132 end 1785439902563
job 93_COPY_84 started 1785439902564 core=0
job 76_TGAMMA_120 end 1785439911651
job 81_ERF_12 started 1785439911652 core=1
job 96_SUM_108 end 1785439912869
job 82_ERF_48 started 1785439912870 core=5
job 81_ERF_12 end 1785439934152
job 94_TGAMMA_12 started 1785439934152 core=1
job 94_TGAMMA_12 end 1785439941027
job 83_XPY_60 started 1785439941027 core=1
job 78_POW_36 end 1785439983595
job 98_POW_36 started 1785439983595 core=4
job 83_XPY_60 end 1785440022515
job 93_COPY_84 end 1785440022892
job 82_ERF_48 end 1785440026621
job 98_POW_36 end 1785440072188
  итерация 2: 1462544 ms
  среднее по 3 итерациям: 1444265 ms
=== Выполняется проект: no_po_compute-heavy_3.txt (100 работ, базовый прогон oneTBB) ===
job 2_TGAMMA_12 started 1785440072189 core=5
job 0_TGAMMA_12 started 1785440072189 core=4
job 7_COPY_60 started 1785440072189 core=0
job 6_SUM_84 started 1785440072202 core=1
job 2_TGAMMA_12 end 1785440079176
job 9_COPY_84 started 1785440079176 core=5
job 0_TGAMMA_12 end 1785440079300
job 39_TGAMMA_120 started 1785440079300 core=4
job 6_SUM_84 end 1785440139663
job 4_TGAMMA_12 started 1785440139664 core=1
job 7_COPY_60 end 1785440142389
job 45_POW_24 started 1785440142389 core=0
job 4_TGAMMA_12 end 1785440146735
job 3_SQRTX_12 started 1785440146735 core=1
job 39_TGAMMA_120 end 1785440149879
job 20_POW_12 started 1785440149879 core=4
job 3_SQRTX_12 end 1785440167638
job 11_XPY_60 started 1785440167638 core=1
job 20_POW_12 end 1785440179892
job 1_TGAMMA_12 started 1785440179892 core=4
job 1_TGAMMA_12 end 1785440186770
job 8_ERF_48 started 1785440186770 core=4
job 9_COPY_84 end 1785440200485
job 21_POW_12 started 1785440200485 core=5
job 45_POW_24 end 1785440201176
job 31_XPY_48 started 1785440201177 core=0
job 21_POW_12 end 1785440246845
job 13_DOT_36 started 1785440246846 core=5
job 11_XPY_60 end 1785440256876
job 10_TGAMMA_120 started 1785440256876 core=1
job 31_XPY_48 end 1785440267856
job 19_POW_24 started 1785440267856 core=0
job 13_DOT_36 end 1785440281176
job 14_ERF_48 started 1785440281176 core=5
job 8_ERF_48 end 1785440299965
job 5_POW_36 started 1785440299966 core=4
job 10_TGAMMA_120 end 1785440325946
job 46_POW_12 started 1785440325946 core=1
job 19_POW_24 end 1785440328444
job 40_POW_24 started 1785440328445 core=0
job 14_ERF_48 end 1785440349326
job 12_XPY_60 started 1785440349326 core=5
job 46_POW_12 end 1785440361393
job 33_POW_12 started 1785440361393 core=1
job 40_POW_24 end 1785440390070
job 17_TGAMMA_120 started 1785440390071 core=0
job 5_POW_36 end 1785440390460
job 26_POW_24 started 1785440390460 core=4
job 33_POW_12 end 1785440406138
job 49_TGAMMA_120 started 1785440406138 core=1
job 12_XPY_60 end 1785440419566
job 28_COPY_84 started 1785440419566 core=5
job 26_POW_24 end 1785440442928
job 15_SUM_132 started 1785440442928 core=4
job 17_TGAMMA_120 end 1785440459016
job 29_SUM_132 started 1785440459016 core=0
job 49_TGAMMA_120 end 1785440476642
job 42_ERF_12 started 1785440476643 core=1
job 42_ERF_12 end 1785440514715
job 24_TGAMMA_60 started 1785440514716 core=1
job 15_SUM_132 end 1785440519730
job 22_POW_24 started 1785440519730 core=4
job 28_COPY_84 end 1785440523566
job 16_TGAMMA_12 started 1785440523566 core=5
job 16_TGAMMA_12 end 1785440530375
job 30_SQRTX_48 started 1785440530375 core=5
job 29_SUM_132 end 1785440538040
job 18_POW_36 started 1785440538041 core=0
job 24_TGAMMA_60 end 1785440549465
job 34_TGAMMA_60 started 1785440549465 core=1
job 30_SQRTX_48 end 1785440572511
job 65_POW_12 started 1785440572512 core=5
job 22_POW_24 end 1785440575790
job 69_TGAMMA_120 started 1785440575791 core=4
job 34_TGAMMA_60 end 1785440583720
job 23_POW_24 started 1785440583720 core=1
job 65_POW_12 end 1785440598790
job 36_POW_12 started 1785440598790 core=5
job 18_POW_36 end 1785440617967
job 38_POW_24 started 1785440617967 core=0
job 36_POW_12 end 1785440625606
job 56_TGAMMA_60 started 1785440625607 core=5
job 23_POW_24 end 1785440636582
job 41_TGAMMA_120 started 1785440636582 core=1
job 69_TGAMMA_120 end 1785440644115
job 43_POW_24 started 1785440644115 core=4
job 56_TGAMMA_60 end 1785440659537
job 53_TGAMMA_12 started 1785440659537 core=5
job 53_TGAMMA_12 end 1785440666318
job 27_POW_12 started 1785440666318 core=5
job 38_POW_24 end 1785440668663
job 71_DOT_84 started 1785440668663 core=0
job 27_POW_12 end 1785440693428
job 47_XPY_60 started 1785440693428 core=5
job 43_POW_24 end 1785440704442
job 61_POW_24 started 1785440704442 core=4
job 41_TGAMMA_120 end 1785440705486
job 78_TGAMMA_60 started 1785440705486 core=1
job 78_TGAMMA_60 end 1785440741629
job 44_TGAMMA_120 started 1785440741630 core=1
job 71_DOT_84 end 1785440755376
job 48_POW_36 started 1785440755376 core=0
job 47_XPY_60 end 1785440767924
job 25_XPY_48 started 1785440767924 core=5
job 61_POW_24 end 1785440774619
job 55_POW_24 started 1785440774620 core=4
job 44_TGAMMA_120 end 1785440812892
job 82_POW_12 started 1785440812892 core=1
job 25_XPY_48 end 1785440823335
job 51_SUM_132 started 1785440823335 core=5
job 55_POW_24 end 1785440836797
job 32_TGAMMA_60 started 1785440836797 core=4
job 48_POW_36 end 1785440846981
job 90_POW_24 started 1785440846981 core=0
job 82_POW_12 end 1785440848274
job 59_SUM_108 started 1785440848274 core=1
job 32_TGAMMA_60 end 1785440871458
job 52_TGAMMA_120 started 1785440871458 core=4
job 51_SUM_132 end 1785440900130
job 80_COPY_84 started 1785440900131 core=5
job 90_POW_24 end 1785440902701
job 63_POW_24 started 1785440902702 core=0
job 59_SUM_108 end 1785440914622
job 54_TGAMMA_60 started 1785440914623 core=1
job 52_TGAMMA_120 end 1785440940490
job 35_ERF_24 started 1785440940490 core=4
job 54_TGAMMA_60 end 1785440949550
job 57_POW_36 started 1785440949551 core=1
job 63_POW_24 end 1785440958398
job 75_POW_12 started 1785440958399 core=0
job 35_ERF_24 end 1785440984343
job 60_ERF_24 started 1785440984343 core=4
job 75_POW_12 end 1785440990164
job 64_POW_24 started 1785440990164 core=0
job 80_COPY_84 end 1785440996684
job 58_TGAMMA_12 started 1785440996685 core=5
job 58_TGAMMA_12 end 1785441003541
job 91_TGAMMA_12 started 1785441003541 core=5
job 91_TGAMMA_12 end 1785441010395
job 68_POW_36 started 1785441010396 core=5
job 60_ERF_24 end 1785441024939
job 87_TGAMMA_120 started 1785441024940 core=4
job 64_POW_24 end 1785441047377
job 37_POW_12 started 1785441047377 core=0
job 57_POW_36 end 1785441048574
job 50_TGAMMA_60 started 1785441048574 core=1
job 37_POW_12 end 1785441072588
job 66_SUM_84 started 1785441072588 core=0
job 50_TGAMMA_60 end 1785441082674
job 67_SUM_108 started 1785441082674 core=1
job 87_TGAMMA_120 end 1785441093691
job 74_COPY_84 started 1785441093692 core=4
job 68_POW_36 end 1785441094209
job 79_COPY_60 started 1785441094209 core=5
job 66_SUM_84 end 1785441123392
job 93_TGAMMA_120 started 1785441123392 core=0
job 67_SUM_108 end 1785441177279
job 94_POW_24 started 1785441177279 core=1
job 79_COPY_60 end 1785441180889
job 77_XPY_60 started 1785441180890 core=5
job 93_TGAMMA_120 end 1785441194273
job 76_POW_24 started 1785441194273 core=0
job 74_COPY_84 end 1785441198977
job 96_POW_36 started 1785441198977 core=4
job 76_POW_24 end 1785441257558
job 88_XPY_48 started 1785441257559 core=0
job 94_POW_24 end 1785441264106
job 81_DOT_36 started 1785441264106 core=1
job 77_XPY_60 end 1785441266575
job 62_TGAMMA_120 started 1785441266576 core=5
job 81_DOT_36 end 1785441294765
job 89_ERF_48 started 1785441294765 core=1
job 96_POW_36 end 1785441310598
job 83_SQRTX_48 started 1785441310600 core=4
job 88_XPY_48 end 1785441322459
job 84_POW_36 started 1785441322459 core=0
job 62_TGAMMA_120 end 1785441335738
job 72_TGAMMA_120 started 1785441335738 core=5
job 89_ERF_48 end 1785441354978
job 85_SUM_132 started 1785441354978 core=1
job 83_SQRTX_48 end 1785441372740
job 86_SUM_132 started 1785441372740 core=4
job 72_TGAMMA_120 end 1785441405221
job 98_SQRTX_48 started 1785441405221 core=5
job 85_SUM_132 end 1785441416054
job 70_POW_12 started 1785441416054 core=1
job 84_POW_36 end 1785441418310
job 73_POW_12 started 1785441418310 core=0
job 70_POW_12 end 1785441448304
job 99_POW_24 started 1785441448304 core=1
job 73_POW_12 end 1785441449699
job 92_POW_36 started 1785441449699 core=0
job 86_SUM_132 end 1785441453262
job 95_TGAMMA_120 started 1785441453262 core=4
job 98_SQRTX_48 end 1785441467640
job 97_POW_12 started 1785441467641 core=5
job 97_POW_12 end 1785441494422
job 99_POW_24 end 1785441502040
job 95_TGAMMA_120 end 1785441521448
job 92_POW_36 end 1785441526262
  итерация 0: 1454072 ms
job 13_DOT_36 started 1785441526262 core=0
job 19_POW_24 started 1785441526262 core=1
job 2_TGAMMA_12 started 1785441526262 core=4
job 24_TGAMMA_60 started 1785441526262 core=5
job 2_TGAMMA_12 end 1785441533308
job 10_TGAMMA_120 started 1785441533308 core=4
job 13_DOT_36 end 1785441551867
job 3_SQRTX_12 started 1785441551867 core=0
job 24_TGAMMA_60 end 1785441560663
job 11_XPY_60 started 1785441560664 core=5
job 3_SQRTX_12 end 1785441561555
job 22_POW_24 started 1785441561555 core=0
job 19_POW_24 end 1785441588196
job 27_POW_12 started 1785441588196 core=1
job 10_TGAMMA_120 end 1785441602080
job 4_TGAMMA_12 started 1785441602080 core=4
job 4_TGAMMA_12 end 1785441608942
job 1_TGAMMA_12 started 1785441608943 core=4
job 22_POW_24 end 1785441614357
job 12_XPY_60 started 1785441614357 core=0
job 1_TGAMMA_12 end 1785441615832
job 6_SUM_84 started 1785441615833 core=4
job 27_POW_12 end 1785441629135
job 33_POW_12 started 1785441629135 core=1
job 11_XPY_60 end 1785441630277
job 37_POW_12 started 1785441630278 core=5
job 33_POW_12 end 1785441661562
job 15_SUM_132 started 1785441661563 core=1
job 37_POW_12 end 1785441662601
job 32_TGAMMA_60 started 1785441662601 core=5
job 6_SUM_84 end 1785441697343
job 30_SQRTX_48 started 1785441697344 core=4
job 32_TGAMMA_60 end 1785441697572
job 16_TGAMMA_12 started 1785441697572 core=5
job 12_XPY_60 end 1785441701894
job 17_TGAMMA_120 started 1785441701894 core=0
job 16_TGAMMA_12 end 1785441704551
job 18_POW_36 started 1785441704551 core=5
job 15_SUM_132 end 1785441721749
job 20_POW_12 started 1785441721749 core=1
job 30_SQRTX_48 end 1785441742590
job 0_TGAMMA_12 started 1785441742590 core=4
job 20_POW_12 end 1785441748574
job 25_XPY_48 started 1785441748574 core=1
job 0_TGAMMA_12 end 1785441749368
job 28_COPY_84 started 1785441749368 core=4
job 17_TGAMMA_120 end 1785441771274
job 26_POW_24 started 1785441771274 core=0
job 25_XPY_48 end 1785441813504
job 35_ERF_24 started 1785441813504 core=1
job 18_POW_36 end 1785441813755
job 53_TGAMMA_12 started 1785441813755 core=5
job 53_TGAMMA_12 end 1785441820640
job 5_POW_36 started 1785441820640 core=5
job 35_ERF_24 end 1785441854645
job 7_COPY_60 started 1785441854646 core=1
job 26_POW_24 end 1785441855458
job 72_TGAMMA_120 started 1785441855458 core=0
job 28_COPY_84 end 1785441860757
job 36_POW_12 started 1785441860758 core=4
job 36_POW_12 end 1785441887069
job 43_POW_24 started 1785441887069 core=4
job 7_COPY_60 end 1785441921765
job 41_TGAMMA_120 started 1785441921765 core=1
job 72_TGAMMA_120 end 1785441924377
job 8_ERF_48 started 1785441924378 core=0
job 5_POW_36 end 1785441925662
job 45_POW_24 started 1785441925662 core=5
job 43_POW_24 end 1785441940605
job 34_TGAMMA_60 started 1785441940605 core=4
job 34_TGAMMA_60 end 1785441974642
job 23_POW_24 started 1785441974643 core=4
job 45_POW_24 end 1785441977071
job 40_POW_24 started 1785441977071 core=5
job 8_ERF_48 end 1785441985538
job 54_TGAMMA_60 started 1785441985538 core=0
job 41_TGAMMA_120 end 1785441990105
job 47_XPY_60 started 1785441990106 core=1
job 54_TGAMMA_60 end 1785442019859
job 57_POW_36 started 1785442019859 core=0
job 23_POW_24 end 1785442029208
job 38_POW_24 started 1785442029209 core=4
job 40_POW_24 end 1785442055734
job 44_TGAMMA_120 started 1785442055735 core=5
job 47_XPY_60 end 1785442062575
job 55_POW_24 started 1785442062576 core=1
job 38_POW_24 end 1785442087099
job 90_POW_24 started 1785442087099 core=4
job 57_POW_36 end 1785442106121
job 59_SUM_108 started 1785442106121 core=0
job 55_POW_24 end 1785442115309
job 42_ERF_12 started 1785442115309 core=1
job 44_TGAMMA_120 end 1785442124764
job 46_POW_12 started 1785442124764 core=5
job 42_ERF_12 end 1785442135555
job 31_XPY_48 started 1785442135555 core=1
job 90_POW_24 end 1785442146908
job 9_COPY_84 started 1785442146909 core=4
job 46_POW_12 end 1785442169082
job 58_TGAMMA_12 started 1785442169083 core=5
job 58_TGAMMA_12 end 1785442176320
job 39_TGAMMA_120 started 1785442176320 core=5
job 59_SUM_108 end 1785442179899
job 48_POW_36 started 1785442179900 core=0
job 31_XPY_48 end 1785442197806
job 50_TGAMMA_60 started 1785442197806 core=1
job 50_TGAMMA_60 end 1785442231967
job 14_ERF_48 started 1785442231967 core=1
job 9_COPY_84 end 1785442237914
job 60_ERF_24 started 1785442237915 core=4
job 39_TGAMMA_120 end 1785442245607
job 21_POW_12 started 1785442245607 core=5
job 21_POW_12 end 1785442277107
job 73_POW_12 started 1785442277107 core=5
job 48_POW_36 end 1785442279207
job 69_TGAMMA_120 started 1785442279207 core=0
job 60_ERF_24 end 1785442280164
job 65_POW_12 started 1785442280164 core=4
job 73_POW_12 end 1785442305499
job 66_SUM_84 started 1785442305499 core=5
job 65_POW_12 end 1785442306318
job 63_POW_24 started 1785442306318 core=4
job 14_ERF_48 end 1785442307027
job 77_XPY_60 started 1785442307028 core=1
job 69_TGAMMA_120 end 1785442348105
job 51_SUM_132 started 1785442348106 core=0
job 63_POW_24 end 1785442363477
job 52_TGAMMA_120 started 1785442363477 core=4
job 66_SUM_84 end 1785442374642
job 78_TGAMMA_60 started 1785442374643 core=5
job 77_XPY_60 end 1785442384747
job 70_POW_12 started 1785442384747 core=1
job 51_SUM_132 end 1785442405335
job 29_SUM_132 started 1785442405335 core=0
job 78_TGAMMA_60 end 1785442409601
job 56_TGAMMA_60 started 1785442409602 core=5
job 70_POW_12 end 1785442411785
job 83_SQRTX_48 started 1785442411785 core=1
job 52_TGAMMA_120 end 1785442432806
job 76_POW_24 started 1785442432807 core=4
job 56_TGAMMA_60 end 1785442444140
job 85_SUM_132 started 1785442444140 core=5
job 83_SQRTX_48 end 1785442461106
job 61_POW_24 started 1785442461106 core=1
job 29_SUM_132 end 1785442466115
job 82_POW_12 started 1785442466115 core=0
job 76_POW_24 end 1785442498686
job 80_COPY_84 started 1785442498686 core=4
job 82_POW_12 end 1785442500042
job 81_DOT_36 started 1785442500042 core=0
job 85_SUM_132 end 1785442527651
job 89_ERF_48 started 1785442527651 core=5
job 61_POW_24 end 1785442529192
job 94_POW_24 started 1785442529192 core=1
job 81_DOT_36 end 1785442557637
job 86_SUM_132 started 1785442557638 core=0
job 94_POW_24 end 1785442594830
job 92_POW_36 started 1785442594830 core=1
job 89_ERF_48 end 1785442621324
job 49_TGAMMA_120 started 1785442621325 core=5
job 80_COPY_84 end 1785442627436
job 62_TGAMMA_120 started 1785442627436 core=4
job 86_SUM_132 end 1785442646343
job 64_POW_24 started 1785442646343 core=0
job 92_POW_36 end 1785442678060
job 74_COPY_84 started 1785442678061 core=1
job 49_TGAMMA_120 end 1785442690032
job 99_POW_24 started 1785442690032 core=5
job 62_TGAMMA_120 end 1785442695857
job 88_XPY_48 started 1785442695858 core=4
job 64_POW_24 end 1785442697976
job 79_COPY_60 started 1785442697976 core=0
job 99_POW_24 end 1785442772955
job 67_SUM_108 started 1785442772955 core=5
job 88_XPY_48 end 1785442783424
job 68_POW_36 started 1785442783424 core=4
job 74_COPY_84 end 1785442788101
job 71_DOT_84 started 1785442788102 core=1
job 79_COPY_60 end 1785442809481
job 75_POW_12 started 1785442809481 core=0
job 75_POW_12 end 1785442845290
job 84_POW_36 started 1785442845290 core=0
job 67_SUM_108 end 1785442862213
job 87_TGAMMA_120 started 1785442862213 core=5
job 71_DOT_84 end 1785442877684
job 93_TGAMMA_120 started 1785442877684 core=1
job 68_POW_36 end 1785442890868
job 95_TGAMMA_120 started 1785442890868 core=4
job 84_POW_36 end 1785442928701
job 91_TGAMMA_12 started 1785442928702 core=0
job 87_TGAMMA_120 end 1785442930573
job 98_SQRTX_48 started 1785442930573 core=5
job 91_TGAMMA_12 end 1785442935465
job 96_POW_36 started 1785442935465 core=0
job 93_TGAMMA_120 end 1785442945485
job 97_POW_12 started 1785442945485 core=1
job 95_TGAMMA_120 end 1785442958681
job 97_POW_12 end 1785442971631
job 98_SQRTX_48 end 1785442972532
job 96_POW_36 end 1785443009517
  итерация 1: 1483255 ms
job 0_TGAMMA_12 started 1785443009518 core=0
job 4_TGAMMA_12 started 1785443009518 core=5
job 7_COPY_60 started 1785443009518 core=1
job 13_DOT_36 started 1785443009518 core=4
job 0_TGAMMA_12 end 1785443016603
job 31_XPY_48 started 1785443016630 core=0
job 4_TGAMMA_12 end 1785443016674
job 2_TGAMMA_12 started 1785443016675 core=5
job 2_TGAMMA_12 end 1785443023804
job 10_TGAMMA_120 started 1785443023804 core=5
job 13_DOT_36 end 1785443057065
job 3_SQRTX_12 started 1785443057066 core=4
job 7_COPY_60 end 1785443079117
job 5_POW_36 started 1785443079117 core=1
job 3_SQRTX_12 end 1785443080394
job 17_TGAMMA_120 started 1785443080394 core=4
job 31_XPY_48 end 1785443084846
job 1_TGAMMA_12 started 1785443084847 core=0
job 1_TGAMMA_12 end 1785443091609
job 11_XPY_60 started 1785443091609 core=0
job 10_TGAMMA_120 end 1785443094129
job 6_SUM_84 started 1785443094129 core=5
job 6_SUM_84 end 1785443144245
job 42_ERF_12 started 1785443144246 core=5
job 17_TGAMMA_120 end 1785443151650
job 12_XPY_60 started 1785443151650 core=4
job 42_ERF_12 end 1785443166124
job 8_ERF_48 started 1785443166124 core=5
job 11_XPY_60 end 1785443169732
job 15_SUM_132 started 1785443169733 core=0
job 5_POW_36 end 1785443171463
job 21_POW_12 started 1785443171463 core=1
job 21_POW_12 end 1785443204151
job 18_POW_36 started 1785443204151 core=1
job 12_XPY_60 end 1785443240621
job 54_TGAMMA_60 started 1785443240621 core=4
job 8_ERF_48 end 1785443259240
job 19_POW_24 started 1785443259240 core=5
job 15_SUM_132 end 1785443264209
job 14_ERF_48 started 1785443264209 core=0
job 54_TGAMMA_60 end 1785443275301
job 20_POW_12 started 1785443275301 core=4
job 18_POW_36 end 1785443299388
job 72_TGAMMA_120 started 1785443299389 core=1
job 20_POW_12 end 1785443306275
job 28_COPY_84 started 1785443306275 core=4
job 19_POW_24 end 1785443317124
job 23_POW_24 started 1785443317124 core=5
job 14_ERF_48 end 1785443354490
job 9_COPY_84 started 1785443354491 core=0
job 72_TGAMMA_120 end 1785443367978
job 26_POW_24 started 1785443367978 core=1
job 23_POW_24 end 1785443369957
job 29_SUM_132 started 1785443369958 core=5
job 28_COPY_84 end 1785443430151
job 24_TGAMMA_60 started 1785443430154 core=4
job 26_POW_24 end 1785443433076
job 33_POW_12 started 1785443433076 core=1
job 29_SUM_132 end 1785443448306
job 16_TGAMMA_12 started 1785443448307 core=5
job 16_TGAMMA_12 end 1785443455177
job 22_POW_24 started 1785443455178 core=5
job 33_POW_12 end 1785443463336
job 43_POW_24 started 1785443463336 core=1
job 24_TGAMMA_60 end 1785443465536
job 36_POW_12 started 1785443465536 core=4
job 9_COPY_84 end 1785443484424
job 30_SQRTX_48 started 1785443484424 core=0
job 36_POW_12 end 1785443501255
job 32_TGAMMA_60 started 1785443501255 core=4
job 22_POW_24 end 1785443514394
job 25_XPY_48 started 1785443514394 core=5
job 43_POW_24 end 1785443525802
job 58_TGAMMA_12 started 1785443525803 core=1
job 30_SQRTX_48 end 1785443532133
job 40_POW_24 started 1785443532133 core=0
job 58_TGAMMA_12 end 1785443532976
job 55_POW_24 started 1785443532977 core=1
job 32_TGAMMA_60 end 1785443535650
job 34_TGAMMA_60 started 1785443535650 core=4
job 25_XPY_48 end 1785443566762
job 85_SUM_132 started 1785443566762 core=5
job 34_TGAMMA_60 end 1785443569990
job 52_TGAMMA_120 started 1785443569990 core=4
job 40_POW_24 end 1785443585502
job 92_POW_36 started 1785443585502 core=0
job 55_POW_24 end 1785443602301
job 38_POW_24 started 1785443602301 core=1
job 85_SUM_132 end 1785443634511
job 27_POW_12 started 1785443634511 core=5
job 52_TGAMMA_120 end 1785443638952
job 99_POW_24 started 1785443638952 core=4
job 38_POW_24 end 1785443662648
job 59_SUM_108 started 1785443662649 core=1
job 27_POW_12 end 1785443665195
job 37_POW_12 started 1785443665195 core=5
job 92_POW_36 end 1785443671429
job 35_ERF_24 started 1785443671429 core=0
job 37_POW_12 end 1785443698065
job 44_TGAMMA_120 started 1785443698066 core=5
job 99_POW_24 end 1785443704351
job 39_TGAMMA_120 started 1785443704351 core=4
job 35_ERF_24 end 1785443714977
job 47_XPY_60 started 1785443714977 core=0
job 59_SUM_108 end 1785443717558
job 41_TGAMMA_120 started 1785443717558 core=1
job 47_XPY_60 end 1785443754566
job 53_TGAMMA_12 started 1785443754566 core=0
job 53_TGAMMA_12 end 1785443761301
job 88_XPY_48 started 1785443761301 core=0
job 44_TGAMMA_120 end 1785443766694
job 91_TGAMMA_12 started 1785443766694 core=5
job 39_TGAMMA_120 end 1785443773307
job 51_SUM_132 started 1785443773308 core=4
job 91_TGAMMA_12 end 1785443773519
job 62_TGAMMA_120 started 1785443773519 core=5
job 41_TGAMMA_120 end 1785443785737
job 61_POW_24 started 1785443785738 core=1
job 88_XPY_48 end 1785443804206
job 67_SUM_108 started 1785443804207 core=0
job 61_POW_24 end 1785443840778
job 57_POW_36 started 1785443840778 core=1
job 62_TGAMMA_120 end 1785443842620
job 49_TGAMMA_120 started 1785443842620 core=5
job 51_SUM_132 end 1785443855012
job 60_ERF_24 started 1785443855013 core=4
job 67_SUM_108 end 1785443866058
job 56_TGAMMA_60 started 1785443866058 core=0
job 60_ERF_24 end 1785443886888
job 73_POW_12 started 1785443886888 core=4
job 56_TGAMMA_60 end 1785443900142
job 64_POW_24 started 1785443900142 core=0
job 49_TGAMMA_120 end 1785443911246
job 69_TGAMMA_120 started 1785443911247 core=5
job 73_POW_12 end 1785443912838
job 77_XPY_60 started 1785443912838 core=4
job 57_POW_36 end 1785443919742
job 74_COPY_84 started 1785443919742 core=1
job 69_TGAMMA_120 end 1785443981445
job 45_POW_24 started 1785443981445 core=5
job 64_POW_24 end 1785443981567
job 46_POW_12 started 1785443981568 core=0
job 77_XPY_60 end 1785443991956
job 71_DOT_84 started 1785443991956 core=4
job 46_POW_12 end 1785444021379
job 65_POW_12 started 1785444021379 core=0
job 74_COPY_84 end 1785444026732
job 81_DOT_36 started 1785444026732 core=1
job 65_POW_12 end 1785444063197
job 63_POW_24 started 1785444063198 core=0
job 45_POW_24 end 1785444069465
job 66_SUM_84 started 1785444069465 core=5
job 81_DOT_36 end 1785444069726
job 82_POW_12 started 1785444069727 core=1
job 71_DOT_84 end 1785444088019
job 48_POW_36 started 1785444088019 core=4
job 82_POW_12 end 1785444104775
job 50_TGAMMA_60 started 1785444104775 core=1
job 66_SUM_84 end 1785444116969
job 75_POW_12 started 1785444116969 core=5
job 63_POW_24 end 1785444131729
job 86_SUM_132 started 1785444131729 core=0
job 50_TGAMMA_60 end 1785444139281
job 70_POW_12 started 1785444139282 core=1
job 75_POW_12 end 1785444144651
job 87_TGAMMA_120 started 1785444144652 core=5
job 70_POW_12 end 1785444167510
job 96_POW_36 started 1785444167510 core=1
job 48_POW_36 end 1785444179710
job 76_POW_24 started 1785444179710 core=4
job 86_SUM_132 end 1785444200212
job 95_TGAMMA_120 started 1785444200212 core=0
job 87_TGAMMA_120 end 1785444213556
job 89_ERF_48 started 1785444213556 core=5
job 76_POW_24 end 1785444234108
job 93_TGAMMA_120 started 1785444234108 core=4
job 96_POW_36 end 1785444247662
job 94_POW_24 started 1785444247662 core=1
job 95_TGAMMA_120 end 1785444268434
job 68_POW_36 started 1785444268434 core=0
job 89_ERF_48 end 1785444275246
job 78_TGAMMA_60 started 1785444275246 core=5
job 94_POW_24 end 1785444298742
job 80_COPY_84 started 1785444298742 core=1
job 93_TGAMMA_120 end 1785444302135
job 83_SQRTX_48 started 1785444302135 core=4
job 78_TGAMMA_60 end 1785444309572
job 79_COPY_60 started 1785444309572 core=5
job 68_POW_36 end 1785444351925
job 84_POW_36 started 1785444351926 core=0
job 83_SQRTX_48 end 1785444362344
job 90_POW_24 started 1785444362344 core=4
job 79_COPY_60 end 1785444419558
job 98_SQRTX_48 started 1785444419558 core=5
job 90_POW_24 end 1785444422946
job 97_POW_12 started 1785444422946 core=4
job 80_COPY_84 end 1785444436772
job 84_POW_36 end 1785444441937
job 97_POW_12 end 1785444450180
job 98_SQRTX_48 end 1785444466445
  итерация 2: 1456927 ms
  среднее по 3 итерациям: 1464751 ms
=== Выполняется проект: no_po_cpu30_memory70_1.txt (100 работ, базовый прогон oneTBB) ===
job 19_TGAMMA_12 started 1785444466446 core=4
job 4_TGAMMA_60 started 1785444466446 core=5
job 3_TGAMMA_12 started 1785444466446 core=0
job 6_POW_12 started 1785444466446 core=1
job 19_TGAMMA_12 end 1785444473207
job 12_POW_12 started 1785444473207 core=4
job 3_TGAMMA_12 end 1785444473222
job 32_SUM_84 started 1785444473222 core=0
job 6_POW_12 end 1785444492696
job 38_XPY_48 started 1785444492696 core=1
job 4_TGAMMA_60 end 1785444501199
job 7_TGAMMA_120 started 1785444501199 core=5
job 12_POW_12 end 1785444504049
job 10_TGAMMA_120 started 1785444504049 core=4
job 32_SUM_84 end 1785444515255
job 29_TGAMMA_60 started 1785444515255 core=0
job 38_XPY_48 end 1785444534235
job 37_SUM_132 started 1785444534235 core=1
job 29_TGAMMA_60 end 1785444549367
job 13_TGAMMA_12 started 1785444549367 core=0
job 13_TGAMMA_12 end 1785444556172
job 2_TGAMMA_12 started 1785444556172 core=0
job 2_TGAMMA_12 end 1785444562975
job 14_TGAMMA_60 started 1785444562975 core=0
job 7_TGAMMA_120 end 1785444570797
job 8_TGAMMA_120 started 1785444570798 core=5
job 37_SUM_132 end 1785444572091
job 22_TGAMMA_60 started 1785444572091 core=1
job 10_TGAMMA_120 end 1785444572412
job 11_TGAMMA_60 started 1785444572412 core=4
job 14_TGAMMA_60 end 1785444596870
job 1_TGAMMA_120 started 1785444596870 core=0
job 22_TGAMMA_60 end 1785444605842
job 17_TGAMMA_12 started 1785444605842 core=1
job 11_TGAMMA_60 end 1785444606151
job 18_TGAMMA_12 started 1785444606151 core=4
job 17_TGAMMA_12 end 1785444612587
job 20_TGAMMA_60 started 1785444612587 core=1
job 18_TGAMMA_12 end 1785444612879
job 16_TGAMMA_60 started 1785444612879 core=4
job 8_TGAMMA_120 end 1785444638414
job 31_SUM_108 started 1785444638415 core=5
job 20_TGAMMA_60 end 1785444646438
job 21_TGAMMA_120 started 1785444646438 core=1
job 16_TGAMMA_60 end 1785444646667
job 0_TGAMMA_60 started 1785444646667 core=4
job 1_TGAMMA_120 end 1785444664624
job 5_POW_36 started 1785444664624 core=0
job 31_SUM_108 end 1785444670609
job 26_POW_12 started 1785444670609 core=5
job 0_TGAMMA_60 end 1785444680774
job 9_TGAMMA_60 started 1785444680775 core=4
job 26_POW_12 end 1785444695686
job 24_TGAMMA_60 started 1785444695686 core=5
job 21_TGAMMA_120 end 1785444714536
job 40_DOT_36 started 1785444714536 core=1
job 9_TGAMMA_60 end 1785444714649
job 43_SUM_132 started 1785444714649 core=4
job 24_TGAMMA_60 end 1785444730087
job 15_POW_12 started 1785444730088 core=5
job 40_DOT_36 end 1785444751302
job 27_POW_24 started 1785444751302 core=1
job 5_POW_36 end 1785444751647
job 36_XPY_48 started 1785444751647 core=0
job 15_POW_12 end 1785444767416
job 63_SUM_108 started 1785444767417 core=5
job 27_POW_24 end 1785444819329
job 87_DOT_84 started 1785444819330 core=1
job 43_SUM_132 end 1785444824166
job 39_SUM_108 started 1785444824167 core=4
job 36_XPY_48 end 1785444828024
job 91_DOT_84 started 1785444828024 core=0
job 63_SUM_108 end 1785444840873
job 48_XPY_48 started 1785444840873 core=5
job 39_SUM_108 end 1785444916827
job 23_TGAMMA_12 started 1785444916827 core=4
job 23_TGAMMA_12 end 1785444923932
job 25_POW_36 started 1785444923932 core=4
job 91_DOT_84 end 1785444925880
job 54_SUM_132 started 1785444925880 core=0
job 48_XPY_48 end 1785444931734
job 28_POW_36 started 1785444931734 core=5
job 87_DOT_84 end 1785444949016
job 55_SUM_108 started 1785444949016 core=1
job 54_SUM_132 end 1785445012366
job 33_COPY_60 started 1785445012366 core=0
job 55_SUM_108 end 1785445019051
job 41_SUM_108 started 1785445019052 core=1
job 25_POW_36 end 1785445037668
job 34_XPY_48 started 1785445037669 core=4
job 28_POW_36 end 1785445040534
job 30_DOT_36 started 1785445040534 core=5
job 30_DOT_36 end 1785445080540
job 35_DOT_84 started 1785445080540 core=5
job 41_SUM_108 end 1785445097391
job 50_COPY_84 started 1785445097391 core=1
job 34_XPY_48 end 1785445133379
job 46_SUM_84 started 1785445133379 core=4
job 33_COPY_60 end 1785445135877
job 56_SUM_108 started 1785445135877 core=0
job 46_SUM_84 end 1785445192094
job 42_DOT_36 started 1785445192095 core=4
job 35_DOT_84 end 1785445213894
job 72_XPY_60 started 1785445213897 core=5
job 56_SUM_108 end 1785445214571
job 44_COPY_60 started 1785445214571 core=0
job 42_DOT_36 end 1785445239654
job 45_SUM_108 started 1785445239654 core=4
job 50_COPY_84 end 1785445253295
job 49_SUM_84 started 1785445253295 core=1
job 44_COPY_60 end 1785445305497
job 86_SUM_84 started 1785445305497 core=0
job 72_XPY_60 end 1785445312344
job 58_DOT_84 started 1785445312344 core=5
job 45_SUM_108 end 1785445334477
job 92_SUM_84 started 1785445334478 core=4
job 49_SUM_84 end 1785445334695
job 99_COPY_84 started 1785445334696 core=1
job 86_SUM_84 end 1785445365144
job 70_XPY_60 started 1785445365144 core=0
job 92_SUM_84 end 1785445404492
job 62_XPY_48 started 1785445404492 core=4
job 58_DOT_84 end 1785445442547
job 60_COPY_60 started 1785445442547 core=5
job 70_XPY_60 end 1785445469335
job 64_SUM_84 started 1785445469335 core=0
job 99_COPY_84 end 1785445482007
job 74_DOT_36 started 1785445482007 core=1
job 62_XPY_48 end 1785445490916
job 47_DOT_84 started 1785445490916 core=4
job 64_SUM_84 end 1785445541584
job 66_XPY_48 started 1785445541585 core=0
job 74_DOT_36 end 1785445544776
job 65_COPY_60 started 1785445544777 core=1
job 60_COPY_60 end 1785445555516
job 67_DOT_84 started 1785445555516 core=5
job 47_DOT_84 end 1785445606672
job 76_SUM_108 started 1785445606672 core=4
job 66_XPY_48 end 1785445621891
job 57_SUM_132 started 1785445621892 core=0
job 65_COPY_60 end 1785445652221
job 68_DOT_84 started 1785445652222 core=1
job 76_SUM_108 end 1785445688333
job 51_XPY_60 started 1785445688333 core=4
job 67_DOT_84 end 1785445692019
job 61_SUM_108 started 1785445692019 core=5
job 57_SUM_132 end 1785445731992
job 77_DOT_36 started 1785445731993 core=0
job 68_DOT_84 end 1785445759353
job 85_XPY_60 started 1785445759353 core=1
job 61_SUM_108 end 1785445786703
job 93_SUM_84 started 1785445786704 core=5
job 51_XPY_60 end 1785445792232
job 79_SUM_108 started 1785445792233 core=4
job 77_DOT_36 end 1785445792944
job 52_COPY_84 started 1785445792945 core=0
job 85_XPY_60 end 1785445848549
job 94_SUM_108 started 1785445848549 core=1
job 93_SUM_84 end 1785445863829
job 53_XPY_60 started 1785445863830 core=5
job 79_SUM_108 end 1785445897643
job 84_SUM_84 started 1785445897644 core=4
job 52_COPY_84 end 1785445920749
job 82_DOT_36 started 1785445920749 core=0
job 94_SUM_108 end 1785445948870
job 59_COPY_84 started 1785445948871 core=1
job 53_XPY_60 end 1785445959910
job 71_COPY_60 started 1785445959911 core=5
job 82_DOT_36 end 1785445961912
job 78_COPY_60 started 1785445961912 core=0
job 84_SUM_84 end 1785445970132
job 80_SUM_108 started 1785445970132 core=4
job 78_COPY_60 end 1785446047637
job 98_XPY_60 started 1785446047638 core=0
job 80_SUM_108 end 1785446066990
job 95_SUM_108 started 1785446066990 core=4
job 71_COPY_60 end 1785446077881
job 69_SUM_108 started 1785446077881 core=5
job 59_COPY_84 end 1785446106887
job 83_XPY_60 started 1785446106888 core=1
job 98_XPY_60 end 1785446139477
job 73_XPY_60 started 1785446139477 core=0
job 95_SUM_108 end 1785446164295
job 75_SUM_108 started 1785446164295 core=4
job 69_SUM_108 end 1785446178541
job 89_DOT_84 started 1785446178542 core=5
job 83_XPY_60 end 1785446202913
job 81_XPY_60 started 1785446202913 core=1
job 73_XPY_60 end 1785446233681
job 96_XPY_48 started 1785446233681 core=0
job 75_SUM_108 end 1785446263301
job 88_SUM_132 started 1785446263302 core=4
job 89_DOT_84 end 1785446308431
job 90_SUM_84 started 1785446308432 core=5
job 81_XPY_60 end 1785446308766
job 97_XPY_48 started 1785446308767 core=1
job 96_XPY_48 end 1785446309849
job 88_SUM_132 end 1785446340807
job 97_XPY_48 end 1785446361259
job 90_SUM_84 end 1785446362889
  итерация 0: 1896444 ms
job 16_TGAMMA_60 started 1785446362890 core=4
job 14_TGAMMA_60 started 1785446362890 core=1
job 4_TGAMMA_60 started 1785446362890 core=5
job 23_TGAMMA_12 started 1785446362890 core=0
job 23_TGAMMA_12 end 1785446369662
job 1_TGAMMA_120 started 1785446369662 core=0
job 16_TGAMMA_60 end 1785446396649
job 24_TGAMMA_60 started 1785446396649 core=4
job 14_TGAMMA_60 end 1785446396661
job 29_TGAMMA_60 started 1785446396661 core=1
job 4_TGAMMA_60 end 1785446396710
job 12_POW_12 started 1785446396710 core=5
job 12_POW_12 end 1785446421056
job 0_TGAMMA_60 started 1785446421056 core=5
job 24_TGAMMA_60 end 1785446430476
job 2_TGAMMA_12 started 1785446430477 core=4
job 29_TGAMMA_60 end 1785446430483
job 6_POW_12 started 1785446430483 core=1
job 2_TGAMMA_12 end 1785446437231
job 3_TGAMMA_12 started 1785446437231 core=4
job 1_TGAMMA_120 end 1785446437344
job 50_COPY_84 started 1785446437344 core=0
job 3_TGAMMA_12 end 1785446444235
job 15_POW_12 started 1785446444236 core=4
job 0_TGAMMA_60 end 1785446455096
job 31_SUM_108 started 1785446455096 core=5
job 6_POW_12 end 1785446456586
job 5_POW_36 started 1785446456586 core=1
job 15_POW_12 end 1785446487755
job 11_TGAMMA_60 started 1785446487756 core=4
job 31_SUM_108 end 1785446519549
job 49_SUM_84 started 1785446519550 core=5
job 11_TGAMMA_60 end 1785446523412
job 13_TGAMMA_12 started 1785446523412 core=4
job 13_TGAMMA_12 end 1785446530622
job 10_TGAMMA_120 started 1785446530622 core=4
job 50_COPY_84 end 1785446545188
job 7_TGAMMA_120 started 1785446545188 core=0
job 5_POW_36 end 1785446552889
job 18_TGAMMA_12 started 1785446552889 core=1
job 49_SUM_84 end 1785446558745
job 52_COPY_84 started 1785446558745 core=5
job 18_TGAMMA_12 end 1785446559737
job 17_TGAMMA_12 started 1785446559737 core=1
job 17_TGAMMA_12 end 1785446566696
job 34_XPY_48 started 1785446566696 core=1
job 10_TGAMMA_120 end 1785446599605
job 32_SUM_84 started 1785446599605 core=4
job 7_TGAMMA_120 end 1785446613891
job 19_TGAMMA_12 started 1785446613892 core=0
job 19_TGAMMA_12 end 1785446620899
job 30_DOT_36 started 1785446620899 core=0
job 34_XPY_48 end 1785446631614
job 20_TGAMMA_60 started 1785446631614 core=1
job 32_SUM_84 end 1785446646479
job 59_COPY_84 started 1785446646480 core=4
job 30_DOT_36 end 1785446665803
job 37_SUM_132 started 1785446665803 core=0
job 52_COPY_84 end 1785446666090
job 8_TGAMMA_120 started 1785446666090 core=5
job 20_TGAMMA_60 end 1785446667297
job 38_XPY_48 started 1785446667297 core=1
job 38_XPY_48 end 1785446723823
job 65_COPY_60 started 1785446723823 core=1
job 8_TGAMMA_120 end 1785446737231
job 21_TGAMMA_120 started 1785446737231 core=5
job 59_COPY_84 end 1785446771395
job 54_SUM_132 started 1785446771397 core=4
job 37_SUM_132 end 1785446775909
job 25_POW_36 started 1785446775910 core=0
job 65_COPY_60 end 1785446796158
job 60_COPY_60 started 1785446796158 core=1
job 21_TGAMMA_120 end 1785446808431
job 33_COPY_60 started 1785446808431 core=5
job 54_SUM_132 end 1785446849762
job 9_TGAMMA_60 started 1785446849762 core=4
job 25_POW_36 end 1785446868750
job 42_DOT_36 started 1785446868750 core=0
job 9_TGAMMA_60 end 1785446884302
job 76_SUM_108 started 1785446884302 core=4
job 42_DOT_36 end 1785446902867
job 69_SUM_108 started 1785446902867 core=0
job 60_COPY_60 end 1785446905052
job 22_TGAMMA_60 started 1785446905053 core=1
job 33_COPY_60 end 1785446919058
job 46_SUM_84 started 1785446919058 core=5
job 22_TGAMMA_60 end 1785446940600
job 81_XPY_60 started 1785446940601 core=1
job 76_SUM_108 end 1785446960638
job 45_SUM_108 started 1785446960638 core=4
job 69_SUM_108 end 1785446977193
job 70_XPY_60 started 1785446977193 core=0
job 46_SUM_84 end 1785446982289
job 28_POW_36 started 1785446982289 core=5
job 81_XPY_60 end 1785447032169
job 62_XPY_48 started 1785447032169 core=1
job 45_SUM_108 end 1785447056389
job 47_DOT_84 started 1785447056389 core=4
job 70_XPY_60 end 1785447063765
job 26_POW_12 started 1785447063765 core=0
job 26_POW_12 end 1785447101759
job 82_DOT_36 started 1785447101760 core=0
job 62_XPY_48 end 1785447103925
job 58_DOT_84 started 1785447103926 core=1
job 28_POW_36 end 1785447128165
job 51_XPY_60 started 1785447128166 core=5
job 82_DOT_36 end 1785447152472
job 64_SUM_84 started 1785447152473 core=0
job 47_DOT_84 end 1785447162575
job 39_SUM_108 started 1785447162576 core=4
job 64_SUM_84 end 1785447212825
job 63_SUM_108 started 1785447212825 core=0
job 39_SUM_108 end 1785447237418
job 55_SUM_108 started 1785447237418 core=4
job 51_XPY_60 end 1785447241848
job 75_SUM_108 started 1785447241848 core=5
job 58_DOT_84 end 1785447243052
job 40_DOT_36 started 1785447243052 core=1
job 40_DOT_36 end 1785447289342
job 61_SUM_108 started 1785447289343 core=1
job 63_SUM_108 end 1785447291884
job 41_SUM_108 started 1785447291884 core=0
job 55_SUM_108 end 1785447318192
job 78_COPY_60 started 1785447318192 core=4
job 75_SUM_108 end 1785447330410
job 80_SUM_108 started 1785447330410 core=5
job 61_SUM_108 end 1785447365600
job 88_SUM_132 started 1785447365600 core=1
job 41_SUM_108 end 1785447398739
job 79_SUM_108 started 1785447398740 core=0
job 80_SUM_108 end 1785447404104
job 27_POW_24 started 1785447404104 core=5
job 78_COPY_60 end 1785447417432
job 84_SUM_84 started 1785447417433 core=4
job 88_SUM_132 end 1785447454933
job 85_XPY_60 started 1785447454934 core=1
job 84_SUM_84 end 1785447475617
job 35_DOT_84 started 1785447475618 core=4
job 79_SUM_108 end 1785447481044
job 94_SUM_108 started 1785447481044 core=0
job 27_POW_24 end 1785447487593
job 83_XPY_60 started 1785447487593 core=5
job 94_SUM_108 end 1785447566943
job 36_XPY_48 started 1785447566944 core=0
job 35_DOT_84 end 1785447570037
job 95_SUM_108 started 1785447570038 core=4
job 85_XPY_60 end 1785447573820
job 44_COPY_60 started 1785447573820 core=1
job 83_XPY_60 end 1785447612578
job 68_DOT_84 started 1785447612579 core=5
job 36_XPY_48 end 1785447638776
job 97_XPY_48 started 1785447638776 core=0
job 95_SUM_108 end 1785447668338
job 74_DOT_36 started 1785447668338 core=4
job 44_COPY_60 end 1785447683738
job 90_SUM_84 started 1785447683739 core=1
job 97_XPY_48 end 1785447722218
job 86_SUM_84 started 1785447722219 core=0
job 74_DOT_36 end 1785447729167
job 93_SUM_84 started 1785447729167 core=4
job 68_DOT_84 end 1785447731323
job 96_XPY_48 started 1785447731324 core=5
job 90_SUM_84 end 1785447760122
job 43_SUM_132 started 1785447760123 core=1
job 86_SUM_84 end 1785447781907
job 48_XPY_48 started 1785447781908 core=0
job 93_SUM_84 end 1785447788166
job 53_XPY_60 started 1785447788166 core=4
job 96_XPY_48 end 1785447809307
job 66_XPY_48 started 1785447809307 core=5
job 48_XPY_48 end 1785447874083
job 87_DOT_84 started 1785447874083 core=0
job 66_XPY_48 end 1785447876781
job 92_SUM_84 started 1785447876781 core=5
job 43_SUM_132 end 1785447882514
job 98_XPY_60 started 1785447882515 core=1
job 53_XPY_60 end 1785447902024
job 56_SUM_108 started 1785447902024 core=4
job 92_SUM_84 end 1785447964564
job 57_SUM_132 started 1785447964564 core=5
job 98_XPY_60 end 1785447980454
job 67_DOT_84 started 1785447980455 core=1
job 87_DOT_84 end 1785447980621
job 71_COPY_60 started 1785447980621 core=0
job 56_SUM_108 end 1785447993990
job 72_XPY_60 started 1785447993990 core=4
job 67_DOT_84 end 1785448073991
job 89_DOT_84 started 1785448073991 core=1
job 57_SUM_132 end 1785448074218
job 91_DOT_84 started 1785448074219 core=5
job 71_COPY_60 end 1785448116755
job 73_XPY_60 started 1785448116755 core=0
job 72_XPY_60 end 1785448119323
job 77_DOT_36 started 1785448119323 core=4
job 77_DOT_36 end 1785448184259
job 99_COPY_84 started 1785448184259 core=4
job 89_DOT_84 end 1785448187406
job 91_DOT_84 end 1785448187618
job 73_XPY_60 end 1785448208345
job 99_COPY_84 end 1785448236556
  итерация 1: 1873666 ms
job 7_TGAMMA_120 started 1785448236557 core=5
job 8_TGAMMA_120 started 1785448236557 core=0
job 16_TGAMMA_60 started 1785448236557 core=4
job 22_TGAMMA_60 started 1785448236557 core=1
job 22_TGAMMA_60 end 1785448270356
job 15_POW_12 started 1785448270356 core=1
job 16_TGAMMA_60 end 1785448270364
job 17_TGAMMA_12 started 1785448270380 core=4
job 17_TGAMMA_12 end 1785448277155
job 5_POW_36 started 1785448277155 core=4
job 15_POW_12 end 1785448295188
job 46_SUM_84 started 1785448295188 core=1
job 7_TGAMMA_120 end 1785448304487
job 11_TGAMMA_60 started 1785448304487 core=5
job 8_TGAMMA_120 end 1785448304592
job 0_TGAMMA_60 started 1785448304592 core=0
job 46_SUM_84 end 1785448325371
job 1_TGAMMA_120 started 1785448325371 core=1
job 11_TGAMMA_60 end 1785448338789
job 10_TGAMMA_120 started 1785448338789 core=5
job 0_TGAMMA_60 end 1785448338895
job 38_XPY_48 started 1785448338895 core=0
job 5_POW_36 end 1785448358402
job 2_TGAMMA_12 started 1785448358402 core=4
job 2_TGAMMA_12 end 1785448365333
job 12_POW_12 started 1785448365333 core=4
job 38_XPY_48 end 1785448375309
job 24_TGAMMA_60 started 1785448375310 core=0
job 12_POW_12 end 1785448392185
job 39_SUM_108 started 1785448392186 core=4
job 1_TGAMMA_120 end 1785448393315
job 14_TGAMMA_60 started 1785448393315 core=1
job 10_TGAMMA_120 end 1785448406868
job 3_TGAMMA_12 started 1785448406868 core=5
job 24_TGAMMA_60 end 1785448409442
job 51_XPY_60 started 1785448409442 core=0
job 3_TGAMMA_12 end 1785448413680
job 41_SUM_108 started 1785448413680 core=5
job 14_TGAMMA_60 end 1785448427722
job 86_SUM_84 started 1785448427722 core=1
job 39_SUM_108 end 1785448455942
job 13_TGAMMA_12 started 1785448455942 core=4
job 13_TGAMMA_12 end 1785448463303
job 6_POW_12 started 1785448463303 core=4
job 41_SUM_108 end 1785448478840
job 32_SUM_84 started 1785448478841 core=5
job 86_SUM_84 end 1785448484047
job 20_TGAMMA_60 started 1785448484047 core=1
job 51_XPY_60 end 1785448499802
job 4_TGAMMA_60 started 1785448499802 core=0
job 6_POW_12 end 1785448507907
job 45_SUM_108 started 1785448507909 core=4
job 32_SUM_84 end 1785448514876
job 55_SUM_108 started 1785448514876 core=5
job 20_TGAMMA_60 end 1785448518882
job 19_TGAMMA_12 started 1785448518883 core=1
job 19_TGAMMA_12 end 1785448525948
job 69_SUM_108 started 1785448525948 core=1
job 4_TGAMMA_60 end 1785448534836
job 21_TGAMMA_120 started 1785448534836 core=0
job 45_SUM_108 end 1785448557507
job 50_COPY_84 started 1785448557507 core=4
job 55_SUM_108 end 1785448583438
job 9_TGAMMA_60 started 1785448583438 core=5
job 69_SUM_108 end 1785448593343
job 59_COPY_84 started 1785448593343 core=1
job 21_TGAMMA_120 end 1785448606118
job 92_SUM_84 started 1785448606119 core=0
job 9_TGAMMA_60 end 1785448618537
job 33_COPY_60 started 1785448618538 core=5
job 50_COPY_84 end 1785448669391
job 65_COPY_60 started 1785448669391 core=4
job 92_SUM_84 end 1785448682819
job 25_POW_36 started 1785448682819 core=0
job 33_COPY_60 end 1785448733678
job 94_SUM_108 started 1785448733679 core=5
job 59_COPY_84 end 1785448735478
job 70_XPY_60 started 1785448735478 core=1
job 65_COPY_60 end 1785448756216
job 18_TGAMMA_12 started 1785448756217 core=4
job 18_TGAMMA_12 end 1785448763115
job 47_DOT_84 started 1785448763115 core=4
job 25_POW_36 end 1785448804146
job 23_TGAMMA_12 started 1785448804146 core=0
job 23_TGAMMA_12 end 1785448811278
job 72_XPY_60 started 1785448811279 core=0
job 70_XPY_60 end 1785448824541
job 28_POW_36 started 1785448824542 core=1
job 94_SUM_108 end 1785448834877
job 26_POW_12 started 1785448834878 core=5
job 26_POW_12 end 1785448867399
job 27_POW_24 started 1785448867400 core=5
job 47_DOT_84 end 1785448872433
job 29_TGAMMA_60 started 1785448872433 core=4
job 72_XPY_60 end 1785448899215
job 63_SUM_108 started 1785448899215 core=0
job 29_TGAMMA_60 end 1785448907835
job 31_SUM_108 started 1785448907836 core=4
job 28_POW_36 end 1785448922011
job 49_SUM_84 started 1785448922011 core=1
job 27_POW_24 end 1785448933530
job 88_SUM_132 started 1785448933530 core=5
job 63_SUM_108 end 1785448971906
job 74_DOT_36 started 1785448971907 core=0
job 49_SUM_84 end 1785448984553
job 30_DOT_36 started 1785448984553 core=1
job 31_SUM_108 end 1785448989330
job 64_SUM_84 started 1785448989330 core=4
job 74_DOT_36 end 1785449018527
job 48_XPY_48 started 1785449018528 core=0
job 30_DOT_36 end 1785449029583
job 37_SUM_132 started 1785449029583 core=1
job 88_SUM_132 end 1785449039440
job 66_XPY_48 started 1785449039440 core=5
job 64_SUM_84 end 1785449067988
job 76_SUM_108 started 1785449067988 core=4
job 48_XPY_48 end 1785449095606
job 53_XPY_60 started 1785449095607 core=0
job 66_XPY_48 end 1785449114056
job 80_SUM_108 started 1785449114057 core=5
job 37_SUM_132 end 1785449138524
job 68_DOT_84 started 1785449138524 core=1
job 76_SUM_108 end 1785449178928
job 56_SUM_108 started 1785449178928 core=4
job 53_XPY_60 end 1785449193274
job 34_XPY_48 started 1785449193274 core=0
job 80_SUM_108 end 1785449198170
job 62_XPY_48 started 1785449198171 core=5
job 68_DOT_84 end 1785449250332
job 71_COPY_60 started 1785449250333 core=1
job 34_XPY_48 end 1785449267377
job 40_DOT_36 started 1785449267377 core=0
job 56_SUM_108 end 1785449279564
job 61_SUM_108 started 1785449279564 core=4
job 62_XPY_48 end 1785449284201
job 75_SUM_108 started 1785449284202 core=5
job 40_DOT_36 end 1785449308573
job 87_DOT_84 started 1785449308573 core=0
job 71_COPY_60 end 1785449359133
job 78_COPY_60 started 1785449359133 core=1
job 61_SUM_108 end 1785449368321
job 35_DOT_84 started 1785449368321 core=4
job 75_SUM_108 end 1785449401989
job 36_XPY_48 started 1785449401990 core=5
job 87_DOT_84 end 1785449412811
job 77_DOT_36 started 1785449412812 core=0
job 77_DOT_36 end 1785449460035
job 82_DOT_36 started 1785449460038 core=0
job 35_DOT_84 end 1785449479925
job 42_DOT_36 started 1785449479926 core=4
job 78_COPY_60 end 1785449483143
job 52_COPY_84 started 1785449483143 core=1
job 36_XPY_48 end 1785449502273
job 43_SUM_132 started 1785449502273 core=5
job 82_DOT_36 end 1785449507220
job 60_COPY_60 started 1785449507220 core=0
job 42_DOT_36 end 1785449530992
job 90_SUM_84 started 1785449530992 core=4
job 60_COPY_60 end 1785449600418
job 44_COPY_60 started 1785449600418 core=0
job 90_SUM_84 end 1785449612048
job 79_SUM_108 started 1785449612048 core=4
job 52_COPY_84 end 1785449616635
job 54_SUM_132 started 1785449616635 core=1
job 43_SUM_132 end 1785449627631
job 91_DOT_84 started 1785449627631 core=5
job 44_COPY_60 end 1785449699039
job 95_SUM_108 started 1785449699040 core=0
job 79_SUM_108 end 1785449720398
job 83_XPY_60 started 1785449720398 core=4
job 54_SUM_132 end 1785449725461
job 97_XPY_48 started 1785449725461 core=1
job 91_DOT_84 end 1785449727262
job 84_SUM_84 started 1785449727262 core=5
job 97_XPY_48 end 1785449800075
job 89_DOT_84 started 1785449800075 core=1
job 95_SUM_108 end 1785449800814
job 98_XPY_60 started 1785449800814 core=0
job 84_SUM_84 end 1785449803512
job 93_SUM_84 started 1785449803512 core=5
job 83_XPY_60 end 1785449813098
job 73_XPY_60 started 1785449813099 core=4
job 93_SUM_84 end 1785449870026
job 81_XPY_60 started 1785449870026 core=5
job 89_DOT_84 end 1785449901797
job 96_XPY_48 started 1785449901797 core=1
job 98_XPY_60 end 1785449925890
job 85_XPY_60 started 1785449925891 core=0
job 73_XPY_60 end 1785449935929
job 57_SUM_132 started 1785449935930 core=4
job 81_XPY_60 end 1785449978722
job 58_DOT_84 started 1785449978722 core=5
job 96_XPY_48 end 1785449992168
job 67_DOT_84 started 1785449992168 core=1
job 85_XPY_60 end 1785450017900
job 99_COPY_84 started 1785450017900 core=0
job 57_SUM_132 end 1785450071506
job 58_DOT_84 end 1785450095181
job 67_DOT_84 end 1785450100555
job 99_COPY_84 end 1785450112671
  итерация 2: 1876114 ms
  среднее по 3 итерациям: 1882075 ms
=== Выполняется проект: no_po_cpu30_memory70_2.txt (100 работ, базовый прогон oneTBB) ===
job 5_POW_12 started 1785450112672 core=1
job 1_POW_24 started 1785450112672 core=0
job 9_POW_24 started 1785450112672 core=5
job 11_TGAMMA_120 started 1785450112673 core=4
job 5_POW_12 end 1785450139608
job 6_POW_24 started 1785450139608 core=1
job 1_POW_24 end 1785450165214
job 13_POW_24 started 1785450165214 core=0
job 9_POW_24 end 1785450166462
job 17_POW_36 started 1785450166462 core=5
job 11_TGAMMA_120 end 1785450181271
job 10_POW_24 started 1785450181271 core=4
job 6_POW_24 end 1785450195251
job 2_POW_24 started 1785450195251 core=1
job 13_POW_24 end 1785450224552
job 4_POW_36 started 1785450224553 core=0
job 10_POW_24 end 1785450243514
job 7_POW_12 started 1785450243515 core=4
job 17_POW_36 end 1785450257326
job 12_TGAMMA_60 started 1785450257327 core=5
job 2_POW_24 end 1785450257356
job 3_TGAMMA_120 started 1785450257356 core=1
job 7_POW_12 end 1785450271367
job 0_TGAMMA_12 started 1785450271367 core=4
job 0_TGAMMA_12 end 1785450278133
job 35_XPY_60 started 1785450278133 core=4
job 12_TGAMMA_60 end 1785450291427
job 14_POW_36 started 1785450291428 core=5
job 4_POW_36 end 1785450320550
job 30_COPY_84 started 1785450320550 core=0
job 3_TGAMMA_120 end 1785450325733
job 15_TGAMMA_60 started 1785450325733 core=1
job 35_XPY_60 end 1785450342066
job 22_TGAMMA_60 started 1785450342067 core=4
job 15_TGAMMA_60 end 1785450360037
job 29_POW_36 started 1785450360037 core=1
job 14_POW_36 end 1785450372136
job 19_POW_12 started 1785450372136 core=5
job 22_TGAMMA_60 end 1785450377093
job 40_XPY_48 started 1785450377093 core=4
job 19_POW_12 end 1785450402554
job 55_DOT_84 started 1785450402555 core=5
job 30_COPY_84 end 1785450449175
job 23_TGAMMA_12 started 1785450449176 core=0
job 23_TGAMMA_12 end 1785450456506
job 57_COPY_60 started 1785450456506 core=0
job 29_POW_36 end 1785450462069
job 16_POW_24 started 1785450462069 core=1
job 40_XPY_48 end 1785450464566
job 31_COPY_84 started 1785450464566 core=4
job 55_DOT_84 end 1785450493374
job 18_POW_24 started 1785450493375 core=5
job 16_POW_24 end 1785450528546
job 8_TGAMMA_60 started 1785450528546 core=1
job 18_POW_24 end 1785450550721
job 20_POW_36 started 1785450550721 core=5
job 8_TGAMMA_60 end 1785450562859
job 41_SUM_132 started 1785450562860 core=1
job 57_COPY_60 end 1785450563865
job 24_POW_12 started 1785450563865 core=0
job 31_COPY_84 end 1785450608536
job 25_TGAMMA_60 started 1785450608537 core=4
job 24_POW_12 end 1785450609629
job 21_TGAMMA_12 started 1785450609629 core=0
job 21_TGAMMA_12 end 1785450616451
job 44_SUM_84 started 1785450616451 core=0
job 41_SUM_132 end 1785450639284
job 28_POW_12 started 1785450639284 core=1
job 25_TGAMMA_60 end 1785450643337
job 68_SUM_84 started 1785450643337 core=4
job 20_POW_36 end 1785450647401
job 52_XPY_48 started 1785450647401 core=5
job 44_SUM_84 end 1785450659379
job 32_XPY_48 started 1785450659379 core=0
job 28_POW_12 end 1785450682762
job 87_SUM_132 started 1785450682762 core=1
job 68_SUM_84 end 1785450713692
job 42_DOT_36 started 1785450713692 core=4
job 52_XPY_48 end 1785450722706
job 34_DOT_84 started 1785450722707 core=5
job 32_XPY_48 end 1785450734963
job 91_DOT_36 started 1785450734963 core=0
job 42_DOT_36 end 1785450770608
job 26_POW_12 started 1785450770608 core=4
job 91_DOT_36 end 1785450786548
job 33_SUM_132 started 1785450786549 core=0
job 87_SUM_132 end 1785450800629
job 36_XPY_60 started 1785450800629 core=1
job 26_POW_12 end 1785450810351
job 54_SUM_132 started 1785450810352 core=4
job 34_DOT_84 end 1785450837682
job 38_COPY_60 started 1785450837682 core=5
job 33_SUM_132 end 1785450875069
job 27_POW_36 started 1785450875070 core=0
job 54_SUM_132 end 1785450895904
job 39_XPY_48 started 1785450895905 core=4
job 36_XPY_60 end 1785450915732
job 37_SUM_84 started 1785450915732 core=1
job 38_COPY_60 end 1785450952230
job 46_COPY_60 started 1785450952230 core=5
job 39_XPY_48 end 1785450963811
job 58_DOT_84 started 1785450963811 core=4
job 37_SUM_84 end 1785450996352
job 76_SUM_84 started 1785450996352 core=1
job 27_POW_36 end 1785451001208
job 78_XPY_60 started 1785451001208 core=0
job 46_COPY_60 end 1785451044037
job 98_SUM_132 started 1785451044037 core=5
job 76_SUM_84 end 1785451069308
job 45_COPY_84 started 1785451069309 core=1
job 58_DOT_84 end 1785451083988
job 61_DOT_36 started 1785451083989 core=4
job 78_XPY_60 end 1785451105862
job 49_DOT_84 started 1785451105863 core=0
job 61_DOT_36 end 1785451136644
job 51_DOT_36 started 1785451136644 core=4
job 98_SUM_132 end 1785451168498
job 53_XPY_48 started 1785451168498 core=5
job 51_DOT_36 end 1785451185088
job 43_SUM_108 started 1785451185089 core=4
job 49_DOT_84 end 1785451214002
job 62_SUM_132 started 1785451214002 core=0
job 45_COPY_84 end 1785451221258
job 63_DOT_84 started 1785451221258 core=1
job 43_SUM_108 end 1785451262479
job 67_DOT_84 started 1785451262479 core=4
job 53_XPY_48 end 1785451263669
job 66_SUM_108 started 1785451263669 core=5
job 62_SUM_132 end 1785451318229
job 71_DOT_36 started 1785451318229 core=0
job 63_DOT_84 end 1785451343081
job 90_SUM_84 started 1785451343081 core=1
job 66_SUM_108 end 1785451359145
job 47_SUM_108 started 1785451359146 core=5
job 71_DOT_36 end 1785451372637
job 48_SUM_132 started 1785451372638 core=0
job 67_DOT_84 end 1785451378406
job 50_DOT_84 started 1785451378406 core=4
job 90_SUM_84 end 1785451406462
job 56_SUM_108 started 1785451406462 core=1
job 47_SUM_108 end 1785451440619
job 79_DOT_84 started 1785451440619 core=5
job 50_DOT_84 end 1785451485537
job 80_COPY_60 started 1785451485537 core=4
job 48_SUM_132 end 1785451495224
job 82_XPY_48 started 1785451495225 core=0
job 56_SUM_108 end 1785451497416
job 88_DOT_84 started 1785451497416 core=1
job 79_DOT_84 end 1785451548208
job 64_DOT_84 started 1785451548208 core=5
job 82_XPY_48 end 1785451595833
job 69_SUM_84 started 1785451595834 core=0
job 88_DOT_84 end 1785451607748
job 72_COPY_60 started 1785451607748 core=1
job 80_COPY_60 end 1785451614182
job 73_XPY_60 started 1785451614183 core=4
job 64_DOT_84 end 1785451669856
job 59_XPY_60 started 1785451669856 core=5
job 69_SUM_84 end 1785451680544
job 60_SUM_108 started 1785451680544 core=0
job 73_XPY_60 end 1785451701979
job 70_SUM_132 started 1785451701980 core=4
job 72_COPY_60 end 1785451719884
job 74_SUM_132 started 1785451719884 core=1
job 60_SUM_108 end 1785451759461
job 77_DOT_84 started 1785451759461 core=0
job 59_XPY_60 end 1785451776498
job 85_XPY_60 started 1785451776498 core=5
job 70_SUM_132 end 1785451797559
job 93_DOT_84 started 1785451797560 core=4
job 74_SUM_132 end 1785451866326
job 65_SUM_108 started 1785451866326 core=1
job 77_DOT_84 end 1785451867945
job 84_SUM_84 started 1785451867945 core=0
job 85_XPY_60 end 1785451876454
job 89_XPY_60 started 1785451876455 core=5
job 93_DOT_84 end 1785451905733
job 92_XPY_60 started 1785451905734 core=4
job 84_SUM_84 end 1785451943789
job 99_SUM_84 started 1785451943790 core=0
job 89_XPY_60 end 1785451968570
job 83_SUM_84 started 1785451968571 core=5
job 65_SUM_108 end 1785451974795
job 94_SUM_108 started 1785451974795 core=1
job 92_XPY_60 end 1785451997320
job 97_DOT_84 started 1785451997320 core=4
job 99_SUM_84 end 1785452027853
job 75_DOT_84 started 1785452027853 core=0
job 83_SUM_84 end 1785452028854
job 81_XPY_60 started 1785452028855 core=5
job 94_SUM_108 end 1785452062248
job 86_DOT_84 started 1785452062249 core=1
job 97_DOT_84 end 1785452110772
job 95_COPY_60 started 1785452110775 core=4
job 81_XPY_60 end 1785452137041
job 96_DOT_84 started 1785452137041 core=5
job 75_DOT_84 end 1785452150417
job 86_DOT_84 end 1785452191722
job 95_COPY_60 end 1785452192694
job 96_DOT_84 end 1785452211065
  итерация 0: 2098394 ms
job 0_TGAMMA_12 started 1785452211066 core=5
job 3_TGAMMA_120 started 1785452211066 core=4
job 20_POW_36 started 1785452211066 core=1
job 24_POW_12 started 1785452211066 core=0
job 0_TGAMMA_12 end 1785452217871
job 13_POW_24 started 1785452217871 core=5
job 24_POW_12 end 1785452237009
job 15_TGAMMA_60 started 1785452237009 core=0
job 13_POW_24 end 1785452269466
job 14_POW_36 started 1785452269466 core=5
job 15_TGAMMA_60 end 1785452271009
job 25_TGAMMA_60 started 1785452271010 core=0
job 3_TGAMMA_120 end 1785452279293
job 19_POW_12 started 1785452279293 core=4
job 20_POW_36 end 1785452288736
job 54_SUM_132 started 1785452288736 core=1
job 25_TGAMMA_60 end 1785452305615
job 2_POW_24 started 1785452305617 core=0
job 19_POW_12 end 1785452306649
job 37_SUM_84 started 1785452306650 core=4
job 37_SUM_84 end 1785452362089
job 4_POW_36 started 1785452362090 core=4
job 14_POW_36 end 1785452367599
job 9_POW_24 started 1785452367599 core=5
job 54_SUM_132 end 1785452370638
job 39_XPY_48 started 1785452370639 core=1
job 2_POW_24 end 1785452377484
job 1_POW_24 started 1785452377485 core=0
job 39_XPY_48 end 1785452436864
job 10_POW_24 started 1785452436864 core=1
job 1_POW_24 end 1785452439345
job 12_TGAMMA_60 started 1785452439345 core=0
job 9_POW_24 end 1785452450741
job 6_POW_24 started 1785452450741 core=5
job 4_POW_36 end 1785452452956
job 7_POW_12 started 1785452452956 core=4
job 12_TGAMMA_60 end 1785452473740
job 31_COPY_84 started 1785452473740 core=0
job 7_POW_12 end 1785452482326
job 18_POW_24 started 1785452482327 core=4
job 10_POW_24 end 1785452493348
job 8_TGAMMA_60 started 1785452493348 core=1
job 6_POW_24 end 1785452506581
job 21_TGAMMA_12 started 1785452506581 core=5
job 21_TGAMMA_12 end 1785452513384
job 38_COPY_60 started 1785452513384 core=5
job 8_TGAMMA_60 end 1785452527973
job 28_POW_12 started 1785452527973 core=1
job 18_POW_24 end 1785452562371
job 49_DOT_84 started 1785452562371 core=4
job 28_POW_12 end 1785452570313
job 53_XPY_48 started 1785452570313 core=1
job 31_COPY_84 end 1785452588229
job 5_POW_12 started 1785452588229 core=0
job 38_COPY_60 end 1785452608511
job 11_TGAMMA_120 started 1785452608512 core=5
job 5_POW_12 end 1785452625530
job 27_POW_36 started 1785452625530 core=0
job 53_XPY_48 end 1785452644747
job 17_POW_36 started 1785452644747 core=1
job 49_DOT_84 end 1785452658662
job 22_TGAMMA_60 started 1785452658662 core=4
job 11_TGAMMA_120 end 1785452678994
job 34_DOT_84 started 1785452678994 core=5
job 22_TGAMMA_60 end 1785452692837
job 52_XPY_48 started 1785452692837 core=4
job 27_POW_36 end 1785452732261
job 56_SUM_108 started 1785452732261 core=0
job 17_POW_36 end 1785452741108
job 61_DOT_36 started 1785452741108 core=1
job 52_XPY_48 end 1785452770931
job 65_SUM_108 started 1785452770932 core=4
job 34_DOT_84 end 1785452775529
job 67_DOT_84 started 1785452775530 core=5
job 61_DOT_36 end 1785452792537
job 69_SUM_84 started 1785452792537 core=1
job 56_SUM_108 end 1785452824353
job 40_XPY_48 started 1785452824354 core=0
job 65_SUM_108 end 1785452862271
job 50_DOT_84 started 1785452862271 core=4
job 69_SUM_84 end 1785452865182
job 51_DOT_36 started 1785452865182 core=1
job 67_DOT_84 end 1785452883132
job 59_XPY_60 started 1785452883133 core=5
job 40_XPY_48 end 1785452909329
job 16_POW_24 started 1785452909330 core=0
job 51_DOT_36 end 1785452920598
job 41_SUM_132 started 1785452920598 core=1
job 50_DOT_84 end 1785452972843
job 48_SUM_132 started 1785452972844 core=4
job 59_XPY_60 end 1785452981682
job 60_SUM_108 started 1785452981683 core=5
job 16_POW_24 end 1785452987615
job 26_POW_12 started 1785452987616 core=0
job 26_POW_12 end 1785453025678
job 29_POW_36 started 1785453025678 core=0
job 41_SUM_132 end 1785453034748
job 32_XPY_48 started 1785453034748 core=1
job 48_SUM_132 end 1785453060551
job 42_DOT_36 started 1785453060552 core=4
job 60_SUM_108 end 1785453067519
job 46_COPY_60 started 1785453067520 core=5
job 42_DOT_36 end 1785453099564
job 30_COPY_84 started 1785453099564 core=4
job 32_XPY_48 end 1785453119410
job 33_SUM_132 started 1785453119410 core=1
job 29_POW_36 end 1785453141269
job 73_XPY_60 started 1785453141269 core=0
job 46_COPY_60 end 1785453172070
job 90_SUM_84 started 1785453172070 core=5
job 33_SUM_132 end 1785453219067
job 78_XPY_60 started 1785453219068 core=1
job 90_SUM_84 end 1785453229713
job 82_XPY_48 started 1785453229713 core=5
job 73_XPY_60 end 1785453256521
job 23_TGAMMA_12 started 1785453256521 core=0
job 30_COPY_84 end 1785453258561
job 83_SUM_84 started 1785453258561 core=4
job 23_TGAMMA_12 end 1785453263553
job 64_DOT_84 started 1785453263553 core=0
job 83_SUM_84 end 1785453320595
job 35_XPY_60 started 1785453320596 core=4
job 82_XPY_48 end 1785453328881
job 36_XPY_60 started 1785453328881 core=5
job 78_XPY_60 end 1785453336034
job 43_SUM_108 started 1785453336035 core=1
job 64_DOT_84 end 1785453372378
job 76_SUM_84 started 1785453372379 core=0
job 35_XPY_60 end 1785453415528
job 70_SUM_132 started 1785453415528 core=4
job 36_XPY_60 end 1785453423421
job 81_XPY_60 started 1785453423422 core=5
job 43_SUM_108 end 1785453441501
job 84_SUM_84 started 1785453441501 core=1
job 76_SUM_84 end 1785453443653
job 75_DOT_84 started 1785453443653 core=0
job 70_SUM_132 end 1785453518559
job 77_DOT_84 started 1785453518559 core=4
job 81_XPY_60 end 1785453522514
job 92_XPY_60 started 1785453522514 core=5
job 84_SUM_84 end 1785453534311
job 97_DOT_84 started 1785453534311 core=1
job 75_DOT_84 end 1785453545535
job 63_DOT_84 started 1785453545536 core=0
job 77_DOT_84 end 1785453634594
job 80_COPY_60 started 1785453634595 core=4
job 92_XPY_60 end 1785453635482
job 86_DOT_84 started 1785453635482 core=5
job 63_DOT_84 end 1785453670448
job 47_SUM_108 started 1785453670448 core=0
job 97_DOT_84 end 1785453673736
job 87_SUM_132 started 1785453673737 core=1
job 86_DOT_84 end 1785453739352
job 68_SUM_84 started 1785453739352 core=5
job 80_COPY_60 end 1785453739464
job 79_DOT_84 started 1785453739464 core=4
job 87_SUM_132 end 1785453779086
job 85_XPY_60 started 1785453779087 core=1
job 47_SUM_108 end 1785453781315
job 44_SUM_84 started 1785453781315 core=0
job 68_SUM_84 end 1785453813240
job 58_DOT_84 started 1785453813240 core=5
job 79_DOT_84 end 1785453840960
job 66_SUM_108 started 1785453840960 core=4
job 44_SUM_84 end 1785453849545
job 89_XPY_60 started 1785453849546 core=0
job 85_XPY_60 end 1785453883850
job 71_DOT_36 started 1785453883850 core=1
job 71_DOT_36 end 1785453933213
job 45_COPY_84 started 1785453933213 core=1
job 58_DOT_84 end 1785453943709
job 55_DOT_84 started 1785453943709 core=5
job 89_XPY_60 end 1785453944818
job 98_SUM_132 started 1785453944818 core=0
job 66_SUM_108 end 1785453948104
job 57_COPY_60 started 1785453948104 core=4
job 57_COPY_60 end 1785454038747
job 93_DOT_84 started 1785454038749 core=4
job 98_SUM_132 end 1785454068978
job 88_DOT_84 started 1785454068979 core=0
job 45_COPY_84 end 1785454079565
job 94_SUM_108 started 1785454079566 core=1
job 55_DOT_84 end 1785454082606
job 99_SUM_84 started 1785454082606 core=5
job 99_SUM_84 end 1785454146503
job 96_DOT_84 started 1785454146503 core=5
job 93_DOT_84 end 1785454155750
job 74_SUM_132 started 1785454155750 core=4
job 94_SUM_108 end 1785454165364
job 95_COPY_60 started 1785454165364 core=1
job 88_DOT_84 end 1785454187083
job 62_SUM_132 started 1785454187083 core=0
job 74_SUM_132 end 1785454253421
job 72_COPY_60 started 1785454253422 core=4
job 95_COPY_60 end 1785454276669
job 91_DOT_36 started 1785454276669 core=1
job 96_DOT_84 end 1785454284144
job 62_SUM_132 end 1785454289963
job 91_DOT_36 end 1785454305421
job 72_COPY_60 end 1785454315333
  итерация 1: 2104267 ms
job 10_POW_24 started 1785454315333 core=4
job 4_POW_36 started 1785454315333 core=1
job 9_POW_24 started 1785454315333 core=0
job 31_COPY_84 started 1785454315333 core=5
job 10_POW_24 end 1785454376873
job 0_TGAMMA_12 started 1785454376873 core=4
job 9_POW_24 end 1785454376997
job 1_POW_24 started 1785454376997 core=0
job 0_TGAMMA_12 end 1785454383747
job 18_POW_24 started 1785454383747 core=4
job 31_COPY_84 end 1785454435419
job 2_POW_24 started 1785454435420 core=5
job 1_POW_24 end 1785454437565
job 3_TGAMMA_120 started 1785454437565 core=0
job 4_POW_36 end 1785454440454
job 13_POW_24 started 1785454440454 core=1
job 18_POW_24 end 1785454444157
job 8_TGAMMA_60 started 1785454444157 core=4
job 8_TGAMMA_60 end 1785454478112
job 42_DOT_36 started 1785454478112 core=4
job 2_POW_24 end 1785454489658
job 6_POW_24 started 1785454489658 core=5
job 13_POW_24 end 1785454495564
job 7_POW_12 started 1785454495564 core=1
job 3_TGAMMA_120 end 1785454506453
job 11_TGAMMA_120 started 1785454506454 core=0
job 42_DOT_36 end 1785454507728
job 16_POW_24 started 1785454507728 core=4
job 7_POW_12 end 1785454524896
job 21_TGAMMA_12 started 1785454524896 core=1
job 21_TGAMMA_12 end 1785454531698
job 15_TGAMMA_60 started 1785454531699 core=1
job 6_POW_24 end 1785454545678
job 23_TGAMMA_12 started 1785454545678 core=5
job 23_TGAMMA_12 end 1785454552438
job 19_POW_12 started 1785454552438 core=5
job 16_POW_24 end 1785454558474
job 14_POW_36 started 1785454558474 core=4
job 15_TGAMMA_60 end 1785454565692
job 5_POW_12 started 1785454565692 core=1
job 11_TGAMMA_120 end 1785454574834
job 54_SUM_132 started 1785454574834 core=0
job 19_POW_12 end 1785454579025
job 22_TGAMMA_60 started 1785454579025 core=5
job 5_POW_12 end 1785454593366
job 30_COPY_84 started 1785454593366 core=1
job 22_TGAMMA_60 end 1785454614213
job 34_DOT_84 started 1785454614213 core=5
job 54_SUM_132 end 1785454652638
job 24_POW_12 started 1785454652638 core=0
job 14_POW_36 end 1785454652652
job 40_XPY_48 started 1785454652652 core=4
job 24_POW_12 end 1785454701963
job 38_COPY_60 started 1785454701963 core=0
job 30_COPY_84 end 1785454727140
job 12_TGAMMA_60 started 1785454727141 core=1
job 40_XPY_48 end 1785454728747
job 75_DOT_84 started 1785454728747 core=4
job 34_DOT_84 end 1785454737422
job 17_POW_36 started 1785454737422 core=5
job 12_TGAMMA_60 end 1785454761774
job 44_SUM_84 started 1785454761774 core=1
job 38_COPY_60 end 1785454806817
job 27_POW_36 started 1785454806817 core=0
job 44_SUM_84 end 1785454815138
job 26_POW_12 started 1785454815139 core=1
job 17_POW_36 end 1785454835104
job 50_DOT_84 started 1785454835104 core=5
job 75_DOT_84 end 1785454843907
job 28_POW_12 started 1785454843907 core=4
job 26_POW_12 end 1785454851944
job 20_POW_36 started 1785454851944 core=1
job 28_POW_12 end 1785454877865
job 39_XPY_48 started 1785454877865 core=4
job 50_DOT_84 end 1785454927998
job 36_XPY_60 started 1785454927998 core=5
job 27_POW_36 end 1785454932842
job 58_DOT_84 started 1785454932842 core=0
job 39_XPY_48 end 1785454952443
job 46_COPY_60 started 1785454952443 core=4
job 20_POW_36 end 1785454976309
job 52_XPY_48 started 1785454976309 core=1
job 36_XPY_60 end 1785455028928
job 25_TGAMMA_60 started 1785455028928 core=5
job 46_COPY_60 end 1785455049414
job 61_DOT_36 started 1785455049415 core=4
job 52_XPY_48 end 1785455055734
job 78_XPY_60 started 1785455055734 core=1
job 58_DOT_84 end 1785455059639
job 48_SUM_132 started 1785455059639 core=0
job 25_TGAMMA_60 end 1785455064980
job 59_XPY_60 started 1785455064980 core=5
job 61_DOT_36 end 1785455090934
job 53_XPY_48 started 1785455090934 core=4
job 53_XPY_48 end 1785455160543
job 33_SUM_132 started 1785455160543 core=4
job 48_SUM_132 end 1785455169804
job 37_SUM_84 started 1785455169804 core=0
job 78_XPY_60 end 1785455172229
job 29_POW_36 started 1785455172230 core=1
job 59_XPY_60 end 1785455185067
job 84_SUM_84 started 1785455185067 core=5
job 37_SUM_84 end 1785455228463
job 66_SUM_108 started 1785455228463 core=0
job 84_SUM_84 end 1785455243604
job 32_XPY_48 started 1785455243604 core=5
job 33_SUM_132 end 1785455251915
job 74_SUM_132 started 1785455251915 core=4
job 66_SUM_108 end 1785455301132
job 35_XPY_60 started 1785455301133 core=0
job 29_POW_36 end 1785455308514
job 51_DOT_36 started 1785455308514 core=1
job 32_XPY_48 end 1785455321117
job 57_COPY_60 started 1785455321118 core=5
job 74_SUM_132 end 1785455356458
job 55_DOT_84 started 1785455356458 core=4
job 51_DOT_36 end 1785455366026
job 47_SUM_108 started 1785455366026 core=1
job 35_XPY_60 end 1785455395841
job 60_SUM_108 started 1785455395842 core=0
job 57_COPY_60 end 1785455419190
job 62_SUM_132 started 1785455419190 core=5
job 47_SUM_108 end 1785455462672
job 76_SUM_84 started 1785455462673 core=1
job 55_DOT_84 end 1785455469748
job 71_DOT_36 started 1785455469748 core=4
job 60_SUM_108 end 1785455492362
job 65_SUM_108 started 1785455492362 core=0
job 71_DOT_36 end 1785455516162
job 72_COPY_60 started 1785455516162 core=4
job 62_SUM_132 end 1785455518698
job 96_DOT_84 started 1785455518699 core=5
job 76_SUM_84 end 1785455526312
job 56_SUM_108 started 1785455526312 core=1
job 65_SUM_108 end 1785455601431
job 97_DOT_84 started 1785455601432 core=0
job 56_SUM_108 end 1785455615996
job 41_SUM_132 started 1785455615996 core=1
job 96_DOT_84 end 1785455616796
job 63_DOT_84 started 1785455616796 core=5
job 72_COPY_60 end 1785455620507
job 98_SUM_132 started 1785455620507 core=4
job 97_DOT_84 end 1785455715365
job 70_SUM_132 started 1785455715367 core=0
job 63_DOT_84 end 1785455724295
job 43_SUM_108 started 1785455724296 core=5
job 41_SUM_132 end 1785455734840
job 83_SUM_84 started 1785455734840 core=1
job 98_SUM_132 end 1785455737101
job 80_COPY_60 started 1785455737102 core=4
job 83_SUM_84 end 1785455792375
job 64_DOT_84 started 1785455792375 core=1
job 43_SUM_108 end 1785455800697
job 85_XPY_60 started 1785455800697 core=5
job 80_COPY_60 end 1785455833304
job 45_COPY_84 started 1785455833304 core=4
job 70_SUM_132 end 1785455844729
job 49_DOT_84 started 1785455844730 core=0
job 85_XPY_60 end 1785455903562
job 67_DOT_84 started 1785455903563 core=5
job 64_DOT_84 end 1785455921258
job 79_DOT_84 started 1785455921259 core=1
job 45_COPY_84 end 1785455983824
job 86_DOT_84 started 1785455983824 core=4
job 49_DOT_84 end 1785455988999
job 91_DOT_36 started 1785455988999 core=0
job 67_DOT_84 end 1785456023238
job 89_XPY_60 started 1785456023238 core=5
job 91_DOT_36 end 1785456042166
job 88_DOT_84 started 1785456042167 core=0
job 79_DOT_84 end 1785456045565
job 73_XPY_60 started 1785456045565 core=1
job 86_DOT_84 end 1785456100867
job 94_SUM_108 started 1785456100867 core=4
job 88_DOT_84 end 1785456145027
job 77_DOT_84 started 1785456145027 core=0
job 89_XPY_60 end 1785456151672
job 90_SUM_84 started 1785456151672 core=5
job 73_XPY_60 end 1785456172821
job 81_XPY_60 started 1785456172822 core=1
job 94_SUM_108 end 1785456187944
job 92_XPY_60 started 1785456187944 core=4
job 90_SUM_84 end 1785456237617
job 82_XPY_48 started 1785456237617 core=5
job 77_DOT_84 end 1785456261833
job 68_SUM_84 started 1785456261833 core=0
job 81_XPY_60 end 1785456273241
job 69_SUM_84 started 1785456273241 core=1
job 92_XPY_60 end 1785456285020
job 87_SUM_132 started 1785456285020 core=4
job 82_XPY_48 end 1785456322586
job 99_SUM_84 started 1785456322586 core=5
job 68_SUM_84 end 1785456326000
job 95_COPY_60 started 1785456326001 core=0
job 69_SUM_84 end 1785456347999
job 93_DOT_84 started 1785456348000 core=1
job 99_SUM_84 end 1785456387112
job 87_SUM_132 end 1785456404070
job 95_COPY_60 end 1785456417152
job 93_DOT_84 end 1785456420748
  итерация 2: 2105415 ms
  среднее по 3 итерациям: 2102692 ms
=== Выполняется проект: no_po_cpu30_memory70_3.txt (100 работ, базовый прогон oneTBB) ===
job 1_POW_24 started 1785456420749 core=1
job 5_TGAMMA_120 started 1785456420749 core=4
job 2_TGAMMA_120 started 1785456420749 core=0
job 19_TGAMMA_120 started 1785456420749 core=5
job 1_POW_24 end 1785456469465
job 3_TGAMMA_60 started 1785456469465 core=1
job 5_TGAMMA_120 end 1785456488423
job 23_TGAMMA_12 started 1785456488423 core=4
job 19_TGAMMA_120 end 1785456488439
job 0_TGAMMA_60 started 1785456488439 core=5
job 2_TGAMMA_120 end 1785456488584
job 15_TGAMMA_120 started 1785456488584 core=0
job 23_TGAMMA_12 end 1785456495164
job 10_TGAMMA_12 started 1785456495164 core=4
job 10_TGAMMA_12 end 1785456501901
job 4_POW_12 started 1785456501902 core=4
job 3_TGAMMA_60 end 1785456503203
job 6_TGAMMA_12 started 1785456503203 core=1
job 6_TGAMMA_12 end 1785456509961
job 11_POW_36 started 1785456509962 core=1
job 0_TGAMMA_60 end 1785456522291
job 7_TGAMMA_12 started 1785456522292 core=5
job 4_POW_12 end 1785456526703
job 8_TGAMMA_60 started 1785456526703 core=4
job 7_TGAMMA_12 end 1785456529079
job 13_TGAMMA_120 started 1785456529079 core=5
job 15_TGAMMA_120 end 1785456556404
job 21_TGAMMA_12 started 1785456556404 core=0
job 8_TGAMMA_60 end 1785456560530
job 9_POW_24 started 1785456560530 core=4
job 21_TGAMMA_12 end 1785456563197
job 26_TGAMMA_60 started 1785456563197 core=0
job 11_POW_36 end 1785456584145
job 50_COPY_60 started 1785456584145 core=1
job 13_TGAMMA_120 end 1785456597179
job 12_POW_12 started 1785456597180 core=5
job 26_TGAMMA_60 end 1785456597361
job 17_POW_24 started 1785456597361 core=0
job 9_POW_24 end 1785456614373
job 29_TGAMMA_12 started 1785456614373 core=4
job 29_TGAMMA_12 end 1785456621239
job 53_DOT_36 started 1785456621239 core=4
job 12_POW_12 end 1785456640551
job 32_SUM_132 started 1785456640552 core=5
job 53_DOT_36 end 1785456660884
job 27_TGAMMA_12 started 1785456660884 core=4
job 50_COPY_60 end 1785456663120
job 30_XPY_48 started 1785456663121 core=1
job 17_POW_24 end 1785456665353
job 18_TGAMMA_12 started 1785456665353 core=0
job 27_TGAMMA_12 end 1785456667751
job 38_DOT_36 started 1785456667751 core=4
job 18_TGAMMA_12 end 1785456672358
job 14_POW_24 started 1785456672358 core=0
job 38_DOT_36 end 1785456706838
job 20_POW_24 started 1785456706838 core=4
job 30_XPY_48 end 1785456735512
job 46_XPY_48 started 1785456735512 core=1
job 14_POW_24 end 1785456743606
job 22_TGAMMA_12 started 1785456743607 core=0
job 22_TGAMMA_12 end 1785456750491
job 48_DOT_36 started 1785456750491 core=0
job 32_SUM_132 end 1785456762304
job 59_SUM_132 started 1785456762304 core=5
job 20_POW_24 end 1785456774140
job 25_TGAMMA_120 started 1785456774141 core=4
job 48_DOT_36 end 1785456786942
job 62_DOT_36 started 1785456786943 core=0
job 46_XPY_48 end 1785456810252
job 42_SUM_84 started 1785456810252 core=1
job 62_DOT_36 end 1785456818013
job 34_SUM_84 started 1785456818013 core=0
job 25_TGAMMA_120 end 1785456844358
job 16_TGAMMA_120 started 1785456844359 core=4
job 34_SUM_84 end 1785456857873
job 47_COPY_60 started 1785456857873 core=0
job 59_SUM_132 end 1785456869172
job 37_SUM_108 started 1785456869172 core=5
job 42_SUM_84 end 1785456869411
job 28_POW_24 started 1785456869411 core=1
job 16_TGAMMA_120 end 1785456915636
job 41_COPY_84 started 1785456915636 core=4
job 37_SUM_108 end 1785456933100
job 55_DOT_36 started 1785456933101 core=5
job 28_POW_24 end 1785456934242
job 24_POW_36 started 1785456934242 core=1
job 47_COPY_60 end 1785456945099
job 49_COPY_60 started 1785456945099 core=0
job 55_DOT_36 end 1785456971936
job 78_XPY_60 started 1785456971937 core=5
job 78_XPY_60 end 1785457053513
job 31_COPY_60 started 1785457053514 core=5
job 49_COPY_60 end 1785457060460
job 36_DOT_84 started 1785457060460 core=0
job 24_POW_36 end 1785457062118
job 64_COPY_84 started 1785457062118 core=1
job 41_COPY_84 end 1785457076003
job 51_COPY_60 started 1785457076003 core=4
job 31_COPY_60 end 1785457168691
job 33_DOT_36 started 1785457168693 core=5
job 51_COPY_60 end 1785457172881
job 66_XPY_48 started 1785457172881 core=4
job 36_DOT_84 end 1785457189069
job 35_SUM_132 started 1785457189070 core=0
job 64_COPY_84 end 1785457220252
job 85_XPY_60 started 1785457220252 core=1
job 33_DOT_36 end 1785457226346
job 67_SUM_132 started 1785457226347 core=5
job 66_XPY_48 end 1785457248879
job 39_COPY_60 started 1785457248879 core=4
job 85_XPY_60 end 1785457310055
job 68_COPY_60 started 1785457310055 core=1
job 35_SUM_132 end 1785457315730
job 72_COPY_84 started 1785457315730 core=0
job 39_COPY_60 end 1785457344691
job 56_COPY_84 started 1785457344691 core=4
job 67_SUM_132 end 1785457354405
job 69_XPY_48 started 1785457354406 core=5
job 68_COPY_60 end 1785457409987
job 43_SUM_84 started 1785457409988 core=1
job 69_XPY_48 end 1785457433693
job 45_COPY_60 started 1785457433693 core=5
job 72_COPY_84 end 1785457476690
job 76_SUM_84 started 1785457476690 core=0
job 43_SUM_84 end 1785457486877
job 61_SUM_132 started 1785457486877 core=1
job 56_COPY_84 end 1785457499148
job 81_XPY_60 started 1785457499149 core=4
job 45_COPY_60 end 1785457520808
job 63_SUM_84 started 1785457520808 core=5
job 76_SUM_84 end 1785457563227
job 52_COPY_60 started 1785457563228 core=0
job 63_SUM_84 end 1785457577450
job 83_DOT_84 started 1785457577450 core=5
job 61_SUM_132 end 1785457587918
job 84_DOT_84 started 1785457587919 core=1
job 81_XPY_60 end 1785457603513
job 40_COPY_84 started 1785457603513 core=4
job 83_DOT_84 end 1785457685318
job 54_COPY_84 started 1785457685318 core=5
job 52_COPY_60 end 1785457697453
job 70_SUM_132 started 1785457697453 core=0
job 84_DOT_84 end 1785457699126
job 57_COPY_60 started 1785457699126 core=1
job 40_COPY_84 end 1785457758757
job 44_COPY_60 started 1785457758759 core=4
job 70_SUM_132 end 1785457814736
job 94_COPY_60 started 1785457814736 core=0
job 57_COPY_60 end 1785457816523
job 65_COPY_60 started 1785457816524 core=1
job 54_COPY_84 end 1785457844818
job 71_SUM_84 started 1785457844819 core=5
job 44_COPY_60 end 1785457852604
job 73_COPY_60 started 1785457852605 core=4
job 65_COPY_60 end 1785457908188
job 74_COPY_60 started 1785457908188 core=1
job 71_SUM_84 end 1785457921420
job 91_COPY_60 started 1785457921420 core=5
job 94_COPY_60 end 1785457929515
job 58_DOT_36 started 1785457929515 core=0
job 73_COPY_60 end 1785457962581
job 82_DOT_36 started 1785457962582 core=4
job 58_DOT_36 end 1785457981224
job 86_SUM_84 started 1785457981224 core=0
job 82_DOT_36 end 1785458005488
job 60_DOT_84 started 1785458005489 core=4
job 74_COPY_60 end 1785458027334
job 90_COPY_60 started 1785458027335 core=1
job 86_SUM_84 end 1785458047606
job 99_SUM_84 started 1785458047606 core=0
job 91_COPY_60 end 1785458048389
job 95_SUM_108 started 1785458048390 core=5
job 60_DOT_84 end 1785458100797
job 87_SUM_108 started 1785458100797 core=4
job 99_SUM_84 end 1785458114468
job 88_SUM_84 started 1785458114469 core=0
job 90_COPY_60 end 1785458133049
job 92_SUM_108 started 1785458133049 core=1
job 95_SUM_108 end 1785458156829
job 96_COPY_60 started 1785458156829 core=5
job 88_SUM_84 end 1785458173902
job 75_DOT_84 started 1785458173902 core=0
job 87_SUM_108 end 1785458177178
job 77_XPY_48 started 1785458177179 core=4
job 92_SUM_108 end 1785458231275
job 79_XPY_60 started 1785458231276 core=1
job 77_XPY_48 end 1785458257458
job 93_XPY_48 started 1785458257458 core=4
job 96_COPY_60 end 1785458257808
job 80_SUM_132 started 1785458257808 core=5
job 75_DOT_84 end 1785458306148
job 97_DOT_36 started 1785458306148 core=0
job 79_XPY_60 end 1785458327047
job 98_COPY_84 started 1785458327047 core=1
job 93_XPY_48 end 1785458338764
job 89_SUM_84 started 1785458338765 core=4
job 97_DOT_36 end 1785458357413
job 89_SUM_84 end 1785458380648
job 80_SUM_132 end 1785458384828
job 98_COPY_84 end 1785458405318
  итерация 0: 1984569 ms
job 0_TGAMMA_60 started 1785458405318 core=1
job 7_TGAMMA_12 started 1785458405318 core=4
job 6_TGAMMA_12 started 1785458405319 core=5
job 8_TGAMMA_60 started 1785458405319 core=0
job 6_TGAMMA_12 end 1785458412073
job 14_POW_24 started 1785458412073 core=5
job 7_TGAMMA_12 end 1785458412078
job 2_TGAMMA_120 started 1785458412078 core=4
job 0_TGAMMA_60 end 1785458439119
job 4_POW_12 started 1785458439119 core=1
job 8_TGAMMA_60 end 1785458439182
job 15_TGAMMA_120 started 1785458439182 core=0
job 14_POW_24 end 1785458461527
job 9_POW_24 started 1785458461527 core=5
job 4_POW_12 end 1785458464346
job 3_TGAMMA_60 started 1785458464346 core=1
job 2_TGAMMA_120 end 1785458479855
job 12_POW_12 started 1785458479855 core=4
job 3_TGAMMA_60 end 1785458498226
job 1_POW_24 started 1785458498226 core=1
job 12_POW_12 end 1785458505205
job 13_TGAMMA_120 started 1785458505205 core=4
job 15_TGAMMA_120 end 1785458507202
job 11_POW_36 started 1785458507203 core=0
job 9_POW_24 end 1785458512079
job 18_TGAMMA_12 started 1785458512079 core=5
job 18_TGAMMA_12 end 1785458518874
job 27_TGAMMA_12 started 1785458518874 core=5
job 27_TGAMMA_12 end 1785458525676
job 34_SUM_84 started 1785458525676 core=5
job 1_POW_24 end 1785458554003
job 49_COPY_60 started 1785458554003 core=1
job 13_TGAMMA_120 end 1785458573926
job 53_DOT_36 started 1785458573926 core=4
job 34_SUM_84 end 1785458575130
job 5_TGAMMA_120 started 1785458575130 core=5
job 11_POW_36 end 1785458592023
job 19_TGAMMA_120 started 1785458592023 core=0
job 53_DOT_36 end 1785458607474
job 10_TGAMMA_12 started 1785458607474 core=4
job 10_TGAMMA_12 end 1785458614288
job 23_TGAMMA_12 started 1785458614288 core=4
job 49_COPY_60 end 1785458618095
job 26_TGAMMA_60 started 1785458618095 core=1
job 23_TGAMMA_12 end 1785458621067
job 17_POW_24 started 1785458621067 core=4
job 5_TGAMMA_120 end 1785458644876
job 24_POW_36 started 1785458644877 core=5
job 26_TGAMMA_60 end 1785458651935
job 29_TGAMMA_12 started 1785458651935 core=1
job 29_TGAMMA_12 end 1785458658729
job 20_POW_24 started 1785458658729 core=1
job 19_TGAMMA_120 end 1785458660462
job 36_DOT_84 started 1785458660462 core=0
job 17_POW_24 end 1785458675911
job 28_POW_24 started 1785458675911 core=4
job 20_POW_24 end 1785458725845
job 35_SUM_132 started 1785458725845 core=1
job 24_POW_36 end 1785458742530
job 21_TGAMMA_12 started 1785458742530 core=5
job 21_TGAMMA_12 end 1785458749611
job 38_DOT_36 started 1785458749612 core=5
job 36_DOT_84 end 1785458754901
job 82_DOT_36 started 1785458754901 core=0
job 28_POW_24 end 1785458755607
job 16_TGAMMA_120 started 1785458755608 core=4
job 82_DOT_36 end 1785458789010
job 33_DOT_36 started 1785458789010 core=0
job 38_DOT_36 end 1785458794131
job 25_TGAMMA_120 started 1785458794132 core=5
job 35_SUM_132 end 1785458812925
job 32_SUM_132 started 1785458812925 core=1
job 33_DOT_36 end 1785458820736
job 37_SUM_108 started 1785458820736 core=0
job 16_TGAMMA_120 end 1785458826038
job 22_TGAMMA_12 started 1785458826038 core=4
job 22_TGAMMA_12 end 1785458833095
job 47_COPY_60 started 1785458833096 core=4
job 25_TGAMMA_120 end 1785458864128
job 30_XPY_48 started 1785458864129 core=5
job 32_SUM_132 end 1785458877862
job 31_COPY_60 started 1785458877863 core=1
job 37_SUM_108 end 1785458905842
job 44_COPY_60 started 1785458905842 core=0
job 47_COPY_60 end 1785458928873
job 96_COPY_60 started 1785458928873 core=4
job 30_XPY_48 end 1785458947316
job 58_DOT_36 started 1785458947316 core=5
job 31_COPY_60 end 1785458988500
job 76_SUM_84 started 1785458988500 core=1
job 58_DOT_36 end 1785458998565
job 39_COPY_60 started 1785458998566 core=5
job 44_COPY_60 end 1785459023028
job 41_COPY_84 started 1785459023028 core=0
job 96_COPY_60 end 1785459045972
job 59_SUM_132 started 1785459045973 core=4
job 76_SUM_84 end 1785459065034
job 75_DOT_84 started 1785459065034 core=1
job 39_COPY_60 end 1785459087856
job 55_DOT_36 started 1785459087856 core=5
job 55_DOT_36 end 1785459137304
job 46_XPY_48 started 1785459137304 core=5
job 41_COPY_84 end 1785459160421
job 40_COPY_84 started 1785459160421 core=0
job 59_SUM_132 end 1785459179592
job 61_SUM_132 started 1785459179592 core=4
job 75_DOT_84 end 1785459191055
job 63_SUM_84 started 1785459191055 core=1
job 46_XPY_48 end 1785459216257
job 42_SUM_84 started 1785459216257 core=5
job 63_SUM_84 end 1785459255364
job 66_XPY_48 started 1785459255364 core=1
job 42_SUM_84 end 1785459279753
job 48_DOT_36 started 1785459279753 core=5
job 40_COPY_84 end 1785459294447
job 43_SUM_84 started 1785459294448 core=0
job 61_SUM_132 end 1785459303739
job 71_SUM_84 started 1785459303740 core=4
job 48_DOT_36 end 1785459339637
job 45_COPY_60 started 1785459339637 core=5
job 66_XPY_48 end 1785459341443
job 52_COPY_60 started 1785459341444 core=1
job 43_SUM_84 end 1785459352203
job 85_XPY_60 started 1785459352203 core=0
job 71_SUM_84 end 1785459363600
job 60_DOT_84 started 1785459363602 core=4
job 85_XPY_60 end 1785459447555
job 64_COPY_84 started 1785459447555 core=0
job 45_COPY_60 end 1785459459786
job 88_SUM_84 started 1785459459786 core=5
job 52_COPY_60 end 1785459460963
job 62_DOT_36 started 1785459460964 core=1
job 60_DOT_84 end 1785459496433
job 69_XPY_48 started 1785459496434 core=4
job 62_DOT_36 end 1785459502809
job 50_COPY_60 started 1785459502809 core=1
job 88_SUM_84 end 1785459532039
job 65_COPY_60 started 1785459532040 core=5
job 69_XPY_48 end 1785459582806
job 51_COPY_60 started 1785459582806 core=4
job 50_COPY_60 end 1785459604614
job 74_COPY_60 started 1785459604615 core=1
job 64_COPY_84 end 1785459609514
job 73_COPY_60 started 1785459609515 core=0
job 65_COPY_60 end 1785459642441
job 78_XPY_60 started 1785459642442 core=5
job 51_COPY_60 end 1785459692930
job 83_DOT_84 started 1785459692931 core=4
job 73_COPY_60 end 1785459717338
job 68_COPY_60 started 1785459717339 core=0
job 74_COPY_60 end 1785459721310
job 95_SUM_108 started 1785459721310 core=1
job 78_XPY_60 end 1785459745200
job 70_SUM_132 started 1785459745200 core=5
job 95_SUM_108 end 1785459803670
job 77_XPY_48 started 1785459803671 core=1
job 68_COPY_60 end 1785459825881
job 72_COPY_84 started 1785459825881 core=0
job 83_DOT_84 end 1785459830578
job 89_SUM_84 started 1785459830579 core=4
job 70_SUM_132 end 1785459847922
job 86_SUM_84 started 1785459847923 core=5
job 77_XPY_48 end 1785459877618
job 87_SUM_108 started 1785459877618 core=1
job 86_SUM_84 end 1785459913424
job 54_COPY_84 started 1785459913424 core=5
job 89_SUM_84 end 1785459915052
job 93_XPY_48 started 1785459915053 core=4
job 87_SUM_108 end 1785459964299
job 56_COPY_84 started 1785459964299 core=1
job 72_COPY_84 end 1785459972529
job 57_COPY_60 started 1785459972529 core=0
job 93_XPY_48 end 1785460001079
job 67_SUM_132 started 1785460001080 core=4
job 54_COPY_84 end 1785460055419
job 92_SUM_108 started 1785460055420 core=5
job 57_COPY_60 end 1785460066470
job 94_COPY_60 started 1785460066470 core=0
job 56_COPY_84 end 1785460110080
job 99_SUM_84 started 1785460110081 core=1
job 67_SUM_132 end 1785460128165
job 98_COPY_84 started 1785460128165 core=4
job 92_SUM_108 end 1785460144278
job 79_XPY_60 started 1785460144279 core=5
job 94_COPY_60 end 1785460168960
job 80_SUM_132 started 1785460168960 core=0
job 99_SUM_84 end 1785460174640
job 81_XPY_60 started 1785460174640 core=1
job 79_XPY_60 end 1785460249429
job 84_DOT_84 started 1785460249429 core=5
job 98_COPY_84 end 1785460261206
job 90_COPY_60 started 1785460261206 core=4
job 81_XPY_60 end 1785460286756
job 91_COPY_60 started 1785460286756 core=1
job 80_SUM_132 end 1785460292978
job 97_DOT_36 started 1785460292978 core=0
job 97_DOT_36 end 1785460351840
job 90_COPY_60 end 1785460356665
job 84_DOT_84 end 1785460370482
job 91_COPY_60 end 1785460372128
  итерация 1: 1966809 ms
job 2_TGAMMA_120 started 1785460372128 core=1
job 11_POW_36 started 1785460372128 core=4
job 0_TGAMMA_60 started 1785460372128 core=5
job 19_TGAMMA_120 started 1785460372128 core=0
job 0_TGAMMA_60 end 1785460406006
job 3_TGAMMA_60 started 1785460406006 core=5
job 2_TGAMMA_120 end 1785460439813
job 15_TGAMMA_120 started 1785460439813 core=1
job 3_TGAMMA_60 end 1785460439846
job 1_POW_24 started 1785460439846 core=5
job 19_TGAMMA_120 end 1785460440005
job 4_POW_12 started 1785460440006 core=0
job 11_POW_36 end 1785460445749
job 5_TGAMMA_120 started 1785460445749 core=4
job 4_POW_12 end 1785460465527
job 16_TGAMMA_120 started 1785460465527 core=0
job 1_POW_24 end 1785460489635
job 14_POW_24 started 1785460489635 core=5
job 15_TGAMMA_120 end 1785460507660
job 7_TGAMMA_12 started 1785460507661 core=1
job 5_TGAMMA_120 end 1785460513562
job 23_TGAMMA_12 started 1785460513562 core=4
job 7_TGAMMA_12 end 1785460514425
job 6_TGAMMA_12 started 1785460514425 core=1
job 23_TGAMMA_12 end 1785460520329
job 17_POW_24 started 1785460520329 core=4
job 6_TGAMMA_12 end 1785460521197
job 10_TGAMMA_12 started 1785460521197 core=1
job 10_TGAMMA_12 end 1785460527999
job 26_TGAMMA_60 started 1785460527999 core=1
job 16_TGAMMA_120 end 1785460533349
job 18_TGAMMA_12 started 1785460533349 core=0
job 14_POW_24 end 1785460538870
job 57_COPY_60 started 1785460538870 core=5
job 18_TGAMMA_12 end 1785460540157
job 25_TGAMMA_120 started 1785460540157 core=0
job 26_TGAMMA_60 end 1785460562550
job 58_DOT_36 started 1785460562550 core=1
job 17_POW_24 end 1785460572125
job 31_COPY_60 started 1785460572125 core=4
job 25_TGAMMA_120 end 1785460610152
job 12_POW_12 started 1785460610153 core=0
job 57_COPY_60 end 1785460611654
job 22_TGAMMA_12 started 1785460611654 core=5
job 58_DOT_36 end 1785460613448
job 34_SUM_84 started 1785460613448 core=1
job 22_TGAMMA_12 end 1785460618687
job 8_TGAMMA_60 started 1785460618687 core=5
job 34_SUM_84 end 1785460648509
job 9_POW_24 started 1785460648509 core=1
job 31_COPY_60 end 1785460651972
job 13_TGAMMA_120 started 1785460651972 core=4
job 8_TGAMMA_60 end 1785460653448
job 24_POW_36 started 1785460653448 core=5
job 12_POW_12 end 1785460653606
job 27_TGAMMA_12 started 1785460653607 core=0
job 27_TGAMMA_12 end 1785460660395
job 64_COPY_84 started 1785460660395 core=0
job 9_POW_24 end 1785460706765
job 42_SUM_84 started 1785460706765 core=1
job 13_TGAMMA_120 end 1785460722334
job 33_DOT_36 started 1785460722334 core=4
job 24_POW_36 end 1785460746840
job 20_POW_24 started 1785460746840 core=5
job 42_SUM_84 end 1785460758575
job 21_TGAMMA_12 started 1785460758576 core=1
job 21_TGAMMA_12 end 1785460765467
job 44_COPY_60 started 1785460765467 core=1
job 64_COPY_84 end 1785460773205
job 36_DOT_84 started 1785460773205 core=0
job 33_DOT_36 end 1785460778746
job 66_XPY_48 started 1785460778746 core=4
job 20_POW_24 end 1785460828320
job 72_COPY_84 started 1785460828320 core=5
job 66_XPY_48 end 1785460856608
job 48_DOT_36 started 1785460856608 core=4
job 44_COPY_60 end 1785460867230
job 29_TGAMMA_12 started 1785460867231 core=1
job 29_TGAMMA_12 end 1785460874481
job 45_COPY_60 started 1785460874481 core=1
job 36_DOT_84 end 1785460894641
job 32_SUM_132 started 1785460894641 core=0
job 48_DOT_36 end 1785460902521
job 38_DOT_36 started 1785460902521 core=4
job 38_DOT_36 end 1785460942417
job 60_DOT_84 started 1785460942417 core=4
job 32_SUM_132 end 1785460999166
job 65_COPY_60 started 1785460999166 core=0
job 72_COPY_84 end 1785461006377
job 37_SUM_108 started 1785461006377 core=5
job 45_COPY_60 end 1785461006550
job 67_SUM_132 started 1785461006551 core=1
job 60_DOT_84 end 1785461055917
job 28_POW_24 started 1785461055918 core=4
job 37_SUM_108 end 1785461079996
job 49_COPY_60 started 1785461079997 core=5
job 67_SUM_132 end 1785461101418
job 55_DOT_36 started 1785461101418 core=1
job 65_COPY_60 end 1785461103606
job 30_XPY_48 started 1785461103606 core=0
job 28_POW_24 end 1785461151589
job 78_XPY_60 started 1785461151592 core=4
job 55_DOT_36 end 1785461156814
job 47_COPY_60 started 1785461156814 core=1
job 49_COPY_60 end 1785461177323
job 68_COPY_60 started 1785461177324 core=5
job 30_XPY_48 end 1785461179899
job 81_XPY_60 started 1785461179899 core=0
job 78_XPY_60 end 1785461262771
job 46_XPY_48 started 1785461262772 core=4
job 47_COPY_60 end 1785461267567
job 86_SUM_84 started 1785461267567 core=1
job 68_COPY_60 end 1785461283671
job 61_SUM_132 started 1785461283671 core=5
job 81_XPY_60 end 1785461293232
job 88_SUM_84 started 1785461293232 core=0
job 86_SUM_84 end 1785461328872
job 35_SUM_132 started 1785461328872 core=1
job 46_XPY_48 end 1785461350312
job 50_COPY_60 started 1785461350312 core=4
job 61_SUM_132 end 1785461373587
job 52_COPY_60 started 1785461373588 core=5
job 88_SUM_84 end 1785461379784
job 51_COPY_60 started 1785461379784 core=0
job 35_SUM_132 end 1785461435119
job 96_COPY_60 started 1785461435119 core=1
job 50_COPY_60 end 1785461460114
job 71_SUM_84 started 1785461460115 core=4
job 52_COPY_60 end 1785461465434
job 91_COPY_60 started 1785461465434 core=5
job 51_COPY_60 end 1785461486042
job 74_COPY_60 started 1785461486042 core=0
job 71_SUM_84 end 1785461537452
job 84_DOT_84 started 1785461537453 core=4
job 96_COPY_60 end 1785461550339
job 99_SUM_84 started 1785461550339 core=1
job 91_COPY_60 end 1785461575884
job 39_COPY_60 started 1785461575884 core=5
job 74_COPY_60 end 1785461577002
job 90_COPY_60 started 1785461577002 core=0
job 99_SUM_84 end 1785461632097
job 59_SUM_132 started 1785461632097 core=1
job 39_COPY_60 end 1785461667571
job 62_DOT_36 started 1785461667571 core=5
job 84_DOT_84 end 1785461670762
job 53_DOT_36 started 1785461670762 core=4
job 90_COPY_60 end 1785461680697
job 54_COPY_84 started 1785461680698 core=0
job 62_DOT_36 end 1785461709643
job 89_SUM_84 started 1785461709643 core=5
job 53_DOT_36 end 1785461735207
job 40_COPY_84 started 1785461735208 core=4
job 59_SUM_132 end 1785461740348
job 93_XPY_48 started 1785461740349 core=1
job 89_SUM_84 end 1785461774480
job 92_SUM_108 started 1785461774481 core=5
job 93_XPY_48 end 1785461810052
job 63_SUM_84 started 1785461810052 core=1
job 54_COPY_84 end 1785461848749
job 41_COPY_84 started 1785461848749 core=0
job 92_SUM_108 end 1785461854058
job 73_COPY_60 started 1785461854058 core=5
job 63_SUM_84 end 1785461868472
job 43_SUM_84 started 1785461868473 core=1
job 40_COPY_84 end 1785461904996
job 69_XPY_48 started 1785461904996 core=4
job 73_COPY_60 end 1785461938779
job 56_COPY_84 started 1785461938779 core=5
job 43_SUM_84 end 1785461945494
job 70_SUM_132 started 1785461945495 core=1
job 69_XPY_48 end 1785461993915
job 75_DOT_84 started 1785461993915 core=4
job 41_COPY_84 end 1785462015988
job 80_SUM_132 started 1785462015988 core=0
job 56_COPY_84 end 1785462070778
job 83_DOT_84 started 1785462070778 core=5
job 70_SUM_132 end 1785462071316
job 82_DOT_36 started 1785462071317 core=1
job 75_DOT_84 end 1785462100510
job 76_SUM_84 started 1785462100510 core=4
job 82_DOT_36 end 1785462125883
job 77_XPY_48 started 1785462125883 core=1
job 80_SUM_132 end 1785462126109
job 87_SUM_108 started 1785462126109 core=0
job 76_SUM_84 end 1785462161129
job 98_COPY_84 started 1785462161130 core=4
job 83_DOT_84 end 1785462205571
job 94_COPY_60 started 1785462205572 core=5
job 77_XPY_48 end 1785462211161
job 95_SUM_108 started 1785462211161 core=1
job 87_SUM_108 end 1785462217272
job 79_XPY_60 started 1785462217273 core=0
job 94_COPY_60 end 1785462296859
job 85_XPY_60 started 1785462296859 core=5
job 95_SUM_108 end 1785462303087
job 97_DOT_36 started 1785462303088 core=1
job 98_COPY_84 end 1785462313968
job 79_XPY_60 end 1785462322299
job 97_DOT_36 end 1785462341933
job 85_XPY_60 end 1785462352459
  итерация 2: 1980331 ms
  среднее по 3 итерациям: 1977236 ms
=== Выполняется проект: no_po_cpu50_memory50_1.txt (100 работ, базовый прогон oneTBB) ===
job 20_TGAMMA_60 started 1785462352460 core=5
job 24_TGAMMA_60 started 1785462352460 core=4
job 11_TGAMMA_60 started 1785462352460 core=1
job 22_TGAMMA_60 started 1785462352460 core=0
job 24_TGAMMA_60 end 1785462386244
job 21_TGAMMA_120 started 1785462386244 core=4
job 11_TGAMMA_60 end 1785462386259
job 5_POW_36 started 1785462386259 core=1
job 22_TGAMMA_60 end 1785462386298
job 25_POW_36 started 1785462386298 core=0
job 20_TGAMMA_60 end 1785462386304
job 30_POW_36 started 1785462386304 core=5
job 21_TGAMMA_120 end 1785462454807
job 0_TGAMMA_60 started 1785462454808 core=4
job 25_POW_36 end 1785462465169
job 2_TGAMMA_12 started 1785462465169 core=0
job 5_POW_36 end 1785462466805
job 6_POW_12 started 1785462466805 core=1
job 30_POW_36 end 1785462466845
job 3_TGAMMA_12 started 1785462466845 core=5
job 2_TGAMMA_12 end 1785462471946
job 19_TGAMMA_12 started 1785462471946 core=0
job 3_TGAMMA_12 end 1785462473607
job 29_TGAMMA_60 started 1785462473607 core=5
job 19_TGAMMA_12 end 1785462478721
job 14_TGAMMA_60 started 1785462478722 core=0
job 0_TGAMMA_60 end 1785462488790
job 32_POW_24 started 1785462488790 core=4
job 6_POW_12 end 1785462491226
job 1_TGAMMA_120 started 1785462491226 core=1
job 29_TGAMMA_60 end 1785462507466
job 36_TGAMMA_60 started 1785462507466 core=5
job 14_TGAMMA_60 end 1785462512618
job 7_TGAMMA_120 started 1785462512618 core=0
job 32_POW_24 end 1785462537539
job 40_TGAMMA_120 started 1785462537539 core=4
job 36_TGAMMA_60 end 1785462541305
job 10_TGAMMA_120 started 1785462541305 core=5
job 1_TGAMMA_120 end 1785462558911
job 9_TGAMMA_60 started 1785462558912 core=1
job 7_TGAMMA_120 end 1785462580252
job 8_TGAMMA_120 started 1785462580252 core=0
job 9_TGAMMA_60 end 1785462592688
job 34_TGAMMA_60 started 1785462592688 core=1
job 40_TGAMMA_120 end 1785462605001
job 23_TGAMMA_12 started 1785462605001 core=4
job 10_TGAMMA_120 end 1785462608818
job 27_POW_24 started 1785462608818 core=5
job 23_TGAMMA_12 end 1785462611740
job 31_POW_36 started 1785462611741 core=4
job 34_TGAMMA_60 end 1785462626558
job 39_TGAMMA_120 started 1785462626558 core=1
job 8_TGAMMA_120 end 1785462648040
job 13_TGAMMA_12 started 1785462648040 core=0
job 13_TGAMMA_12 end 1785462654851
job 37_TGAMMA_12 started 1785462654851 core=0
job 27_POW_24 end 1785462658789
job 18_TGAMMA_12 started 1785462658789 core=5
job 37_TGAMMA_12 end 1785462661648
job 57_SUM_132 started 1785462661648 core=0
job 18_TGAMMA_12 end 1785462665571
job 49_POW_24 started 1785462665571 core=5
job 31_POW_36 end 1785462691426
job 44_TGAMMA_12 started 1785462691426 core=4
job 39_TGAMMA_120 end 1785462694972
job 4_TGAMMA_60 started 1785462694972 core=1
job 44_TGAMMA_12 end 1785462698359
job 51_XPY_60 started 1785462698359 core=4
job 49_POW_24 end 1785462719548
job 65_COPY_60 started 1785462719548 core=5
job 4_TGAMMA_60 end 1785462729682
job 42_TGAMMA_120 started 1785462729682 core=1
job 57_SUM_132 end 1785462741346
job 12_POW_12 started 1785462741346 core=0
job 51_XPY_60 end 1785462777172
job 71_COPY_60 started 1785462777172 core=4
job 12_POW_12 end 1785462786147
job 55_SUM_108 started 1785462786147 core=0
job 65_COPY_60 end 1785462787365
job 15_POW_12 started 1785462787365 core=5
job 42_TGAMMA_120 end 1785462799945
job 61_SUM_108 started 1785462799945 core=1
job 15_POW_12 end 1785462818397
job 64_SUM_84 started 1785462818397 core=5
job 71_COPY_60 end 1785462869030
job 16_TGAMMA_60 started 1785462869031 core=4
job 61_SUM_108 end 1785462872066
job 28_POW_36 started 1785462872067 core=1
job 64_SUM_84 end 1785462875717
job 83_XPY_60 started 1785462875717 core=5
job 55_SUM_108 end 1785462880236
job 86_SUM_84 started 1785462880236 core=0
job 16_TGAMMA_60 end 1785462903857
job 67_DOT_84 started 1785462903858 core=4
job 86_SUM_84 end 1785462926227
job 33_POW_12 started 1785462926228 core=0
job 33_POW_12 end 1785462964178
job 46_TGAMMA_60 started 1785462964180 core=0
job 83_XPY_60 end 1785462967468
job 35_POW_12 started 1785462967468 core=5
job 67_DOT_84 end 1785462988477
job 97_XPY_48 started 1785462988477 core=4
job 46_TGAMMA_60 end 1785462999374
job 47_POW_12 started 1785462999374 core=0
job 35_POW_12 end 1785462999852
job 48_TGAMMA_60 started 1785462999852 core=5
job 28_POW_36 end 1785463003015
job 52_COPY_84 started 1785463003015 core=1
job 48_TGAMMA_60 end 1785463034986
job 59_COPY_84 started 1785463034987 core=5
job 47_POW_12 end 1785463044837
job 58_DOT_84 started 1785463044837 core=0
job 97_XPY_48 end 1785463050606
job 50_COPY_84 started 1785463050606 core=4
job 52_COPY_84 end 1785463143306
job 70_XPY_60 started 1785463143307 core=1
job 58_DOT_84 end 1785463172960
job 74_DOT_36 started 1785463172961 core=0
job 50_COPY_84 end 1785463185737
job 60_COPY_60 started 1785463185737 core=4
job 59_COPY_84 end 1785463204387
job 69_SUM_108 started 1785463204387 core=5
job 74_DOT_36 end 1785463228830
job 17_TGAMMA_12 started 1785463228830 core=0
job 17_TGAMMA_12 end 1785463235955
job 72_XPY_60 started 1785463235955 core=0
job 70_XPY_60 end 1785463244703
job 73_XPY_60 started 1785463244703 core=1
job 60_COPY_60 end 1785463293379
job 78_COPY_60 started 1785463293380 core=4
job 69_SUM_108 end 1785463307130
job 77_DOT_36 started 1785463307131 core=5
job 73_XPY_60 end 1785463332277
job 81_XPY_60 started 1785463332277 core=1
job 72_XPY_60 end 1785463347413
job 54_SUM_132 started 1785463347413 core=0
job 77_DOT_36 end 1785463362435
job 26_POW_12 started 1785463362435 core=5
job 78_COPY_60 end 1785463399617
job 79_SUM_108 started 1785463399618 core=4
job 26_POW_12 end 1785463412410
job 76_SUM_108 started 1785463412410 core=5
job 81_XPY_60 end 1785463426698
job 38_TGAMMA_60 started 1785463426698 core=1
job 54_SUM_132 end 1785463450831
job 66_XPY_48 started 1785463450832 core=0
job 38_TGAMMA_60 end 1785463461774
job 82_DOT_36 started 1785463461774 core=1
job 76_SUM_108 end 1785463477139
job 63_SUM_108 started 1785463477140 core=5
job 79_SUM_108 end 1785463484431
job 41_TGAMMA_120 started 1785463484432 core=4
job 82_DOT_36 end 1785463503177
job 75_SUM_108 started 1785463503177 core=1
job 66_XPY_48 end 1785463521856
job 84_SUM_84 started 1785463521856 core=0
job 63_SUM_108 end 1785463555640
job 68_DOT_84 started 1785463555641 core=5
job 41_TGAMMA_120 end 1785463556188
job 93_SUM_84 started 1785463556188 core=4
job 84_SUM_84 end 1785463564507
job 43_TGAMMA_12 started 1785463564508 core=0
job 43_TGAMMA_12 end 1785463571596
job 95_SUM_108 started 1785463571596 core=0
job 75_SUM_108 end 1785463584735
job 88_SUM_132 started 1785463584736 core=1
job 93_SUM_84 end 1785463615036
job 87_DOT_84 started 1785463615036 core=4
job 95_SUM_108 end 1785463661634
job 90_SUM_84 started 1785463661634 core=0
job 68_DOT_84 end 1785463662722
job 92_SUM_84 started 1785463662722 core=5
job 88_SUM_132 end 1785463698479
job 94_SUM_108 started 1785463698479 core=1
job 87_DOT_84 end 1785463723143
job 89_DOT_84 started 1785463723144 core=4
job 92_SUM_84 end 1785463726180
job 45_POW_36 started 1785463726181 core=5
job 90_SUM_84 end 1785463737535
job 91_DOT_84 started 1785463737535 core=0
job 94_SUM_108 end 1785463775953
job 53_XPY_60 started 1785463775954 core=1
job 89_DOT_84 end 1785463836374
job 96_XPY_48 started 1785463836374 core=4
job 91_DOT_84 end 1785463853333
job 99_COPY_84 started 1785463853333 core=0
job 45_POW_36 end 1785463863544
job 98_XPY_60 started 1785463863544 core=5
job 53_XPY_60 end 1785463871243
job 56_SUM_108 started 1785463871244 core=1
job 96_XPY_48 end 1785463924952
job 62_XPY_48 started 1785463924953 core=4
job 98_XPY_60 end 1785463950673
job 80_SUM_108 started 1785463950674 core=5
job 56_SUM_108 end 1785463965428
job 85_XPY_60 started 1785463965428 core=1
job 62_XPY_48 end 1785464015148
job 99_COPY_84 end 1785464020224
job 80_SUM_108 end 1785464033589
job 85_XPY_60 end 1785464035188
  итерация 0: 1682728 ms
job 2_TGAMMA_12 started 1785464035189 core=1
job 25_POW_36 started 1785464035189 core=0
job 12_POW_12 started 1785464035189 core=5
job 31_POW_36 started 1785464035189 core=4
job 2_TGAMMA_12 end 1785464042054
job 10_TGAMMA_120 started 1785464042054 core=1
job 12_POW_12 end 1785464061636
job 26_POW_12 started 1785464061636 core=5
job 26_POW_12 end 1785464088165
job 1_TGAMMA_120 started 1785464088165 core=5
job 10_TGAMMA_120 end 1785464110865
job 38_TGAMMA_60 started 1785464110865 core=1
job 31_POW_36 end 1785464115074
job 28_POW_36 started 1785464115074 core=4
job 25_POW_36 end 1785464115323
job 53_XPY_60 started 1785464115324 core=0
job 38_TGAMMA_60 end 1785464145031
job 65_COPY_60 started 1785464145032 core=1
job 1_TGAMMA_120 end 1785464156789
job 0_TGAMMA_60 started 1785464156789 core=5
job 53_XPY_60 end 1785464177900
job 8_TGAMMA_120 started 1785464177901 core=0
job 0_TGAMMA_60 end 1785464191934
job 24_TGAMMA_60 started 1785464191934 core=5
job 65_COPY_60 end 1785464203878
job 13_TGAMMA_12 started 1785464203878 core=1
job 13_TGAMMA_12 end 1785464210655
job 9_TGAMMA_60 started 1785464210655 core=1
job 28_POW_36 end 1785464211318
job 33_POW_12 started 1785464211318 core=4
job 24_TGAMMA_60 end 1785464226160
job 4_TGAMMA_60 started 1785464226160 core=5
job 33_POW_12 end 1785464235602
job 46_TGAMMA_60 started 1785464235602 core=4
job 9_TGAMMA_60 end 1785464244477
job 27_POW_24 started 1785464244477 core=1
job 8_TGAMMA_120 end 1785464246003
job 50_COPY_84 started 1785464246003 core=0
job 4_TGAMMA_60 end 1785464260145
job 3_TGAMMA_12 started 1785464260145 core=5
job 3_TGAMMA_12 end 1785464267001
job 15_POW_12 started 1785464267001 core=5
job 46_TGAMMA_60 end 1785464270086
job 29_TGAMMA_60 started 1785464270087 core=4
job 15_POW_12 end 1785464297324
job 40_TGAMMA_120 started 1785464297324 core=5
job 27_POW_24 end 1785464300761
job 6_POW_12 started 1785464300761 core=1
job 29_TGAMMA_60 end 1785464305271
job 14_TGAMMA_60 started 1785464305271 core=4
job 50_COPY_84 end 1785464324445
job 30_POW_36 started 1785464324445 core=0
job 6_POW_12 end 1785464326832
job 5_POW_36 started 1785464326832 core=1
job 14_TGAMMA_60 end 1785464339730
job 7_TGAMMA_120 started 1785464339730 core=4
job 40_TGAMMA_120 end 1785464365564
job 71_COPY_60 started 1785464365564 core=5
job 30_POW_36 end 1785464401400
job 18_TGAMMA_12 started 1785464401401 core=0
job 7_TGAMMA_120 end 1785464408027
job 16_TGAMMA_60 started 1785464408027 core=4
job 18_TGAMMA_12 end 1785464408217
job 11_TGAMMA_60 started 1785464408217 core=0
job 5_POW_36 end 1785464416802
job 17_TGAMMA_12 started 1785464416802 core=1
job 71_COPY_60 end 1785464421494
job 43_TGAMMA_12 started 1785464421494 core=5
job 17_TGAMMA_12 end 1785464423684
job 54_SUM_132 started 1785464423684 core=1
job 43_TGAMMA_12 end 1785464428307
job 66_XPY_48 started 1785464428307 core=5
job 16_TGAMMA_60 end 1785464442127
job 59_COPY_84 started 1785464442127 core=4
job 11_TGAMMA_60 end 1785464442383
job 19_TGAMMA_12 started 1785464442383 core=0
job 19_TGAMMA_12 end 1785464449525
job 62_XPY_48 started 1785464449525 core=0
job 66_XPY_48 end 1785464489049
job 32_POW_24 started 1785464489049 core=5
job 54_SUM_132 end 1785464512028
job 72_XPY_60 started 1785464512028 core=1
job 62_XPY_48 end 1785464538842
job 96_XPY_48 started 1785464538842 core=0
job 32_POW_24 end 1785464571142
job 21_TGAMMA_120 started 1785464571142 core=5
job 72_XPY_60 end 1785464589754
job 48_TGAMMA_60 started 1785464589755 core=1
job 59_COPY_84 end 1785464599165
job 97_XPY_48 started 1785464599166 core=4
job 96_XPY_48 end 1785464610396
job 49_POW_24 started 1785464610396 core=0
job 48_TGAMMA_60 end 1785464623958
job 95_SUM_108 started 1785464623958 core=1
job 21_TGAMMA_120 end 1785464640566
job 20_TGAMMA_60 started 1785464640566 core=5
job 97_XPY_48 end 1785464654297
job 60_COPY_60 started 1785464654297 core=4
job 95_SUM_108 end 1785464669262
job 36_TGAMMA_60 started 1785464669262 core=1
job 20_TGAMMA_60 end 1785464675260
job 22_TGAMMA_60 started 1785464675260 core=5
job 49_POW_24 end 1785464689103
job 98_XPY_60 started 1785464689103 core=0
job 36_TGAMMA_60 end 1785464703451
job 47_POW_12 started 1785464703451 core=1
job 22_TGAMMA_60 end 1785464709465
job 64_SUM_84 started 1785464709465 core=5
job 60_COPY_60 end 1785464727582
job 39_TGAMMA_120 started 1785464727582 core=4
job 47_POW_12 end 1785464734677
job 37_TGAMMA_12 started 1785464734678 core=1
job 37_TGAMMA_12 end 1785464741678
job 23_TGAMMA_12 started 1785464741678 core=1
job 23_TGAMMA_12 end 1785464748678
job 80_SUM_108 started 1785464748678 core=1
job 64_SUM_84 end 1785464753836
job 74_DOT_36 started 1785464753836 core=5
job 98_XPY_60 end 1785464769495
job 41_TGAMMA_120 started 1785464769495 core=0
job 74_DOT_36 end 1785464787141
job 56_SUM_108 started 1785464787141 core=5
job 39_TGAMMA_120 end 1785464798459
job 55_SUM_108 started 1785464798459 core=4
job 80_SUM_108 end 1785464815852
job 76_SUM_108 started 1785464815852 core=1
job 41_TGAMMA_120 end 1785464839205
job 61_SUM_108 started 1785464839205 core=0
job 55_SUM_108 end 1785464855507
job 52_COPY_84 started 1785464855508 core=4
job 56_SUM_108 end 1785464858933
job 63_SUM_108 started 1785464858933 core=5
job 76_SUM_108 end 1785464892545
job 78_COPY_60 started 1785464892545 core=1
job 61_SUM_108 end 1785464939118
job 57_SUM_132 started 1785464939118 core=0
job 63_SUM_108 end 1785464946653
job 68_DOT_84 started 1785464946653 core=5
job 78_COPY_60 end 1785464989215
job 77_DOT_36 started 1785464989216 core=1
job 52_COPY_84 end 1785464989248
job 34_TGAMMA_60 started 1785464989248 core=4
job 34_TGAMMA_60 end 1785465024354
job 90_SUM_84 started 1785465024354 core=4
job 57_SUM_132 end 1785465027348
job 35_POW_12 started 1785465027349 core=0
job 77_DOT_36 end 1785465041182
job 69_SUM_108 started 1785465041183 core=1
job 35_POW_12 end 1785465065352
job 79_SUM_108 started 1785465065352 core=0
job 68_DOT_84 end 1785465068017
job 42_TGAMMA_120 started 1785465068017 core=5
job 90_SUM_84 end 1785465084153
job 84_SUM_84 started 1785465084153 core=4
job 69_SUM_108 end 1785465104153
job 44_TGAMMA_12 started 1785465104153 core=1
job 44_TGAMMA_12 end 1785465111003
job 87_DOT_84 started 1785465111003 core=1
job 42_TGAMMA_120 end 1785465138381
job 85_XPY_60 started 1785465138382 core=5
job 79_SUM_108 end 1785465140080
job 86_SUM_84 started 1785465140080 core=0
job 84_SUM_84 end 1785465140994
job 89_DOT_84 started 1785465140994 core=4
job 86_SUM_84 end 1785465210812
job 82_DOT_36 started 1785465210812 core=0
job 87_DOT_84 end 1785465235369
job 91_DOT_84 started 1785465235370 core=1
job 89_DOT_84 end 1785465244836
job 70_XPY_60 started 1785465244837 core=4
job 85_XPY_60 end 1785465251897
job 73_XPY_60 started 1785465251897 core=5
job 82_DOT_36 end 1785465262859
job 75_SUM_108 started 1785465262860 core=0
job 70_XPY_60 end 1785465337711
job 45_POW_36 started 1785465337712 core=4
job 73_XPY_60 end 1785465355195
job 51_XPY_60 started 1785465355195 core=5
job 75_SUM_108 end 1785465359232
job 58_DOT_84 started 1785465359232 core=0
job 91_DOT_84 end 1785465372402
job 81_XPY_60 started 1785465372403 core=1
job 45_POW_36 end 1785465448708
job 67_DOT_84 started 1785465448708 core=4
job 58_DOT_84 end 1785465451348
job 83_XPY_60 started 1785465451348 core=0
job 51_XPY_60 end 1785465476373
job 88_SUM_132 started 1785465476373 core=5
job 81_XPY_60 end 1785465491714
job 92_SUM_84 started 1785465491714 core=1
job 92_SUM_84 end 1785465549830
job 93_SUM_84 started 1785465549830 core=1
job 83_XPY_60 end 1785465559107
job 94_SUM_108 started 1785465559107 core=0
job 88_SUM_132 end 1785465574176
job 99_COPY_84 started 1785465574176 core=5
job 67_DOT_84 end 1785465581194
job 94_SUM_108 end 1785465612534
job 93_SUM_84 end 1785465617456
job 99_COPY_84 end 1785465641809
  итерация 1: 1606620 ms
job 5_POW_36 started 1785465641810 core=1
job 16_TGAMMA_60 started 1785465641810 core=0
job 1_TGAMMA_120 started 1785465641810 core=5
job 22_TGAMMA_60 started 1785465641810 core=4
job 22_TGAMMA_60 end 1785465675661
job 7_TGAMMA_120 started 1785465675661 core=4
job 16_TGAMMA_60 end 1785465675712
job 12_POW_12 started 1785465675728 core=0
job 12_POW_12 end 1785465700832
job 6_POW_12 started 1785465700832 core=0
job 1_TGAMMA_120 end 1785465709722
job 8_TGAMMA_120 started 1785465709722 core=5
job 5_POW_36 end 1785465715990
job 9_TGAMMA_60 started 1785465715990 core=1
job 6_POW_12 end 1785465725630
job 13_TGAMMA_12 started 1785465725630 core=0
job 13_TGAMMA_12 end 1785465732389
job 17_TGAMMA_12 started 1785465732389 core=0
job 17_TGAMMA_12 end 1785465739141
job 0_TGAMMA_60 started 1785465739141 core=0
job 7_TGAMMA_120 end 1785465743427
job 11_TGAMMA_60 started 1785465743427 core=4
job 9_TGAMMA_60 end 1785465749748
job 25_POW_36 started 1785465749748 core=1
job 0_TGAMMA_60 end 1785465772960
job 2_TGAMMA_12 started 1785465772960 core=0
job 11_TGAMMA_60 end 1785465777206
job 34_TGAMMA_60 started 1785465777206 core=4
job 8_TGAMMA_120 end 1785465777441
job 37_TGAMMA_12 started 1785465777441 core=5
job 2_TGAMMA_12 end 1785465779729
job 3_TGAMMA_12 started 1785465779730 core=0
job 37_TGAMMA_12 end 1785465784212
job 21_TGAMMA_120 started 1785465784212 core=5
job 3_TGAMMA_12 end 1785465786510
job 23_TGAMMA_12 started 1785465786510 core=0
job 23_TGAMMA_12 end 1785465793290
job 20_TGAMMA_60 started 1785465793290 core=0
job 34_TGAMMA_60 end 1785465811042
job 32_POW_24 started 1785465811042 core=4
job 25_POW_36 end 1785465823065
job 39_TGAMMA_120 started 1785465823065 core=1
job 20_TGAMMA_60 end 1785465827222
job 15_POW_12 started 1785465827222 core=0
job 21_TGAMMA_120 end 1785465852085
job 27_POW_24 started 1785465852085 core=5
job 15_POW_12 end 1785465852479
job 41_TGAMMA_120 started 1785465852479 core=0
job 32_POW_24 end 1785465861228
job 31_POW_36 started 1785465861228 core=4
job 39_TGAMMA_120 end 1785465890961
job 45_POW_36 started 1785465890961 core=1
job 27_POW_24 end 1785465903249
job 29_TGAMMA_60 started 1785465903249 core=5
job 41_TGAMMA_120 end 1785465920664
job 42_TGAMMA_120 started 1785465920664 core=0
job 31_POW_36 end 1785465936902
job 38_TGAMMA_60 started 1785465936902 core=4
job 29_TGAMMA_60 end 1785465937288
job 4_TGAMMA_60 started 1785465937288 core=5
job 45_POW_36 end 1785465966223
job 52_COPY_84 started 1785465966223 core=1
job 38_TGAMMA_60 end 1785465970735
job 10_TGAMMA_120 started 1785465970735 core=4
job 4_TGAMMA_60 end 1785465971190
job 24_TGAMMA_60 started 1785465971190 core=5
job 42_TGAMMA_120 end 1785465988634
job 47_POW_12 started 1785465988634 core=0
job 24_TGAMMA_60 end 1785466005871
job 43_TGAMMA_12 started 1785466005871 core=5
job 43_TGAMMA_12 end 1785466012919
job 51_XPY_60 started 1785466012919 core=5
job 47_POW_12 end 1785466014793
job 61_SUM_108 started 1785466014793 core=0
job 10_TGAMMA_120 end 1785466039494
job 28_POW_36 started 1785466039495 core=4
job 52_COPY_84 end 1785466051727
job 14_TGAMMA_60 started 1785466051727 core=1
job 61_SUM_108 end 1785466068532
job 18_TGAMMA_12 started 1785466068532 core=0
job 18_TGAMMA_12 end 1785466075411
job 35_POW_12 started 1785466075411 core=0
job 14_TGAMMA_60 end 1785466087477
job 36_TGAMMA_60 started 1785466087477 core=1
job 51_XPY_60 end 1785466095409
job 48_TGAMMA_60 started 1785466095409 core=5
job 35_POW_12 end 1785466104142
job 56_SUM_108 started 1785466104142 core=0
job 36_TGAMMA_60 end 1785466121946
job 65_COPY_60 started 1785466121946 core=1
job 28_POW_36 end 1785466128114
job 68_DOT_84 started 1785466128114 core=4
job 48_TGAMMA_60 end 1785466129783
job 44_TGAMMA_12 started 1785466129783 core=5
job 44_TGAMMA_12 end 1785466137045
job 53_XPY_60 started 1785466137045 core=5
job 56_SUM_108 end 1785466167824
job 57_SUM_132 started 1785466167824 core=0
job 68_DOT_84 end 1785466221339
job 70_XPY_60 started 1785466221339 core=4
job 65_COPY_60 end 1785466246706
job 71_COPY_60 started 1785466246706 core=1
job 53_XPY_60 end 1785466258029
job 94_SUM_108 started 1785466258029 core=5
job 57_SUM_132 end 1785466283134
job 50_COPY_84 started 1785466283135 core=0
job 70_XPY_60 end 1785466313312
job 63_SUM_108 started 1785466313312 core=4
job 71_COPY_60 end 1785466337984
job 64_SUM_84 started 1785466337984 core=1
job 94_SUM_108 end 1785466354812
job 19_TGAMMA_12 started 1785466354812 core=5
job 19_TGAMMA_12 end 1785466361855
job 49_POW_24 started 1785466361856 core=5
job 64_SUM_84 end 1785466388714
job 54_SUM_132 started 1785466388714 core=1
job 63_SUM_108 end 1785466421993
job 55_SUM_108 started 1785466421994 core=4
job 50_COPY_84 end 1785466423755
job 58_DOT_84 started 1785466423756 core=0
job 49_POW_24 end 1785466431174
job 69_SUM_108 started 1785466431175 core=5
job 54_SUM_132 end 1785466480186
job 59_COPY_84 started 1785466480186 core=1
job 55_SUM_108 end 1785466516331
job 79_SUM_108 started 1785466516333 core=4
job 58_DOT_84 end 1785466526645
job 80_SUM_108 started 1785466526645 core=0
job 69_SUM_108 end 1785466526707
job 75_SUM_108 started 1785466526707 core=5
job 79_SUM_108 end 1785466591707
job 97_XPY_48 started 1785466591707 core=4
job 80_SUM_108 end 1785466603288
job 26_POW_12 started 1785466603289 core=0
job 59_COPY_84 end 1785466618259
job 30_POW_36 started 1785466618259 core=1
job 75_SUM_108 end 1785466630196
job 67_DOT_84 started 1785466630197 core=5
job 26_POW_12 end 1785466654004
job 66_XPY_48 started 1785466654004 core=0
job 97_XPY_48 end 1785466667358
job 33_POW_12 started 1785466667358 core=4
job 33_POW_12 end 1785466719350
job 74_DOT_36 started 1785466719350 core=4
job 67_DOT_84 end 1785466721566
job 87_DOT_84 started 1785466721567 core=5
job 30_POW_36 end 1785466730202
job 81_XPY_60 started 1785466730202 core=1
job 66_XPY_48 end 1785466734164
job 85_XPY_60 started 1785466734165 core=0
job 74_DOT_36 end 1785466775971
job 88_SUM_132 started 1785466775971 core=4
job 81_XPY_60 end 1785466830637
job 91_DOT_84 started 1785466830637 core=1
job 85_XPY_60 end 1785466833869
job 77_DOT_36 started 1785466833869 core=0
job 87_DOT_84 end 1785466855401
job 40_TGAMMA_120 started 1785466855401 core=5
job 77_DOT_36 end 1785466879660
job 72_XPY_60 started 1785466879660 core=0
job 88_SUM_132 end 1785466897796
job 84_SUM_84 started 1785466897796 core=4
job 91_DOT_84 end 1785466914651
job 96_XPY_48 started 1785466914651 core=1
job 40_TGAMMA_120 end 1785466925810
job 82_DOT_36 started 1785466925810 core=5
job 72_XPY_60 end 1785466972585
job 92_SUM_84 started 1785466972586 core=0
job 84_SUM_84 end 1785466976913
job 89_DOT_84 started 1785466976914 core=4
job 82_DOT_36 end 1785466984702
job 93_SUM_84 started 1785466984702 core=5
job 96_XPY_48 end 1785466992232
job 95_SUM_108 started 1785466992232 core=1
job 92_SUM_84 end 1785467046715
job 46_TGAMMA_60 started 1785467046715 core=0
job 93_SUM_84 end 1785467050697
job 98_XPY_60 started 1785467050697 core=5
job 89_DOT_84 end 1785467070817
job 99_COPY_84 started 1785467070817 core=4
job 95_SUM_108 end 1785467079139
job 60_COPY_60 started 1785467079139 core=1
job 46_TGAMMA_60 end 1785467081887
job 83_XPY_60 started 1785467081888 core=0
job 98_XPY_60 end 1785467155524
job 62_XPY_48 started 1785467155525 core=5
job 83_XPY_60 end 1785467186972
job 73_XPY_60 started 1785467186972 core=0
job 60_COPY_60 end 1785467191371
job 90_SUM_84 started 1785467191371 core=1
job 99_COPY_84 end 1785467228244
job 76_SUM_108 started 1785467228245 core=4
job 62_XPY_48 end 1785467232993
job 78_COPY_60 started 1785467232994 core=5
job 90_SUM_84 end 1785467268973
job 86_SUM_84 started 1785467268973 core=1
job 73_XPY_60 end 1785467285165
job 76_SUM_108 end 1785467303498
job 78_COPY_60 end 1785467313315
job 86_SUM_84 end 1785467319854
  итерация 2: 1678044 ms
  среднее по 3 итерациям: 1655797 ms
=== Выполняется проект: no_po_cpu50_memory50_2.txt (100 работ, базовый прогон oneTBB) ===
job 0_TGAMMA_12 started 1785467319854 core=1
job 16_POW_24 started 1785467319854 core=4
job 6_POW_24 started 1785467319855 core=5
job 19_POW_12 started 1785467319855 core=0
job 0_TGAMMA_12 end 1785467326734
job 33_TGAMMA_12 started 1785467326734 core=1
job 33_TGAMMA_12 end 1785467333606
job 1_POW_24 started 1785467333606 core=1
job 19_POW_12 end 1785467348838
job 35_TGAMMA_120 started 1785467348839 core=0
job 16_POW_24 end 1785467375029
job 37_POW_24 started 1785467375029 core=4
job 6_POW_24 end 1785467375391
job 41_POW_12 started 1785467375391 core=5
job 1_POW_24 end 1785467389440
job 28_POW_12 started 1785467389440 core=1
job 41_POW_12 end 1785467402250
job 3_TGAMMA_120 started 1785467402250 core=5
job 28_POW_12 end 1785467415428
job 2_POW_24 started 1785467415429 core=1
job 35_TGAMMA_120 end 1785467417432
job 8_TGAMMA_60 started 1785467417432 core=0
job 37_POW_24 end 1785467426426
job 11_TGAMMA_120 started 1785467426426 core=4
job 8_TGAMMA_60 end 1785467451363
job 29_POW_36 started 1785467451363 core=0
job 2_POW_24 end 1785467464866
job 4_POW_36 started 1785467464866 core=1
job 3_TGAMMA_120 end 1785467470164
job 34_TGAMMA_12 started 1785467470164 core=5
job 34_TGAMMA_12 end 1785467476964
job 5_POW_12 started 1785467476964 core=5
job 11_TGAMMA_120 end 1785467494404
job 53_XPY_48 started 1785467494404 core=4
job 5_POW_12 end 1785467505144
job 17_POW_36 started 1785467505144 core=5
job 4_POW_36 end 1785467552131
job 7_POW_12 started 1785467552131 core=1
job 29_POW_36 end 1785467556345
job 9_POW_24 started 1785467556345 core=0
job 53_XPY_48 end 1785467560577
job 14_POW_36 started 1785467560577 core=4
job 7_POW_12 end 1785467583031
job 10_POW_24 started 1785467583031 core=1
job 17_POW_36 end 1785467598144
job 15_TGAMMA_60 started 1785467598145 core=5
job 9_POW_24 end 1785467617096
job 31_TGAMMA_60 started 1785467617096 core=0
job 15_TGAMMA_60 end 1785467632321
job 23_TGAMMA_12 started 1785467632321 core=5
job 10_POW_24 end 1785467637038
job 20_POW_36 started 1785467637038 core=1
job 23_TGAMMA_12 end 1785467639127
job 26_POW_12 started 1785467639127 core=5
job 14_POW_36 end 1785467644499
job 44_TGAMMA_60 started 1785467644499 core=4
job 31_TGAMMA_60 end 1785467651186
job 24_POW_12 started 1785467651186 core=0
job 26_POW_12 end 1785467665552
job 46_TGAMMA_12 started 1785467665552 core=5
job 46_TGAMMA_12 end 1785467672351
job 12_TGAMMA_60 started 1785467672351 core=5
job 24_POW_12 end 1785467676950
job 39_TGAMMA_60 started 1785467676950 core=0
job 44_TGAMMA_60 end 1785467678585
job 25_TGAMMA_60 started 1785467678585 core=4
job 12_TGAMMA_60 end 1785467706212
job 61_DOT_36 started 1785467706212 core=5
job 39_TGAMMA_60 end 1785467710860
job 43_TGAMMA_120 started 1785467710860 core=0
job 25_TGAMMA_60 end 1785467712467
job 42_POW_36 started 1785467712467 core=4
job 20_POW_36 end 1785467714168
job 66_SUM_108 started 1785467714168 core=1
job 61_DOT_36 end 1785467739803
job 18_POW_24 started 1785467739803 core=5
job 66_SUM_108 end 1785467776993
job 13_POW_24 started 1785467776993 core=1
job 43_TGAMMA_120 end 1785467780135
job 72_COPY_60 started 1785467780135 core=0
job 18_POW_24 end 1785467800132
job 51_DOT_36 started 1785467800132 core=5
job 42_POW_36 end 1785467802580
job 45_TGAMMA_60 started 1785467802580 core=4
job 45_TGAMMA_60 end 1785467838330
job 73_XPY_60 started 1785467838331 core=4
job 51_DOT_36 end 1785467838864
job 38_POW_12 started 1785467838865 core=5
job 13_POW_24 end 1785467844559
job 67_DOT_84 started 1785467844559 core=1
job 72_COPY_60 end 1785467874283
job 22_TGAMMA_60 started 1785467874283 core=0
job 38_POW_12 end 1785467874832
job 50_DOT_84 started 1785467874832 core=5
job 22_TGAMMA_60 end 1785467910939
job 68_SUM_84 started 1785467910939 core=0
job 73_XPY_60 end 1785467934724
job 30_POW_24 started 1785467934724 core=4
job 67_DOT_84 end 1785467950582
job 21_TGAMMA_12 started 1785467950582 core=1
job 21_TGAMMA_12 end 1785467957638
job 65_SUM_108 started 1785467957638 core=1
job 68_SUM_84 end 1785467978537
job 27_POW_36 started 1785467978538 core=0
job 50_DOT_84 end 1785467981975
job 59_XPY_60 started 1785467981975 core=5
job 30_POW_24 end 1785468005692
job 81_XPY_60 started 1785468005692 core=4
job 65_SUM_108 end 1785468056005
job 40_TGAMMA_60 started 1785468056005 core=1
job 59_XPY_60 end 1785468065799
job 82_XPY_48 started 1785468065799 core=5
job 81_XPY_60 end 1785468089915
job 32_POW_24 started 1785468089915 core=4
job 40_TGAMMA_60 end 1785468091532
job 52_XPY_48 started 1785468091532 core=1
job 27_POW_36 end 1785468102206
job 71_DOT_36 started 1785468102207 core=0
job 71_DOT_36 end 1785468141262
job 49_TGAMMA_12 started 1785468141262 core=0
job 82_XPY_48 end 1785468141684
job 47_TGAMMA_120 started 1785468141684 core=5
job 49_TGAMMA_12 end 1785468148136
job 55_DOT_84 started 1785468148136 core=0
job 32_POW_24 end 1785468158733
job 78_XPY_60 started 1785468158733 core=4
job 52_XPY_48 end 1785468167745
job 64_DOT_84 started 1785468167745 core=1
job 47_TGAMMA_120 end 1785468212124
job 97_DOT_84 started 1785468212124 core=5
job 64_DOT_84 end 1785468256849
job 92_XPY_60 started 1785468256849 core=1
job 78_XPY_60 end 1785468267143
job 60_SUM_108 started 1785468267143 core=4
job 55_DOT_84 end 1785468279648
job 80_COPY_60 started 1785468279648 core=0
job 97_DOT_84 end 1785468340911
job 36_POW_36 started 1785468340914 core=5
job 92_XPY_60 end 1785468357960
job 56_SUM_108 started 1785468357960 core=1
job 80_COPY_60 end 1785468369800
job 62_SUM_132 started 1785468369800 core=0
job 60_SUM_108 end 1785468370882
job 63_DOT_84 started 1785468370882 core=4
job 56_SUM_108 end 1785468431883
job 48_POW_12 started 1785468431883 core=1
job 36_POW_36 end 1785468455437
job 83_SUM_84 started 1785468455437 core=5
job 48_POW_12 end 1785468468664
job 85_XPY_60 started 1785468468664 core=1
job 63_DOT_84 end 1785468471411
job 90_SUM_84 started 1785468471411 core=4
job 62_SUM_132 end 1785468480215
job 54_SUM_132 started 1785468480215 core=0
job 90_SUM_84 end 1785468529140
job 69_SUM_84 started 1785468529141 core=4
job 83_SUM_84 end 1785468534020
job 84_SUM_84 started 1785468534020 core=5
job 54_SUM_132 end 1785468570910
job 88_DOT_84 started 1785468570910 core=0
job 85_XPY_60 end 1785468572690
job 86_DOT_84 started 1785468572690 core=1
job 69_SUM_84 end 1785468591146
job 57_COPY_60 started 1785468591146 core=4
job 84_SUM_84 end 1785468612525
job 74_SUM_132 started 1785468612525 core=5
job 86_DOT_84 end 1785468673178
job 76_SUM_84 started 1785468673178 core=1
job 57_COPY_60 end 1785468705753
job 95_COPY_60 started 1785468705753 core=4
job 88_DOT_84 end 1785468712292
job 89_XPY_60 started 1785468712292 core=0
job 74_SUM_132 end 1785468714574
job 75_DOT_84 started 1785468714574 core=5
job 76_SUM_84 end 1785468733106
job 77_DOT_84 started 1785468733106 core=1
job 75_DOT_84 end 1785468821200
job 58_DOT_84 started 1785468821201 core=5
job 89_XPY_60 end 1785468837857
job 91_DOT_36 started 1785468837857 core=0
job 77_DOT_84 end 1785468843346
job 70_SUM_132 started 1785468843346 core=1
job 95_COPY_60 end 1785468843372
job 93_DOT_84 started 1785468843373 core=4
job 91_DOT_36 end 1785468893525
job 79_DOT_84 started 1785468893526 core=0
job 58_DOT_84 end 1785468929721
job 98_SUM_132 started 1785468929721 core=5
job 70_SUM_132 end 1785468958409
job 87_SUM_132 started 1785468958410 core=1
job 93_DOT_84 end 1785468970199
job 94_SUM_108 started 1785468970199 core=4
job 79_DOT_84 end 1785469013416
job 96_DOT_84 started 1785469013416 core=0
job 98_SUM_132 end 1785469029834
job 99_SUM_84 started 1785469029835 core=5
job 87_SUM_132 end 1785469057994
job 94_SUM_108 end 1785469068058
job 99_SUM_84 end 1785469077162
job 96_DOT_84 end 1785469089906
  итерация 0: 1770051 ms
job 6_POW_24 started 1785469089906 core=0
job 14_POW_36 started 1785469089906 core=4
job 9_POW_24 started 1785469089906 core=5
job 7_POW_12 started 1785469089907 core=1
job 7_POW_12 end 1785469121052
job 5_POW_12 started 1785469121052 core=1
job 5_POW_12 end 1785469152170
job 22_TGAMMA_60 started 1785469152170 core=1
job 9_POW_24 end 1785469152266
job 15_TGAMMA_60 started 1785469152266 core=5
job 6_POW_24 end 1785469152300
job 16_POW_24 started 1785469152300 core=0
job 14_POW_36 end 1785469177425
job 21_TGAMMA_12 started 1785469177425 core=4
job 21_TGAMMA_12 end 1785469184184
job 13_POW_24 started 1785469184184 core=4
job 22_TGAMMA_60 end 1785469186150
job 3_TGAMMA_120 started 1785469186151 core=1
job 15_TGAMMA_60 end 1785469186223
job 19_POW_12 started 1785469186223 core=5
job 16_POW_24 end 1785469203593
job 20_POW_36 started 1785469203593 core=0
job 19_POW_12 end 1785469212503
job 8_TGAMMA_60 started 1785469212503 core=5
job 13_POW_24 end 1785469236186
job 11_TGAMMA_120 started 1785469236187 core=4
job 8_TGAMMA_60 end 1785469246448
job 26_POW_12 started 1785469246448 core=5
job 3_TGAMMA_120 end 1785469254402
job 0_TGAMMA_12 started 1785469254402 core=1
job 0_TGAMMA_12 end 1785469261199
job 1_POW_24 started 1785469261199 core=1
job 26_POW_12 end 1785469272333
job 10_POW_24 started 1785469272333 core=5
job 20_POW_36 end 1785469280203
job 17_POW_36 started 1785469280203 core=0
job 11_TGAMMA_120 end 1785469304456
job 31_TGAMMA_60 started 1785469304456 core=4
job 1_POW_24 end 1785469315015
job 40_TGAMMA_60 started 1785469315015 core=1
job 10_POW_24 end 1785469325376
job 2_POW_24 started 1785469325376 core=5
job 31_TGAMMA_60 end 1785469338560
job 12_TGAMMA_60 started 1785469338560 core=4
job 40_TGAMMA_60 end 1785469349034
job 29_POW_36 started 1785469349035 core=1
job 17_POW_36 end 1785469357508
job 38_POW_12 started 1785469357508 core=0
job 12_TGAMMA_60 end 1785469372722
job 36_POW_36 started 1785469372722 core=4
job 2_POW_24 end 1785469378069
job 4_POW_36 started 1785469378069 core=5
job 38_POW_12 end 1785469385892
job 27_POW_36 started 1785469385892 core=0
job 29_POW_36 end 1785469438445
job 24_POW_12 started 1785469438445 core=1
job 36_POW_36 end 1785469465845
job 23_TGAMMA_12 started 1785469465846 core=4
job 24_POW_12 end 1785469469009
job 18_POW_24 started 1785469469009 core=1
job 4_POW_36 end 1785469470601
job 48_POW_12 started 1785469470602 core=5
job 23_TGAMMA_12 end 1785469472690
job 53_XPY_48 started 1785469472690 core=4
job 27_POW_36 end 1785469480310
job 50_DOT_84 started 1785469480310 core=0
job 48_POW_12 end 1785469501816
job 34_TGAMMA_12 started 1785469501816 core=5
job 34_TGAMMA_12 end 1785469508718
job 32_POW_24 started 1785469508718 core=5
job 18_POW_24 end 1785469531093
job 39_TGAMMA_60 started 1785469531093 core=1
job 53_XPY_48 end 1785469545270
job 47_TGAMMA_120 started 1785469545270 core=4
job 39_TGAMMA_60 end 1785469565633
job 35_TGAMMA_120 started 1785469565633 core=1
job 32_POW_24 end 1785469566788
job 25_TGAMMA_60 started 1785469566788 core=5
job 50_DOT_84 end 1785469572486
job 28_POW_12 started 1785469572486 core=0
job 28_POW_12 end 1785469596843
job 60_SUM_108 started 1785469596843 core=0
job 25_TGAMMA_60 end 1785469600728
job 49_TGAMMA_12 started 1785469600728 core=5
job 49_TGAMMA_12 end 1785469607530
job 37_POW_24 started 1785469607530 core=5
job 47_TGAMMA_120 end 1785469613851
job 33_TGAMMA_12 started 1785469613851 core=4
job 33_TGAMMA_12 end 1785469620799
job 42_POW_36 started 1785469620800 core=4
job 35_TGAMMA_120 end 1785469634072
job 63_DOT_84 started 1785469634072 core=1
job 60_SUM_108 end 1785469639042
job 65_SUM_108 started 1785469639042 core=0
job 37_POW_24 end 1785469676803
job 68_SUM_84 started 1785469676803 core=5
job 65_SUM_108 end 1785469712787
job 41_POW_12 started 1785469712787 core=0
job 42_POW_36 end 1785469727981
job 51_DOT_36 started 1785469727982 core=4
job 63_DOT_84 end 1785469734009
job 30_POW_24 started 1785469734009 core=1
job 68_SUM_84 end 1785469745312
job 45_TGAMMA_60 started 1785469745312 core=5
job 41_POW_12 end 1785469751121
job 43_TGAMMA_120 started 1785469751121 core=0
job 51_DOT_36 end 1785469762179
job 52_XPY_48 started 1785469762179 core=4
job 45_TGAMMA_60 end 1785469779759
job 73_XPY_60 started 1785469779759 core=5
job 30_POW_24 end 1785469798084
job 76_SUM_84 started 1785469798084 core=1
job 52_XPY_48 end 1785469810873
job 72_COPY_60 started 1785469810873 core=4
job 43_TGAMMA_120 end 1785469821692
job 56_SUM_108 started 1785469821695 core=0
job 73_XPY_60 end 1785469865428
job 74_SUM_132 started 1785469865428 core=5
job 76_SUM_84 end 1785469875656
job 81_XPY_60 started 1785469875656 core=1
job 72_COPY_60 end 1785469898126
job 54_SUM_132 started 1785469898127 core=4
job 56_SUM_108 end 1785469919534
job 64_DOT_84 started 1785469919535 core=0
job 81_XPY_60 end 1785469972118
job 44_TGAMMA_60 started 1785469972118 core=1
job 74_SUM_132 end 1785469985164
job 58_DOT_84 started 1785469985164 core=5
job 54_SUM_132 end 1785470004212
job 80_COPY_60 started 1785470004212 core=4
job 44_TGAMMA_60 end 1785470007410
job 46_TGAMMA_12 started 1785470007410 core=1
job 46_TGAMMA_12 end 1785470014529
job 61_DOT_36 started 1785470014529 core=1
job 64_DOT_84 end 1785470027071
job 78_XPY_60 started 1785470027071 core=0
job 61_DOT_36 end 1785470062335
job 88_DOT_84 started 1785470062335 core=1
job 58_DOT_84 end 1785470082274
job 55_DOT_84 started 1785470082274 core=5
job 80_COPY_60 end 1785470132876
job 92_XPY_60 started 1785470132877 core=4
job 78_XPY_60 end 1785470160862
job 59_XPY_60 started 1785470160862 core=0
job 88_DOT_84 end 1785470172498
job 99_SUM_84 started 1785470172498 core=1
job 55_DOT_84 end 1785470189398
job 79_DOT_84 started 1785470189398 core=5
job 99_SUM_84 end 1785470239067
job 67_DOT_84 started 1785470239068 core=1
job 92_XPY_60 end 1785470259288
job 62_SUM_132 started 1785470259289 core=4
job 59_XPY_60 end 1785470290956
job 82_XPY_48 started 1785470290956 core=0
job 79_DOT_84 end 1785470292152
job 91_DOT_36 started 1785470292153 core=5
job 91_DOT_36 end 1785470341577
job 70_SUM_132 started 1785470341578 core=5
job 67_DOT_84 end 1785470352062
job 83_SUM_84 started 1785470352062 core=1
job 82_XPY_48 end 1785470370388
job 86_DOT_84 started 1785470370388 core=0
job 62_SUM_132 end 1785470397072
job 57_COPY_60 started 1785470397073 core=4
job 83_SUM_84 end 1785470411868
job 93_DOT_84 started 1785470411868 core=1
job 70_SUM_132 end 1785470441515
job 84_SUM_84 started 1785470441516 core=5
job 86_DOT_84 end 1785470510426
job 66_SUM_108 started 1785470510427 core=0
job 93_DOT_84 end 1785470511014
job 69_SUM_84 started 1785470511015 core=1
job 57_COPY_60 end 1785470511538
job 85_XPY_60 started 1785470511538 core=4
job 84_SUM_84 end 1785470511954
job 71_DOT_36 started 1785470511954 core=5
job 71_DOT_36 end 1785470553701
job 97_DOT_84 started 1785470553701 core=5
job 69_SUM_84 end 1785470580414
job 94_SUM_108 started 1785470580414 core=1
job 85_XPY_60 end 1785470610446
job 98_SUM_132 started 1785470610446 core=4
job 66_SUM_108 end 1785470624159
job 75_DOT_84 started 1785470624159 core=0
job 97_DOT_84 end 1785470655298
job 77_DOT_84 started 1785470655298 core=5
job 94_SUM_108 end 1785470676070
job 89_XPY_60 started 1785470676070 core=1
job 98_SUM_132 end 1785470724040
job 90_SUM_84 started 1785470724040 core=4
job 75_DOT_84 end 1785470727635
job 96_DOT_84 started 1785470727635 core=0
job 89_XPY_60 end 1785470790863
job 87_SUM_132 started 1785470790863 core=1
job 90_SUM_84 end 1785470794587
job 95_COPY_60 started 1785470794587 core=4
job 77_DOT_84 end 1785470795603
job 96_DOT_84 end 1785470838120
job 87_SUM_132 end 1785470843575
job 95_COPY_60 end 1785470856934
  итерация 1: 1767027 ms
job 4_POW_36 started 1785470856934 core=1
job 9_POW_24 started 1785470856934 core=0
job 24_POW_12 started 1785470856934 core=5
job 0_TGAMMA_12 started 1785470856934 core=4
job 0_TGAMMA_12 end 1785470863790
job 2_POW_24 started 1785470863806 core=4
job 24_POW_12 end 1785470886954
job 7_POW_12 started 1785470886955 core=5
job 9_POW_24 end 1785470918042
job 1_POW_24 started 1785470918042 core=0
job 7_POW_12 end 1785470918047
job 19_POW_12 started 1785470918047 core=5
job 2_POW_24 end 1785470926039
job 20_POW_36 started 1785470926039 core=4
job 4_POW_36 end 1785470948891
job 13_POW_24 started 1785470948891 core=1
job 19_POW_12 end 1785470949004
job 5_POW_12 started 1785470949005 core=5
job 5_POW_12 end 1785470980149
job 25_TGAMMA_60 started 1785470980149 core=5
job 1_POW_24 end 1785470980400
job 3_TGAMMA_120 started 1785470980400 core=0
job 13_POW_24 end 1785471005164
job 8_TGAMMA_60 started 1785471005165 core=1
job 20_POW_36 end 1785471011630
job 6_POW_24 started 1785471011630 core=4
job 25_TGAMMA_60 end 1785471014127
job 12_TGAMMA_60 started 1785471014127 core=5
job 8_TGAMMA_60 end 1785471038977
job 26_POW_12 started 1785471038977 core=1
job 12_TGAMMA_60 end 1785471047982
job 23_TGAMMA_12 started 1785471047982 core=5
job 3_TGAMMA_120 end 1785471048310
job 31_TGAMMA_60 started 1785471048310 core=0
job 23_TGAMMA_12 end 1785471054777
job 10_POW_24 started 1785471054777 core=5
job 6_POW_24 end 1785471061212
job 61_DOT_36 started 1785471061212 core=4
job 26_POW_12 end 1785471065485
job 17_POW_36 started 1785471065485 core=1
job 31_TGAMMA_60 end 1785471082975
job 37_POW_24 started 1785471082975 core=0
job 61_DOT_36 end 1785471093489
job 14_POW_36 started 1785471093489 core=4
job 10_POW_24 end 1785471118323
job 33_TGAMMA_12 started 1785471118323 core=5
job 33_TGAMMA_12 end 1785471125180
job 43_TGAMMA_120 started 1785471125180 core=5
job 37_POW_24 end 1785471143506
job 21_TGAMMA_12 started 1785471143506 core=0
job 21_TGAMMA_12 end 1785471150316
job 11_TGAMMA_120 started 1785471150316 core=0
job 17_POW_36 end 1785471153782
job 22_TGAMMA_60 started 1785471153782 core=1
job 14_POW_36 end 1785471174710
job 28_POW_12 started 1785471174710 core=4
job 22_TGAMMA_60 end 1785471187594
job 18_POW_24 started 1785471187594 core=1
job 43_TGAMMA_120 end 1785471193218
job 29_POW_36 started 1785471193218 core=5
job 28_POW_12 end 1785471199631
job 15_TGAMMA_60 started 1785471199631 core=4
job 11_TGAMMA_120 end 1785471218245
job 68_SUM_84 started 1785471218245 core=0
job 15_TGAMMA_60 end 1785471233996
job 60_SUM_108 started 1785471233996 core=4
job 18_POW_24 end 1785471244798
job 91_DOT_36 started 1785471244798 core=1
job 68_SUM_84 end 1785471267151
job 30_POW_24 started 1785471267151 core=0
job 91_DOT_36 end 1785471288431
job 32_POW_24 started 1785471288431 core=1
job 29_POW_36 end 1785471295712
job 35_TGAMMA_120 started 1785471295712 core=5
job 60_SUM_108 end 1785471304389
job 46_TGAMMA_12 started 1785471304389 core=4
job 46_TGAMMA_12 end 1785471311180
job 42_POW_36 started 1785471311180 core=4
job 30_POW_24 end 1785471328556
job 38_POW_12 started 1785471328556 core=0
job 32_POW_24 end 1785471342521
job 39_TGAMMA_60 started 1785471342521 core=1
job 38_POW_12 end 1785471354675
job 16_POW_24 started 1785471354675 core=0
job 35_TGAMMA_120 end 1785471364106
job 99_SUM_84 started 1785471364106 core=5
job 39_TGAMMA_60 end 1785471376788
job 27_POW_36 started 1785471376788 core=1
job 42_POW_36 end 1785471396423
job 36_POW_36 started 1785471396424 core=4
job 99_SUM_84 end 1785471409842
job 58_DOT_84 started 1785471409842 core=5
job 16_POW_24 end 1785471418072
job 67_DOT_84 started 1785471418073 core=0
job 27_POW_36 end 1785471496749
job 75_DOT_84 started 1785471496750 core=1
job 58_DOT_84 end 1785471509134
job 52_XPY_48 started 1785471509135 core=5
job 36_POW_36 end 1785471518076
job 64_DOT_84 started 1785471518076 core=4
job 67_DOT_84 end 1785471518372
job 66_SUM_108 started 1785471518372 core=0
job 52_XPY_48 end 1785471599935
job 34_TGAMMA_12 started 1785471599935 core=5
job 34_TGAMMA_12 end 1785471607151
job 77_DOT_84 started 1785471607152 core=5
job 66_SUM_108 end 1785471609625
job 44_TGAMMA_60 started 1785471609625 core=0
job 64_DOT_84 end 1785471616181
job 56_SUM_108 started 1785471616181 core=4
job 75_DOT_84 end 1785471631265
job 74_SUM_132 started 1785471631265 core=1
job 44_TGAMMA_60 end 1785471644862
job 49_TGAMMA_12 started 1785471644863 core=0
job 49_TGAMMA_12 end 1785471651947
job 70_SUM_132 started 1785471651947 core=0
job 56_SUM_108 end 1785471676914
job 40_TGAMMA_60 started 1785471676915 core=4
job 40_TGAMMA_60 end 1785471712102
job 80_COPY_60 started 1785471712102 core=4
job 77_DOT_84 end 1785471715191
job 78_XPY_60 started 1785471715191 core=5
job 70_SUM_132 end 1785471735731
job 57_COPY_60 started 1785471735732 core=0
job 74_SUM_132 end 1785471747798
job 47_TGAMMA_120 started 1785471747799 core=1
job 78_XPY_60 end 1785471790469
job 48_POW_12 started 1785471790469 core=5
job 80_COPY_60 end 1785471812803
job 89_XPY_60 started 1785471812803 core=4
job 48_POW_12 end 1785471816681
job 50_DOT_84 started 1785471816681 core=5
job 47_TGAMMA_120 end 1785471817469
job 51_DOT_36 started 1785471817469 core=1
job 57_COPY_60 end 1785471846422
job 41_POW_12 started 1785471846423 core=0
job 51_DOT_36 end 1785471864839
job 79_DOT_84 started 1785471864840 core=1
job 41_POW_12 end 1785471901113
job 86_DOT_84 started 1785471901113 core=0
job 89_XPY_60 end 1785471919580
job 59_XPY_60 started 1785471919580 core=4
job 50_DOT_84 end 1785471927920
job 84_SUM_84 started 1785471927920 core=5
job 79_DOT_84 end 1785471971700
job 63_DOT_84 started 1785471971700 core=1
job 84_SUM_84 end 1785471998615
job 69_SUM_84 started 1785471998616 core=5
job 59_XPY_60 end 1785472034091
job 62_SUM_132 started 1785472034091 core=4
job 86_DOT_84 end 1785472047479
job 65_SUM_108 started 1785472047479 core=0
job 69_SUM_84 end 1785472072232
job 45_TGAMMA_60 started 1785472072232 core=5
job 63_DOT_84 end 1785472073376
job 53_XPY_48 started 1785472073376 core=1
job 45_TGAMMA_60 end 1785472108765
job 71_DOT_36 started 1785472108765 core=5
job 65_SUM_108 end 1785472122138
job 72_COPY_60 started 1785472122138 core=0
job 62_SUM_132 end 1785472131220
job 85_XPY_60 started 1785472131220 core=4
job 53_XPY_48 end 1785472145830
job 73_XPY_60 started 1785472145830 core=1
job 71_DOT_36 end 1785472165214
job 83_SUM_84 started 1785472165214 core=5
job 73_XPY_60 end 1785472236610
job 90_SUM_84 started 1785472236610 core=1
job 83_SUM_84 end 1785472237783
job 93_DOT_84 started 1785472237783 core=5
job 85_XPY_60 end 1785472243599
job 81_XPY_60 started 1785472243599 core=4
job 72_COPY_60 end 1785472244466
job 94_SUM_108 started 1785472244466 core=0
job 90_SUM_84 end 1785472305295
job 92_XPY_60 started 1785472305296 core=1
job 81_XPY_60 end 1785472340344
job 54_SUM_132 started 1785472340345 core=4
job 93_DOT_84 end 1785472346187
job 98_SUM_132 started 1785472346187 core=5
job 94_SUM_108 end 1785472353414
job 55_DOT_84 started 1785472353414 core=0
job 92_XPY_60 end 1785472406373
job 82_XPY_48 started 1785472406373 core=1
job 54_SUM_132 end 1785472446764
job 76_SUM_84 started 1785472446765 core=4
job 55_DOT_84 end 1785472451949
job 96_DOT_84 started 1785472451949 core=0
job 98_SUM_132 end 1785472486818
job 87_SUM_132 started 1785472486818 core=5
job 82_XPY_48 end 1785472489185
job 95_COPY_60 started 1785472489185 core=1
job 76_SUM_84 end 1785472516057
job 97_DOT_84 started 1785472516057 core=4
job 96_DOT_84 end 1785472556184
job 88_DOT_84 started 1785472556185 core=0
job 95_COPY_60 end 1785472589021
job 87_SUM_132 end 1785472605310
job 97_DOT_84 end 1785472620380
job 88_DOT_84 end 1785472633643
  итерация 2: 1776708 ms
  среднее по 3 итерациям: 1771262 ms
=== Выполняется проект: no_po_cpu50_memory50_3.txt (100 работ, базовый прогон oneTBB) ===
job 19_TGAMMA_120 started 1785472633644 core=0
job 22_TGAMMA_12 started 1785472633644 core=4
job 35_POW_12 started 1785472633644 core=5
job 30_TGAMMA_60 started 1785472633644 core=1
job 22_TGAMMA_12 end 1785472640424
job 0_TGAMMA_60 started 1785472640424 core=4
job 35_POW_12 end 1785472658015
job 4_POW_12 started 1785472658015 core=5
job 30_TGAMMA_60 end 1785472667504
job 2_TGAMMA_120 started 1785472667504 core=1
job 0_TGAMMA_60 end 1785472674291
job 10_TGAMMA_12 started 1785472674291 core=4
job 10_TGAMMA_12 end 1785472681055
job 9_POW_24 started 1785472681055 core=4
job 4_POW_12 end 1785472682404
job 40_POW_24 started 1785472682404 core=5
job 19_TGAMMA_120 end 1785472701515
job 8_TGAMMA_60 started 1785472701515 core=0
job 9_POW_24 end 1785472731204
job 6_TGAMMA_12 started 1785472731204 core=4
job 40_POW_24 end 1785472732492
job 12_POW_12 started 1785472732492 core=5
job 2_TGAMMA_120 end 1785472735345
job 11_POW_36 started 1785472735345 core=1
job 8_TGAMMA_60 end 1785472735549
job 41_TGAMMA_60 started 1785472735550 core=0
job 6_TGAMMA_12 end 1785472737975
job 1_POW_24 started 1785472737975 core=4
job 12_POW_12 end 1785472758844
job 14_POW_24 started 1785472758844 core=5
job 41_TGAMMA_60 end 1785472769866
job 15_TGAMMA_120 started 1785472769867 core=0
job 1_POW_24 end 1785472790557
job 39_POW_12 started 1785472790557 core=4
job 14_POW_24 end 1785472812481
job 17_POW_24 started 1785472812481 core=5
job 11_POW_36 end 1785472815613
job 20_POW_24 started 1785472815613 core=1
job 39_POW_12 end 1785472816784
job 25_TGAMMA_120 started 1785472816784 core=4
job 15_TGAMMA_120 end 1785472838362
job 16_TGAMMA_120 started 1785472838362 core=0
job 17_POW_24 end 1785472863314
job 7_TGAMMA_12 started 1785472863315 core=5
job 20_POW_24 end 1785472866076
job 26_TGAMMA_60 started 1785472866076 core=1
job 7_TGAMMA_12 end 1785472870068
job 3_TGAMMA_60 started 1785472870068 core=5
job 25_TGAMMA_120 end 1785472884649
job 48_POW_36 started 1785472884649 core=4
job 26_TGAMMA_60 end 1785472899869
job 5_TGAMMA_120 started 1785472899869 core=1
job 3_TGAMMA_60 end 1785472903884
job 54_COPY_84 started 1785472903884 core=5
job 16_TGAMMA_120 end 1785472906240
job 21_TGAMMA_12 started 1785472906240 core=0
job 21_TGAMMA_12 end 1785472913111
job 27_TGAMMA_12 started 1785472913111 core=0
job 27_TGAMMA_12 end 1785472919983
job 13_TGAMMA_120 started 1785472919983 core=0
job 48_POW_36 end 1785472961654
job 28_POW_24 started 1785472961654 core=4
job 5_TGAMMA_120 end 1785472969385
job 56_COPY_84 started 1785472969385 core=1
job 54_COPY_84 end 1785472978299
job 33_TGAMMA_120 started 1785472978299 core=5
job 13_TGAMMA_120 end 1785472988715
job 63_SUM_84 started 1785472988715 core=0
job 28_POW_24 end 1785473020167
job 29_TGAMMA_12 started 1785473020167 core=4
job 29_TGAMMA_12 end 1785473027183
job 23_TGAMMA_12 started 1785473027183 core=4
job 63_SUM_84 end 1785473032812
job 43_TGAMMA_60 started 1785473032812 core=0
job 23_TGAMMA_12 end 1785473034160
job 31_TGAMMA_12 started 1785473034161 core=4
job 31_TGAMMA_12 end 1785473040975
job 18_TGAMMA_12 started 1785473040976 core=4
job 18_TGAMMA_12 end 1785473047788
job 68_COPY_60 started 1785473047788 core=4
job 33_TGAMMA_120 end 1785473048870
job 66_XPY_48 started 1785473048870 core=5
job 56_COPY_84 end 1785473057443
job 44_TGAMMA_12 started 1785473057443 core=1
job 44_TGAMMA_12 end 1785473064531
job 70_SUM_132 started 1785473064532 core=1
job 43_TGAMMA_60 end 1785473067545
job 71_SUM_84 started 1785473067545 core=0
job 66_XPY_48 end 1785473120861
job 45_TGAMMA_12 started 1785473120861 core=5
job 45_TGAMMA_12 end 1785473127902
job 42_TGAMMA_60 started 1785473127902 core=5
job 68_COPY_60 end 1785473132313
job 51_COPY_60 started 1785473132314 core=4
job 71_SUM_84 end 1785473147324
job 49_POW_12 started 1785473147324 core=0
job 70_SUM_132 end 1785473151378
job 59_SUM_132 started 1785473151378 core=1
job 42_TGAMMA_60 end 1785473162776
job 24_POW_36 started 1785473162777 core=5
job 49_POW_12 end 1785473193324
job 60_DOT_84 started 1785473193324 core=0
job 59_SUM_132 end 1785473227173
job 61_SUM_132 started 1785473227173 core=1
job 51_COPY_60 end 1785473231151
job 82_DOT_36 started 1785473231151 core=4
job 24_POW_36 end 1785473268302
job 38_POW_36 started 1785473268302 core=5
job 82_DOT_36 end 1785473282906
job 62_DOT_36 started 1785473282906 core=4
job 61_SUM_132 end 1785473319595
job 34_POW_24 started 1785473319595 core=1
job 60_DOT_84 end 1785473319827
job 37_POW_36 started 1785473319827 core=0
job 62_DOT_36 end 1785473331317
job 76_SUM_84 started 1785473331318 core=4
job 38_POW_36 end 1785473374881
job 32_POW_12 started 1785473374881 core=5
job 76_SUM_84 end 1785473382462
job 47_TGAMMA_12 started 1785473382462 core=4
job 34_POW_24 end 1785473385942
job 50_COPY_60 started 1785473385942 core=1
job 47_TGAMMA_12 end 1785473389328
job 77_XPY_48 started 1785473389329 core=4
job 32_POW_12 end 1785473412633
job 84_DOT_84 started 1785473412634 core=5
job 37_POW_36 end 1785473432851
job 78_XPY_60 started 1785473432851 core=0
job 77_XPY_48 end 1785473465151
job 36_POW_12 started 1785473465152 core=4
job 50_COPY_60 end 1785473478569
job 46_TGAMMA_60 started 1785473478569 core=1
job 84_DOT_84 end 1785473512031
job 57_COPY_60 started 1785473512032 core=5
job 36_POW_12 end 1785473512402
job 87_SUM_108 started 1785473512402 core=4
job 46_TGAMMA_60 end 1785473513460
job 89_SUM_84 started 1785473513460 core=1
job 78_XPY_60 end 1785473534809
job 53_DOT_36 started 1785473534809 core=0
job 53_DOT_36 end 1785473576865
job 92_SUM_108 started 1785473576865 core=0
job 87_SUM_108 end 1785473599061
job 67_SUM_132 started 1785473599061 core=4
job 89_SUM_84 end 1785473603172
job 74_COPY_60 started 1785473603172 core=1
job 57_COPY_60 end 1785473609940
job 86_SUM_84 started 1785473609940 core=5
job 92_SUM_108 end 1785473650528
job 81_XPY_60 started 1785473650528 core=0
job 86_SUM_84 end 1785473697091
job 65_COPY_60 started 1785473697092 core=5
job 74_COPY_60 end 1785473699987
job 69_XPY_48 started 1785473699987 core=1
job 67_SUM_132 end 1785473703757
job 93_XPY_48 started 1785473703759 core=4
job 81_XPY_60 end 1785473748396
job 96_COPY_60 started 1785473748396 core=0
job 69_XPY_48 end 1785473784282
job 80_SUM_132 started 1785473784282 core=1
job 93_XPY_48 end 1785473790137
job 98_COPY_84 started 1785473790137 core=4
job 65_COPY_60 end 1785473806518
job 52_COPY_60 started 1785473806519 core=5
job 96_COPY_60 end 1785473866699
job 58_DOT_36 started 1785473866700 core=0
job 52_COPY_60 end 1785473892667
job 55_DOT_36 started 1785473892667 core=5
job 80_SUM_132 end 1785473906370
job 73_COPY_60 started 1785473906370 core=1
job 58_DOT_36 end 1785473926480
job 64_COPY_84 started 1785473926480 core=0
job 55_DOT_36 end 1785473944284
job 94_COPY_60 started 1785473944284 core=5
job 98_COPY_84 end 1785473946642
job 75_DOT_84 started 1785473946642 core=4
job 73_COPY_60 end 1785474017466
job 72_COPY_84 started 1785474017466 core=1
job 94_COPY_60 end 1785474063117
job 83_DOT_84 started 1785474063117 core=5
job 64_COPY_84 end 1785474065748
job 85_XPY_60 started 1785474065749 core=0
job 75_DOT_84 end 1785474074461
job 79_XPY_60 started 1785474074461 core=4
job 72_COPY_84 end 1785474162327
job 95_SUM_108 started 1785474162327 core=1
job 83_DOT_84 end 1785474184193
job 97_DOT_36 started 1785474184194 core=5
job 85_XPY_60 end 1785474185727
job 88_SUM_84 started 1785474185728 core=0
job 79_XPY_60 end 1785474195117
job 99_SUM_84 started 1785474195118 core=4
job 97_DOT_36 end 1785474228825
job 90_COPY_60 started 1785474228825 core=5
job 88_SUM_84 end 1785474250273
job 91_COPY_60 started 1785474250273 core=0
job 99_SUM_84 end 1785474257382
job 95_SUM_108 end 1785474260077
job 90_COPY_60 end 1785474297123
job 91_COPY_60 end 1785474302898
  итерация 0: 1669254 ms
job 5_TGAMMA_120 started 1785474302898 core=5
job 1_POW_24 started 1785474302898 core=0
job 9_POW_24 started 1785474302899 core=1
job 10_TGAMMA_12 started 1785474302916 core=4
job 10_TGAMMA_12 end 1785474309717
job 14_POW_24 started 1785474309717 core=4
job 9_POW_24 end 1785474354966
job 12_POW_12 started 1785474354966 core=1
job 1_POW_24 end 1785474356175
job 13_TGAMMA_120 started 1785474356176 core=0
job 14_POW_24 end 1785474362898
job 16_TGAMMA_120 started 1785474362899 core=4
job 5_TGAMMA_120 end 1785474371327
job 0_TGAMMA_60 started 1785474371327 core=5
job 12_POW_12 end 1785474379601
job 4_POW_12 started 1785474379601 core=1
job 4_POW_12 end 1785474403909
job 2_TGAMMA_120 started 1785474403910 core=1
job 0_TGAMMA_60 end 1785474405180
job 3_TGAMMA_60 started 1785474405181 core=5
job 13_TGAMMA_120 end 1785474423897
job 23_TGAMMA_12 started 1785474423897 core=0
job 16_TGAMMA_120 end 1785474430457
job 31_TGAMMA_12 started 1785474430457 core=4
job 23_TGAMMA_12 end 1785474430634
job 21_TGAMMA_12 started 1785474430634 core=0
job 31_TGAMMA_12 end 1785474437190
job 36_POW_12 started 1785474437190 core=4
job 21_TGAMMA_12 end 1785474437374
job 6_TGAMMA_12 started 1785474437374 core=0
job 3_TGAMMA_60 end 1785474438966
job 7_TGAMMA_12 started 1785474438966 core=5
job 6_TGAMMA_12 end 1785474444140
job 24_POW_36 started 1785474444140 core=0
job 7_TGAMMA_12 end 1785474445744
job 30_TGAMMA_60 started 1785474445744 core=5
job 36_POW_12 end 1785474462162
job 29_TGAMMA_12 started 1785474462162 core=4
job 29_TGAMMA_12 end 1785474468921
job 8_TGAMMA_60 started 1785474468921 core=4
job 2_TGAMMA_120 end 1785474471511
job 25_TGAMMA_120 started 1785474471511 core=1
job 30_TGAMMA_60 end 1785474479683
job 11_POW_36 started 1785474479684 core=5
job 8_TGAMMA_60 end 1785474502825
job 39_POW_12 started 1785474502826 core=4
job 24_POW_36 end 1785474520113
job 15_TGAMMA_120 started 1785474520113 core=0
job 39_POW_12 end 1785474529034
job 17_POW_24 started 1785474529034 core=4
job 25_TGAMMA_120 end 1785474539531
job 44_TGAMMA_12 started 1785474539532 core=1
job 44_TGAMMA_12 end 1785474546316
job 19_TGAMMA_120 started 1785474546316 core=1
job 11_POW_36 end 1785474555669
job 20_POW_24 started 1785474555670 core=5
job 17_POW_24 end 1785474579100
job 22_TGAMMA_12 started 1785474579100 core=4
job 22_TGAMMA_12 end 1785474585858
job 18_TGAMMA_12 started 1785474585858 core=4
job 15_TGAMMA_120 end 1785474588096
job 42_TGAMMA_60 started 1785474588096 core=0
job 18_TGAMMA_12 end 1785474592610
job 40_POW_24 started 1785474592610 core=4
job 20_POW_24 end 1785474605419
job 32_POW_12 started 1785474605420 core=5
job 19_TGAMMA_120 end 1785474614190
job 55_DOT_36 started 1785474614190 core=1
job 42_TGAMMA_60 end 1785474622214
job 41_TGAMMA_60 started 1785474622214 core=0
job 32_POW_12 end 1785474636288
job 47_TGAMMA_12 started 1785474636289 core=5
job 47_TGAMMA_12 end 1785474643262
job 37_POW_36 started 1785474643263 core=5
job 40_POW_24 end 1785474645155
job 45_TGAMMA_12 started 1785474645155 core=4
job 55_DOT_36 end 1785474645740
job 56_COPY_84 started 1785474645741 core=1
job 45_TGAMMA_12 end 1785474651963
job 34_POW_24 started 1785474651963 core=4
job 41_TGAMMA_60 end 1785474656704
job 51_COPY_60 started 1785474656704 core=0
job 34_POW_24 end 1785474733516
job 26_TGAMMA_60 started 1785474733516 core=4
job 51_COPY_60 end 1785474741501
job 49_POW_12 started 1785474741502 core=0
job 56_COPY_84 end 1785474755737
job 54_COPY_84 started 1785474755737 core=1
job 37_POW_36 end 1785474763188
job 35_POW_12 started 1785474763188 core=5
job 49_POW_12 end 1785474767839
job 38_POW_36 started 1785474767839 core=0
job 26_TGAMMA_60 end 1785474768067
job 52_COPY_60 started 1785474768067 core=4
job 35_POW_12 end 1785474804780
job 27_TGAMMA_12 started 1785474804780 core=5
job 27_TGAMMA_12 end 1785474811860
job 59_SUM_132 started 1785474811860 core=5
job 52_COPY_60 end 1785474856788
job 66_XPY_48 started 1785474856788 core=4
job 54_COPY_84 end 1785474870995
job 50_COPY_60 started 1785474870996 core=1
job 38_POW_36 end 1785474901905
job 28_POW_24 started 1785474901905 core=0
job 66_XPY_48 end 1785474926286
job 58_DOT_36 started 1785474926287 core=4
job 59_SUM_132 end 1785474935673
job 68_COPY_60 started 1785474935673 core=5
job 58_DOT_36 end 1785474965319
job 63_SUM_84 started 1785474965319 core=4
job 50_COPY_60 end 1785474967318
job 48_POW_36 started 1785474967318 core=1
job 28_POW_24 end 1785474980778
job 60_DOT_84 started 1785474980779 core=0
job 63_SUM_84 end 1785475026969
job 75_DOT_84 started 1785475026969 core=4
job 68_COPY_60 end 1785475043848
job 70_SUM_132 started 1785475043848 core=5
job 60_DOT_84 end 1785475086993
job 81_XPY_60 started 1785475086993 core=0
job 48_POW_36 end 1785475097125
job 33_TGAMMA_120 started 1785475097126 core=1
job 70_SUM_132 end 1785475121481
job 65_COPY_60 started 1785475121481 core=5
job 75_DOT_84 end 1785475151359
job 64_COPY_84 started 1785475151359 core=4
job 33_TGAMMA_120 end 1785475167480
job 79_XPY_60 started 1785475167480 core=1
job 81_XPY_60 end 1785475188790
job 71_SUM_84 started 1785475188791 core=0
job 65_COPY_60 end 1785475207980
job 99_SUM_84 started 1785475207980 core=5
job 79_XPY_60 end 1785475263508
job 86_SUM_84 started 1785475263508 core=1
job 71_SUM_84 end 1785475269263
job 73_COPY_60 started 1785475269263 core=0
job 99_SUM_84 end 1785475282401
job 67_SUM_132 started 1785475282401 core=5
job 64_COPY_84 end 1785475293031
job 62_DOT_36 started 1785475293032 core=4
job 86_SUM_84 end 1785475319909
job 84_DOT_84 started 1785475319909 core=1
job 62_DOT_36 end 1785475357533
job 43_TGAMMA_60 started 1785475357534 core=4
job 73_COPY_60 end 1785475378731
job 72_COPY_84 started 1785475378731 core=0
job 67_SUM_132 end 1785475382637
job 69_XPY_48 started 1785475382637 core=5
job 43_TGAMMA_60 end 1785475393412
job 85_XPY_60 started 1785475393413 core=4
job 84_DOT_84 end 1785475426735
job 82_DOT_36 started 1785475426735 core=1
job 69_XPY_48 end 1785475460168
job 46_TGAMMA_60 started 1785475460168 core=5
job 82_DOT_36 end 1785475471622
job 92_SUM_108 started 1785475471622 core=1
job 46_TGAMMA_60 end 1785475495035
job 90_COPY_60 started 1785475495036 core=5
job 85_XPY_60 end 1785475506093
job 91_COPY_60 started 1785475506093 core=4
job 92_SUM_108 end 1785475541907
job 74_COPY_60 started 1785475541907 core=1
job 72_COPY_84 end 1785475542124
job 77_XPY_48 started 1785475542124 core=0
job 90_COPY_60 end 1785475591546
job 98_COPY_84 started 1785475591546 core=5
job 91_COPY_60 end 1785475623120
job 88_SUM_84 started 1785475623121 core=4
job 77_XPY_48 end 1785475625754
job 53_DOT_36 started 1785475625754 core=0
job 74_COPY_60 end 1785475657845
job 57_COPY_60 started 1785475657846 core=1
job 53_DOT_36 end 1785475665578
job 93_XPY_48 started 1785475665578 core=0
job 88_SUM_84 end 1785475692100
job 80_SUM_132 started 1785475692101 core=4
job 93_XPY_48 end 1785475735904
job 95_SUM_108 started 1785475735905 core=0
job 98_COPY_84 end 1785475762001
job 96_COPY_60 started 1785475762001 core=5
job 57_COPY_60 end 1785475781413
job 94_COPY_60 started 1785475781413 core=1
job 80_SUM_132 end 1785475788874
job 61_SUM_132 started 1785475788874 core=4
job 95_SUM_108 end 1785475806193
job 76_SUM_84 started 1785475806194 core=0
job 76_SUM_84 end 1785475860900
job 78_XPY_60 started 1785475860900 core=0
job 61_SUM_132 end 1785475880330
job 83_DOT_84 started 1785475880331 core=4
job 96_COPY_60 end 1785475890621
job 87_SUM_108 started 1785475890622 core=5
job 94_COPY_60 end 1785475904104
job 89_SUM_84 started 1785475904104 core=1
job 89_SUM_84 end 1785475962290
job 97_DOT_36 started 1785475962290 core=1
job 78_XPY_60 end 1785475964364
job 87_SUM_108 end 1785475971576
job 83_DOT_84 end 1785475991447
job 97_DOT_36 end 1785475992462
  итерация 1: 1689564 ms
job 24_POW_36 started 1785475992463 core=4
job 1_POW_24 started 1785475992463 core=5
job 39_POW_12 started 1785475992463 core=0
job 15_TGAMMA_120 started 1785475992463 core=1
job 39_POW_12 end 1785476019493
job 6_TGAMMA_12 started 1785476019493 core=0
job 6_TGAMMA_12 end 1785476026298
job 2_TGAMMA_120 started 1785476026298 core=0
job 1_POW_24 end 1785476043861
job 3_TGAMMA_60 started 1785476043861 core=5
job 15_TGAMMA_120 end 1785476060644
job 16_TGAMMA_120 started 1785476060644 core=1
job 24_POW_36 end 1785476068980
job 17_POW_24 started 1785476068980 core=4
job 3_TGAMMA_60 end 1785476077694
job 4_POW_12 started 1785476077695 core=5
job 2_TGAMMA_120 end 1785476094220
job 9_POW_24 started 1785476094221 core=0
job 4_POW_12 end 1785476103142
job 12_POW_12 started 1785476103142 core=5
job 17_POW_24 end 1785476120602
job 7_TGAMMA_12 started 1785476120602 core=4
job 7_TGAMMA_12 end 1785476127407
job 30_TGAMMA_60 started 1785476127408 core=4
job 16_TGAMMA_120 end 1785476128710
job 10_TGAMMA_12 started 1785476128710 core=1
job 12_POW_12 end 1785476129008
job 31_TGAMMA_12 started 1785476129008 core=5
job 10_TGAMMA_12 end 1785476135483
job 33_TGAMMA_120 started 1785476135483 core=1
job 31_TGAMMA_12 end 1785476135769
job 8_TGAMMA_60 started 1785476135769 core=5
job 9_POW_24 end 1785476145729
job 13_TGAMMA_120 started 1785476145729 core=0
job 30_TGAMMA_60 end 1785476161261
job 18_TGAMMA_12 started 1785476161261 core=4
job 18_TGAMMA_12 end 1785476168009
job 42_TGAMMA_60 started 1785476168009 core=4
job 8_TGAMMA_60 end 1785476169564
job 0_TGAMMA_60 started 1785476169564 core=5
job 42_TGAMMA_60 end 1785476201782
job 20_POW_24 started 1785476201783 core=4
job 33_TGAMMA_120 end 1785476203018
job 19_TGAMMA_120 started 1785476203018 core=1
job 0_TGAMMA_60 end 1785476203320
job 44_TGAMMA_12 started 1785476203320 core=5
job 44_TGAMMA_12 end 1785476210079
job 26_TGAMMA_60 started 1785476210079 core=5
job 13_TGAMMA_120 end 1785476213346
job 46_TGAMMA_60 started 1785476213346 core=0
job 26_TGAMMA_60 end 1785476243929
job 11_POW_36 started 1785476243929 core=5
job 46_TGAMMA_60 end 1785476247243
job 23_TGAMMA_12 started 1785476247243 core=0
job 20_POW_24 end 1785476250751
job 5_TGAMMA_120 started 1785476250751 core=4
job 23_TGAMMA_12 end 1785476254032
job 32_POW_12 started 1785476254032 core=0
job 19_TGAMMA_120 end 1785476270777
job 60_DOT_84 started 1785476270777 core=1
job 32_POW_12 end 1785476279742
job 50_COPY_60 started 1785476279742 core=0
job 5_TGAMMA_120 end 1785476320810
job 57_COPY_60 started 1785476320810 core=4
job 11_POW_36 end 1785476340974
job 34_POW_24 started 1785476340974 core=5
job 60_DOT_84 end 1785476359404
job 25_TGAMMA_120 started 1785476359404 core=1
job 50_COPY_60 end 1785476373228
job 43_TGAMMA_60 started 1785476373228 core=0
job 34_POW_24 end 1785476398919
job 27_TGAMMA_12 started 1785476398919 core=5
job 57_COPY_60 end 1785476400223
job 45_TGAMMA_12 started 1785476400223 core=4
job 27_TGAMMA_12 end 1785476405684
job 63_SUM_84 started 1785476405684 core=5
job 45_TGAMMA_12 end 1785476406982
job 14_POW_24 started 1785476406982 core=4
job 43_TGAMMA_60 end 1785476407952
job 21_TGAMMA_12 started 1785476407952 core=0
job 21_TGAMMA_12 end 1785476414849
job 37_POW_36 started 1785476414850 core=0
job 25_TGAMMA_120 end 1785476428170
job 40_POW_24 started 1785476428170 core=1
job 63_SUM_84 end 1785476443937
job 38_POW_36 started 1785476443937 core=5
job 14_POW_24 end 1785476469868
job 41_TGAMMA_60 started 1785476469869 core=4
job 40_POW_24 end 1785476488616
job 92_SUM_108 started 1785476488616 core=1
job 37_POW_36 end 1785476504171
job 29_TGAMMA_12 started 1785476504172 core=0
job 41_TGAMMA_60 end 1785476504271
job 66_XPY_48 started 1785476504272 core=4
job 29_TGAMMA_12 end 1785476511418
job 82_DOT_36 started 1785476511418 core=0
job 38_POW_36 end 1785476536648
job 58_DOT_36 started 1785476536650 core=5
job 92_SUM_108 end 1785476557564
job 48_POW_36 started 1785476557564 core=1
job 82_DOT_36 end 1785476574142
job 49_POW_12 started 1785476574143 core=0
job 58_DOT_36 end 1785476578319
job 95_SUM_108 started 1785476578319 core=5
job 66_XPY_48 end 1785476586079
job 84_DOT_84 started 1785476586079 core=4
job 49_POW_12 end 1785476618644
job 64_COPY_84 started 1785476618644 core=0
job 95_SUM_108 end 1785476647233
job 53_DOT_36 started 1785476647234 core=5
job 48_POW_36 end 1785476668672
job 22_TGAMMA_12 started 1785476668672 core=1
job 22_TGAMMA_12 end 1785476675704
job 54_COPY_84 started 1785476675704 core=1
job 53_DOT_36 end 1785476689396
job 28_POW_24 started 1785476689396 core=5
job 84_DOT_84 end 1785476710967
job 52_COPY_60 started 1785476710967 core=4
job 64_COPY_84 end 1785476769074
job 56_COPY_84 started 1785476769075 core=0
job 28_POW_24 end 1785476774104
job 61_SUM_132 started 1785476774104 core=5
job 54_COPY_84 end 1785476799984
job 75_DOT_84 started 1785476799984 core=1
job 52_COPY_60 end 1785476828244
job 72_COPY_84 started 1785476828245 core=4
job 61_SUM_132 end 1785476881579
job 83_DOT_84 started 1785476881580 core=5
job 75_DOT_84 end 1785476894977
job 89_SUM_84 started 1785476894977 core=1
job 56_COPY_84 end 1785476950932
job 35_POW_12 started 1785476950932 core=0
job 89_SUM_84 end 1785476961469
job 67_SUM_132 started 1785476961469 core=1
job 83_DOT_84 end 1785476977368
job 90_COPY_60 started 1785476977369 core=5
job 35_POW_12 end 1785476997658
job 69_XPY_48 started 1785476997659 core=0
job 72_COPY_84 end 1785476998310
job 59_SUM_132 started 1785476998311 core=4
job 90_COPY_60 end 1785477065535
job 73_COPY_60 started 1785477065535 core=5
job 69_XPY_48 end 1785477069325
job 97_DOT_36 started 1785477069326 core=0
job 67_SUM_132 end 1785477086509
job 74_COPY_60 started 1785477086510 core=1
job 97_DOT_36 end 1785477110034
job 99_SUM_84 started 1785477110034 core=0
job 59_SUM_132 end 1785477116267
job 36_POW_12 started 1785477116267 core=4
job 36_POW_12 end 1785477148705
job 71_SUM_84 started 1785477148705 core=4
job 99_SUM_84 end 1785477161843
job 81_XPY_60 started 1785477161844 core=0
job 73_COPY_60 end 1785477185947
job 78_XPY_60 started 1785477185947 core=5
job 74_COPY_60 end 1785477212035
job 62_DOT_36 started 1785477212036 core=1
job 71_SUM_84 end 1785477218486
job 98_COPY_84 started 1785477218487 core=4
job 81_XPY_60 end 1785477257738
job 79_XPY_60 started 1785477257738 core=0
job 62_DOT_36 end 1785477267303
job 47_TGAMMA_12 started 1785477267304 core=1
job 47_TGAMMA_12 end 1785477274419
job 76_SUM_84 started 1785477274419 core=1
job 78_XPY_60 end 1785477282382
job 68_COPY_60 started 1785477282382 core=5
job 76_SUM_84 end 1785477350718
job 93_XPY_48 started 1785477350718 core=1
job 79_XPY_60 end 1785477367943
job 80_SUM_132 started 1785477367943 core=0
job 68_COPY_60 end 1785477374413
job 51_COPY_60 started 1785477374413 core=5
job 98_COPY_84 end 1785477384742
job 94_COPY_60 started 1785477384742 core=4
job 93_XPY_48 end 1785477437946
job 96_COPY_60 started 1785477437947 core=1
job 94_COPY_60 end 1785477469947
job 88_SUM_84 started 1785477469947 core=4
job 80_SUM_132 end 1785477483571
job 55_DOT_36 started 1785477483571 core=0
job 51_COPY_60 end 1785477499110
job 86_SUM_84 started 1785477499110 core=5
job 55_DOT_36 end 1785477524621
job 87_SUM_108 started 1785477524621 core=0
job 88_SUM_84 end 1785477533263
job 65_COPY_60 started 1785477533263 core=4
job 96_COPY_60 end 1785477548716
job 91_COPY_60 started 1785477548716 core=1
job 86_SUM_84 end 1785477584262
job 70_SUM_132 started 1785477584262 core=5
job 65_COPY_60 end 1785477622968
job 77_XPY_48 started 1785477622970 core=4
job 87_SUM_108 end 1785477625144
job 85_XPY_60 started 1785477625145 core=0
job 91_COPY_60 end 1785477637547
job 70_SUM_132 end 1785477665499
job 77_XPY_48 end 1785477689142
job 85_XPY_60 end 1785477696229
  итерация 2: 1703766 ms
  среднее по 3 итерациям: 1687528 ms
=== Выполняется проект: no_po_cpu_1.txt (100 работ, базовый прогон oneTBB) ===
job 6_POW_12 started 1785477696230 core=4
job 4_TGAMMA_60 started 1785477696230 core=0
job 12_POW_12 started 1785477696230 core=5
job 15_POW_12 started 1785477696230 core=1
job 6_POW_12 end 1785477722534
job 17_TGAMMA_12 started 1785477722549 core=4
job 15_POW_12 end 1785477723065
job 24_TGAMMA_60 started 1785477723065 core=1
job 12_POW_12 end 1785477723084
job 29_TGAMMA_60 started 1785477723084 core=5
job 17_TGAMMA_12 end 1785477729316
job 45_POW_36 started 1785477729316 core=4
job 4_TGAMMA_60 end 1785477730503
job 1_TGAMMA_120 started 1785477730503 core=0
job 24_TGAMMA_60 end 1785477756874
job 25_POW_36 started 1785477756874 core=1
job 29_TGAMMA_60 end 1785477756909
job 38_TGAMMA_60 started 1785477756909 core=5
job 38_TGAMMA_60 end 1785477790916
job 7_TGAMMA_120 started 1785477790916 core=5
job 1_TGAMMA_120 end 1785477798434
job 0_TGAMMA_60 started 1785477798434 core=0
job 45_POW_36 end 1785477803678
job 42_TGAMMA_120 started 1785477803678 core=4
job 25_POW_36 end 1785477831245
job 20_TGAMMA_60 started 1785477831245 core=1
job 0_TGAMMA_60 end 1785477832342
job 10_TGAMMA_120 started 1785477832342 core=0
job 7_TGAMMA_120 end 1785477858620
job 3_TGAMMA_12 started 1785477858620 core=5
job 20_TGAMMA_60 end 1785477865003
job 8_TGAMMA_120 started 1785477865003 core=1
job 3_TGAMMA_12 end 1785477865361
job 16_TGAMMA_60 started 1785477865361 core=5
job 42_TGAMMA_120 end 1785477871324
job 22_TGAMMA_60 started 1785477871324 core=4
job 16_TGAMMA_60 end 1785477899106
job 2_TGAMMA_12 started 1785477899106 core=5
job 10_TGAMMA_120 end 1785477899931
job 5_POW_36 started 1785477899931 core=0
job 22_TGAMMA_60 end 1785477905110
job 18_TGAMMA_12 started 1785477905110 core=4
job 2_TGAMMA_12 end 1785477905861
job 14_TGAMMA_60 started 1785477905861 core=5
job 18_TGAMMA_12 end 1785477911887
job 19_TGAMMA_12 started 1785477911887 core=4
job 19_TGAMMA_12 end 1785477918660
job 9_TGAMMA_60 started 1785477918661 core=4
job 8_TGAMMA_120 end 1785477932538
job 36_TGAMMA_60 started 1785477932538 core=1
job 14_TGAMMA_60 end 1785477939695
job 21_TGAMMA_120 started 1785477939695 core=5
job 9_TGAMMA_60 end 1785477952500
job 28_POW_36 started 1785477952500 core=4
job 36_TGAMMA_60 end 1785477966398
job 11_TGAMMA_60 started 1785477966399 core=1
job 5_POW_36 end 1785477973810
job 33_POW_12 started 1785477973810 core=0
job 33_POW_12 end 1785477999054
job 23_TGAMMA_12 started 1785477999054 core=0
job 11_TGAMMA_60 end 1785478000332
job 44_TGAMMA_12 started 1785478000332 core=1
job 23_TGAMMA_12 end 1785478005823
job 60_TGAMMA_12 started 1785478005823 core=0
job 44_TGAMMA_12 end 1785478007087
job 34_TGAMMA_60 started 1785478007087 core=1
job 21_TGAMMA_120 end 1785478007509
job 55_POW_36 started 1785478007509 core=5
job 60_TGAMMA_12 end 1785478012613
job 63_POW_36 started 1785478012613 core=0
job 28_POW_36 end 1785478028889
job 37_TGAMMA_12 started 1785478028889 core=4
job 37_TGAMMA_12 end 1785478035691
job 67_POW_12 started 1785478035691 core=4
job 34_TGAMMA_60 end 1785478041210
job 69_POW_36 started 1785478041210 core=1
job 67_POW_12 end 1785478065798
job 32_POW_24 started 1785478065798 core=4
job 55_POW_36 end 1785478093736
job 35_POW_12 started 1785478093736 core=5
job 63_POW_36 end 1785478100884
job 50_TGAMMA_60 started 1785478100884 core=0
job 35_POW_12 end 1785478121530
job 26_POW_12 started 1785478121531 core=5
job 32_POW_24 end 1785478123761
job 27_POW_24 started 1785478123761 core=4
job 69_POW_36 end 1785478129801
job 54_POW_12 started 1785478129801 core=1
job 50_TGAMMA_60 end 1785478135235
job 31_POW_36 started 1785478135235 core=0
job 26_POW_12 end 1785478150378
job 39_TGAMMA_120 started 1785478150378 core=5
job 54_POW_12 end 1785478158470
job 40_TGAMMA_120 started 1785478158470 core=1
job 27_POW_24 end 1785478178190
job 43_TGAMMA_12 started 1785478178190 core=4
job 43_TGAMMA_12 end 1785478184965
job 13_TGAMMA_12 started 1785478184965 core=4
job 13_TGAMMA_12 end 1785478191737
job 47_POW_12 started 1785478191738 core=4
job 31_POW_36 end 1785478214009
job 51_TGAMMA_120 started 1785478214009 core=0
job 47_POW_12 end 1785478216859
job 41_TGAMMA_120 started 1785478216859 core=4
job 39_TGAMMA_120 end 1785478218332
job 30_POW_36 started 1785478218332 core=5
job 40_TGAMMA_120 end 1785478226247
job 62_TGAMMA_60 started 1785478226247 core=1
job 62_TGAMMA_60 end 1785478260050
job 48_TGAMMA_60 started 1785478260050 core=1
job 51_TGAMMA_120 end 1785478281729
job 53_TGAMMA_120 started 1785478281729 core=0
job 41_TGAMMA_120 end 1785478284530
job 73_TGAMMA_120 started 1785478284530 core=4
job 30_POW_36 end 1785478291354
job 58_POW_12 started 1785478291354 core=5
job 48_TGAMMA_60 end 1785478293851
job 81_TGAMMA_120 started 1785478293851 core=1
job 58_POW_12 end 1785478315691
job 46_TGAMMA_60 started 1785478315691 core=5
job 53_TGAMMA_120 end 1785478349388
job 82_TGAMMA_120 started 1785478349388 core=0
job 46_TGAMMA_60 end 1785478349445
job 74_POW_36 started 1785478349445 core=5
job 73_TGAMMA_120 end 1785478352168
job 59_POW_24 started 1785478352168 core=4
job 81_TGAMMA_120 end 1785478361428
job 49_POW_24 started 1785478361428 core=1
job 59_POW_24 end 1785478404083
job 56_POW_36 started 1785478404084 core=4
job 49_POW_24 end 1785478414936
job 88_POW_12 started 1785478414936 core=1
job 82_TGAMMA_120 end 1785478417833
job 52_TGAMMA_60 started 1785478417833 core=0
job 74_POW_36 end 1785478428806
job 65_POW_12 started 1785478428806 core=5
job 88_POW_12 end 1785478441765
job 76_POW_36 started 1785478441765 core=1
job 52_TGAMMA_60 end 1785478452173
job 91_TGAMMA_12 started 1785478452174 core=0
job 65_POW_12 end 1785478455725
job 68_TGAMMA_12 started 1785478455725 core=5
job 91_TGAMMA_12 end 1785478459012
job 80_POW_36 started 1785478459012 core=0
job 68_TGAMMA_12 end 1785478462549
job 75_POW_36 started 1785478462549 core=5
job 56_POW_36 end 1785478486549
job 77_TGAMMA_120 started 1785478486549 core=4
job 76_POW_36 end 1785478525268
job 83_TGAMMA_120 started 1785478525268 core=1
job 80_POW_36 end 1785478540917
job 85_TGAMMA_120 started 1785478540917 core=0
job 75_POW_36 end 1785478544922
job 64_POW_24 started 1785478544922 core=5
job 77_TGAMMA_120 end 1785478554876
job 66_POW_24 started 1785478554876 core=4
job 83_TGAMMA_120 end 1785478593110
job 78_POW_12 started 1785478593110 core=1
job 64_POW_24 end 1785478594794
job 86_TGAMMA_60 started 1785478594794 core=5
job 66_POW_24 end 1785478605018
job 98_POW_36 started 1785478605018 core=4
job 85_TGAMMA_120 end 1785478608855
job 79_POW_36 started 1785478608855 core=0
job 78_POW_12 end 1785478618707
job 92_TGAMMA_60 started 1785478618707 core=1
job 86_TGAMMA_60 end 1785478628850
job 57_TGAMMA_12 started 1785478628851 core=5
job 57_TGAMMA_12 end 1785478635630
job 99_POW_24 started 1785478635630 core=5
job 92_TGAMMA_60 end 1785478652795
job 61_TGAMMA_120 started 1785478652795 core=1
job 98_POW_36 end 1785478684177
job 70_TGAMMA_120 started 1785478684177 core=4
job 99_POW_24 end 1785478687948
job 87_TGAMMA_12 started 1785478687948 core=5
job 79_POW_36 end 1785478688105
job 97_TGAMMA_60 started 1785478688105 core=0
job 87_TGAMMA_12 end 1785478694682
job 71_POW_12 started 1785478694682 core=5
job 71_POW_12 end 1785478718983
job 89_POW_12 started 1785478718983 core=5
job 61_TGAMMA_120 end 1785478720836
job 90_POW_24 started 1785478720836 core=1
job 97_TGAMMA_60 end 1785478721925
job 72_TGAMMA_120 started 1785478721925 core=0
job 89_POW_12 end 1785478744120
job 84_TGAMMA_60 started 1785478744120 core=5
job 70_TGAMMA_120 end 1785478751966
job 96_POW_24 started 1785478751966 core=4
job 90_POW_24 end 1785478770796
job 93_TGAMMA_60 started 1785478770796 core=1
job 84_TGAMMA_60 end 1785478778008
job 94_TGAMMA_120 started 1785478778008 core=5
job 72_TGAMMA_120 end 1785478789820
job 95_POW_36 started 1785478789820 core=0
job 96_POW_24 end 1785478801629
job 93_TGAMMA_60 end 1785478804635
job 94_TGAMMA_120 end 1785478845580
job 95_POW_36 end 1785478862367
  итерация 0: 1166137 ms
job 0_TGAMMA_60 started 1785478862367 core=0
job 3_TGAMMA_12 started 1785478862367 core=5
job 7_TGAMMA_120 started 1785478862367 core=1
job 5_POW_36 started 1785478862384 core=4
job 3_TGAMMA_12 end 1785478869131
job 2_TGAMMA_12 started 1785478869131 core=5
job 2_TGAMMA_12 end 1785478875884
job 4_TGAMMA_60 started 1785478875885 core=5
job 0_TGAMMA_60 end 1785478896292
job 11_TGAMMA_60 started 1785478896292 core=0
job 4_TGAMMA_60 end 1785478909707
job 1_TGAMMA_120 started 1785478909707 core=5
job 7_TGAMMA_120 end 1785478930002
job 10_TGAMMA_120 started 1785478930002 core=1
job 11_TGAMMA_60 end 1785478930175
job 23_TGAMMA_12 started 1785478930175 core=0
job 5_POW_36 end 1785478935385
job 12_POW_12 started 1785478935385 core=4
job 23_TGAMMA_12 end 1785478936947
job 24_TGAMMA_60 started 1785478936948 core=0
job 12_POW_12 end 1785478959751
job 32_POW_24 started 1785478959751 core=4
job 24_TGAMMA_60 end 1785478970825
job 19_TGAMMA_12 started 1785478970825 core=0
job 1_TGAMMA_120 end 1785478977375
job 20_TGAMMA_60 started 1785478977375 core=5
job 19_TGAMMA_12 end 1785478977592
job 40_TGAMMA_120 started 1785478977592 core=0
job 10_TGAMMA_120 end 1785478997635
job 6_POW_12 started 1785478997635 core=1
job 32_POW_24 end 1785479008773
job 27_POW_24 started 1785479008774 core=4
job 20_TGAMMA_60 end 1785479011263
job 42_TGAMMA_120 started 1785479011263 core=5
job 6_POW_12 end 1785479022728
job 8_TGAMMA_120 started 1785479022728 core=1
job 40_TGAMMA_120 end 1785479045427
job 16_TGAMMA_60 started 1785479045427 core=0
job 27_POW_24 end 1785479057935
job 31_POW_36 started 1785479057935 core=4
job 42_TGAMMA_120 end 1785479079014
job 25_POW_36 started 1785479079014 core=5
job 16_TGAMMA_60 end 1785479079300
job 13_TGAMMA_12 started 1785479079300 core=0
job 13_TGAMMA_12 end 1785479086108
job 9_TGAMMA_60 started 1785479086108 core=0
job 8_TGAMMA_120 end 1785479090418
job 18_TGAMMA_12 started 1785479090418 core=1
job 18_TGAMMA_12 end 1785479097217
job 33_POW_12 started 1785479097217 core=1
job 9_TGAMMA_60 end 1785479120354
job 22_TGAMMA_60 started 1785479120354 core=0
job 33_POW_12 end 1785479124070
job 28_POW_36 started 1785479124070 core=1
job 31_POW_36 end 1785479134126
job 53_TGAMMA_120 started 1785479134126 core=4
job 22_TGAMMA_60 end 1785479154519
job 34_TGAMMA_60 started 1785479154520 core=0
job 25_POW_36 end 1785479156914
job 14_TGAMMA_60 started 1785479156915 core=5
job 34_TGAMMA_60 end 1785479188430
job 46_TGAMMA_60 started 1785479188430 core=0
job 14_TGAMMA_60 end 1785479190746
job 15_POW_12 started 1785479190746 core=5
job 28_POW_36 end 1785479199209
job 50_TGAMMA_60 started 1785479199209 core=1
job 53_TGAMMA_120 end 1785479201984
job 37_TGAMMA_12 started 1785479201984 core=4
job 37_TGAMMA_12 end 1785479208742
job 21_TGAMMA_120 started 1785479208742 core=4
job 15_POW_12 end 1785479215354
job 26_POW_12 started 1785479215354 core=5
job 46_TGAMMA_60 end 1785479222322
job 57_TGAMMA_12 started 1785479222322 core=0
job 57_TGAMMA_12 end 1785479229088
job 88_POW_12 started 1785479229088 core=0
job 50_TGAMMA_60 end 1785479233027
job 90_POW_24 started 1785479233028 core=1
job 26_POW_12 end 1785479240530
job 43_TGAMMA_12 started 1785479240531 core=5
job 43_TGAMMA_12 end 1785479247331
job 68_TGAMMA_12 started 1785479247331 core=5
job 68_TGAMMA_12 end 1785479254122
job 62_TGAMMA_60 started 1785479254123 core=5
job 88_POW_12 end 1785479254503
job 48_TGAMMA_60 started 1785479254503 core=0
job 21_TGAMMA_120 end 1785479276602
job 17_TGAMMA_12 started 1785479276602 core=4
job 90_POW_24 end 1785479282842
job 54_POW_12 started 1785479282842 core=1
job 17_TGAMMA_12 end 1785479283363
job 36_TGAMMA_60 started 1785479283363 core=4
job 62_TGAMMA_60 end 1785479287944
job 91_TGAMMA_12 started 1785479287944 core=5
job 48_TGAMMA_60 end 1785479288357
job 30_POW_36 started 1785479288357 core=0
job 91_TGAMMA_12 end 1785479294739
job 56_POW_36 started 1785479294739 core=5
job 54_POW_12 end 1785479308709
job 35_POW_12 started 1785479308709 core=1
job 36_TGAMMA_60 end 1785479317547
job 61_TGAMMA_120 started 1785479317547 core=4
job 35_POW_12 end 1785479335535
job 29_TGAMMA_60 started 1785479335535 core=1
job 30_POW_36 end 1785479365490
job 39_TGAMMA_120 started 1785479365490 core=0
job 29_TGAMMA_60 end 1785479369482
job 38_TGAMMA_60 started 1785479369482 core=1
job 56_POW_36 end 1785479372474
job 41_TGAMMA_120 started 1785479372474 core=5
job 61_TGAMMA_120 end 1785479385669
job 69_POW_36 started 1785479385669 core=4
job 38_TGAMMA_60 end 1785479403283
job 78_POW_12 started 1785479403283 core=1
job 78_POW_12 end 1785479428328
job 71_POW_12 started 1785479428328 core=1
job 39_TGAMMA_120 end 1785479433346
job 45_POW_36 started 1785479433346 core=0
job 41_TGAMMA_120 end 1785479440297
job 52_TGAMMA_60 started 1785479440297 core=5
job 71_POW_12 end 1785479454304
job 99_POW_24 started 1785479454304 core=1
job 69_POW_36 end 1785479462245
job 95_POW_36 started 1785479462245 core=4
job 52_TGAMMA_60 end 1785479474608
job 47_POW_12 started 1785479474609 core=5
job 47_POW_12 end 1785479505683
job 79_POW_36 started 1785479505684 core=5
job 99_POW_24 end 1785479512853
job 60_TGAMMA_12 started 1785479512853 core=1
job 45_POW_36 end 1785479519178
job 80_POW_36 started 1785479519178 core=0
job 60_TGAMMA_12 end 1785479519713
job 44_TGAMMA_12 started 1785479519713 core=1
job 44_TGAMMA_12 end 1785479526576
job 59_POW_24 started 1785479526576 core=1
job 95_POW_36 end 1785479551299
job 67_POW_12 started 1785479551299 core=4
job 67_POW_12 end 1785479582373
job 49_POW_24 started 1785479582374 core=4
job 59_POW_24 end 1785479588557
job 55_POW_36 started 1785479588558 core=1
job 79_POW_36 end 1785479596522
job 75_POW_36 started 1785479596522 core=5
job 80_POW_36 end 1785479611258
job 77_TGAMMA_120 started 1785479611258 core=0
job 49_POW_24 end 1785479639314
job 64_POW_24 started 1785479639314 core=4
job 55_POW_36 end 1785479672287
job 83_TGAMMA_120 started 1785479672287 core=1
job 75_POW_36 end 1785479678645
job 72_TGAMMA_120 started 1785479678645 core=5
job 77_TGAMMA_120 end 1785479679889
job 73_TGAMMA_120 started 1785479679889 core=0
job 64_POW_24 end 1785479690661
job 58_POW_12 started 1785479690661 core=4
job 58_POW_12 end 1785479714976
job 85_TGAMMA_120 started 1785479714976 core=4
job 83_TGAMMA_120 end 1785479739911
job 82_TGAMMA_120 started 1785479739911 core=1
job 72_TGAMMA_120 end 1785479746225
job 51_TGAMMA_120 started 1785479746225 core=5
job 73_TGAMMA_120 end 1785479747537
job 66_POW_24 started 1785479747537 core=0
job 85_TGAMMA_120 end 1785479782558
job 89_POW_12 started 1785479782558 core=4
job 66_POW_24 end 1785479796728
job 70_TGAMMA_120 started 1785479796728 core=0
job 89_POW_12 end 1785479807402
job 81_TGAMMA_120 started 1785479807402 core=4
job 82_TGAMMA_120 end 1785479807518
job 86_TGAMMA_60 started 1785479807518 core=1
job 51_TGAMMA_120 end 1785479813857
job 63_POW_36 started 1785479813857 core=5
job 86_TGAMMA_60 end 1785479841306
job 74_POW_36 started 1785479841306 core=1
job 70_TGAMMA_120 end 1785479864508
job 65_POW_12 started 1785479864508 core=0
job 81_TGAMMA_120 end 1785479875254
job 87_TGAMMA_12 started 1785479875254 core=4
job 87_TGAMMA_12 end 1785479882118
job 76_POW_36 started 1785479882118 core=4
job 63_POW_36 end 1785479890993
job 96_POW_24 started 1785479890993 core=5
job 65_POW_12 end 1785479892504
job 93_TGAMMA_60 started 1785479892505 core=0
job 74_POW_36 end 1785479921434
job 84_TGAMMA_60 started 1785479921434 core=1
job 93_TGAMMA_60 end 1785479926792
job 92_TGAMMA_60 started 1785479926792 core=0
job 96_POW_24 end 1785479943331
job 94_TGAMMA_120 started 1785479943331 core=5
job 84_TGAMMA_60 end 1785479955350
job 97_TGAMMA_60 started 1785479955350 core=1
job 76_POW_36 end 1785479960214
job 98_POW_36 started 1785479960214 core=4
job 92_TGAMMA_60 end 1785479960736
job 97_TGAMMA_60 end 1785479989054
job 94_TGAMMA_120 end 1785480010772
job 98_POW_36 end 1785480032153
  итерация 1: 1169785 ms
job 1_TGAMMA_120 started 1785480032153 core=4
job 18_TGAMMA_12 started 1785480032153 core=1
job 5_POW_36 started 1785480032153 core=5
job 45_POW_36 started 1785480032154 core=0
job 18_TGAMMA_12 end 1785480038952
job 55_POW_36 started 1785480038952 core=1
job 1_TGAMMA_120 end 1785480100701
job 7_TGAMMA_120 started 1785480100702 core=4
job 45_POW_36 end 1785480110659
job 11_TGAMMA_60 started 1785480110659 core=0
job 5_POW_36 end 1785480112067
job 61_TGAMMA_120 started 1785480112067 core=5
job 55_POW_36 end 1785480118557
job 21_TGAMMA_120 started 1785480118557 core=1
job 11_TGAMMA_60 end 1785480144506
job 0_TGAMMA_60 started 1785480144506 core=0
job 7_TGAMMA_120 end 1785480168537
job 2_TGAMMA_12 started 1785480168537 core=4
job 2_TGAMMA_12 end 1785480175292
job 8_TGAMMA_120 started 1785480175293 core=4
job 0_TGAMMA_60 end 1785480178306
job 17_TGAMMA_12 started 1785480178306 core=0
job 61_TGAMMA_120 end 1785480179616
job 22_TGAMMA_60 started 1785480179616 core=5
job 17_TGAMMA_12 end 1785480185055
job 10_TGAMMA_120 started 1785480185056 core=0
job 21_TGAMMA_120 end 1785480186043
job 4_TGAMMA_60 started 1785480186043 core=1
job 22_TGAMMA_60 end 1785480213390
job 23_TGAMMA_12 started 1785480213390 core=5
job 4_TGAMMA_60 end 1785480219794
job 19_TGAMMA_12 started 1785480219794 core=1
job 23_TGAMMA_12 end 1785480220128
job 38_TGAMMA_60 started 1785480220128 core=5
job 19_TGAMMA_12 end 1785480226531
job 12_POW_12 started 1785480226531 core=1
job 8_TGAMMA_120 end 1785480242890
job 15_POW_12 started 1785480242890 core=4
job 12_POW_12 end 1785480251059
job 14_TGAMMA_60 started 1785480251059 core=1
job 10_TGAMMA_120 end 1785480252742
job 24_TGAMMA_60 started 1785480252742 core=0
job 38_TGAMMA_60 end 1785480253970
job 26_POW_12 started 1785480253970 core=5
job 15_POW_12 end 1785480267877
job 30_POW_36 started 1785480267877 core=4
job 26_POW_12 end 1785480279032
job 31_POW_36 started 1785480279032 core=5
job 14_TGAMMA_60 end 1785480285008
job 3_TGAMMA_12 started 1785480285008 core=1
job 24_TGAMMA_60 end 1785480286756
job 6_POW_12 started 1785480286756 core=0
job 3_TGAMMA_12 end 1785480291842
job 35_POW_12 started 1785480291842 core=1
job 6_POW_12 end 1785480317016
job 36_TGAMMA_60 started 1785480317016 core=0
job 35_POW_12 end 1785480322077
job 65_POW_12 started 1785480322077 core=1
job 65_POW_12 end 1785480348862
job 28_POW_36 started 1785480348862 core=1
job 30_POW_36 end 1785480349670
job 9_TGAMMA_60 started 1785480349670 core=4
job 36_TGAMMA_60 end 1785480351352
job 67_POW_12 started 1785480351352 core=0
job 31_POW_36 end 1785480362238
job 13_TGAMMA_12 started 1785480362238 core=5
job 13_TGAMMA_12 end 1785480369043
job 39_TGAMMA_120 started 1785480369043 core=5
job 67_POW_12 end 1785480376954
job 53_TGAMMA_120 started 1785480376954 core=0
job 9_TGAMMA_60 end 1785480383707
job 40_TGAMMA_120 started 1785480383707 core=4
job 28_POW_36 end 1785480423489
job 25_POW_36 started 1785480423489 core=1
job 39_TGAMMA_120 end 1785480436844
job 68_TGAMMA_12 started 1785480436844 core=5
job 68_TGAMMA_12 end 1785480443616
job 59_POW_24 started 1785480443616 core=5
job 53_TGAMMA_120 end 1785480444683
job 29_TGAMMA_60 started 1785480444684 core=0
job 40_TGAMMA_120 end 1785480451364
job 69_POW_36 started 1785480451364 core=4
job 29_TGAMMA_60 end 1785480478951
job 49_POW_24 started 1785480478952 core=0
job 59_POW_24 end 1785480499482
job 32_POW_24 started 1785480499482 core=5
job 25_POW_36 end 1785480504798
job 56_POW_36 started 1785480504798 core=1
job 69_POW_36 end 1785480539367
job 60_TGAMMA_12 started 1785480539367 core=4
job 49_POW_24 end 1785480540797
job 27_POW_24 started 1785480540797 core=0
job 60_TGAMMA_12 end 1785480546231
job 44_TGAMMA_12 started 1785480546232 core=4
job 44_TGAMMA_12 end 1785480553087
job 58_POW_12 started 1785480553088 core=4
job 32_POW_24 end 1785480559646
job 63_POW_36 started 1785480559647 core=5
job 58_POW_12 end 1785480584028
job 33_POW_12 started 1785480584028 core=4
job 56_POW_36 end 1785480595956
job 37_TGAMMA_12 started 1785480595956 core=1
job 27_POW_24 end 1785480600092
job 46_TGAMMA_60 started 1785480600092 core=0
job 37_TGAMMA_12 end 1785480602792
job 52_TGAMMA_60 started 1785480602792 core=1
job 33_POW_12 end 1785480611715
job 64_POW_24 started 1785480611716 core=4
job 46_TGAMMA_60 end 1785480634152
job 16_TGAMMA_60 started 1785480634153 core=0
job 52_TGAMMA_60 end 1785480636791
job 20_TGAMMA_60 started 1785480636791 core=1
job 63_POW_36 end 1785480642306
job 41_TGAMMA_120 started 1785480642306 core=5
job 64_POW_24 end 1785480661279
job 34_TGAMMA_60 started 1785480661279 core=4
job 16_TGAMMA_60 end 1785480668041
job 48_TGAMMA_60 started 1785480668041 core=0
job 20_TGAMMA_60 end 1785480670629
job 50_TGAMMA_60 started 1785480670629 core=1
job 34_TGAMMA_60 end 1785480695013
job 72_TGAMMA_120 started 1785480695013 core=4
job 48_TGAMMA_60 end 1785480701818
job 79_POW_36 started 1785480701818 core=0
job 50_TGAMMA_60 end 1785480704377
job 95_POW_36 started 1785480704377 core=1
job 41_TGAMMA_120 end 1785480709989
job 70_TGAMMA_120 started 1785480709990 core=5
job 72_TGAMMA_120 end 1785480762827
job 78_POW_12 started 1785480762827 core=4
job 79_POW_36 end 1785480777828
job 85_TGAMMA_120 started 1785480777828 core=0
job 70_TGAMMA_120 end 1785480778135
job 42_TGAMMA_120 started 1785480778135 core=5
job 95_POW_36 end 1785480780154
job 99_POW_24 started 1785480780154 core=1
job 78_POW_12 end 1785480788904
job 47_POW_12 started 1785480788904 core=4
job 47_POW_12 end 1785480813944
job 75_POW_36 started 1785480813944 core=4
job 99_POW_24 end 1785480830195
job 73_TGAMMA_120 started 1785480830195 core=1
job 85_TGAMMA_120 end 1785480845812
job 77_TGAMMA_120 started 1785480845813 core=0
job 42_TGAMMA_120 end 1785480846043
job 84_TGAMMA_60 started 1785480846043 core=5
job 84_TGAMMA_60 end 1785480879872
job 81_TGAMMA_120 started 1785480879872 core=5
job 75_POW_36 end 1785480887490
job 51_TGAMMA_120 started 1785480887490 core=4
job 73_TGAMMA_120 end 1785480897791
job 54_POW_12 started 1785480897791 core=1
job 77_TGAMMA_120 end 1785480913519
job 57_TGAMMA_12 started 1785480913519 core=0
job 57_TGAMMA_12 end 1785480920289
job 71_POW_12 started 1785480920289 core=0
job 54_POW_12 end 1785480922163
job 83_TGAMMA_120 started 1785480922163 core=1
job 71_POW_12 end 1785480944752
job 43_TGAMMA_12 started 1785480944752 core=0
job 81_TGAMMA_120 end 1785480947526
job 62_TGAMMA_60 started 1785480947526 core=5
job 43_TGAMMA_12 end 1785480951505
job 90_POW_24 started 1785480951505 core=0
job 51_TGAMMA_120 end 1785480955163
job 87_TGAMMA_12 started 1785480955163 core=4
job 87_TGAMMA_12 end 1785480961937
job 89_POW_12 started 1785480961938 core=4
job 62_TGAMMA_60 end 1785480981396
job 88_POW_12 started 1785480981397 core=5
job 89_POW_12 end 1785480987489
job 98_POW_36 started 1785480987489 core=4
job 83_TGAMMA_120 end 1785480989944
job 91_TGAMMA_12 started 1785480989944 core=1
job 91_TGAMMA_12 end 1785480996792
job 66_POW_24 started 1785480996792 core=1
job 90_POW_24 end 1785481003847
job 74_POW_36 started 1785481003847 core=0
job 88_POW_12 end 1785481009622
job 93_TGAMMA_60 started 1785481009622 core=5
job 93_TGAMMA_60 end 1785481043948
job 76_POW_36 started 1785481043948 core=5
job 66_POW_24 end 1785481052706
job 94_TGAMMA_120 started 1785481052707 core=1
job 98_POW_36 end 1785481070927
job 80_POW_36 started 1785481070928 core=4
job 74_POW_36 end 1785481086574
job 82_TGAMMA_120 started 1785481086574 core=0
job 94_TGAMMA_120 end 1785481120979
job 86_TGAMMA_60 started 1785481120979 core=1
job 76_POW_36 end 1785481122513
job 92_TGAMMA_60 started 1785481122513 core=5
job 80_POW_36 end 1785481146604
job 96_POW_24 started 1785481146604 core=4
job 82_TGAMMA_120 end 1785481154498
job 97_TGAMMA_60 started 1785481154498 core=0
job 86_TGAMMA_60 end 1785481154821
job 92_TGAMMA_60 end 1785481156343
job 97_TGAMMA_60 end 1785481188276
job 96_POW_24 end 1785481194747
  итерация 2: 1162594 ms
  среднее по 3 итерациям: 1166172 ms
=== Выполняется проект: no_po_cpu_2.txt (100 работ, базовый прогон oneTBB) ===
job 21_TGAMMA_12 started 1785481194748 core=0
job 24_POW_12 started 1785481194748 core=5
job 12_TGAMMA_60 started 1785481194748 core=4
job 31_TGAMMA_60 started 1785481194748 core=1
job 21_TGAMMA_12 end 1785481201526
job 0_TGAMMA_12 started 1785481201526 core=0
job 0_TGAMMA_12 end 1785481208289
job 7_POW_12 started 1785481208289 core=0
job 24_POW_12 end 1785481219438
job 11_TGAMMA_120 started 1785481219438 core=5
job 12_TGAMMA_60 end 1785481228616
job 22_TGAMMA_60 started 1785481228616 core=4
job 31_TGAMMA_60 end 1785481228632
job 26_POW_12 started 1785481228632 core=1
job 7_POW_12 end 1785481233099
job 10_POW_24 started 1785481233099 core=0
job 26_POW_12 end 1785481253695
job 14_POW_36 started 1785481253695 core=1
job 22_TGAMMA_60 end 1785481262591
job 27_POW_36 started 1785481262591 core=4
job 10_POW_24 end 1785481284806
job 6_POW_24 started 1785481284806 core=0
job 11_TGAMMA_120 end 1785481287634
job 33_TGAMMA_12 started 1785481287634 core=5
job 33_TGAMMA_12 end 1785481294498
job 16_POW_24 started 1785481294499 core=5
job 14_POW_36 end 1785481338782
job 35_TGAMMA_120 started 1785481338782 core=1
job 6_POW_24 end 1785481344511
job 1_POW_24 started 1785481344511 core=0
job 27_POW_36 end 1785481349125
job 58_POW_12 started 1785481349125 core=4
job 16_POW_24 end 1785481353970
job 15_TGAMMA_60 started 1785481353970 core=5
job 58_POW_12 end 1785481374630
job 17_POW_36 started 1785481374630 core=4
job 15_TGAMMA_60 end 1785481387962
job 2_POW_24 started 1785481387962 core=5
job 1_POW_24 end 1785481396158
job 9_POW_24 started 1785481396158 core=0
job 35_TGAMMA_120 end 1785481407027
job 29_POW_36 started 1785481407028 core=1
job 2_POW_24 end 1785481446838
job 20_POW_36 started 1785481446838 core=5
job 9_POW_24 end 1785481456534
job 4_POW_36 started 1785481456534 core=0
job 17_POW_36 end 1785481461619
job 3_TGAMMA_120 started 1785481461619 core=4
job 29_POW_36 end 1785481495078
job 23_TGAMMA_12 started 1785481495078 core=1
job 23_TGAMMA_12 end 1785481501877
job 39_TGAMMA_60 started 1785481501878 core=1
job 20_POW_36 end 1785481527201
job 5_POW_12 started 1785481527201 core=5
job 3_TGAMMA_120 end 1785481529897
job 54_TGAMMA_12 started 1785481529897 core=4
job 4_POW_36 end 1785481534471
job 32_POW_24 started 1785481534471 core=0
job 39_TGAMMA_60 end 1785481535866
job 8_TGAMMA_60 started 1785481535867 core=1
job 54_TGAMMA_12 end 1785481536693
job 13_POW_24 started 1785481536693 core=4
job 5_POW_12 end 1785481552986
job 48_POW_12 started 1785481552986 core=5
job 8_TGAMMA_60 end 1785481570117
job 49_TGAMMA_12 started 1785481570117 core=1
job 49_TGAMMA_12 end 1785481576978
job 28_POW_12 started 1785481576978 core=1
job 48_POW_12 end 1785481579723
job 44_TGAMMA_60 started 1785481579723 core=5
job 32_POW_24 end 1785481588335
job 51_POW_36 started 1785481588335 core=0
job 13_POW_24 end 1785481590712
job 50_TGAMMA_12 started 1785481590712 core=4
job 50_TGAMMA_12 end 1785481597507
job 59_POW_36 started 1785481597507 core=4
job 28_POW_12 end 1785481603328
job 46_TGAMMA_12 started 1785481603328 core=1
job 46_TGAMMA_12 end 1785481610113
job 64_POW_12 started 1785481610114 core=1
job 44_TGAMMA_60 end 1785481613943
job 47_TGAMMA_120 started 1785481613943 core=5
job 64_POW_12 end 1785481636423
job 36_POW_36 started 1785481636423 core=1
job 51_POW_36 end 1785481668092
job 52_TGAMMA_60 started 1785481668092 core=0
job 59_POW_36 end 1785481676885
job 63_TGAMMA_12 started 1785481676885 core=4
job 47_TGAMMA_120 end 1785481682510
job 95_TGAMMA_12 started 1785481682510 core=5
job 63_TGAMMA_12 end 1785481683647
job 37_POW_24 started 1785481683647 core=4
job 95_TGAMMA_12 end 1785481689307
job 42_POW_36 started 1785481689307 core=5
job 52_TGAMMA_60 end 1785481702217
job 45_TGAMMA_60 started 1785481702217 core=0
job 36_POW_36 end 1785481714657
job 30_POW_24 started 1785481714658 core=1
job 37_POW_24 end 1785481735753
job 34_TGAMMA_12 started 1785481735753 core=4
job 45_TGAMMA_60 end 1785481736550
job 40_TGAMMA_60 started 1785481736550 core=0
job 34_TGAMMA_12 end 1785481742534
job 65_POW_36 started 1785481742534 core=4
job 30_POW_24 end 1785481767857
job 68_TGAMMA_60 started 1785481767857 core=1
job 42_POW_36 end 1785481769312
job 43_TGAMMA_120 started 1785481769312 core=5
job 40_TGAMMA_60 end 1785481770786
job 70_TGAMMA_12 started 1785481770786 core=0
job 70_TGAMMA_12 end 1785481777555
job 18_POW_24 started 1785481777555 core=0
job 68_TGAMMA_60 end 1785481801830
job 19_POW_12 started 1785481801830 core=1
job 65_POW_36 end 1785481820044
job 25_TGAMMA_60 started 1785481820044 core=4
job 19_POW_12 end 1785481827727
job 60_TGAMMA_120 started 1785481827727 core=1
job 18_POW_24 end 1785481829036
job 66_POW_36 started 1785481829036 core=0
job 43_TGAMMA_120 end 1785481837347
job 76_POW_24 started 1785481837347 core=5
job 25_TGAMMA_60 end 1785481853968
job 67_POW_12 started 1785481853968 core=4
job 67_POW_12 end 1785481880750
job 61_POW_36 started 1785481880750 core=4
job 76_POW_24 end 1785481888909
job 38_POW_12 started 1785481888909 core=5
job 60_TGAMMA_120 end 1785481896008
job 77_POW_12 started 1785481896008 core=1
job 66_POW_36 end 1785481909304
job 80_POW_12 started 1785481909304 core=0
job 38_POW_12 end 1785481918712
job 74_TGAMMA_12 started 1785481918712 core=5
job 74_TGAMMA_12 end 1785481925571
job 84_TGAMMA_60 started 1785481925571 core=5
job 77_POW_12 end 1785481925803
job 69_TGAMMA_60 started 1785481925803 core=1
job 80_POW_12 end 1785481936786
job 71_POW_36 started 1785481936786 core=0
job 84_TGAMMA_60 end 1785481959550
job 83_TGAMMA_60 started 1785481959550 core=5
job 69_TGAMMA_60 end 1785481959776
job 56_POW_36 started 1785481959776 core=1
job 61_POW_36 end 1785481962203
job 85_TGAMMA_120 started 1785481962203 core=4
job 83_TGAMMA_60 end 1785481993591
job 81_POW_36 started 1785481993592 core=5
job 71_POW_36 end 1785482013157
job 87_POW_12 started 1785482013157 core=0
job 85_TGAMMA_120 end 1785482030459
job 88_TGAMMA_12 started 1785482030459 core=4
job 88_TGAMMA_12 end 1785482037302
job 53_TGAMMA_60 started 1785482037302 core=4
job 56_POW_36 end 1785482038198
job 55_TGAMMA_12 started 1785482038198 core=1
job 87_POW_12 end 1785482039419
job 78_TGAMMA_120 started 1785482039419 core=0
job 55_TGAMMA_12 end 1785482044988
job 86_POW_12 started 1785482044988 core=1
job 86_POW_12 end 1785482070174
job 41_POW_12 started 1785482070174 core=1
job 53_TGAMMA_60 end 1785482071244
job 93_TGAMMA_12 started 1785482071244 core=4
job 81_POW_36 end 1785482071755
job 82_TGAMMA_60 started 1785482071755 core=5
job 93_TGAMMA_12 end 1785482077996
job 57_POW_12 started 1785482077996 core=4
job 41_POW_12 end 1785482095063
job 75_POW_12 started 1785482095063 core=1
job 57_POW_12 end 1785482103057
job 90_TGAMMA_60 started 1785482103057 core=4
job 82_TGAMMA_60 end 1785482105688
job 99_TGAMMA_60 started 1785482105688 core=5
job 78_TGAMMA_120 end 1785482107319
job 62_POW_12 started 1785482107319 core=0
job 75_POW_12 end 1785482120015
job 91_POW_36 started 1785482120015 core=1
job 62_POW_12 end 1785482132388
job 92_POW_36 started 1785482132388 core=0
job 90_TGAMMA_60 end 1785482136991
job 96_TGAMMA_12 started 1785482136991 core=4
job 99_TGAMMA_60 end 1785482139652
job 72_POW_12 started 1785482139653 core=5
job 96_TGAMMA_12 end 1785482143816
job 94_TGAMMA_120 started 1785482143816 core=4
job 72_POW_12 end 1785482166488
job 97_TGAMMA_12 started 1785482166488 core=5
job 97_TGAMMA_12 end 1785482173285
job 73_POW_36 started 1785482173285 core=5
job 91_POW_36 end 1785482198749
job 79_TGAMMA_12 started 1785482198749 core=1
job 79_TGAMMA_12 end 1785482205552
job 89_TGAMMA_120 started 1785482205552 core=1
job 92_POW_36 end 1785482209911
job 98_TGAMMA_12 started 1785482209911 core=0
job 94_TGAMMA_120 end 1785482212167
job 98_TGAMMA_12 end 1785482216667
job 73_POW_36 end 1785482248718
job 89_TGAMMA_120 end 1785482273079
  итерация 0: 1078330 ms
job 0_TGAMMA_12 started 1785482273079 core=1
job 8_TGAMMA_60 started 1785482273079 core=0
job 5_POW_12 started 1785482273079 core=5
job 13_POW_24 started 1785482273079 core=4
job 0_TGAMMA_12 end 1785482279883
job 2_POW_24 started 1785482279883 core=1
job 5_POW_12 end 1785482299472
job 6_POW_24 started 1785482299472 core=5
job 8_TGAMMA_60 end 1785482307428
job 26_POW_12 started 1785482307428 core=0
job 13_POW_24 end 1785482328465
job 10_POW_24 started 1785482328465 core=4
job 2_POW_24 end 1785482337576
job 4_POW_36 started 1785482337576 core=1
job 26_POW_12 end 1785482338637
job 1_POW_24 started 1785482338637 core=0
job 6_POW_24 end 1785482360351
job 9_POW_24 started 1785482360351 core=5
job 10_POW_24 end 1785482390580
job 11_TGAMMA_120 started 1785482390580 core=4
job 1_POW_24 end 1785482399326
job 19_POW_12 started 1785482399326 core=0
job 9_POW_24 end 1785482418166
job 25_TGAMMA_60 started 1785482418166 core=5
job 4_POW_36 end 1785482424876
job 3_TGAMMA_120 started 1785482424876 core=1
job 19_POW_12 end 1785482425272
job 22_TGAMMA_60 started 1785482425272 core=0
job 25_TGAMMA_60 end 1785482451982
job 16_POW_24 started 1785482451982 core=5
job 11_TGAMMA_120 end 1785482458670
job 32_POW_24 started 1785482458670 core=4
job 22_TGAMMA_60 end 1785482459079
job 14_POW_36 started 1785482459079 core=0
job 3_TGAMMA_120 end 1785482492877
job 12_TGAMMA_60 started 1785482492877 core=1
job 16_POW_24 end 1785482503829
job 17_POW_36 started 1785482503829 core=5
job 32_POW_24 end 1785482512410
job 28_POW_12 started 1785482512410 core=4
job 12_TGAMMA_60 end 1785482527200
job 31_TGAMMA_60 started 1785482527200 core=1
job 28_POW_12 end 1785482539241
job 21_TGAMMA_12 started 1785482539241 core=4
job 14_POW_36 end 1785482539764
job 44_TGAMMA_60 started 1785482539764 core=0
job 21_TGAMMA_12 end 1785482546017
job 33_TGAMMA_12 started 1785482546017 core=4
job 33_TGAMMA_12 end 1785482552789
job 7_POW_12 started 1785482552789 core=4
job 31_TGAMMA_60 end 1785482561266
job 27_POW_36 started 1785482561266 core=1
job 44_TGAMMA_60 end 1785482573872
job 38_POW_12 started 1785482573872 core=0
job 7_POW_12 end 1785482579512
job 20_POW_36 started 1785482579512 core=4
job 17_POW_36 end 1785482582955
job 50_TGAMMA_12 started 1785482582955 core=5
job 50_TGAMMA_12 end 1785482589806
job 41_POW_12 started 1785482589806 core=5
job 38_POW_12 end 1785482604039
job 36_POW_36 started 1785482604039 core=0
job 41_POW_12 end 1785482620774
job 24_POW_12 started 1785482620774 core=5
job 27_POW_36 end 1785482650972
job 34_TGAMMA_12 started 1785482650973 core=1
job 24_POW_12 end 1785482651721
job 23_TGAMMA_12 started 1785482651721 core=5
job 34_TGAMMA_12 end 1785482657775
job 30_POW_24 started 1785482657776 core=1
job 23_TGAMMA_12 end 1785482658517
job 15_TGAMMA_60 started 1785482658517 core=5
job 20_POW_36 end 1785482668550
job 37_POW_24 started 1785482668551 core=4
job 36_POW_36 end 1785482690807
job 71_POW_36 started 1785482690807 core=0
job 15_TGAMMA_60 end 1785482692836
job 45_TGAMMA_60 started 1785482692836 core=5
job 30_POW_24 end 1785482710301
job 18_POW_24 started 1785482710301 core=1
job 37_POW_24 end 1785482722365
job 29_POW_36 started 1785482722365 core=4
job 45_TGAMMA_60 end 1785482727153
job 55_TGAMMA_12 started 1785482727153 core=5
job 55_TGAMMA_12 end 1785482734013
job 51_POW_36 started 1785482734013 core=5
job 18_POW_24 end 1785482768191
job 46_TGAMMA_12 started 1785482768191 core=1
job 46_TGAMMA_12 end 1785482775059
job 56_POW_36 started 1785482775059 core=1
job 71_POW_36 end 1785482776296
job 43_TGAMMA_120 started 1785482776296 core=0
job 29_POW_36 end 1785482806900
job 52_TGAMMA_60 started 1785482806901 core=4
job 51_POW_36 end 1785482818639
job 72_POW_12 started 1785482818640 core=5
job 52_TGAMMA_60 end 1785482840855
job 57_POW_12 started 1785482840855 core=4
job 72_POW_12 end 1785482843987
job 48_POW_12 started 1785482843987 core=5
job 43_TGAMMA_120 end 1785482844636
job 35_TGAMMA_120 started 1785482844637 core=0
job 56_POW_36 end 1785482853587
job 58_POW_12 started 1785482853587 core=1
job 57_POW_12 end 1785482867138
job 63_TGAMMA_12 started 1785482867138 core=4
job 48_POW_12 end 1785482870631
job 40_TGAMMA_60 started 1785482870631 core=5
job 63_TGAMMA_12 end 1785482873911
job 77_POW_12 started 1785482873911 core=4
job 58_POW_12 end 1785482879467
job 74_TGAMMA_12 started 1785482879468 core=1
job 74_TGAMMA_12 end 1785482886237
job 49_TGAMMA_12 started 1785482886237 core=1
job 49_TGAMMA_12 end 1785482893002
job 47_TGAMMA_120 started 1785482893002 core=1
job 77_POW_12 end 1785482898450
job 80_POW_12 started 1785482898450 core=4
job 40_TGAMMA_60 end 1785482904489
job 54_TGAMMA_12 started 1785482904489 core=5
job 54_TGAMMA_12 end 1785482911247
job 39_TGAMMA_60 started 1785482911247 core=5
job 35_TGAMMA_120 end 1785482912793
job 61_POW_36 started 1785482912793 core=0
job 80_POW_12 end 1785482923171
job 62_POW_12 started 1785482923171 core=4
job 39_TGAMMA_60 end 1785482945188
job 59_POW_36 started 1785482945188 core=5
job 62_POW_12 end 1785482948610
job 64_POW_12 started 1785482948610 core=4
job 47_TGAMMA_120 end 1785482960945
job 42_POW_36 started 1785482960945 core=1
job 64_POW_12 end 1785482977603
job 53_TGAMMA_60 started 1785482977604 core=4
job 61_POW_36 end 1785482993168
job 66_POW_36 started 1785482993169 core=0
job 53_TGAMMA_60 end 1785483011945
job 75_POW_12 started 1785483011945 core=4
job 59_POW_36 end 1785483030181
job 60_TGAMMA_120 started 1785483030182 core=5
job 75_POW_12 end 1785483041308
job 73_POW_36 started 1785483041308 core=4
job 42_POW_36 end 1785483045817
job 81_POW_36 started 1785483045817 core=1
job 66_POW_36 end 1785483076075
job 94_TGAMMA_120 started 1785483076075 core=0
job 60_TGAMMA_120 end 1785483098607
job 65_POW_36 started 1785483098607 core=5
job 73_POW_36 end 1785483119760
job 67_POW_12 started 1785483119761 core=4
job 81_POW_36 end 1785483124148
job 95_TGAMMA_12 started 1785483124148 core=1
job 95_TGAMMA_12 end 1785483130948
job 76_POW_24 started 1785483130948 core=1
job 94_TGAMMA_120 end 1785483144478
job 82_TGAMMA_60 started 1785483144478 core=0
job 67_POW_12 end 1785483145716
job 85_TGAMMA_120 started 1785483145716 core=4
job 65_POW_36 end 1785483176739
job 78_TGAMMA_120 started 1785483176739 core=5
job 82_TGAMMA_60 end 1785483178509
job 87_POW_12 started 1785483178509 core=0
job 76_POW_24 end 1785483182237
job 90_TGAMMA_60 started 1785483182237 core=1
job 87_POW_12 end 1785483203031
job 68_TGAMMA_60 started 1785483203031 core=0
job 85_TGAMMA_120 end 1785483213547
job 91_POW_36 started 1785483213547 core=4
job 90_TGAMMA_60 end 1785483216030
job 79_TGAMMA_12 started 1785483216030 core=1
job 79_TGAMMA_12 end 1785483222787
job 69_TGAMMA_60 started 1785483222787 core=1
job 68_TGAMMA_60 end 1785483236855
job 70_TGAMMA_12 started 1785483236855 core=0
job 70_TGAMMA_12 end 1785483243621
job 97_TGAMMA_12 started 1785483243621 core=0
job 78_TGAMMA_120 end 1785483244373
job 83_TGAMMA_60 started 1785483244373 core=5
job 97_TGAMMA_12 end 1785483250389
job 86_POW_12 started 1785483250390 core=0
job 69_TGAMMA_60 end 1785483256616
job 88_TGAMMA_12 started 1785483256616 core=1
job 88_TGAMMA_12 end 1785483263398
job 92_POW_36 started 1785483263398 core=1
job 86_POW_12 end 1785483276400
job 93_TGAMMA_12 started 1785483276400 core=0
job 83_TGAMMA_60 end 1785483278420
job 96_TGAMMA_12 started 1785483278420 core=5
job 93_TGAMMA_12 end 1785483283207
job 84_TGAMMA_60 started 1785483283207 core=0
job 96_TGAMMA_12 end 1785483285214
job 89_TGAMMA_120 started 1785483285214 core=5
job 91_POW_36 end 1785483288500
job 99_TGAMMA_60 started 1785483288500 core=4
job 84_TGAMMA_60 end 1785483317130
job 98_TGAMMA_12 started 1785483317131 core=0
job 99_TGAMMA_60 end 1785483322370
job 98_TGAMMA_12 end 1785483323899
job 92_POW_36 end 1785483337701
job 89_TGAMMA_120 end 1785483352816
  итерация 1: 1079737 ms
job 0_TGAMMA_12 started 1785483352816 core=4
job 7_POW_12 started 1785483352816 core=0
job 13_POW_24 started 1785483352816 core=1
job 2_POW_24 started 1785483352816 core=5
job 0_TGAMMA_12 end 1785483359664
job 5_POW_12 started 1785483359664 core=4
job 7_POW_12 end 1785483382751
job 6_POW_24 started 1785483382767 core=0
job 5_POW_12 end 1785483390828
job 4_POW_36 started 1785483390828 core=4
job 13_POW_24 end 1785483413733
job 1_POW_24 started 1785483413734 core=1
job 2_POW_24 end 1785483413762
job 37_POW_24 started 1785483413763 core=5
job 6_POW_24 end 1785483445084
job 12_TGAMMA_60 started 1785483445085 core=0
job 1_POW_24 end 1785483471801
job 8_TGAMMA_60 started 1785483471801 core=1
job 37_POW_24 end 1785483471834
job 17_POW_36 started 1785483471834 core=5
job 4_POW_36 end 1785483477594
job 16_POW_24 started 1785483477594 core=4
job 12_TGAMMA_60 end 1785483479383
job 15_TGAMMA_60 started 1785483479383 core=0
job 8_TGAMMA_60 end 1785483505849
job 10_POW_24 started 1785483505849 core=1
job 15_TGAMMA_60 end 1785483513499
job 24_POW_12 started 1785483513499 core=0
job 16_POW_24 end 1785483531525
job 14_POW_36 started 1785483531526 core=4
job 24_POW_12 end 1785483544808
job 20_POW_36 started 1785483544808 core=0
job 17_POW_36 end 1785483555527
job 27_POW_36 started 1785483555527 core=5
job 10_POW_24 end 1785483566701
job 48_POW_12 started 1785483566701 core=1
job 48_POW_12 end 1785483597745
job 19_POW_12 started 1785483597745 core=1
job 14_POW_36 end 1785483624746
job 3_TGAMMA_120 started 1785483624746 core=4
job 19_POW_12 end 1785483628274
job 46_TGAMMA_12 started 1785483628274 core=1
job 46_TGAMMA_12 end 1785483635073
job 31_TGAMMA_60 started 1785483635073 core=1
job 20_POW_36 end 1785483635727
job 9_POW_24 started 1785483635727 core=0
job 27_POW_36 end 1785483644461
job 35_TGAMMA_120 started 1785483644461 core=5
job 31_TGAMMA_60 end 1785483668984
job 22_TGAMMA_60 started 1785483668984 core=1
job 9_POW_24 end 1785483684705
job 18_POW_24 started 1785483684705 core=0
job 3_TGAMMA_120 end 1785483692550
job 28_POW_12 started 1785483692550 core=4
job 22_TGAMMA_60 end 1785483702856
job 11_TGAMMA_120 started 1785483702856 core=1
job 35_TGAMMA_120 end 1785483712176
job 42_POW_36 started 1785483712177 core=5
job 28_POW_12 end 1785483718065
job 40_TGAMMA_60 started 1785483718065 core=4
job 18_POW_24 end 1785483735065
job 44_TGAMMA_60 started 1785483735066 core=0
job 40_TGAMMA_60 end 1785483751958
job 53_TGAMMA_60 started 1785483751958 core=4
job 44_TGAMMA_60 end 1785483768932
job 55_TGAMMA_12 started 1785483768933 core=0
job 11_TGAMMA_120 end 1785483770747
job 32_POW_24 started 1785483770747 core=1
job 55_TGAMMA_12 end 1785483775721
job 21_TGAMMA_12 started 1785483775721 core=0
job 21_TGAMMA_12 end 1785483782522
job 56_POW_36 started 1785483782522 core=0
job 53_TGAMMA_60 end 1785483785858
job 29_POW_36 started 1785483785858 core=4
job 42_POW_36 end 1785483787291
job 23_TGAMMA_12 started 1785483787291 core=5
job 23_TGAMMA_12 end 1785483794152
job 34_TGAMMA_12 started 1785483794152 core=5
job 34_TGAMMA_12 end 1785483801005
job 45_TGAMMA_60 started 1785483801006 core=5
job 32_POW_24 end 1785483822968
job 50_TGAMMA_12 started 1785483822968 core=1
job 50_TGAMMA_12 end 1785483829748
job 62_POW_12 started 1785483829748 core=1
job 45_TGAMMA_60 end 1785483835218
job 64_POW_12 started 1785483835218 core=5
job 62_POW_12 end 1785483859850
job 30_POW_24 started 1785483859850 core=1
job 64_POW_12 end 1785483866387
job 33_TGAMMA_12 started 1785483866387 core=5
job 56_POW_36 end 1785483867025
job 51_POW_36 started 1785483867026 core=0
job 29_POW_36 end 1785483870227
job 60_TGAMMA_120 started 1785483870227 core=4
job 33_TGAMMA_12 end 1785483873210
job 77_POW_12 started 1785483873210 core=5
job 77_POW_12 end 1785483900035
job 54_TGAMMA_12 started 1785483900035 core=5
job 54_TGAMMA_12 end 1785483906827
job 61_POW_36 started 1785483906827 core=5
job 30_POW_24 end 1785483913789
job 79_TGAMMA_12 started 1785483913789 core=1
job 79_TGAMMA_12 end 1785483920582
job 58_POW_12 started 1785483920582 core=1
job 60_TGAMMA_120 end 1785483938559
job 63_TGAMMA_12 started 1785483938560 core=4
job 51_POW_36 end 1785483945057
job 68_TGAMMA_60 started 1785483945057 core=0
job 63_TGAMMA_12 end 1785483945414
job 71_POW_36 started 1785483945414 core=4
job 58_POW_12 end 1785483947407
job 72_POW_12 started 1785483947407 core=1
job 72_POW_12 end 1785483974213
job 25_TGAMMA_60 started 1785483974213 core=1
job 68_TGAMMA_60 end 1785483979345
job 26_POW_12 started 1785483979345 core=0
job 61_POW_36 end 1785483986360
job 38_POW_12 started 1785483986360 core=5
job 26_POW_12 end 1785484006157
job 39_TGAMMA_60 started 1785484006157 core=0
job 25_TGAMMA_60 end 1785484008440
job 43_TGAMMA_120 started 1785484008440 core=1
job 38_POW_12 end 1785484012352
job 47_TGAMMA_120 started 1785484012352 core=5
job 71_POW_36 end 1785484023309
job 49_TGAMMA_12 started 1785484023309 core=4
job 49_TGAMMA_12 end 1785484030038
job 75_POW_12 started 1785484030038 core=4
job 39_TGAMMA_60 end 1785484040046
job 59_POW_36 started 1785484040047 core=0
job 75_POW_12 end 1785484054874
job 69_TGAMMA_60 started 1785484054874 core=4
job 43_TGAMMA_120 end 1785484076236
job 93_TGAMMA_12 started 1785484076236 core=1
job 47_TGAMMA_120 end 1785484080069
job 99_TGAMMA_60 started 1785484080069 core=5
job 93_TGAMMA_12 end 1785484082998
job 76_POW_24 started 1785484082998 core=1
job 69_TGAMMA_60 end 1785484088703
job 80_POW_12 started 1785484088703 core=4
job 99_TGAMMA_60 end 1785484114242
job 98_TGAMMA_12 started 1785484114242 core=5
job 80_POW_12 end 1785484115451
job 36_POW_36 started 1785484115451 core=4
job 59_POW_36 end 1785484116419
job 41_POW_12 started 1785484116419 core=0
job 98_TGAMMA_12 end 1785484121083
job 52_TGAMMA_60 started 1785484121083 core=5
job 76_POW_24 end 1785484135131
job 57_POW_12 started 1785484135131 core=1
job 41_POW_12 end 1785484143219
job 87_POW_12 started 1785484143219 core=0
job 52_TGAMMA_60 end 1785484155361
job 91_POW_36 started 1785484155361 core=5
job 57_POW_12 end 1785484162638
job 95_TGAMMA_12 started 1785484162639 core=1
job 95_TGAMMA_12 end 1785484169501
job 74_TGAMMA_12 started 1785484169502 core=1
job 87_POW_12 end 1785484170968
job 78_TGAMMA_120 started 1785484170968 core=0
job 74_TGAMMA_12 end 1785484176321
job 65_POW_36 started 1785484176321 core=1
job 36_POW_36 end 1785484195936
job 82_TGAMMA_60 started 1785484195936 core=4
job 82_TGAMMA_60 end 1785484229863
job 70_TGAMMA_12 started 1785484229863 core=4
job 91_POW_36 end 1785484234109
job 89_TGAMMA_120 started 1785484234109 core=5
job 70_TGAMMA_12 end 1785484236633
job 85_TGAMMA_120 started 1785484236634 core=4
job 78_TGAMMA_120 end 1785484239121
job 73_POW_36 started 1785484239121 core=0
job 65_POW_36 end 1785484252994
job 96_TGAMMA_12 started 1785484252995 core=1
job 96_TGAMMA_12 end 1785484259754
job 66_POW_36 started 1785484259754 core=1
job 89_TGAMMA_120 end 1785484301990
job 83_TGAMMA_60 started 1785484301990 core=5
job 85_TGAMMA_120 end 1785484304489
job 67_POW_12 started 1785484304489 core=4
job 73_POW_36 end 1785484314847
job 81_POW_36 started 1785484314848 core=0
job 67_POW_12 end 1785484331401
job 94_TGAMMA_120 started 1785484331401 core=4
job 66_POW_36 end 1785484336139
job 86_POW_12 started 1785484336140 core=1
job 83_TGAMMA_60 end 1785484336218
job 84_TGAMMA_60 started 1785484336219 core=5
job 86_POW_12 end 1785484361219
job 92_POW_36 started 1785484361219 core=1
job 84_TGAMMA_60 end 1785484370208
job 88_TGAMMA_12 started 1785484370208 core=5
job 88_TGAMMA_12 end 1785484377008
job 97_TGAMMA_12 started 1785484377008 core=5
job 97_TGAMMA_12 end 1785484383808
job 90_TGAMMA_60 started 1785484383808 core=5
job 81_POW_36 end 1785484391269
job 94_TGAMMA_120 end 1785484399260
job 90_TGAMMA_60 end 1785484417613
job 92_POW_36 end 1785484434546
  итерация 2: 1081730 ms
  среднее по 3 итерациям: 1079932 ms
=== Выполняется проект: no_po_cpu_3.txt (100 работ, базовый прогон oneTBB) ===
job 4_POW_12 started 1785484434547 core=4
job 14_POW_24 started 1785484434547 core=5
job 8_TGAMMA_60 started 1785484434547 core=1
job 12_POW_12 started 1785484434564 core=0
job 4_POW_12 end 1785484461403
job 3_TGAMMA_60 started 1785484461404 core=4
job 12_POW_12 end 1785484461481
job 5_TGAMMA_120 started 1785484461481 core=0
job 8_TGAMMA_60 end 1785484468786
job 10_TGAMMA_12 started 1785484468786 core=1
job 10_TGAMMA_12 end 1785484475563
job 1_POW_24 started 1785484475563 core=1
job 14_POW_24 end 1785484485628
job 9_POW_24 started 1785484485629 core=5
job 3_TGAMMA_60 end 1785484495298
job 6_TGAMMA_12 started 1785484495298 core=4
job 6_TGAMMA_12 end 1785484502085
job 0_TGAMMA_60 started 1785484502086 core=4
job 1_POW_24 end 1785484526027
job 29_TGAMMA_12 started 1785484526028 core=1
job 5_TGAMMA_120 end 1785484529379
job 2_TGAMMA_120 started 1785484529379 core=0
job 29_TGAMMA_12 end 1785484532806
job 15_TGAMMA_120 started 1785484532806 core=1
job 9_POW_24 end 1785484535765
job 16_TGAMMA_120 started 1785484535765 core=5
job 0_TGAMMA_60 end 1785484535997
job 17_POW_24 started 1785484535997 core=4
job 17_POW_24 end 1785484584612
job 24_POW_36 started 1785484584612 core=4
job 2_TGAMMA_120 end 1785484597130
job 36_POW_12 started 1785484597130 core=0
job 15_TGAMMA_120 end 1785484600538
job 20_POW_24 started 1785484600538 core=1
job 16_TGAMMA_120 end 1785484603494
job 7_TGAMMA_12 started 1785484603494 core=5
job 7_TGAMMA_12 end 1785484610350
job 19_TGAMMA_120 started 1785484610350 core=5
job 36_POW_12 end 1785484623745
job 32_POW_12 started 1785484623746 core=0
job 32_POW_12 end 1785484650588
job 27_TGAMMA_12 started 1785484650588 core=0
job 20_POW_24 end 1785484653007
job 13_TGAMMA_120 started 1785484653007 core=1
job 27_TGAMMA_12 end 1785484657374
job 23_TGAMMA_12 started 1785484657374 core=0
job 24_POW_36 end 1785484662288
job 11_POW_36 started 1785484662288 core=4
job 23_TGAMMA_12 end 1785484664144
job 22_TGAMMA_12 started 1785484664144 core=0
job 22_TGAMMA_12 end 1785484670911
job 21_TGAMMA_12 started 1785484670911 core=0
job 21_TGAMMA_12 end 1785484677674
job 26_TGAMMA_60 started 1785484677674 core=0
job 19_TGAMMA_120 end 1785484678614
job 25_TGAMMA_120 started 1785484678614 core=5
job 26_TGAMMA_60 end 1785484711546
job 18_TGAMMA_12 started 1785484711547 core=0
job 18_TGAMMA_12 end 1785484718320
job 42_TGAMMA_60 started 1785484718320 core=0
job 13_TGAMMA_120 end 1785484720737
job 31_TGAMMA_12 started 1785484720737 core=1
job 31_TGAMMA_12 end 1785484727509
job 35_POW_12 started 1785484727509 core=1
job 11_POW_36 end 1785484735446
job 45_TGAMMA_12 started 1785484735446 core=4
job 45_TGAMMA_12 end 1785484742203
job 50_POW_12 started 1785484742203 core=4
job 25_TGAMMA_120 end 1785484746364
job 37_POW_36 started 1785484746365 core=5
job 42_TGAMMA_60 end 1785484752309
job 53_TGAMMA_120 started 1785484752310 core=0
job 35_POW_12 end 1785484752927
job 51_POW_12 started 1785484752927 core=1
job 50_POW_12 end 1785484768205
job 33_TGAMMA_120 started 1785484768205 core=4
job 51_POW_12 end 1785484779095
job 39_POW_12 started 1785484779095 core=1
job 39_POW_12 end 1785484804317
job 59_POW_12 started 1785484804317 core=1
job 53_TGAMMA_120 end 1785484820471
job 48_POW_36 started 1785484820471 core=0
job 37_POW_36 end 1785484823696
job 40_POW_24 started 1785484823696 core=5
job 59_POW_12 end 1785484830180
job 66_TGAMMA_60 started 1785484830180 core=1
job 33_TGAMMA_120 end 1785484836180
job 28_POW_24 started 1785484836180 core=4
job 66_TGAMMA_60 end 1785484864438
job 56_TGAMMA_60 started 1785484864438 core=1
job 40_POW_24 end 1785484876082
job 63_TGAMMA_60 started 1785484876082 core=5
job 28_POW_24 end 1785484888985
job 46_TGAMMA_60 started 1785484888985 core=4
job 56_TGAMMA_60 end 1785484898515
job 30_TGAMMA_60 started 1785484898515 core=1
job 48_POW_36 end 1785484898750
job 34_POW_24 started 1785484898750 core=0
job 63_TGAMMA_60 end 1785484909979
job 76_TGAMMA_60 started 1785484909979 core=5
job 46_TGAMMA_60 end 1785484922786
job 38_POW_36 started 1785484922786 core=4
job 30_TGAMMA_60 end 1785484932396
job 47_TGAMMA_12 started 1785484932396 core=1
job 47_TGAMMA_12 end 1785484939190
job 43_TGAMMA_60 started 1785484939190 core=1
job 76_TGAMMA_60 end 1785484943887
job 61_TGAMMA_12 started 1785484943887 core=5
job 34_POW_24 end 1785484948373
job 54_TGAMMA_60 started 1785484948373 core=0
job 61_TGAMMA_12 end 1785484950662
job 52_TGAMMA_12 started 1785484950662 core=5
job 52_TGAMMA_12 end 1785484957424
job 73_TGAMMA_12 started 1785484957424 core=5
job 73_TGAMMA_12 end 1785484964182
job 44_TGAMMA_12 started 1785484964182 core=5
job 44_TGAMMA_12 end 1785484970939
job 55_TGAMMA_120 started 1785484970939 core=5
job 43_TGAMMA_60 end 1785484973096
job 58_POW_36 started 1785484973097 core=1
job 54_TGAMMA_60 end 1785484982268
job 49_POW_12 started 1785484982269 core=0
job 38_POW_36 end 1785484998377
job 65_POW_12 started 1785484998377 core=4
job 49_POW_12 end 1785485009140
job 72_TGAMMA_60 started 1785485009140 core=0
job 65_POW_12 end 1785485024155
job 41_TGAMMA_60 started 1785485024155 core=4
job 55_TGAMMA_120 end 1785485039036
job 57_POW_12 started 1785485039036 core=5
job 72_TGAMMA_60 end 1785485043096
job 67_TGAMMA_12 started 1785485043096 core=0
job 58_POW_36 end 1785485049099
job 79_TGAMMA_120 started 1785485049099 core=1
job 67_TGAMMA_12 end 1785485049878
job 83_POW_12 started 1785485049879 core=0
job 41_TGAMMA_60 end 1785485058032
job 84_TGAMMA_12 started 1785485058032 core=4
job 57_POW_12 end 1785485064143
job 89_TGAMMA_60 started 1785485064143 core=5
job 84_TGAMMA_12 end 1785485064820
job 87_POW_36 started 1785485064820 core=4
job 83_POW_12 end 1785485075053
job 90_TGAMMA_12 started 1785485075053 core=0
job 90_TGAMMA_12 end 1785485081820
job 70_POW_12 started 1785485081820 core=0
job 89_TGAMMA_60 end 1785485098066
job 97_POW_36 started 1785485098066 core=5
job 70_POW_12 end 1785485107600
job 64_TGAMMA_60 started 1785485107601 core=0
job 79_TGAMMA_120 end 1785485117098
job 96_TGAMMA_12 started 1785485117099 core=1
job 96_TGAMMA_12 end 1785485123903
job 99_POW_24 started 1785485123903 core=1
job 87_POW_36 end 1785485141203
job 71_TGAMMA_60 started 1785485141204 core=4
job 64_TGAMMA_60 end 1785485141758
job 81_TGAMMA_120 started 1785485141758 core=0
job 71_TGAMMA_60 end 1785485175143
job 68_TGAMMA_12 started 1785485175144 core=4
job 97_POW_36 end 1785485175217
job 88_POW_24 started 1785485175217 core=5
job 99_POW_24 end 1785485175458
job 75_POW_12 started 1785485175458 core=1
job 68_TGAMMA_12 end 1785485181927
job 85_TGAMMA_120 started 1785485181928 core=4
job 75_POW_12 end 1785485200683
job 98_POW_24 started 1785485200683 core=1
job 81_TGAMMA_120 end 1785485209713
job 60_TGAMMA_12 started 1785485209713 core=0
job 60_TGAMMA_12 end 1785485216505
job 74_TGAMMA_12 started 1785485216505 core=0
job 74_TGAMMA_12 end 1785485223297
job 86_POW_24 started 1785485223297 core=0
job 88_POW_24 end 1785485225824
job 92_POW_36 started 1785485225824 core=5
job 85_TGAMMA_120 end 1785485250107
job 62_POW_36 started 1785485250107 core=4
job 98_POW_24 end 1785485253188
job 69_POW_24 started 1785485253188 core=1
job 86_POW_24 end 1785485280592
job 93_POW_24 started 1785485280592 core=0
job 92_POW_36 end 1785485315032
job 77_POW_24 started 1785485315032 core=5
job 69_POW_24 end 1785485315259
job 91_TGAMMA_12 started 1785485315259 core=1
job 91_TGAMMA_12 end 1785485322124
job 94_POW_12 started 1785485322124 core=1
job 93_POW_24 end 1785485341729
job 78_POW_36 started 1785485341730 core=0
job 62_POW_36 end 1785485342285
job 95_TGAMMA_120 started 1785485342286 core=4
job 94_POW_12 end 1785485351665
job 80_POW_12 started 1785485351665 core=1
job 77_POW_24 end 1785485371374
job 82_POW_36 started 1785485371374 core=5
job 80_POW_12 end 1785485378567
job 95_TGAMMA_120 end 1785485410436
job 78_POW_36 end 1785485418193
job 82_POW_36 end 1785485445257
  итерация 0: 1010709 ms
job 25_TGAMMA_120 started 1785485445258 core=0
job 0_TGAMMA_60 started 1785485445258 core=5
job 32_POW_12 started 1785485445258 core=4
job 5_TGAMMA_120 started 1785485445284 core=1
job 32_POW_12 end 1785485469677
job 2_TGAMMA_120 started 1785485469677 core=4
job 0_TGAMMA_60 end 1785485479121
job 4_POW_12 started 1785485479121 core=5
job 4_POW_12 end 1785485503450
job 15_TGAMMA_120 started 1785485503450 core=5
job 5_TGAMMA_120 end 1785485512929
job 3_TGAMMA_60 started 1785485512929 core=1
job 25_TGAMMA_120 end 1785485513121
job 8_TGAMMA_60 started 1785485513121 core=0
job 2_TGAMMA_120 end 1785485537225
job 17_POW_24 started 1785485537225 core=4
job 3_TGAMMA_60 end 1785485546701
job 35_POW_12 started 1785485546701 core=1
job 8_TGAMMA_60 end 1785485546987
job 23_TGAMMA_12 started 1785485546987 core=0
job 23_TGAMMA_12 end 1785485553798
job 1_POW_24 started 1785485553798 core=0
job 15_TGAMMA_120 end 1785485571272
job 9_POW_24 started 1785485571272 core=5
job 35_POW_12 end 1785485572871
job 21_TGAMMA_12 started 1785485572871 core=1
job 21_TGAMMA_12 end 1785485579721
job 29_TGAMMA_12 started 1785485579721 core=1
job 29_TGAMMA_12 end 1785485586574
job 14_POW_24 started 1785485586574 core=1
job 17_POW_24 end 1785485589888
job 16_TGAMMA_120 started 1785485589888 core=4
job 1_POW_24 end 1785485607779
job 7_TGAMMA_12 started 1785485607779 core=0
job 7_TGAMMA_12 end 1785485614578
job 6_TGAMMA_12 started 1785485614578 core=0
job 6_TGAMMA_12 end 1785485621367
job 10_TGAMMA_12 started 1785485621367 core=0
job 9_POW_24 end 1785485624399
job 44_TGAMMA_12 started 1785485624399 core=5
job 10_TGAMMA_12 end 1785485628157
job 11_POW_36 started 1785485628157 core=0
job 44_TGAMMA_12 end 1785485631173
job 22_TGAMMA_12 started 1785485631174 core=5
job 22_TGAMMA_12 end 1785485637973
job 13_TGAMMA_120 started 1785485637973 core=5
job 14_POW_24 end 1785485638615
job 53_TGAMMA_120 started 1785485638615 core=1
job 16_TGAMMA_120 end 1785485657931
job 61_TGAMMA_12 started 1785485657931 core=4
job 61_TGAMMA_12 end 1785485664697
job 27_TGAMMA_12 started 1785485664697 core=4
job 27_TGAMMA_12 end 1785485671457
job 28_POW_24 started 1785485671457 core=4
job 11_POW_36 end 1785485702709
job 48_POW_36 started 1785485702709 core=0
job 13_TGAMMA_120 end 1785485705747
job 12_POW_12 started 1785485705747 core=5
job 53_TGAMMA_120 end 1785485706337
job 41_TGAMMA_60 started 1785485706337 core=1
job 28_POW_24 end 1785485722861
job 24_POW_36 started 1785485722861 core=4
job 12_POW_12 end 1785485732000
job 54_TGAMMA_60 started 1785485732001 core=5
job 41_TGAMMA_60 end 1785485740529
job 30_TGAMMA_60 started 1785485740529 core=1
job 54_TGAMMA_60 end 1785485765946
job 26_TGAMMA_60 started 1785485765946 core=5
job 30_TGAMMA_60 end 1785485774464
job 39_POW_12 started 1785485774464 core=1
job 48_POW_36 end 1785485780466
job 33_TGAMMA_120 started 1785485780466 core=0
job 24_POW_36 end 1785485799364
job 59_POW_12 started 1785485799364 core=4
job 39_POW_12 end 1785485799804
job 66_TGAMMA_60 started 1785485799804 core=1
job 26_TGAMMA_60 end 1785485799967
job 34_POW_24 started 1785485799967 core=5
job 59_POW_12 end 1785485824415
job 37_POW_36 started 1785485824416 core=4
job 66_TGAMMA_60 end 1785485833765
job 42_TGAMMA_60 started 1785485833765 core=1
job 33_TGAMMA_120 end 1785485848575
job 57_POW_12 started 1785485848575 core=0
job 34_POW_24 end 1785485850136
job 18_TGAMMA_12 started 1785485850136 core=5
job 18_TGAMMA_12 end 1785485856919
job 75_POW_12 started 1785485856919 core=5
job 42_TGAMMA_60 end 1785485867817
job 72_TGAMMA_60 started 1785485867817 core=1
job 57_POW_12 end 1785485875001
job 19_TGAMMA_120 started 1785485875001 core=0
job 75_POW_12 end 1785485882814
job 43_TGAMMA_60 started 1785485882814 core=5
job 37_POW_36 end 1785485900337
job 91_TGAMMA_12 started 1785485900337 core=4
job 72_TGAMMA_60 end 1785485901769
job 20_POW_24 started 1785485901770 core=1
job 91_TGAMMA_12 end 1785485907104
job 36_POW_12 started 1785485907104 core=4
job 43_TGAMMA_60 end 1785485916668
job 31_TGAMMA_12 started 1785485916668 core=5
job 31_TGAMMA_12 end 1785485923460
job 40_POW_24 started 1785485923460 core=5
job 36_POW_12 end 1785485932506
job 79_TGAMMA_120 started 1785485932506 core=4
job 19_TGAMMA_120 end 1785485943058
job 83_POW_12 started 1785485943058 core=0
job 20_POW_24 end 1785485952991
job 76_TGAMMA_60 started 1785485952991 core=1
job 83_POW_12 end 1785485968660
job 81_TGAMMA_120 started 1785485968660 core=0
job 40_POW_24 end 1785485974789
job 87_POW_36 started 1785485974789 core=5
job 76_TGAMMA_60 end 1785485986893
job 38_POW_36 started 1785485986894 core=1
job 79_TGAMMA_120 end 1785486000459
job 58_POW_36 started 1785486000459 core=4
job 81_TGAMMA_120 end 1785486037002
job 62_POW_36 started 1785486037002 core=0
job 87_POW_36 end 1785486055458
job 45_TGAMMA_12 started 1785486055458 core=5
job 45_TGAMMA_12 end 1785486062312
job 96_TGAMMA_12 started 1785486062313 core=5
job 38_POW_36 end 1785486068460
job 47_TGAMMA_12 started 1785486068461 core=1
job 96_TGAMMA_12 end 1785486069163
job 52_TGAMMA_12 started 1785486069163 core=5
job 47_TGAMMA_12 end 1785486075238
job 46_TGAMMA_60 started 1785486075238 core=1
job 52_TGAMMA_12 end 1785486075947
job 65_POW_12 started 1785486075947 core=5
job 58_POW_36 end 1785486082291
job 49_POW_12 started 1785486082291 core=4
job 65_POW_12 end 1785486102175
job 50_POW_12 started 1785486102175 core=5
job 49_POW_12 end 1785486109101
job 55_TGAMMA_120 started 1785486109101 core=4
job 46_TGAMMA_60 end 1785486109486
job 56_TGAMMA_60 started 1785486109487 core=1
job 62_POW_36 end 1785486119143
job 51_POW_12 started 1785486119143 core=0
job 50_POW_12 end 1785486127595
job 60_TGAMMA_12 started 1785486127595 core=5
job 60_TGAMMA_12 end 1785486134359
job 64_TGAMMA_60 started 1785486134359 core=5
job 56_TGAMMA_60 end 1785486143396
job 73_TGAMMA_12 started 1785486143396 core=1
job 51_POW_12 end 1785486143792
job 67_TGAMMA_12 started 1785486143792 core=0
job 73_TGAMMA_12 end 1785486150142
job 63_TGAMMA_60 started 1785486150142 core=1
job 67_TGAMMA_12 end 1785486150549
job 69_POW_24 started 1785486150549 core=0
job 64_TGAMMA_60 end 1785486168188
job 82_POW_36 started 1785486168188 core=5
job 55_TGAMMA_120 end 1785486176875
job 70_POW_12 started 1785486176876 core=4
job 63_TGAMMA_60 end 1785486184083
job 68_TGAMMA_12 started 1785486184084 core=1
job 68_TGAMMA_12 end 1785486190941
job 77_POW_24 started 1785486190941 core=1
job 69_POW_24 end 1785486203534
job 84_TGAMMA_12 started 1785486203535 core=0
job 70_POW_12 end 1785486205340
job 85_TGAMMA_120 started 1785486205340 core=4
job 84_TGAMMA_12 end 1785486210356
job 74_TGAMMA_12 started 1785486210356 core=0
job 74_TGAMMA_12 end 1785486217153
job 71_TGAMMA_60 started 1785486217153 core=0
job 77_POW_24 end 1785486243934
job 90_TGAMMA_12 started 1785486243935 core=1
job 82_POW_36 end 1785486246781
job 86_POW_24 started 1785486246781 core=5
job 90_TGAMMA_12 end 1785486250697
job 92_POW_36 started 1785486250697 core=1
job 71_TGAMMA_60 end 1785486251170
job 78_POW_36 started 1785486251170 core=0
job 85_TGAMMA_120 end 1785486273452
job 95_TGAMMA_120 started 1785486273453 core=4
job 86_POW_24 end 1785486299947
job 80_POW_12 started 1785486299947 core=5
job 80_POW_12 end 1785486326807
job 88_POW_24 started 1785486326808 core=5
job 78_POW_36 end 1785486329994
job 93_POW_24 started 1785486329995 core=0
job 92_POW_36 end 1785486331168
job 94_POW_12 started 1785486331168 core=1
job 95_TGAMMA_120 end 1785486342100
job 98_POW_24 started 1785486342100 core=4
job 94_POW_12 end 1785486360447
job 89_TGAMMA_60 started 1785486360447 core=1
job 88_POW_24 end 1785486382506
job 99_POW_24 started 1785486382506 core=5
job 93_POW_24 end 1785486386099
job 97_POW_36 started 1785486386099 core=0
job 89_TGAMMA_60 end 1785486394744
job 98_POW_24 end 1785486398329
job 99_POW_24 end 1785486432539
job 97_POW_36 end 1785486459917
  итерация 1: 1014660 ms
job 6_TGAMMA_12 started 1785486459917 core=5
job 1_POW_24 started 1785486459917 core=0
job 2_TGAMMA_120 started 1785486459917 core=4
job 20_POW_24 started 1785486459917 core=1
job 6_TGAMMA_12 end 1785486466716
job 57_POW_12 started 1785486466716 core=5
job 57_POW_12 end 1785486493565
job 42_TGAMMA_60 started 1785486493566 core=5
job 1_POW_24 end 1785486511375
job 0_TGAMMA_60 started 1785486511375 core=0
job 20_POW_24 end 1785486511819
job 8_TGAMMA_60 started 1785486511819 core=1
job 42_TGAMMA_60 end 1785486527450
job 22_TGAMMA_12 started 1785486527450 core=5
job 2_TGAMMA_120 end 1785486528029
job 27_TGAMMA_12 started 1785486528029 core=4
job 22_TGAMMA_12 end 1785486534194
job 11_POW_36 started 1785486534194 core=5
job 27_TGAMMA_12 end 1785486534772
job 15_TGAMMA_120 started 1785486534772 core=4
job 0_TGAMMA_60 end 1785486545250
job 18_TGAMMA_12 started 1785486545250 core=0
job 8_TGAMMA_60 end 1785486545591
job 34_POW_24 started 1785486545591 core=1
job 18_TGAMMA_12 end 1785486552055
job 19_TGAMMA_120 started 1785486552055 core=0
job 34_POW_24 end 1785486596008
job 26_TGAMMA_60 started 1785486596008 core=1
job 15_TGAMMA_120 end 1785486602602
job 32_POW_12 started 1785486602603 core=4
job 11_POW_36 end 1785486609170
job 37_POW_36 started 1785486609170 core=5
job 19_TGAMMA_120 end 1785486620138
job 3_TGAMMA_60 started 1785486620138 core=0
job 32_POW_12 end 1785486627668
job 4_POW_12 started 1785486627668 core=4
job 26_TGAMMA_60 end 1785486629939
job 9_POW_24 started 1785486629939 core=1
job 4_POW_12 end 1785486653741
job 5_TGAMMA_120 started 1785486653741 core=4
job 3_TGAMMA_60 end 1785486654424
job 7_TGAMMA_12 started 1785486654424 core=0
job 7_TGAMMA_12 end 1785486661228
job 12_POW_12 started 1785486661228 core=0
job 9_POW_24 end 1785486683070
job 13_TGAMMA_120 started 1785486683070 core=1
job 12_POW_12 end 1785486687333
job 59_POW_12 started 1785486687333 core=0
job 37_POW_36 end 1785486687438
job 10_TGAMMA_12 started 1785486687438 core=5
job 10_TGAMMA_12 end 1785486694196
job 17_POW_24 started 1785486694196 core=5
job 59_POW_12 end 1785486712238
job 46_TGAMMA_60 started 1785486712238 core=0
job 5_TGAMMA_120 end 1785486721801
job 23_TGAMMA_12 started 1785486721801 core=4
job 23_TGAMMA_12 end 1785486728561
job 75_POW_12 started 1785486728561 core=4
job 17_POW_24 end 1785486743879
job 48_POW_36 started 1785486743879 core=5
job 46_TGAMMA_60 end 1785486746248
job 29_TGAMMA_12 started 1785486746248 core=0
job 13_TGAMMA_120 end 1785486750939
job 56_TGAMMA_60 started 1785486750939 core=1
job 29_TGAMMA_12 end 1785486753070
job 61_TGAMMA_12 started 1785486753071 core=0
job 75_POW_12 end 1785486753642
job 50_POW_12 started 1785486753643 core=4
job 61_TGAMMA_12 end 1785486759897
job 40_POW_24 started 1785486759897 core=0
job 50_POW_12 end 1785486780081
job 52_TGAMMA_12 started 1785486780081 core=4
job 56_TGAMMA_60 end 1785486785096
job 76_TGAMMA_60 started 1785486785096 core=1
job 52_TGAMMA_12 end 1785486786874
job 70_POW_12 started 1785486786874 core=4
job 40_POW_24 end 1785486813269
job 14_POW_24 started 1785486813269 core=0
job 70_POW_12 end 1785486813760
job 43_TGAMMA_60 started 1785486813760 core=4
job 76_TGAMMA_60 end 1785486819288
job 80_POW_12 started 1785486819289 core=1
job 48_POW_36 end 1785486821262
job 85_TGAMMA_120 started 1785486821263 core=5
job 80_POW_12 end 1785486844523
job 60_TGAMMA_12 started 1785486844523 core=1
job 43_TGAMMA_60 end 1785486847742
job 16_TGAMMA_120 started 1785486847742 core=4
job 60_TGAMMA_12 end 1785486851280
job 73_TGAMMA_12 started 1785486851281 core=1
job 73_TGAMMA_12 end 1785486858039
job 44_TGAMMA_12 started 1785486858039 core=1
job 14_POW_24 end 1785486863146
job 21_TGAMMA_12 started 1785486863146 core=0
job 44_TGAMMA_12 end 1785486864785
job 24_POW_36 started 1785486864785 core=1
job 21_TGAMMA_12 end 1785486869923
job 77_POW_24 started 1785486869923 core=0
job 85_TGAMMA_120 end 1785486889145
job 71_TGAMMA_60 started 1785486889145 core=5
job 16_TGAMMA_120 end 1785486915570
job 30_TGAMMA_60 started 1785486915570 core=4
job 77_POW_24 end 1785486920168
job 88_POW_24 started 1785486920168 core=0
job 71_TGAMMA_60 end 1785486923146
job 91_TGAMMA_12 started 1785486923146 core=5
job 91_TGAMMA_12 end 1785486929940
job 45_TGAMMA_12 started 1785486929941 core=5
job 45_TGAMMA_12 end 1785486936735
job 25_TGAMMA_120 started 1785486936735 core=5
job 24_POW_36 end 1785486939721
job 35_POW_12 started 1785486939721 core=1
job 30_TGAMMA_60 end 1785486949550
job 82_POW_36 started 1785486949550 core=4
job 35_POW_12 end 1785486965420
job 83_POW_12 started 1785486965420 core=1
job 88_POW_24 end 1785486971937
job 84_TGAMMA_12 started 1785486971937 core=0
job 84_TGAMMA_12 end 1785486978751
job 49_POW_12 started 1785486978752 core=0
job 83_POW_12 end 1785486991305
job 97_POW_36 started 1785486991306 core=1
job 25_TGAMMA_120 end 1785487005120
job 36_POW_12 started 1785487005120 core=5
job 49_POW_12 end 1785487005708
job 28_POW_24 started 1785487005708 core=0
job 82_POW_36 end 1785487033470
job 95_TGAMMA_120 started 1785487033470 core=4
job 36_POW_12 end 1785487035812
job 87_POW_36 started 1785487035812 core=5
job 28_POW_24 end 1785487062654
job 38_POW_36 started 1785487062654 core=0
job 97_POW_36 end 1785487075462
job 51_POW_12 started 1785487075463 core=1
job 95_TGAMMA_120 end 1785487102040
job 54_TGAMMA_60 started 1785487102041 core=4
job 51_POW_12 end 1785487102263
job 31_TGAMMA_12 started 1785487102263 core=1
job 31_TGAMMA_12 end 1785487109061
job 39_POW_12 started 1785487109061 core=1
job 87_POW_36 end 1785487115958
job 58_POW_36 started 1785487115959 core=5
job 39_POW_12 end 1785487135951
job 89_TGAMMA_60 started 1785487135952 core=1
job 54_TGAMMA_60 end 1785487136277
job 33_TGAMMA_120 started 1785487136277 core=4
job 38_POW_36 end 1785487140972
job 93_POW_24 started 1785487140972 core=0
job 89_TGAMMA_60 end 1785487169916
job 67_TGAMMA_12 started 1785487169916 core=1
job 67_TGAMMA_12 end 1785487176707
job 55_TGAMMA_120 started 1785487176707 core=1
job 93_POW_24 end 1785487191135
job 90_TGAMMA_12 started 1785487191135 core=0
job 58_POW_36 end 1785487192512
job 65_POW_12 started 1785487192512 core=5
job 90_TGAMMA_12 end 1785487197903
job 66_TGAMMA_60 started 1785487197903 core=0
job 33_TGAMMA_120 end 1785487204238
job 41_TGAMMA_60 started 1785487204238 core=4
job 65_POW_12 end 1785487216835
job 47_TGAMMA_12 started 1785487216836 core=5
job 47_TGAMMA_12 end 1785487223570
job 96_TGAMMA_12 started 1785487223571 core=5
job 96_TGAMMA_12 end 1785487230307
job 69_POW_24 started 1785487230307 core=5
job 66_TGAMMA_60 end 1785487231752
job 53_TGAMMA_120 started 1785487231752 core=0
job 41_TGAMMA_60 end 1785487238067
job 98_POW_24 started 1785487238067 core=4
job 55_TGAMMA_120 end 1785487244430
job 62_POW_36 started 1785487244430 core=1
job 69_POW_24 end 1785487282658
job 63_TGAMMA_60 started 1785487282658 core=5
job 98_POW_24 end 1785487289845
job 74_TGAMMA_12 started 1785487289845 core=4
job 74_TGAMMA_12 end 1785487296605
job 64_TGAMMA_60 started 1785487296605 core=4
job 53_TGAMMA_120 end 1785487300021
job 78_POW_36 started 1785487300021 core=0
job 63_TGAMMA_60 end 1785487316597
job 79_TGAMMA_120 started 1785487316598 core=5
job 62_POW_36 end 1785487321784
job 86_POW_24 started 1785487321784 core=1
job 64_TGAMMA_60 end 1785487330579
job 99_POW_24 started 1785487330579 core=4
job 86_POW_24 end 1785487373663
job 68_TGAMMA_12 started 1785487373664 core=1
job 78_POW_36 end 1785487378143
job 72_TGAMMA_60 started 1785487378143 core=0
job 68_TGAMMA_12 end 1785487380431
job 81_TGAMMA_120 started 1785487380431 core=1
job 99_POW_24 end 1785487383454
job 92_POW_36 started 1785487383454 core=4
job 79_TGAMMA_120 end 1785487384886
job 94_POW_12 started 1785487384886 core=5
job 94_POW_12 end 1785487409947
job 72_TGAMMA_60 end 1785487412095
job 81_TGAMMA_120 end 1785487447995
job 92_POW_36 end 1785487456399
  итерация 2: 996482 ms
  среднее по 3 итерациям: 1007284 ms
=== Выполняется проект: no_po_memory50_cpu50_1.txt (100 работ, базовый прогон oneTBB) ===
job 4_SUM_84 started 1785487456400 core=4
job 0_SUM_84 started 1785487456400 core=1
job 1_DOT_36 started 1785487456400 core=0
job 10_SUM_108 started 1785487456400 core=5
job 1_DOT_36 end 1785487502642
job 8_XPY_60 started 1785487502642 core=0
job 0_SUM_84 end 1785487518319
job 9_XPY_48 started 1785487518319 core=1
job 4_SUM_84 end 1785487537260
job 2_SUM_132 started 1785487537260 core=4
job 10_SUM_108 end 1785487541472
job 16_COPY_84 started 1785487541472 core=5
job 8_XPY_60 end 1785487590772
job 6_DOT_84 started 1785487590772 core=0
job 9_XPY_48 end 1785487601510
job 12_SUM_132 started 1785487601510 core=1
job 2_SUM_132 end 1785487652488
job 29_XPY_48 started 1785487652489 core=4
job 16_COPY_84 end 1785487692224
job 17_COPY_60 started 1785487692225 core=5
job 6_DOT_84 end 1785487702875
job 38_XPY_48 started 1785487702875 core=0
job 12_SUM_132 end 1785487733033
job 47_DOT_84 started 1785487733033 core=1
job 29_XPY_48 end 1785487736708
job 18_DOT_84 started 1785487736708 core=4
job 38_XPY_48 end 1785487790157
job 23_SUM_132 started 1785487790158 core=0
job 17_COPY_60 end 1785487790425
job 52_TGAMMA_60 started 1785487790426 core=5
job 52_TGAMMA_60 end 1785487825699
job 28_XPY_60 started 1785487825699 core=5
job 47_DOT_84 end 1785487839370
job 39_SUM_108 started 1785487839370 core=1
job 18_DOT_84 end 1785487853162
job 3_DOT_84 started 1785487853162 core=4
job 23_SUM_132 end 1785487902399
job 7_SUM_108 started 1785487902399 core=0
job 28_XPY_60 end 1785487927200
job 13_DOT_84 started 1785487927201 core=5
job 3_DOT_84 end 1785487953435
job 11_COPY_84 started 1785487953435 core=4
job 39_SUM_108 end 1785487953922
job 35_DOT_84 started 1785487953922 core=1
job 7_SUM_108 end 1785488006341
job 15_COPY_60 started 1785488006341 core=0
job 13_DOT_84 end 1785488039243
job 19_DOT_84 started 1785488039243 core=5
job 35_DOT_84 end 1785488065908
job 25_DOT_36 started 1785488065908 core=1
job 25_DOT_36 end 1785488112954
job 5_DOT_36 started 1785488112955 core=1
job 11_COPY_84 end 1785488123140
job 43_SUM_132 started 1785488123140 core=4
job 15_COPY_60 end 1785488136492
job 62_TGAMMA_60 started 1785488136492 core=0
job 19_DOT_84 end 1785488151067
job 64_POW_24 started 1785488151068 core=5
job 5_DOT_36 end 1785488160788
job 14_SUM_84 started 1785488160788 core=1
job 62_TGAMMA_60 end 1785488171613
job 20_COPY_84 started 1785488171614 core=0
job 14_SUM_84 end 1785488213239
job 22_COPY_84 started 1785488213239 core=1
job 43_SUM_132 end 1785488214267
job 21_SUM_108 started 1785488214267 core=4
job 64_POW_24 end 1785488224508
job 26_SUM_132 started 1785488224508 core=5
job 20_COPY_84 end 1785488301866
job 36_XPY_48 started 1785488301867 core=0
job 21_SUM_108 end 1785488316028
job 46_SUM_84 started 1785488316028 core=4
job 26_SUM_132 end 1785488342962
job 57_TGAMMA_12 started 1785488342963 core=5
job 22_COPY_84 end 1785488344144
job 24_XPY_48 started 1785488344145 core=1
job 57_TGAMMA_12 end 1785488350137
job 40_DOT_36 started 1785488350137 core=5
job 36_XPY_48 end 1785488373291
job 54_POW_12 started 1785488373291 core=0
job 46_SUM_84 end 1785488389600
job 66_POW_24 started 1785488389600 core=4
job 54_POW_12 end 1785488407230
job 59_POW_24 started 1785488407232 core=0
job 40_DOT_36 end 1785488408536
job 72_TGAMMA_120 started 1785488408537 core=5
job 24_XPY_48 end 1785488418021
job 75_POW_36 started 1785488418021 core=1
job 66_POW_24 end 1785488447848
job 79_POW_36 started 1785488447849 core=4
job 59_POW_24 end 1785488462517
job 48_XPY_48 started 1785488462517 core=0
job 72_TGAMMA_120 end 1785488477585
job 61_TGAMMA_120 started 1785488477585 core=5
job 75_POW_36 end 1785488496907
job 69_POW_36 started 1785488496908 core=1
job 48_XPY_48 end 1785488513649
job 55_POW_36 started 1785488513649 core=0
job 79_POW_36 end 1785488545934
job 70_TGAMMA_120 started 1785488545934 core=4
job 61_TGAMMA_120 end 1785488546265
job 60_TGAMMA_12 started 1785488546265 core=5
job 60_TGAMMA_12 end 1785488553059
job 30_DOT_36 started 1785488553059 core=5
job 69_POW_36 end 1785488581922
job 76_POW_36 started 1785488581922 core=1
job 30_DOT_36 end 1785488586995
job 73_TGAMMA_120 started 1785488586995 core=5
job 55_POW_36 end 1785488593880
job 33_COPY_60 started 1785488593881 core=0
job 70_TGAMMA_120 end 1785488614912
job 88_POW_12 started 1785488614912 core=4
job 88_POW_12 end 1785488652580
job 34_XPY_48 started 1785488652581 core=4
job 33_COPY_60 end 1785488653536
job 77_TGAMMA_120 started 1785488653536 core=0
job 73_TGAMMA_120 end 1785488655525
job 27_XPY_48 started 1785488655525 core=5
job 76_POW_36 end 1785488665715
job 41_SUM_108 started 1785488665715 core=1
job 34_XPY_48 end 1785488708125
job 80_POW_36 started 1785488708125 core=4
job 27_XPY_48 end 1785488721817
job 91_TGAMMA_12 started 1785488721817 core=5
job 77_TGAMMA_120 end 1785488724352
job 31_SUM_108 started 1785488724352 core=0
job 91_TGAMMA_12 end 1785488728817
job 78_POW_12 started 1785488728817 core=5
job 41_SUM_108 end 1785488744300
job 89_POW_12 started 1785488744300 core=1
job 78_POW_12 end 1785488763685
job 87_TGAMMA_12 started 1785488763686 core=5
job 87_TGAMMA_12 end 1785488770574
job 82_TGAMMA_120 started 1785488770575 core=5
job 89_POW_12 end 1785488775242
job 32_SUM_84 started 1785488775242 core=1
job 31_SUM_108 end 1785488789948
job 93_TGAMMA_60 started 1785488789949 core=0
job 80_POW_36 end 1785488802887
job 37_SUM_132 started 1785488802887 core=4
job 32_SUM_84 end 1785488809593
job 86_TGAMMA_60 started 1785488809593 core=1
job 93_TGAMMA_60 end 1785488824540
job 49_SUM_84 started 1785488824540 core=0
job 82_TGAMMA_120 end 1785488839696
job 53_TGAMMA_120 started 1785488839696 core=5
job 86_TGAMMA_60 end 1785488843781
job 63_POW_36 started 1785488843781 core=1
job 37_SUM_132 end 1785488858051
job 81_TGAMMA_120 started 1785488858051 core=4
job 49_SUM_84 end 1785488864811
job 42_DOT_36 started 1785488864811 core=0
job 42_DOT_36 end 1785488890319
job 83_TGAMMA_120 started 1785488890319 core=0
job 53_TGAMMA_120 end 1785488908425
job 44_COPY_60 started 1785488908425 core=5
job 63_POW_36 end 1785488925612
job 45_SUM_108 started 1785488925613 core=1
job 81_TGAMMA_120 end 1785488926707
job 50_TGAMMA_60 started 1785488926707 core=4
job 83_TGAMMA_120 end 1785488958531
job 51_TGAMMA_120 started 1785488958531 core=0
job 44_COPY_60 end 1785488960311
job 84_TGAMMA_60 started 1785488960311 core=5
job 50_TGAMMA_60 end 1785488960945
job 92_TGAMMA_60 started 1785488960945 core=4
job 45_SUM_108 end 1785488973262
job 96_POW_24 started 1785488973263 core=1
job 84_TGAMMA_60 end 1785488994326
job 56_POW_36 started 1785488994326 core=5
job 92_TGAMMA_60 end 1785488994914
job 58_POW_12 started 1785488994914 core=4
job 58_POW_12 end 1785489021116
job 97_TGAMMA_60 started 1785489021116 core=4
job 96_POW_24 end 1785489024430
job 65_POW_12 started 1785489024430 core=1
job 51_TGAMMA_120 end 1785489026820
job 98_POW_36 started 1785489026820 core=0
job 65_POW_12 end 1785489051036
job 67_POW_12 started 1785489051037 core=1
job 97_TGAMMA_60 end 1785489055341
job 68_TGAMMA_12 started 1785489055341 core=4
job 68_TGAMMA_12 end 1785489062193
job 71_POW_12 started 1785489062193 core=4
job 56_POW_36 end 1785489076216
job 74_POW_36 started 1785489076216 core=5
job 67_POW_12 end 1785489080435
job 85_TGAMMA_120 started 1785489080435 core=1
job 71_POW_12 end 1785489091450
job 90_POW_24 started 1785489091450 core=4
job 98_POW_36 end 1785489109243
job 94_TGAMMA_120 started 1785489109243 core=0
job 90_POW_24 end 1785489142807
job 95_POW_36 started 1785489142807 core=4
job 85_TGAMMA_120 end 1785489148660
job 99_POW_24 started 1785489148660 core=1
job 74_POW_36 end 1785489154061
job 94_TGAMMA_120 end 1785489177381
job 99_POW_24 end 1785489198450
job 95_POW_36 end 1785489216576
  итерация 0: 1760175 ms
job 6_DOT_84 started 1785489216576 core=1
job 0_SUM_84 started 1785489216576 core=4
job 8_XPY_60 started 1785489216576 core=0
job 10_SUM_108 started 1785489216576 core=5
job 10_SUM_108 end 1785489306229
job 2_SUM_132 started 1785489306229 core=5
job 0_SUM_84 end 1785489309206
job 5_DOT_36 started 1785489309223 core=4
job 6_DOT_84 end 1785489314595
job 13_DOT_84 started 1785489314595 core=1
job 8_XPY_60 end 1785489317102
job 18_DOT_84 started 1785489317102 core=0
job 5_DOT_36 end 1785489365216
job 1_DOT_36 started 1785489365217 core=4
job 1_DOT_36 end 1785489420119
job 11_COPY_84 started 1785489420119 core=4
job 13_DOT_84 end 1785489421832
job 7_SUM_108 started 1785489421832 core=1
job 2_SUM_132 end 1785489425099
job 29_XPY_48 started 1785489425099 core=5
job 18_DOT_84 end 1785489446624
job 34_XPY_48 started 1785489446624 core=0
job 29_XPY_48 end 1785489493817
job 4_SUM_84 started 1785489493817 core=5
job 7_SUM_108 end 1785489514376
job 9_XPY_48 started 1785489514376 core=1
job 34_XPY_48 end 1785489538090
job 19_DOT_84 started 1785489538090 core=0
job 4_SUM_84 end 1785489561731
job 14_SUM_84 started 1785489561731 core=5
job 11_COPY_84 end 1785489581888
job 22_COPY_84 started 1785489581888 core=4
job 9_XPY_48 end 1785489586880
job 45_SUM_108 started 1785489586880 core=1
job 14_SUM_84 end 1785489626676
job 12_SUM_132 started 1785489626676 core=5
job 45_SUM_108 end 1785489661626
job 15_COPY_60 started 1785489661627 core=1
job 19_DOT_84 end 1785489680422
job 67_POW_12 started 1785489680422 core=0
job 67_POW_12 end 1785489724568
job 17_COPY_60 started 1785489724568 core=0
job 22_COPY_84 end 1785489727764
job 20_COPY_84 started 1785489727764 core=4
job 12_SUM_132 end 1785489737377
job 3_DOT_84 started 1785489737377 core=5
job 15_COPY_60 end 1785489750560
job 25_DOT_36 started 1785489750560 core=1
job 25_DOT_36 end 1785489797666
job 16_COPY_84 started 1785489797667 core=1
job 17_COPY_60 end 1785489848193
job 26_SUM_132 started 1785489848193 core=0
job 3_DOT_84 end 1785489856564
job 21_SUM_108 started 1785489856565 core=5
job 20_COPY_84 end 1785489888735
job 51_TGAMMA_120 started 1785489888736 core=4
job 26_SUM_132 end 1785489926644
job 31_SUM_108 started 1785489926645 core=0
job 16_COPY_84 end 1785489929463
job 28_XPY_60 started 1785489929463 core=1
job 51_TGAMMA_120 end 1785489958610
job 32_SUM_84 started 1785489958610 core=4
job 21_SUM_108 end 1785489963133
job 55_POW_36 started 1785489963133 core=5
job 31_SUM_108 end 1785489981660
job 60_TGAMMA_12 started 1785489981660 core=0
job 60_TGAMMA_12 end 1785489988696
job 23_SUM_132 started 1785489988696 core=0
job 32_SUM_84 end 1785490010281
job 69_POW_36 started 1785490010282 core=4
job 28_XPY_60 end 1785490023268
job 33_COPY_60 started 1785490023268 core=1
job 23_SUM_132 end 1785490070030
job 62_TGAMMA_60 started 1785490070030 core=0
job 69_POW_36 end 1785490101375
job 24_XPY_48 started 1785490101375 core=4
job 55_POW_36 end 1785490102322
job 49_SUM_84 started 1785490102322 core=5
job 62_TGAMMA_60 end 1785490104526
job 36_XPY_48 started 1785490104526 core=0
job 33_COPY_60 end 1785490104779
job 64_POW_24 started 1785490104779 core=1
job 49_SUM_84 end 1785490153197
job 75_POW_36 started 1785490153197 core=5
job 64_POW_24 end 1785490168784
job 37_SUM_132 started 1785490168784 core=1
job 36_XPY_48 end 1785490198380
job 83_TGAMMA_120 started 1785490198381 core=0
job 24_XPY_48 end 1785490199450
job 30_DOT_36 started 1785490199450 core=4
job 30_DOT_36 end 1785490231171
job 35_DOT_84 started 1785490231171 core=4
job 37_SUM_132 end 1785490252475
job 88_POW_12 started 1785490252475 core=1
job 75_POW_36 end 1785490255699
job 39_SUM_108 started 1785490255699 core=5
job 83_TGAMMA_120 end 1785490268732
job 27_XPY_48 started 1785490268732 core=0
job 88_POW_12 end 1785490288088
job 46_SUM_84 started 1785490288088 core=1
job 39_SUM_108 end 1785490328108
job 89_POW_12 started 1785490328108 core=5
job 35_DOT_84 end 1785490339562
job 71_POW_12 started 1785490339562 core=4
job 46_SUM_84 end 1785490344378
job 41_SUM_108 started 1785490344378 core=1
job 27_XPY_48 end 1785490354398
job 42_DOT_36 started 1785490354398 core=0
job 89_POW_12 end 1785490362452
job 47_DOT_84 started 1785490362452 core=5
job 71_POW_12 end 1785490385015
job 52_TGAMMA_60 started 1785490385015 core=4
job 42_DOT_36 end 1785490395343
job 38_XPY_48 started 1785490395344 core=0
job 52_TGAMMA_60 end 1785490420941
job 77_TGAMMA_120 started 1785490420941 core=4
job 41_SUM_108 end 1785490428075
job 48_XPY_48 started 1785490428075 core=1
job 38_XPY_48 end 1785490457111
job 92_TGAMMA_60 started 1785490457111 core=0
job 47_DOT_84 end 1785490465517
job 44_COPY_60 started 1785490465517 core=5
job 48_XPY_48 end 1785490488090
job 56_POW_36 started 1785490488090 core=1
job 77_TGAMMA_120 end 1785490490898
job 40_DOT_36 started 1785490490899 core=4
job 92_TGAMMA_60 end 1785490491352
job 58_POW_12 started 1785490491352 core=0
job 58_POW_12 end 1785490529521
job 82_TGAMMA_120 started 1785490529521 core=0
job 40_DOT_36 end 1785490529830
job 91_TGAMMA_12 started 1785490529830 core=4
job 91_TGAMMA_12 end 1785490536657
job 50_TGAMMA_60 started 1785490536657 core=4
job 44_COPY_60 end 1785490540211
job 53_TGAMMA_120 started 1785490540211 core=5
job 50_TGAMMA_60 end 1785490570556
job 61_TGAMMA_120 started 1785490570556 core=4
job 56_POW_36 end 1785490582668
job 85_TGAMMA_120 started 1785490582668 core=1
job 82_TGAMMA_120 end 1785490597419
job 43_SUM_132 started 1785490597419 core=0
job 53_TGAMMA_120 end 1785490607889
job 79_POW_36 started 1785490607889 core=5
job 61_TGAMMA_120 end 1785490639063
job 59_POW_24 started 1785490639063 core=4
job 43_SUM_132 end 1785490643554
job 99_POW_24 started 1785490643554 core=0
job 85_TGAMMA_120 end 1785490651027
job 54_POW_12 started 1785490651027 core=1
job 54_POW_12 end 1785490682083
job 70_TGAMMA_120 started 1785490682083 core=1
job 79_POW_36 end 1785490692549
job 57_TGAMMA_12 started 1785490692549 core=5
job 59_POW_24 end 1785490697189
job 81_TGAMMA_120 started 1785490697189 core=4
job 57_TGAMMA_12 end 1785490699315
job 73_TGAMMA_120 started 1785490699315 core=5
job 99_POW_24 end 1785490700852
job 74_POW_36 started 1785490700852 core=0
job 70_TGAMMA_120 end 1785490749905
job 63_POW_36 started 1785490749905 core=1
job 81_TGAMMA_120 end 1785490764907
job 66_POW_24 started 1785490764907 core=4
job 73_TGAMMA_120 end 1785490767041
job 72_TGAMMA_120 started 1785490767041 core=5
job 74_POW_36 end 1785490775363
job 76_POW_36 started 1785490775363 core=0
job 66_POW_24 end 1785490818710
job 78_POW_12 started 1785490818710 core=4
job 63_POW_36 end 1785490827791
job 65_POW_12 started 1785490827791 core=1
job 72_TGAMMA_120 end 1785490835638
job 93_TGAMMA_60 started 1785490835638 core=5
job 78_POW_12 end 1785490845546
job 80_POW_36 started 1785490845547 core=4
job 65_POW_12 end 1785490854052
job 84_TGAMMA_60 started 1785490854052 core=1
job 76_POW_36 end 1785490855969
job 95_POW_36 started 1785490855969 core=0
job 93_TGAMMA_60 end 1785490869788
job 96_POW_24 started 1785490869788 core=5
job 84_TGAMMA_60 end 1785490888169
job 68_TGAMMA_12 started 1785490888169 core=1
job 68_TGAMMA_12 end 1785490895025
job 86_TGAMMA_60 started 1785490895025 core=1
job 96_POW_24 end 1785490922295
job 87_TGAMMA_12 started 1785490922295 core=5
job 80_POW_36 end 1785490924945
job 97_TGAMMA_60 started 1785490924945 core=4
job 87_TGAMMA_12 end 1785490929068
job 94_TGAMMA_120 started 1785490929069 core=5
job 86_TGAMMA_60 end 1785490929243
job 90_POW_24 started 1785490929243 core=1
job 95_POW_36 end 1785490934635
job 98_POW_36 started 1785490934636 core=0
job 97_TGAMMA_60 end 1785490958920
job 90_POW_24 end 1785490979152
job 94_TGAMMA_120 end 1785490996867
job 98_POW_36 end 1785491008352
  итерация 1: 1791775 ms
job 1_DOT_36 started 1785491008352 core=0
job 7_SUM_108 started 1785491008352 core=1
job 9_XPY_48 started 1785491008352 core=5
job 4_SUM_84 started 1785491008353 core=4
job 1_DOT_36 end 1785491050624
job 2_SUM_132 started 1785491050625 core=0
job 4_SUM_84 end 1785491073452
job 15_COPY_60 started 1785491073453 core=4
job 9_XPY_48 end 1785491089355
job 27_XPY_48 started 1785491089355 core=5
job 7_SUM_108 end 1785491114612
job 19_DOT_84 started 1785491114613 core=1
job 2_SUM_132 end 1785491165403
job 3_DOT_84 started 1785491165404 core=0
job 15_COPY_60 end 1785491166332
job 5_DOT_36 started 1785491166333 core=4
job 27_XPY_48 end 1785491168155
job 14_SUM_84 started 1785491168156 core=5
job 5_DOT_36 end 1785491220697
job 8_XPY_60 started 1785491220697 core=4
job 19_DOT_84 end 1785491232677
job 0_SUM_84 started 1785491232677 core=1
job 14_SUM_84 end 1785491241715
job 16_COPY_84 started 1785491241715 core=5
job 3_DOT_84 end 1785491299383
job 10_SUM_108 started 1785491299384 core=0
job 0_SUM_84 end 1785491311620
job 29_XPY_48 started 1785491311621 core=1
job 8_XPY_60 end 1785491321076
job 36_XPY_48 started 1785491321077 core=4
job 16_COPY_84 end 1785491389506
job 6_DOT_84 started 1785491389506 core=5
job 36_XPY_48 end 1785491390604
job 17_COPY_60 started 1785491390604 core=4
job 10_SUM_108 end 1785491396924
job 43_SUM_132 started 1785491396924 core=0
job 29_XPY_48 end 1785491399493
job 32_SUM_84 started 1785491399493 core=1
job 32_SUM_84 end 1785491469217
job 21_SUM_108 started 1785491469217 core=1
job 17_COPY_60 end 1785491489984
job 35_DOT_84 started 1785491489984 core=4
job 6_DOT_84 end 1785491490224
job 11_COPY_84 started 1785491490224 core=5
job 43_SUM_132 end 1785491530159
job 26_SUM_132 started 1785491530160 core=0
job 21_SUM_108 end 1785491573498
job 22_COPY_84 started 1785491573499 core=1
job 35_DOT_84 end 1785491587020
job 47_DOT_84 started 1785491587020 core=4
job 26_SUM_132 end 1785491637169
job 45_SUM_108 started 1785491637169 core=0
job 11_COPY_84 end 1785491653621
job 49_SUM_84 started 1785491653622 core=5
job 47_DOT_84 end 1785491681206
job 25_DOT_36 started 1785491681206 core=4
job 25_DOT_36 end 1785491722963
job 30_DOT_36 started 1785491722965 core=4
job 45_SUM_108 end 1785491726416
job 48_XPY_48 started 1785491726416 core=0
job 22_COPY_84 end 1785491733386
job 12_SUM_132 started 1785491733386 core=1
job 49_SUM_84 end 1785491741126
job 31_SUM_108 started 1785491741126 core=5
job 30_DOT_36 end 1785491783935
job 13_DOT_84 started 1785491783936 core=4
job 31_SUM_108 end 1785491815520
job 56_POW_36 started 1785491815520 core=5
job 48_XPY_48 end 1785491816622
job 37_SUM_132 started 1785491816622 core=0
job 12_SUM_132 end 1785491824373
job 18_DOT_84 started 1785491824373 core=1
job 13_DOT_84 end 1785491897645
job 20_COPY_84 started 1785491897645 core=4
job 18_DOT_84 end 1785491924814
job 58_POW_12 started 1785491924814 core=1
job 37_SUM_132 end 1785491936840
job 33_COPY_60 started 1785491936840 core=0
job 56_POW_36 end 1785491940649
job 68_TGAMMA_12 started 1785491940649 core=5
job 68_TGAMMA_12 end 1785491947520
job 44_COPY_60 started 1785491947520 core=5
job 58_POW_12 end 1785491957179
job 78_POW_12 started 1785491957179 core=1
job 78_POW_12 end 1785491998946
job 63_POW_36 started 1785491998946 core=1
job 44_COPY_60 end 1785492033621
job 34_XPY_48 started 1785492033622 core=5
job 20_COPY_84 end 1785492044176
job 60_TGAMMA_12 started 1785492044176 core=4
job 33_COPY_60 end 1785492046070
job 24_XPY_48 started 1785492046070 core=0
job 60_TGAMMA_12 end 1785492051324
job 80_POW_36 started 1785492051324 core=4
job 34_XPY_48 end 1785492099506
job 28_XPY_60 started 1785492099506 core=5
job 24_XPY_48 end 1785492111276
job 23_SUM_132 started 1785492111276 core=0
job 63_POW_36 end 1785492136171
job 70_TGAMMA_120 started 1785492136171 core=1
job 80_POW_36 end 1785492167225
job 65_POW_12 started 1785492167225 core=4
job 28_XPY_60 end 1785492180346
job 40_DOT_36 started 1785492180346 core=5
job 23_SUM_132 end 1785492191321
job 62_TGAMMA_60 started 1785492191321 core=0
job 65_POW_12 end 1785492199279
job 81_TGAMMA_120 started 1785492199279 core=4
job 40_DOT_36 end 1785492206202
job 90_POW_24 started 1785492206202 core=5
job 70_TGAMMA_120 end 1785492207452
job 54_POW_12 started 1785492207452 core=1
job 62_TGAMMA_60 end 1785492225504
job 67_POW_12 started 1785492225504 core=0
job 54_POW_12 end 1785492233077
job 38_XPY_48 started 1785492233077 core=1
job 67_POW_12 end 1785492251862
job 93_TGAMMA_60 started 1785492251862 core=0
job 90_POW_24 end 1785492267490
job 76_POW_36 started 1785492267490 core=5
job 81_TGAMMA_120 end 1785492267565
job 89_POW_12 started 1785492267565 core=4
job 38_XPY_48 end 1785492278863
job 41_SUM_108 started 1785492278864 core=1
job 93_TGAMMA_60 end 1785492286182
job 91_TGAMMA_12 started 1785492286182 core=0
job 91_TGAMMA_12 end 1785492293082
job 39_SUM_108 started 1785492293083 core=0
job 89_POW_12 end 1785492294941
job 61_TGAMMA_120 started 1785492294941 core=4
job 39_SUM_108 end 1785492342562
job 46_SUM_84 started 1785492342563 core=0
job 41_SUM_108 end 1785492344350
job 42_DOT_36 started 1785492344350 core=1
job 61_TGAMMA_120 end 1785492364905
job 51_TGAMMA_120 started 1785492364905 core=4
job 76_POW_36 end 1785492378997
job 97_TGAMMA_60 started 1785492378998 core=5
job 46_SUM_84 end 1785492381003
job 50_TGAMMA_60 started 1785492381003 core=0
job 42_DOT_36 end 1785492383196
job 77_TGAMMA_120 started 1785492383196 core=1
job 97_TGAMMA_60 end 1785492412935
job 98_POW_36 started 1785492412935 core=5
job 50_TGAMMA_60 end 1785492414844
job 86_TGAMMA_60 started 1785492414844 core=0
job 51_TGAMMA_120 end 1785492433130
job 53_TGAMMA_120 started 1785492433130 core=4
job 86_TGAMMA_60 end 1785492448717
job 64_POW_24 started 1785492448717 core=0
job 77_TGAMMA_120 end 1785492450826
job 66_POW_24 started 1785492450826 core=1
job 98_POW_36 end 1785492489486
job 69_POW_36 started 1785492489487 core=5
job 64_POW_24 end 1785492501017
job 52_TGAMMA_60 started 1785492501018 core=0
job 53_TGAMMA_120 end 1785492501369
job 87_TGAMMA_12 started 1785492501369 core=4
job 66_POW_24 end 1785492504285
job 57_TGAMMA_12 started 1785492504285 core=1
job 87_TGAMMA_12 end 1785492508133
job 75_POW_36 started 1785492508133 core=4
job 57_TGAMMA_12 end 1785492511055
job 55_POW_36 started 1785492511055 core=1
job 52_TGAMMA_60 end 1785492535229
job 72_TGAMMA_120 started 1785492535229 core=0
job 69_POW_36 end 1785492569189
job 59_POW_24 started 1785492569189 core=5
job 75_POW_36 end 1785492586570
job 71_POW_12 started 1785492586570 core=4
job 55_POW_36 end 1785492591529
job 92_TGAMMA_60 started 1785492591529 core=1
job 72_TGAMMA_120 end 1785492603816
job 94_TGAMMA_120 started 1785492603817 core=0
job 71_POW_12 end 1785492611921
job 82_TGAMMA_120 started 1785492611921 core=4
job 59_POW_24 end 1785492620577
job 83_TGAMMA_120 started 1785492620577 core=5
job 92_TGAMMA_60 end 1785492625476
job 79_POW_36 started 1785492625476 core=1
job 94_TGAMMA_120 end 1785492671594
job 88_POW_12 started 1785492671594 core=0
job 82_TGAMMA_120 end 1785492679574
job 73_TGAMMA_120 started 1785492679574 core=4
job 83_TGAMMA_120 end 1785492688286
job 74_POW_36 started 1785492688287 core=5
job 88_POW_12 end 1785492697098
job 84_TGAMMA_60 started 1785492697098 core=0
job 79_POW_36 end 1785492699920
job 85_TGAMMA_120 started 1785492699920 core=1
job 84_TGAMMA_60 end 1785492730982
job 95_POW_36 started 1785492730982 core=0
job 73_TGAMMA_120 end 1785492747469
job 96_POW_24 started 1785492747469 core=4
job 74_POW_36 end 1785492763955
job 99_POW_24 started 1785492763955 core=5
job 85_TGAMMA_120 end 1785492767967
job 96_POW_24 end 1785492799884
job 95_POW_36 end 1785492808406
job 99_POW_24 end 1785492814720
  итерация 2: 1806368 ms
  среднее по 3 итерациям: 1786106 ms
=== Выполняется проект: no_po_memory50_cpu50_2.txt (100 работ, базовый прогон oneTBB) ===
job 0_COPY_60 started 1785492814721 core=5
job 15_COPY_84 started 1785492814721 core=0
job 24_SUM_132 started 1785492814721 core=4
job 26_DOT_84 started 1785492814721 core=1
job 0_COPY_60 end 1785492916676
job 21_DOT_84 started 1785492916676 core=5
job 26_DOT_84 end 1785492944898
job 22_SUM_84 started 1785492944899 core=1
job 24_SUM_132 end 1785492944971
job 25_SUM_84 started 1785492944971 core=4
job 15_COPY_84 end 1785492946293
job 33_SUM_132 started 1785492946294 core=0
job 25_SUM_84 end 1785493009163
job 2_SUM_84 started 1785493009163 core=4
job 22_SUM_84 end 1785493021380
job 4_DOT_36 started 1785493021381 core=1
job 21_DOT_84 end 1785493026651
job 11_SUM_108 started 1785493026652 core=5
job 33_SUM_132 end 1785493046451
job 13_SUM_84 started 1785493046451 core=0
job 4_DOT_36 end 1785493068502
job 7_DOT_84 started 1785493068502 core=1
job 2_SUM_84 end 1785493072238
job 8_XPY_48 started 1785493072239 core=4
job 11_SUM_108 end 1785493120834
job 14_XPY_60 started 1785493120834 core=5
job 13_SUM_84 end 1785493123535
job 17_DOT_36 started 1785493123535 core=0
job 8_XPY_48 end 1785493154825
job 18_SUM_84 started 1785493154826 core=4
job 17_DOT_36 end 1785493175119
job 19_DOT_84 started 1785493175119 core=0
job 7_DOT_84 end 1785493186813
job 29_DOT_36 started 1785493186814 core=1
job 18_SUM_84 end 1785493225282
job 3_DOT_36 started 1785493225284 core=4
job 14_XPY_60 end 1785493230973
job 36_XPY_60 started 1785493230973 core=5
job 29_DOT_36 end 1785493251352
job 10_SUM_84 started 1785493251352 core=1
job 3_DOT_36 end 1785493274843
job 6_XPY_48 started 1785493274843 core=4
job 19_DOT_84 end 1785493283435
job 27_XPY_60 started 1785493283435 core=0
job 36_XPY_60 end 1785493325227
job 41_SUM_132 started 1785493325227 core=5
job 10_SUM_84 end 1785493332048
job 9_COPY_84 started 1785493332048 core=1
job 6_XPY_48 end 1785493367801
job 1_COPY_84 started 1785493367802 core=4
job 27_XPY_60 end 1785493399853
job 23_COPY_60 started 1785493399854 core=0
job 41_SUM_132 end 1785493441029
job 54_TGAMMA_12 started 1785493441029 core=5
job 54_TGAMMA_12 end 1785493448165
job 5_COPY_60 started 1785493448166 core=5
job 9_COPY_84 end 1785493450472
job 12_XPY_48 started 1785493450472 core=1
job 23_COPY_60 end 1785493513330
job 20_SUM_108 started 1785493513331 core=0
job 1_COPY_84 end 1785493525498
job 31_COPY_84 started 1785493525498 core=4
job 12_XPY_48 end 1785493535142
job 32_XPY_48 started 1785493535142 core=1
job 5_COPY_60 end 1785493568341
job 39_XPY_48 started 1785493568342 core=5
job 20_SUM_108 end 1785493610488
job 42_DOT_36 started 1785493610488 core=0
job 32_XPY_48 end 1785493627246
job 48_SUM_132 started 1785493627247 core=1
job 31_COPY_84 end 1785493651581
job 50_TGAMMA_12 started 1785493651582 core=4
job 39_XPY_48 end 1785493656082
job 52_TGAMMA_60 started 1785493656082 core=5
job 50_TGAMMA_12 end 1785493658699
job 16_COPY_84 started 1785493658699 core=4
job 42_DOT_36 end 1785493660968
job 72_POW_12 started 1785493660968 core=0
job 52_TGAMMA_60 end 1785493690920
job 28_DOT_84 started 1785493690921 core=5
job 48_SUM_132 end 1785493705590
job 30_COPY_84 started 1785493705590 core=1
job 72_POW_12 end 1785493707130
job 40_XPY_48 started 1785493707130 core=0
job 40_XPY_48 end 1785493797730
job 34_DOT_84 started 1785493797731 core=0
job 28_DOT_84 end 1785493813824
job 43_SUM_108 started 1785493813824 core=5
job 16_COPY_84 end 1785493815795
job 45_COPY_84 started 1785493815795 core=4
job 30_COPY_84 end 1785493840095
job 69_TGAMMA_60 started 1785493840095 core=1
job 69_TGAMMA_60 end 1785493874976
job 51_POW_36 started 1785493874976 core=1
job 43_SUM_108 end 1785493875421
job 59_POW_36 started 1785493875421 core=5
job 34_DOT_84 end 1785493936457
job 66_POW_36 started 1785493936457 core=0
job 45_COPY_84 end 1785493952223
job 67_POW_12 started 1785493952223 core=4
job 51_POW_36 end 1785493970364
job 44_SUM_84 started 1785493970365 core=1
job 59_POW_36 end 1785493970918
job 62_POW_12 started 1785493970919 core=5
job 67_POW_12 end 1785493984208
job 63_TGAMMA_12 started 1785493984208 core=4
job 63_TGAMMA_12 end 1785493991101
job 64_POW_12 started 1785493991101 core=4
job 62_POW_12 end 1785494003652
job 82_TGAMMA_60 started 1785494003653 core=5
job 44_SUM_84 end 1785494015204
job 87_POW_12 started 1785494015204 core=1
job 64_POW_12 end 1785494022556
job 35_XPY_60 started 1785494022556 core=4
job 66_POW_36 end 1785494037983
job 68_TGAMMA_60 started 1785494037983 core=0
job 82_TGAMMA_60 end 1785494038175
job 37_SUM_84 started 1785494038175 core=5
job 87_POW_12 end 1785494042420
job 38_COPY_60 started 1785494042420 core=1
job 68_TGAMMA_60 end 1785494073765
job 88_TGAMMA_12 started 1785494073766 core=0
job 88_TGAMMA_12 end 1785494081015
job 47_SUM_108 started 1785494081015 core=0
job 35_XPY_60 end 1785494094404
job 49_DOT_84 started 1785494094404 core=4
job 37_SUM_84 end 1785494114994
job 55_TGAMMA_12 started 1785494114994 core=5
job 55_TGAMMA_12 end 1785494122279
job 78_TGAMMA_120 started 1785494122279 core=5
job 38_COPY_60 end 1785494131029
job 60_TGAMMA_120 started 1785494131029 core=1
job 47_SUM_108 end 1785494158639
job 70_TGAMMA_12 started 1785494158641 core=0
job 70_TGAMMA_12 end 1785494165647
job 97_TGAMMA_12 started 1785494165647 core=0
job 49_DOT_84 end 1785494168499
job 46_COPY_60 started 1785494168499 core=4
job 97_TGAMMA_12 end 1785494172615
job 53_TGAMMA_60 started 1785494172615 core=0
job 78_TGAMMA_120 end 1785494191299
job 57_POW_12 started 1785494191299 core=5
job 60_TGAMMA_120 end 1785494199479
job 79_TGAMMA_12 started 1785494199479 core=1
job 79_TGAMMA_12 end 1785494206329
job 74_TGAMMA_12 started 1785494206329 core=1
job 53_TGAMMA_60 end 1785494207308
job 76_POW_24 started 1785494207308 core=0
job 46_COPY_60 end 1785494211558
job 86_POW_12 started 1785494211558 core=4
job 74_TGAMMA_12 end 1785494213192
job 93_TGAMMA_12 started 1785494213192 core=1
job 57_POW_12 end 1785494217500
job 96_TGAMMA_12 started 1785494217500 core=5
job 93_TGAMMA_12 end 1785494220024
job 90_TGAMMA_60 started 1785494220024 core=1
job 96_TGAMMA_12 end 1785494224291
job 91_POW_36 started 1785494224291 core=5
job 86_POW_12 end 1785494237975
job 98_TGAMMA_12 started 1785494237975 core=4
job 98_TGAMMA_12 end 1785494244775
job 92_POW_36 started 1785494244775 core=4
job 90_TGAMMA_60 end 1785494254205
job 56_POW_36 started 1785494254205 core=1
job 76_POW_24 end 1785494262549
job 95_TGAMMA_12 started 1785494262549 core=0
job 95_TGAMMA_12 end 1785494269415
job 58_POW_12 started 1785494269415 core=0
job 58_POW_12 end 1785494300545
job 71_POW_36 started 1785494300545 core=0
job 91_POW_36 end 1785494310539
job 61_POW_36 started 1785494310539 core=5
job 92_POW_36 end 1785494335227
job 65_POW_36 started 1785494335227 core=4
job 56_POW_36 end 1785494346152
job 73_POW_36 started 1785494346152 core=1
job 71_POW_36 end 1785494393996
job 84_TGAMMA_60 started 1785494393996 core=0
job 61_POW_36 end 1785494402441
job 75_POW_12 started 1785494402441 core=5
job 65_POW_36 end 1785494423139
job 77_POW_12 started 1785494423139 core=4
job 84_TGAMMA_60 end 1785494428371
job 99_TGAMMA_60 started 1785494428371 core=0
job 75_POW_12 end 1785494429277
job 83_TGAMMA_60 started 1785494429277 core=5
job 73_POW_36 end 1785494432926
job 89_TGAMMA_120 started 1785494432926 core=1
job 77_POW_12 end 1785494448115
job 80_POW_12 started 1785494448115 core=4
job 99_TGAMMA_60 end 1785494462292
job 81_POW_36 started 1785494462292 core=0
job 83_TGAMMA_60 end 1785494463131
job 85_TGAMMA_120 started 1785494463131 core=5
job 80_POW_12 end 1785494472837
job 94_TGAMMA_120 started 1785494472837 core=4
job 89_TGAMMA_120 end 1785494500560
job 85_TGAMMA_120 end 1785494530719
job 81_POW_36 end 1785494535360
job 94_TGAMMA_120 end 1785494540320
  итерация 0: 1725599 ms
job 6_XPY_48 started 1785494540321 core=0
job 10_SUM_84 started 1785494540321 core=5
job 1_COPY_84 started 1785494540321 core=4
job 16_COPY_84 started 1785494540321 core=1
job 10_SUM_84 end 1785494616546
job 0_COPY_60 started 1785494616546 core=5
job 6_XPY_48 end 1785494628166
job 36_XPY_60 started 1785494628166 core=0
job 16_COPY_84 end 1785494672763
job 13_SUM_84 started 1785494672764 core=1
job 1_COPY_84 end 1785494710686
job 25_SUM_84 started 1785494710687 core=4
job 0_COPY_60 end 1785494715132
job 23_COPY_60 started 1785494715132 core=5
job 36_XPY_60 end 1785494731880
job 35_XPY_60 started 1785494731881 core=0
job 13_SUM_84 end 1785494748897
job 26_DOT_84 started 1785494748898 core=1
job 25_SUM_84 end 1785494793663
job 27_XPY_60 started 1785494793664 core=4
job 23_COPY_60 end 1785494813103
job 2_SUM_84 started 1785494813103 core=5
job 35_XPY_60 end 1785494831963
job 30_COPY_84 started 1785494831963 core=0
job 26_DOT_84 end 1785494861536
job 12_XPY_48 started 1785494861536 core=1
job 2_SUM_84 end 1785494881333
job 32_XPY_48 started 1785494881333 core=5
job 27_XPY_60 end 1785494910484
job 15_COPY_84 started 1785494910484 core=4
job 12_XPY_48 end 1785494944426
job 34_DOT_84 started 1785494944426 core=1
job 32_XPY_48 end 1785494966826
job 5_COPY_60 started 1785494966826 core=5
job 30_COPY_84 end 1785495001885
job 19_DOT_84 started 1785495001886 core=0
job 15_COPY_84 end 1785495064826
job 46_COPY_60 started 1785495064827 core=4
job 5_COPY_60 end 1785495067224
job 3_DOT_36 started 1785495067224 core=5
job 34_DOT_84 end 1785495075614
job 11_SUM_108 started 1785495075614 core=1
job 3_DOT_36 end 1785495111144
job 7_DOT_84 started 1785495111145 core=5
job 19_DOT_84 end 1785495143505
job 48_SUM_132 started 1785495143506 core=0
job 11_SUM_108 end 1785495166146
job 4_DOT_36 started 1785495166146 core=1
job 46_COPY_60 end 1785495176206
job 29_DOT_36 started 1785495176206 core=4
job 4_DOT_36 end 1785495219654
job 8_XPY_48 started 1785495219654 core=1
job 7_DOT_84 end 1785495221084
job 58_POW_12 started 1785495221084 core=5
job 29_DOT_36 end 1785495222169
job 14_XPY_60 started 1785495222169 core=4
job 58_POW_12 end 1785495266319
job 45_COPY_84 started 1785495266320 core=5
job 48_SUM_132 end 1785495271027
job 38_COPY_60 started 1785495271027 core=0
job 8_XPY_48 end 1785495297479
job 62_POW_12 started 1785495297480 core=1
job 14_XPY_60 end 1785495315220
job 9_COPY_84 started 1785495315220 core=4
job 62_POW_12 end 1785495339158
job 50_TGAMMA_12 started 1785495339158 core=1
job 50_TGAMMA_12 end 1785495346301
job 33_SUM_132 started 1785495346301 core=1
job 38_COPY_60 end 1785495387231
job 28_DOT_84 started 1785495387231 core=0
job 45_COPY_84 end 1785495392179
job 43_SUM_108 started 1785495392179 core=5
job 33_SUM_132 end 1785495448733
job 21_DOT_84 started 1785495448734 core=1
job 43_SUM_108 end 1785495470597
job 22_SUM_84 started 1785495470597 core=5
job 9_COPY_84 end 1785495474177
job 77_POW_12 started 1785495474177 core=4
job 28_DOT_84 end 1785495518372
job 17_DOT_36 started 1785495518372 core=0
job 77_POW_12 end 1785495518650
job 64_POW_12 started 1785495518650 core=4
job 22_SUM_84 end 1785495544113
job 51_POW_36 started 1785495544113 core=5
job 21_DOT_84 end 1785495551146
job 55_TGAMMA_12 started 1785495551147 core=1
job 55_TGAMMA_12 end 1785495558060
job 47_SUM_108 started 1785495558060 core=1
job 64_POW_12 end 1785495560198
job 52_TGAMMA_60 started 1785495560198 core=4
job 17_DOT_36 end 1785495560608
job 80_POW_12 started 1785495560608 core=0
job 80_POW_12 end 1785495587751
job 73_POW_36 started 1785495587751 core=0
job 52_TGAMMA_60 end 1785495594730
job 37_SUM_84 started 1785495594731 core=4
job 47_SUM_108 end 1785495619227
job 40_XPY_48 started 1785495619227 core=1
job 37_SUM_84 end 1785495647013
job 56_POW_36 started 1785495647015 core=4
job 51_POW_36 end 1785495654367
job 49_DOT_84 started 1785495654367 core=5
job 73_POW_36 end 1785495686502
job 57_POW_12 started 1785495686503 core=0
job 40_XPY_48 end 1785495693556
job 18_SUM_84 started 1785495693557 core=1
job 57_POW_12 end 1785495721393
job 39_XPY_48 started 1785495721393 core=0
job 56_POW_36 end 1785495759805
job 53_TGAMMA_60 started 1785495759805 core=4
job 18_SUM_84 end 1785495761078
job 84_TGAMMA_60 started 1785495761079 core=1
job 49_DOT_84 end 1785495761448
job 44_SUM_84 started 1785495761448 core=5
job 39_XPY_48 end 1785495790345
job 72_POW_12 started 1785495790345 core=0
job 53_TGAMMA_60 end 1785495795237
job 65_POW_36 started 1785495795237 core=4
job 44_SUM_84 end 1785495795439
job 20_SUM_108 started 1785495795439 core=5
job 84_TGAMMA_60 end 1785495795899
job 74_TGAMMA_12 started 1785495795900 core=1
job 74_TGAMMA_12 end 1785495802924
job 66_POW_36 started 1785495802924 core=1
job 72_POW_12 end 1785495822549
job 60_TGAMMA_120 started 1785495822549 core=0
job 20_SUM_108 end 1785495852573
job 98_TGAMMA_12 started 1785495852573 core=5
job 98_TGAMMA_12 end 1785495859362
job 94_TGAMMA_120 started 1785495859362 core=5
job 65_POW_36 end 1785495879332
job 24_SUM_132 started 1785495879332 core=4
job 66_POW_36 end 1785495888677
job 41_SUM_132 started 1785495888677 core=1
job 60_TGAMMA_120 end 1785495891401
job 79_TGAMMA_12 started 1785495891402 core=0
job 79_TGAMMA_12 end 1785495898473
job 31_COPY_84 started 1785495898473 core=0
job 94_TGAMMA_120 end 1785495928496
job 68_TGAMMA_60 started 1785495928496 core=5
job 41_SUM_132 end 1785495945984
job 83_TGAMMA_60 started 1785495945984 core=1
job 68_TGAMMA_60 end 1785495963078
job 42_DOT_36 started 1785495963078 core=5
job 24_SUM_132 end 1785495967054
job 96_TGAMMA_12 started 1785495967055 core=4
job 96_TGAMMA_12 end 1785495974282
job 70_TGAMMA_12 started 1785495974282 core=4
job 83_TGAMMA_60 end 1785495980465
job 75_POW_12 started 1785495980465 core=1
job 70_TGAMMA_12 end 1785495981498
job 61_POW_36 started 1785495981498 core=4
job 42_DOT_36 end 1785495996065
job 86_POW_12 started 1785495996065 core=5
job 31_COPY_84 end 1785496013485
job 99_TGAMMA_60 started 1785496013485 core=0
job 75_POW_12 end 1785496014047
job 81_POW_36 started 1785496014047 core=1
job 86_POW_12 end 1785496025273
job 78_TGAMMA_120 started 1785496025273 core=5
job 99_TGAMMA_60 end 1785496047673
job 76_POW_24 started 1785496047674 core=0
job 61_POW_36 end 1785496072961
job 91_POW_36 started 1785496072961 core=4
job 81_POW_36 end 1785496091848
job 54_TGAMMA_12 started 1785496091848 core=1
job 78_TGAMMA_120 end 1785496093613
job 87_POW_12 started 1785496093613 core=5
job 54_TGAMMA_12 end 1785496098680
job 63_TGAMMA_12 started 1785496098680 core=1
job 76_POW_24 end 1785496101457
job 69_TGAMMA_60 started 1785496101457 core=0
job 63_TGAMMA_12 end 1785496105496
job 92_POW_36 started 1785496105496 core=1
job 87_POW_12 end 1785496120087
job 59_POW_36 started 1785496120087 core=5
job 69_TGAMMA_60 end 1785496135770
job 97_TGAMMA_12 started 1785496135771 core=0
job 97_TGAMMA_12 end 1785496142656
job 88_TGAMMA_12 started 1785496142656 core=0
job 88_TGAMMA_12 end 1785496149534
job 67_POW_12 started 1785496149535 core=0
job 91_POW_36 end 1785496152441
job 90_TGAMMA_60 started 1785496152441 core=4
job 67_POW_12 end 1785496176300
job 71_POW_36 started 1785496176301 core=0
job 92_POW_36 end 1785496186285
job 95_TGAMMA_12 started 1785496186285 core=1
job 90_TGAMMA_60 end 1785496186717
job 82_TGAMMA_60 started 1785496186717 core=4
job 95_TGAMMA_12 end 1785496193077
job 89_TGAMMA_120 started 1785496193077 core=1
job 59_POW_36 end 1785496199930
job 85_TGAMMA_120 started 1785496199930 core=5
job 82_TGAMMA_60 end 1785496220588
job 93_TGAMMA_12 started 1785496220588 core=4
job 93_TGAMMA_12 end 1785496227346
job 71_POW_36 end 1785496250588
job 89_TGAMMA_120 end 1785496260678
job 85_TGAMMA_120 end 1785496267457
  итерация 1: 1727136 ms
job 0_COPY_60 started 1785496267457 core=5
job 32_XPY_48 started 1785496267457 core=0
job 2_SUM_84 started 1785496267457 core=1
job 3_DOT_36 started 1785496267457 core=4
job 3_DOT_36 end 1785496324936
job 9_COPY_84 started 1785496324937 core=4
job 2_SUM_84 end 1785496348757
job 7_DOT_84 started 1785496348758 core=1
job 32_XPY_48 end 1785496350569
job 11_SUM_108 started 1785496350569 core=0
job 0_COPY_60 end 1785496357522
job 6_XPY_48 started 1785496357522 core=5
job 6_XPY_48 end 1785496439457
job 4_DOT_36 started 1785496439457 core=5
job 11_SUM_108 end 1785496458116
job 1_COPY_84 started 1785496458116 core=0
job 9_COPY_84 end 1785496462781
job 17_DOT_36 started 1785496462782 core=4
job 7_DOT_84 end 1785496476399
job 5_COPY_60 started 1785496476400 core=1
job 4_DOT_36 end 1785496490622
job 10_SUM_84 started 1785496490622 core=5
job 17_DOT_36 end 1785496521694
job 12_XPY_48 started 1785496521694 core=4
job 10_SUM_84 end 1785496565604
job 62_POW_12 started 1785496565605 core=5
job 5_COPY_60 end 1785496568850
job 19_DOT_84 started 1785496568850 core=1
job 62_POW_12 end 1785496603433
job 16_COPY_84 started 1785496603433 core=5
job 12_XPY_48 end 1785496612536
job 34_DOT_84 started 1785496612536 core=4
job 1_COPY_84 end 1785496623205
job 21_DOT_84 started 1785496623205 core=0
job 19_DOT_84 end 1785496693103
job 20_SUM_108 started 1785496693104 core=1
job 34_DOT_84 end 1785496730098
job 13_SUM_84 started 1785496730098 core=4
job 21_DOT_84 end 1785496738317
job 30_COPY_84 started 1785496738317 core=0
job 16_COPY_84 end 1785496753133
job 37_SUM_84 started 1785496753134 core=5
job 20_SUM_108 end 1785496786119
job 15_COPY_84 started 1785496786119 core=1
job 13_SUM_84 end 1785496807534
job 8_XPY_48 started 1785496807535 core=4
job 37_SUM_84 end 1785496820007
job 43_SUM_108 started 1785496820007 core=5
job 30_COPY_84 end 1785496895037
job 18_SUM_84 started 1785496895037 core=0
job 8_XPY_48 end 1785496895969
job 23_COPY_60 started 1785496895969 core=4
job 15_COPY_84 end 1785496907094
job 90_TGAMMA_60 started 1785496907094 core=1
job 43_SUM_108 end 1785496913179
job 14_XPY_60 started 1785496913179 core=5
job 90_TGAMMA_60 end 1785496942564
job 25_SUM_84 started 1785496942564 core=1
job 18_SUM_84 end 1785496975261
job 92_POW_36 started 1785496975261 core=0
job 23_COPY_60 end 1785496983671
job 31_COPY_84 started 1785496983672 core=4
job 14_XPY_60 end 1785496993362
job 24_SUM_132 started 1785496993362 core=5
job 25_SUM_84 end 1785497014449
job 45_COPY_84 started 1785497014449 core=1
job 24_SUM_132 end 1785497104910
job 36_XPY_60 started 1785497104913 core=5
job 92_POW_36 end 1785497109285
job 40_XPY_48 started 1785497109285 core=0
job 31_COPY_84 end 1785497113899
job 28_DOT_84 started 1785497113899 core=4
job 45_COPY_84 end 1785497149990
job 49_DOT_84 started 1785497149991 core=1
job 40_XPY_48 end 1785497189488
job 46_COPY_60 started 1785497189488 core=0
job 36_XPY_60 end 1785497211626
job 35_XPY_60 started 1785497211626 core=5
job 28_DOT_84 end 1785497247490
job 42_DOT_36 started 1785497247491 core=4
job 49_DOT_84 end 1785497286318
job 22_SUM_84 started 1785497286318 core=1
job 46_COPY_60 end 1785497293279
job 50_TGAMMA_12 started 1785497293279 core=0
job 42_DOT_36 end 1785497299701
job 56_POW_36 started 1785497299701 core=4
job 50_TGAMMA_12 end 1785497300370
job 29_DOT_36 started 1785497300371 core=0
job 35_XPY_60 end 1785497312407
job 57_POW_12 started 1785497312408 core=5
job 29_DOT_36 end 1785497342137
job 26_DOT_84 started 1785497342137 core=0
job 57_POW_12 end 1785497348601
job 63_TGAMMA_12 started 1785497348601 core=5
job 22_SUM_84 end 1785497350126
job 27_XPY_60 started 1785497350126 core=1
job 63_TGAMMA_12 end 1785497355804
job 51_POW_36 started 1785497355805 core=5
job 56_POW_36 end 1785497417375
job 58_POW_12 started 1785497417375 core=4
job 26_DOT_84 end 1785497434065
job 39_XPY_48 started 1785497434065 core=0
job 27_XPY_60 end 1785497440976
job 44_SUM_84 started 1785497440977 core=1
job 58_POW_12 end 1785497461692
job 41_SUM_132 started 1785497461692 core=4
job 51_POW_36 end 1785497486791
job 60_TGAMMA_120 started 1785497486791 core=5
job 44_SUM_84 end 1785497490819
job 52_TGAMMA_60 started 1785497490819 core=1
job 39_XPY_48 end 1785497501107
job 54_TGAMMA_12 started 1785497501107 core=0
job 54_TGAMMA_12 end 1785497507970
job 65_POW_36 started 1785497507971 core=0
job 52_TGAMMA_60 end 1785497524963
job 81_POW_36 started 1785497524963 core=1
job 41_SUM_132 end 1785497533022
job 33_SUM_132 started 1785497533023 core=4
job 60_TGAMMA_120 end 1785497555599
job 38_COPY_60 started 1785497555599 core=5
job 65_POW_36 end 1785497600674
job 66_POW_36 started 1785497600674 core=0
job 33_SUM_132 end 1785497608179
job 48_SUM_132 started 1785497608179 core=4
job 81_POW_36 end 1785497642066
job 74_TGAMMA_12 started 1785497642066 core=1
job 74_TGAMMA_12 end 1785497649228
job 59_POW_36 started 1785497649228 core=1
job 38_COPY_60 end 1785497650365
job 73_POW_36 started 1785497650365 core=5
job 48_SUM_132 end 1785497687471
job 64_POW_12 started 1785497687471 core=4
job 66_POW_36 end 1785497699364
job 67_POW_12 started 1785497699365 core=0
job 64_POW_12 end 1785497718571
job 85_TGAMMA_120 started 1785497718571 core=4
job 67_POW_12 end 1785497728708
job 70_TGAMMA_12 started 1785497728708 core=0
job 70_TGAMMA_12 end 1785497735497
job 47_SUM_108 started 1785497735497 core=0
job 59_POW_36 end 1785497742848
job 71_POW_36 started 1785497742848 core=1
job 73_POW_36 end 1785497743727
job 68_TGAMMA_60 started 1785497743727 core=5
job 47_SUM_108 end 1785497775532
job 75_POW_12 started 1785497775533 core=0
job 68_TGAMMA_60 end 1785497778184
job 94_TGAMMA_120 started 1785497778184 core=5
job 85_TGAMMA_120 end 1785497787402
job 76_POW_24 started 1785497787402 core=4
job 75_POW_12 end 1785497801628
job 72_POW_12 started 1785497801628 core=0
job 71_POW_36 end 1785497822231
job 53_TGAMMA_60 started 1785497822232 core=1
job 72_POW_12 end 1785497828110
job 95_TGAMMA_12 started 1785497828110 core=0
job 95_TGAMMA_12 end 1785497834878
job 87_POW_12 started 1785497834878 core=0
job 76_POW_24 end 1785497839709
job 80_POW_12 started 1785497839709 core=4
job 94_TGAMMA_120 end 1785497846430
job 93_TGAMMA_12 started 1785497846430 core=5
job 93_TGAMMA_12 end 1785497853212
job 86_POW_12 started 1785497853213 core=5
job 53_TGAMMA_60 end 1785497856227
job 79_TGAMMA_12 started 1785497856227 core=1
job 87_POW_12 end 1785497860541
job 99_TGAMMA_60 started 1785497860541 core=0
job 79_TGAMMA_12 end 1785497863071
job 78_TGAMMA_120 started 1785497863071 core=1
job 80_POW_12 end 1785497865314
job 89_TGAMMA_120 started 1785497865314 core=4
job 86_POW_12 end 1785497878304
job 91_POW_36 started 1785497878304 core=5
job 99_TGAMMA_60 end 1785497894432
job 96_TGAMMA_12 started 1785497894432 core=0
job 96_TGAMMA_12 end 1785497901191
job 55_TGAMMA_12 started 1785497901191 core=0
job 55_TGAMMA_12 end 1785497907961
job 82_TGAMMA_60 started 1785497907962 core=0
job 78_TGAMMA_120 end 1785497930803
job 98_TGAMMA_12 started 1785497930803 core=1
job 89_TGAMMA_120 end 1785497932935
job 61_POW_36 started 1785497932935 core=4
job 98_TGAMMA_12 end 1785497937599
job 97_TGAMMA_12 started 1785497937599 core=1
job 82_TGAMMA_60 end 1785497941866
job 84_TGAMMA_60 started 1785497941867 core=0
job 97_TGAMMA_12 end 1785497944406
job 69_TGAMMA_60 started 1785497944406 core=1
job 91_POW_36 end 1785497951889
job 77_POW_12 started 1785497951889 core=5
job 84_TGAMMA_60 end 1785497975884
job 83_TGAMMA_60 started 1785497975884 core=0
job 77_POW_12 end 1785497976940
job 88_TGAMMA_12 started 1785497976940 core=5
job 69_TGAMMA_60 end 1785497978407
job 88_TGAMMA_12 end 1785497983681
job 61_POW_36 end 1785498006837
job 83_TGAMMA_60 end 1785498009677
  итерация 2: 1742220 ms
  среднее по 3 итерациям: 1731652 ms
=== Выполняется проект: no_po_memory50_cpu50_3.txt (100 работ, базовый прогон oneTBB) ===
job 1_SUM_84 started 1785498009678 core=0
job 13_XPY_60 started 1785498009678 core=5
job 2_SUM_108 started 1785498009678 core=4
job 29_SUM_132 started 1785498009678 core=1
job 1_SUM_84 end 1785498067232
job 31_COPY_60 started 1785498067249 core=0
job 2_SUM_108 end 1785498089602
job 0_SUM_84 started 1785498089602 core=4
job 13_XPY_60 end 1785498104579
job 39_COPY_60 started 1785498104579 core=5
job 29_SUM_132 end 1785498145382
job 40_COPY_84 started 1785498145382 core=1
job 31_COPY_60 end 1785498157442
job 8_XPY_48 started 1785498157442 core=0
job 0_SUM_84 end 1785498168085
job 12_SUM_132 started 1785498168086 core=4
job 39_COPY_60 end 1785498208477
job 25_DOT_36 started 1785498208477 core=5
job 8_XPY_48 end 1785498226137
job 4_DOT_84 started 1785498226137 core=0
job 25_DOT_36 end 1785498271051
job 14_XPY_48 started 1785498271051 core=5
job 12_SUM_132 end 1785498285167
job 5_SUM_108 started 1785498285167 core=4
job 40_COPY_84 end 1785498312133
job 28_COPY_84 started 1785498312134 core=1
job 4_DOT_84 end 1785498321975
job 18_COPY_60 started 1785498321975 core=0
job 14_XPY_48 end 1785498365450
job 19_XPY_60 started 1785498365451 core=5
job 5_SUM_108 end 1785498378494
job 3_SUM_84 started 1785498378494 core=4
job 18_COPY_60 end 1785498406900
job 7_SUM_132 started 1785498406901 core=0
job 3_SUM_84 end 1785498441793
job 10_COPY_60 started 1785498441793 core=4
job 19_XPY_60 end 1785498480266
job 9_XPY_48 started 1785498480267 core=5
job 28_COPY_84 end 1785498491263
job 16_DOT_36 started 1785498491263 core=1
job 7_SUM_132 end 1785498515872
job 6_COPY_60 started 1785498515872 core=0
job 10_COPY_60 end 1785498532421
job 30_XPY_48 started 1785498532421 core=4
job 16_DOT_36 end 1785498549335
job 36_DOT_84 started 1785498549336 core=1
job 9_XPY_48 end 1785498558787
job 22_COPY_60 started 1785498558787 core=5
job 30_XPY_48 end 1785498622447
job 41_COPY_84 started 1785498622447 core=4
job 6_COPY_60 end 1785498639788
job 24_SUM_108 started 1785498639789 core=0
job 22_COPY_60 end 1785498656322
job 27_SUM_132 started 1785498656322 core=5
job 36_DOT_84 end 1785498672909
job 11_DOT_36 started 1785498672911 core=1
job 11_DOT_36 end 1785498714709
job 34_SUM_84 started 1785498714709 core=1
job 24_SUM_108 end 1785498756236
job 32_SUM_132 started 1785498756236 core=0
job 27_SUM_132 end 1785498756851
job 37_SUM_108 started 1785498756851 core=5
job 41_COPY_84 end 1785498764969
job 38_DOT_36 started 1785498764969 core=4
job 34_SUM_84 end 1785498772531
job 35_SUM_132 started 1785498772531 core=1
job 38_DOT_36 end 1785498810971
job 20_XPY_48 started 1785498810972 core=4
job 37_SUM_108 end 1785498835171
job 55_TGAMMA_120 started 1785498835171 core=5
job 35_SUM_132 end 1785498855237
job 46_XPY_48 started 1785498855237 core=1
job 32_SUM_132 end 1785498880812
job 71_TGAMMA_60 started 1785498880812 core=0
job 20_XPY_48 end 1785498884662
job 48_DOT_36 started 1785498884662 core=4
job 55_TGAMMA_120 end 1785498906356
job 56_TGAMMA_60 started 1785498906356 core=5
job 46_XPY_48 end 1785498912869
job 73_TGAMMA_12 started 1785498912869 core=1
job 48_DOT_36 end 1785498913388
job 15_DOT_36 started 1785498913388 core=4
job 71_TGAMMA_60 end 1785498915807
job 66_TGAMMA_60 started 1785498915807 core=0
job 73_TGAMMA_12 end 1785498919678
job 91_TGAMMA_12 started 1785498919678 core=1
job 91_TGAMMA_12 end 1785498926492
job 21_COPY_60 started 1785498926492 core=1
job 15_DOT_36 end 1785498936386
job 43_SUM_84 started 1785498936386 core=4
job 56_TGAMMA_60 end 1785498941575
job 23_DOT_84 started 1785498941576 core=5
job 66_TGAMMA_60 end 1785498950550
job 26_COPY_84 started 1785498950550 core=0
job 43_SUM_84 end 1785498999397
job 42_SUM_84 started 1785498999398 core=4
job 21_COPY_60 end 1785499022296
job 53_TGAMMA_120 started 1785499022297 core=1
job 23_DOT_84 end 1785499050722
job 61_TGAMMA_12 started 1785499050722 core=5
job 61_TGAMMA_12 end 1785499057538
job 17_XPY_48 started 1785499057538 core=5
job 26_COPY_84 end 1785499074327
job 62_POW_36 started 1785499074328 core=0
job 42_SUM_84 end 1785499075762
job 49_COPY_60 started 1785499075762 core=4
job 53_TGAMMA_120 end 1785499092622
job 33_DOT_36 started 1785499092622 core=1
job 17_XPY_48 end 1785499120037
job 47_COPY_60 started 1785499120037 core=5
job 33_DOT_36 end 1785499149291
job 65_POW_12 started 1785499149292 core=1
job 49_COPY_60 end 1785499165220
job 76_TGAMMA_60 started 1785499165220 core=4
job 65_POW_12 end 1785499188717
job 45_COPY_60 started 1785499188718 core=1
job 62_POW_36 end 1785499189443
job 60_TGAMMA_12 started 1785499189443 core=0
job 60_TGAMMA_12 end 1785499196267
job 81_TGAMMA_120 started 1785499196267 core=0
job 47_COPY_60 end 1785499199279
job 51_POW_12 started 1785499199279 core=5
job 76_TGAMMA_60 end 1785499199483
job 96_TGAMMA_12 started 1785499199483 core=4
job 96_TGAMMA_12 end 1785499206291
job 44_COPY_60 started 1785499206292 core=4
job 51_POW_12 end 1785499238477
job 50_POW_12 started 1785499238478 core=5
job 45_COPY_60 end 1785499265635
job 52_TGAMMA_12 started 1785499265637 core=1
job 81_TGAMMA_120 end 1785499266418
job 69_POW_24 started 1785499266418 core=0
job 52_TGAMMA_12 end 1785499272499
job 85_TGAMMA_120 started 1785499272499 core=1
job 44_COPY_60 end 1785499272690
job 63_TGAMMA_60 started 1785499272690 core=4
job 50_POW_12 end 1785499274789
job 89_TGAMMA_60 started 1785499274789 core=5
job 63_TGAMMA_60 end 1785499306524
job 64_TGAMMA_60 started 1785499306524 core=4
job 89_TGAMMA_60 end 1785499308633
job 97_POW_36 started 1785499308633 core=5
job 69_POW_24 end 1785499317754
job 72_TGAMMA_60 started 1785499317754 core=0
job 85_TGAMMA_120 end 1785499340312
job 54_TGAMMA_60 started 1785499340312 core=1
job 64_TGAMMA_60 end 1785499340374
job 70_POW_12 started 1785499340374 core=4
job 72_TGAMMA_60 end 1785499351660
job 94_POW_12 started 1785499351660 core=0
job 70_POW_12 end 1785499366398
job 77_POW_24 started 1785499366398 core=4
job 54_TGAMMA_60 end 1785499374488
job 67_TGAMMA_12 started 1785499374488 core=1
job 94_POW_12 end 1785499378555
job 57_POW_12 started 1785499378556 core=0
job 67_TGAMMA_12 end 1785499381340
job 68_TGAMMA_12 started 1785499381340 core=1
job 97_POW_36 end 1785499384566
job 58_POW_36 started 1785499384566 core=5
job 68_TGAMMA_12 end 1785499388213
job 74_TGAMMA_12 started 1785499388214 core=1
job 74_TGAMMA_12 end 1785499395074
job 92_POW_36 started 1785499395075 core=1
job 57_POW_12 end 1785499406970
job 75_POW_12 started 1785499406970 core=0
job 77_POW_24 end 1785499423931
job 59_POW_12 started 1785499423931 core=4
job 75_POW_12 end 1785499438131
job 78_POW_36 started 1785499438132 core=0
job 59_POW_12 end 1785499455103
job 80_POW_12 started 1785499455103 core=4
job 58_POW_36 end 1785499475898
job 82_POW_36 started 1785499475898 core=5
job 80_POW_12 end 1785499486088
job 83_POW_12 started 1785499486089 core=4
job 92_POW_36 end 1785499488288
job 79_TGAMMA_120 started 1785499488288 core=1
job 83_POW_12 end 1785499513253
job 86_POW_24 started 1785499513253 core=4
job 78_POW_36 end 1785499525825
job 87_POW_36 started 1785499525825 core=0
job 82_POW_36 end 1785499556683
job 98_POW_24 started 1785499556683 core=5
job 79_TGAMMA_120 end 1785499556999
job 84_TGAMMA_12 started 1785499556999 core=1
job 84_TGAMMA_12 end 1785499563869
job 90_TGAMMA_12 started 1785499563869 core=1
job 86_POW_24 end 1785499567016
job 95_TGAMMA_120 started 1785499567016 core=4
job 90_TGAMMA_12 end 1785499570703
job 88_POW_24 started 1785499570703 core=1
job 87_POW_36 end 1785499605372
job 93_POW_24 started 1785499605372 core=0
job 98_POW_24 end 1785499609975
job 99_POW_24 started 1785499609975 core=5
job 88_POW_24 end 1785499624402
job 95_TGAMMA_120 end 1785499635344
job 93_POW_24 end 1785499655795
job 99_POW_24 end 1785499660264
  итерация 0: 1650586 ms
job 0_SUM_84 started 1785499660264 core=5
job 1_SUM_84 started 1785499660264 core=0
job 7_SUM_132 started 1785499660264 core=4
job 16_DOT_36 started 1785499660264 core=1
job 16_DOT_36 end 1785499706330
job 5_SUM_108 started 1785499706330 core=1
job 1_SUM_84 end 1785499723901
job 20_XPY_48 started 1785499723918 core=0
job 0_SUM_84 end 1785499731106
job 8_XPY_48 started 1785499731107 core=5
job 7_SUM_132 end 1785499771540
job 9_XPY_48 started 1785499771540 core=4
job 5_SUM_108 end 1785499799456
job 23_DOT_84 started 1785499799456 core=1
job 8_XPY_48 end 1785499802723
job 28_COPY_84 started 1785499802723 core=5
job 20_XPY_48 end 1785499803581
job 3_SUM_84 started 1785499803581 core=0
job 9_XPY_48 end 1785499853152
job 36_DOT_84 started 1785499853153 core=4
job 3_SUM_84 end 1785499879735
job 33_DOT_36 started 1785499879735 core=0
job 33_DOT_36 end 1785499929868
job 2_SUM_108 started 1785499929869 core=0
job 23_DOT_84 end 1785499943186
job 27_SUM_132 started 1785499943186 core=1
job 28_COPY_84 end 1785499955569
job 37_SUM_108 started 1785499955570 core=5
job 36_DOT_84 end 1785499959852
job 65_POW_12 started 1785499959852 core=4
job 65_POW_12 end 1785499997793
job 40_COPY_84 started 1785499997794 core=4
job 2_SUM_108 end 1785500016697
job 6_COPY_60 started 1785500016697 core=0
job 37_SUM_108 end 1785500030590
job 58_POW_36 started 1785500030591 core=5
job 27_SUM_132 end 1785500038278
job 77_POW_24 started 1785500038278 core=1
job 77_POW_24 end 1785500099010
job 4_DOT_84 started 1785500099010 core=1
job 58_POW_36 end 1785500127664
job 22_COPY_60 started 1785500127664 core=5
job 6_COPY_60 end 1785500135684
job 11_DOT_36 started 1785500135684 core=0
job 40_COPY_84 end 1785500157404
job 30_XPY_48 started 1785500157404 core=4
job 11_DOT_36 end 1785500194351
job 17_XPY_48 started 1785500194352 core=0
job 4_DOT_84 end 1785500218306
job 12_SUM_132 started 1785500218306 core=1
job 22_COPY_60 end 1785500227321
job 21_COPY_60 started 1785500227321 core=5
job 30_XPY_48 end 1785500246282
job 35_SUM_132 started 1785500246282 core=4
job 17_XPY_48 end 1785500280113
job 10_COPY_60 started 1785500280114 core=0
job 21_COPY_60 end 1785500316693
job 15_DOT_36 started 1785500316693 core=5
job 12_SUM_132 end 1785500338655
job 24_SUM_108 started 1785500338656 core=1
job 15_DOT_36 end 1785500358720
job 26_COPY_84 started 1785500358720 core=5
job 10_COPY_60 end 1785500374000
job 38_DOT_36 started 1785500374001 core=0
job 35_SUM_132 end 1785500377790
job 32_SUM_132 started 1785500377790 core=4
job 38_DOT_36 end 1785500416163
job 71_TGAMMA_60 started 1785500416164 core=0
job 24_SUM_108 end 1785500444177
job 29_SUM_132 started 1785500444178 core=1
job 71_TGAMMA_60 end 1785500451124
job 88_POW_24 started 1785500451125 core=0
job 32_SUM_132 end 1785500453989
job 39_COPY_60 started 1785500453989 core=4
job 26_COPY_84 end 1785500489134
job 13_XPY_60 started 1785500489135 core=5
job 88_POW_24 end 1785500538465
job 41_COPY_84 started 1785500538465 core=0
job 39_COPY_60 end 1785500546662
job 14_XPY_48 started 1785500546663 core=4
job 29_SUM_132 end 1785500568062
job 18_COPY_60 started 1785500568063 core=1
job 13_XPY_60 end 1785500574816
job 44_COPY_60 started 1785500574816 core=5
job 14_XPY_48 end 1785500635380
job 51_POW_12 started 1785500635380 core=4
job 51_POW_12 end 1785500677096
job 98_POW_24 started 1785500677096 core=4
job 18_COPY_60 end 1785500679668
job 53_TGAMMA_120 started 1785500679669 core=1
job 41_COPY_84 end 1785500683025
job 47_COPY_60 started 1785500683025 core=0
job 44_COPY_60 end 1785500683635
job 43_SUM_84 started 1785500683636 core=5
job 43_SUM_84 end 1785500718632
job 52_TGAMMA_12 started 1785500718632 core=5
job 52_TGAMMA_12 end 1785500725442
job 34_SUM_84 started 1785500725442 core=5
job 53_TGAMMA_120 end 1785500749239
job 49_COPY_60 started 1785500749240 core=1
job 98_POW_24 end 1785500764125
job 54_TGAMMA_60 started 1785500764126 core=4
job 47_COPY_60 end 1785500767096
job 46_XPY_48 started 1785500767096 core=0
job 34_SUM_84 end 1785500773875
job 55_TGAMMA_120 started 1785500773876 core=5
job 54_TGAMMA_60 end 1785500799584
job 57_POW_12 started 1785500799585 core=4
job 49_COPY_60 end 1785500820956
job 60_TGAMMA_12 started 1785500820956 core=1
job 46_XPY_48 end 1785500823188
job 89_TGAMMA_60 started 1785500823188 core=0
job 60_TGAMMA_12 end 1785500827734
job 48_DOT_36 started 1785500827734 core=1
job 57_POW_12 end 1785500835382
job 50_POW_12 started 1785500835383 core=4
job 55_TGAMMA_120 end 1785500843877
job 19_XPY_60 started 1785500843877 core=5
job 89_TGAMMA_60 end 1785500857623
job 25_DOT_36 started 1785500857624 core=0
job 48_DOT_36 end 1785500861076
job 90_TGAMMA_12 started 1785500861076 core=1
job 50_POW_12 end 1785500864527
job 99_POW_24 started 1785500864528 core=4
job 90_TGAMMA_12 end 1785500868375
job 31_COPY_60 started 1785500868375 core=1
job 25_DOT_36 end 1785500896854
job 56_TGAMMA_60 started 1785500896855 core=0
job 99_POW_24 end 1785500926578
job 42_SUM_84 started 1785500926578 core=4
job 56_TGAMMA_60 end 1785500931303
job 67_TGAMMA_12 started 1785500931303 core=0
job 19_XPY_60 end 1785500938250
job 61_TGAMMA_12 started 1785500938250 core=5
job 67_TGAMMA_12 end 1785500938314
job 63_TGAMMA_60 started 1785500938314 core=0
job 61_TGAMMA_12 end 1785500945456
job 73_TGAMMA_12 started 1785500945458 core=5
job 73_TGAMMA_12 end 1785500952661
job 64_TGAMMA_60 started 1785500952661 core=5
job 42_SUM_84 end 1785500961205
job 69_POW_24 started 1785500961206 core=4
job 31_COPY_60 end 1785500964250
job 85_TGAMMA_120 started 1785500964250 core=1
job 63_TGAMMA_60 end 1785500972866
job 59_POW_12 started 1785500972866 core=0
job 64_TGAMMA_60 end 1785500987103
job 62_POW_36 started 1785500987103 core=5
job 59_POW_12 end 1785500998785
job 45_COPY_60 started 1785500998785 core=0
job 69_POW_24 end 1785501018642
job 78_POW_36 started 1785501018642 core=4
job 85_TGAMMA_120 end 1785501032516
job 82_POW_36 started 1785501032516 core=1
job 62_POW_36 end 1785501071855
job 66_TGAMMA_60 started 1785501071856 core=5
job 45_COPY_60 end 1785501074219
job 87_POW_36 started 1785501074219 core=0
job 66_TGAMMA_60 end 1785501106137
job 92_POW_36 started 1785501106137 core=5
job 82_POW_36 end 1785501119101
job 68_TGAMMA_12 started 1785501119101 core=1
job 78_POW_36 end 1785501120248
job 70_POW_12 started 1785501120248 core=4
job 68_TGAMMA_12 end 1785501125955
job 72_TGAMMA_60 started 1785501125955 core=1
job 70_POW_12 end 1785501147087
job 75_POW_12 started 1785501147087 core=4
job 87_POW_36 end 1785501156537
job 86_POW_24 started 1785501156537 core=0
job 72_TGAMMA_60 end 1785501160229
job 74_TGAMMA_12 started 1785501160230 core=1
job 74_TGAMMA_12 end 1785501167080
job 96_TGAMMA_12 started 1785501167080 core=1
job 96_TGAMMA_12 end 1785501173929
job 76_TGAMMA_60 started 1785501173929 core=1
job 75_POW_12 end 1785501174002
job 79_TGAMMA_120 started 1785501174002 core=4
job 92_POW_36 end 1785501186361
job 97_POW_36 started 1785501186362 core=5
job 76_TGAMMA_60 end 1785501207921
job 83_POW_12 started 1785501207921 core=1
job 86_POW_24 end 1785501207959
job 80_POW_12 started 1785501207959 core=0
job 80_POW_12 end 1785501234208
job 91_TGAMMA_12 started 1785501234208 core=0
job 83_POW_12 end 1785501234671
job 84_TGAMMA_12 started 1785501234671 core=1
job 91_TGAMMA_12 end 1785501240993
job 94_POW_12 started 1785501240993 core=0
job 84_TGAMMA_12 end 1785501241434
job 81_TGAMMA_120 started 1785501241434 core=1
job 79_TGAMMA_120 end 1785501242177
job 93_POW_24 started 1785501242178 core=4
job 97_POW_36 end 1785501264041
job 95_TGAMMA_120 started 1785501264041 core=5
job 94_POW_12 end 1785501267591
job 93_POW_24 end 1785501292867
job 81_TGAMMA_120 end 1785501309225
job 95_TGAMMA_120 end 1785501331483
  итерация 1: 1671218 ms
job 0_SUM_84 started 1785501331483 core=5
job 7_SUM_132 started 1785501331484 core=4
job 6_COPY_60 started 1785501331484 core=1
job 11_DOT_36 started 1785501331484 core=0
job 11_DOT_36 end 1785501373536
job 21_COPY_60 started 1785501373536 core=0
job 0_SUM_84 end 1785501418183
job 1_SUM_84 started 1785501418183 core=5
job 6_COPY_60 end 1785501425843
job 16_DOT_36 started 1785501425843 core=1
job 7_SUM_132 end 1785501455129
job 10_COPY_60 started 1785501455129 core=4
job 16_DOT_36 end 1785501466934
job 14_XPY_48 started 1785501466934 core=1
job 21_COPY_60 end 1785501471024
job 18_COPY_60 started 1785501471024 core=0
job 1_SUM_84 end 1785501489352
job 13_XPY_60 started 1785501489353 core=5
job 14_XPY_48 end 1785501548942
job 12_SUM_132 started 1785501548942 core=1
job 10_COPY_60 end 1785501570050
job 3_SUM_84 started 1785501570050 core=4
job 18_COPY_60 end 1785501581838
job 20_XPY_48 started 1785501581839 core=0
job 13_XPY_60 end 1785501590443
job 17_XPY_48 started 1785501590443 core=5
job 3_SUM_84 end 1785501648474
job 2_SUM_108 started 1785501648475 core=4
job 20_XPY_48 end 1785501655658
job 15_DOT_36 started 1785501655659 core=0
job 17_XPY_48 end 1785501662278
job 25_DOT_36 started 1785501662279 core=5
job 12_SUM_132 end 1785501676117
job 4_DOT_84 started 1785501676118 core=1
job 15_DOT_36 end 1785501700739
job 5_SUM_108 started 1785501700739 core=0
job 25_DOT_36 end 1785501714469
job 24_SUM_108 started 1785501714470 core=5
job 2_SUM_108 end 1785501738564
job 29_SUM_132 started 1785501738564 core=4
job 5_SUM_108 end 1785501782968
job 8_XPY_48 started 1785501782968 core=0
job 4_DOT_84 end 1785501789346
job 27_SUM_132 started 1785501789346 core=1
job 24_SUM_108 end 1785501806937
job 23_DOT_84 started 1785501806937 core=5
job 8_XPY_48 end 1785501862644
job 36_DOT_84 started 1785501862644 core=0
job 29_SUM_132 end 1785501863358
job 40_COPY_84 started 1785501863359 core=4
job 27_SUM_132 end 1785501895566
job 38_DOT_36 started 1785501895567 core=1
job 23_DOT_84 end 1785501906389
job 22_COPY_60 started 1785501906389 core=5
job 38_DOT_36 end 1785501952268
job 44_COPY_60 started 1785501952268 core=1
job 36_DOT_84 end 1785501999840
job 51_POW_12 started 1785501999841 core=0
job 40_COPY_84 end 1785502007251
job 32_SUM_132 started 1785502007251 core=4
job 22_COPY_60 end 1785502018166
job 9_XPY_48 started 1785502018166 core=5
job 51_POW_12 end 1785502034162
job 37_SUM_108 started 1785502034162 core=0
job 44_COPY_60 end 1785502080017
job 39_COPY_60 started 1785502080018 core=1
job 32_SUM_132 end 1785502090428
job 33_DOT_36 started 1785502090429 core=4
job 37_SUM_108 end 1785502107504
job 34_SUM_84 started 1785502107504 core=0
job 9_XPY_48 end 1785502116710
job 35_SUM_132 started 1785502116710 core=5
job 33_DOT_36 end 1785502130949
job 28_COPY_84 started 1785502130950 core=4
job 34_SUM_84 end 1785502180927
job 47_COPY_60 started 1785502180928 core=0
job 39_COPY_60 end 1785502185850
job 45_COPY_60 started 1785502185851 core=1
job 35_SUM_132 end 1785502241534
job 42_SUM_84 started 1785502241534 core=5
job 45_COPY_60 end 1785502271243
job 53_TGAMMA_120 started 1785502271243 core=1
job 28_COPY_84 end 1785502282016
job 26_COPY_84 started 1785502282016 core=4
job 42_SUM_84 end 1785502292284
job 56_TGAMMA_60 started 1785502292284 core=5
job 47_COPY_60 end 1785502295688
job 30_XPY_48 started 1785502295688 core=0
job 56_TGAMMA_60 end 1785502326453
job 52_TGAMMA_12 started 1785502326453 core=5
job 52_TGAMMA_12 end 1785502333272
job 48_DOT_36 started 1785502333272 core=5
job 53_TGAMMA_120 end 1785502340141
job 41_COPY_84 started 1785502340141 core=1
job 30_XPY_48 end 1785502356368
job 19_XPY_60 started 1785502356369 core=0
job 48_DOT_36 end 1785502381291
job 60_TGAMMA_12 started 1785502381291 core=5
job 60_TGAMMA_12 end 1785502388426
job 55_TGAMMA_120 started 1785502388427 core=5
job 26_COPY_84 end 1785502419905
job 31_COPY_60 started 1785502419905 core=4
job 41_COPY_84 end 1785502445742
job 64_TGAMMA_60 started 1785502445742 core=1
job 19_XPY_60 end 1785502455754
job 43_SUM_84 started 1785502455755 core=0
job 55_TGAMMA_120 end 1785502458432
job 66_TGAMMA_60 started 1785502458432 core=5
job 64_TGAMMA_60 end 1785502479956
job 46_XPY_48 started 1785502479956 core=1
job 66_TGAMMA_60 end 1785502493171
job 50_POW_12 started 1785502493172 core=5
job 31_COPY_60 end 1785502496089
job 57_POW_12 started 1785502496089 core=4
job 43_SUM_84 end 1785502509826
job 58_POW_36 started 1785502509827 core=0
job 57_POW_12 end 1785502527962
job 62_POW_36 started 1785502527962 core=4
job 50_POW_12 end 1785502541581
job 75_POW_12 started 1785502541581 core=5
job 46_XPY_48 end 1785502545213
job 81_TGAMMA_120 started 1785502545213 core=1
job 75_POW_12 end 1785502569514
job 61_TGAMMA_12 started 1785502569514 core=5
job 61_TGAMMA_12 end 1785502576304
job 65_POW_12 started 1785502576305 core=5
job 58_POW_36 end 1785502594792
job 68_TGAMMA_12 started 1785502594792 core=0
job 68_TGAMMA_12 end 1785502601592
job 69_POW_24 started 1785502601592 core=0
job 65_POW_12 end 1785502602240
job 49_COPY_60 started 1785502602240 core=5
job 62_POW_36 end 1785502610736
job 78_POW_36 started 1785502610736 core=4
job 81_TGAMMA_120 end 1785502614049
job 86_POW_24 started 1785502614049 core=1
job 69_POW_24 end 1785502662908
job 54_TGAMMA_60 started 1785502662908 core=0
job 49_COPY_60 end 1785502680068
job 71_TGAMMA_60 started 1785502680069 core=5
job 86_POW_24 end 1785502690336
job 77_POW_24 started 1785502690336 core=1
job 78_POW_36 end 1785502696383
job 80_POW_12 started 1785502696383 core=4
job 54_TGAMMA_60 end 1785502697117
job 76_TGAMMA_60 started 1785502697117 core=0
job 71_TGAMMA_60 end 1785502714063
job 97_POW_36 started 1785502714063 core=5
job 80_POW_12 end 1785502721748
job 67_TGAMMA_12 started 1785502721749 core=4
job 67_TGAMMA_12 end 1785502728536
job 95_TGAMMA_120 started 1785502728536 core=4
job 76_TGAMMA_60 end 1785502731189
job 70_POW_12 started 1785502731189 core=0
job 77_POW_24 end 1785502741862
job 72_TGAMMA_60 started 1785502741863 core=1
job 70_POW_12 end 1785502756790
job 59_POW_12 started 1785502756790 core=0
job 72_TGAMMA_60 end 1785502775861
job 99_POW_24 started 1785502775861 core=1
job 59_POW_12 end 1785502782098
job 87_POW_36 started 1785502782098 core=0
job 97_POW_36 end 1785502791702
job 88_POW_24 started 1785502791702 core=5
job 95_TGAMMA_120 end 1785502796754
job 93_POW_24 started 1785502796754 core=4
job 99_POW_24 end 1785502834719
job 63_TGAMMA_60 started 1785502834721 core=1
job 88_POW_24 end 1785502850183
job 73_TGAMMA_12 started 1785502850183 core=5
job 93_POW_24 end 1785502855223
job 79_TGAMMA_120 started 1785502855223 core=4
job 73_TGAMMA_12 end 1785502856960
job 96_TGAMMA_12 started 1785502856960 core=5
job 96_TGAMMA_12 end 1785502863718
job 82_POW_36 started 1785502863719 core=5
job 87_POW_36 end 1785502866239
job 85_TGAMMA_120 started 1785502866239 core=0
job 63_TGAMMA_60 end 1785502868836
job 98_POW_24 started 1785502868836 core=1
job 98_POW_24 end 1785502919226
job 91_TGAMMA_12 started 1785502919226 core=1
job 79_TGAMMA_120 end 1785502922980
job 94_POW_12 started 1785502922980 core=4
job 91_TGAMMA_12 end 1785502926003
job 74_TGAMMA_12 started 1785502926003 core=1
job 74_TGAMMA_12 end 1785502932805
job 83_POW_12 started 1785502932805 core=1
job 85_TGAMMA_120 end 1785502934144
job 90_TGAMMA_12 started 1785502934144 core=0
job 82_POW_36 end 1785502939494
job 92_POW_36 started 1785502939494 core=5
job 90_TGAMMA_12 end 1785502940997
job 84_TGAMMA_12 started 1785502940997 core=0
job 84_TGAMMA_12 end 1785502947871
job 89_TGAMMA_60 started 1785502947871 core=0
job 94_POW_12 end 1785502948745
job 83_POW_12 end 1785502958986
job 89_TGAMMA_60 end 1785502981695
job 92_POW_36 end 1785503012857
  итерация 2: 1681373 ms
  среднее по 3 итерациям: 1667726 ms
=== Выполняется проект: no_po_memory_1.txt (100 работ, базовый прогон oneTBB) ===
job 3_COPY_84 started 1785503012858 core=5
job 7_SUM_84 started 1785503012858 core=1
job 0_SUM_132 started 1785503012858 core=0
job 2_COPY_60 started 1785503012858 core=4
job 7_SUM_84 end 1785503093221
job 24_SUM_108 started 1785503093222 core=1
job 2_COPY_60 end 1785503102191
job 9_COPY_60 started 1785503102191 core=4
job 3_COPY_84 end 1785503139240
job 6_SUM_108 started 1785503139240 core=5
job 0_SUM_132 end 1785503142571
job 15_XPY_60 started 1785503142572 core=0
job 24_SUM_108 end 1785503178584
job 8_XPY_48 started 1785503178585 core=1
job 9_COPY_60 end 1785503214939
job 1_COPY_84 started 1785503214940 core=4
job 6_SUM_108 end 1785503220494
job 4_COPY_84 started 1785503220494 core=5
job 8_XPY_48 end 1785503253228
job 10_SUM_84 started 1785503253228 core=1
job 15_XPY_60 end 1785503255895
job 5_TGAMMA_60 started 1785503255895 core=0
job 5_TGAMMA_60 end 1785503291445
job 11_SUM_84 started 1785503291445 core=0
job 10_SUM_84 end 1785503333239
job 12_COPY_84 started 1785503333239 core=1
job 1_COPY_84 end 1785503341045
job 20_SUM_108 started 1785503341045 core=4
job 4_COPY_84 end 1785503358936
job 19_DOT_84 started 1785503358936 core=5
job 11_SUM_84 end 1785503362147
job 44_DOT_36 started 1785503362147 core=0
job 44_DOT_36 end 1785503404538
job 27_POW_36 started 1785503404538 core=0
job 20_SUM_108 end 1785503420226
job 50_TGAMMA_120 started 1785503420226 core=4
job 12_COPY_84 end 1785503474136
job 16_DOT_36 started 1785503474136 core=1
job 19_DOT_84 end 1785503482405
job 21_COPY_60 started 1785503482405 core=5
job 50_TGAMMA_120 end 1785503489200
job 35_SUM_132 started 1785503489200 core=4
job 27_POW_36 end 1785503489617
job 13_COPY_84 started 1785503489617 core=0
job 16_DOT_36 end 1785503526531
job 17_DOT_84 started 1785503526531 core=1
job 21_COPY_60 end 1785503582839
job 18_DOT_36 started 1785503582840 core=5
job 35_SUM_132 end 1785503616012
job 14_SUM_108 started 1785503616013 core=4
job 13_COPY_84 end 1785503624772
job 34_DOT_36 started 1785503624772 core=0
job 18_DOT_36 end 1785503632785
job 37_XPY_48 started 1785503632785 core=5
job 17_DOT_84 end 1785503656120
job 39_COPY_84 started 1785503656121 core=1
job 34_DOT_36 end 1785503667163
job 29_SUM_108 started 1785503667163 core=0
job 14_SUM_108 end 1785503699379
job 40_COPY_84 started 1785503699379 core=4
job 37_XPY_48 end 1785503726777
job 23_DOT_84 started 1785503726777 core=5
job 29_SUM_108 end 1785503754676
job 22_SUM_108 started 1785503754676 core=0
job 39_COPY_84 end 1785503815985
job 25_XPY_60 started 1785503815985 core=1
job 40_COPY_84 end 1785503824540
job 36_COPY_84 started 1785503824540 core=4
job 22_SUM_108 end 1785503860628
job 43_SUM_132 started 1785503860628 core=0
job 23_DOT_84 end 1785503861305
job 61_XPY_60 started 1785503861306 core=5
job 25_XPY_60 end 1785503925902
job 65_SUM_132 started 1785503925902 core=1
job 36_COPY_84 end 1785503948534
job 30_DOT_84 started 1785503948534 core=4
job 61_XPY_60 end 1785503970594
job 41_DOT_84 started 1785503970594 core=5
job 43_SUM_132 end 1785503979372
job 26_SUM_132 started 1785503979372 core=0
job 65_SUM_132 end 1785504048973
job 52_DOT_84 started 1785504048973 core=1
job 30_DOT_84 end 1785504054023
job 49_SUM_132 started 1785504054023 core=4
job 41_DOT_84 end 1785504083734
job 28_DOT_36 started 1785504083734 core=5
job 26_SUM_132 end 1785504092713
job 98_DOT_84 started 1785504092713 core=0
job 28_DOT_36 end 1785504137998
job 42_SUM_108 started 1785504137999 core=5
job 49_SUM_132 end 1785504167291
job 31_TGAMMA_120 started 1785504167291 core=4
job 52_DOT_84 end 1785504170239
job 51_SUM_84 started 1785504170239 core=1
job 98_DOT_84 end 1785504191684
job 71_XPY_60 started 1785504191684 core=0
job 42_SUM_108 end 1785504220111
job 38_POW_12 started 1785504220111 core=5
job 51_SUM_84 end 1785504226587
job 46_COPY_60 started 1785504226587 core=1
job 31_TGAMMA_120 end 1785504239058
job 73_SUM_132 started 1785504239059 core=4
job 38_POW_12 end 1785504260693
job 33_XPY_60 started 1785504260693 core=5
job 71_XPY_60 end 1785504270924
job 62_XPY_48 started 1785504270925 core=0
job 46_COPY_60 end 1785504337332
job 45_COPY_84 started 1785504337334 core=1
job 62_XPY_48 end 1785504340672
job 56_XPY_60 started 1785504340672 core=0
job 73_SUM_132 end 1785504358467
job 64_SUM_132 started 1785504358467 core=4
job 33_XPY_60 end 1785504371310
job 53_SUM_84 started 1785504371310 core=5
job 56_XPY_60 end 1785504428095
job 54_DOT_84 started 1785504428095 core=0
job 53_SUM_84 end 1785504455299
job 32_XPY_60 started 1785504455299 core=5
job 64_SUM_132 end 1785504477777
job 69_POW_36 started 1785504477777 core=4
job 45_COPY_84 end 1785504486604
job 67_TGAMMA_12 started 1785504486604 core=1
job 67_TGAMMA_12 end 1785504493881
job 59_TGAMMA_12 started 1785504493881 core=1
job 59_TGAMMA_12 end 1785504501152
job 47_XPY_60 started 1785504501152 core=1
job 54_DOT_84 end 1785504521638
job 79_XPY_60 started 1785504521639 core=0
job 32_XPY_60 end 1785504565775
job 75_POW_12 started 1785504565776 core=5
job 47_XPY_60 end 1785504603013
job 77_COPY_60 started 1785504603014 core=1
job 79_XPY_60 end 1785504604145
job 68_SUM_84 started 1785504604145 core=0
job 69_POW_36 end 1785504605790
job 55_COPY_84 started 1785504605790 core=4
job 75_POW_12 end 1785504611749
job 66_COPY_84 started 1785504611749 core=5
job 68_SUM_84 end 1785504679907
job 48_XPY_48 started 1785504679907 core=0
job 77_COPY_60 end 1785504714773
job 81_SUM_108 started 1785504714774 core=1
job 55_COPY_84 end 1785504743405
job 87_XPY_60 started 1785504743405 core=4
job 66_COPY_84 end 1785504759322
job 74_COPY_60 started 1785504759322 core=5
job 48_XPY_48 end 1785504767635
job 80_COPY_84 started 1785504767635 core=0
job 81_SUM_108 end 1785504807618
job 86_SUM_108 started 1785504807619 core=1
job 74_COPY_60 end 1785504848055
job 57_COPY_84 started 1785504848056 core=5
job 87_XPY_60 end 1785504855817
job 72_DOT_36 started 1785504855817 core=4
job 86_SUM_108 end 1785504906713
job 58_SUM_84 started 1785504906713 core=1
job 72_DOT_36 end 1785504913670
job 60_COPY_84 started 1785504913671 core=4
job 80_COPY_84 end 1785504929104
job 82_TGAMMA_120 started 1785504929105 core=0
job 57_COPY_84 end 1785504970746
job 88_COPY_84 started 1785504970746 core=5
job 58_SUM_84 end 1785504983159
job 92_COPY_84 started 1785504983160 core=1
job 82_TGAMMA_120 end 1785504999945
job 78_DOT_36 started 1785504999945 core=0
job 60_COPY_84 end 1785505024033
job 90_SUM_108 started 1785505024034 core=4
job 78_DOT_36 end 1785505046700
job 99_XPY_60 started 1785505046700 core=0
job 90_SUM_108 end 1785505120852
job 84_COPY_60 started 1785505120852 core=4
job 88_COPY_84 end 1785505130845
job 76_DOT_36 started 1785505130846 core=5
job 99_XPY_60 end 1785505133120
job 89_DOT_36 started 1785505133120 core=0
job 92_COPY_84 end 1785505146174
job 97_SUM_84 started 1785505146174 core=1
job 76_DOT_36 end 1785505177390
job 63_DOT_36 started 1785505177390 core=5
job 89_DOT_36 end 1785505196349
job 70_DOT_36 started 1785505196349 core=0
job 97_SUM_84 end 1785505216622
job 91_DOT_84 started 1785505216622 core=1
job 63_DOT_36 end 1785505220093
job 95_SUM_132 started 1785505220094 core=5
job 84_COPY_60 end 1785505234288
job 83_COPY_60 started 1785505234289 core=4
job 70_DOT_36 end 1785505260245
job 85_DOT_84 started 1785505260246 core=0
job 91_DOT_84 end 1785505315696
job 96_COPY_60 started 1785505315696 core=1
job 95_SUM_132 end 1785505332856
job 93_XPY_60 started 1785505332856 core=5
job 83_COPY_60 end 1785505345361
job 94_SUM_132 started 1785505345361 core=4
job 85_DOT_84 end 1785505383749
job 94_SUM_132 end 1785505413917
job 96_COPY_60 end 1785505424968
job 93_XPY_60 end 1785505427934
  итерация 0: 2415076 ms
job 0_SUM_132 started 1785505427934 core=5
job 4_COPY_84 started 1785505427934 core=1
job 7_SUM_84 started 1785505427935 core=4
job 1_COPY_84 started 1785505427935 core=0
job 7_SUM_84 end 1785505508154
job 8_XPY_48 started 1785505508171 core=4
job 4_COPY_84 end 1785505551775
job 13_COPY_84 started 1785505551775 core=1
job 0_SUM_132 end 1785505552432
job 11_SUM_84 started 1785505552432 core=5
job 1_COPY_84 end 1785505571774
job 27_POW_36 started 1785505571775 core=0
job 8_XPY_48 end 1785505591561
job 3_COPY_84 started 1785505591562 core=4
job 11_SUM_84 end 1785505629332
job 5_TGAMMA_60 started 1785505629332 core=5
job 13_COPY_84 end 1785505663032
job 16_DOT_36 started 1785505663033 core=1
job 5_TGAMMA_60 end 1785505664554
job 2_COPY_60 started 1785505664554 core=5
job 27_POW_36 end 1785505704088
job 6_SUM_108 started 1785505704088 core=0
job 16_DOT_36 end 1785505716988
job 34_DOT_36 started 1785505716988 core=1
job 3_COPY_84 end 1785505717474
job 39_COPY_84 started 1785505717474 core=4
job 2_COPY_60 end 1785505765057
job 9_COPY_60 started 1785505765058 core=5
job 34_DOT_36 end 1785505774414
job 28_DOT_36 started 1785505774414 core=1
job 6_SUM_108 end 1785505807585
job 10_SUM_84 started 1785505807585 core=0
job 28_DOT_36 end 1785505832150
job 15_XPY_60 started 1785505832151 core=1
job 39_COPY_84 end 1785505845309
job 36_COPY_84 started 1785505845309 core=4
job 9_COPY_60 end 1785505874730
job 12_COPY_84 started 1785505874731 core=5
job 10_SUM_84 end 1785505884981
job 14_SUM_108 started 1785505884982 core=0
job 15_XPY_60 end 1785505942779
job 29_SUM_108 started 1785505942779 core=1
job 36_COPY_84 end 1785505965805
job 21_COPY_60 started 1785505965805 core=4
job 14_SUM_108 end 1785505986646
job 17_DOT_84 started 1785505986646 core=0
job 12_COPY_84 end 1785506023348
job 18_DOT_36 started 1785506023348 core=5
job 29_SUM_108 end 1785506039735
job 26_SUM_132 started 1785506039736 core=1
job 18_DOT_36 end 1785506065992
job 30_DOT_84 started 1785506065992 core=5
job 21_COPY_60 end 1785506069566
job 50_TGAMMA_120 started 1785506069567 core=4
job 17_DOT_84 end 1785506102574
job 19_DOT_84 started 1785506102575 core=0
job 50_TGAMMA_120 end 1785506140136
job 32_XPY_60 started 1785506140136 core=4
job 26_SUM_132 end 1785506154523
job 22_SUM_108 started 1785506154523 core=1
job 30_DOT_84 end 1785506168720
job 41_DOT_84 started 1785506168721 core=5
job 19_DOT_84 end 1785506218326
job 44_DOT_36 started 1785506218327 core=0
job 22_SUM_108 end 1785506245327
job 20_SUM_108 started 1785506245327 core=1
job 32_XPY_60 end 1785506253791
job 25_XPY_60 started 1785506253791 core=4
job 41_DOT_84 end 1785506267735
job 47_XPY_60 started 1785506267735 core=5
job 44_DOT_36 end 1785506281343
job 45_COPY_84 started 1785506281343 core=0
job 20_SUM_108 end 1785506345035
job 48_XPY_48 started 1785506345036 core=1
job 47_XPY_60 end 1785506354883
job 35_SUM_132 started 1785506354883 core=5
job 25_XPY_60 end 1785506362779
job 23_DOT_84 started 1785506362779 core=4
job 48_XPY_48 end 1785506418702
job 49_SUM_132 started 1785506418702 core=1
job 45_COPY_84 end 1785506441824
job 62_XPY_48 started 1785506441824 core=0
job 35_SUM_132 end 1785506465776
job 51_SUM_84 started 1785506465776 core=5
job 23_DOT_84 end 1785506505298
job 54_DOT_84 started 1785506505299 core=4
job 49_SUM_132 end 1785506509910
job 67_TGAMMA_12 started 1785506509911 core=1
job 67_TGAMMA_12 end 1785506516942
job 37_XPY_48 started 1785506516942 core=1
job 51_SUM_84 end 1785506520151
job 38_POW_12 started 1785506520151 core=5
job 62_XPY_48 end 1785506530387
job 55_COPY_84 started 1785506530387 core=0
job 38_POW_12 end 1785506569420
job 31_TGAMMA_120 started 1785506569420 core=5
job 37_XPY_48 end 1785506584441
job 61_XPY_60 started 1785506584441 core=1
job 54_DOT_84 end 1785506634641
job 53_SUM_84 started 1785506634641 core=4
job 31_TGAMMA_120 end 1785506641049
job 24_SUM_108 started 1785506641049 core=5
job 61_XPY_60 end 1785506659924
job 40_COPY_84 started 1785506659924 core=1
job 55_COPY_84 end 1785506664284
job 95_SUM_132 started 1785506664285 core=0
job 53_SUM_84 end 1785506699365
job 76_DOT_36 started 1785506699366 core=4
job 76_DOT_36 end 1785506741134
job 72_DOT_36 started 1785506741134 core=4
job 24_SUM_108 end 1785506754336
job 60_COPY_84 started 1785506754336 core=5
job 95_SUM_132 end 1785506765843
job 42_SUM_108 started 1785506765843 core=0
job 72_DOT_36 end 1785506781634
job 99_XPY_60 started 1785506781634 core=4
job 40_COPY_84 end 1785506811349
job 33_XPY_60 started 1785506811349 core=1
job 42_SUM_108 end 1785506863636
job 43_SUM_132 started 1785506863636 core=0
job 99_XPY_60 end 1785506866202
job 79_XPY_60 started 1785506866202 core=4
job 33_XPY_60 end 1785506922522
job 46_COPY_60 started 1785506922523 core=1
job 60_COPY_84 end 1785506927952
job 56_XPY_60 started 1785506927953 core=5
job 79_XPY_60 end 1785506951112
job 58_SUM_84 started 1785506951112 core=4
job 43_SUM_132 end 1785506975114
job 52_DOT_84 started 1785506975114 core=0
job 58_SUM_84 end 1785507012214
job 57_COPY_84 started 1785507012214 core=4
job 56_XPY_60 end 1785507046302
job 85_DOT_84 started 1785507046302 core=5
job 46_COPY_60 end 1785507053168
job 78_DOT_36 started 1785507053168 core=1
job 52_DOT_84 end 1785507095826
job 80_COPY_84 started 1785507095826 core=0
job 78_DOT_36 end 1785507102597
job 64_SUM_132 started 1785507102597 core=1
job 85_DOT_84 end 1785507151506
job 87_XPY_60 started 1785507151507 core=5
job 57_COPY_84 end 1785507172943
job 82_TGAMMA_120 started 1785507172943 core=4
job 64_SUM_132 end 1785507211832
job 88_COPY_84 started 1785507211833 core=1
job 80_COPY_84 end 1785507228649
job 73_SUM_132 started 1785507228649 core=0
job 82_TGAMMA_120 end 1785507243379
job 86_SUM_108 started 1785507243380 core=4
job 87_XPY_60 end 1785507246591
job 83_COPY_60 started 1785507246591 core=5
job 73_SUM_132 end 1785507306447
job 94_SUM_132 started 1785507306447 core=0
job 86_SUM_108 end 1785507313557
job 97_SUM_84 started 1785507313558 core=4
job 97_SUM_84 end 1785507368031
job 89_DOT_36 started 1785507368032 core=4
job 83_COPY_60 end 1785507379307
job 66_COPY_84 started 1785507379307 core=5
job 88_COPY_84 end 1785507393043
job 96_COPY_60 started 1785507393044 core=1
job 94_SUM_132 end 1785507397545
job 68_SUM_84 started 1785507397545 core=0
job 89_DOT_36 end 1785507407769
job 69_POW_36 started 1785507407769 core=4
job 68_SUM_84 end 1785507450079
job 59_TGAMMA_12 started 1785507450079 core=0
job 59_TGAMMA_12 end 1785507456943
job 93_XPY_60 started 1785507456943 core=0
job 96_COPY_60 end 1785507509898
job 74_COPY_60 started 1785507509898 core=1
job 69_POW_36 end 1785507522189
job 63_DOT_36 started 1785507522189 core=4
job 93_XPY_60 end 1785507541753
job 91_DOT_84 started 1785507541753 core=0
job 66_COPY_84 end 1785507543779
job 65_SUM_132 started 1785507543779 core=5
job 63_DOT_36 end 1785507573344
job 98_DOT_84 started 1785507573344 core=4
job 74_COPY_60 end 1785507615594
job 70_DOT_36 started 1785507615594 core=1
job 91_DOT_84 end 1785507661148
job 75_POW_12 started 1785507661148 core=0
job 70_DOT_36 end 1785507662063
job 92_COPY_84 started 1785507662063 core=1
job 65_SUM_132 end 1785507677753
job 71_XPY_60 started 1785507677753 core=5
job 98_DOT_84 end 1785507686648
job 77_COPY_60 started 1785507686648 core=4
job 75_POW_12 end 1785507700727
job 81_SUM_108 started 1785507700727 core=0
job 77_COPY_60 end 1785507771507
job 84_COPY_60 started 1785507771508 core=4
job 71_XPY_60 end 1785507794211
job 90_SUM_108 started 1785507794212 core=5
job 81_SUM_108 end 1785507801001
job 92_COPY_84 end 1785507816080
job 84_COPY_60 end 1785507839440
job 90_SUM_108 end 1785507843778
  итерация 1: 2415843 ms
job 0_SUM_132 started 1785507843778 core=1
job 8_XPY_48 started 1785507843778 core=4
job 13_COPY_84 started 1785507843778 core=0
job 10_SUM_84 started 1785507843778 core=5
job 10_SUM_84 end 1785507898781
job 20_SUM_108 started 1785507898782 core=5
job 0_SUM_132 end 1785507929941
job 17_DOT_84 started 1785507929943 core=1
job 8_XPY_48 end 1785507942726
job 3_COPY_84 started 1785507942726 core=4
job 20_SUM_108 end 1785507977606
job 26_SUM_132 started 1785507977606 core=5
job 17_DOT_84 end 1785508022969
job 25_XPY_60 started 1785508022969 core=1
job 13_COPY_84 end 1785508034186
job 30_DOT_84 started 1785508034187 core=0
job 26_SUM_132 end 1785508095872
job 1_COPY_84 started 1785508095872 core=5
job 3_COPY_84 end 1785508105181
job 4_COPY_84 started 1785508105181 core=4
job 25_XPY_60 end 1785508115851
job 28_DOT_36 started 1785508115851 core=1
job 30_DOT_84 end 1785508168637
job 34_DOT_36 started 1785508168637 core=0
job 28_DOT_36 end 1785508174271
job 15_XPY_60 started 1785508174271 core=1
job 34_DOT_36 end 1785508224062
job 16_DOT_36 started 1785508224062 core=0
job 4_COPY_84 end 1785508243946
job 6_SUM_108 started 1785508243946 core=4
job 1_COPY_84 end 1785508262455
job 7_SUM_84 started 1785508262456 core=5
job 16_DOT_36 end 1785508269962
job 11_SUM_84 started 1785508269962 core=0
job 15_XPY_60 end 1785508285661
job 27_POW_36 started 1785508285661 core=1
job 6_SUM_108 end 1785508323034
job 5_TGAMMA_60 started 1785508323034 core=4
job 11_SUM_84 end 1785508327053
job 9_COPY_60 started 1785508327053 core=0
job 7_SUM_84 end 1785508329077
job 19_DOT_84 started 1785508329078 core=5
job 5_TGAMMA_60 end 1785508358580
job 2_COPY_60 started 1785508358580 core=4
job 27_POW_36 end 1785508397326
job 24_SUM_108 started 1785508397326 core=1
job 19_DOT_84 end 1785508420306
job 12_COPY_84 started 1785508420306 core=5
job 9_COPY_60 end 1785508431728
job 14_SUM_108 started 1785508431728 core=0
job 2_COPY_60 end 1785508469774
job 18_DOT_36 started 1785508469774 core=4
job 24_SUM_108 end 1785508498096
job 29_SUM_108 started 1785508498096 core=1
job 18_DOT_36 end 1785508511465
job 32_XPY_60 started 1785508511465 core=4
job 14_SUM_108 end 1785508530000
job 22_SUM_108 started 1785508530001 core=0
job 12_COPY_84 end 1785508550602
job 23_DOT_84 started 1785508550603 core=5
job 29_SUM_108 end 1785508595967
job 31_TGAMMA_120 started 1785508595967 core=1
job 32_XPY_60 end 1785508605657
job 64_SUM_132 started 1785508605657 core=4
job 22_SUM_108 end 1785508633347
job 37_XPY_48 started 1785508633348 core=0
job 23_DOT_84 end 1785508636480
job 57_COPY_84 started 1785508636480 core=5
job 31_TGAMMA_120 end 1785508666445
job 63_DOT_36 started 1785508666445 core=1
job 37_XPY_48 end 1785508705480
job 65_SUM_132 started 1785508705480 core=0
job 64_SUM_132 end 1785508715992
job 46_COPY_60 started 1785508715992 core=4
job 63_DOT_36 end 1785508725308
job 77_COPY_60 started 1785508725308 core=1
job 57_COPY_84 end 1785508772870
job 80_COPY_84 started 1785508772870 core=5
job 46_COPY_60 end 1785508800805
job 21_COPY_60 started 1785508800805 core=4
job 65_SUM_132 end 1785508824566
job 49_SUM_132 started 1785508824567 core=0
job 77_COPY_60 end 1785508842020
job 53_SUM_84 started 1785508842020 core=1
job 21_COPY_60 end 1785508887923
job 33_XPY_60 started 1785508887923 core=4
job 80_COPY_84 end 1785508915485
job 60_COPY_84 started 1785508915485 core=5
job 53_SUM_84 end 1785508922285
job 40_COPY_84 started 1785508922286 core=1
job 49_SUM_132 end 1785508952014
job 45_COPY_84 started 1785508952014 core=0
job 33_XPY_60 end 1785508978156
job 54_DOT_84 started 1785508978156 core=4
job 60_COPY_84 end 1785509077290
job 58_SUM_84 started 1785509077290 core=5
job 40_COPY_84 end 1785509084597
job 35_SUM_132 started 1785509084597 core=1
job 45_COPY_84 end 1785509093998
job 38_POW_12 started 1785509093998 core=0
job 54_DOT_84 end 1785509105112
job 36_COPY_84 started 1785509105113 core=4
job 58_SUM_84 end 1785509136430
job 41_DOT_84 started 1785509136430 core=5
job 38_POW_12 end 1785509141250
job 56_XPY_60 started 1785509141250 core=0
job 35_SUM_132 end 1785509179865
job 66_COPY_84 started 1785509179867 core=1
job 41_DOT_84 end 1785509247971
job 67_TGAMMA_12 started 1785509247971 core=5
job 67_TGAMMA_12 end 1785509255105
job 39_COPY_84 started 1785509255105 core=5
job 56_XPY_60 end 1785509257452
job 44_DOT_36 started 1785509257452 core=0
job 36_COPY_84 end 1785509272108
job 42_SUM_108 started 1785509272108 core=4
job 44_DOT_36 end 1785509301563
job 43_SUM_132 started 1785509301563 core=0
job 66_COPY_84 end 1785509330238
job 48_XPY_48 started 1785509330239 core=1
job 42_SUM_108 end 1785509347564
job 70_DOT_36 started 1785509347564 core=4
job 70_DOT_36 end 1785509387409
job 88_COPY_84 started 1785509387409 core=4
job 43_SUM_132 end 1785509397128
job 75_POW_12 started 1785509397128 core=0
job 48_XPY_48 end 1785509424505
job 51_SUM_84 started 1785509424506 core=1
job 39_COPY_84 end 1785509434042
job 61_XPY_60 started 1785509434042 core=5
job 75_POW_12 end 1785509439667
job 68_SUM_84 started 1785509439667 core=0
job 51_SUM_84 end 1785509505959
job 83_COPY_60 started 1785509505959 core=1
job 88_COPY_84 end 1785509511026
job 71_XPY_60 started 1785509511026 core=4
job 68_SUM_84 end 1785509520430
job 69_POW_36 started 1785509520430 core=0
job 61_XPY_60 end 1785509526358
job 87_XPY_60 started 1785509526358 core=5
job 71_XPY_60 end 1785509593304
job 81_SUM_108 started 1785509593304 core=4
job 83_COPY_60 end 1785509629079
job 84_COPY_60 started 1785509629079 core=1
job 87_XPY_60 end 1785509636652
job 85_DOT_84 started 1785509636652 core=5
job 69_POW_36 end 1785509639620
job 47_XPY_60 started 1785509639620 core=0
job 81_SUM_108 end 1785509669117
job 50_TGAMMA_120 started 1785509669117 core=4
job 47_XPY_60 end 1785509717616
job 72_DOT_36 started 1785509717616 core=0
job 84_COPY_60 end 1785509731312
job 52_DOT_84 started 1785509731312 core=1
job 50_TGAMMA_120 end 1785509740267
job 74_COPY_60 started 1785509740267 core=4
job 72_DOT_36 end 1785509757677
job 59_TGAMMA_12 started 1785509757677 core=0
job 85_DOT_84 end 1785509764626
job 55_COPY_84 started 1785509764626 core=5
job 59_TGAMMA_12 end 1785509764976
job 73_SUM_132 started 1785509764976 core=0
job 74_COPY_60 end 1785509836137
job 62_XPY_48 started 1785509836137 core=4
job 52_DOT_84 end 1785509860611
job 78_DOT_36 started 1785509860611 core=1
job 73_SUM_132 end 1785509889387
job 89_DOT_36 started 1785509889387 core=0
job 55_COPY_84 end 1785509907920
job 82_TGAMMA_120 started 1785509907921 core=5
job 62_XPY_48 end 1785509913030
job 76_DOT_36 started 1785509913030 core=4
job 78_DOT_36 end 1785509913741
job 86_SUM_108 started 1785509913741 core=1
job 89_DOT_36 end 1785509944540
job 79_XPY_60 started 1785509944540 core=0
job 86_SUM_108 end 1785509963521
job 90_SUM_108 started 1785509963521 core=1
job 76_DOT_36 end 1785509966269
job 93_XPY_60 started 1785509966270 core=4
job 82_TGAMMA_120 end 1785509978112
job 91_DOT_84 started 1785509978112 core=5
job 90_SUM_108 end 1785510036094
job 95_SUM_132 started 1785510036095 core=1
job 91_DOT_84 end 1785510072049
job 94_SUM_132 started 1785510072051 core=5
job 79_XPY_60 end 1785510075179
job 92_COPY_84 started 1785510075179 core=0
job 93_XPY_60 end 1785510090731
job 98_DOT_84 started 1785510090732 core=4
job 95_SUM_132 end 1785510130261
job 96_COPY_60 started 1785510130261 core=1
job 94_SUM_132 end 1785510175478
job 99_XPY_60 started 1785510175479 core=5
job 92_COPY_84 end 1785510224408
job 97_SUM_84 started 1785510224409 core=0
job 98_DOT_84 end 1785510226295
job 96_COPY_60 end 1785510238099
job 97_SUM_84 end 1785510255670
job 99_XPY_60 end 1785510259954
  итерация 2: 2416176 ms
  среднее по 3 итерациям: 2415698 ms
=== Выполняется проект: no_po_memory_2.txt (100 работ, базовый прогон oneTBB) ===
job 1_XPY_48 started 1785510259955 core=5
job 7_SUM_132 started 1785510259955 core=1
job 3_TGAMMA_60 started 1785510259955 core=0
job 2_DOT_36 started 1785510259955 core=4
job 2_DOT_36 end 1785510290081
job 4_DOT_84 started 1785510290081 core=4
job 3_TGAMMA_60 end 1785510295009
job 20_DOT_36 started 1785510295026 core=0
job 1_XPY_48 end 1785510337586
job 26_XPY_60 started 1785510337587 core=5
job 20_DOT_36 end 1785510344512
job 0_DOT_84 started 1785510344512 core=0
job 4_DOT_84 end 1785510401658
job 35_XPY_60 started 1785510401658 core=4
job 7_SUM_132 end 1785510403681
job 5_SUM_84 started 1785510403681 core=1
job 26_XPY_60 end 1785510433781
job 59_COPY_60 started 1785510433781 core=5
job 0_DOT_84 end 1785510469414
job 10_DOT_36 started 1785510469414 core=0
job 5_SUM_84 end 1785510485399
job 28_COPY_84 started 1785510485399 core=1
job 35_XPY_60 end 1785510502744
job 14_DOT_84 started 1785510502744 core=4
job 10_DOT_36 end 1785510522054
job 11_POW_12 started 1785510522054 core=0
job 59_COPY_60 end 1785510540075
job 19_XPY_48 started 1785510540075 core=5
job 11_POW_12 end 1785510559304
job 8_XPY_60 started 1785510559304 core=0
job 14_DOT_84 end 1785510611997
job 13_COPY_84 started 1785510611998 core=4
job 19_XPY_48 end 1785510630065
job 18_POW_12 started 1785510630065 core=5
job 28_COPY_84 end 1785510651472
job 60_SUM_108 started 1785510651472 core=1
job 8_XPY_60 end 1785510660490
job 16_COPY_84 started 1785510660490 core=0
job 18_POW_12 end 1785510667373
job 30_XPY_48 started 1785510667373 core=5
job 30_XPY_48 end 1785510737377
job 9_SUM_108 started 1785510737377 core=5
job 60_SUM_108 end 1785510737883
job 32_SUM_108 started 1785510737884 core=1
job 13_COPY_84 end 1785510783670
job 48_XPY_48 started 1785510783671 core=4
job 9_SUM_108 end 1785510807713
job 34_DOT_84 started 1785510807713 core=5
job 32_SUM_108 end 1785510808176
job 25_TGAMMA_60 started 1785510808176 core=1
job 16_COPY_84 end 1785510837967
job 6_SUM_108 started 1785510837967 core=0
job 25_TGAMMA_60 end 1785510843012
job 52_COPY_60 started 1785510843013 core=1
job 48_XPY_48 end 1785510870936
job 17_POW_12 started 1785510870936 core=4
job 17_POW_12 end 1785510905878
job 49_COPY_60 started 1785510905878 core=4
job 34_DOT_84 end 1785510909027
job 12_DOT_84 started 1785510909027 core=5
job 6_SUM_108 end 1785510923103
job 31_POW_12 started 1785510923103 core=0
job 52_COPY_60 end 1785510945984
job 22_XPY_60 started 1785510945984 core=1
job 31_POW_12 end 1785510967904
job 66_COPY_84 started 1785510967904 core=0
job 49_COPY_60 end 1785511006050
job 15_XPY_48 started 1785511006050 core=4
job 12_DOT_84 end 1785511037466
job 33_POW_36 started 1785511037466 core=5
job 22_XPY_60 end 1785511042341
job 51_DOT_84 started 1785511042341 core=1
job 15_XPY_48 end 1785511098922
job 38_DOT_36 started 1785511098922 core=4
job 51_DOT_84 end 1785511134527
job 21_SUM_132 started 1785511134527 core=1
job 66_COPY_84 end 1785511138966
job 47_DOT_36 started 1785511138966 core=0
job 33_POW_36 end 1785511153095
job 67_SUM_132 started 1785511153095 core=5
job 38_DOT_36 end 1785511156996
job 75_SUM_108 started 1785511156996 core=4
job 47_DOT_36 end 1785511187492
job 27_XPY_48 started 1785511187492 core=0
job 21_SUM_132 end 1785511228015
job 40_COPY_84 started 1785511228015 core=1
job 67_SUM_132 end 1785511253798
job 39_DOT_84 started 1785511253798 core=5
job 75_SUM_108 end 1785511260713
job 44_COPY_60 started 1785511260713 core=4
job 27_XPY_48 end 1785511265840
job 57_COPY_60 started 1785511265841 core=0
job 40_COPY_84 end 1785511361656
job 76_XPY_60 started 1785511361656 core=1
job 44_COPY_60 end 1785511380452
job 70_DOT_36 started 1785511380453 core=4
job 39_DOT_84 end 1785511381564
job 89_COPY_84 started 1785511381564 core=5
job 57_COPY_60 end 1785511384630
job 29_XPY_48 started 1785511384630 core=0
job 70_DOT_36 end 1785511435094
job 36_SUM_132 started 1785511435095 core=4
job 29_XPY_48 end 1785511459614
job 53_DOT_36 started 1785511459614 core=0
job 76_XPY_60 end 1785511470848
job 46_SUM_84 started 1785511470849 core=1
job 53_DOT_36 end 1785511500884
job 23_TGAMMA_120 started 1785511500885 core=0
job 36_SUM_132 end 1785511524411
job 58_XPY_60 started 1785511524411 core=4
job 89_COPY_84 end 1785511537904
job 41_XPY_60 started 1785511537904 core=5
job 46_SUM_84 end 1785511553978
job 93_DOT_36 started 1785511553978 core=1
job 23_TGAMMA_120 end 1785511571865
job 55_DOT_84 started 1785511571865 core=0
job 58_XPY_60 end 1785511605670
job 24_SUM_108 started 1785511605670 core=4
job 93_DOT_36 end 1785511611311
job 68_COPY_60 started 1785511611311 core=1
job 41_XPY_60 end 1785511641444
job 63_DOT_36 started 1785511641444 core=5
job 55_DOT_84 end 1785511678645
job 77_SUM_132 started 1785511678645 core=0
job 24_SUM_108 end 1785511691768
job 56_DOT_84 started 1785511691768 core=4
job 63_DOT_36 end 1785511705865
job 37_COPY_84 started 1785511705865 core=5
job 68_COPY_60 end 1785511735503
job 64_DOT_84 started 1785511735504 core=1
job 77_SUM_132 end 1785511784654
job 50_DOT_84 started 1785511784655 core=0
job 56_DOT_84 end 1785511789057
job 84_XPY_60 started 1785511789057 core=4
job 37_COPY_84 end 1785511862871
job 61_XPY_60 started 1785511862874 core=5
job 64_DOT_84 end 1785511876857
job 42_DOT_36 started 1785511876858 core=1
job 84_XPY_60 end 1785511892900
job 83_SUM_108 started 1785511892900 core=4
job 50_DOT_84 end 1785511912938
job 79_DOT_84 started 1785511912938 core=0
job 42_DOT_36 end 1785511939548
job 65_XPY_60 started 1785511939549 core=1
job 61_XPY_60 end 1785511978767
job 99_COPY_84 started 1785511978767 core=5
job 83_SUM_108 end 1785511981062
job 86_COPY_84 started 1785511981062 core=4
job 79_DOT_84 end 1785512017535
job 69_DOT_84 started 1785512017536 core=0
job 65_XPY_60 end 1785512057811
job 88_SUM_108 started 1785512057811 core=1
job 86_COPY_84 end 1785512119219
job 73_SUM_108 started 1785512119219 core=4
job 99_COPY_84 end 1785512130304
job 95_COPY_84 started 1785512130304 core=5
job 69_DOT_84 end 1785512142280
job 43_SUM_132 started 1785512142281 core=0
job 88_SUM_108 end 1785512167206
job 74_SUM_84 started 1785512167206 core=1
job 73_SUM_108 end 1785512196878
job 45_COPY_84 started 1785512196878 core=4
job 43_SUM_132 end 1785512247098
job 78_DOT_84 started 1785512247098 core=0
job 74_SUM_84 end 1785512251099
job 54_POW_12 started 1785512251099 core=1
job 95_COPY_84 end 1785512263969
job 80_XPY_48 started 1785512263969 core=5
job 54_POW_12 end 1785512298864
job 82_SUM_132 started 1785512298864 core=1
job 45_COPY_84 end 1785512330779
job 87_DOT_84 started 1785512330779 core=4
job 80_XPY_48 end 1785512336963
job 62_SUM_132 started 1785512336963 core=5
job 78_DOT_84 end 1785512376947
job 96_SUM_132 started 1785512376948 core=0
job 82_SUM_132 end 1785512406665
job 81_COPY_60 started 1785512406666 core=1
job 87_DOT_84 end 1785512441602
job 85_SUM_132 started 1785512441602 core=4
job 62_SUM_132 end 1785512449514
job 90_SUM_132 started 1785512449514 core=5
job 96_SUM_132 end 1785512481137
job 92_SUM_108 started 1785512481137 core=0
job 81_COPY_60 end 1785512508145
job 71_POW_36 started 1785512508146 core=1
job 85_SUM_132 end 1785512532541
job 72_SUM_84 started 1785512532541 core=4
job 92_SUM_108 end 1785512557488
job 91_SUM_108 started 1785512557488 core=0
job 90_SUM_132 end 1785512562144
job 94_DOT_36 started 1785512562145 core=5
job 72_SUM_84 end 1785512592888
job 97_DOT_36 started 1785512592888 core=4
job 94_DOT_36 end 1785512607081
job 98_DOT_84 started 1785512607082 core=5
job 71_POW_36 end 1785512631188
job 97_DOT_36 end 1785512636652
job 91_SUM_108 end 1785512640207
job 98_DOT_84 end 1785512664060
  итерация 0: 2404104 ms
job 6_SUM_108 started 1785512664061 core=5
job 4_DOT_84 started 1785512664061 core=0
job 20_DOT_36 started 1785512664061 core=4
job 27_XPY_48 started 1785512664061 core=1
job 20_DOT_36 end 1785512713681
job 7_SUM_132 started 1785512713698 core=4
job 27_XPY_48 end 1785512746767
job 26_XPY_60 started 1785512746768 core=1
job 4_DOT_84 end 1785512770007
job 1_XPY_48 started 1785512770007 core=0
job 6_SUM_108 end 1785512776949
job 32_SUM_108 started 1785512776950 core=5
job 7_SUM_132 end 1785512828231
job 2_DOT_36 started 1785512828231 core=4
job 26_XPY_60 end 1785512838601
job 8_XPY_60 started 1785512838601 core=1
job 1_XPY_48 end 1785512845749
job 10_DOT_36 started 1785512845749 core=0
job 2_DOT_36 end 1785512880214
job 13_COPY_84 started 1785512880214 core=4
job 32_SUM_108 end 1785512888718
job 9_SUM_108 started 1785512888718 core=5
job 10_DOT_36 end 1785512897103
job 0_DOT_84 started 1785512897103 core=0
job 8_XPY_60 end 1785512931612
job 19_XPY_48 started 1785512931612 core=1
job 9_SUM_108 end 1785512993289
job 23_TGAMMA_120 started 1785512993290 core=5
job 19_XPY_48 end 1785513003363
job 15_XPY_48 started 1785513003364 core=1
job 13_COPY_84 end 1785513021059
job 21_SUM_132 started 1785513021059 core=4
job 0_DOT_84 end 1785513028020
job 3_TGAMMA_60 started 1785513028021 core=0
job 15_XPY_48 end 1785513060825
job 11_POW_12 started 1785513060825 core=1
job 3_TGAMMA_60 end 1785513062814
job 5_SUM_84 started 1785513062814 core=0
job 23_TGAMMA_120 end 1785513065014
job 29_XPY_48 started 1785513065014 core=5
job 21_SUM_132 end 1785513087422
job 12_DOT_84 started 1785513087423 core=4
job 11_POW_12 end 1785513110375
job 31_POW_12 started 1785513110376 core=1
job 5_SUM_84 end 1785513124269
job 24_SUM_108 started 1785513124269 core=0
job 29_XPY_48 end 1785513143277
job 18_POW_12 started 1785513143278 core=5
job 31_POW_12 end 1785513157453
job 45_COPY_84 started 1785513157453 core=1
job 12_DOT_84 end 1785513181743
job 53_DOT_36 started 1785513181743 core=4
job 18_POW_12 end 1785513186933
job 62_SUM_132 started 1785513186934 core=5
job 24_SUM_108 end 1785513211581
job 33_POW_36 started 1785513211581 core=0
job 53_DOT_36 end 1785513222865
job 57_COPY_60 started 1785513222865 core=4
job 45_COPY_84 end 1785513287655
job 35_XPY_60 started 1785513287655 core=1
job 57_COPY_60 end 1785513313879
job 46_SUM_84 started 1785513313879 core=4
job 62_SUM_132 end 1785513313900
job 58_XPY_60 started 1785513313900 core=5
job 33_POW_36 end 1785513335284
job 39_DOT_84 started 1785513335284 core=0
job 46_SUM_84 end 1785513373178
job 44_COPY_60 started 1785513373178 core=4
job 35_XPY_60 end 1785513405254
job 48_XPY_48 started 1785513405254 core=1
job 58_XPY_60 end 1785513434057
job 71_POW_36 started 1785513434057 core=5
job 39_DOT_84 end 1785513449490
job 14_DOT_84 started 1785513449491 core=0
job 44_COPY_60 end 1785513470410
job 16_COPY_84 started 1785513470410 core=4
job 48_XPY_48 end 1785513483384
job 17_POW_12 started 1785513483385 core=1
job 17_POW_12 end 1785513515723
job 25_TGAMMA_60 started 1785513515724 core=1
job 71_POW_36 end 1785513542460
job 22_XPY_60 started 1785513542460 core=5
job 25_TGAMMA_60 end 1785513550435
job 36_SUM_132 started 1785513550435 core=1
job 14_DOT_84 end 1785513574175
job 34_DOT_84 started 1785513574175 core=0
job 16_COPY_84 end 1785513604259
job 38_DOT_36 started 1785513604259 core=4
job 22_XPY_60 end 1785513632727
job 42_DOT_36 started 1785513632727 core=5
job 38_DOT_36 end 1785513655595
job 37_COPY_84 started 1785513655595 core=4
job 42_DOT_36 end 1785513676991
job 40_COPY_84 started 1785513676993 core=5
job 36_SUM_132 end 1785513679016
job 28_COPY_84 started 1785513679017 core=1
job 34_DOT_84 end 1785513703739
job 43_SUM_132 started 1785513703740 core=0
job 37_COPY_84 end 1785513783537
job 51_DOT_84 started 1785513783537 core=4
job 43_SUM_132 end 1785513819446
job 52_COPY_60 started 1785513819447 core=0
job 40_COPY_84 end 1785513844992
job 84_XPY_60 started 1785513844992 core=5
job 28_COPY_84 end 1785513847720
job 63_DOT_36 started 1785513847721 core=1
job 51_DOT_84 end 1785513900327
job 65_XPY_60 started 1785513900328 core=4
job 63_DOT_36 end 1785513905985
job 59_COPY_60 started 1785513905986 core=1
job 52_COPY_60 end 1785513924103
job 74_SUM_84 started 1785513924103 core=0
job 84_XPY_60 end 1785513950191
job 81_COPY_60 started 1785513950191 core=5
job 65_XPY_60 end 1785513989608
job 66_COPY_84 started 1785513989608 core=4
job 74_SUM_84 end 1785514002845
job 96_SUM_132 started 1785514002845 core=0
job 59_COPY_60 end 1785514024649
job 76_XPY_60 started 1785514024650 core=1
job 81_COPY_60 end 1785514069910
job 98_DOT_84 started 1785514069910 core=5
job 66_COPY_84 end 1785514110670
job 83_SUM_108 started 1785514110671 core=4
job 96_SUM_132 end 1785514123766
job 85_SUM_132 started 1785514123767 core=0
job 76_XPY_60 end 1785514132328
job 30_XPY_48 started 1785514132329 core=1
job 83_SUM_108 end 1785514185445
job 41_XPY_60 started 1785514185445 core=4
job 98_DOT_84 end 1785514212204
job 86_COPY_84 started 1785514212205 core=5
job 30_XPY_48 end 1785514219657
job 50_DOT_84 started 1785514219657 core=1
job 85_SUM_132 end 1785514226463
job 60_SUM_108 started 1785514226463 core=0
job 41_XPY_60 end 1785514276128
job 54_POW_12 started 1785514276128 core=4
job 54_POW_12 end 1785514311016
job 47_DOT_36 started 1785514311016 core=4
job 60_SUM_108 end 1785514312902
job 55_DOT_84 started 1785514312902 core=0
job 47_DOT_36 end 1785514360599
job 99_COPY_84 started 1785514360599 core=4
job 50_DOT_84 end 1785514361284
job 49_COPY_60 started 1785514361284 core=1
job 86_COPY_84 end 1785514363324
job 64_DOT_84 started 1785514363324 core=5
job 55_DOT_84 end 1785514441282
job 61_XPY_60 started 1785514441282 core=0
job 49_COPY_60 end 1785514463568
job 82_SUM_132 started 1785514463568 core=1
job 64_DOT_84 end 1785514487500
job 56_DOT_84 started 1785514487501 core=5
job 99_COPY_84 end 1785514524646
job 91_SUM_108 started 1785514524647 core=4
job 61_XPY_60 end 1785514556852
job 94_DOT_36 started 1785514556853 core=0
job 82_SUM_132 end 1785514570828
job 90_SUM_132 started 1785514570829 core=1
job 56_DOT_84 end 1785514586503
job 79_DOT_84 started 1785514586503 core=5
job 94_DOT_36 end 1785514602703
job 69_DOT_84 started 1785514602703 core=0
job 91_SUM_108 end 1785514629081
job 70_DOT_36 started 1785514629081 core=4
job 70_DOT_36 end 1785514683765
job 67_SUM_132 started 1785514683765 core=4
job 90_SUM_132 end 1785514691299
job 72_SUM_84 started 1785514691300 core=1
job 79_DOT_84 end 1785514694475
job 95_COPY_84 started 1785514694475 core=5
job 69_DOT_84 end 1785514717621
job 68_COPY_60 started 1785514717622 core=0
job 72_SUM_84 end 1785514768743
job 77_SUM_132 started 1785514768744 core=1
job 68_COPY_60 end 1785514807530
job 80_XPY_48 started 1785514807530 core=0
job 67_SUM_132 end 1785514807694
job 97_DOT_36 started 1785514807694 core=4
job 95_COPY_84 end 1785514829043
job 73_SUM_108 started 1785514829043 core=5
job 97_DOT_36 end 1785514869182
job 75_SUM_108 started 1785514869182 core=4
job 77_SUM_132 end 1785514873763
job 78_DOT_84 started 1785514873763 core=1
job 80_XPY_48 end 1785514893197
job 87_DOT_84 started 1785514893197 core=0
job 73_SUM_108 end 1785514910940
job 88_SUM_108 started 1785514910940 core=5
job 75_SUM_108 end 1785514971865
job 89_COPY_84 started 1785514971866 core=4
job 78_DOT_84 end 1785514978966
job 92_SUM_108 started 1785514978966 core=1
job 88_SUM_108 end 1785515002257
job 93_DOT_36 started 1785515002257 core=5
job 87_DOT_84 end 1785515012827
job 93_DOT_36 end 1785515042411
job 92_SUM_108 end 1785515050954
job 89_COPY_84 end 1785515063584
  итерация 1: 2399523 ms
job 6_SUM_108 started 1785515063584 core=4
job 8_XPY_60 started 1785515063584 core=5
job 4_DOT_84 started 1785515063584 core=1
job 22_XPY_60 started 1785515063585 core=0
job 22_XPY_60 end 1785515153949
job 24_SUM_108 started 1785515153949 core=0
job 6_SUM_108 end 1785515166609
job 38_DOT_36 started 1785515166609 core=4
job 8_XPY_60 end 1785515166897
job 46_SUM_84 started 1785515166897 core=5
job 4_DOT_84 end 1785515192993
job 31_POW_12 started 1785515192993 core=1
job 38_DOT_36 end 1785515211710
job 18_POW_12 started 1785515211710 core=4
job 31_POW_12 end 1785515230085
job 50_DOT_84 started 1785515230085 core=1
job 46_SUM_84 end 1785515230847
job 19_XPY_48 started 1785515230847 core=5
job 24_SUM_108 end 1785515237114
job 30_XPY_48 started 1785515237114 core=0
job 18_POW_12 end 1785515250555
job 0_DOT_84 started 1785515250556 core=4
job 19_XPY_48 end 1785515312733
job 7_SUM_132 started 1785515312733 core=5
job 30_XPY_48 end 1785515318030
job 14_DOT_84 started 1785515318030 core=0
job 50_DOT_84 end 1785515353954
job 61_XPY_60 started 1785515353955 core=1
job 0_DOT_84 end 1785515380725
job 3_TGAMMA_60 started 1785515380725 core=4
job 14_DOT_84 end 1785515415431
job 9_SUM_108 started 1785515415432 core=0
job 3_TGAMMA_60 end 1785515415729
job 5_SUM_84 started 1785515415730 core=4
job 7_SUM_132 end 1785515447708
job 16_COPY_84 started 1785515447708 core=5
job 61_XPY_60 end 1785515451586
job 23_TGAMMA_120 started 1785515451587 core=1
job 5_SUM_84 end 1785515471746
job 1_XPY_48 started 1785515471746 core=4
job 9_SUM_108 end 1785515492754
job 10_DOT_36 started 1785515492754 core=0
job 23_TGAMMA_120 end 1785515522790
job 33_POW_36 started 1785515522791 core=1
job 1_XPY_48 end 1785515546416
job 15_XPY_48 started 1785515546416 core=4
job 10_DOT_36 end 1785515548081
job 2_DOT_36 started 1785515548081 core=0
job 16_COPY_84 end 1785515560863
job 12_DOT_84 started 1785515560864 core=5
job 2_DOT_36 end 1785515608557
job 21_SUM_132 started 1785515608557 core=0
job 15_XPY_48 end 1785515629278
job 32_SUM_108 started 1785515629278 core=4
job 33_POW_36 end 1785515648894
job 13_COPY_84 started 1785515648894 core=1
job 12_DOT_84 end 1785515661733
job 11_POW_12 started 1785515661733 core=5
job 32_SUM_108 end 1785515702514
job 60_SUM_108 started 1785515702514 core=4
job 21_SUM_132 end 1785515705539
job 39_DOT_84 started 1785515705539 core=0
job 11_POW_12 end 1785515710388
job 48_XPY_48 started 1785515710388 core=5
job 60_SUM_108 end 1785515787116
job 65_XPY_60 started 1785515787117 core=4
job 39_DOT_84 end 1785515803127
job 62_SUM_132 started 1785515803127 core=0
job 48_XPY_48 end 1785515808698
job 73_SUM_108 started 1785515808699 core=5
job 13_COPY_84 end 1785515818085
job 20_DOT_36 started 1785515818085 core=1
job 20_DOT_36 end 1785515860452
job 52_COPY_60 started 1785515860452 core=1
job 65_XPY_60 end 1785515882205
job 27_XPY_48 started 1785515882205 core=4
job 73_SUM_108 end 1785515907645
job 64_DOT_84 started 1785515907645 core=5
job 62_SUM_132 end 1785515936855
job 67_SUM_132 started 1785515936856 core=0
job 27_XPY_48 end 1785515956672
job 37_COPY_84 started 1785515956673 core=4
job 52_COPY_60 end 1785515956726
job 75_SUM_108 started 1785515956726 core=1
job 64_DOT_84 end 1785516018863
job 68_COPY_60 started 1785516018863 core=5
job 75_SUM_108 end 1785516049900
job 81_COPY_60 started 1785516049901 core=1
job 67_SUM_132 end 1785516071013
job 29_XPY_48 started 1785516071013 core=0
job 37_COPY_84 end 1785516092452
job 17_POW_12 started 1785516092452 core=4
job 68_COPY_60 end 1785516124088
job 34_DOT_84 started 1785516124088 core=5
job 17_POW_12 end 1785516139206
job 26_XPY_60 started 1785516139206 core=4
job 29_XPY_48 end 1785516143254
job 40_COPY_84 started 1785516143254 core=0
job 81_COPY_60 end 1785516157465
job 78_DOT_84 started 1785516157465 core=1
job 34_DOT_84 end 1785516238852
job 49_COPY_60 started 1785516238852 core=5
job 26_XPY_60 end 1785516259890
job 57_COPY_60 started 1785516259891 core=4
job 78_DOT_84 end 1785516271803
job 35_XPY_60 started 1785516271803 core=1
job 40_COPY_84 end 1785516322429
job 25_TGAMMA_60 started 1785516322429 core=0
job 49_COPY_60 end 1785516348760
job 28_COPY_84 started 1785516348760 core=5
job 57_COPY_60 end 1785516351598
job 88_SUM_108 started 1785516351598 core=4
job 25_TGAMMA_60 end 1785516357655
job 41_XPY_60 started 1785516357656 core=0
job 35_XPY_60 end 1785516377252
job 55_DOT_84 started 1785516377252 core=1
job 41_XPY_60 end 1785516446320
job 97_DOT_36 started 1785516446320 core=0
job 88_SUM_108 end 1785516449281
job 83_SUM_108 started 1785516449281 core=4
job 97_DOT_36 end 1785516489067
job 86_COPY_84 started 1785516489068 core=0
job 28_COPY_84 end 1785516501332
job 47_DOT_36 started 1785516501332 core=5
job 55_DOT_84 end 1785516514321
job 45_COPY_84 started 1785516514321 core=1
job 83_SUM_108 end 1785516546584
job 36_SUM_132 started 1785516546584 core=4
job 47_DOT_36 end 1785516556499
job 98_DOT_84 started 1785516556499 core=5
job 86_COPY_84 end 1785516621233
job 42_DOT_36 started 1785516621233 core=0
job 45_COPY_84 end 1785516661734
job 51_DOT_84 started 1785516661734 core=1
job 42_DOT_36 end 1785516663755
job 66_COPY_84 started 1785516663756 core=0
job 36_SUM_132 end 1785516664750
job 72_SUM_84 started 1785516664751 core=4
job 98_DOT_84 end 1785516691109
job 89_COPY_84 started 1785516691109 core=5
job 72_SUM_84 end 1785516748974
job 59_COPY_60 started 1785516748974 core=4
job 51_DOT_84 end 1785516789136
job 90_SUM_132 started 1785516789137 core=1
job 66_COPY_84 end 1785516808093
job 70_DOT_36 started 1785516808093 core=0
job 89_COPY_84 end 1785516826111
job 43_SUM_132 started 1785516826112 core=5
job 59_COPY_60 end 1785516863062
job 53_DOT_36 started 1785516863063 core=4
job 70_DOT_36 end 1785516869301
job 58_XPY_60 started 1785516869302 core=0
job 90_SUM_132 end 1785516890683
job 44_COPY_60 started 1785516890683 core=1
job 53_DOT_36 end 1785516922252
job 92_SUM_108 started 1785516922252 core=4
job 43_SUM_132 end 1785516929022
job 77_SUM_132 started 1785516929023 core=5
job 58_XPY_60 end 1785516967307
job 93_DOT_36 started 1785516967309 core=0
job 44_COPY_60 end 1785516982352
job 82_SUM_132 started 1785516982352 core=1
job 93_DOT_36 end 1785517011703
job 54_POW_12 started 1785517011703 core=0
job 92_SUM_108 end 1785517019936
job 56_DOT_84 started 1785517019936 core=4
job 77_SUM_132 end 1785517040691
job 74_SUM_84 started 1785517040691 core=5
job 54_POW_12 end 1785517054579
job 84_XPY_60 started 1785517054579 core=0
job 82_SUM_132 end 1785517077940
job 76_XPY_60 started 1785517077940 core=1
job 74_SUM_84 end 1785517108936
job 71_POW_36 started 1785517108936 core=5
job 56_DOT_84 end 1785517145076
job 94_DOT_36 started 1785517145077 core=4
job 84_XPY_60 end 1785517157235
job 85_SUM_132 started 1785517157235 core=0
job 76_XPY_60 end 1785517168106
job 79_DOT_84 started 1785517168107 core=1
job 94_DOT_36 end 1785517190727
job 87_DOT_84 started 1785517190728 core=4
job 71_POW_36 end 1785517248564
job 99_COPY_84 started 1785517248565 core=5
job 85_SUM_132 end 1785517270939
job 80_XPY_48 started 1785517270940 core=0
job 79_DOT_84 end 1785517282553
job 63_DOT_36 started 1785517282554 core=1
job 87_DOT_84 end 1785517298762
job 91_SUM_108 started 1785517298762 core=4
job 63_DOT_36 end 1785517340897
job 95_COPY_84 started 1785517340897 core=1
job 80_XPY_48 end 1785517348614
job 69_DOT_84 started 1785517348615 core=0
job 91_SUM_108 end 1785517391088
job 96_SUM_132 started 1785517391089 core=4
job 99_COPY_84 end 1785517408962
job 69_DOT_84 end 1785517441883
job 95_COPY_84 end 1785517465116
job 96_SUM_132 end 1785517465528
  итерация 2: 2401944 ms
  среднее по 3 итерациям: 2401857 ms
=== Выполняется проект: no_po_memory_3.txt (100 работ, базовый прогон oneTBB) ===
job 1_XPY_60 started 1785517465529 core=4
job 3_DOT_84 started 1785517465529 core=0
job 0_XPY_48 started 1785517465529 core=1
job 8_SUM_132 started 1785517465529 core=5
job 0_XPY_48 end 1785517538016
job 4_DOT_84 started 1785517538016 core=1
job 1_XPY_60 end 1785517570999
job 7_COPY_60 started 1785517570999 core=4
job 8_SUM_132 end 1785517587738
job 23_POW_36 started 1785517587739 core=5
job 3_DOT_84 end 1785517606525
job 48_POW_36 started 1785517606525 core=0
job 4_DOT_84 end 1785517633927
job 6_DOT_84 started 1785517633927 core=1
job 7_COPY_60 end 1785517673608
job 11_XPY_60 started 1785517673609 core=4
job 23_POW_36 end 1785517702670
job 2_XPY_60 started 1785517702670 core=5
job 6_DOT_84 end 1785517733980
job 9_XPY_60 started 1785517733980 core=1
job 48_POW_36 end 1785517750791
job 31_DOT_84 started 1785517750792 core=0
job 11_XPY_60 end 1785517763200
job 16_SUM_108 started 1785517763200 core=4
job 2_XPY_60 end 1785517815362
job 20_SUM_108 started 1785517815362 core=5
job 31_DOT_84 end 1785517849666
job 36_COPY_60 started 1785517849666 core=0
job 16_SUM_108 end 1785517850411
job 62_DOT_84 started 1785517850411 core=4
job 9_XPY_60 end 1785517855029
job 13_COPY_84 started 1785517855029 core=1
job 20_SUM_108 end 1785517922110
job 5_SUM_108 started 1785517922110 core=5
job 36_COPY_60 end 1785517957585
job 10_DOT_36 started 1785517957585 core=0
job 62_DOT_84 end 1785517973983
job 32_DOT_84 started 1785517973984 core=4
job 13_COPY_84 end 1785517986212
job 17_SUM_132 started 1785517986212 core=1
job 10_DOT_36 end 1785518008979
job 14_SUM_108 started 1785518008979 core=0
job 5_SUM_108 end 1785518020688
job 15_DOT_36 started 1785518020688 core=5
job 15_DOT_36 end 1785518067187
job 29_SUM_108 started 1785518067188 core=5
job 32_DOT_84 end 1785518085731
job 39_XPY_60 started 1785518085731 core=4
job 17_SUM_132 end 1785518093668
job 71_SUM_84 started 1785518093668 core=1
job 14_SUM_108 end 1785518112477
job 33_SUM_132 started 1785518112477 core=0
job 29_SUM_108 end 1785518142863
job 21_SUM_84 started 1785518142864 core=5
job 71_SUM_84 end 1785518150944
job 50_SUM_132 started 1785518150944 core=1
job 39_XPY_60 end 1785518184735
job 12_COPY_60 started 1785518184735 core=4
job 21_SUM_84 end 1785518200456
job 18_SUM_132 started 1785518200456 core=5
job 50_SUM_132 end 1785518241014
job 42_XPY_48 started 1785518241014 core=1
job 33_SUM_132 end 1785518256485
job 37_SUM_132 started 1785518256485 core=0
job 12_COPY_60 end 1785518280151
job 19_TGAMMA_12 started 1785518280152 core=4
job 19_TGAMMA_12 end 1785518287184
job 34_XPY_60 started 1785518287184 core=4
job 18_SUM_132 end 1785518308560
job 81_COPY_84 started 1785518308560 core=5
job 42_XPY_48 end 1785518315048
job 22_SUM_132 started 1785518315048 core=1
job 34_XPY_60 end 1785518375307
job 44_XPY_48 started 1785518375307 core=4
job 37_SUM_132 end 1785518377431
job 26_XPY_60 started 1785518377431 core=0
job 81_COPY_84 end 1785518434167
job 54_SUM_132 started 1785518434167 core=5
job 22_SUM_132 end 1785518437553
job 24_XPY_48 started 1785518437553 core=1
job 44_XPY_48 end 1785518468204
job 40_COPY_84 started 1785518468204 core=4
job 26_XPY_60 end 1785518493650
job 83_COPY_84 started 1785518493650 core=0
job 24_XPY_48 end 1785518504663
job 35_SUM_108 started 1785518504664 core=1
job 54_SUM_132 end 1785518540781
job 45_TGAMMA_120 started 1785518540781 core=5
job 35_SUM_108 end 1785518562264
job 47_XPY_48 started 1785518562264 core=1
job 45_TGAMMA_120 end 1785518611158
job 27_XPY_48 started 1785518611159 core=5
job 47_XPY_48 end 1785518616788
job 77_SUM_108 started 1785518616789 core=1
job 40_COPY_84 end 1785518634731
job 98_DOT_36 started 1785518634732 core=4
job 83_COPY_84 end 1785518655936
job 59_XPY_60 started 1785518655936 core=0
job 27_XPY_48 end 1785518685743
job 25_DOT_84 started 1785518685743 core=5
job 98_DOT_36 end 1785518692601
job 69_COPY_60 started 1785518692602 core=4
job 77_SUM_108 end 1785518712619
job 70_SUM_84 started 1785518712620 core=1
job 59_XPY_60 end 1785518773680
job 51_SUM_132 started 1785518773680 core=0
job 70_SUM_84 end 1785518778994
job 60_XPY_48 started 1785518778994 core=1
job 25_DOT_84 end 1785518780025
job 38_SUM_84 started 1785518780025 core=5
job 69_COPY_60 end 1785518813266
job 63_COPY_84 started 1785518813266 core=4
job 60_XPY_48 end 1785518852774
job 30_XPY_48 started 1785518852774 core=1
job 38_SUM_84 end 1785518857888
job 56_COPY_60 started 1785518857888 core=5
job 51_SUM_132 end 1785518899638
job 52_SUM_108 started 1785518899639 core=0
job 63_COPY_84 end 1785518935621
job 67_COPY_60 started 1785518935621 core=4
job 30_XPY_48 end 1785518939862
job 28_SUM_84 started 1785518939862 core=1
job 56_COPY_60 end 1785518970984
job 78_COPY_84 started 1785518970985 core=5
job 52_SUM_108 end 1785519002172
job 41_COPY_60 started 1785519002172 core=0
job 28_SUM_84 end 1785519019213
job 55_DOT_36 started 1785519019213 core=1
job 67_COPY_60 end 1785519031507
job 43_COPY_84 started 1785519031507 core=4
job 55_DOT_36 end 1785519073918
job 57_COPY_84 started 1785519073919 core=1
job 78_COPY_84 end 1785519105293
job 89_SUM_132 started 1785519105293 core=5
job 41_COPY_60 end 1785519117972
job 65_TGAMMA_60 started 1785519117973 core=0
job 65_TGAMMA_60 end 1785519153483
job 61_SUM_108 started 1785519153484 core=0
job 43_COPY_84 end 1785519167626
job 68_SUM_108 started 1785519167626 core=4
job 57_COPY_84 end 1785519206501
job 79_COPY_60 started 1785519206501 core=1
job 61_SUM_108 end 1785519231098
job 82_COPY_60 started 1785519231098 core=0
job 89_SUM_132 end 1785519237573
job 75_COPY_84 started 1785519237574 core=5
job 68_SUM_108 end 1785519244732
job 76_XPY_48 started 1785519244732 core=4
job 79_COPY_60 end 1785519313054
job 94_SUM_108 started 1785519313055 core=1
job 76_XPY_48 end 1785519329423
job 84_COPY_60 started 1785519329423 core=4
job 82_COPY_60 end 1785519344104
job 99_SUM_84 started 1785519344104 core=0
job 75_COPY_84 end 1785519376447
job 72_TGAMMA_120 started 1785519376447 core=5
job 94_SUM_108 end 1785519393873
job 87_XPY_48 started 1785519393873 core=1
job 84_COPY_60 end 1785519421555
job 73_XPY_60 started 1785519421555 core=4
job 99_SUM_84 end 1785519424653
job 85_SUM_132 started 1785519424653 core=0
job 72_TGAMMA_120 end 1785519447352
job 46_TGAMMA_60 started 1785519447353 core=5
job 87_XPY_48 end 1785519449816
job 86_TGAMMA_60 started 1785519449816 core=1
job 46_TGAMMA_60 end 1785519481718
job 74_SUM_108 started 1785519481719 core=5
job 86_TGAMMA_60 end 1785519484052
job 49_TGAMMA_60 started 1785519484052 core=1
job 73_XPY_60 end 1785519487805
job 53_XPY_48 started 1785519487805 core=4
job 49_TGAMMA_60 end 1785519518959
job 80_SUM_108 started 1785519518959 core=1
job 85_SUM_132 end 1785519530378
job 58_XPY_48 started 1785519530378 core=0
job 74_SUM_108 end 1785519534362
job 93_XPY_60 started 1785519534362 core=5
job 53_XPY_48 end 1785519572311
job 97_DOT_36 started 1785519572312 core=4
job 80_SUM_108 end 1785519617078
job 91_DOT_36 started 1785519617079 core=1
job 58_XPY_48 end 1785519618187
job 92_XPY_60 started 1785519618187 core=0
job 93_XPY_60 end 1785519622218
job 95_COPY_84 started 1785519622218 core=5
job 97_DOT_36 end 1785519629957
job 96_COPY_60 started 1785519629958 core=4
job 91_DOT_36 end 1785519672358
job 64_SUM_132 started 1785519672358 core=1
job 92_XPY_60 end 1785519728496
job 66_SUM_132 started 1785519728496 core=0
job 96_COPY_60 end 1785519749425
job 88_TGAMMA_120 started 1785519749425 core=4
job 95_COPY_84 end 1785519751589
job 90_COPY_60 started 1785519751589 core=5
job 64_SUM_132 end 1785519793587
job 66_SUM_132 end 1785519796426
job 90_COPY_60 end 1785519811453
job 88_TGAMMA_120 end 1785519818558
  итерация 0: 2353029 ms
job 3_DOT_84 started 1785519818558 core=5
job 2_XPY_60 started 1785519818558 core=4
job 15_DOT_36 started 1785519818558 core=0
job 33_SUM_132 started 1785519818558 core=1
job 15_DOT_36 end 1785519882989
job 0_XPY_48 started 1785519883006 core=0
job 3_DOT_84 end 1785519915739
job 19_TGAMMA_12 started 1785519915739 core=5
job 33_SUM_132 end 1785519921439
job 36_COPY_60 started 1785519921439 core=1
job 19_TGAMMA_12 end 1785519922749
job 1_XPY_60 started 1785519922749 core=5
job 2_XPY_60 end 1785519936403
job 38_SUM_84 started 1785519936403 core=4
job 0_XPY_48 end 1785519968721
job 9_XPY_60 started 1785519968721 core=0
job 38_SUM_84 end 1785520013711
job 18_SUM_132 started 1785520013711 core=4
job 1_XPY_60 end 1785520033096
job 8_SUM_132 started 1785520033097 core=5
job 36_COPY_60 end 1785520040914
job 23_POW_36 started 1785520040914 core=1
job 9_XPY_60 end 1785520055239
job 11_XPY_60 started 1785520055240 core=0
job 8_SUM_132 end 1785520118177
job 4_DOT_84 started 1785520118177 core=5
job 23_POW_36 end 1785520147888
job 12_COPY_60 started 1785520147888 core=1
job 18_SUM_132 end 1785520148194
job 25_DOT_84 started 1785520148194 core=4
job 11_XPY_60 end 1785520148944
job 13_COPY_84 started 1785520148944 core=0
job 4_DOT_84 end 1785520240890
job 5_SUM_108 started 1785520240892 core=5
job 12_COPY_60 end 1785520250114
job 14_SUM_108 started 1785520250114 core=1
job 25_DOT_84 end 1785520287257
job 16_SUM_108 started 1785520287257 core=4
job 13_COPY_84 end 1785520297199
job 10_DOT_36 started 1785520297199 core=0
job 5_SUM_108 end 1785520320123
job 6_DOT_84 started 1785520320123 core=5
job 14_SUM_108 end 1785520328247
job 20_SUM_108 started 1785520328248 core=1
job 10_DOT_36 end 1785520342897
job 26_XPY_60 started 1785520342897 core=0
job 16_SUM_108 end 1785520393264
job 21_SUM_84 started 1785520393264 core=4
job 20_SUM_108 end 1785520419426
job 31_DOT_84 started 1785520419426 core=1
job 6_DOT_84 end 1785520420896
job 7_COPY_60 started 1785520420896 core=5
job 26_XPY_60 end 1785520443537
job 17_SUM_132 started 1785520443538 core=0
job 21_SUM_84 end 1785520466827
job 37_SUM_132 started 1785520466828 core=4
job 7_COPY_60 end 1785520532579
job 35_SUM_108 started 1785520532580 core=5
job 17_SUM_132 end 1785520535135
job 41_COPY_60 started 1785520535135 core=0
job 31_DOT_84 end 1785520554791
job 24_XPY_48 started 1785520554792 core=1
job 37_SUM_132 end 1785520569410
job 28_SUM_84 started 1785520569411 core=4
job 41_COPY_60 end 1785520627364
job 45_TGAMMA_120 started 1785520627364 core=0
job 35_SUM_108 end 1785520629000
job 50_SUM_132 started 1785520629000 core=5
job 24_XPY_48 end 1785520629176
job 42_XPY_48 started 1785520629176 core=1
job 28_SUM_84 end 1785520638060
job 46_TGAMMA_60 started 1785520638061 core=4
job 46_TGAMMA_60 end 1785520672256
job 57_COPY_84 started 1785520672256 core=4
job 42_XPY_48 end 1785520677819
job 62_DOT_84 started 1785520677819 core=1
job 45_TGAMMA_120 end 1785520697192
job 40_COPY_84 started 1785520697193 core=0
job 50_SUM_132 end 1785520722798
job 54_SUM_132 started 1785520722798 core=5
job 62_DOT_84 end 1785520770804
job 58_XPY_48 started 1785520770804 core=1
job 57_COPY_84 end 1785520831874
job 68_SUM_108 started 1785520831877 core=4
job 54_SUM_132 end 1785520833911
job 29_SUM_108 started 1785520833912 core=5
job 58_XPY_48 end 1785520840869
job 30_XPY_48 started 1785520840869 core=1
job 40_COPY_84 end 1785520862230
job 59_XPY_60 started 1785520862230 core=0
job 30_XPY_48 end 1785520914376
job 56_COPY_60 started 1785520914377 core=1
job 29_SUM_108 end 1785520933814
job 79_COPY_60 started 1785520933814 core=5
job 68_SUM_108 end 1785520937122
job 82_COPY_60 started 1785520937122 core=4
job 59_XPY_60 end 1785520953474
job 80_SUM_108 started 1785520953475 core=0
job 56_COPY_60 end 1785521025412
job 22_SUM_132 started 1785521025412 core=1
job 82_COPY_60 end 1785521026552
job 88_TGAMMA_120 started 1785521026553 core=4
job 80_SUM_108 end 1785521039224
job 27_XPY_48 started 1785521039224 core=0
job 79_COPY_60 end 1785521044581
job 32_DOT_84 started 1785521044581 core=5
job 88_TGAMMA_120 end 1785521098735
job 34_XPY_60 started 1785521098735 core=4
job 27_XPY_48 end 1785521105124
job 44_XPY_48 started 1785521105124 core=0
job 22_SUM_132 end 1785521132869
job 47_XPY_48 started 1785521132869 core=1
job 32_DOT_84 end 1785521139440
job 48_POW_36 started 1785521139440 core=5
job 47_XPY_48 end 1785521199791
job 39_XPY_60 started 1785521199791 core=1
job 44_XPY_48 end 1785521200446
job 61_SUM_108 started 1785521200446 core=0
job 34_XPY_60 end 1785521212938
job 53_XPY_48 started 1785521212938 core=4
job 48_POW_36 end 1785521282800
job 70_SUM_84 started 1785521282801 core=5
job 53_XPY_48 end 1785521283406
job 71_SUM_84 started 1785521283406 core=4
job 39_XPY_60 end 1785521287393
job 52_SUM_108 started 1785521287393 core=1
job 61_SUM_108 end 1785521295041
job 60_XPY_48 started 1785521295042 core=0
job 70_SUM_84 end 1785521342890
job 63_COPY_84 started 1785521342891 core=5
job 71_SUM_84 end 1785521362442
job 67_COPY_60 started 1785521362442 core=4
job 52_SUM_108 end 1785521369203
job 83_COPY_84 started 1785521369203 core=1
job 60_XPY_48 end 1785521375338
job 87_XPY_48 started 1785521375339 core=0
job 87_XPY_48 end 1785521459478
job 81_COPY_84 started 1785521459481 core=0
job 67_COPY_60 end 1785521478302
job 95_COPY_84 started 1785521478302 core=4
job 63_COPY_84 end 1785521490856
job 96_COPY_60 started 1785521490857 core=5
job 83_COPY_84 end 1785521523629
job 86_TGAMMA_60 started 1785521523629 core=1
job 86_TGAMMA_60 end 1785521558779
job 97_DOT_36 started 1785521558779 core=1
job 96_COPY_60 end 1785521576255
job 90_COPY_60 started 1785521576255 core=5
job 97_DOT_36 end 1785521612380
job 93_XPY_60 started 1785521612381 core=1
job 81_COPY_84 end 1785521617898
job 43_COPY_84 started 1785521617899 core=0
job 95_COPY_84 end 1785521635848
job 94_SUM_108 started 1785521635849 core=4
job 90_COPY_60 end 1785521688842
job 49_TGAMMA_60 started 1785521688843 core=5
job 93_XPY_60 end 1785521709942
job 51_SUM_132 started 1785521709943 core=1
job 49_TGAMMA_60 end 1785521724292
job 55_DOT_36 started 1785521724292 core=5
job 94_SUM_108 end 1785521736024
job 64_SUM_132 started 1785521736024 core=4
job 43_COPY_84 end 1785521747178
job 66_SUM_132 started 1785521747178 core=0
job 55_DOT_36 end 1785521767700
job 75_COPY_84 started 1785521767700 core=5
job 51_SUM_132 end 1785521817893
job 69_COPY_60 started 1785521817894 core=1
job 64_SUM_132 end 1785521831414
job 77_SUM_108 started 1785521831414 core=4
job 66_SUM_132 end 1785521838497
job 78_COPY_84 started 1785521838498 core=0
job 77_SUM_108 end 1785521924098
job 85_SUM_132 started 1785521924099 core=4
job 75_COPY_84 end 1785521927883
job 91_DOT_36 started 1785521927883 core=5
job 69_COPY_60 end 1785521936324
job 99_SUM_84 started 1785521936325 core=1
job 78_COPY_84 end 1785521965266
job 98_DOT_36 started 1785521965267 core=0
job 91_DOT_36 end 1785521972988
job 65_TGAMMA_60 started 1785521972988 core=5
job 99_SUM_84 end 1785521992196
job 72_TGAMMA_120 started 1785521992196 core=1
job 98_DOT_36 end 1785522003869
job 73_XPY_60 started 1785522003869 core=0
job 65_TGAMMA_60 end 1785522007847
job 84_COPY_60 started 1785522007847 core=5
job 85_SUM_132 end 1785522035803
job 74_SUM_108 started 1785522035803 core=4
job 72_TGAMMA_120 end 1785522062432
job 89_SUM_132 started 1785522062432 core=1
job 84_COPY_60 end 1785522083429
job 76_XPY_48 started 1785522083429 core=5
job 73_XPY_60 end 1785522090014
job 92_XPY_60 started 1785522090014 core=0
job 74_SUM_108 end 1785522136841
job 76_XPY_48 end 1785522155739
job 92_XPY_60 end 1785522164986
job 89_SUM_132 end 1785522166128
  итерация 1: 2347570 ms
job 6_DOT_84 started 1785522166128 core=0
job 17_SUM_132 started 1785522166128 core=5
job 2_XPY_60 started 1785522166128 core=1
job 0_XPY_48 started 1785522166128 core=4
job 0_XPY_48 end 1785522247471
job 15_DOT_36 started 1785522247471 core=4
job 2_XPY_60 end 1785522257070
job 5_SUM_108 started 1785522257085 core=1
job 17_SUM_132 end 1785522289381
job 12_COPY_60 started 1785522289381 core=5
job 6_DOT_84 end 1785522296683
job 1_XPY_60 started 1785522296683 core=0
job 15_DOT_36 end 1785522299641
job 7_COPY_60 started 1785522299641 core=4
job 5_SUM_108 end 1785522351186
job 24_XPY_48 started 1785522351186 core=1
job 12_COPY_60 end 1785522384455
job 27_XPY_48 started 1785522384456 core=5
job 1_XPY_60 end 1785522404548
job 8_SUM_132 started 1785522404548 core=0
job 7_COPY_60 end 1785522416221
job 9_XPY_60 started 1785522416221 core=4
job 24_XPY_48 end 1785522439500
job 10_DOT_36 started 1785522439501 core=1
job 27_XPY_48 end 1785522472376
job 19_TGAMMA_12 started 1785522472376 core=5
job 19_TGAMMA_12 end 1785522479489
job 13_COPY_84 started 1785522479489 core=5
job 10_DOT_36 end 1785522490593
job 38_SUM_84 started 1785522490593 core=1
job 9_XPY_60 end 1785522504376
job 3_DOT_84 started 1785522504376 core=4
job 8_SUM_132 end 1785522529597
job 4_DOT_84 started 1785522529597 core=0
job 38_SUM_84 end 1785522578220
job 20_SUM_108 started 1785522578223 core=1
job 3_DOT_84 end 1785522614842
job 14_SUM_108 started 1785522614842 core=4
job 13_COPY_84 end 1785522620790
job 26_XPY_60 started 1785522620790 core=5
job 4_DOT_84 end 1785522640842
job 37_SUM_132 started 1785522640842 core=0
job 14_SUM_108 end 1785522693202
job 11_XPY_60 started 1785522693203 core=4
job 20_SUM_108 end 1785522695845
job 44_XPY_48 started 1785522695846 core=1
job 26_XPY_60 end 1785522723604
job 45_TGAMMA_120 started 1785522723604 core=5
job 37_SUM_132 end 1785522745584
job 18_SUM_132 started 1785522745585 core=0
job 44_XPY_48 end 1785522763510
job 21_SUM_84 started 1785522763510 core=1
job 11_XPY_60 end 1785522778492
job 22_SUM_132 started 1785522778493 core=4
job 45_TGAMMA_120 end 1785522794412
job 34_XPY_60 started 1785522794412 core=5
job 21_SUM_84 end 1785522809979
job 23_POW_36 started 1785522809979 core=1
job 18_SUM_132 end 1785522845388
job 31_DOT_84 started 1785522845389 core=0
job 22_SUM_132 end 1785522871793
job 16_SUM_108 started 1785522871794 core=4
job 34_XPY_60 end 1785522892747
job 35_SUM_108 started 1785522892747 core=5
job 31_DOT_84 end 1785522944081
job 25_DOT_84 started 1785522944081 core=0
job 23_POW_36 end 1785522948608
job 30_XPY_48 started 1785522948608 core=1
job 16_SUM_108 end 1785522962743
job 28_SUM_84 started 1785522962743 core=4
job 35_SUM_108 end 1785522979094
job 32_DOT_84 started 1785522979095 core=5
job 28_SUM_84 end 1785523032474
job 41_COPY_60 started 1785523032474 core=4
job 30_XPY_48 end 1785523034482
job 36_COPY_60 started 1785523034482 core=1
job 25_DOT_84 end 1785523046310
job 46_TGAMMA_60 started 1785523046310 core=0
job 46_TGAMMA_60 end 1785523081954
job 51_SUM_132 started 1785523081954 core=0
job 41_COPY_60 end 1785523115849
job 43_COPY_84 started 1785523115849 core=4
job 32_DOT_84 end 1785523120217
job 50_SUM_132 started 1785523120218 core=5
job 36_COPY_60 end 1785523132567
job 63_COPY_84 started 1785523132567 core=1
job 51_SUM_132 end 1785523206145
job 71_SUM_84 started 1785523206146 core=0
job 50_SUM_132 end 1785523242362
job 65_TGAMMA_60 started 1785523242362 core=5
job 43_COPY_84 end 1785523245461
job 29_SUM_108 started 1785523245461 core=4
job 63_COPY_84 end 1785523259324
job 72_TGAMMA_120 started 1785523259324 core=1
job 71_SUM_84 end 1785523268916
job 54_SUM_132 started 1785523268916 core=0
job 65_TGAMMA_60 end 1785523277455
job 77_SUM_108 started 1785523277455 core=5
job 29_SUM_108 end 1785523311631
job 53_XPY_48 started 1785523311631 core=4
job 77_SUM_108 end 1785523327081
job 55_DOT_36 started 1785523327081 core=5
job 72_TGAMMA_120 end 1785523329028
job 70_SUM_84 started 1785523329028 core=1
job 55_DOT_36 end 1785523368510
job 56_COPY_60 started 1785523368510 core=5
job 54_SUM_132 end 1785523377709
job 58_XPY_48 started 1785523377709 core=0
job 53_XPY_48 end 1785523392559
job 60_XPY_48 started 1785523392560 core=4
job 70_SUM_84 end 1785523401489
job 59_XPY_60 started 1785523401489 core=1
job 58_XPY_48 end 1785523468274
job 69_COPY_60 started 1785523468274 core=0
job 56_COPY_60 end 1785523474501
job 83_COPY_84 started 1785523474501 core=5
job 60_XPY_48 end 1785523480845
job 40_COPY_84 started 1785523480845 core=4
job 59_XPY_60 end 1785523505799
job 84_COPY_60 started 1785523505800 core=1
job 69_COPY_60 end 1785523579852
job 42_XPY_48 started 1785523579852 core=0
job 84_COPY_60 end 1785523616432
job 47_XPY_48 started 1785523616433 core=1
job 83_COPY_84 end 1785523631928
job 49_TGAMMA_60 started 1785523631929 core=5
job 40_COPY_84 end 1785523638629
job 33_SUM_132 started 1785523638629 core=4
job 42_XPY_48 end 1785523659348
job 39_XPY_60 started 1785523659348 core=0
job 49_TGAMMA_60 end 1785523667561
job 48_POW_36 started 1785523667561 core=5
job 47_XPY_48 end 1785523679938
job 61_SUM_108 started 1785523679938 core=1
job 61_SUM_108 end 1785523747248
job 52_SUM_108 started 1785523747248 core=1
job 39_XPY_60 end 1785523751247
job 57_COPY_84 started 1785523751248 core=0
job 33_SUM_132 end 1785523768043
job 86_TGAMMA_60 started 1785523768043 core=4
job 48_POW_36 end 1785523774378
job 76_XPY_48 started 1785523774379 core=5
job 86_TGAMMA_60 end 1785523803501
job 81_COPY_84 started 1785523803502 core=4
job 52_SUM_108 end 1785523830226
job 92_XPY_60 started 1785523830226 core=1
job 76_XPY_48 end 1785523846891
job 91_DOT_36 started 1785523846891 core=5
job 57_COPY_84 end 1785523889512
job 95_COPY_84 started 1785523889512 core=0
job 91_DOT_36 end 1785523901620
job 74_SUM_108 started 1785523901620 core=5
job 92_XPY_60 end 1785523925827
job 75_COPY_84 started 1785523925827 core=1
job 81_COPY_84 end 1785523966985
job 78_COPY_84 started 1785523966985 core=4
job 74_SUM_108 end 1785523997458
job 66_SUM_132 started 1785523997458 core=5
job 75_COPY_84 end 1785524048149
job 67_COPY_60 started 1785524048150 core=1
job 95_COPY_84 end 1785524054462
job 82_COPY_60 started 1785524054462 core=0
job 66_SUM_132 end 1785524116620
job 90_COPY_60 started 1785524116620 core=5
job 78_COPY_84 end 1785524130326
job 68_SUM_108 started 1785524130326 core=4
job 67_COPY_60 end 1785524137504
job 94_SUM_108 started 1785524137505 core=1
job 82_COPY_60 end 1785524161536
job 73_XPY_60 started 1785524161537 core=0
job 90_COPY_60 end 1785524214351
job 62_DOT_84 started 1785524214352 core=5
job 94_SUM_108 end 1785524232711
job 80_SUM_108 started 1785524232714 core=1
job 68_SUM_108 end 1785524238375
job 96_COPY_60 started 1785524238375 core=4
job 73_XPY_60 end 1785524258827
job 97_DOT_36 started 1785524258828 core=0
job 62_DOT_84 end 1785524311711
job 64_SUM_132 started 1785524311711 core=5
job 80_SUM_108 end 1785524320307
job 79_COPY_60 started 1785524320308 core=1
job 97_DOT_36 end 1785524323623
job 85_SUM_132 started 1785524323623 core=0
job 96_COPY_60 end 1785524351046
job 88_TGAMMA_120 started 1785524351046 core=4
job 85_SUM_132 end 1785524394988
job 98_DOT_36 started 1785524394988 core=0
job 79_COPY_60 end 1785524412369
job 87_XPY_48 started 1785524412370 core=1
job 88_TGAMMA_120 end 1785524420832
job 89_SUM_132 started 1785524420832 core=4
job 98_DOT_36 end 1785524427130
job 99_SUM_84 started 1785524427130 core=0
job 64_SUM_132 end 1785524440649
job 93_XPY_60 started 1785524440649 core=5
job 99_SUM_84 end 1785524482778
job 89_SUM_132 end 1785524497358
job 87_XPY_48 end 1785524500604
job 93_XPY_60 end 1785524515674
  итерация 2: 2349546 ms
  среднее по 3 итерациям: 2350048 ms
=== Выполняется проект: no_po_memory_heavy_1.txt (100 работ, базовый прогон oneTBB) ===
job 0_TGAMMA_60 started 1785524515675 core=1
job 7_COPY_84 started 1785524515675 core=5
job 6_ERF_24 started 1785524515675 core=4
job 3_POW_24 started 1785524515675 core=0
job 0_TGAMMA_60 end 1785524550904
job 17_POW_12 started 1785524550919 core=1
job 6_ERF_24 end 1785524558872
job 28_DOT_84 started 1785524558872 core=4
job 3_POW_24 end 1785524582504
job 2_SUM_108 started 1785524582504 core=0
job 17_POW_12 end 1785524597056
job 10_POW_36 started 1785524597057 core=1
job 7_COPY_84 end 1785524637463
job 12_POW_12 started 1785524637463 core=5
job 28_DOT_84 end 1785524652555
job 13_DOT_36 started 1785524652555 core=4
job 2_SUM_108 end 1785524669485
job 11_POW_36 started 1785524669485 core=0
job 12_POW_12 end 1785524672767
job 5_SUM_132 started 1785524672767 core=5
job 13_DOT_36 end 1785524694059
job 15_POW_36 started 1785524694059 core=4
job 10_POW_36 end 1785524714355
job 20_SUM_108 started 1785524714355 core=1
job 5_SUM_132 end 1785524759295
job 14_TGAMMA_60 started 1785524759295 core=5
job 20_SUM_108 end 1785524776677
job 8_DOT_84 started 1785524776677 core=1
job 11_POW_36 end 1785524776782
job 26_COPY_84 started 1785524776782 core=0
job 14_TGAMMA_60 end 1785524794220
job 29_POW_12 started 1785524794220 core=5
job 15_POW_36 end 1785524803506
job 18_ERF_12 started 1785524803506 core=4
job 29_POW_12 end 1785524831727
job 1_TGAMMA_120 started 1785524831727 core=5
job 18_ERF_12 end 1785524839472
job 21_DOT_84 started 1785524839472 core=4
job 8_DOT_84 end 1785524854212
job 43_SQRTX_48 started 1785524854212 core=1
job 43_SQRTX_48 end 1785524897503
job 30_SUM_84 started 1785524897503 core=1
job 1_TGAMMA_120 end 1785524901149
job 9_SUM_108 started 1785524901149 core=5
job 26_COPY_84 end 1785524909149
job 4_DOT_84 started 1785524909149 core=0
job 30_SUM_84 end 1785524957766
job 16_XPY_60 started 1785524957766 core=1
job 21_DOT_84 end 1785524962480
job 36_DOT_84 started 1785524962480 core=4
job 9_SUM_108 end 1785524992912
job 32_XPY_48 started 1785524992913 core=5
job 4_DOT_84 end 1785525027453
job 23_TGAMMA_60 started 1785525027453 core=0
job 36_DOT_84 end 1785525056155
job 35_TGAMMA_12 started 1785525056155 core=4
job 23_TGAMMA_60 end 1785525062258
job 61_SUM_108 started 1785525062258 core=0
job 35_TGAMMA_12 end 1785525062999
job 34_SUM_132 started 1785525062999 core=4
job 16_XPY_60 end 1785525065994
job 37_COPY_84 started 1785525065994 core=1
job 32_XPY_48 end 1785525094167
job 31_ERF_24 started 1785525094167 core=5
job 61_SUM_108 end 1785525132518
job 33_TGAMMA_12 started 1785525132519 core=0
job 33_TGAMMA_12 end 1785525139537
job 22_DOT_84 started 1785525139537 core=0
job 34_SUM_132 end 1785525145502
job 63_POW_12 started 1785525145502 core=4
job 31_ERF_24 end 1785525167970
job 24_SUM_132 started 1785525167971 core=5
job 63_POW_12 end 1785525183547
job 48_DOT_36 started 1785525183548 core=4
job 37_COPY_84 end 1785525212411
job 71_ERF_12 started 1785525212411 core=1
job 48_DOT_36 end 1785525233342
job 39_XPY_48 started 1785525233342 core=4
job 71_ERF_12 end 1785525238822
job 50_SUM_84 started 1785525238822 core=1
job 22_DOT_84 end 1785525246797
job 19_SUM_132 started 1785525246797 core=0
job 24_SUM_132 end 1785525275825
job 25_SUM_132 started 1785525275825 core=5
job 50_SUM_84 end 1785525296379
job 40_XPY_60 started 1785525296379 core=1
job 39_XPY_48 end 1785525314255
job 27_SUM_108 started 1785525314255 core=4
job 19_SUM_132 end 1785525358931
job 46_COPY_84 started 1785525358932 core=0
job 40_XPY_60 end 1785525389685
job 44_SUM_132 started 1785525389685 core=1
job 25_SUM_132 end 1785525398768
job 55_POW_12 started 1785525398768 core=5
job 27_SUM_108 end 1785525399345
job 59_COPY_84 started 1785525399346 core=4
job 55_POW_12 end 1785525431128
job 41_TGAMMA_120 started 1785525431129 core=5
job 44_SUM_132 end 1785525457419
job 90_XPY_60 started 1785525457419 core=1
job 41_TGAMMA_120 end 1785525501558
job 38_XPY_48 started 1785525501558 core=5
job 46_COPY_84 end 1785525511178
job 42_XPY_48 started 1785525511178 core=0
job 90_XPY_60 end 1785525537341
job 51_ERF_12 started 1785525537341 core=1
job 59_COPY_84 end 1785525562227
job 52_SUM_108 started 1785525562228 core=4
job 51_ERF_12 end 1785525573153
job 56_POW_36 started 1785525573153 core=1
job 38_XPY_48 end 1785525577393
job 49_XPY_60 started 1785525577394 core=5
job 42_XPY_48 end 1785525590064
job 58_XPY_48 started 1785525590064 core=0
job 52_SUM_108 end 1785525657881
job 68_DOT_84 started 1785525657881 core=4
job 58_XPY_48 end 1785525661381
job 64_SUM_132 started 1785525661382 core=0
job 49_XPY_60 end 1785525664854
job 91_POW_12 started 1785525664854 core=5
job 91_POW_12 end 1785525700616
job 57_DOT_84 started 1785525700617 core=5
job 56_POW_36 end 1785525704931
job 70_TGAMMA_60 started 1785525704931 core=1
job 70_TGAMMA_60 end 1785525740240
job 92_XPY_48 started 1785525740240 core=1
job 68_DOT_84 end 1785525758585
job 79_COPY_60 started 1785525758585 core=4
job 64_SUM_132 end 1785525774507
job 95_XPY_48 started 1785525774507 core=0
job 57_DOT_84 end 1785525809597
job 53_COPY_60 started 1785525809597 core=5
job 92_XPY_48 end 1785525821921
job 73_TGAMMA_12 started 1785525821921 core=1
job 73_TGAMMA_12 end 1785525829046
job 54_SUM_132 started 1785525829046 core=1
job 95_XPY_48 end 1785525862847
job 74_DOT_36 started 1785525862848 core=0
job 79_COPY_60 end 1785525874184
job 98_DOT_36 started 1785525874185 core=4
job 53_COPY_60 end 1785525901317
job 45_DOT_84 started 1785525901319 core=5
job 74_DOT_36 end 1785525914994
job 77_SUM_84 started 1785525914994 core=0
job 98_DOT_36 end 1785525924076
job 76_TGAMMA_60 started 1785525924077 core=4
job 54_SUM_132 end 1785525954241
job 47_COPY_84 started 1785525954241 core=1
job 77_SUM_84 end 1785525958725
job 65_XPY_60 started 1785525958725 core=0
job 76_TGAMMA_60 end 1785525959173
job 78_ERF_24 started 1785525959173 core=4
job 45_DOT_84 end 1785526018110
job 94_XPY_60 started 1785526018110 core=5
job 78_ERF_24 end 1785526033632
job 67_XPY_60 started 1785526033632 core=4
job 65_XPY_60 end 1785526046668
job 60_COPY_84 started 1785526046668 core=0
job 47_COPY_84 end 1785526104899
job 62_XPY_48 started 1785526104899 core=1
job 94_XPY_60 end 1785526124141
job 66_COPY_60 started 1785526124141 core=5
job 67_XPY_60 end 1785526138731
job 69_SUM_108 started 1785526138732 core=4
job 62_XPY_48 end 1785526192902
job 72_DOT_36 started 1785526192903 core=1
job 60_COPY_84 end 1785526194057
job 87_POW_24 started 1785526194057 core=0
job 69_SUM_108 end 1785526221810
job 83_TGAMMA_60 started 1785526221811 core=4
job 66_COPY_60 end 1785526236578
job 97_SUM_132 started 1785526236578 core=5
job 72_DOT_36 end 1785526244014
job 84_SUM_132 started 1785526244014 core=1
job 87_POW_24 end 1785526254826
job 85_COPY_60 started 1785526254827 core=0
job 83_TGAMMA_60 end 1785526256423
job 86_SQRTX_12 started 1785526256424 core=4
job 86_SQRTX_12 end 1785526281523
job 82_XPY_60 started 1785526281523 core=4
job 97_SUM_132 end 1785526321339
job 99_DOT_36 started 1785526321340 core=5
job 84_SUM_132 end 1785526329176
job 96_ERF_24 started 1785526329176 core=1
job 99_DOT_36 end 1785526359569
job 75_SUM_108 started 1785526359569 core=5
job 85_COPY_60 end 1785526380189
job 81_COPY_84 started 1785526380190 core=0
job 96_ERF_24 end 1785526383296
job 93_POW_24 started 1785526383297 core=1
job 82_XPY_60 end 1785526400411
job 80_COPY_60 started 1785526400411 core=4
job 75_SUM_108 end 1785526423334
job 88_TGAMMA_60 started 1785526423334 core=5
job 93_POW_24 end 1785526443343
job 89_SQRTX_12 started 1785526443343 core=1
job 89_SQRTX_12 end 1785526453756
job 88_TGAMMA_60 end 1785526457685
job 80_COPY_60 end 1785526480296
job 81_COPY_84 end 1785526487263
  итерация 0: 1971587 ms
job 24_SUM_132 started 1785526487263 core=5
job 2_SUM_108 started 1785526487263 core=0
job 0_TGAMMA_60 started 1785526487263 core=1
job 21_DOT_84 started 1785526487263 core=4
job 0_TGAMMA_60 end 1785526522422
job 4_DOT_84 started 1785526522422 core=1
job 24_SUM_132 end 1785526575377
job 1_TGAMMA_120 started 1785526575377 core=5
job 2_SUM_108 end 1785526584638
job 12_POW_12 started 1785526584638 core=0
job 21_DOT_84 end 1785526592430
job 13_DOT_36 started 1785526592430 core=4
job 4_DOT_84 end 1785526614040
job 47_COPY_84 started 1785526614040 core=1
job 12_POW_12 end 1785526625677
job 18_ERF_12 started 1785526625677 core=0
job 13_DOT_36 end 1785526632833
job 19_SUM_132 started 1785526632833 core=4
job 1_TGAMMA_120 end 1785526646069
job 23_TGAMMA_60 started 1785526646069 core=5
job 18_ERF_12 end 1785526651586
job 5_SUM_132 started 1785526651586 core=0
job 23_TGAMMA_60 end 1785526682044
job 14_TGAMMA_60 started 1785526682044 core=5
job 19_SUM_132 end 1785526716468
job 20_SUM_108 started 1785526716469 core=4
job 14_TGAMMA_60 end 1785526718090
job 15_POW_36 started 1785526718090 core=5
job 47_COPY_84 end 1785526725388
job 16_XPY_60 started 1785526725388 core=1
job 5_SUM_132 end 1785526737858
job 50_SUM_84 started 1785526737858 core=0
job 20_SUM_108 end 1785526787504
job 61_SUM_108 started 1785526787504 core=4
job 50_SUM_84 end 1785526793662
job 3_POW_24 started 1785526793662 core=0
job 16_XPY_60 end 1785526820837
job 25_SUM_132 started 1785526820837 core=1
job 61_SUM_108 end 1785526855511
job 6_ERF_24 started 1785526855512 core=4
job 15_POW_36 end 1785526859458
job 7_COPY_84 started 1785526859458 core=5
job 3_POW_24 end 1785526862798
job 9_SUM_108 started 1785526862798 core=0
job 6_ERF_24 end 1785526905752
job 22_DOT_84 started 1785526905753 core=4
job 25_SUM_132 end 1785526929514
job 41_TGAMMA_120 started 1785526929514 core=1
job 9_SUM_108 end 1785526938714
job 8_DOT_84 started 1785526938714 core=0
job 7_COPY_84 end 1785526984473
job 33_TGAMMA_12 started 1785526984473 core=5
job 33_TGAMMA_12 end 1785526991322
job 11_POW_36 started 1785526991322 core=5
job 41_TGAMMA_120 end 1785527000966
job 66_COPY_60 started 1785527000966 core=1
job 22_DOT_84 end 1785527006962
job 37_COPY_84 started 1785527006962 core=4
job 8_DOT_84 end 1785527051635
job 48_DOT_36 started 1785527051635 core=0
job 66_COPY_60 end 1785527093922
job 10_POW_36 started 1785527093922 core=1
job 48_DOT_36 end 1785527107583
job 27_SUM_108 started 1785527107583 core=0
job 11_POW_36 end 1785527112947
job 60_COPY_84 started 1785527112947 core=5
job 37_COPY_84 end 1785527139883
job 76_TGAMMA_60 started 1785527139883 core=4
job 27_SUM_108 end 1785527170374
job 26_COPY_84 started 1785527170375 core=0
job 76_TGAMMA_60 end 1785527174736
job 29_POW_12 started 1785527174736 core=4
job 29_POW_12 end 1785527216964
job 36_DOT_84 started 1785527216964 core=4
job 10_POW_36 end 1785527217350
job 34_SUM_132 started 1785527217350 core=1
job 60_COPY_84 end 1785527239285
job 30_SUM_84 started 1785527239285 core=5
job 30_SUM_84 end 1785527297343
job 39_XPY_48 started 1785527297344 core=5
job 26_COPY_84 end 1785527310035
job 43_SQRTX_48 started 1785527310036 core=0
job 34_SUM_132 end 1785527319619
job 77_SUM_84 started 1785527319619 core=1
job 36_DOT_84 end 1785527342163
job 49_XPY_60 started 1785527342163 core=4
job 39_XPY_48 end 1785527369114
job 59_COPY_84 started 1785527369114 core=5
job 77_SUM_84 end 1785527394703
job 79_COPY_60 started 1785527394704 core=1
job 43_SQRTX_48 end 1785527402691
job 73_TGAMMA_12 started 1785527402691 core=0
job 73_TGAMMA_12 end 1785527409821
job 17_POW_12 started 1785527409822 core=0
job 49_XPY_60 end 1785527424089
job 74_DOT_36 started 1785527424089 core=4
job 17_POW_12 end 1785527450032
job 35_TGAMMA_12 started 1785527450033 core=0
job 35_TGAMMA_12 end 1785527457055
job 85_COPY_60 started 1785527457055 core=0
job 74_DOT_36 end 1785527461180
job 28_DOT_84 started 1785527461180 core=4
job 79_COPY_60 end 1785527513058
job 31_ERF_24 started 1785527513058 core=1
job 59_COPY_84 end 1785527521626
job 83_TGAMMA_60 started 1785527521626 core=5
job 31_ERF_24 end 1785527549696
job 45_DOT_84 started 1785527549696 core=1
job 85_COPY_60 end 1785527551646
job 40_XPY_60 started 1785527551646 core=0
job 83_TGAMMA_60 end 1785527556234
job 32_XPY_48 started 1785527556234 core=5
job 28_DOT_84 end 1785527588559
job 52_SUM_108 started 1785527588559 core=4
job 32_XPY_48 end 1785527638751
job 53_COPY_60 started 1785527638751 core=5
job 40_XPY_60 end 1785527649813
job 54_SUM_132 started 1785527649813 core=0
job 52_SUM_108 end 1785527679161
job 42_XPY_48 started 1785527679161 core=4
job 45_DOT_84 end 1785527680997
job 63_POW_12 started 1785527680997 core=1
job 63_POW_12 end 1785527725230
job 87_POW_24 started 1785527725232 core=1
job 53_COPY_60 end 1785527737826
job 51_ERF_12 started 1785527737826 core=5
job 42_XPY_48 end 1785527750071
job 56_POW_36 started 1785527750071 core=4
job 54_SUM_132 end 1785527756075
job 64_SUM_132 started 1785527756075 core=0
job 51_ERF_12 end 1785527761486
job 58_XPY_48 started 1785527761486 core=5
job 87_POW_24 end 1785527812393
job 38_XPY_48 started 1785527812393 core=1
job 64_SUM_132 end 1785527835481
job 89_SQRTX_12 started 1785527835481 core=0
job 58_XPY_48 end 1785527841775
job 67_XPY_60 started 1785527841775 core=5
job 56_POW_36 end 1785527847267
job 71_ERF_12 started 1785527847268 core=4
job 89_SQRTX_12 end 1785527851544
job 44_SUM_132 started 1785527851544 core=0
job 71_ERF_12 end 1785527871329
job 94_XPY_60 started 1785527871329 core=4
job 38_XPY_48 end 1785527906808
job 62_XPY_48 started 1785527906809 core=1
job 94_XPY_60 end 1785527955634
job 46_COPY_84 started 1785527955634 core=4
job 67_XPY_60 end 1785527959122
job 55_POW_12 started 1785527959122 core=5
job 44_SUM_132 end 1785527963656
job 65_XPY_60 started 1785527963656 core=0
job 62_XPY_48 end 1785527988612
job 57_DOT_84 started 1785527988612 core=1
job 55_POW_12 end 1785528002314
job 68_DOT_84 started 1785528002314 core=5
job 65_XPY_60 end 1785528084331
job 84_SUM_132 started 1785528084331 core=0
job 57_DOT_84 end 1785528096446
job 75_SUM_108 started 1785528096446 core=1
job 68_DOT_84 end 1785528110875
job 90_XPY_60 started 1785528110875 core=5
job 46_COPY_84 end 1785528124456
job 69_SUM_108 started 1785528124456 core=4
job 84_SUM_132 end 1785528188887
job 93_POW_24 started 1785528188887 core=0
job 69_SUM_108 end 1785528197634
job 91_POW_12 started 1785528197634 core=4
job 75_SUM_108 end 1785528202181
job 72_DOT_36 started 1785528202181 core=1
job 90_XPY_60 end 1785528210012
job 97_SUM_132 started 1785528210012 core=5
job 91_POW_12 end 1785528231652
job 92_XPY_48 started 1785528231652 core=4
job 72_DOT_36 end 1785528245401
job 70_TGAMMA_60 started 1785528245401 core=1
job 93_POW_24 end 1785528270240
job 99_DOT_36 started 1785528270241 core=0
job 70_TGAMMA_60 end 1785528280227
job 78_ERF_24 started 1785528280227 core=1
job 97_SUM_132 end 1785528283948
job 81_COPY_84 started 1785528283948 core=5
job 92_XPY_48 end 1785528307208
job 82_XPY_60 started 1785528307208 core=4
job 99_DOT_36 end 1785528326100
job 86_SQRTX_12 started 1785528326101 core=0
job 78_ERF_24 end 1785528344638
job 95_XPY_48 started 1785528344639 core=1
job 86_SQRTX_12 end 1785528349988
job 80_COPY_60 started 1785528349989 core=0
job 82_XPY_60 end 1785528402892
job 96_ERF_24 started 1785528402893 core=4
job 95_XPY_48 end 1785528428404
job 88_TGAMMA_60 started 1785528428405 core=1
job 81_COPY_84 end 1785528428521
job 98_DOT_36 started 1785528428521 core=5
job 80_COPY_60 end 1785528452733
job 98_DOT_36 end 1785528456820
job 96_ERF_24 end 1785528459691
job 88_TGAMMA_60 end 1785528462998
  итерация 1: 1975735 ms
job 8_DOT_84 started 1785528462998 core=4
job 0_TGAMMA_60 started 1785528462998 core=1
job 3_POW_24 started 1785528462998 core=0
job 14_TGAMMA_60 started 1785528462998 core=5
job 14_TGAMMA_60 end 1785528497262
job 7_COPY_84 started 1785528497263 core=5
job 0_TGAMMA_60 end 1785528497274
job 12_POW_12 started 1785528497274 core=1
job 3_POW_24 end 1785528529444
job 9_SUM_108 started 1785528529444 core=0
job 8_DOT_84 end 1785528535969
job 2_SUM_108 started 1785528535970 core=4
job 12_POW_12 end 1785528544251
job 1_TGAMMA_120 started 1785528544251 core=1
job 9_SUM_108 end 1785528601071
job 5_SUM_132 started 1785528601071 core=0
job 2_SUM_108 end 1785528606206
job 4_DOT_84 started 1785528606206 core=4
job 1_TGAMMA_120 end 1785528616268
job 16_XPY_60 started 1785528616268 core=1
job 7_COPY_84 end 1785528621259
job 10_POW_36 started 1785528621259 core=5
job 4_DOT_84 end 1785528699906
job 22_DOT_84 started 1785528699906 core=4
job 5_SUM_132 end 1785528705307
job 25_SUM_132 started 1785528705307 core=0
job 16_XPY_60 end 1785528715801
job 6_ERF_24 started 1785528715801 core=1
job 10_POW_36 end 1785528761587
job 24_SUM_132 started 1785528761588 core=5
job 6_ERF_24 end 1785528769775
job 13_DOT_36 started 1785528769776 core=1
job 22_DOT_84 end 1785528798065
job 20_SUM_108 started 1785528798066 core=4
job 25_SUM_132 end 1785528814301
job 26_COPY_84 started 1785528814301 core=0
job 13_DOT_36 end 1785528815677
job 17_POW_12 started 1785528815678 core=1
job 17_POW_12 end 1785528849959
job 28_DOT_84 started 1785528849960 core=1
job 24_SUM_132 end 1785528863056
job 19_SUM_132 started 1785528863056 core=5
job 20_SUM_108 end 1785528906411
job 11_POW_36 started 1785528906411 core=4
job 28_DOT_84 end 1785528946157
job 43_SQRTX_48 started 1785528946157 core=1
job 26_COPY_84 end 1785528953268
job 31_ERF_24 started 1785528953268 core=0
job 19_SUM_132 end 1785528964565
job 18_ERF_12 started 1785528964565 core=5
job 18_ERF_12 end 1785528985047
job 21_DOT_84 started 1785528985047 core=5
job 31_ERF_24 end 1785528997517
job 15_POW_36 started 1785528997517 core=0
job 43_SQRTX_48 end 1785529017317
job 33_TGAMMA_12 started 1785529017317 core=1
job 11_POW_36 end 1785529018461
job 38_XPY_48 started 1785529018461 core=4
job 33_TGAMMA_12 end 1785529024394
job 46_COPY_84 started 1785529024394 core=1
job 38_XPY_48 end 1785529089087
job 23_TGAMMA_60 started 1785529089087 core=4
job 21_DOT_84 end 1785529091197
job 32_XPY_48 started 1785529091197 core=5
job 15_POW_36 end 1785529113472
job 44_SUM_132 started 1785529113472 core=0
job 23_TGAMMA_60 end 1785529123531
job 27_SUM_108 started 1785529123531 core=4
job 46_COPY_84 end 1785529178265
job 50_SUM_84 started 1785529178266 core=1
job 32_XPY_48 end 1785529179190
job 56_POW_36 started 1785529179190 core=5
job 27_SUM_108 end 1785529195036
job 41_TGAMMA_120 started 1785529195036 core=4
job 44_SUM_132 end 1785529195426
job 29_POW_12 started 1785529195426 core=0
job 29_POW_12 end 1785529222561
job 30_SUM_84 started 1785529222561 core=0
job 50_SUM_84 end 1785529227166
job 39_XPY_48 started 1785529227167 core=1
job 30_SUM_84 end 1785529258108
job 45_DOT_84 started 1785529258108 core=0
job 41_TGAMMA_120 end 1785529264441
job 34_SUM_132 started 1785529264441 core=4
job 56_POW_36 end 1785529301036
job 37_COPY_84 started 1785529301036 core=5
job 39_XPY_48 end 1785529304355
job 35_TGAMMA_12 started 1785529304355 core=1
job 35_TGAMMA_12 end 1785529311632
job 51_ERF_12 started 1785529311633 core=1
job 45_DOT_84 end 1785529349442
job 36_DOT_84 started 1785529349443 core=0
job 51_ERF_12 end 1785529349903
job 55_POW_12 started 1785529349903 core=1
job 34_SUM_132 end 1785529368885
job 65_XPY_60 started 1785529368885 core=4
job 55_POW_12 end 1785529396126
job 76_TGAMMA_60 started 1785529396126 core=1
job 37_COPY_84 end 1785529427381
job 59_COPY_84 started 1785529427382 core=5
job 76_TGAMMA_60 end 1785529431571
job 40_XPY_60 started 1785529431572 core=1
job 65_XPY_60 end 1785529465398
job 42_XPY_48 started 1785529465398 core=4
job 36_DOT_84 end 1785529470913
job 78_ERF_24 started 1785529470913 core=0
job 42_XPY_48 end 1785529530940
job 88_TGAMMA_60 started 1785529530940 core=4
job 78_ERF_24 end 1785529535812
job 49_XPY_60 started 1785529535812 core=0
job 40_XPY_60 end 1785529538345
job 92_XPY_48 started 1785529538345 core=1
job 88_TGAMMA_60 end 1785529566148
job 52_SUM_108 started 1785529566148 core=4
job 59_COPY_84 end 1785529591834
job 60_COPY_84 started 1785529591834 core=5
job 49_XPY_60 end 1785529611906
job 66_COPY_60 started 1785529611906 core=0
job 92_XPY_48 end 1785529624729
job 69_SUM_108 started 1785529624730 core=1
job 52_SUM_108 end 1785529668356
job 48_DOT_36 started 1785529668357 core=4
job 66_COPY_60 end 1785529705485
job 57_DOT_84 started 1785529705485 core=0
job 48_DOT_36 end 1785529723089
job 47_COPY_84 started 1785529723089 core=4
job 60_COPY_84 end 1785529729765
job 63_POW_12 started 1785529729765 core=5
job 69_SUM_108 end 1785529730495
job 68_DOT_84 started 1785529730495 core=1
job 63_POW_12 end 1785529770553
job 53_COPY_60 started 1785529770555 core=5
job 57_DOT_84 end 1785529842162
job 54_SUM_132 started 1785529842162 core=0
job 68_DOT_84 end 1785529848748
job 62_XPY_48 started 1785529848748 core=1
job 47_COPY_84 end 1785529864356
job 58_XPY_48 started 1785529864356 core=4
job 53_COPY_60 end 1785529878514
job 70_TGAMMA_60 started 1785529878514 core=5
job 70_TGAMMA_60 end 1785529914269
job 67_XPY_60 started 1785529914269 core=5
job 62_XPY_48 end 1785529917253
job 71_ERF_12 started 1785529917253 core=1
job 58_XPY_48 end 1785529933677
job 73_TGAMMA_12 started 1785529933678 core=4
job 73_TGAMMA_12 end 1785529940665
job 80_COPY_60 started 1785529940665 core=4
job 71_ERF_12 end 1785529952117
job 79_COPY_60 started 1785529952118 core=1
job 54_SUM_132 end 1785529952521
job 77_SUM_84 started 1785529952522 core=0
job 67_XPY_60 end 1785530019800
job 89_SQRTX_12 started 1785530019800 core=5
job 80_COPY_60 end 1785530025308
job 61_SUM_108 started 1785530025308 core=4
job 77_SUM_84 end 1785530028875
job 83_TGAMMA_60 started 1785530028875 core=0
job 89_SQRTX_12 end 1785530042635
job 64_SUM_132 started 1785530042636 core=5
job 79_COPY_60 end 1785530059572
job 91_POW_12 started 1785530059573 core=1
job 83_TGAMMA_60 end 1785530063751
job 96_ERF_24 started 1785530063751 core=0
job 61_SUM_108 end 1785530076692
job 98_DOT_36 started 1785530076692 core=4
job 91_POW_12 end 1785530095042
job 72_DOT_36 started 1785530095042 core=1
job 98_DOT_36 end 1785530121029
job 81_COPY_84 started 1785530121029 core=4
job 96_ERF_24 end 1785530124866
job 84_SUM_132 started 1785530124866 core=0
job 72_DOT_36 end 1785530137345
job 85_COPY_60 started 1785530137345 core=1
job 64_SUM_132 end 1785530146043
job 74_DOT_36 started 1785530146044 core=5
job 74_DOT_36 end 1785530203929
job 95_XPY_48 started 1785530203929 core=5
job 85_COPY_60 end 1785530245808
job 75_SUM_108 started 1785530245808 core=1
job 81_COPY_84 end 1785530249055
job 82_XPY_60 started 1785530249055 core=4
job 84_SUM_132 end 1785530249342
job 86_SQRTX_12 started 1785530249343 core=0
job 86_SQRTX_12 end 1785530273869
job 97_SUM_132 started 1785530273870 core=0
job 95_XPY_48 end 1785530282855
job 90_XPY_60 started 1785530282855 core=5
job 82_XPY_60 end 1785530337413
job 99_DOT_36 started 1785530337413 core=4
job 75_SUM_108 end 1785530349393
job 87_POW_24 started 1785530349393 core=1
job 90_XPY_60 end 1785530375651
job 94_XPY_60 started 1785530375651 core=5
job 99_DOT_36 end 1785530378170
job 93_POW_24 started 1785530378170 core=4
job 97_SUM_132 end 1785530388713
job 93_POW_24 end 1785530432959
job 94_XPY_60 end 1785530435597
job 87_POW_24 end 1785530435628
  итерация 2: 1972630 ms
  среднее по 3 итерациям: 1973317 ms
=== Выполняется проект: no_po_memory_heavy_2.txt (100 работ, базовый прогон oneTBB) ===
job 1_COPY_60 started 1785530435629 core=1
job 8_TGAMMA_12 started 1785530435629 core=4
job 2_TGAMMA_120 started 1785530435629 core=5
job 6_SUM_84 started 1785530435630 core=0
job 8_TGAMMA_12 end 1785530442628
job 7_ERF_48 started 1785530442628 core=4
job 6_SUM_84 end 1785530481963
job 0_SUM_132 started 1785530481963 core=0
job 2_TGAMMA_120 end 1785530506702
job 15_SUM_132 started 1785530506703 core=5
job 1_COPY_60 end 1785530509031
job 23_POW_36 started 1785530509031 core=1
job 7_ERF_48 end 1785530541239
job 3_POW_12 started 1785530541240 core=4
job 0_SUM_132 end 1785530566858
job 4_TGAMMA_60 started 1785530566858 core=0
job 3_POW_12 end 1785530574847
job 9_SQRTX_48 started 1785530574847 core=4
job 15_SUM_132 end 1785530587770
job 5_DOT_36 started 1785530587770 core=5
job 4_TGAMMA_60 end 1785530601478
job 10_XPY_48 started 1785530601478 core=0
job 23_POW_36 end 1785530611249
job 35_SUM_84 started 1785530611249 core=1
job 5_DOT_36 end 1785530625343
job 17_DOT_36 started 1785530625343 core=5
job 9_SQRTX_48 end 1785530645564
job 24_SUM_108 started 1785530645564 core=4
job 17_DOT_36 end 1785530665737
job 26_SQRTX_48 started 1785530665737 core=5
job 35_SUM_84 end 1785530675651
job 16_XPY_48 started 1785530675651 core=1
job 10_XPY_48 end 1785530678428
job 21_XPY_60 started 1785530678428 core=0
job 16_XPY_48 end 1785530743593
job 11_SUM_84 started 1785530743594 core=1
job 24_SUM_108 end 1785530745949
job 81_SUM_132 started 1785530745950 core=4
job 26_SQRTX_48 end 1785530754066
job 85_COPY_60 started 1785530754066 core=5
job 21_XPY_60 end 1785530763449
job 13_SQRTX_48 started 1785530763449 core=0
job 11_SUM_84 end 1785530818294
job 29_SUM_108 started 1785530818295 core=1
job 13_SQRTX_48 end 1785530827853
job 18_TGAMMA_60 started 1785530827853 core=0
job 81_SUM_132 end 1785530833756
job 36_POW_12 started 1785530833756 core=4
job 85_COPY_60 end 1785530841343
job 54_TGAMMA_120 started 1785530841343 core=5
job 36_POW_12 end 1785530860729
job 19_SUM_132 started 1785530860729 core=4
job 18_TGAMMA_60 end 1785530862466
job 37_POW_24 started 1785530862466 core=0
job 29_SUM_108 end 1785530872854
job 22_SUM_132 started 1785530872854 core=1
job 54_TGAMMA_120 end 1785530911085
job 25_COPY_60 started 1785530911085 core=5
job 37_POW_24 end 1785530933151
job 94_DOT_36 started 1785530933152 core=0
job 19_SUM_132 end 1785530947420
job 12_SUM_132 started 1785530947420 core=4
job 22_SUM_132 end 1785530961355
job 20_SUM_84 started 1785530961356 core=1
job 94_DOT_36 end 1785530975233
job 56_SQRTX_48 started 1785530975233 core=0
job 25_COPY_60 end 1785531005962
job 14_SUM_108 started 1785531005963 core=5
job 20_SUM_84 end 1785531032584
job 40_SUM_132 started 1785531032584 core=1
job 56_SQRTX_48 end 1785531042532
job 30_TGAMMA_60 started 1785531042532 core=0
job 12_SUM_132 end 1785531042823
job 33_COPY_60 started 1785531042823 core=4
job 14_SUM_108 end 1785531077429
job 47_XPY_48 started 1785531077429 core=5
job 30_TGAMMA_60 end 1785531078654
job 27_XPY_60 started 1785531078654 core=0
job 40_SUM_132 end 1785531133026
job 59_DOT_36 started 1785531133027 core=1
job 33_COPY_60 end 1785531147797
job 28_ERF_24 started 1785531147797 core=4
job 47_XPY_48 end 1785531148463
job 31_SUM_108 started 1785531148463 core=5
job 59_DOT_36 end 1785531177515
job 46_TGAMMA_60 started 1785531177516 core=1
job 27_XPY_60 end 1785531183924
job 48_SQRTX_12 started 1785531183925 core=0
job 48_SQRTX_12 end 1785531201043
job 43_DOT_84 started 1785531201043 core=0
job 31_SUM_108 end 1785531206429
job 32_POW_12 started 1785531206429 core=5
job 28_ERF_24 end 1785531210560
job 34_POW_36 started 1785531210561 core=4
job 46_TGAMMA_60 end 1785531212227
job 38_DOT_36 started 1785531212227 core=1
job 32_POW_12 end 1785531245744
job 41_XPY_48 started 1785531245744 core=5
job 38_DOT_36 end 1785531258709
job 58_POW_24 started 1785531258709 core=1
job 43_DOT_84 end 1785531296063
job 53_SUM_132 started 1785531296064 core=0
job 41_XPY_48 end 1785531321741
job 63_SUM_132 started 1785531321741 core=5
job 34_POW_36 end 1785531323357
job 42_SUM_132 started 1785531323358 core=4
job 58_POW_24 end 1785531351207
job 44_SUM_132 started 1785531351208 core=1
job 53_SUM_132 end 1785531387365
job 45_DOT_84 started 1785531387366 core=0
job 63_SUM_132 end 1785531418522
job 51_SUM_132 started 1785531418522 core=5
job 42_SUM_132 end 1785531428433
job 65_TGAMMA_12 started 1785531428433 core=4
job 65_TGAMMA_12 end 1785531435654
job 83_XPY_48 started 1785531435654 core=4
job 44_SUM_132 end 1785531449272
job 61_DOT_36 started 1785531449272 core=1
job 61_DOT_36 end 1785531491682
job 73_POW_12 started 1785531491682 core=1
job 45_DOT_84 end 1785531513583
job 69_DOT_84 started 1785531513584 core=0
job 51_SUM_132 end 1785531516150
job 39_TGAMMA_12 started 1785531516150 core=5
job 83_XPY_48 end 1785531522667
job 49_TGAMMA_120 started 1785531522667 core=4
job 39_TGAMMA_12 end 1785531523027
job 68_SUM_132 started 1785531523027 core=5
job 73_POW_12 end 1785531524506
job 70_POW_36 started 1785531524507 core=1
job 69_DOT_84 end 1785531590978
job 50_TGAMMA_120 started 1785531590978 core=0
job 49_TGAMMA_120 end 1785531592739
job 79_SUM_132 started 1785531592740 core=4
job 68_SUM_132 end 1785531609309
job 60_TGAMMA_60 started 1785531609310 core=5
job 70_POW_36 end 1785531627058
job 52_SUM_132 started 1785531627059 core=1
job 60_TGAMMA_60 end 1785531644071
job 64_COPY_60 started 1785531644071 core=5
job 79_SUM_132 end 1785531647389
job 66_TGAMMA_60 started 1785531647389 core=4
job 50_TGAMMA_120 end 1785531660561
job 82_SUM_84 started 1785531660561 core=0
job 66_TGAMMA_60 end 1785531682055
job 72_COPY_84 started 1785531682055 core=4
job 82_SUM_84 end 1785531714978
job 67_SUM_84 started 1785531714979 core=0
job 52_SUM_132 end 1785531725521
job 84_DOT_36 started 1785531725521 core=1
job 64_COPY_60 end 1785531725875
job 74_SUM_132 started 1785531725875 core=5
job 84_DOT_36 end 1785531767659
job 78_SUM_84 started 1785531767659 core=1
job 67_SUM_84 end 1785531804503
job 88_SUM_132 started 1785531804504 core=0
job 72_COPY_84 end 1785531818846
job 75_TGAMMA_60 started 1785531818847 core=4
job 74_SUM_132 end 1785531823572
job 71_SUM_84 started 1785531823573 core=5
job 78_SUM_84 end 1785531825168
job 90_COPY_60 started 1785531825168 core=1
job 75_TGAMMA_60 end 1785531853832
job 77_TGAMMA_60 started 1785531853832 core=4
job 88_SUM_132 end 1785531870407
job 91_TGAMMA_60 started 1785531870407 core=0
job 77_TGAMMA_60 end 1785531888411
job 55_COPY_60 started 1785531888411 core=4
job 71_SUM_84 end 1785531891756
job 57_DOT_36 started 1785531891756 core=5
job 90_COPY_60 end 1785531905124
job 93_SUM_108 started 1785531905125 core=1
job 91_TGAMMA_60 end 1785531905207
job 86_XPY_60 started 1785531905207 core=0
job 57_DOT_36 end 1785531935347
job 89_ERF_48 started 1785531935347 core=5
job 93_SUM_108 end 1785531976363
job 92_SUM_84 started 1785531976364 core=1
job 55_COPY_60 end 1785532005725
job 87_ERF_12 started 1785532005726 core=4
job 86_XPY_60 end 1785532018785
job 62_SUM_108 started 1785532018786 core=0
job 92_SUM_84 end 1785532026264
job 76_DOT_84 started 1785532026265 core=1
job 89_ERF_48 end 1785532035288
job 95_SUM_84 started 1785532035288 core=5
job 87_ERF_12 end 1785532035694
job 97_XPY_60 started 1785532035694 core=4
job 95_SUM_84 end 1785532104998
job 98_SQRTX_12 started 1785532104998 core=5
job 76_DOT_84 end 1785532122505
job 99_XPY_48 started 1785532122505 core=1
job 62_SUM_108 end 1785532124738
job 80_COPY_60 started 1785532124739 core=0
job 98_SQRTX_12 end 1785532126251
job 96_XPY_48 started 1785532126251 core=5
job 97_XPY_60 end 1785532133121
job 80_COPY_60 end 1785532185785
job 99_XPY_48 end 1785532197412
job 96_XPY_48 end 1785532198989
  итерация 0: 1763360 ms
job 5_DOT_36 started 1785532198989 core=5
job 12_SUM_132 started 1785532198989 core=0
job 1_COPY_60 started 1785532198989 core=1
job 7_ERF_48 started 1785532198990 core=4
job 5_DOT_36 end 1785532258230
job 15_SUM_132 started 1785532258230 core=5
job 12_SUM_132 end 1785532284836
job 2_TGAMMA_120 started 1785532284836 core=0
job 7_ERF_48 end 1785532293452
job 17_DOT_36 started 1785532293452 core=4
job 1_COPY_60 end 1785532297242
job 0_SUM_132 started 1785532297242 core=1
job 17_DOT_36 end 1785532326111
job 19_SUM_132 started 1785532326111 core=4
job 2_TGAMMA_120 end 1785532355129
job 24_SUM_108 started 1785532355129 core=0
job 15_SUM_132 end 1785532363788
job 40_SUM_132 started 1785532363788 core=5
job 0_SUM_132 end 1785532394406
job 4_TGAMMA_60 started 1785532394406 core=1
job 19_SUM_132 end 1785532407875
job 3_POW_12 started 1785532407876 core=4
job 4_TGAMMA_60 end 1785532429465
job 22_SUM_132 started 1785532429465 core=1
job 24_SUM_108 end 1785532431867
job 26_SQRTX_48 started 1785532431867 core=0
job 40_SUM_132 end 1785532439691
job 9_SQRTX_48 started 1785532439691 core=5
job 3_POW_12 end 1785532442856
job 8_TGAMMA_12 started 1785532442856 core=4
job 8_TGAMMA_12 end 1785532449742
job 20_SUM_84 started 1785532449742 core=4
job 26_SQRTX_48 end 1785532493684
job 42_SUM_132 started 1785532493684 core=0
job 20_SUM_84 end 1785532503405
job 30_TGAMMA_60 started 1785532503405 core=4
job 9_SQRTX_48 end 1785532504193
job 11_SUM_84 started 1785532504193 core=5
job 22_SUM_132 end 1785532512579
job 6_SUM_84 started 1785532512579 core=1
job 30_TGAMMA_60 end 1785532538479
job 10_XPY_48 started 1785532538480 core=4
job 11_SUM_84 end 1785532563675
job 39_TGAMMA_12 started 1785532563675 core=5
job 6_SUM_84 end 1785532568507
job 25_COPY_60 started 1785532568508 core=1
job 39_TGAMMA_12 end 1785532570731
job 34_POW_36 started 1785532570731 core=5
job 42_SUM_132 end 1785532582062
job 21_XPY_60 started 1785532582063 core=0
job 10_XPY_48 end 1785532618764
job 38_DOT_36 started 1785532618764 core=4
job 25_COPY_60 end 1785532657266
job 31_SUM_108 started 1785532657266 core=1
job 38_DOT_36 end 1785532675659
job 32_POW_12 started 1785532675659 core=4
job 21_XPY_60 end 1785532686203
job 14_SUM_108 started 1785532686203 core=0
job 34_POW_36 end 1785532691802
job 13_SQRTX_48 started 1785532691802 core=5
job 32_POW_12 end 1785532713583
job 49_TGAMMA_120 started 1785532713583 core=4
job 31_SUM_108 end 1785532727233
job 53_SUM_132 started 1785532727233 core=1
job 14_SUM_108 end 1785532740839
job 43_DOT_84 started 1785532740839 core=0
job 13_SQRTX_48 end 1785532758767
job 52_SUM_132 started 1785532758767 core=5
job 49_TGAMMA_120 end 1785532783570
job 23_POW_36 started 1785532783570 core=4
job 53_SUM_132 end 1785532820026
job 29_SUM_108 started 1785532820026 core=1
job 43_DOT_84 end 1785532827800
job 36_POW_12 started 1785532827800 core=0
job 52_SUM_132 end 1785532852999
job 33_COPY_60 started 1785532853000 core=5
job 36_POW_12 end 1785532862241
job 18_TGAMMA_60 started 1785532862241 core=0
job 23_POW_36 end 1785532888984
job 16_XPY_48 started 1785532888984 core=4
job 18_TGAMMA_60 end 1785532896984
job 56_SQRTX_48 started 1785532896985 core=0
job 29_SUM_108 end 1785532901042
job 28_ERF_24 started 1785532901042 core=1
job 33_COPY_60 end 1785532933156
job 64_COPY_60 started 1785532933157 core=5
job 16_XPY_48 end 1785532952151
job 45_DOT_84 started 1785532952151 core=4
job 28_ERF_24 end 1785532963728
job 50_TGAMMA_120 started 1785532963728 core=1
job 56_SQRTX_48 end 1785532986092
job 47_XPY_48 started 1785532986092 core=0
job 64_COPY_60 end 1785533010370
job 37_POW_24 started 1785533010370 core=5
job 50_TGAMMA_120 end 1785533033996
job 41_XPY_48 started 1785533033996 core=1
job 45_DOT_84 end 1785533058431
job 65_TGAMMA_12 started 1785533058431 core=4
job 47_XPY_48 end 1785533058915
job 66_TGAMMA_60 started 1785533058915 core=0
job 65_TGAMMA_12 end 1785533065291
job 27_XPY_60 started 1785533065291 core=4
job 37_POW_24 end 1785533084559
job 35_SUM_84 started 1785533084560 core=5
job 66_TGAMMA_60 end 1785533094019
job 46_TGAMMA_60 started 1785533094019 core=0
job 41_XPY_48 end 1785533096868
job 55_COPY_60 started 1785533096868 core=1
job 46_TGAMMA_60 end 1785533129526
job 44_SUM_132 started 1785533129529 core=0
job 27_XPY_60 end 1785533136637
job 59_DOT_36 started 1785533136637 core=4
job 35_SUM_84 end 1785533167510
job 61_DOT_36 started 1785533167510 core=5
job 59_DOT_36 end 1785533178329
job 58_POW_24 started 1785533178329 core=4
job 55_COPY_60 end 1785533192346
job 74_SUM_132 started 1785533192346 core=1
job 61_DOT_36 end 1785533219255
job 75_TGAMMA_60 started 1785533219255 core=5
job 44_SUM_132 end 1785533228016
job 67_SUM_84 started 1785533228016 core=0
job 58_POW_24 end 1785533251065
job 68_SUM_132 started 1785533251065 core=4
job 75_TGAMMA_60 end 1785533254309
job 57_DOT_36 started 1785533254309 core=5
job 74_SUM_132 end 1785533275254
job 63_SUM_132 started 1785533275254 core=1
job 67_SUM_84 end 1785533287326
job 78_SUM_84 started 1785533287326 core=0
job 57_DOT_36 end 1785533300880
job 71_SUM_84 started 1785533300880 core=5
job 68_SUM_132 end 1785533350160
job 48_SQRTX_12 started 1785533350160 core=4
job 78_SUM_84 end 1785533350870
job 69_DOT_84 started 1785533350870 core=0
job 71_SUM_84 end 1785533362930
job 73_POW_12 started 1785533362931 core=5
job 48_SQRTX_12 end 1785533372022
job 54_TGAMMA_120 started 1785533372022 core=4
job 63_SUM_132 end 1785533375556
job 77_TGAMMA_60 started 1785533375556 core=1
job 73_POW_12 end 1785533393137
job 51_SUM_132 started 1785533393137 core=5
job 77_TGAMMA_60 end 1785533410362
job 62_SUM_108 started 1785533410363 core=1
job 69_DOT_84 end 1785533426854
job 79_SUM_132 started 1785533426855 core=0
job 54_TGAMMA_120 end 1785533442139
job 76_DOT_84 started 1785533442140 core=4
job 51_SUM_132 end 1785533480655
job 60_TGAMMA_60 started 1785533480655 core=5
job 62_SUM_108 end 1785533486588
job 72_COPY_84 started 1785533486588 core=1
job 60_TGAMMA_60 end 1785533516598
job 80_COPY_60 started 1785533516599 core=5
job 79_SUM_132 end 1785533527308
job 70_POW_36 started 1785533527308 core=0
job 76_DOT_84 end 1785533540333
job 82_SUM_84 started 1785533540333 core=4
job 82_SUM_84 end 1785533590044
job 92_SUM_84 started 1785533590044 core=4
job 70_POW_36 end 1785533626862
job 81_SUM_132 started 1785533626863 core=0
job 92_SUM_84 end 1785533641238
job 85_COPY_60 started 1785533641238 core=4
job 80_COPY_60 end 1785533642895
job 96_XPY_48 started 1785533642895 core=5
job 72_COPY_84 end 1785533645307
job 84_DOT_36 started 1785533645308 core=1
job 84_DOT_36 end 1785533703265
job 91_TGAMMA_60 started 1785533703265 core=1
job 96_XPY_48 end 1785533718266
job 95_SUM_84 started 1785533718266 core=5
job 85_COPY_60 end 1785533730014
job 87_ERF_12 started 1785533730015 core=4
job 91_TGAMMA_60 end 1785533738572
job 97_XPY_60 started 1785533738573 core=1
job 81_SUM_132 end 1785533742375
job 86_XPY_60 started 1785533742375 core=0
job 87_ERF_12 end 1785533760741
job 83_XPY_48 started 1785533760741 core=4
job 95_SUM_84 end 1785533773765
job 88_SUM_132 started 1785533773765 core=5
job 97_XPY_60 end 1785533823496
job 94_DOT_36 started 1785533823496 core=1
job 86_XPY_60 end 1785533856484
job 98_SQRTX_12 started 1785533856485 core=0
job 83_XPY_48 end 1785533858346
job 89_ERF_48 started 1785533858346 core=4
job 94_DOT_36 end 1785533863382
job 90_COPY_60 started 1785533863382 core=1
job 98_SQRTX_12 end 1785533874837
job 93_SUM_108 started 1785533874838 core=0
job 88_SUM_132 end 1785533889849
job 99_XPY_48 started 1785533889849 core=5
job 93_SUM_108 end 1785533939529
job 89_ERF_48 end 1785533948598
job 90_COPY_60 end 1785533960796
job 99_XPY_48 end 1785533961753
  итерация 1: 1762763 ms
job 0_SUM_132 started 1785533961753 core=5
job 3_POW_12 started 1785533961753 core=1
job 4_TGAMMA_60 started 1785533961753 core=4
job 31_SUM_108 started 1785533961781 core=0
job 4_TGAMMA_60 end 1785533996789
job 25_COPY_60 started 1785533996789 core=4
job 3_POW_12 end 1785533997795
job 28_ERF_24 started 1785533997796 core=1
job 31_SUM_108 end 1785534027475
job 30_TGAMMA_60 started 1785534027476 core=0
job 0_SUM_132 end 1785534043944
job 1_COPY_60 started 1785534043944 core=5
job 28_ERF_24 end 1785534048384
job 5_DOT_36 started 1785534048384 core=1
job 30_TGAMMA_60 end 1785534063061
job 6_SUM_84 started 1785534063062 core=0
job 25_COPY_60 end 1785534078676
job 11_SUM_84 started 1785534078677 core=4
job 5_DOT_36 end 1785534107972
job 2_TGAMMA_120 started 1785534107972 core=1
job 6_SUM_84 end 1785534124953
job 16_XPY_48 started 1785534124953 core=0
job 1_COPY_60 end 1785534137467
job 7_ERF_48 started 1785534137467 core=5
job 11_SUM_84 end 1785534138222
job 38_DOT_36 started 1785534138222 core=4
job 2_TGAMMA_120 end 1785534178075
job 8_TGAMMA_12 started 1785534178075 core=1
job 8_TGAMMA_12 end 1785534184985
job 10_XPY_48 started 1785534184985 core=1
job 38_DOT_36 end 1785534189451
job 13_SQRTX_48 started 1785534189451 core=4
job 16_XPY_48 end 1785534195492
job 15_SUM_132 started 1785534195492 core=0
job 7_ERF_48 end 1785534223243
job 12_SUM_132 started 1785534223244 core=5
job 10_XPY_48 end 1785534254327
job 17_DOT_36 started 1785534254327 core=1
job 13_SQRTX_48 end 1785534255365
job 19_SUM_132 started 1785534255365 core=4
job 15_SUM_132 end 1785534282886
job 20_SUM_84 started 1785534282886 core=0
job 17_DOT_36 end 1785534299886
job 9_SQRTX_48 started 1785534299886 core=1
job 12_SUM_132 end 1785534335432
job 21_XPY_60 started 1785534335432 core=5
job 20_SUM_84 end 1785534341029
job 26_SQRTX_48 started 1785534341029 core=0
job 19_SUM_132 end 1785534347990
job 49_TGAMMA_120 started 1785534347990 core=4
job 9_SQRTX_48 end 1785534383604
job 41_XPY_48 started 1785534383604 core=1
job 26_SQRTX_48 end 1785534387604
job 40_SUM_132 started 1785534387604 core=0
job 49_TGAMMA_120 end 1785534417373
job 47_XPY_48 started 1785534417373 core=4
job 21_XPY_60 end 1785534430256
job 52_SUM_132 started 1785534430256 core=5
job 41_XPY_48 end 1785534469920
job 35_SUM_84 started 1785534469920 core=1
job 40_SUM_132 end 1785534473566
job 44_SUM_132 started 1785534473566 core=0
job 47_XPY_48 end 1785534492870
job 45_DOT_84 started 1785534492870 core=4
job 35_SUM_84 end 1785534530424
job 14_SUM_108 started 1785534530424 core=1
job 52_SUM_132 end 1785534534418
job 73_POW_12 started 1785534534419 core=5
job 73_POW_12 end 1785534572469
job 39_TGAMMA_12 started 1785534572469 core=5
job 39_TGAMMA_12 end 1785534579576
job 18_TGAMMA_60 started 1785534579576 core=5
job 44_SUM_132 end 1785534594138
job 42_SUM_132 started 1785534594139 core=0
job 14_SUM_108 end 1785534595331
job 50_TGAMMA_120 started 1785534595332 core=1
job 45_DOT_84 end 1785534597006
job 48_SQRTX_12 started 1785534597006 core=4
job 48_SQRTX_12 end 1785534610717
job 23_POW_36 started 1785534610718 core=4
job 18_TGAMMA_60 end 1785534614173
job 55_COPY_60 started 1785534614173 core=5
job 42_SUM_132 end 1785534660419
job 24_SUM_108 started 1785534660419 core=0
job 50_TGAMMA_120 end 1785534665667
job 22_SUM_132 started 1785534665667 core=1
job 55_COPY_60 end 1785534695402
job 27_XPY_60 started 1785534695402 core=5
job 23_POW_36 end 1785534709503
job 56_SQRTX_48 started 1785534709503 core=4
job 24_SUM_108 end 1785534727943
job 59_DOT_36 started 1785534727943 core=0
job 59_DOT_36 end 1785534767148
job 33_COPY_60 started 1785534767148 core=0
job 27_XPY_60 end 1785534786030
job 43_DOT_84 started 1785534786030 core=5
job 56_SQRTX_48 end 1785534788757
job 36_POW_12 started 1785534788757 core=4
job 22_SUM_132 end 1785534790078
job 66_TGAMMA_60 started 1785534790078 core=1
job 66_TGAMMA_60 end 1785534824932
job 53_SUM_132 started 1785534824932 core=1
job 36_POW_12 end 1785534836202
job 68_SUM_132 started 1785534836202 core=4
job 33_COPY_60 end 1785534864433
job 72_COPY_84 started 1785534864433 core=0
job 43_DOT_84 end 1785534867701
job 54_TGAMMA_120 started 1785534867701 core=5
job 53_SUM_132 end 1785534902058
job 63_SUM_132 started 1785534902060 core=1
job 54_TGAMMA_120 end 1785534937525
job 70_POW_36 started 1785534937525 core=5
job 63_SUM_132 end 1785534968886
job 74_SUM_132 started 1785534968887 core=1
job 68_SUM_132 end 1785534970119
job 61_DOT_36 started 1785534970119 core=4
job 72_COPY_84 end 1785534999469
job 64_COPY_60 started 1785534999470 core=0
job 61_DOT_36 end 1785535030640
job 75_TGAMMA_60 started 1785535030640 core=4
job 70_POW_36 end 1785535041116
job 76_DOT_84 started 1785535041116 core=5
job 74_SUM_132 end 1785535053507
job 67_SUM_84 started 1785535053508 core=1
job 75_TGAMMA_60 end 1785535066520
job 82_SUM_84 started 1785535066520 core=4
job 64_COPY_60 end 1785535093112
job 83_XPY_48 started 1785535093112 core=0
job 67_SUM_84 end 1785535122590
job 29_SUM_108 started 1785535122590 core=1
job 76_DOT_84 end 1785535137763
job 69_DOT_84 started 1785535137763 core=5
job 82_SUM_84 end 1785535154612
job 78_SUM_84 started 1785535154612 core=4
job 83_XPY_48 end 1785535176018
job 79_SUM_132 started 1785535176019 core=0
job 29_SUM_108 end 1785535215832
job 77_TGAMMA_60 started 1785535215832 core=1
job 78_SUM_84 end 1785535224126
job 32_POW_12 started 1785535224127 core=4
job 69_DOT_84 end 1785535233912
job 34_POW_36 started 1785535233913 core=5
job 77_TGAMMA_60 end 1785535250678
job 46_TGAMMA_60 started 1785535250678 core=1
job 32_POW_12 end 1785535255941
job 87_ERF_12 started 1785535255941 core=4
job 79_SUM_132 end 1785535261493
job 37_POW_24 started 1785535261493 core=0
job 87_ERF_12 end 1785535274660
job 58_POW_24 started 1785535274660 core=4
job 46_TGAMMA_60 end 1785535285044
job 84_DOT_36 started 1785535285044 core=1
job 37_POW_24 end 1785535324163
job 94_DOT_36 started 1785535324163 core=0
job 84_DOT_36 end 1785535324567
job 71_SUM_84 started 1785535324567 core=1
job 34_POW_36 end 1785535326952
job 62_SUM_108 started 1785535326953 core=5
job 58_POW_24 end 1785535343985
job 85_COPY_60 started 1785535343985 core=4
job 94_DOT_36 end 1785535379406
job 65_TGAMMA_12 started 1785535379406 core=0
job 71_SUM_84 end 1785535382996
job 88_SUM_132 started 1785535382996 core=1
job 65_TGAMMA_12 end 1785535386700
job 95_SUM_84 started 1785535386700 core=0
job 62_SUM_108 end 1785535401673
job 81_SUM_132 started 1785535401673 core=5
job 85_COPY_60 end 1785535446999
job 90_COPY_60 started 1785535447000 core=4
job 88_SUM_132 end 1785535472922
job 93_SUM_108 started 1785535472922 core=1
job 95_SUM_84 end 1785535475615
job 96_XPY_48 started 1785535475615 core=0
job 81_SUM_132 end 1785535491168
job 92_SUM_84 started 1785535491169 core=5
job 93_SUM_108 end 1785535543461
job 51_SUM_132 started 1785535543461 core=1
job 92_SUM_84 end 1785535546107
job 57_DOT_36 started 1785535546108 core=5
job 96_XPY_48 end 1785535576352
job 60_TGAMMA_60 started 1785535576355 core=0
job 90_COPY_60 end 1785535576985
job 80_COPY_60 started 1785535576985 core=4
job 57_DOT_36 end 1785535585877
job 86_XPY_60 started 1785535585877 core=5
job 60_TGAMMA_60 end 1785535612112
job 97_XPY_60 started 1785535612113 core=0
job 51_SUM_132 end 1785535655955
job 98_SQRTX_12 started 1785535655955 core=1
job 86_XPY_60 end 1785535670528
job 89_ERF_48 started 1785535670528 core=5
job 80_COPY_60 end 1785535674681
job 91_TGAMMA_60 started 1785535674681 core=4
job 98_SQRTX_12 end 1785535677011
job 99_XPY_48 started 1785535677012 core=1
job 97_XPY_60 end 1785535703417
job 91_TGAMMA_60 end 1785535709866
job 99_XPY_48 end 1785535722779
job 89_ERF_48 end 1785535748861
  итерация 2: 1787108 ms
  среднее по 3 итерациям: 1771077 ms
=== Выполняется проект: no_po_memory_heavy_3.txt (100 работ, базовый прогон oneTBB) ===
job 1_TGAMMA_12 started 1785535748862 core=5
job 2_POW_12 started 1785535748862 core=4
job 0_SUM_84 started 1785535748862 core=1
job 3_SUM_132 started 1785535748862 core=0
job 1_TGAMMA_12 end 1785535755916
job 7_COPY_60 started 1785535755916 core=5
job 2_POW_12 end 1785535783602
job 16_TGAMMA_60 started 1785535783602 core=4
job 3_SUM_132 end 1785535816623
job 23_XPY_60 started 1785535816623 core=0
job 16_TGAMMA_60 end 1785535818541
job 26_DOT_36 started 1785535818541 core=4
job 0_SUM_84 end 1785535824220
job 48_XPY_60 started 1785535824220 core=1
job 7_COPY_60 end 1785535857076
job 4_SUM_132 started 1785535857077 core=5
job 26_DOT_36 end 1785535874294
job 5_SQRTX_12 started 1785535874294 core=4
job 5_SQRTX_12 end 1785535899104
job 15_TGAMMA_60 started 1785535899104 core=4
job 23_XPY_60 end 1785535907138
job 19_SUM_108 started 1785535907138 core=0
job 48_XPY_60 end 1785535918456
job 28_POW_24 started 1785535918457 core=1
job 15_TGAMMA_60 end 1785535934292
job 6_COPY_60 started 1785535934292 core=4
job 4_SUM_132 end 1785535961493
job 22_SUM_132 started 1785535961494 core=5
job 19_SUM_108 end 1785535982310
job 31_DOT_36 started 1785535982310 core=0
job 28_POW_24 end 1785535987981
job 35_POW_12 started 1785535987981 core=1
job 35_POW_12 end 1785536022948
job 8_TGAMMA_12 started 1785536022948 core=1
job 8_TGAMMA_12 end 1785536030005
job 24_COPY_84 started 1785536030005 core=1
job 6_COPY_60 end 1785536034461
job 13_SUM_84 started 1785536034461 core=4
job 31_DOT_36 end 1785536040537
job 29_DOT_36 started 1785536040537 core=0
job 22_SUM_132 end 1785536047643
job 11_XPY_60 started 1785536047643 core=5
job 29_DOT_36 end 1785536080747
job 25_SQRTX_48 started 1785536080747 core=0
job 13_SUM_84 end 1785536096455
job 9_ERF_12 started 1785536096455 core=4
job 9_ERF_12 end 1785536117268
job 53_COPY_84 started 1785536117268 core=4
job 25_SQRTX_48 end 1785536154294
job 12_ERF_24 started 1785536154295 core=0
job 11_XPY_60 end 1785536157555
job 14_DOT_84 started 1785536157555 core=5
job 24_COPY_84 end 1785536189205
job 17_DOT_84 started 1785536189205 core=1
job 12_ERF_24 end 1785536225494
job 20_POW_12 started 1785536225495 core=0
job 53_COPY_84 end 1785536247672
job 30_SUM_132 started 1785536247673 core=4
job 20_POW_12 end 1785536269252
job 10_COPY_84 started 1785536269252 core=0
job 14_DOT_84 end 1785536274049
job 18_ERF_48 started 1785536274049 core=5
job 17_DOT_84 end 1785536297098
job 21_COPY_60 started 1785536297098 core=1
job 30_SUM_132 end 1785536359873
job 37_SUM_108 started 1785536359873 core=4
job 21_COPY_60 end 1785536387437
job 33_COPY_60 started 1785536387438 core=1
job 10_COPY_84 end 1785536395207
job 55_SUM_132 started 1785536395207 core=0
job 18_ERF_48 end 1785536407238
job 56_SUM_84 started 1785536407239 core=5
job 37_SUM_108 end 1785536440480
job 47_DOT_84 started 1785536440480 core=4
job 33_COPY_60 end 1785536488965
job 57_XPY_48 started 1785536488966 core=1
job 55_SUM_132 end 1785536494454
job 34_XPY_48 started 1785536494454 core=0
job 56_SUM_84 end 1785536495136
job 38_TGAMMA_12 started 1785536495136 core=5
job 38_TGAMMA_12 end 1785536502378
job 39_SQRTX_12 started 1785536502378 core=5
job 39_SQRTX_12 end 1785536527579
job 52_POW_12 started 1785536527580 core=5
job 47_DOT_84 end 1785536551072
job 32_DOT_36 started 1785536551073 core=4
job 57_XPY_48 end 1785536558158
job 44_POW_36 started 1785536558158 core=1
job 52_POW_12 end 1785536570640
job 43_SUM_108 started 1785536570640 core=5
job 34_XPY_48 end 1785536571736
job 45_TGAMMA_12 started 1785536571736 core=0
job 45_TGAMMA_12 end 1785536578853
job 59_COPY_60 started 1785536578853 core=0
job 32_DOT_36 end 1785536603068
job 27_COPY_60 started 1785536603068 core=4
job 43_SUM_108 end 1785536636829
job 40_SUM_84 started 1785536636829 core=5
job 44_POW_36 end 1785536658434
job 71_XPY_48 started 1785536658434 core=1
job 59_COPY_60 end 1785536697392
job 46_COPY_84 started 1785536697393 core=0
job 40_SUM_84 end 1785536700132
job 36_POW_24 started 1785536700133 core=5
job 27_COPY_60 end 1785536722219
job 50_COPY_84 started 1785536722219 core=4
job 71_XPY_48 end 1785536726404
job 61_SUM_132 started 1785536726404 core=1
job 36_POW_24 end 1785536773147
job 41_TGAMMA_12 started 1785536773147 core=5
job 41_TGAMMA_12 end 1785536780149
job 69_SUM_84 started 1785536780149 core=5
job 61_SUM_132 end 1785536803785
job 51_XPY_48 started 1785536803785 core=1
job 69_SUM_84 end 1785536845624
job 63_DOT_36 started 1785536845625 core=5
job 46_COPY_84 end 1785536866509
job 54_XPY_60 started 1785536866509 core=0
job 51_XPY_48 end 1785536876358
job 62_TGAMMA_12 started 1785536876358 core=1
job 62_TGAMMA_12 end 1785536883450
job 60_SQRTX_48 started 1785536883450 core=1
job 63_DOT_36 end 1785536890741
job 86_DOT_84 started 1785536890742 core=5
job 50_COPY_84 end 1785536893469
job 42_XPY_48 started 1785536893469 core=4
job 60_SQRTX_48 end 1785536964685
job 49_DOT_36 started 1785536964686 core=1
job 86_DOT_84 end 1785536979375
job 72_DOT_84 started 1785536979375 core=5
job 54_XPY_60 end 1785536986033
job 66_XPY_60 started 1785536986033 core=0
job 42_XPY_48 end 1785536990860
job 70_SUM_132 started 1785536990860 core=4
job 49_DOT_36 end 1785537012762
job 76_DOT_84 started 1785537012764 core=1
job 66_XPY_60 end 1785537088127
job 58_XPY_60 started 1785537088127 core=0
job 72_DOT_84 end 1785537093753
job 89_XPY_60 started 1785537093753 core=5
job 70_SUM_132 end 1785537132877
job 81_POW_24 started 1785537132878 core=4
job 76_DOT_84 end 1785537135368
job 85_DOT_84 started 1785537135368 core=1
job 58_XPY_60 end 1785537177767
job 82_TGAMMA_60 started 1785537177768 core=0
job 89_XPY_60 end 1785537189752
job 64_TGAMMA_60 started 1785537189752 core=5
job 81_POW_24 end 1785537207090
job 91_COPY_60 started 1785537207090 core=4
job 82_TGAMMA_60 end 1785537212497
job 90_COPY_84 started 1785537212497 core=0
job 64_TGAMMA_60 end 1785537224504
job 77_DOT_36 started 1785537224504 core=5
job 85_DOT_84 end 1785537225980
job 96_POW_36 started 1785537225981 core=1
job 77_DOT_36 end 1785537263670
job 73_XPY_48 started 1785537263670 core=5
job 91_COPY_60 end 1785537320852
job 74_DOT_84 started 1785537320853 core=4
job 73_XPY_48 end 1785537329361
job 88_ERF_48 started 1785537329362 core=5
job 96_POW_36 end 1785537348165
job 75_COPY_84 started 1785537348165 core=1
job 90_COPY_84 end 1785537367902
job 79_COPY_84 started 1785537367902 core=0
job 74_DOT_84 end 1785537448067
job 65_SUM_132 started 1785537448067 core=4
job 88_ERF_48 end 1785537456508
job 95_TGAMMA_120 started 1785537456508 core=5
job 75_COPY_84 end 1785537471571
job 67_POW_12 started 1785537471572 core=1
job 79_COPY_84 end 1785537493154
job 68_SQRTX_48 started 1785537493154 core=0
job 67_POW_12 end 1785537498320
job 78_DOT_36 started 1785537498320 core=1
job 95_TGAMMA_120 end 1785537526212
job 80_POW_24 started 1785537526212 core=5
job 78_DOT_36 end 1785537528969
job 87_ERF_24 started 1785537528970 core=1
job 65_SUM_132 end 1785537541151
job 83_COPY_84 started 1785537541151 core=4
job 68_SQRTX_48 end 1785537563583
job 98_TGAMMA_60 started 1785537563584 core=0
job 87_ERF_24 end 1785537572435
job 84_DOT_36 started 1785537572435 core=1
job 80_POW_24 end 1785537592791
job 94_XPY_48 started 1785537592791 core=5
job 98_TGAMMA_60 end 1785537599238
job 92_POW_24 started 1785537599238 core=0
job 84_DOT_36 end 1785537618711
job 99_COPY_60 started 1785537618712 core=1
job 83_COPY_84 end 1785537655500
job 93_POW_36 started 1785537655500 core=4
job 94_XPY_48 end 1785537674986
job 97_COPY_60 started 1785537674986 core=5
job 92_POW_24 end 1785537676493
job 99_COPY_60 end 1785537716539
job 97_COPY_60 end 1785537735084
job 93_POW_36 end 1785537736800
  итерация 0: 1987938 ms
job 5_SQRTX_12 started 1785537736801 core=4
job 0_SUM_84 started 1785537736801 core=5
job 14_DOT_84 started 1785537736801 core=1
job 29_DOT_36 started 1785537736801 core=0
job 5_SQRTX_12 end 1785537759066
job 16_TGAMMA_60 started 1785537759082 core=4
job 29_DOT_36 end 1785537775611
job 20_POW_12 started 1785537775611 core=0
job 16_TGAMMA_60 end 1785537794102
job 1_TGAMMA_12 started 1785537794102 core=4
job 1_TGAMMA_12 end 1785537801025
job 3_SUM_132 started 1785537801025 core=4
job 0_SUM_84 end 1785537803835
job 23_XPY_60 started 1785537803835 core=5
job 20_POW_12 end 1785537804754
job 2_POW_12 started 1785537804754 core=0
job 2_POW_12 end 1785537839606
job 6_COPY_60 started 1785537839607 core=0
job 14_DOT_84 end 1785537844570
job 27_COPY_60 started 1785537844571 core=1
job 3_SUM_132 end 1785537905686
job 15_TGAMMA_60 started 1785537905686 core=4
job 23_XPY_60 end 1785537912786
job 9_ERF_12 started 1785537912787 core=5
job 6_COPY_60 end 1785537920532
job 26_DOT_36 started 1785537920532 core=0
job 15_TGAMMA_60 end 1785537940677
job 42_XPY_48 started 1785537940677 core=4
job 9_ERF_12 end 1785537947080
job 4_SUM_132 started 1785537947081 core=5
job 27_COPY_60 end 1785537954344
job 17_DOT_84 started 1785537954344 core=1
job 26_DOT_36 end 1785537957102
job 53_COPY_84 started 1785537957102 core=0
job 42_XPY_48 end 1785538036363
job 19_SUM_108 started 1785538036363 core=4
job 17_DOT_84 end 1785538047945
job 8_TGAMMA_12 started 1785538047945 core=1
job 4_SUM_132 end 1785538051071
job 31_DOT_36 started 1785538051071 core=5
job 8_TGAMMA_12 end 1785538054962
job 37_SUM_108 started 1785538054963 core=1
job 31_DOT_36 end 1785538091574
job 32_DOT_36 started 1785538091574 core=5
job 53_COPY_84 end 1785538121576
job 21_COPY_60 started 1785538121576 core=0
job 32_DOT_36 end 1785538133389
job 7_COPY_60 started 1785538133389 core=5
job 37_SUM_108 end 1785538145904
job 33_COPY_60 started 1785538145905 core=1
job 19_SUM_108 end 1785538151325
job 10_COPY_84 started 1785538151325 core=4
job 21_COPY_60 end 1785538225954
job 13_SUM_84 started 1785538225955 core=0
job 7_COPY_60 end 1785538242213
job 11_XPY_60 started 1785538242213 core=5
job 33_COPY_60 end 1785538259093
job 12_ERF_24 started 1785538259093 core=1
job 10_COPY_84 end 1785538287989
job 41_TGAMMA_12 started 1785538287989 core=4
job 13_SUM_84 end 1785538294660
job 66_XPY_60 started 1785538294660 core=0
job 41_TGAMMA_12 end 1785538295000
job 43_SUM_108 started 1785538295000 core=4
job 11_XPY_60 end 1785538332041
job 38_TGAMMA_12 started 1785538332041 core=5
job 12_ERF_24 end 1785538333000
job 24_COPY_84 started 1785538333000 core=1
job 38_TGAMMA_12 end 1785538339142
job 56_SUM_84 started 1785538339142 core=5
job 66_XPY_60 end 1785538384708
job 44_POW_36 started 1785538384708 core=0
job 43_SUM_108 end 1785538389308
job 18_ERF_48 started 1785538389308 core=4
job 56_SUM_84 end 1785538419075
job 28_POW_24 started 1785538419076 core=5
job 24_COPY_84 end 1785538454256
job 48_XPY_60 started 1785538454256 core=1
job 18_ERF_48 end 1785538478964
job 25_SQRTX_48 started 1785538478964 core=4
job 44_POW_36 end 1785538481216
job 36_POW_24 started 1785538481216 core=0
job 28_POW_24 end 1785538507502
job 22_SUM_132 started 1785538507503 core=5
job 48_XPY_60 end 1785538534756
job 57_XPY_48 started 1785538534756 core=1
job 36_POW_24 end 1785538542546
job 35_POW_12 started 1785538542546 core=0
job 25_SQRTX_48 end 1785538542753
job 49_DOT_36 started 1785538542753 core=4
job 35_POW_12 end 1785538582659
job 58_XPY_60 started 1785538582660 core=0
job 49_DOT_36 end 1785538583495
job 77_DOT_36 started 1785538583495 core=4
job 57_XPY_48 end 1785538610110
job 30_SUM_132 started 1785538610110 core=1
job 22_SUM_132 end 1785538626235
job 70_SUM_132 started 1785538626235 core=5
job 77_DOT_36 end 1785538644205
job 45_TGAMMA_12 started 1785538644205 core=4
job 45_TGAMMA_12 end 1785538651572
job 34_XPY_48 started 1785538651572 core=4
job 58_XPY_60 end 1785538696210
job 83_COPY_84 started 1785538696210 core=0
job 30_SUM_132 end 1785538698247
job 39_SQRTX_12 started 1785538698248 core=1
job 70_SUM_132 end 1785538712207
job 50_COPY_84 started 1785538712208 core=5
job 39_SQRTX_12 end 1785538714101
job 84_DOT_36 started 1785538714101 core=1
job 34_XPY_48 end 1785538747495
job 86_DOT_84 started 1785538747495 core=4
job 84_DOT_36 end 1785538769912
job 51_XPY_48 started 1785538769913 core=1
job 83_COPY_84 end 1785538845474
job 59_COPY_60 started 1785538845474 core=0
job 51_XPY_48 end 1785538860035
job 46_COPY_84 started 1785538860036 core=1
job 50_COPY_84 end 1785538872046
job 54_XPY_60 started 1785538872049 core=5
job 86_DOT_84 end 1785538876414
job 64_TGAMMA_60 started 1785538876414 core=4
job 64_TGAMMA_60 end 1785538911590
job 60_SQRTX_48 started 1785538911590 core=4
job 59_COPY_60 end 1785538924162
job 55_SUM_132 started 1785538924162 core=0
job 60_SQRTX_48 end 1785538977342
job 40_SUM_84 started 1785538977342 core=4
job 54_XPY_60 end 1785538979108
job 47_DOT_84 started 1785538979108 core=5
job 55_SUM_132 end 1785539007309
job 87_ERF_24 started 1785539007309 core=0
job 46_COPY_84 end 1785539024027
job 52_POW_12 started 1785539024028 core=1
job 40_SUM_84 end 1785539033151
job 63_DOT_36 started 1785539033152 core=4
job 87_ERF_24 end 1785539065020
job 94_XPY_48 started 1785539065020 core=0
job 52_POW_12 end 1785539065474
job 71_XPY_48 started 1785539065474 core=1
job 63_DOT_36 end 1785539079854
job 62_TGAMMA_12 started 1785539079855 core=4
job 62_TGAMMA_12 end 1785539087081
job 61_SUM_132 started 1785539087081 core=4
job 47_DOT_84 end 1785539101695
job 85_DOT_84 started 1785539101695 core=5
job 94_XPY_48 end 1785539138993
job 67_POW_12 started 1785539138993 core=0
job 71_XPY_48 end 1785539147049
job 75_COPY_84 started 1785539147049 core=1
job 67_POW_12 end 1785539173854
job 72_DOT_84 started 1785539173854 core=0
job 61_SUM_132 end 1785539191466
job 91_COPY_60 started 1785539191466 core=4
job 85_DOT_84 end 1785539241215
job 93_POW_36 started 1785539241216 core=5
job 75_COPY_84 end 1785539289073
job 65_SUM_132 started 1785539289073 core=1
job 91_COPY_60 end 1785539292095
job 99_COPY_60 started 1785539292096 core=4
job 72_DOT_84 end 1785539300870
job 97_COPY_60 started 1785539300870 core=0
job 93_POW_36 end 1785539352753
job 69_SUM_84 started 1785539352753 core=5
job 65_SUM_132 end 1785539369395
job 68_SQRTX_48 started 1785539369395 core=1
job 69_SUM_84 end 1785539404689
job 73_XPY_48 started 1785539404690 core=5
job 99_COPY_60 end 1785539412001
job 79_COPY_84 started 1785539412002 core=4
job 97_COPY_60 end 1785539421553
job 96_POW_36 started 1785539421553 core=0
job 68_SQRTX_48 end 1785539445128
job 76_DOT_84 started 1785539445128 core=1
job 73_XPY_48 end 1785539473881
job 78_DOT_36 started 1785539473881 core=5
job 78_DOT_36 end 1785539521546
job 98_TGAMMA_60 started 1785539521546 core=5
job 76_DOT_84 end 1785539546267
job 74_DOT_84 started 1785539546267 core=1
job 79_COPY_84 end 1785539546726
job 82_TGAMMA_60 started 1785539546726 core=4
job 96_POW_36 end 1785539554180
job 89_XPY_60 started 1785539554180 core=0
job 98_TGAMMA_60 end 1785539556441
job 90_COPY_84 started 1785539556441 core=5
job 82_TGAMMA_60 end 1785539582150
job 95_TGAMMA_120 started 1785539582151 core=4
job 89_XPY_60 end 1785539625899
job 80_POW_24 started 1785539625899 core=0
job 95_TGAMMA_120 end 1785539652727
job 81_POW_24 started 1785539652727 core=4
job 74_DOT_84 end 1785539656214
job 92_POW_24 started 1785539656214 core=1
job 80_POW_24 end 1785539683953
job 88_ERF_48 started 1785539683953 core=0
job 90_COPY_84 end 1785539684353
job 81_POW_24 end 1785539710348
job 92_POW_24 end 1785539718962
job 88_ERF_48 end 1785539740348
  итерация 1: 2003547 ms
job 8_TGAMMA_12 started 1785539740348 core=1
job 1_TGAMMA_12 started 1785539740348 core=4
job 6_COPY_60 started 1785539740348 core=0
job 4_SUM_132 started 1785539740348 core=5
job 8_TGAMMA_12 end 1785539747333
job 5_SQRTX_12 started 1785539747348 core=1
job 1_TGAMMA_12 end 1785539747503
job 2_POW_12 started 1785539747503 core=4
job 5_SQRTX_12 end 1785539762979
job 0_SUM_84 started 1785539762979 core=1
job 2_POW_12 end 1785539794710
job 13_SUM_84 started 1785539794710 core=4
job 0_SUM_84 end 1785539818943
job 3_SUM_132 started 1785539818943 core=1
job 4_SUM_132 end 1785539823004
job 11_XPY_60 started 1785539823005 core=5
job 6_COPY_60 end 1785539834899
job 19_SUM_108 started 1785539834899 core=0
job 13_SUM_84 end 1785539866380
job 16_TGAMMA_60 started 1785539866380 core=4
job 19_SUM_108 end 1785539893356
job 24_COPY_84 started 1785539893356 core=0
job 16_TGAMMA_60 end 1785539901439
job 31_DOT_36 started 1785539901439 core=4
job 11_XPY_60 end 1785539914809
job 23_XPY_60 started 1785539914809 core=5
job 3_SUM_132 end 1785539951116
job 12_ERF_24 started 1785539951116 core=1
job 31_DOT_36 end 1785539957306
job 29_DOT_36 started 1785539957306 core=4
job 23_XPY_60 end 1785540003074
job 14_DOT_84 started 1785540003077 core=5
job 29_DOT_36 end 1785540011106
job 27_COPY_60 started 1785540011107 core=4
job 12_ERF_24 end 1785540022052
job 9_ERF_12 started 1785540022052 core=1
job 24_COPY_84 end 1785540036073
job 34_XPY_48 started 1785540036073 core=0
job 9_ERF_12 end 1785540052113
job 7_COPY_60 started 1785540052113 core=1
job 14_DOT_84 end 1785540106083
job 22_SUM_132 started 1785540106084 core=5
job 34_XPY_48 end 1785540131256
job 21_COPY_60 started 1785540131256 core=0
job 27_COPY_60 end 1785540132382
job 49_DOT_36 started 1785540132382 core=4
job 7_COPY_60 end 1785540145756
job 17_DOT_84 started 1785540145757 core=1
job 49_DOT_36 end 1785540193900
job 25_SQRTX_48 started 1785540193901 core=4
job 22_SUM_132 end 1785540218773
job 10_COPY_84 started 1785540218773 core=5
job 21_COPY_60 end 1785540237346
job 30_SUM_132 started 1785540237346 core=0
job 17_DOT_84 end 1785540248838
job 39_SQRTX_12 started 1785540248839 core=1
job 39_SQRTX_12 end 1785540270869
job 32_DOT_36 started 1785540270869 core=1
job 25_SQRTX_48 end 1785540271724
job 15_TGAMMA_60 started 1785540271724 core=4
job 30_SUM_132 end 1785540304538
job 18_ERF_48 started 1785540304538 core=0
job 15_TGAMMA_60 end 1785540306619
job 26_DOT_36 started 1785540306619 core=4
job 32_DOT_36 end 1785540330153
job 35_POW_12 started 1785540330153 core=1
job 26_DOT_36 end 1785540345408
job 43_SUM_108 started 1785540345408 core=4
job 10_COPY_84 end 1785540356128
job 28_POW_24 started 1785540356129 core=5
job 35_POW_12 end 1785540370383
job 37_SUM_108 started 1785540370384 core=1
job 18_ERF_48 end 1785540411573
job 40_SUM_84 started 1785540411573 core=0
job 43_SUM_108 end 1785540416260
job 33_COPY_60 started 1785540416260 core=4
job 28_POW_24 end 1785540426110
job 56_SUM_84 started 1785540426111 core=5
job 37_SUM_108 end 1785540440046
job 60_SQRTX_48 started 1785540440047 core=1
job 56_SUM_84 end 1785540481165
job 45_TGAMMA_12 started 1785540481165 core=5
job 45_TGAMMA_12 end 1785540488064
job 36_POW_24 started 1785540488064 core=5
job 40_SUM_84 end 1785540491315
job 69_SUM_84 started 1785540491315 core=0
job 60_SQRTX_48 end 1785540500868
job 38_TGAMMA_12 started 1785540500868 core=1
job 33_COPY_60 end 1785540503764
job 44_POW_36 started 1785540503765 core=4
job 38_TGAMMA_12 end 1785540507761
job 20_POW_12 started 1785540507761 core=1
job 20_POW_12 end 1785540541427
job 46_COPY_84 started 1785540541427 core=1
job 69_SUM_84 end 1785540545147
job 58_XPY_60 started 1785540545149 core=0
job 36_POW_24 end 1785540555541
job 55_SUM_132 started 1785540555541 core=5
job 44_POW_36 end 1785540628526
job 62_TGAMMA_12 started 1785540628526 core=4
job 58_XPY_60 end 1785540630994
job 47_DOT_84 started 1785540630994 core=0
job 62_TGAMMA_12 end 1785540635646
job 68_SQRTX_48 started 1785540635646 core=4
job 46_COPY_84 end 1785540664566
job 84_DOT_36 started 1785540664566 core=1
job 55_SUM_132 end 1785540678031
job 80_POW_24 started 1785540678031 core=5
job 84_DOT_36 end 1785540705954
job 65_SUM_132 started 1785540705955 core=1
job 68_SQRTX_48 end 1785540721492
job 42_XPY_48 started 1785540721493 core=4
job 47_DOT_84 end 1785540725937
job 63_DOT_36 started 1785540725937 core=0
job 80_POW_24 end 1785540751826
job 67_POW_12 started 1785540751827 core=5
job 67_POW_12 end 1785540786830
job 41_TGAMMA_12 started 1785540786831 core=5
job 63_DOT_36 end 1785540787430
job 97_COPY_60 started 1785540787430 core=0
job 65_SUM_132 end 1785540788283
job 73_XPY_48 started 1785540788283 core=1
job 41_TGAMMA_12 end 1785540793961
job 52_POW_12 started 1785540793961 core=5
job 42_XPY_48 end 1785540806677
job 48_XPY_60 started 1785540806677 core=4
job 52_POW_12 end 1785540840326
job 70_SUM_132 started 1785540840326 core=5
job 73_XPY_48 end 1785540853187
job 74_DOT_84 started 1785540853188 core=1
job 97_COPY_60 end 1785540917257
job 71_XPY_48 started 1785540917257 core=0
job 48_XPY_60 end 1785540924166
job 53_COPY_84 started 1785540924166 core=4
job 74_DOT_84 end 1785540946142
job 98_TGAMMA_60 started 1785540946142 core=1
job 70_SUM_132 end 1785540946226
job 75_COPY_84 started 1785540946226 core=5
job 98_TGAMMA_60 end 1785540981297
job 72_DOT_84 started 1785540981297 core=1
job 71_XPY_48 end 1785541007413
job 50_COPY_84 started 1785541007413 core=0
job 75_COPY_84 end 1785541065061
job 79_COPY_84 started 1785541065061 core=5
job 53_COPY_84 end 1785541094563
job 78_DOT_36 started 1785541094563 core=4
job 72_DOT_84 end 1785541109304
job 51_XPY_48 started 1785541109304 core=1
job 78_DOT_36 end 1785541150332
job 95_TGAMMA_120 started 1785541150332 core=4
job 50_COPY_84 end 1785541157552
job 57_XPY_48 started 1785541157552 core=0
job 51_XPY_48 end 1785541195709
job 59_COPY_60 started 1785541195710 core=1
job 57_XPY_48 end 1785541210246
job 92_POW_24 started 1785541210246 core=0
job 79_COPY_84 end 1785541219571
job 99_COPY_60 started 1785541219571 core=5
job 95_TGAMMA_120 end 1785541220673
job 90_COPY_84 started 1785541220674 core=4
job 92_POW_24 end 1785541287288
job 93_POW_36 started 1785541287289 core=0
job 59_COPY_60 end 1785541304023
job 94_XPY_48 started 1785541304024 core=1
job 99_COPY_60 end 1785541333285
job 96_POW_36 started 1785541333285 core=5
job 90_COPY_84 end 1785541340819
job 54_XPY_60 started 1785541340819 core=4
job 94_XPY_48 end 1785541376939
job 61_SUM_132 started 1785541376939 core=1
job 93_POW_36 end 1785541425040
job 81_POW_24 started 1785541425041 core=0
job 54_XPY_60 end 1785541428781
job 64_TGAMMA_60 started 1785541428781 core=4
job 96_POW_36 end 1785541443949
job 85_DOT_84 started 1785541443949 core=5
job 61_SUM_132 end 1785541455082
job 66_XPY_60 started 1785541455082 core=1
job 64_TGAMMA_60 end 1785541463307
job 86_DOT_84 started 1785541463307 core=4
job 81_POW_24 end 1785541490152
job 76_DOT_84 started 1785541490153 core=0
job 66_XPY_60 end 1785541564636
job 87_ERF_24 started 1785541564637 core=1
job 86_DOT_84 end 1785541574485
job 77_DOT_36 started 1785541574485 core=4
job 85_DOT_84 end 1785541575769
job 82_TGAMMA_60 started 1785541575770 core=5
job 76_DOT_84 end 1785541604493
job 88_ERF_48 started 1785541604493 core=0
job 87_ERF_24 end 1785541605104
job 83_COPY_84 started 1785541605105 core=1
job 82_TGAMMA_60 end 1785541610711
job 89_XPY_60 started 1785541610711 core=5
job 77_DOT_36 end 1785541616773
job 91_COPY_60 started 1785541616774 core=4
job 91_COPY_60 end 1785541701703
job 89_XPY_60 end 1785541713608
job 88_ERF_48 end 1785541714560
job 83_COPY_84 end 1785541725663
  итерация 2: 1985314 ms
  среднее по 3 итерациям: 1992266 ms
execution completed -> tbb_spec_results.txt
