nohup: ввод игнорируется
=== Выполняется проект: no_po_1.txt (100 работ) ===
60_TGAMMA::x : 0x7fdd7ec05010
60_TGAMMA::y : 0x7fdd7be3e010
12_POW::a : 0x7fddb51c9010
12_POW::b : 0x7fddaf63b010
12_POW::y : 0x7fdda9aad010
24_ERF::x : 0x7fdd9e391010
24_ERF::y : 0x7fdd819cc010
36_DOT::x : 0x7fddbad57010
36_DOT::y : 0x7fdd8d0e8010
12_ERF::x : 0x7fddb51c9010
12_ERF::y : 0x7fddaf63b010
84_DOT::x : 0x7fdd534c8010
84_DOT::y : 0x7fdd2b3e9010
24_ERF::x : 0x7fddc08e4010
24_ERF::y : 0x7fdda3f1f010
84_DOT::x : 0x7fdd7be40010
84_DOT::y : 0x7fdd0330a010
60_TGAMMA::x : 0x7fddbdb1d010
60_TGAMMA::y : 0x7fddbad56010
60_XPY::x : 0x7fdce6946010
60_XPY::y : 0x7fdcc9f82010
108_SUM::x : 0x7fdc96788010
120_TGAMMA::x : 0x7fddc6472010
120_TGAMMA::y : 0x7fddc08e4010
24_POW::a : 0x7fddb51c8010
24_POW::b : 0x7fdda9aac010
24_POW::y : 0x7fdd9e390010
60_COPY::x : 0x7fdd819cc010
60_COPY::y : 0x7fdd5ebe3010
84_SUM::x : 0x7fdd36b04010
120_TGAMMA::x : 0x7fddbad56010
120_TGAMMA::y : 0x7fddb51c8010
48_SQRTX::x : 0x7fdd9e391010
24_ERF::x : 0x7fddc08e4010
24_ERF::y : 0x7fdd92c75010
48_SQRTX::x : 0x7fdd7be3e010
108_SUM::x : 0x7fdd47dad010
84_DOT::x : 0x7fdd1fcce010
84_DOT::y : 0x7fdcf7bef010
12_TGAMMA::x : 0x7fddcb6d8010
12_TGAMMA::y : 0x7fddcadb0010
36_DOT::x : 0x7fdda3f1f010
36_DOT::y : 0x7fdd92c76010
24_ERF::x : 0x7fddc08e4010
24_ERF::y : 0x7fddb51c8010
12_POW::a : 0x7fddaf63a010
12_POW::b : 0x7fdda9aac010
12_POW::y : 0x7fdda3f1e010
12_SQRTX::x : 0x7fddc6472010
12_TGAMMA::x : 0x7fddcc000be0
12_TGAMMA::y : 0x7fddcc9287f0
48_SQRTX::x : 0x7fdd8d0e7010
48_SQRTX::x : 0x7fddb51c9010
60_COPY::x : 0x7fdd5ebe3010
60_COPY::y : 0x7fdcdb22b010
48_XPY::x : 0x7fdd47dac010
48_XPY::y : 0x7fdd30f75010
132_SUM::x : 0x7fdc9c316010
24_POW::a : 0x7fddc08e4010
24_POW::b : 0x7fddb51c8010
24_POW::y : 0x7fdda9aac010
84_DOT::x : 0x7fdd819cd010
84_DOT::y : 0x7fdd36b04010
132_SUM::x : 0x7fdcf7bef010
24_ERF::x : 0x7fddc08e4010
24_ERF::y : 0x7fddb51c8010
84_SUM::x : 0x7fdccfb10010
24_ERF::x : 0x7fddc08e4010
24_ERF::y : 0x7fddb51c8010
12_TGAMMA::x : 0x185f340
12_TGAMMA::y : 0x2186f50
48_XPY::x : 0x7fdd9e391010
48_XPY::y : 0x7fdd8755a010
24_POW::a : 0x7fdd7be3e010
24_POW::b : 0x7fdd1fccd010
24_POW::y : 0x7fdd145b1010
84_DOT::x : 0x7fdd534c8010
84_DOT::y : 0x7fdd2b3e9010
36_POW::a : 0x7fddbad57010
36_POW::b : 0x7fdd03308010
36_POW::y : 0x7fdcf205f010
84_COPY::x : 0x7fdcc9f80010
84_COPY::y : 0x7fdca1ea1010
12_ERF::x : 0x7fddb51c9010
12_ERF::y : 0x7fddaf63b010
12_TGAMMA::x : 0x7fddcc000be0
12_TGAMMA::y : 0x7fddcc9287f0
12_POW::a : 0x7fddb51c9010
12_POW::b : 0x7fddaf63b010
12_POW::y : 0x7fdda9aad010
108_SUM::x : 0x7fdd47dad010
48_XPY::x : 0x7fdd92c76010
48_XPY::y : 0x7fdd7be3f010
12_ERF::x : 0x7fddc6472010
12_ERF::y : 0x7fddc08e4010
24_POW::a : 0x7fddc08e4010
24_POW::b : 0x7fddb51c8010
24_POW::y : 0x7fdd3c691010
24_ERF::x : 0x7fdd6fe8b010
24_ERF::y : 0x7fdd6476f010
84_COPY::x : 0x7fdd145b2010
84_COPY::y : 0x7fdcec4d3010
108_SUM::x : 0x7fdd819ce010
108_SUM::x : 0x7fdd47dad010
12_SQRTX::x : 0x7fddc6472010
36_DOT::x : 0x7fddbad57010
36_DOT::y : 0x7fdcdb22a010
48_XPY::x : 0x7fdda3f20010
48_XPY::y : 0x7fdd8d0e9010
24_POW::a : 0x7fddc08e4010
24_POW::b : 0x7fdd819cd010
24_POW::y : 0x7fdd3c691010
48_SQRTX::x : 0x7fdd64770010
36_POW::a : 0x7fdd6a2fe010
36_POW::b : 0x7fdd59055010
36_POW::y : 0x7fdcdb22a010
24_POW::a : 0x7fddc08e4010
24_POW::b : 0x7fdd819cd010
24_POW::y : 0x7fdd4d939010
36_POW::a : 0x7fdd3c690010
36_POW::b : 0x7fdd2b3e7010
36_POW::y : 0x7fdd1a13e010
120_TGAMMA::x : 0x7fddbad56010
120_TGAMMA::y : 0x7fddb51c8010
84_DOT::x : 0x7fdd8d0e9010
84_DOT::y : 0x7fdcf205f010
24_POW::a : 0x7fddc08e4010
24_POW::b : 0x7fdd819cd010
24_POW::y : 0x7fdd534c7010
60_COPY::x : 0x7fdd5ebe3010
60_COPY::y : 0x7fdcd569b010
120_TGAMMA::x : 0x7fddbad56010
120_TGAMMA::y : 0x7fddb51c8010
60_COPY::x : 0x7fdd98804010
60_COPY::y : 0x7fdd36b03010
60_TGAMMA::x : 0x7fddc9239010
60_TGAMMA::y : 0x7fddc6472010
120_TGAMMA::x : 0x7fddc08e4010
120_TGAMMA::y : 0x7fdd92c76010
12_POW::a : 0x7fddbad56010
12_POW::b : 0x7fddb51c8010
12_POW::y : 0x7fdd8d0e8010
120_TGAMMA::x : 0x7fddc6472010
120_TGAMMA::y : 0x7fdd8755a010
84_COPY::x : 0x7fdd534c8010
84_COPY::y : 0x7fdd2b3e9010
36_POW::a : 0x7fddaf63b010
36_POW::b : 0x7fdd9e392010
36_POW::y : 0x7fdd1a140010
84_DOT::x : 0x7fdcf2061010
84_DOT::y : 0x7fdcc9f82010
84_COPY::x : 0x7fdd534c8010
84_COPY::y : 0x7fdd2b3e9010
60_COPY::x : 0x7fdd819ce010
60_COPY::y : 0x7fdcad5be010
48_SQRTX::x : 0x7fddb51c9010
84_SUM::x : 0x7fdd0330a010
24_POW::a : 0x7fddc08e4010
24_POW::b : 0x7fddb51c8010
24_POW::y : 0x7fdda9aac010
84_DOT::x : 0x7fdd819cd010
84_DOT::y : 0x7fdcdb22b010
12_SQRTX::x : 0x7fdd7be3f010
60_TGAMMA::x : 0x7fdd787e0010
60_TGAMMA::y : 0x7fdd75a19010
24_POW::a : 0x7fdd6a2fd010
24_POW::b : 0x7fdd5ebe1010
24_POW::y : 0x7fdd534c5010
48_SQRTX::x : 0x7fddb51c9010
120_TGAMMA::x : 0x7fddaf63b010
120_TGAMMA::y : 0x7fdda9aad010
132_SUM::x : 0x7fdd145b0010
12_ERF::x : 0x7fddc6472010
12_ERF::y : 0x7fddc08e4010
60_TGAMMA::x : 0x7fddbdb1d010
60_TGAMMA::y : 0x7fddbad56010
24_POW::a : 0x7fddc08e4010
24_POW::b : 0x7fdd9e391010
24_POW::y : 0x7fdd92c75010
24_POW::a : 0x7fdd87559010
24_POW::b : 0x7fdd6fe8b010
24_POW::y : 0x7fdd6476f010
84_DOT::x : 0x7fdd3c690010
84_DOT::y : 0x7fdd145b1010
120_TGAMMA::x : 0x7fddbad56010
120_TGAMMA::y : 0x7fddb51c8010
24_ERF::x : 0x7fddc08e4010
24_ERF::y : 0x7fdda9aac010
12_SQRTX::x : 0x7fdda3f1e010
84_DOT::x : 0x7fdd7be3f010
84_DOT::y : 0x7fdcec4d2010
48_XPY::x : 0x7fdd64770010
48_XPY::y : 0x7fdcd569b010
48_SQRTX::x : 0x7fdd4d939010
60_XPY::x : 0x7fddaf63c010
60_XPY::y : 0x7fdd30f75010
  итерация 0: 1310274 ms
12_ERF::x : 0x7fdda3f20010
12_ERF::y : 0x7fdd92c76010
12_POW::a : 0x7fddc6472010
12_POW::b : 0x7fdd819cc010
12_POW::y : 0x7fdd7be3e010
24_ERF::x : 0x7fdd98804010
24_ERF::y : 0x7fdd8755a010
60_XPY::x : 0x7fdda9aae010
60_XPY::y : 0x7fdd5ebe3010
36_DOT::x : 0x7fdd4d93a010
36_DOT::y : 0x7fdd3c691010
84_DOT::x : 0x7fdd145b2010
84_DOT::y : 0x7fdcec4d3010
24_ERF::x : 0x7fdd9e392010
24_ERF::y : 0x7fdd92c76010
48_SQRTX::x : 0x7fdd7be3f010
132_SUM::x : 0x7fdcad5be010
24_ERF::x : 0x7fddc08e4010
24_ERF::y : 0x7fddb51c8010
84_COPY::x : 0x7fdd8d0e9010
84_COPY::y : 0x7fdd534c8010
108_SUM::x : 0x7fdd1fcce010
84_DOT::x : 0x7fdcf7bef010
84_DOT::y : 0x7fdc854df010
84_SUM::x : 0x7fdccfb10010
60_TGAMMA::x : 0x7fddc9239010
60_TGAMMA::y : 0x7fddc6472010
120_TGAMMA::x : 0x7fddc08e4010
120_TGAMMA::y : 0x7fddbad56010
24_ERF::x : 0x7fdd819cd010
24_ERF::y : 0x7fdd47dac010
48_SQRTX::x : 0x7fdda3f1f010
108_SUM::x : 0x7fdd145b2010
24_ERF::x : 0x7fdd98803010
24_ERF::y : 0x7fdd8d0e7010
48_SQRTX::x : 0x7fdda3f1f010
132_SUM::x : 0x7fdd3c692010
12_POW::a : 0x7fddc6472010
12_POW::b : 0x7fdd9e391010
12_POW::y : 0x7fdd98803010
24_POW::a : 0x7fddbad56010
24_POW::b : 0x7fdd8d0e7010
24_POW::y : 0x7fdd819cb010
60_TGAMMA::x : 0x7fddc9239010
60_TGAMMA::y : 0x7fddc6472010
24_POW::a : 0x7fddaf63a010
24_POW::b : 0x7fdda3f1e010
24_POW::y : 0x7fdd30f76010
60_COPY::x : 0x7fdd5ebe3010
60_COPY::y : 0x7fdd4221f010
24_POW::a : 0x7fddbad56010
24_POW::b : 0x7fdd98802010
24_POW::y : 0x7fdd8d0e6010
36_DOT::x : 0x7fdd1fccd010
36_DOT::y : 0x7fdd0ea24010
48_SQRTX::x : 0x7fdda3f1f010
48_XPY::x : 0x7fdd2b3e8010
48_XPY::y : 0x7fdd145b1010
108_SUM::x : 0x7fdce0db7010
48_XPY::x : 0x7fdd8d0e8010
48_XPY::y : 0x7fdd64770010
84_DOT::x : 0x7fdda3f21010
84_DOT::y : 0x7fdcb8cd8010
84_DOT::x : 0x7fdd3c691010
84_DOT::y : 0x7fdd145b2010
24_POW::a : 0x7fdd819cc010
24_POW::b : 0x7fdd08e96010
24_POW::y : 0x7fdcfd77a010
60_TGAMMA::x : 0x7fdda115a010
60_TGAMMA::y : 0x7fdd9e393010
12_TGAMMA::x : 0x185f360
12_TGAMMA::y : 0x2186f70
84_SUM::x : 0x7fdda3f21010
12_TGAMMA::x : 0x7fddcc000be0
12_TGAMMA::y : 0x7fddcc9287f0
24_POW::a : 0x7fdd98805010
24_POW::b : 0x7fdd8d0e9010
24_POW::y : 0x7fdd6fe8b010
12_SQRTX::x : 0x7fdd8755b010
36_POW::a : 0x7fdd5ebe2010
36_POW::b : 0x7fdd4d939010
36_POW::y : 0x7fdd3c690010
48_XPY::x : 0x7fdd25859010
48_XPY::y : 0x7fdd0ea22010
24_POW::a : 0x7fddc08e4010
24_POW::b : 0x7fddb51c8010
24_POW::y : 0x7fdda9aac010
60_COPY::x : 0x7fdd8d0e8010
60_COPY::y : 0x7fdcf205e010
24_POW::a : 0x7fdd819cc010
24_POW::b : 0x7fdd6fe8b010
24_POW::y : 0x7fdd30f74010
12_POW::a : 0x7fddc6472010
12_POW::b : 0x7fddc08e4010
12_POW::y : 0x7fddbad56010
84_DOT::x : 0x7fdcc9f7f010
84_DOT::y : 0x7fdca1ea0010
12_TGAMMA::x : 0x7fddd00017d0
12_TGAMMA::y : 0x7fddd09293e0
24_POW::a : 0x7fddc08e4010
24_POW::b : 0x7fddb51c8010
24_POW::y : 0x7fdda9aac010
60_TGAMMA::x : 0x7fdda6ce5010
60_TGAMMA::y : 0x7fdda3f1e010
120_TGAMMA::x : 0x7fdd9e390010
120_TGAMMA::y : 0x7fdd98802010
12_POW::a : 0x7fdd92c74010
12_POW::b : 0x7fdd8d0e6010
12_POW::y : 0x7fdd87558010
36_POW::a : 0x7fdd6a2fe010
36_POW::b : 0x7fdd59055010
36_POW::y : 0x7fdd47dac010
60_COPY::x : 0x7fddaf63c010
60_COPY::y : 0x7fdd2b3e8010
84_DOT::x : 0x7fdd03309010
84_DOT::y : 0x7fdcdb22a010
84_DOT::x : 0x7fdd8755d010
84_DOT::y : 0x7fdcb314b010
24_ERF::x : 0x7fddc08e4010
24_ERF::y : 0x7fddb51c8010
12_ERF::x : 0x7fdd819cf010
12_ERF::y : 0x7fdd7be41010
48_SQRTX::x : 0x7fdd64770010
108_SUM::x : 0x7fdd30f76010
84_COPY::x : 0x7fdd08e97010
84_COPY::y : 0x7fdce0db8010
12_TGAMMA::x : 0x7fddcc000be0
12_TGAMMA::y : 0x7fddcc9287f0
36_POW::a : 0x7fddbad57010
36_POW::b : 0x7fdda9aae010
36_POW::y : 0x7fdd98805010
12_SQRTX::x : 0x7fdd92c77010
120_TGAMMA::x : 0x7fdd92c77010
120_TGAMMA::y : 0x7fdd8d0e9010
36_POW::a : 0x7fdd7be40010
36_POW::b : 0x7fdd6a2fe010
36_POW::y : 0x7fdd59055010
120_TGAMMA::x : 0x7fdd534c7010
120_TGAMMA::y : 0x7fdd4d939010
84_COPY::x : 0x7fdda3f21010
84_COPY::y : 0x7fdd2585a010
84_SUM::x : 0x7fdcfd77b010
24_POW::a : 0x7fdd98805010
24_POW::b : 0x7fdd8d0e9010
24_POW::y : 0x7fdd819cd010
84_DOT::x : 0x7fdcfd77b010
84_DOT::y : 0x7fdcd569c010
12_SQRTX::x : 0x7fdd7be3f010
24_POW::a : 0x7fddc08e4010
24_POW::b : 0x7fddb51c8010
24_POW::y : 0x7fdda9aac010
120_TGAMMA::x : 0x7fdd7be3f010
120_TGAMMA::y : 0x7fdd75a19010
12_SQRTX::x : 0x7fdda3f1e010
12_ERF::x : 0x7fdda3f1e010
12_ERF::y : 0x7fdd9e390010
36_DOT::x : 0x7fdd98803010
36_DOT::y : 0x7fdd8755a010
60_XPY::x : 0x7fddaf63c010
60_XPY::y : 0x7fdd59055010
120_TGAMMA::x : 0x7fdda9aae010
120_TGAMMA::y : 0x7fdd534c7010
60_COPY::x : 0x7fdd8d0ea010
60_COPY::y : 0x7fdd36b03010
48_XPY::x : 0x7fdd1fccc010
48_XPY::y : 0x7fdd08e95010
60_TGAMMA::x : 0x7fddc9239010
60_TGAMMA::y : 0x7fddc6472010
24_ERF::x : 0x7fddbad56010
24_ERF::y : 0x7fddaf63a010
24_ERF::x : 0x7fdd819ce010
24_ERF::y : 0x7fdd6fe8b010
12_ERF::x : 0x7fddc6472010
12_ERF::y : 0x7fdda9aac010
120_TGAMMA::x : 0x7fddc08e4010
120_TGAMMA::y : 0x7fddbad56010
132_SUM::x : 0x7fdcc9f80010
120_TGAMMA::x : 0x7fddc6472010
120_TGAMMA::y : 0x7fddb51c8010
108_SUM::x : 0x7fdd819ce010
84_COPY::x : 0x7fdd534c8010
84_COPY::y : 0x7fdd2b3e9010
48_SQRTX::x : 0x7fdd9e391010
24_POW::a : 0x7fddbad56010
24_POW::b : 0x7fdd92c75010
24_POW::y : 0x7fdd87559010
60_COPY::x : 0x7fdd0ea25010
60_COPY::y : 0x7fdcf2061010
84_DOT::x : 0x7fdd534c8010
84_DOT::y : 0x7fdd2b3e9010
48_XPY::x : 0x7fdda3f1f010
48_XPY::y : 0x7fdcdb22a010
48_SQRTX::x : 0x7fdd8d0e8010
48_SQRTX::x : 0x7fdd145b2010
84_DOT::x : 0x7fdda3f21010
84_DOT::y : 0x7fdcec4d3010
  итерация 1: 1296104 ms
60_TGAMMA::x : 0x7fddbdb1d010
60_TGAMMA::y : 0x7fdd8d0e7010
120_TGAMMA::x : 0x7fddb7f8f010
120_TGAMMA::y : 0x7fdd8feae010
24_ERF::x : 0x7fddc08e4010
24_ERF::y : 0x7fddac873010
48_SQRTX::x : 0x7fdd95a3c010
108_SUM::x : 0x7fdd47dad010
48_SQRTX::x : 0x7fdd30f76010
84_DOT::x : 0x7fdd08e97010
84_DOT::y : 0x7fdce0db8010
48_SQRTX::x : 0x7fdda1158010
12_ERF::x : 0x7fddc6472010
12_ERF::y : 0x7fddc08e4010
12_TGAMMA::x : 0x7fddd4000da0
12_TGAMMA::y : 0x7fddd49289b0
84_COPY::x : 0x7fdd534c8010
84_COPY::y : 0x7fdcb8cd9010
84_SUM::x : 0x7fdc90bfa010
36_DOT::x : 0x7fddbad57010
36_DOT::y : 0x7fdda9aae010
60_XPY::x : 0x7fdd8d0ea010
60_XPY::y : 0x7fdd36b04010
24_ERF::x : 0x7fdd819ce010
24_ERF::y : 0x7fdd2b3e8010
48_XPY::x : 0x7fddb51c9010
48_XPY::y : 0x7fdd145b1010
108_SUM::x : 0x7fdc854df010
12_POW::a : 0x7fdd8755c010
12_POW::b : 0x7fdd819ce010
12_POW::y : 0x7fdd7be40010
84_DOT::x : 0x7fdd8d0ea010
84_DOT::y : 0x7fdd2b3e9010
24_ERF::x : 0x7fddc08e4010
24_ERF::y : 0x7fdd6fe8b010
132_SUM::x : 0x7fdcec4d4010
24_POW::a : 0x7fdd819ce010
24_POW::b : 0x7fdd6476f010
24_POW::y : 0x7fdd59053010
12_POW::a : 0x7fddc6472010
12_POW::b : 0x7fddc08e4010
12_POW::y : 0x7fddbad56010
24_ERF::x : 0x7fddaf63b010
24_ERF::y : 0x7fdda3f1f010
36_DOT::x : 0x7fddbad57010
36_DOT::y : 0x7fdcdb22b010
84_DOT::x : 0x7fdd7be40010
84_DOT::y : 0x7fdd534c8010
48_XPY::x : 0x7fdd3c691010
48_XPY::y : 0x7fdd2585a010
24_ERF::x : 0x7fddc08e4010
24_ERF::y : 0x7fddb51c8010
84_DOT::x : 0x7fdcfd77b010
84_DOT::y : 0x7fdcb314c010
132_SUM::x : 0x7fdc74237010
24_POW::a : 0x7fddc08e4010
24_POW::b : 0x7fddb51c8010
24_POW::y : 0x7fdda9aac010
24_POW::a : 0x7fdd9e390010
24_POW::b : 0x7fdd92c74010
24_POW::y : 0x7fdd87558010
60_TGAMMA::x : 0x7fdd84791010
60_TGAMMA::y : 0x7fdd819ca010
12_TGAMMA::x : 0x7fddcc000be0
12_TGAMMA::y : 0x7fddcc9287f0
84_COPY::x : 0x7fdd534c8010
84_COPY::y : 0x7fdd2b3e9010
48_SQRTX::x : 0x7fddb51c9010
60_TGAMMA::x : 0x7fddb2402010
60_TGAMMA::y : 0x7fddaf63b010
132_SUM::x : 0x7fdcec4d4010
120_TGAMMA::x : 0x7fddaf63b010
120_TGAMMA::y : 0x7fdda9aad010
12_SQRTX::x : 0x7fddc6472010
12_TGAMMA::x : 0x7fddcc000be0
12_TGAMMA::y : 0x7fddcc9287f0
24_ERF::x : 0x7fddc08e4010
24_ERF::y : 0x7fdd9e391010
24_POW::a : 0x7fdd92c75010
24_POW::b : 0x7fdd87559010
24_POW::y : 0x7fdd1fccd010
24_ERF::x : 0x7fdd6fe8b010
24_ERF::y : 0x7fdd6476f010
60_COPY::x : 0x7fdd47dab010
60_COPY::y : 0x7fdd03309010
108_SUM::x : 0x7fdccfb0f010
36_POW::a : 0x7fddbad57010
36_POW::b : 0x7fdda9aae010
36_POW::y : 0x7fdd6a2fe010
24_ERF::x : 0x7fdd9e392010
24_ERF::y : 0x7fdd92c76010
120_TGAMMA::x : 0x7fdda3f20010
120_TGAMMA::y : 0x7fdd9e392010
12_ERF::x : 0x7fdd98804010
12_ERF::y : 0x7fdd92c76010
12_SQRTX::x : 0x7fdd8d0e8010
24_POW::a : 0x7fdd92c76010
24_POW::b : 0x7fdd8755a010
24_POW::y : 0x7fdd7be3e010
84_DOT::x : 0x7fdd4221f010
84_DOT::y : 0x7fdd1a140010
48_XPY::x : 0x7fddb51c9010
48_XPY::y : 0x7fdd03309010
12_SQRTX::x : 0x7fddaf63b010
60_COPY::x : 0x7fdd92c77010
60_COPY::y : 0x7fdce6945010
48_XPY::x : 0x7fdd7be40010
48_XPY::y : 0x7fdccfb0e010
84_SUM::x : 0x7fdca7a2f010
12_POW::a : 0x7fddc6472010
12_POW::b : 0x7fddc08e4010
12_POW::y : 0x7fddbad56010
84_DOT::x : 0x7fdd534c8010
84_DOT::y : 0x7fdd2b3e9010
84_COPY::x : 0x7fdd0330a010
84_COPY::y : 0x7fdca7a2f010
60_COPY::x : 0x7fddaf63c010
60_COPY::y : 0x7fdc8b06b010
120_TGAMMA::x : 0x7fdda9aae010
120_TGAMMA::y : 0x7fdda3f20010
12_SQRTX::x : 0x7fddc6472010
84_DOT::x : 0x7fdd7be41010
84_DOT::y : 0x7fdd534c8010
12_POW::a : 0x7fddc6472010
12_POW::b : 0x7fddc08e4010
12_POW::y : 0x7fddbad56010
84_COPY::x : 0x7fdd2b3e9010
84_COPY::y : 0x7fdcdb22b010
36_POW::a : 0x7fddbad57010
36_POW::b : 0x7fdda9aae010
36_POW::y : 0x7fdc96786010
120_TGAMMA::x : 0x7fdda3f20010
120_TGAMMA::y : 0x7fdd2585b010
120_TGAMMA::x : 0x7fdd9e392010
120_TGAMMA::y : 0x7fdd98804010
60_COPY::x : 0x7fdd7be40010
60_COPY::y : 0x7fdd5ebe3010
24_POW::a : 0x7fddc08e4010
24_POW::b : 0x7fddb51c8010
24_POW::y : 0x7fdd534c7010
12_ERF::x : 0x7fddaf63a010
12_ERF::y : 0x7fdda9aac010
60_TGAMMA::x : 0x7fddb2401010
60_TGAMMA::y : 0x7fddaf63a010
12_ERF::x : 0x7fdda9aac010
12_ERF::y : 0x7fdda3f1e010
84_DOT::x : 0x7fdd2b3e8010
84_DOT::y : 0x7fdd03309010
108_SUM::x : 0x7fdd7be40010
36_POW::a : 0x7fdd6a2fe010
36_POW::b : 0x7fdcf2060010
36_POW::y : 0x7fdce0db7010
12_TGAMMA::x : 0x7fddcc000be0
12_TGAMMA::y : 0x7fddcc9287f0
84_DOT::x : 0x7fdcb8cd8010
84_DOT::y : 0x7fdc90bf9010
48_SQRTX::x : 0x7fddb51c9010
24_POW::a : 0x7fdda9aad010
24_POW::b : 0x7fdd9e391010
24_POW::y : 0x7fdd92c75010
48_SQRTX::x : 0x7fdd7be3e010
48_SQRTX::x : 0x7fdd64770010
36_DOT::x : 0x7fddbad57010
36_DOT::y : 0x7fdd534c7010
48_XPY::x : 0x7fdda3f20010
48_XPY::y : 0x7fdd3c690010
48_SQRTX::x : 0x7fdd8d0e9010
60_TGAMMA::x : 0x7fddc9239010
60_TGAMMA::y : 0x7fddc6472010
24_POW::a : 0x7fdd819cd010
24_POW::b : 0x7fdd6fe8b010
24_POW::y : 0x7fdd6476f010
24_POW::a : 0x7fddc08e4010
24_POW::b : 0x7fdd59053010
24_POW::y : 0x7fdd30f74010
24_POW::a : 0x7fddb51c8010
24_POW::b : 0x7fdda9aac010
24_POW::y : 0x7fdd4d937010
120_TGAMMA::x : 0x7fdda3f1e010
120_TGAMMA::y : 0x7fdd9e390010
24_POW::a : 0x7fdd92c74010
24_POW::b : 0x7fdd87558010
24_POW::y : 0x7fdd6fe8b010
60_COPY::x : 0x7fdd30f73010
60_COPY::y : 0x7fdd145af010
36_POW::a : 0x7fddbad57010
36_POW::b : 0x7fdda9aae010
36_POW::y : 0x7fdd5ebe2010
84_DOT::x : 0x7fdcec4d0010
84_DOT::y : 0x7fdcc43f1010
108_SUM::x : 0x7fdc90bf7010
60_XPY::x : 0x7fdd8d0ea010
60_XPY::y : 0x7fdd4221e010
84_SUM::x : 0x7fdd1a13f010
120_TGAMMA::x : 0x7fddc6472010
120_TGAMMA::y : 0x7fddc08e4010
  итерация 2: 1313175 ms
24_ERF::x : 0x7fddc08e4010
24_ERF::y : 0x7fddb51c8010
84_SUM::x : 0x7fdd534c8010
36_DOT::x : 0x7fdda3f1f010
36_DOT::y : 0x7fdd2585b010
60_XPY::x : 0x7fdd8755b010
60_XPY::y : 0x7fdd36b04010
108_SUM::x : 0x7fdcf2061010
108_SUM::x : 0x7fdcbe867010
84_DOT::x : 0x7fdda3f21010
84_DOT::y : 0x7fdd534c8010
24_POW::a : 0x7fdd98805010
24_POW::b : 0x7fdd8d0e9010
24_POW::y : 0x7fdd819cd010
12_POW::a : 0x7fdd7be3f010
12_POW::b : 0x7fdd4d93a010
12_POW::y : 0x7fdd47dac010
24_ERF::x : 0x7fdd3c690010
24_ERF::y : 0x7fdd30f74010
48_SQRTX::x : 0x7fdd1a13d010
24_ERF::x : 0x7fddc08e4010
24_ERF::y : 0x7fddb51c8010
36_DOT::x : 0x7fdd6a2fe010
36_DOT::y : 0x7fdd59055010
108_SUM::x : 0x7fdd819ce010
84_DOT::x : 0x7fdd30f76010
84_DOT::y : 0x7fdcf205e010
24_ERF::x : 0x7fddc08e4010
24_ERF::y : 0x7fddb51c8010
120_TGAMMA::x : 0x7fdd7be40010
120_TGAMMA::y : 0x7fdd75a19010
12_POW::a : 0x7fddaf63a010
12_POW::b : 0x7fdda9aac010
12_POW::y : 0x7fdda3f1e010
84_DOT::x : 0x7fdcc9f7f010
84_DOT::y : 0x7fdca1ea0010
48_SQRTX::x : 0x7fddb51c9010
60_COPY::x : 0x7fdd98805010
60_COPY::y : 0x7fdd59055010
48_SQRTX::x : 0x7fdd819ce010
84_DOT::x : 0x7fdd30f76010
84_DOT::y : 0x7fdd08e97010
84_DOT::x : 0x7fdce0db8010
84_DOT::y : 0x7fdcb8cd9010
12_POW::a : 0x7fddc6472010
12_POW::b : 0x7fddc08e4010
12_POW::y : 0x7fddbad56010
48_SQRTX::x : 0x7fdda3f1f010
60_TGAMMA::x : 0x7fddc9239010
60_TGAMMA::y : 0x7fddc6472010
60_COPY::x : 0x7fdd8755b010
60_COPY::y : 0x7fdd5ebe3010
132_SUM::x : 0x7fdd1fcce010
12_POW::a : 0x7fddc6472010
12_POW::b : 0x7fddc08e4010
12_POW::y : 0x7fddbad56010
48_SQRTX::x : 0x7fdd08e97010
36_POW::a : 0x7fddbad57010
36_POW::b : 0x7fdda9aae010
36_POW::y : 0x7fdcf7bee010
60_TGAMMA::x : 0x7fdda6ce7010
60_TGAMMA::y : 0x7fdda3f20010
12_ERF::x : 0x7fdd9e392010
12_ERF::y : 0x7fdd98804010
84_COPY::x : 0x7fdd534c8010
84_COPY::y : 0x7fdd2b3e9010
24_ERF::x : 0x7fdd98804010
24_ERF::y : 0x7fdd8d0e8010
84_COPY::x : 0x7fdccfb0f010
84_COPY::y : 0x7fdca7a30010
12_TGAMMA::x : 0x7fddd00017d0
12_TGAMMA::y : 0x7fddd09293e0
132_SUM::x : 0x7fdc68b1b010
12_ERF::x : 0x7fddc6472010
12_ERF::y : 0x7fddc08e4010
108_SUM::x : 0x7fdd98806010
24_POW::a : 0x7fdd8d0ea010
24_POW::b : 0x7fdd819ce010
24_POW::y : 0x7fdd6fe8b010
24_POW::a : 0x7fdd6476f010
24_POW::b : 0x7fdd59053010
24_POW::y : 0x7fdd4d937010
24_POW::a : 0x7fddc08e4010
24_POW::b : 0x7fddb51c8010
24_POW::y : 0x7fdda9aac010
48_XPY::x : 0x7fdd36b00010
48_XPY::y : 0x7fdd1fcc9010
48_XPY::x : 0x7fdd92c75010
48_XPY::y : 0x7fdd7be3e010
48_XPY::x : 0x7fdd64770010
48_XPY::y : 0x7fdd4d939010
60_COPY::x : 0x7fddaf63c010
60_COPY::y : 0x7fdd03305010
84_SUM::x : 0x7fdd2585a010
120_TGAMMA::x : 0x7fdd819cf010
120_TGAMMA::y : 0x7fdd7be41010
84_DOT::x : 0x7fdd8755d010
84_DOT::y : 0x7fdcdb226010
24_ERF::x : 0x7fdd6fe8b010
24_ERF::y : 0x7fdd6476f010
12_SQRTX::x : 0x7fddc6472010
12_SQRTX::x : 0x7fddc08e4010
24_POW::a : 0x7fddb51c8010
24_POW::b : 0x7fdd6fe8b010
24_POW::y : 0x7fdd6476f010
12_SQRTX::x : 0x7fddc6472010
60_COPY::x : 0x7fdd47dab010
60_COPY::y : 0x7fdd2b3e7010
48_XPY::x : 0x7fdd145b0010
48_XPY::y : 0x7fdcc43ef010
24_ERF::x : 0x7fddc08e4010
24_ERF::y : 0x7fdda9aac010
84_DOT::x : 0x7fdd819cd010
84_DOT::y : 0x7fdcec4d1010
24_POW::a : 0x7fddc08e4010
24_POW::b : 0x7fddb51c8010
24_POW::y : 0x7fdda9aac010
24_POW::a : 0x7fdd6fe8b010
24_POW::b : 0x7fdd6476f010
24_POW::y : 0x7fdd59053010
12_TGAMMA::x : 0x185f360
12_TGAMMA::y : 0x2186f70
48_SQRTX::x : 0x7fdd4221c010
120_TGAMMA::x : 0x7fddc6472010
120_TGAMMA::y : 0x7fddc08e4010
60_TGAMMA::x : 0x7fddbdb1d010
60_TGAMMA::y : 0x7fddbad56010
120_TGAMMA::x : 0x7fddb51c8010
120_TGAMMA::y : 0x7fddaf63a010
84_COPY::x : 0x7fdd8755b010
84_COPY::y : 0x7fdd534c8010
84_DOT::x : 0x7fdd2b3e9010
84_DOT::y : 0x7fdd0330a010
36_POW::a : 0x7fddbad57010
36_POW::b : 0x7fdcf2061010
36_POW::y : 0x7fdce0db8010
24_POW::a : 0x7fdda3f1e010
24_POW::b : 0x7fdd98802010
24_POW::y : 0x7fdd8d0e6010
12_TGAMMA::x : 0x7fddcc000be0
12_TGAMMA::y : 0x7fddcc9287f0
12_TGAMMA::x : 0x7fddcc000be0
12_TGAMMA::y : 0x7fddcc9287f0
60_TGAMMA::x : 0x7fddb7f90010
60_TGAMMA::y : 0x7fddb51c9010
24_POW::a : 0x7fdd819ca010
24_POW::b : 0x7fdd6fe8b010
24_POW::y : 0x7fdd6476f010
84_DOT::x : 0x7fdd8d0ea010
84_DOT::y : 0x7fdd3c690010
60_TGAMMA::x : 0x7fddb7f90010
60_TGAMMA::y : 0x7fddb51c9010
48_XPY::x : 0x7fdd25859010
48_XPY::y : 0x7fdd0ea22010
60_XPY::x : 0x7fdcf205e010
60_XPY::y : 0x7fdcd569a010
36_POW::a : 0x7fddbad57010
36_POW::b : 0x7fdd7be41010
36_POW::y : 0x7fdd6a2fe010
120_TGAMMA::x : 0x7fddb51c9010
120_TGAMMA::y : 0x7fdd64770010
132_SUM::x : 0x7fdd2585b010
36_DOT::x : 0x7fdda3f20010
36_DOT::y : 0x7fdd92c77010
84_COPY::x : 0x7fdcfd77c010
84_COPY::y : 0x7fdcd569d010
24_ERF::x : 0x7fddc08e4010
24_ERF::y : 0x7fdda9aad010
24_POW::a : 0x7fdd9e391010
24_POW::b : 0x7fdd92c75010
24_POW::y : 0x7fdd87559010
12_ERF::x : 0x7fddbad56010
12_ERF::y : 0x7fdd819cb010
60_COPY::x : 0x7fdd5ebe3010
60_COPY::y : 0x7fdd4221f010
120_TGAMMA::x : 0x7fddc6472010
120_TGAMMA::y : 0x7fddc08e4010
24_POW::a : 0x7fddb51c8010
24_POW::b : 0x7fdda9aac010
24_POW::y : 0x7fdd9e390010
48_SQRTX::x : 0x7fdd87559010
120_TGAMMA::x : 0x7fdd819cb010
120_TGAMMA::y : 0x7fdd75a19010
108_SUM::x : 0x7fdd4221f010
36_POW::a : 0x7fddbad57010
36_POW::b : 0x7fdda9aae010
36_POW::y : 0x7fdd30f76010
12_ERF::x : 0x7fdda3f20010
12_ERF::y : 0x7fdd9e392010
48_SQRTX::x : 0x7fdd92c77010
84_DOT::x : 0x7fdd4d93a010
84_DOT::y : 0x7fdd08e97010
84_SUM::x : 0x7fdce0db8010
120_TGAMMA::x : 0x7fdda3f20010
120_TGAMMA::y : 0x7fdd9e392010
12_SQRTX::x : 0x7fddc6472010
  итерация 3: 1325884 ms
24_ERF::x : 0x7fdda3f20010
24_ERF::y : 0x7fdd47dac010
60_XPY::x : 0x7fddaf63c010
60_XPY::y : 0x7fdcdb22a010
84_DOT::x : 0x7fdd7be41010
84_DOT::y : 0x7fdcf7bee010
84_DOT::x : 0x7fdd534c8010
84_DOT::y : 0x7fdd1fccd010
60_TGAMMA::x : 0x7fddac875010
60_TGAMMA::y : 0x7fdda9aae010
24_ERF::x : 0x7fdd6fe8b010
24_ERF::y : 0x7fdd6476f010
60_TGAMMA::x : 0x7fddc9239010
60_TGAMMA::y : 0x7fddc6472010
24_POW::a : 0x7fddbad56010
24_POW::b : 0x7fdd9e392010
24_POW::y : 0x7fdd92c76010
84_SUM::x : 0x7fdd3c690010
36_DOT::x : 0x7fdd819cd010
36_DOT::y : 0x7fdd6a2fe010
12_POW::a : 0x7fddc6472010
12_POW::b : 0x7fddb51c8010
12_POW::y : 0x7fddaf63a010
108_SUM::x : 0x7fdd36b04010
120_TGAMMA::x : 0x7fddc08e4010
120_TGAMMA::y : 0x7fddbad56010
108_SUM::x : 0x7fdd7be40010
24_ERF::x : 0x7fddaf63a010
24_ERF::y : 0x7fdd6fe8b010
48_SQRTX::x : 0x7fdd59054010
24_ERF::x : 0x7fdda3f1e010
24_ERF::y : 0x7fdd98802010
36_DOT::x : 0x7fdd87559010
36_DOT::y : 0x7fdd47dab010
12_POW::a : 0x7fddc6472010
12_POW::b : 0x7fddb51c8010
12_POW::y : 0x7fddaf63a010
84_DOT::x : 0x7fdd1fccc010
84_DOT::y : 0x7fdcf7bed010
12_ERF::x : 0x7fddc08e4010
12_ERF::y : 0x7fddbad56010
108_SUM::x : 0x7fdd7be40010
24_POW::a : 0x7fddbad56010
24_POW::b : 0x7fdd6fe8b010
24_POW::y : 0x7fdd6476f010
24_ERF::x : 0x7fddaf63a010
24_ERF::y : 0x7fdd59053010
48_XPY::x : 0x7fdd98803010
48_XPY::y : 0x7fdd819cc010
60_COPY::x : 0x7fdd47dab010
60_COPY::y : 0x7fdcdb229010
12_POW::a : 0x7fddc6472010
12_POW::b : 0x7fddc08e4010
12_POW::y : 0x7fddbad56010
84_DOT::x : 0x7fdd1fccc010
84_DOT::y : 0x7fdcf7bed010
48_SQRTX::x : 0x7fddb51c9010
48_SQRTX::x : 0x7fdd9e392010
12_TGAMMA::x : 0x185f360
12_TGAMMA::y : 0x2186f70
48_XPY::x : 0x7fddb51c9010
48_XPY::y : 0x7fdd8755b010
132_SUM::x : 0x7fdcb8cd8010
48_XPY::x : 0x7fdd64770010
48_XPY::y : 0x7fdd4d939010
24_POW::a : 0x7fdda9aad010
24_POW::b : 0x7fdd7be3f010
24_POW::y : 0x7fdd4221d010
24_ERF::x : 0x7fddc08e4010
24_ERF::y : 0x7fdd9e391010
84_COPY::x : 0x7fdd1a13e010
84_COPY::y : 0x7fdc90bf9010
132_SUM::x : 0x7fdcdb229010
12_TGAMMA::x : 0x7fddd00017d0
12_TGAMMA::y : 0x7fddd09293e0
36_POW::a : 0x7fddaf63b010
36_POW::b : 0x7fdd8d0e8010
36_POW::y : 0x7fdd7be3f010
24_POW::a : 0x7fddc08e4010
24_POW::b : 0x7fdda3f1f010
24_POW::y : 0x7fdd6fe8b010
12_SQRTX::x : 0x7fdd9e391010
24_POW::a : 0x7fdd6476f010
24_POW::b : 0x7fdd59053010
24_POW::y : 0x7fdd4d937010
60_TGAMMA::x : 0x7fddc9239010
60_TGAMMA::y : 0x7fddc6472010
24_ERF::x : 0x7fdda3f1f010
24_ERF::y : 0x7fdd6fe8b010
108_SUM::x : 0x7fdd1a13d010
12_SQRTX::x : 0x7fddc6472010
84_DOT::x : 0x7fdd9e393010
84_DOT::y : 0x7fdcf205e010
84_SUM::x : 0x7fdd534c8010
36_POW::a : 0x7fdd8d0ea010
36_POW::b : 0x7fdd7be41010
36_POW::y : 0x7fdce0db5010
48_SQRTX::x : 0x7fdd3c691010
60_COPY::x : 0x7fdd5ebe3010
60_COPY::y : 0x7fdd1fccd010
12_TGAMMA::x : 0x7fddd00017d0
12_TGAMMA::y : 0x7fddd09293e0
48_SQRTX::x : 0x7fdd47dac010
120_TGAMMA::x : 0x7fddc6472010
120_TGAMMA::y : 0x7fddc08e4010
60_COPY::x : 0x7fdda3f20010
60_COPY::y : 0x7fdd8755c010
84_DOT::x : 0x7fdcf7bee010
84_DOT::y : 0x7fdccfb0f010
84_COPY::x : 0x7fdd534c8010
84_COPY::y : 0x7fdd2b3e9010
36_POW::a : 0x7fdcbe866010
36_POW::b : 0x7fdcad5bd010
36_POW::y : 0x7fdc9c314010
84_COPY::x : 0x7fdda3f21010
84_COPY::y : 0x7fdd7be42010
108_SUM::x : 0x7fdcf7bef010
84_DOT::x : 0x7fdccfb10010
84_DOT::y : 0x7fdca7a31010
120_TGAMMA::x : 0x7fdd75a19010
120_TGAMMA::y : 0x7fdd6fe8b010
84_COPY::x : 0x7fdd0330a010
84_COPY::y : 0x7fdc7f952010
12_TGAMMA::x : 0x185f360
12_TGAMMA::y : 0x2186f70
36_DOT::x : 0x7fddbad57010
36_DOT::y : 0x7fdda9aae010
12_ERF::x : 0x7fddc6472010
12_ERF::y : 0x7fddc08e4010
60_TGAMMA::x : 0x7fddbdb1d010
60_TGAMMA::y : 0x7fddbad56010
12_POW::a : 0x7fddb51c8010
12_POW::b : 0x7fddaf63a010
12_POW::y : 0x7fdda9aac010
24_ERF::x : 0x7fddc08e4010
24_ERF::y : 0x7fdd9e390010
12_SQRTX::x : 0x7fddb51c8010
120_TGAMMA::x : 0x7fddbad56010
120_TGAMMA::y : 0x7fdd98802010
24_POW::a : 0x7fddc08e4010
24_POW::b : 0x7fdda9aac010
24_POW::y : 0x7fdd9e390010
24_POW::a : 0x7fdd8d0e6010
24_POW::b : 0x7fdd819ca010
24_POW::y : 0x7fdd6fe8b010
24_POW::a : 0x7fdd6476f010
24_POW::b : 0x7fdd59053010
24_POW::y : 0x7fdd4d937010
24_POW::a : 0x7fddc08e4010
24_POW::b : 0x7fddaf63a010
24_POW::y : 0x7fdda3f1e010
84_SUM::x : 0x7fdd25858010
24_POW::a : 0x7fdd8d0e6010
24_POW::b : 0x7fdd819ca010
24_POW::y : 0x7fdd6fe8b010
12_ERF::x : 0x7fddbad56010
12_ERF::y : 0x7fdd9e390010
24_POW::a : 0x7fdd98802010
24_POW::b : 0x7fdd6476f010
24_POW::y : 0x7fdd59053010
84_DOT::x : 0x7fdd30f74010
84_DOT::y : 0x7fdd08e95010
48_XPY::x : 0x7fddb51c9010
48_XPY::y : 0x7fdcf205e010
120_TGAMMA::x : 0x7fddaf63b010
120_TGAMMA::y : 0x7fdda9aad010
60_COPY::x : 0x7fdd8d0e9010
60_COPY::y : 0x7fdd5ebe3010
120_TGAMMA::x : 0x7fddc6472010
120_TGAMMA::y : 0x7fddc08e4010
12_ERF::x : 0x7fddbad56010
12_ERF::y : 0x7fdd8755b010
132_SUM::x : 0x7fdd1fcce010
48_XPY::x : 0x7fdda9aad010
48_XPY::y : 0x7fdd08e97010
12_SQRTX::x : 0x7fdda3f1f010
120_TGAMMA::x : 0x7fdda3f1f010
120_TGAMMA::y : 0x7fdd9e391010
60_TGAMMA::x : 0x7fddc9239010
60_TGAMMA::y : 0x7fddc6472010
60_XPY::x : 0x7fdd819cd010
60_XPY::y : 0x7fdd5ebe3010
84_DOT::x : 0x7fdd36b04010
84_DOT::y : 0x7fdd0ea25010
48_SQRTX::x : 0x7fddb51c9010
48_SQRTX::x : 0x7fdd9e392010
60_COPY::x : 0x7fdcf2061010
60_COPY::y : 0x7fdcd569d010
36_POW::a : 0x7fddbad57010
36_POW::b : 0x7fdd8d0e9010
36_POW::y : 0x7fdd7be40010
84_DOT::x : 0x7fdd534c8010
84_DOT::y : 0x7fdd2b3e9010
120_TGAMMA::x : 0x7fddb51c9010
120_TGAMMA::y : 0x7fddaf63b010
48_SQRTX::x : 0x7fdd145b2010
  итерация 4: 1284787 ms
  среднее по 5 итерациям: 1306045 ms
=== Выполняется проект: no_po_10.txt (100 работ) ===
12_TGAMMA::x : 0x185f380
12_TGAMMA::y : 0x2186f90
12_TGAMMA::x : 0x7fddcc000be0
12_TGAMMA::y : 0x7fddcc9287f0
108_SUM::x : 0x7fdd47dad010
84_COPY::x : 0x7fdda3f21010
84_COPY::y : 0x7fdd7be42010
48_SQRTX::x : 0x7fdd30f76010
36_DOT::x : 0x7fdd1fccd010
36_DOT::y : 0x7fdd0ea24010
12_ERF::x : 0x7fdd2b3e8010
12_ERF::y : 0x7fdd2585a010
60_TGAMMA::x : 0x7fdd787e0010
60_TGAMMA::y : 0x7fdd75a19010
108_SUM::x : 0x7fdd4221f010
24_ERF::x : 0x7fdd36b03010
24_ERF::y : 0x7fdd2b3e7010
48_ERF::x : 0x7fdd145b0010
48_ERF::y : 0x7fdcfd779010
36_DOT::x : 0x7fdd30f76010
36_DOT::y : 0x7fdcec4d0010
84_SUM::x : 0x7fdda3f21010
120_TGAMMA::x : 0x7fdd9e393010
120_TGAMMA::y : 0x7fdd98805010
108_SUM::x : 0x7fdd47dad010
60_TGAMMA::x : 0x7fddc9239010
60_TGAMMA::y : 0x7fddc6472010
48_ERF::x : 0x7fddaf63b010
48_ERF::y : 0x7fdd819ce010
84_DOT::x : 0x7fdd534c8010
84_DOT::y : 0x7fdd2b3e9010
84_COPY::x : 0x7fdd0330a010
84_COPY::y : 0x7fdcdb22b010
12_TGAMMA::x : 0x7fddcc000be0
12_TGAMMA::y : 0x7fddcc9287f0
84_SUM::x : 0x7fdcb314c010
12_SQRTX::x : 0x7fddc6472010
24_POW::a : 0x7fddbad56010
24_POW::b : 0x7fddaf63a010
24_POW::y : 0x7fdda3f1e010
24_ERF::x : 0x7fdd98802010
24_ERF::y : 0x7fdd8d0e6010
108_SUM::x : 0x7fdca7a31010
48_XPY::x : 0x7fdd64770010
48_XPY::y : 0x7fdd4d939010
132_SUM::x : 0x7fdd0ea24010
60_COPY::x : 0x7fddaf63c010
60_COPY::y : 0x7fdd92c78010
36_DOT::x : 0x7fdd819cf010
36_DOT::y : 0x7fdcfd77b010
60_COPY::x : 0x7fdd5ebe3010
60_COPY::y : 0x7fdce0db7010
60_XPY::x : 0x7fdcc43f3010
60_XPY::y : 0x7fdca7a2f010
84_DOT::x : 0x7fdd36b04010
84_DOT::y : 0x7fdd0ea25010
24_ERF::x : 0x7fddc08e4010
24_ERF::y : 0x7fddb51c8010
48_SQRTX::x : 0x7fddb51c9010
12_ERF::x : 0x7fddaf63b010
12_ERF::y : 0x7fdda9aad010
108_SUM::x : 0x7fdcdb22b010
60_COPY::x : 0x7fdd98805010
60_COPY::y : 0x7fdd7be41010
12_POW::a : 0x7fdd75a19010
12_POW::b : 0x7fdd6fe8b010
12_POW::y : 0x7fdd6a2fd010
12_SQRTX::x : 0x7fdd75a19010
120_TGAMMA::x : 0x7fddc6472010
120_TGAMMA::y : 0x7fddc08e4010
12_POW::a : 0x7fddbad56010
12_POW::b : 0x7fdd2585b010
12_POW::y : 0x7fdd1fccd010
84_COPY::x : 0x7fdd534c8010
84_COPY::y : 0x7fdd2b3e9010
12_SQRTX::x : 0x7fddb51c8010
84_COPY::x : 0x7fdd8d0e9010
84_COPY::y : 0x7fdd0330a010
84_SUM::x : 0x7fdcdb22b010
60_TGAMMA::x : 0x7fddc9239010
60_TGAMMA::y : 0x7fddc6472010
60_COPY::x : 0x7fdce6946010
60_COPY::y : 0x7fdcc9f82010
60_COPY::x : 0x7fdcad5be010
60_COPY::y : 0x7fdc90bfa010
24_ERF::x : 0x7fddc08e4010
24_ERF::y : 0x7fddb51c8010
60_XPY::x : 0x7fdd5ebe3010
60_XPY::y : 0x7fdd4221f010
12_POW::a : 0x7fddaf63a010
12_POW::b : 0x7fdda9aac010
12_POW::y : 0x7fdda3f1e010
108_SUM::x : 0x7fdd0ea25010
48_SQRTX::x : 0x7fddb51c9010
36_DOT::x : 0x7fdda3f20010
36_DOT::y : 0x7fdd92c77010
108_SUM::x : 0x7fdd0ea25010
48_XPY::x : 0x7fdd9e392010
48_XPY::y : 0x7fdd8755b010
84_DOT::x : 0x7fdd534c8010
84_DOT::y : 0x7fdce6946010
36_POW::a : 0x7fddbad57010
36_POW::b : 0x7fdd4221f010
36_POW::y : 0x7fdcd569d010
60_XPY::x : 0x7fdd2585b010
60_XPY::y : 0x7fdcb8cd9010
60_XPY::x : 0x7fdd9e393010
60_XPY::y : 0x7fdd819cf010
24_POW::a : 0x7fdd6fe8b010
24_POW::b : 0x7fdd6476f010
24_POW::y : 0x7fdd59053010
12_ERF::x : 0x7fddc6472010
12_ERF::y : 0x7fddc08e4010
12_ERF::x : 0x7fddc6472010
12_ERF::y : 0x7fddc08e4010
60_COPY::x : 0x7fdd08e97010
60_COPY::y : 0x7fdcec4d3010
48_ERF::x : 0x7fdd4221c010
48_ERF::y : 0x7fdd2b3e5010
60_TGAMMA::x : 0x7fddc9239010
60_TGAMMA::y : 0x7fddc6472010
60_XPY::x : 0x7fdda9aae010
60_XPY::y : 0x7fdd8d0ea010
132_SUM::x : 0x7fdcad5be010
60_TGAMMA::x : 0x7fddc9239010
60_TGAMMA::y : 0x7fddc6472010
36_DOT::x : 0x7fdd7be41010
36_DOT::y : 0x7fdd6a2fe010
48_XPY::x : 0x7fddaf63b010
48_XPY::y : 0x7fdd98804010
60_COPY::x : 0x7fdd4d93a010
60_COPY::y : 0x7fdd30f76010
48_SQRTX::x : 0x7fdd1a13f010
36_DOT::x : 0x7fdd8755b010
36_DOT::y : 0x7fdd6a2fe010
12_SQRTX::x : 0x7fddc6472010
48_XPY::x : 0x7fddaf63b010
48_XPY::y : 0x7fdd98804010
12_TGAMMA::x : 0x185f3a0
12_TGAMMA::y : 0x2186fb0
120_TGAMMA::x : 0x7fddc6472010
120_TGAMMA::y : 0x7fdd92c76010
84_COPY::x : 0x7fdd08e97010
84_COPY::y : 0x7fdce0db8010
12_ERF::x : 0x7fdd8d0e8010
12_ERF::y : 0x7fdd8755a010
24_ERF::x : 0x7fdd8755a010
24_ERF::y : 0x7fdd7be3e010
12_POW::a : 0x7fdd8d0e8010
12_POW::b : 0x7fdd8755a010
12_POW::y : 0x7fdd819cc010
12_ERF::x : 0x7fddc08e4010
12_ERF::y : 0x7fddbad56010
36_DOT::x : 0x7fdda9aad010
36_DOT::y : 0x7fdd98804010
12_SQRTX::x : 0x7fddc6472010
84_SUM::x : 0x7fdd534c8010
12_ERF::x : 0x7fddc6472010
12_ERF::y : 0x7fddc08e4010
84_SUM::x : 0x7fdcb8cd9010
48_SQRTX::x : 0x7fddb51c9010
84_SUM::x : 0x7fdd8d0ea010
36_DOT::x : 0x7fdd7be41010
36_DOT::y : 0x7fdd6a2fe010
36_POW::a : 0x7fdd59055010
36_POW::b : 0x7fdd47dac010
36_POW::y : 0x7fdd36b03010
60_XPY::x : 0x7fdd1a13f010
60_XPY::y : 0x7fdcfd77b010
48_ERF::x : 0x7fdd7be41010
48_ERF::y : 0x7fdce6944010
60_COPY::x : 0x7fddaf63c010
60_COPY::y : 0x7fdd92c78010
48_XPY::x : 0x7fdd64770010
48_XPY::y : 0x7fdd4d939010
108_SUM::x : 0x7fdd1a13f010
36_DOT::x : 0x7fdd819cf010
36_DOT::y : 0x7fdd08e96010
60_XPY::x : 0x7fddaf63c010
60_XPY::y : 0x7fdd92c78010
84_COPY::x : 0x7fdcf2060010
84_COPY::y : 0x7fdcc9f81010
  итерация 0: 1333071 ms
12_TGAMMA::x : 0x185f3e0
12_TGAMMA::y : 0x2186ff0
12_TGAMMA::x : 0x7fddcc000be0
12_TGAMMA::y : 0x7fddcc9287f0
12_SQRTX::x : 0x7fdda3f20010
36_DOT::x : 0x7fddbad57010
36_DOT::y : 0x7fdda9aae010
108_SUM::x : 0x7fdd1fcce010
84_DOT::x : 0x7fdd7be41010
84_DOT::y : 0x7fdd534c8010
60_COPY::x : 0x7fdd0330a010
60_COPY::y : 0x7fdce6946010
24_ERF::x : 0x7fddc08e4010
24_ERF::y : 0x7fddb51c8010
108_SUM::x : 0x7fdd1fcce010
120_TGAMMA::x : 0x7fddc6472010
120_TGAMMA::y : 0x7fddc08e4010
36_DOT::x : 0x7fddaf63b010
36_DOT::y : 0x7fdd9e392010
36_DOT::x : 0x7fdd8d0e9010
36_DOT::y : 0x7fdd7be40010
84_SUM::x : 0x7fdd534c8010
12_TGAMMA::x : 0x7fddcc000be0
12_TGAMMA::y : 0x7fddcc9287f0
60_TGAMMA::x : 0x7fddbdb1d010
60_TGAMMA::y : 0x7fddbad56010
12_ERF::x : 0x7fddb51c8010
12_ERF::y : 0x7fddaf63a010
48_ERF::x : 0x7fdd98803010
48_ERF::y : 0x7fdd819cc010
60_COPY::x : 0x7fdd5ebe3010
60_COPY::y : 0x7fdd4221f010
84_DOT::x : 0x7fdd1a140010
84_DOT::y : 0x7fdcf2061010
48_ERF::x : 0x7fddb51c9010
48_ERF::y : 0x7fdcdb22a010
24_ERF::x : 0x7fdda9aad010
24_ERF::y : 0x7fdd9e391010
48_SQRTX::x : 0x7fdd8755a010
60_TGAMMA::x : 0x7fdd84793010
60_TGAMMA::y : 0x7fdd819cc010
84_COPY::x : 0x7fdd534c8010
84_COPY::y : 0x7fdd2b3e9010
108_SUM::x : 0x7fdcf7bef010
12_ERF::x : 0x7fddc6472010
12_ERF::y : 0x7fddc08e4010
48_XPY::x : 0x7fdda9aad010
48_XPY::y : 0x7fdd92c76010
24_POW::a : 0x7fddc08e4010
24_POW::b : 0x7fdd8755a010
24_POW::y : 0x7fdd7be3e010
48_SQRTX::x : 0x7fdd145b2010
108_SUM::x : 0x7fdce0db8010
108_SUM::x : 0x7fdd98806010
60_XPY::x : 0x7fdd7be42010
60_XPY::y : 0x7fdcc43f4010
24_ERF::x : 0x7fdd6fe8b010
24_ERF::y : 0x7fdd6476f010
108_SUM::x : 0x7fdd47dad010
60_COPY::x : 0x7fdd2b3e9010
60_COPY::y : 0x7fdd0ea25010
48_SQRTX::x : 0x7fddb51c9010
120_TGAMMA::x : 0x7fddaf63b010
120_TGAMMA::y : 0x7fdda9aad010
84_COPY::x : 0x7fdd819ce010
84_COPY::y : 0x7fdd534c8010
60_XPY::x : 0x7fdcf2061010
60_XPY::y : 0x7fdcd569d010
36_DOT::x : 0x7fddbad57010
36_DOT::y : 0x7fdd4221f010
12_ERF::x : 0x7fddb51c9010
12_ERF::y : 0x7fddaf63b010
24_ERF::x : 0x7fddaf63b010
24_ERF::y : 0x7fdd36b03010
60_TGAMMA::x : 0x7fddc9239010
60_TGAMMA::y : 0x7fddc6472010
12_POW::a : 0x7fddc08e4010
12_POW::b : 0x7fdda9aad010
12_POW::y : 0x7fdd7be40010
84_SUM::x : 0x7fdd819ce010
36_DOT::x : 0x7fddaf63b010
36_DOT::y : 0x7fdd6a2fe010
48_XPY::x : 0x7fdd534c7010
48_XPY::y : 0x7fdd3c690010
48_XPY::x : 0x7fdd25859010
48_XPY::y : 0x7fdd0ea22010
12_SQRTX::x : 0x7fddc6472010
24_POW::a : 0x7fddbad56010
24_POW::b : 0x7fddaf63a010
24_POW::y : 0x7fdda3f1e010
48_XPY::x : 0x7fdd8d0e7010
48_XPY::y : 0x7fdcf7beb010
84_COPY::x : 0x7fdd534c8010
84_COPY::y : 0x7fdccfb0c010
84_COPY::x : 0x7fdd2b3e9010
84_COPY::y : 0x7fdca7a2d010
60_COPY::x : 0x7fddaf63c010
60_COPY::y : 0x7fdd0ea25010
36_DOT::x : 0x7fdd9e393010
36_DOT::y : 0x7fdd8d0ea010
84_COPY::x : 0x7fdd8755d010
84_COPY::y : 0x7fdc7f94e010
132_SUM::x : 0x7fdc40a39010
12_ERF::x : 0x7fddc6472010
12_ERF::y : 0x7fddc08e4010
132_SUM::x : 0x7fdd3c692010
24_ERF::x : 0x7fddc08e4010
24_ERF::y : 0x7fddb51c8010
12_SQRTX::x : 0x7fddc6472010
120_TGAMMA::x : 0x7fddc08e4010
120_TGAMMA::y : 0x7fddbad56010
12_ERF::x : 0x7fddb51c8010
12_ERF::y : 0x7fddaf63a010
12_SQRTX::x : 0x7fddc6472010
60_COPY::x : 0x7fdd92c76010
60_COPY::y : 0x7fdd5ebe3010
60_TGAMMA::x : 0x7fddb7f8f010
60_TGAMMA::y : 0x7fddb51c8010
84_SUM::x : 0x7fdd36b04010
84_SUM::x : 0x7fdd36b04010
36_DOT::x : 0x7fdd819cd010
36_DOT::y : 0x7fdd2585b010
12_SQRTX::x : 0x7fddc6472010
84_SUM::x : 0x7fdcfd77c010
48_SQRTX::x : 0x7fddb51c9010
60_XPY::x : 0x7fdd98805010
60_XPY::y : 0x7fdd7be41010
48_ERF::x : 0x7fdd64770010
48_ERF::y : 0x7fdd4d939010
60_XPY::x : 0x7fdd30f75010
60_XPY::y : 0x7fdd145b1010
108_SUM::x : 0x7fdce0db7010
36_POW::a : 0x7fddbad57010
36_POW::b : 0x7fdda9aae010
36_POW::y : 0x7fdd98805010
12_ERF::x : 0x7fdd92c77010
12_ERF::y : 0x7fdd8d0e9010
84_DOT::x : 0x7fdd534c8010
84_DOT::y : 0x7fdcb8cd8010
84_SUM::x : 0x7fdcec4d2010
60_COPY::x : 0x7fdd7be41010
60_COPY::y : 0x7fdd36b04010
60_XPY::x : 0x7fdd1a140010
60_XPY::y : 0x7fdcfd77c010
36_POW::a : 0x7fddbad57010
36_POW::b : 0x7fdda9aae010
36_POW::y : 0x7fdd98805010
60_XPY::x : 0x7fdd5ebe3010
60_XPY::y : 0x7fdce0db8010
12_ERF::x : 0x7fdd92c77010
12_ERF::y : 0x7fdd8d0e9010
12_POW::a : 0x7fdd92c77010
12_POW::b : 0x7fdd8d0e9010
12_POW::y : 0x7fdd8755b010
12_TGAMMA::x : 0x7fddcc000be0
12_TGAMMA::y : 0x7fddcc9287f0
12_POW::a : 0x7fdd819cd010
12_POW::b : 0x7fdd7be3f010
12_POW::y : 0x7fdd59055010
48_SQRTX::x : 0x7fddb51c9010
36_DOT::x : 0x7fdda3f20010
36_DOT::y : 0x7fdd92c77010
60_XPY::x : 0x7fdd5ebe3010
60_XPY::y : 0x7fdd3c691010
60_COPY::x : 0x7fdd1fccd010
60_COPY::y : 0x7fdd03309010
60_TGAMMA::x : 0x7fddb2402010
60_TGAMMA::y : 0x7fddaf63b010
12_POW::a : 0x7fddc6472010
12_POW::b : 0x7fddc08e4010
12_POW::y : 0x7fddbad56010
48_ERF::x : 0x7fdda3f1f010
48_ERF::y : 0x7fdd8d0e8010
60_COPY::x : 0x7fdce6945010
60_COPY::y : 0x7fdcc9f81010
48_XPY::x : 0x7fdd2585a010
48_XPY::y : 0x7fdd0ea23010
108_SUM::x : 0x7fdd47dad010
84_COPY::x : 0x7fdda3f21010
84_COPY::y : 0x7fdd7be42010
36_DOT::x : 0x7fdd6a2fe010
36_DOT::y : 0x7fdd59055010
  итерация 1: 1352853 ms
12_TGAMMA::x : 0x185f3e0
12_TGAMMA::y : 0x2186ff0
12_TGAMMA::x : 0x7fddd4000da0
12_TGAMMA::y : 0x7fddd49289b0
12_SQRTX::x : 0x7fdd92c78010
108_SUM::x : 0x7fdd98806010
48_SQRTX::x : 0x7fdd7be41010
84_SUM::x : 0x7fdd534c8010
24_POW::a : 0x7fdd47dac010
24_POW::b : 0x7fdd3c690010
24_POW::y : 0x7fdd30f74010
84_DOT::x : 0x7fdd534c8010
84_DOT::y : 0x7fdd08e95010
36_DOT::x : 0x7fddbad57010
36_DOT::y : 0x7fdda9aae010
84_COPY::x : 0x7fdd819cf010
84_COPY::y : 0x7fdce0db6010
12_ERF::x : 0x7fdd7be41010
12_ERF::y : 0x7fdd4d93a010
84_DOT::x : 0x7fdcb8cd7010
84_DOT::y : 0x7fdc90bf8010
84_COPY::x : 0x7fdc68b19010
84_COPY::y : 0x7fdc40a3a010
120_TGAMMA::x : 0x7fddc6472010
120_TGAMMA::y : 0x7fddc08e4010
48_ERF::x : 0x7fdd64770010
48_ERF::y : 0x7fdd4d939010
24_ERF::x : 0x7fddb51c8010
24_ERF::y : 0x7fdd4221d010
24_ERF::x : 0x7fdda9aac010
24_ERF::y : 0x7fdd9e390010
12_TGAMMA::x : 0x7fddd4000da0
12_TGAMMA::y : 0x7fddd49289b0
36_DOT::x : 0x7fddbad57010
36_DOT::y : 0x7fdd8d0e7010
108_SUM::x : 0x7fdd1a13f010
108_SUM::x : 0x7fdce6945010
60_TGAMMA::x : 0x7fddc9239010
60_TGAMMA::y : 0x7fddc6472010
48_ERF::x : 0x7fddaf63b010
48_ERF::y : 0x7fdd98804010
108_SUM::x : 0x7fdd47dad010
132_SUM::x : 0x7fdd08e98010
48_XPY::x : 0x7fdd819cd010
48_XPY::y : 0x7fdcf2061010
60_XPY::x : 0x7fdd5ebe3010
60_XPY::y : 0x7fdcd569d010
60_XPY::x : 0x7fddaf63c010
60_XPY::y : 0x7fdcb8cd9010
84_COPY::x : 0x7fdd36b04010
84_COPY::y : 0x7fdd0ea25010
36_DOT::x : 0x7fdd9e393010
36_DOT::y : 0x7fdd8d0ea010
24_ERF::x : 0x7fdda3f20010
24_ERF::y : 0x7fdd98804010
60_COPY::x : 0x7fdd7be40010
60_COPY::y : 0x7fdd5ebe3010
60_COPY::x : 0x7fddaf63c010
60_COPY::y : 0x7fdcf2061010
60_COPY::x : 0x7fdcd569d010
60_COPY::y : 0x7fdcb8cd9010
48_SQRTX::x : 0x7fdd98805010
108_SUM::x : 0x7fdd47dad010
60_COPY::x : 0x7fddaf63c010
60_COPY::y : 0x7fdd7be41010
60_TGAMMA::x : 0x7fddac875010
60_TGAMMA::y : 0x7fdda9aae010
60_TGAMMA::x : 0x7fdda6ce7010
60_TGAMMA::y : 0x7fdda3f20010
36_DOT::x : 0x7fdd6a2fe010
36_DOT::y : 0x7fdd59055010
120_TGAMMA::x : 0x7fddc6472010
120_TGAMMA::y : 0x7fddc08e4010
84_SUM::x : 0x7fdd7be41010
108_SUM::x : 0x7fdd2585b010
60_TGAMMA::x : 0x7fddbdb1d010
60_TGAMMA::y : 0x7fddbad56010
60_XPY::x : 0x7fdd9e392010
60_XPY::y : 0x7fdd819ce010
84_DOT::x : 0x7fdd534c8010
84_DOT::y : 0x7fdd2b3e9010
84_COPY::x : 0x7fdd0330a010
84_COPY::y : 0x7fdcdb22b010
48_SQRTX::x : 0x7fdcc43f4010
12_POW::a : 0x7fddc6472010
12_POW::b : 0x7fddc08e4010
12_POW::y : 0x7fddbad56010
12_TGAMMA::x : 0x185f3e0
12_TGAMMA::y : 0x2186ff0
12_ERF::x : 0x7fddc6472010
12_ERF::y : 0x7fddc08e4010
24_ERF::x : 0x7fddb51c8010
24_ERF::y : 0x7fdda9aac010
12_ERF::x : 0x7fdda3f1e010
12_ERF::y : 0x7fdd9e390010
84_SUM::x : 0x7fdd534c8010
120_TGAMMA::x : 0x7fddc6472010
120_TGAMMA::y : 0x7fddc08e4010
12_ERF::x : 0x7fddbad56010
12_ERF::y : 0x7fddb51c8010
12_POW::a : 0x7fddaf63a010
12_POW::b : 0x7fdda9aac010
12_POW::y : 0x7fdda3f1e010
48_XPY::x : 0x7fdd8d0e7010
48_XPY::y : 0x7fdd3c691010
60_XPY::x : 0x7fdd5ebe3010
60_XPY::y : 0x7fdd1fccd010
84_SUM::x : 0x7fdcf7bee010
12_SQRTX::x : 0x7fddc6472010
12_ERF::x : 0x7fddc08e4010
12_ERF::y : 0x7fddbad56010
12_POW::a : 0x7fddc6472010
12_POW::b : 0x7fddb51c8010
12_POW::y : 0x7fddaf63a010
12_ERF::x : 0x7fdda9aac010
12_ERF::y : 0x7fdda3f1e010
36_POW::a : 0x7fdd92c75010
36_POW::b : 0x7fdd819cc010
36_POW::y : 0x7fdd4d93a010
84_SUM::x : 0x7fdcf7bee010
36_DOT::x : 0x7fdd6a2fe010
36_DOT::y : 0x7fdd3c691010
60_COPY::x : 0x7fddaf63c010
60_COPY::y : 0x7fdcdb22a010
84_COPY::x : 0x7fdd2585b010
84_COPY::y : 0x7fdcb314b010
36_DOT::x : 0x7fdd6a2fe010
36_DOT::y : 0x7fdd145b2010
132_SUM::x : 0x7fdc74236010
48_XPY::x : 0x7fddb51c9010
48_XPY::y : 0x7fdd9e392010
60_XPY::x : 0x7fdd819ce010
60_XPY::y : 0x7fdd5ebe3010
24_ERF::x : 0x7fdd534c7010
24_ERF::y : 0x7fdd1a13f010
84_SUM::x : 0x7fdda3f21010
60_XPY::x : 0x7fdd36b03010
60_XPY::y : 0x7fdcfd77b010
48_SQRTX::x : 0x7fdd8d0ea010
60_TGAMMA::x : 0x7fdd8a323010
60_TGAMMA::y : 0x7fdd8755c010
60_COPY::x : 0x7fddaf63c010
60_COPY::y : 0x7fdd5ebe3010
48_XPY::x : 0x7fdd1fccc010
48_XPY::y : 0x7fdce6944010
84_COPY::x : 0x7fdd8755d010
84_COPY::y : 0x7fdcbe865010
12_SQRTX::x : 0x7fdd819cf010
24_POW::a : 0x7fdd7be41010
24_POW::b : 0x7fdd534c7010
24_POW::y : 0x7fdd47dab010
36_POW::a : 0x7fddbad57010
36_POW::b : 0x7fdd6a2fe010
36_POW::y : 0x7fdd0ea23010
60_COPY::x : 0x7fdd2b3e7010
60_COPY::y : 0x7fdcf205f010
12_ERF::x : 0x7fddb51c9010
12_ERF::y : 0x7fdd819cf010
108_SUM::x : 0x7fdc8b06b010
108_SUM::x : 0x7fdd8755d010
48_ERF::x : 0x7fdd64770010
48_ERF::y : 0x7fdd4d939010
48_XPY::x : 0x7fdd36b02010
48_XPY::y : 0x7fdd1fccb010
36_DOT::x : 0x7fddbad57010
36_DOT::y : 0x7fdd0ea22010
36_DOT::x : 0x7fdda9aae010
36_DOT::y : 0x7fdd98805010
12_SQRTX::x : 0x7fdd92c77010
48_ERF::x : 0x7fdd7be40010
48_ERF::y : 0x7fdd64770010
48_SQRTX::x : 0x7fdd4d939010
12_SQRTX::x : 0x7fddc6472010
60_COPY::x : 0x7fdda9aae010
60_COPY::y : 0x7fdd30f75010
12_POW::a : 0x7fddc6472010
12_POW::b : 0x7fdda3f20010
12_POW::y : 0x7fdd9e392010
60_XPY::x : 0x7fdd145b1010
60_XPY::y : 0x7fdcf7bed010
36_DOT::x : 0x7fdd98805010
36_DOT::y : 0x7fdd534c7010
  итерация 2: 1339682 ms
12_TGAMMA::x : 0x7fddcc000be0
12_TGAMMA::y : 0x7fddcc9287f0
24_POW::a : 0x7fddc08e4010
24_POW::b : 0x7fddb51c8010
24_POW::y : 0x7fdda9aac010
36_DOT::x : 0x7fdd98803010
36_DOT::y : 0x7fdd8755a010
84_COPY::x : 0x7fdd534c8010
84_COPY::y : 0x7fdd2b3e9010
108_SUM::x : 0x7fdcf7bef010
120_TGAMMA::x : 0x7fdd819cc010
120_TGAMMA::y : 0x7fdd7be3e010
84_SUM::x : 0x7fdd0330a010
12_SQRTX::x : 0x7fddc6472010
12_TGAMMA::x : 0x7fddd00017d0
12_TGAMMA::y : 0x7fddd09293e0
108_SUM::x : 0x7fdd98806010
48_ERF::x : 0x7fdd819cf010
48_ERF::y : 0x7fdcec4d3010
36_DOT::x : 0x7fddbad57010
36_DOT::y : 0x7fdda9aae010
48_SQRTX::x : 0x7fdd64770010
48_ERF::x : 0x7fdd4d939010
48_ERF::y : 0x7fdd36b02010
24_ERF::x : 0x7fddc08e4010
24_ERF::y : 0x7fddb51c8010
36_DOT::x : 0x7fdda3f1f010
36_DOT::y : 0x7fdd6a2fe010
60_TGAMMA::x : 0x7fddc9239010
60_TGAMMA::y : 0x7fddc6472010
60_COPY::x : 0x7fdd8755b010
60_COPY::y : 0x7fdd1a13e010
84_COPY::x : 0x7fdd4221f010
84_COPY::y : 0x7fdcf205f010
108_SUM::x : 0x7fdcbe865010
48_SQRTX::x : 0x7fddb51c9010
12_TGAMMA::x : 0x7fddd4000da0
12_TGAMMA::y : 0x7fddd49289b0
60_COPY::x : 0x7fdcd569b010
60_COPY::y : 0x7fdcb8cd7010
84_DOT::x : 0x7fdd8d0ea010
84_DOT::y : 0x7fdd1a140010
12_ERF::x : 0x7fddc6472010
12_ERF::y : 0x7fddc08e4010
84_DOT::x : 0x7fdd534c8010
84_DOT::y : 0x7fdcf2061010
108_SUM::x : 0x7fdc854dd010
108_SUM::x : 0x7fdc854dd010
84_SUM::x : 0x7fdcc9f82010
60_COPY::x : 0x7fddaf63c010
60_COPY::y : 0x7fdd92c78010
132_SUM::x : 0x7fdd3c692010
120_TGAMMA::x : 0x7fdd8d0ea010
120_TGAMMA::y : 0x7fdd8755c010
48_XPY::x : 0x7fdd2585b010
48_XPY::y : 0x7fdd0ea24010
48_XPY::x : 0x7fddb51c9010
48_XPY::y : 0x7fdd9e392010
60_COPY::x : 0x7fdd5ebe3010
60_COPY::y : 0x7fdd4221f010
24_ERF::x : 0x7fdd92c76010
24_ERF::y : 0x7fdd8755a010
48_SQRTX::x : 0x7fddb51c9010
84_COPY::x : 0x7fdd1a140010
84_COPY::y : 0x7fdcf2061010
24_POW::a : 0x7fdda9aad010
24_POW::b : 0x7fdd9e391010
24_POW::y : 0x7fdd92c75010
60_TGAMMA::x : 0x7fddc9239010
60_TGAMMA::y : 0x7fddc6472010
84_SUM::x : 0x7fdd534c8010
24_ERF::x : 0x7fddbad56010
24_ERF::y : 0x7fddaf63a010
48_XPY::x : 0x7fdd98803010
48_XPY::y : 0x7fdd819cc010
12_ERF::x : 0x7fddc6472010
12_ERF::y : 0x7fdd7be3e010
24_ERF::x : 0x7fddbad56010
24_ERF::y : 0x7fddaf63a010
84_COPY::x : 0x7fdd534c8010
84_COPY::y : 0x7fdcc9f82010
60_COPY::x : 0x7fdd36b04010
60_COPY::y : 0x7fdd1a140010
12_ERF::x : 0x7fddc6472010
12_ERF::y : 0x7fdda9aac010
60_XPY::x : 0x7fdd8d0e8010
60_XPY::y : 0x7fdcfd77c010
36_DOT::x : 0x7fddbad57010
36_DOT::y : 0x7fdda9aae010
108_SUM::x : 0x7fdc96788010
60_XPY::x : 0x7fdd36b04010
60_XPY::y : 0x7fdd1a140010
24_ERF::x : 0x7fddc08e4010
24_ERF::y : 0x7fddb51c8010
84_SUM::x : 0x7fdd8d0e9010
48_ERF::x : 0x7fdd64770010
48_ERF::y : 0x7fdd03309010
60_TGAMMA::x : 0x7fddc9239010
60_TGAMMA::y : 0x7fddc6472010
48_SQRTX::x : 0x7fddaf63b010
12_TGAMMA::x : 0x7fddd00017d0
12_TGAMMA::y : 0x7fddd09293e0
60_TGAMMA::x : 0x7fddac874010
60_TGAMMA::y : 0x7fdda9aad010
36_DOT::x : 0x7fdd98804010
36_DOT::y : 0x7fdd8755b010
12_POW::a : 0x7fddc6472010
12_POW::b : 0x7fddc08e4010
12_POW::y : 0x7fddbad56010
60_XPY::x : 0x7fdd5ebe3010
60_XPY::y : 0x7fdd4221f010
12_SQRTX::x : 0x7fddb51c8010
12_POW::a : 0x7fddb51c8010
12_POW::b : 0x7fddaf63a010
12_POW::y : 0x7fdd819cd010
12_ERF::x : 0x7fdda9aac010
12_ERF::y : 0x7fdda3f1e010
12_SQRTX::x : 0x7fddc6472010
12_ERF::x : 0x7fddc08e4010
12_ERF::y : 0x7fddbad56010
36_DOT::x : 0x7fdd9e391010
36_DOT::y : 0x7fdd8d0e8010
60_COPY::x : 0x7fdd2585b010
60_COPY::y : 0x7fdd08e97010
48_XPY::x : 0x7fddb51c9010
48_XPY::y : 0x7fdcf2060010
108_SUM::x : 0x7fdd819cf010
12_ERF::x : 0x7fdd7be41010
12_ERF::y : 0x7fdd75a19010
60_TGAMMA::x : 0x7fdd7ec08010
60_TGAMMA::y : 0x7fdd7be41010
48_SQRTX::x : 0x7fddb51c9010
12_SQRTX::x : 0x7fdd75a19010
84_DOT::x : 0x7fdd8d0ea010
84_DOT::y : 0x7fdd4d93a010
36_POW::a : 0x7fdd3c691010
36_POW::b : 0x7fdd2b3e8010
36_POW::y : 0x7fdd1a13f010
48_ERF::x : 0x7fdd03308010
48_ERF::y : 0x7fdcec4d1010
60_XPY::x : 0x7fdccfb0d010
60_XPY::y : 0x7fdcb3149010
12_ERF::x : 0x7fddc6472010
12_ERF::y : 0x7fddc08e4010
120_TGAMMA::x : 0x7fddbad56010
120_TGAMMA::y : 0x7fddb51c8010
12_POW::a : 0x7fddaf63a010
12_POW::b : 0x7fdda9aac010
12_POW::y : 0x7fdda3f1e010
132_SUM::x : 0x7fdd3c692010
60_XPY::x : 0x7fdd8755a010
60_XPY::y : 0x7fdd1fcce010
84_COPY::x : 0x7fdcf7bef010
84_COPY::y : 0x7fdccfb10010
12_SQRTX::x : 0x7fddc6472010
60_COPY::x : 0x7fdda9aae010
60_COPY::y : 0x7fdd8d0ea010
12_POW::a : 0x7fddc6472010
12_POW::b : 0x7fdd8755c010
12_POW::y : 0x7fdd819ce010
108_SUM::x : 0x7fdd47dad010
60_COPY::x : 0x7fdd2b3e9010
60_COPY::y : 0x7fdcb314c010
60_XPY::x : 0x7fdd5ebe3010
60_XPY::y : 0x7fdc96788010
84_COPY::x : 0x7fdd0330a010
84_COPY::y : 0x7fdcdb22b010
84_SUM::x : 0x7fdda3f21010
48_XPY::x : 0x7fdd8d0ea010
48_XPY::y : 0x7fdd47dac010
36_DOT::x : 0x7fddbad57010
36_DOT::y : 0x7fdda9aae010
36_POW::a : 0x7fdd7be41010
36_POW::b : 0x7fdd6a2fe010
36_POW::y : 0x7fdd36b03010
84_SUM::x : 0x7fdda3f21010
36_DOT::x : 0x7fdd92c78010
36_DOT::y : 0x7fdd59055010
36_DOT::x : 0x7fdd47dac010
36_DOT::y : 0x7fdd2585a010
60_XPY::x : 0x7fddaf63c010
60_XPY::y : 0x7fdd08e96010
  итерация 3: 1355603 ms
12_TGAMMA::x : 0x7fddd00017d0
12_TGAMMA::y : 0x7fddd09293e0
12_TGAMMA::x : 0x7fddd4000da0
12_TGAMMA::y : 0x7fddd49289b0
24_POW::a : 0x7fdd9e392010
24_POW::b : 0x7fdd92c76010
24_POW::y : 0x7fdd8755a010
36_DOT::x : 0x7fddbad57010
36_DOT::y : 0x7fdda9aae010
12_SQRTX::x : 0x7fdd819cc010
48_SQRTX::x : 0x7fdd64770010
108_SUM::x : 0x7fdd30f76010
84_COPY::x : 0x7fdd08e97010
84_COPY::y : 0x7fdce0db8010
36_DOT::x : 0x7fddbad57010
36_DOT::y : 0x7fdda9aae010
60_TGAMMA::x : 0x7fdda6ce7010
60_TGAMMA::y : 0x7fdda3f20010
84_SUM::x : 0x7fdd7be41010
48_ERF::x : 0x7fddb51c9010
48_ERF::y : 0x7fdd64770010
108_SUM::x : 0x7fdd30f76010
12_TGAMMA::x : 0x7fddd00017d0
12_TGAMMA::y : 0x7fddd09293e0
120_TGAMMA::x : 0x7fddaf63b010
120_TGAMMA::y : 0x7fdda9aad010
48_XPY::x : 0x7fdd92c76010
48_XPY::y : 0x7fdd7be3f010
108_SUM::x : 0x7fdd30f76010
84_COPY::x : 0x7fdd08e97010
84_COPY::y : 0x7fdce0db8010
36_DOT::x : 0x7fddbad57010
36_DOT::y : 0x7fdd98804010
60_COPY::x : 0x7fdd7be40010
60_COPY::y : 0x7fdd5ebe3010
24_ERF::x : 0x7fddaf63b010
24_ERF::y : 0x7fdd534c7010
120_TGAMMA::x : 0x7fddc6472010
120_TGAMMA::y : 0x7fddc08e4010
108_SUM::x : 0x7fdcad5be010
48_ERF::x : 0x7fdda9aad010
48_ERF::y : 0x7fdd47dac010
60_TGAMMA::x : 0x7fdda6ce6010
60_TGAMMA::y : 0x7fdda3f1f010
60_TGAMMA::x : 0x7fdda1158010
60_TGAMMA::y : 0x7fdd9e391010
60_TGAMMA::x : 0x7fddc9239010
60_TGAMMA::y : 0x7fddc6472010
60_COPY::x : 0x7fdd819cd010
60_COPY::y : 0x7fdd5ebe3010
48_XPY::x : 0x7fddaf63b010
48_XPY::y : 0x7fdd47dac010
48_SQRTX::x : 0x7fdd30f75010
24_ERF::x : 0x7fdda3f1f010
24_ERF::y : 0x7fdd25859010
84_COPY::x : 0x7fdd08e96010
84_COPY::y : 0x7fdce0db7010
48_XPY::x : 0x7fdd30f75010
48_XPY::y : 0x7fdcc9f80010
132_SUM::x : 0x7fdc8b06b010
108_SUM::x : 0x7fdd98806010
12_ERF::x : 0x7fdd92c78010
12_ERF::y : 0x7fdd8d0ea010
48_SQRTX::x : 0x7fddb51c9010
60_XPY::x : 0x7fdd5ebe3010
60_XPY::y : 0x7fdd4221f010
108_SUM::x : 0x7fdd819cf010
84_SUM::x : 0x7fdd1a140010
12_POW::a : 0x7fddc6472010
12_POW::b : 0x7fddc08e4010
12_POW::y : 0x7fddbad56010
12_ERF::x : 0x7fddb51c8010
12_ERF::y : 0x7fddaf63a010
60_COPY::x : 0x7fdd92c76010
60_COPY::y : 0x7fdcfd77c010
60_TGAMMA::x : 0x7fddc9239010
60_TGAMMA::y : 0x7fddc6472010
12_SQRTX::x : 0x7fddc08e4010
60_COPY::x : 0x7fdd5ebe3010
60_COPY::y : 0x7fdd4221f010
24_ERF::x : 0x7fddbad56010
24_ERF::y : 0x7fddaf63a010
84_SUM::x : 0x7fdd1a140010
12_POW::a : 0x7fddc6472010
12_POW::b : 0x7fddc08e4010
12_POW::y : 0x7fddbad56010
84_DOT::x : 0x7fdd92c77010
84_DOT::y : 0x7fdcf2061010
60_XPY::x : 0x7fdd2585b010
60_XPY::y : 0x7fdcd569d010
12_ERF::x : 0x7fddc6472010
12_ERF::y : 0x7fddc08e4010
12_ERF::x : 0x7fddbad56010
12_ERF::y : 0x7fdd8d0e9010
84_SUM::x : 0x7fdd534c8010
84_DOT::x : 0x7fdcad5be010
84_DOT::y : 0x7fdc854df010
24_ERF::x : 0x7fddc08e4010
24_ERF::y : 0x7fdd8755b010
84_COPY::x : 0x7fdd98805010
84_COPY::y : 0x7fdd534c8010
12_ERF::x : 0x7fdd92c77010
12_ERF::y : 0x7fdd819cd010
108_SUM::x : 0x7fdd1fcce010
60_XPY::x : 0x7fdd7be41010
60_XPY::y : 0x7fdd0330a010
60_XPY::x : 0x7fdce6946010
60_XPY::y : 0x7fdcc9f82010
60_COPY::x : 0x7fdd36b04010
60_COPY::y : 0x7fdcad5be010
84_DOT::x : 0x7fdd0ea25010
84_DOT::y : 0x7fdc854df010
120_TGAMMA::x : 0x7fddc6472010
120_TGAMMA::y : 0x7fddc08e4010
48_ERF::x : 0x7fdda9aad010
48_ERF::y : 0x7fdd92c76010
24_POW::a : 0x7fdd8755a010
24_POW::b : 0x7fdd7be3e010
24_POW::y : 0x7fdd6fe8b010
108_SUM::x : 0x7fdd3c691010
60_XPY::x : 0x7fdd1fccd010
60_XPY::y : 0x7fdd03309010
36_DOT::x : 0x7fddbad57010
36_DOT::y : 0x7fdda9aae010
12_ERF::x : 0x7fdda3f20010
12_ERF::y : 0x7fdd9e392010
84_COPY::x : 0x7fdd819cf010
84_COPY::y : 0x7fdcdb22a010
36_DOT::x : 0x7fddbad57010
36_DOT::y : 0x7fdda9aae010
36_POW::a : 0x7fdd6a2fe010
36_POW::b : 0x7fdd59055010
36_POW::y : 0x7fdd47dac010
36_DOT::x : 0x7fddbad57010
36_DOT::y : 0x7fdda9aae010
48_XPY::x : 0x7fdd30f75010
48_XPY::y : 0x7fdd1a13e010
36_DOT::x : 0x7fddbad57010
36_DOT::y : 0x7fdda9aae010
36_DOT::x : 0x7fdd6a2fe010
36_DOT::y : 0x7fdd59055010
24_ERF::x : 0x7fdd9e392010
24_ERF::y : 0x7fdd92c76010
132_SUM::x : 0x7fdd1a140010
60_COPY::x : 0x7fddaf63c010
60_COPY::y : 0x7fdcfd77c010
84_SUM::x : 0x7fdcd569d010
48_XPY::x : 0x7fdd98805010
48_XPY::y : 0x7fdd819ce010
36_DOT::x : 0x7fdd6a2fe010
36_DOT::y : 0x7fdd59055010
12_SQRTX::x : 0x7fdd7be40010
12_SQRTX::x : 0x7fddc6472010
48_SQRTX::x : 0x7fdd4221e010
12_TGAMMA::x : 0x185f3e0
12_TGAMMA::y : 0x2186ff0
12_POW::a : 0x7fddc6472010
12_POW::b : 0x7fddc08e4010
12_POW::y : 0x7fddbad56010
12_POW::a : 0x7fddb51c8010
12_POW::b : 0x7fddaf63a010
12_POW::y : 0x7fdda9aac010
60_COPY::x : 0x7fdd8d0e8010
60_COPY::y : 0x7fdd5ebe3010
84_COPY::x : 0x7fdd1a13f010
84_COPY::y : 0x7fdcf2060010
60_XPY::x : 0x7fddaf63c010
60_XPY::y : 0x7fdcd569c010
48_ERF::x : 0x7fdd47dac010
48_ERF::y : 0x7fdcbe865010
12_ERF::x : 0x7fdda9aae010
12_ERF::y : 0x7fdda3f20010
12_SQRTX::x : 0x7fdd9e392010
84_SUM::x : 0x7fdd534c8010
60_COPY::x : 0x7fddaf63c010
60_COPY::y : 0x7fdd819ce010
36_POW::a : 0x7fdd9e393010
36_POW::b : 0x7fdd4221f010
36_POW::y : 0x7fdce0db7010
60_XPY::x : 0x7fdd2585b010
60_XPY::y : 0x7fdd08e97010
48_SQRTX::x : 0x7fdd64770010
  итерация 4: 1336622 ms
  среднее по 5 итерациям: 1343566 ms
=== Выполняется проект: no_po_11.txt (100 работ) ===
60_TGAMMA::x : 0x7fddc9239010
60_TGAMMA::y : 0x7fdd7be41010
36_POW::a : 0x7fdd7ec08010
36_POW::b : 0x7fdd6a2fe010
36_POW::y : 0x7fdd59055010
60_COPY::x : 0x7fddac875010
60_COPY::y : 0x7fdd1fccd010
60_COPY::x : 0x7fdd8feb1010
60_COPY::y : 0x7fdd3c691010
132_SUM::x : 0x7fdce0db8010
48_SQRTX::x : 0x7fddb51c9010
60_XPY::x : 0x7fdd98805010
60_XPY::y : 0x7fdd3c691010
36_DOT::x : 0x7fdd8755c010
36_DOT::y : 0x7fdd6a2fe010
48_SQRTX::x : 0x7fdd2585a010
12_SQRTX::x : 0x7fddc6472010
60_TGAMMA::x : 0x7fddc36ab010
60_TGAMMA::y : 0x7fddc08e4010
24_POW::a : 0x7fdd8d0e9010
24_POW::b : 0x7fdd819cd010
24_POW::y : 0x7fdd6fe8b010
120_TGAMMA::x : 0x7fddc6472010
120_TGAMMA::y : 0x7fddc08e4010
84_DOT::x : 0x7fdd98805010
84_DOT::y : 0x7fdd47dac010
60_XPY::x : 0x7fdd2b3e8010
60_XPY::y : 0x7fdd0ea24010
12_POW::a : 0x7fdd92c77010
12_POW::b : 0x7fdd8d0e9010
12_POW::y : 0x7fdd8755b010
48_SQRTX::x : 0x7fdd819ce010
60_XPY::x : 0x7fdda3f20010
60_XPY::y : 0x7fdd5ebe3010
84_SUM::x : 0x7fdce6945010
60_XPY::x : 0x7fdd4221f010
60_XPY::y : 0x7fdd2585b010
84_SUM::x : 0x7fdcfd77c010
48_SQRTX::x : 0x7fdd8d0e9010
48_ERF::x : 0x7fddb51c9010
48_ERF::y : 0x7fdd64770010
60_TGAMMA::x : 0x7fddb2402010
60_TGAMMA::y : 0x7fddaf63b010
12_SQRTX::x : 0x7fdda9aad010
108_SUM::x : 0x7fdd30f76010
12_POW::a : 0x7fdda9aad010
12_POW::b : 0x7fdda3f1f010
12_POW::y : 0x7fdd9e391010
84_COPY::x : 0x7fdd08e97010
84_COPY::y : 0x7fdce0db8010
12_TGAMMA::x : 0x7fddd4000da0
12_TGAMMA::y : 0x7fddd49289b0
12_TGAMMA::x : 0x7fddd4000da0
12_TGAMMA::y : 0x7fddd49289b0
12_POW::a : 0x7fddaf63b010
12_POW::b : 0x7fdda9aad010
12_POW::y : 0x7fdda3f1f010
120_TGAMMA::x : 0x7fddc6472010
120_TGAMMA::y : 0x7fddc08e4010
48_ERF::x : 0x7fdd8d0e8010
48_ERF::y : 0x7fdd4d939010
12_TGAMMA::x : 0x7fddd4000da0
12_TGAMMA::y : 0x7fddd49289b0
12_SQRTX::x : 0x7fddbad56010
48_SQRTX::x : 0x7fdda9aad010
84_SUM::x : 0x7fdd2585a010
108_SUM::x : 0x7fdcf2060010
12_POW::a : 0x7fddc6472010
12_POW::b : 0x7fddc08e4010
12_POW::y : 0x7fdda3f1f010
60_XPY::x : 0x7fdd8755b010
60_XPY::y : 0x7fdd5ebe3010
60_COPY::x : 0x7fddaf63c010
60_COPY::y : 0x7fdcd569c010
12_ERF::x : 0x7fdda9aae010
12_ERF::y : 0x7fdda3f20010
36_DOT::x : 0x7fdd4d93a010
36_DOT::y : 0x7fdd3c691010
84_DOT::x : 0x7fdd145b2010
84_DOT::y : 0x7fdcad5bd010
12_POW::a : 0x7fdda9aae010
12_POW::b : 0x7fdda3f20010
12_POW::y : 0x7fdd819cd010
48_SQRTX::x : 0x7fdd8d0e9010
48_SQRTX::x : 0x7fddb51c9010
48_SQRTX::x : 0x7fdd64770010
36_DOT::x : 0x7fdda3f20010
36_DOT::y : 0x7fdd7be40010
60_XPY::x : 0x7fdd47dac010
60_XPY::y : 0x7fdd2b3e8010
84_COPY::x : 0x7fdd03309010
84_COPY::y : 0x7fdcdb22a010
84_SUM::x : 0x7fdcb314b010
132_SUM::x : 0x7fdd8d0eb010
120_TGAMMA::x : 0x7fdd8755d010
120_TGAMMA::y : 0x7fdd819cf010
48_XPY::x : 0x7fddb51c9010
48_XPY::y : 0x7fdd9e392010
84_DOT::x : 0x7fdd534c8010
84_DOT::y : 0x7fdd2b3e9010
48_SQRTX::x : 0x7fdd145b2010
36_POW::a : 0x7fdd8d0e9010
36_POW::b : 0x7fdd7be40010
36_POW::y : 0x7fdd03309010
60_COPY::x : 0x7fdce6945010
60_COPY::y : 0x7fdcc9f81010
12_TGAMMA::x : 0x185f400
12_TGAMMA::y : 0x2187010
84_SUM::x : 0x7fdda3f21010
24_POW::a : 0x7fdd6fe8b010
24_POW::b : 0x7fdd6476f010
24_POW::y : 0x7fdd59053010
60_COPY::x : 0x7fddaf63c010
60_COPY::y : 0x7fdd3c68f010
12_TGAMMA::x : 0x7fddd00017d0
12_TGAMMA::y : 0x7fddd09293e0
84_SUM::x : 0x7fdd8755d010
60_COPY::x : 0x7fdd1fccb010
60_COPY::y : 0x7fdd03307010
36_DOT::x : 0x7fdd6a2fe010
36_DOT::y : 0x7fdd59055010
108_SUM::x : 0x7fdd7be42010
84_SUM::x : 0x7fdcdb228010
36_POW::a : 0x7fddbad57010
36_POW::b : 0x7fdd6a2fe010
36_POW::y : 0x7fdd59055010
84_DOT::x : 0x7fdd30f76010
84_DOT::y : 0x7fdd08e97010
84_SUM::x : 0x7fdce0db8010
60_COPY::x : 0x7fdd9e393010
60_COPY::y : 0x7fdd819cf010
108_SUM::x : 0x7fdcd569d010
60_COPY::x : 0x7fdd5ebe3010
60_COPY::y : 0x7fdcb8cd9010
12_ERF::x : 0x7fddc6472010
12_ERF::y : 0x7fddc08e4010
12_POW::a : 0x7fddbad56010
12_POW::b : 0x7fddb51c8010
12_POW::y : 0x7fddaf63a010
108_SUM::x : 0x7fdd7be40010
120_TGAMMA::x : 0x7fddc6472010
120_TGAMMA::y : 0x7fddc08e4010
36_DOT::x : 0x7fddaf63b010
36_DOT::y : 0x7fdd4d93a010
84_SUM::x : 0x7fdd36b04010
12_ERF::x : 0x7fddbad56010
12_ERF::y : 0x7fddb51c8010
36_DOT::x : 0x7fdda3f1f010
36_DOT::y : 0x7fdd92c76010
60_COPY::x : 0x7fdd5ebe3010
60_COPY::y : 0x7fdd1a140010
12_POW::a : 0x7fddc6472010
12_POW::b : 0x7fddc08e4010
12_POW::y : 0x7fddbad56010
12_SQRTX::x : 0x7fddb51c8010
48_XPY::x : 0x7fdd9e391010
48_XPY::y : 0x7fdd8755a010
108_SUM::x : 0x7fdce6946010
60_TGAMMA::x : 0x7fddc9239010
60_TGAMMA::y : 0x7fddc6472010
48_ERF::x : 0x7fdd47dac010
48_ERF::y : 0x7fdd03309010
12_TGAMMA::x : 0x7fddd00017d0
12_TGAMMA::y : 0x7fddd09293e0
84_DOT::x : 0x7fdcdb22a010
84_DOT::y : 0x7fdcb314b010
108_SUM::x : 0x7fdc7f951010
12_TGAMMA::x : 0x185f400
12_TGAMMA::y : 0x2187010
12_POW::a : 0x7fddc6472010
12_POW::b : 0x7fddc08e4010
12_POW::y : 0x7fddbad56010
48_ERF::x : 0x7fddb51c9010
48_ERF::y : 0x7fdd9e392010
36_DOT::x : 0x7fdd8d0e9010
36_DOT::y : 0x7fdd7be40010
84_SUM::x : 0x7fdd534c8010
84_SUM::x : 0x7fdd2b3e9010
60_TGAMMA::x : 0x7fdd9b5cb010
60_TGAMMA::y : 0x7fdd98804010
  итерация 0: 1244795 ms
48_SQRTX::x : 0x7fdd9e392010
48_SQRTX::x : 0x7fddb51c9010
48_SQRTX::x : 0x7fdd8755b010
132_SUM::x : 0x7fdd3c692010
12_TGAMMA::x : 0x7fddd4000da0
12_TGAMMA::y : 0x7fddd49289b0
12_POW::a : 0x7fddc6472010
12_POW::b : 0x7fddc08e4010
12_POW::y : 0x7fddbad56010
48_SQRTX::x : 0x7fdda3f1f010
108_SUM::x : 0x7fdd08e98010
84_COPY::x : 0x7fdd7be40010
84_COPY::y : 0x7fdd534c8010
60_COPY::x : 0x7fdcec4d4010
60_COPY::y : 0x7fdccfb10010
84_DOT::x : 0x7fdda3f21010
84_DOT::y : 0x7fdca7a31010
36_DOT::x : 0x7fdd4221f010
36_DOT::y : 0x7fdd30f76010
60_TGAMMA::x : 0x7fdd50701010
60_TGAMMA::y : 0x7fdd4d93a010
36_POW::a : 0x7fdd3c691010
36_POW::b : 0x7fdd2b3e8010
36_POW::y : 0x7fdd1a13f010
60_XPY::x : 0x7fdd8755d010
60_XPY::y : 0x7fdd5ebe3010
132_SUM::x : 0x7fdcdb22a010
48_SQRTX::x : 0x7fddb51c9010
60_XPY::x : 0x7fddaf63c010
60_XPY::y : 0x7fdcbe866010
48_SQRTX::x : 0x7fdd47dac010
12_SQRTX::x : 0x7fdda9aae010
84_SUM::x : 0x7fdd1fccd010
48_ERF::x : 0x7fdd98805010
48_ERF::y : 0x7fdd819ce010
60_TGAMMA::x : 0x7fdd7ec07010
60_TGAMMA::y : 0x7fdd7be40010
60_TGAMMA::x : 0x7fdd787e0010
60_TGAMMA::y : 0x7fdd75a19010
24_POW::a : 0x7fddc08e4010
24_POW::b : 0x7fddb51c8010
24_POW::y : 0x7fdd6a2fd010
84_SUM::x : 0x7fdd4221e010
48_SQRTX::x : 0x7fdd9e391010
60_COPY::x : 0x7fdd819cd010
60_COPY::y : 0x7fdd2585a010
36_POW::a : 0x7fdd59054010
36_POW::b : 0x7fdd47dab010
36_POW::y : 0x7fdd145b1010
48_ERF::x : 0x7fddb51c9010
48_ERF::y : 0x7fdcfd77a010
12_POW::a : 0x7fddaf63b010
12_POW::b : 0x7fdda9aad010
12_POW::y : 0x7fdda3f1f010
120_TGAMMA::x : 0x7fddaf63b010
120_TGAMMA::y : 0x7fdda9aad010
60_XPY::x : 0x7fdd8d0e9010
60_XPY::y : 0x7fdd2b3e7010
36_DOT::x : 0x7fddbad57010
36_DOT::y : 0x7fdd7be40010
12_SQRTX::x : 0x7fddb51c9010
12_ERF::x : 0x7fddb51c9010
12_ERF::y : 0x7fdd75a19010
12_POW::a : 0x7fddb51c9010
12_POW::b : 0x7fdd75a19010
12_POW::y : 0x7fdd6fe8b010
36_DOT::x : 0x7fddbad57010
36_DOT::y : 0x7fdd7be40010
60_XPY::x : 0x7fdd534c7010
60_XPY::y : 0x7fdd0ea23010
84_SUM::x : 0x7fdd8d0ea010
84_SUM::x : 0x7fdd2b3e8010
120_TGAMMA::x : 0x7fddc6472010
120_TGAMMA::y : 0x7fddc08e4010
84_DOT::x : 0x7fdd98805010
84_DOT::y : 0x7fdce6944010
84_SUM::x : 0x7fdd2b3e8010
60_COPY::x : 0x7fdd7be41010
60_COPY::y : 0x7fdd5ebe3010
84_COPY::x : 0x7fdd36b04010
84_COPY::y : 0x7fdd0ea25010
108_SUM::x : 0x7fdcb314a010
24_POW::a : 0x7fddc08e4010
24_POW::b : 0x7fddb51c8010
24_POW::y : 0x7fdda9aac010
36_DOT::x : 0x7fdd98803010
36_DOT::y : 0x7fdd8755a010
108_SUM::x : 0x7fdcdb22b010
60_COPY::x : 0x7fddaf63c010
60_COPY::y : 0x7fdd5ebe3010
108_SUM::x : 0x7fdd7be42010
48_SQRTX::x : 0x7fdd47dac010
12_TGAMMA::x : 0x7fddd4000da0
12_TGAMMA::y : 0x7fddd49289b0
84_DOT::x : 0x7fdd1fccd010
84_DOT::y : 0x7fdcf7bee010
120_TGAMMA::x : 0x7fdd59055010
120_TGAMMA::y : 0x7fdd534c7010
12_ERF::x : 0x7fdda9aae010
12_ERF::y : 0x7fdda3f20010
60_XPY::x : 0x7fddaf63c010
60_XPY::y : 0x7fdd8755c010
36_POW::a : 0x7fdd6a2fe010
36_POW::b : 0x7fdce6945010
36_POW::y : 0x7fdcd569c010
12_POW::a : 0x7fdda9aae010
12_POW::b : 0x7fdda3f20010
12_POW::y : 0x7fdd819ce010
12_TGAMMA::x : 0x7fddd4000da0
12_TGAMMA::y : 0x7fddd49289b0
36_DOT::x : 0x7fdd59055010
36_DOT::y : 0x7fdd47dac010
84_SUM::x : 0x7fdda3f21010
48_XPY::x : 0x7fdd8d0ea010
48_XPY::y : 0x7fdd30f75010
48_SQRTX::x : 0x7fdd1a13e010
84_SUM::x : 0x7fdd534c8010
12_POW::a : 0x7fddc6472010
12_POW::b : 0x7fddc08e4010
12_POW::y : 0x7fddbad56010
12_POW::a : 0x7fddb51c8010
12_POW::b : 0x7fddaf63a010
12_POW::y : 0x7fdda9aac010
108_SUM::x : 0x7fdce6944010
36_DOT::x : 0x7fddbad57010
36_DOT::y : 0x7fdd98803010
108_SUM::x : 0x7fdd47dad010
48_ERF::x : 0x7fdd819cc010
48_ERF::y : 0x7fdd30f76010
84_SUM::x : 0x7fdda3f21010
60_COPY::x : 0x7fdd145b2010
60_COPY::y : 0x7fdcf7bee010
60_COPY::x : 0x7fdd5ebe3010
60_COPY::y : 0x7fdcdb22a010
48_ERF::x : 0x7fddb51c9010
48_ERF::y : 0x7fdd9e392010
12_ERF::x : 0x7fdd98804010
12_ERF::y : 0x7fdd92c76010
12_TGAMMA::x : 0x7fddd4000da0
12_TGAMMA::y : 0x7fddd49289b0
60_COPY::x : 0x7fdd819ce010
60_COPY::y : 0x7fdd4221f010
108_SUM::x : 0x7fdd0ea25010
12_TGAMMA::x : 0x185f420
12_TGAMMA::y : 0x2187030
84_DOT::x : 0x7fdda3f21010
84_DOT::y : 0x7fdcb314b010
60_COPY::x : 0x7fdd5ebe3010
60_COPY::y : 0x7fdcf2061010
12_SQRTX::x : 0x7fdd9e393010
36_DOT::x : 0x7fdd30f76010
36_DOT::y : 0x7fdd1fccd010
12_TGAMMA::x : 0x7fddd4000da0
12_TGAMMA::y : 0x7fddd49289b0
84_SUM::x : 0x7fdd7be42010
60_XPY::x : 0x7fddaf63c010
60_XPY::y : 0x7fdd4221f010
84_SUM::x : 0x7fdcf7bee010
12_POW::a : 0x7fdda9aae010
12_POW::b : 0x7fdd75a19010
12_POW::y : 0x7fdd6fe8b010
60_COPY::x : 0x7fdd8d0ea010
60_COPY::y : 0x7fdd2585b010
120_TGAMMA::x : 0x7fdda9aae010
120_TGAMMA::y : 0x7fdd8755c010
48_XPY::x : 0x7fdd64770010
48_XPY::y : 0x7fdd0ea24010
84_DOT::x : 0x7fdce6945010
84_DOT::y : 0x7fdcbe866010
60_TGAMMA::x : 0x7fddc9239010
60_TGAMMA::y : 0x7fddc6472010
12_POW::a : 0x7fddc08e4010
12_POW::b : 0x7fddbad56010
12_POW::y : 0x7fddb51c8010
60_TGAMMA::x : 0x7fddb2401010
60_TGAMMA::y : 0x7fddaf63a010
12_SQRTX::x : 0x7fddc6472010
12_TGAMMA::x : 0x7fddd00017d0
12_TGAMMA::y : 0x7fddd09293e0
84_SUM::x : 0x7fdd8755b010
  итерация 1: 1259336 ms
48_SQRTX::x : 0x7fddb51c9010
48_SQRTX::x : 0x7fdd7be3e010
24_POW::a : 0x7fdda9aad010
24_POW::b : 0x7fdd9e391010
24_POW::y : 0x7fdd92c75010
60_COPY::x : 0x7fdd5ebe3010
60_COPY::y : 0x7fdd4221f010
60_TGAMMA::x : 0x7fddc9239010
60_TGAMMA::y : 0x7fddc6472010
12_TGAMMA::x : 0x7fddcc000be0
12_TGAMMA::y : 0x7fddcc9287f0
60_XPY::x : 0x7fdd2585b010
60_XPY::y : 0x7fdd08e97010
48_ERF::x : 0x7fddaf63b010
48_ERF::y : 0x7fdd98804010
12_TGAMMA::x : 0x7fddd4000da0
12_TGAMMA::y : 0x7fddd49289b0
120_TGAMMA::x : 0x7fddc6472010
120_TGAMMA::y : 0x7fdd92c76010
84_SUM::x : 0x7fdd534c8010
84_COPY::x : 0x7fdd2b3e9010
84_COPY::y : 0x7fdd0330a010
12_POW::a : 0x7fddc08e4010
12_POW::b : 0x7fddbad56010
12_POW::y : 0x7fddb51c8010
48_SQRTX::x : 0x7fdd9e391010
60_COPY::x : 0x7fdd5ebe3010
60_COPY::y : 0x7fdce6946010
12_POW::a : 0x7fddc6472010
12_POW::b : 0x7fddc08e4010
12_POW::y : 0x7fddbad56010
84_SUM::x : 0x7fdcbe867010
60_TGAMMA::x : 0x7fddc9239010
60_TGAMMA::y : 0x7fddc6472010
12_POW::a : 0x7fddc08e4010
12_POW::b : 0x7fddbad56010
12_POW::y : 0x7fddb51c8010
48_SQRTX::x : 0x7fdd9e391010
108_SUM::x : 0x7fdd47dad010
48_SQRTX::x : 0x7fdd8755a010
48_SQRTX::x : 0x7fddb51c9010
36_POW::a : 0x7fdda3f20010
36_POW::b : 0x7fdd36b04010
36_POW::y : 0x7fdd2585b010
132_SUM::x : 0x7fdce6946010
48_SQRTX::x : 0x7fdd8d0e9010
12_SQRTX::x : 0x7fddc6472010
84_SUM::x : 0x7fdd534c8010
84_COPY::x : 0x7fdd7be41010
84_COPY::y : 0x7fdcbe867010
84_DOT::x : 0x7fdcfd77c010
84_DOT::y : 0x7fdc96788010
48_SQRTX::x : 0x7fddb51c9010
60_COPY::x : 0x7fdd5ebe3010
60_COPY::y : 0x7fdc79dc4010
60_COPY::x : 0x7fddaf63c010
60_COPY::y : 0x7fdd4221f010
84_DOT::x : 0x7fdd1a140010
84_DOT::y : 0x7fdcf2061010
60_COPY::x : 0x7fdd5ebe3010
60_COPY::y : 0x7fdca1ea3010
60_XPY::x : 0x7fdd92c78010
60_XPY::y : 0x7fdcd569d010
84_DOT::x : 0x7fdc79dc4010
84_DOT::y : 0x7fdc51ce5010
60_TGAMMA::x : 0x7fddc9239010
60_TGAMMA::y : 0x7fddc6472010
60_COPY::x : 0x7fdd5ebe3010
60_COPY::y : 0x7fdd4221f010
12_TGAMMA::x : 0x185f420
12_TGAMMA::y : 0x2187030
60_COPY::x : 0x7fdda9aae010
60_COPY::y : 0x7fdd8d0ea010
36_POW::a : 0x7fdd7be41010
36_POW::b : 0x7fdd30f76010
36_POW::y : 0x7fdd1fccd010
12_TGAMMA::x : 0x7fddcc000be0
12_TGAMMA::y : 0x7fddcc9287f0
36_DOT::x : 0x7fdd0ea24010
36_DOT::y : 0x7fdcfd77b010
108_SUM::x : 0x7fdd47dad010
12_TGAMMA::x : 0x7fddcc000be0
12_TGAMMA::y : 0x7fddcc9287f0
36_DOT::x : 0x7fddbad57010
36_DOT::y : 0x7fdda9aae010
60_TGAMMA::x : 0x7fdda6ce7010
60_TGAMMA::y : 0x7fdda3f20010
108_SUM::x : 0x7fdd145b3010
60_XPY::x : 0x7fdd8755c010
60_XPY::y : 0x7fdd5ebe3010
84_SUM::x : 0x7fdcec4d4010
60_COPY::x : 0x7fddaf63c010
60_COPY::y : 0x7fdccfb10010
60_XPY::x : 0x7fdcf7bef010
60_XPY::y : 0x7fdcb314c010
36_DOT::x : 0x7fdd4d93a010
36_DOT::y : 0x7fdd3c691010
108_SUM::x : 0x7fdd7be42010
60_COPY::x : 0x7fdd5ebe3010
60_COPY::y : 0x7fdd4221f010
120_TGAMMA::x : 0x7fddc6472010
120_TGAMMA::y : 0x7fddc08e4010
12_POW::a : 0x7fddbad56010
12_POW::b : 0x7fddb51c8010
12_POW::y : 0x7fdd3c691010
12_POW::a : 0x7fddaf63a010
12_POW::b : 0x7fdda9aac010
12_POW::y : 0x7fdda3f1e010
84_SUM::x : 0x7fdd7be3f010
60_XPY::x : 0x7fdd5ebe3010
60_XPY::y : 0x7fdd4221f010
48_SQRTX::x : 0x7fdda9aad010
12_ERF::x : 0x7fddc6472010
12_ERF::y : 0x7fddc08e4010
36_POW::a : 0x7fdd98804010
36_POW::b : 0x7fdd8755b010
36_POW::y : 0x7fdd30f76010
48_ERF::x : 0x7fdd1a13f010
48_ERF::y : 0x7fdd03308010
84_DOT::x : 0x7fdcdb229010
84_DOT::y : 0x7fdcb314a010
132_SUM::x : 0x7fdc74235010
48_ERF::x : 0x7fddb51c9010
48_ERF::y : 0x7fdd9e392010
24_POW::a : 0x7fdd92c76010
24_POW::b : 0x7fdd8755a010
24_POW::y : 0x7fdd7be3e010
12_TGAMMA::x : 0x7fddd00017d0
12_TGAMMA::y : 0x7fddd09293e0
36_DOT::x : 0x7fdd6a2fe010
36_DOT::y : 0x7fdd59055010
84_SUM::x : 0x7fdd30f76010
12_SQRTX::x : 0x7fdd98804010
12_POW::a : 0x7fddc6472010
12_POW::b : 0x7fddc08e4010
12_POW::y : 0x7fddbad56010
48_ERF::x : 0x7fdda3f1f010
48_ERF::y : 0x7fdd8d0e8010
60_TGAMMA::x : 0x7fdd8a321010
60_TGAMMA::y : 0x7fdd8755a010
108_SUM::x : 0x7fdd47dad010
12_ERF::x : 0x7fddc6472010
12_ERF::y : 0x7fddc08e4010
36_DOT::x : 0x7fddbad57010
36_DOT::y : 0x7fdd36b04010
12_TGAMMA::x : 0x7fddd4000da0
12_TGAMMA::y : 0x7fddd49289b0
12_SQRTX::x : 0x7fdd8755a010
36_DOT::x : 0x7fdd6a2fe010
36_DOT::y : 0x7fdd59055010
120_TGAMMA::x : 0x7fdd8755a010
120_TGAMMA::y : 0x7fdd819cc010
36_DOT::x : 0x7fdda9aae010
36_DOT::y : 0x7fdd98805010
12_ERF::x : 0x7fddc6472010
12_ERF::y : 0x7fddc08e4010
108_SUM::x : 0x7fdd47dad010
84_SUM::x : 0x7fdd1fcce010
12_POW::a : 0x7fddc6472010
12_POW::b : 0x7fddc08e4010
12_POW::y : 0x7fddbad56010
84_SUM::x : 0x7fdd92c77010
120_TGAMMA::x : 0x7fdd8d0e9010
120_TGAMMA::y : 0x7fdd7be3e010
84_DOT::x : 0x7fdd534c8010
84_DOT::y : 0x7fdd2b3e9010
84_SUM::x : 0x7fdd0330a010
48_XPY::x : 0x7fddb51c9010
48_XPY::y : 0x7fdd9e392010
12_POW::a : 0x7fdd98804010
12_POW::b : 0x7fdd8755b010
12_POW::y : 0x7fdd819cd010
12_SQRTX::x : 0x7fdd75a19010
48_XPY::x : 0x7fdd64770010
48_XPY::y : 0x7fdd4d939010
84_SUM::x : 0x7fdd2585a010
108_SUM::x : 0x7fdcf2060010
60_XPY::x : 0x7fddaf63c010
60_XPY::y : 0x7fdd92c78010
84_SUM::x : 0x7fdd2585a010
  итерация 2: 1242763 ms
12_TGAMMA::x : 0x185f420
12_TGAMMA::y : 0x2187030
48_SQRTX::x : 0x7fddb51c9010
48_SQRTX::x : 0x7fdd9e392010
84_DOT::x : 0x7fdd534c8010
84_DOT::y : 0x7fdd2b3e9010
48_SQRTX::x : 0x7fdd8755b010
12_SQRTX::x : 0x7fddaf63b010
60_TGAMMA::x : 0x7fddc9239010
60_TGAMMA::y : 0x7fddc6472010
12_TGAMMA::x : 0x7fddd4000da0
12_TGAMMA::y : 0x7fddd49289b0
24_POW::a : 0x7fddbad56010
24_POW::b : 0x7fdda3f1f010
24_POW::y : 0x7fdd98803010
60_COPY::x : 0x7fdd7be3f010
60_COPY::y : 0x7fdd0ea25010
48_SQRTX::x : 0x7fdd64770010
48_SQRTX::x : 0x7fdd4d939010
84_SUM::x : 0x7fdda3f21010
60_COPY::x : 0x7fdd30f75010
60_COPY::y : 0x7fdcf2061010
60_XPY::x : 0x7fdd5ebe3010
60_XPY::y : 0x7fdcd569d010
108_SUM::x : 0x7fdca1ea3010
84_SUM::x : 0x7fdda3f21010
48_SQRTX::x : 0x7fddb51c9010
132_SUM::x : 0x7fdc96788010
12_POW::a : 0x7fddaf63b010
12_POW::b : 0x7fdda9aad010
12_POW::y : 0x7fdda3f1f010
48_SQRTX::x : 0x7fdd8d0e8010
60_XPY::x : 0x7fdd5ebe3010
60_XPY::y : 0x7fdd4221f010
60_COPY::x : 0x7fddaf63c010
60_COPY::y : 0x7fdd2585b010
12_POW::a : 0x7fdda9aae010
12_POW::b : 0x7fdda3f20010
12_POW::y : 0x7fdd8755a010
48_ERF::x : 0x7fdd8d0e9010
48_ERF::y : 0x7fdd0ea24010
36_POW::a : 0x7fdd7be40010
36_POW::b : 0x7fdcfd77b010
36_POW::y : 0x7fdcec4d2010
36_DOT::x : 0x7fdd6a2fe010
36_DOT::y : 0x7fdd59055010
12_POW::a : 0x7fddc6472010
12_POW::b : 0x7fddc08e4010
12_POW::y : 0x7fddbad56010
12_TGAMMA::x : 0x7fddd00017d0
12_TGAMMA::y : 0x7fddd09293e0
120_TGAMMA::x : 0x7fddb51c8010
120_TGAMMA::y : 0x7fddaf63a010
60_TGAMMA::x : 0x7fddac873010
60_TGAMMA::y : 0x7fdda9aac010
108_SUM::x : 0x7fdd47dad010
12_POW::a : 0x7fddc6472010
12_POW::b : 0x7fddc08e4010
12_POW::y : 0x7fddbad56010
84_SUM::x : 0x7fdd8755b010
84_COPY::x : 0x7fdd1fcce010
84_COPY::y : 0x7fdcf7bef010
120_TGAMMA::x : 0x7fddc6472010
120_TGAMMA::y : 0x7fddc08e4010
120_TGAMMA::x : 0x7fddbad56010
120_TGAMMA::y : 0x7fddb51c8010
12_ERF::x : 0x7fddaf63a010
12_ERF::y : 0x7fdda9aac010
60_XPY::x : 0x7fdd98804010
60_XPY::y : 0x7fdd7be40010
60_XPY::x : 0x7fdd5ebe3010
60_XPY::y : 0x7fdd4221f010
48_ERF::x : 0x7fdd2b3e8010
48_ERF::y : 0x7fdd145b1010
12_POW::a : 0x7fddc6472010
12_POW::b : 0x7fddc08e4010
12_POW::y : 0x7fddbad56010
36_DOT::x : 0x7fdda9aad010
36_DOT::y : 0x7fdd98804010
36_POW::a : 0x7fddbad57010
36_POW::b : 0x7fdd8755b010
36_POW::y : 0x7fdd03308010
84_COPY::x : 0x7fdcdb229010
84_COPY::y : 0x7fdcb314a010
12_ERF::x : 0x7fddb51c9010
12_ERF::y : 0x7fddaf63b010
36_DOT::x : 0x7fdd9e392010
36_DOT::y : 0x7fdd6a2fe010
60_XPY::x : 0x7fdd4d93a010
60_XPY::y : 0x7fdd30f76010
36_DOT::x : 0x7fdda9aae010
36_DOT::y : 0x7fdd98805010
108_SUM::x : 0x7fdc7f950010
60_TGAMMA::x : 0x7fddc9239010
60_TGAMMA::y : 0x7fddc6472010
12_POW::a : 0x7fddc08e4010
12_POW::b : 0x7fddbad56010
12_POW::y : 0x7fddb51c8010
84_SUM::x : 0x7fdd8d0e9010
48_SQRTX::x : 0x7fdd64770010
48_SQRTX::x : 0x7fdd4d939010
12_TGAMMA::x : 0x7fddd4000da0
12_TGAMMA::y : 0x7fddd49289b0
108_SUM::x : 0x7fdd1a13f010
132_SUM::x : 0x7fdd8d0eb010
12_SQRTX::x : 0x7fdd8755d010
36_DOT::x : 0x7fdd6a2fe010
36_DOT::y : 0x7fdd59055010
24_POW::a : 0x7fdd819cf010
24_POW::b : 0x7fdd4d939010
24_POW::y : 0x7fdd0ea23010
36_DOT::x : 0x7fdd3c690010
36_DOT::y : 0x7fdd2b3e7010
84_SUM::x : 0x7fdce6944010
84_DOT::x : 0x7fdda3f21010
84_DOT::y : 0x7fdcbe865010
108_SUM::x : 0x7fdd1a13f010
60_COPY::x : 0x7fdd8755d010
60_COPY::y : 0x7fdd5ebe3010
84_SUM::x : 0x7fdcf2060010
36_DOT::x : 0x7fdd4d93a010
36_DOT::y : 0x7fdd3c691010
36_POW::a : 0x7fdd2b3e8010
36_POW::b : 0x7fdd1a13f010
36_POW::y : 0x7fdd08e96010
12_POW::a : 0x7fddc6472010
12_POW::b : 0x7fddc08e4010
12_POW::y : 0x7fddbad56010
84_SUM::x : 0x7fdce0db7010
84_DOT::x : 0x7fdd92c77010
84_DOT::y : 0x7fdd534c8010
60_TGAMMA::x : 0x7fddc9239010
60_TGAMMA::y : 0x7fddc6472010
108_SUM::x : 0x7fdcd569c010
48_XPY::x : 0x7fdd7be40010
48_XPY::y : 0x7fdd3c691010
84_SUM::x : 0x7fdd145b2010
84_SUM::x : 0x7fdda3f21010
60_COPY::x : 0x7fdd5ebe3010
60_COPY::y : 0x7fdcf7bee010
12_TGAMMA::x : 0x185f420
12_TGAMMA::y : 0x2187030
84_DOT::x : 0x7fdda3f21010
84_DOT::y : 0x7fdd145b2010
60_COPY::x : 0x7fdcdb22a010
60_COPY::y : 0x7fdcbe866010
84_SUM::x : 0x7fdd7be42010
60_COPY::x : 0x7fdd8755d010
60_COPY::y : 0x7fdd4221f010
108_SUM::x : 0x7fdc8b06c010
84_SUM::x : 0x7fdda3f21010
48_XPY::x : 0x7fdd64770010
48_XPY::y : 0x7fdd2b3e8010
60_TGAMMA::x : 0x7fdd84796010
60_TGAMMA::y : 0x7fdd819cf010
120_TGAMMA::x : 0x7fddc6472010
120_TGAMMA::y : 0x7fddc08e4010
48_ERF::x : 0x7fdda9aad010
48_ERF::y : 0x7fdd92c76010
12_TGAMMA::x : 0x185f420
12_TGAMMA::y : 0x2187030
12_ERF::x : 0x7fdd8d0e8010
12_ERF::y : 0x7fdd7be41010
84_DOT::x : 0x7fdd534c8010
84_DOT::y : 0x7fdd2b3e9010
12_TGAMMA::x : 0x185f420
12_TGAMMA::y : 0x2187030
60_COPY::x : 0x7fdd0ea25010
60_COPY::y : 0x7fdcf2061010
12_SQRTX::x : 0x7fddbad56010
12_SQRTX::x : 0x7fddc6472010
60_COPY::x : 0x7fdd9e392010
60_COPY::y : 0x7fdd819ce010
12_POW::a : 0x7fddc6472010
12_POW::b : 0x7fddc08e4010
12_POW::y : 0x7fddbad56010
60_XPY::x : 0x7fdd5ebe3010
60_XPY::y : 0x7fdd4221f010
48_ERF::x : 0x7fdcdb22a010
48_ERF::y : 0x7fdcc43f3010
  итерация 3: 1274342 ms
48_SQRTX::x : 0x7fddb51c9010
84_COPY::x : 0x7fdd534c8010
84_COPY::y : 0x7fdd2b3e9010
36_POW::a : 0x7fdd8755c010
36_POW::b : 0x7fdd1a140010
36_POW::y : 0x7fdcec4d3010
60_COPY::x : 0x7fdd98805010
60_COPY::y : 0x7fdcfd77c010
48_SQRTX::x : 0x7fddb51c9010
48_SQRTX::x : 0x7fdd9e392010
84_SUM::x : 0x7fdd534c8010
48_SQRTX::x : 0x7fddb51c9010
48_SQRTX::x : 0x7fdd8755b010
12_POW::a : 0x7fddaf63b010
12_POW::b : 0x7fdda9aad010
12_POW::y : 0x7fdda3f1f010
60_XPY::x : 0x7fdd5ebe3010
60_XPY::y : 0x7fdd4221f010
12_POW::a : 0x7fddc6472010
12_POW::b : 0x7fddc08e4010
12_POW::y : 0x7fddbad56010
60_COPY::x : 0x7fdd8755b010
60_COPY::y : 0x7fdd2585b010
12_POW::a : 0x7fddb51c8010
12_POW::b : 0x7fddaf63a010
12_POW::y : 0x7fdda9aac010
48_SQRTX::x : 0x7fdd0ea24010
120_TGAMMA::x : 0x7fddc6472010
120_TGAMMA::y : 0x7fddc08e4010
36_DOT::x : 0x7fddaf63b010
36_DOT::y : 0x7fdd6a2fe010
12_TGAMMA::x : 0x7fddcc000be0
12_TGAMMA::y : 0x7fddcc9287f0
12_TGAMMA::x : 0x7fddcc000be0
12_TGAMMA::y : 0x7fddcc9287f0
48_SQRTX::x : 0x7fdd98804010
36_POW::a : 0x7fddaf63b010
36_POW::b : 0x7fdd8755b010
36_POW::y : 0x7fdd6a2fe010
36_DOT::x : 0x7fdd59055010
36_DOT::y : 0x7fdd47dac010
84_DOT::x : 0x7fdd1fccd010
84_DOT::y : 0x7fdcf7bee010
60_TGAMMA::x : 0x7fddc9239010
60_TGAMMA::y : 0x7fddc6472010
108_SUM::x : 0x7fdcc43f4010
36_DOT::x : 0x7fdd9e392010
36_DOT::y : 0x7fdd59055010
132_SUM::x : 0x7fdc854df010
60_TGAMMA::x : 0x7fddc9239010
60_TGAMMA::y : 0x7fddc6472010
24_POW::a : 0x7fddbad56010
24_POW::b : 0x7fdd92c76010
24_POW::y : 0x7fdd8755a010
60_XPY::x : 0x7fdd9e392010
60_XPY::y : 0x7fdd5ebe3010
132_SUM::x : 0x7fdd1fcce010
12_TGAMMA::x : 0x7fddd4000da0
12_TGAMMA::y : 0x7fddd49289b0
60_XPY::x : 0x7fdd819ce010
60_XPY::y : 0x7fdd0330a010
48_SQRTX::x : 0x7fdcec4d3010
48_ERF::x : 0x7fddb51c9010
48_ERF::y : 0x7fdd9e392010
84_SUM::x : 0x7fdd534c8010
60_XPY::x : 0x7fdd36b04010
60_XPY::y : 0x7fdce6946010
48_ERF::x : 0x7fdd8755b010
48_ERF::y : 0x7fdd1fccd010
84_COPY::x : 0x7fdd534c8010
84_COPY::y : 0x7fdcbe867010
12_TGAMMA::x : 0x7fddcc000be0
12_TGAMMA::y : 0x7fddcc9287f0
108_SUM::x : 0x7fdc8b06d010
108_SUM::x : 0x7fdcec4d3010
36_DOT::x : 0x7fddbad57010
36_DOT::y : 0x7fdda9aae010
108_SUM::x : 0x7fdd1fcce010
60_COPY::x : 0x7fddaf63c010
60_COPY::y : 0x7fdd92c78010
12_ERF::x : 0x7fdd8d0ea010
12_ERF::y : 0x7fdd8755c010
12_POW::a : 0x7fdd819ce010
12_POW::b : 0x7fdd7be40010
12_POW::y : 0x7fdd75a19010
84_SUM::x : 0x7fdd4d93a010
12_SQRTX::x : 0x7fdd8d0ea010
108_SUM::x : 0x7fdd1a140010
12_POW::a : 0x7fdd8d0ea010
12_POW::b : 0x7fdd8755c010
12_POW::y : 0x7fdd819ce010
120_TGAMMA::x : 0x7fdd7be40010
120_TGAMMA::y : 0x7fdd75a19010
84_SUM::x : 0x7fdd4d93a010
12_ERF::x : 0x7fddc6472010
12_ERF::y : 0x7fddc08e4010
36_DOT::x : 0x7fddaf63b010
36_DOT::y : 0x7fdd9e392010
84_SUM::x : 0x7fdd2585b010
120_TGAMMA::x : 0x7fddc6472010
120_TGAMMA::y : 0x7fddc08e4010
60_COPY::x : 0x7fdd819ce010
60_COPY::y : 0x7fdd59055010
36_DOT::x : 0x7fddaf63b010
36_DOT::y : 0x7fdd9e392010
12_SQRTX::x : 0x7fdd7be40010
60_XPY::x : 0x7fdd3c691010
60_XPY::y : 0x7fdd1fccd010
84_DOT::x : 0x7fdcf7bee010
84_DOT::y : 0x7fdccfb0f010
60_TGAMMA::x : 0x7fddc9239010
60_TGAMMA::y : 0x7fddc6472010
36_POW::a : 0x7fddb51c9010
36_POW::b : 0x7fdda3f20010
36_POW::y : 0x7fdd92c77010
12_SQRTX::x : 0x7fdd8d0e9010
84_SUM::x : 0x7fdd534c8010
108_SUM::x : 0x7fdd1fcce010
48_SQRTX::x : 0x7fdd7be40010
36_DOT::x : 0x7fdd6a2fe010
36_DOT::y : 0x7fdd59055010
48_ERF::x : 0x7fddb51c9010
48_ERF::y : 0x7fdd9e392010
84_SUM::x : 0x7fdd30f76010
60_COPY::x : 0x7fdd5ebe3010
60_COPY::y : 0x7fdd145b2010
60_COPY::x : 0x7fdd819ce010
60_COPY::y : 0x7fdcf7bee010
84_SUM::x : 0x7fdd36b04010
24_POW::a : 0x7fddc08e4010
24_POW::b : 0x7fddb51c8010
24_POW::y : 0x7fdda9aac010
60_XPY::x : 0x7fdd4221f010
60_XPY::y : 0x7fdcdb22a010
12_TGAMMA::x : 0x7fddd00017d0
12_TGAMMA::y : 0x7fddd09293e0
48_XPY::x : 0x7fdd92c75010
48_XPY::y : 0x7fdd7be3e010
48_ERF::x : 0x7fdd64770010
48_ERF::y : 0x7fdd2b3e8010
60_TGAMMA::x : 0x7fddc9239010
60_TGAMMA::y : 0x7fddc6472010
84_DOT::x : 0x7fdd03309010
84_DOT::y : 0x7fdcb314b010
12_POW::a : 0x7fddc6472010
12_POW::b : 0x7fddc08e4010
12_POW::y : 0x7fddbad56010
84_SUM::x : 0x7fdd92c77010
60_COPY::x : 0x7fdd5ebe3010
60_COPY::y : 0x7fdd4221f010
12_POW::a : 0x7fddc6472010
12_POW::b : 0x7fddc08e4010
12_POW::y : 0x7fddbad56010
84_DOT::x : 0x7fdd92c77010
84_DOT::y : 0x7fdcdb22a010
120_TGAMMA::x : 0x7fddc6472010
120_TGAMMA::y : 0x7fddc08e4010
60_COPY::x : 0x7fdd2585b010
60_COPY::y : 0x7fdd08e97010
60_TGAMMA::x : 0x7fddbdb1d010
60_TGAMMA::y : 0x7fddbad56010
12_POW::a : 0x7fdd8d0e9010
12_POW::b : 0x7fdd8755b010
12_POW::y : 0x7fdd819cd010
12_TGAMMA::x : 0x7fddcc000be0
12_TGAMMA::y : 0x7fddcc9287f0
108_SUM::x : 0x7fdd47dad010
12_TGAMMA::x : 0x185f420
12_TGAMMA::y : 0x2187030
48_XPY::x : 0x7fddb51c9010
48_XPY::y : 0x7fdd9e392010
60_COPY::x : 0x7fdd2b3e9010
60_COPY::y : 0x7fdd0ea25010
84_SUM::x : 0x7fdce6946010
84_DOT::x : 0x7fdd534c8010
84_DOT::y : 0x7fdcbe867010
12_SQRTX::x : 0x7fdd98804010
12_ERF::x : 0x7fddc6472010
12_ERF::y : 0x7fddc08e4010
84_SUM::x : 0x7fdd98805010
  итерация 4: 1270261 ms
  среднее по 5 итерациям: 1258299 ms
=== Выполняется проект: no_po_12.txt (100 работ) ===
60_TGAMMA::x : 0x7fddc36ab010
60_TGAMMA::y : 0x7fdd8d0e9010
12_ERF::x : 0x7fddc6472010
12_ERF::y : 0x7fdd8755b010
48_ERF::x : 0x7fddac874010
48_ERF::y : 0x7fdd64770010
60_COPY::x : 0x7fdd8feb0010
60_COPY::y : 0x7fdd47dac010
132_SUM::x : 0x7fdd08e97010
48_XPY::x : 0x7fdcf2060010
48_XPY::y : 0x7fdcdb229010
12_POW::a : 0x7fddc6472010
12_POW::b : 0x7fdda6ce6010
12_POW::y : 0x7fdda1158010
36_DOT::x : 0x7fddb51c9010
36_DOT::y : 0x7fdd8feaf010
36_POW::a : 0x7fdd7ec06010
36_POW::b : 0x7fdd6a2fe010
36_POW::y : 0x7fdd59055010
84_DOT::x : 0x7fdd30f76010
84_DOT::y : 0x7fdd08e97010
132_SUM::x : 0x7fdcc9f82010
60_XPY::x : 0x7fddaf63c010
60_XPY::y : 0x7fdd92c78010
36_POW::a : 0x7fdcf7bee010
36_POW::b : 0x7fdce6945010
36_POW::y : 0x7fdcd569c010
60_XPY::x : 0x7fdd5ebe3010
60_XPY::y : 0x7fdcb8cd8010
12_SQRTX::x : 0x7fdd8d0ea010
12_ERF::x : 0x7fdd8d0ea010
12_ERF::y : 0x7fdd8755c010
48_ERF::x : 0x7fddb51c9010
48_ERF::y : 0x7fdd9e392010
12_POW::a : 0x7fdd98804010
12_POW::b : 0x7fdd92c76010
12_POW::y : 0x7fdd8d0e8010
132_SUM::x : 0x7fdd1fcce010
12_POW::a : 0x7fdd98804010
12_POW::b : 0x7fdd92c76010
12_POW::y : 0x7fdd8d0e8010
12_ERF::x : 0x7fdd8755a010
12_ERF::y : 0x7fdd819cc010
36_POW::a : 0x7fddbad57010
36_POW::b : 0x7fdda9aae010
36_POW::y : 0x7fdd6a2fe010
24_ERF::x : 0x7fdd9e392010
24_ERF::y : 0x7fdd819cc010
12_ERF::x : 0x7fdd98804010
12_ERF::y : 0x7fdd92c76010
60_XPY::x : 0x7fdd0330a010
60_XPY::y : 0x7fdce6946010
84_DOT::x : 0x7fdd4221f010
84_DOT::y : 0x7fdcbe867010
24_ERF::x : 0x7fdd9e392010
24_ERF::y : 0x7fdd92c76010
12_ERF::x : 0x7fdda3f20010
12_ERF::y : 0x7fdd9e392010
60_TGAMMA::x : 0x7fddc9239010
60_TGAMMA::y : 0x7fddc6472010
48_SQRTX::x : 0x7fddaf63b010
12_ERF::x : 0x7fdda9aad010
12_ERF::y : 0x7fdda3f1f010
48_XPY::x : 0x7fdd8d0e8010
48_XPY::y : 0x7fdd2b3e8010
36_POW::a : 0x7fdd7be3f010
36_POW::b : 0x7fdd6a2fe010
36_POW::y : 0x7fdd59055010
12_TGAMMA::x : 0x7fddd4000da0
12_TGAMMA::y : 0x7fddd49289b0
48_SQRTX::x : 0x7fdd145b1010
48_SQRTX::x : 0x7fddb51c9010
12_POW::a : 0x7fddaf63b010
12_POW::b : 0x7fdda9aad010
12_POW::y : 0x7fdda3f1f010
36_DOT::x : 0x7fdd92c76010
36_DOT::y : 0x7fdd47dac010
48_SQRTX::x : 0x7fddb51c9010
60_COPY::x : 0x7fdd5ebe3010
60_COPY::y : 0x7fdd2b3e8010
36_POW::a : 0x7fdda3f20010
36_POW::b : 0x7fdd819cd010
36_POW::y : 0x7fdd1a13f010
60_XPY::x : 0x7fdcfd77b010
60_XPY::y : 0x7fdce0db7010
120_TGAMMA::x : 0x7fddc6472010
120_TGAMMA::y : 0x7fddc08e4010
12_POW::a : 0x7fddbad56010
12_POW::b : 0x7fdd9e392010
12_POW::y : 0x7fdd98804010
84_DOT::x : 0x7fdd534c8010
84_DOT::y : 0x7fdd2b3e9010
120_TGAMMA::x : 0x7fddb51c8010
120_TGAMMA::y : 0x7fddaf63a010
108_SUM::x : 0x7fdcf7bef010
120_TGAMMA::x : 0x7fddc6472010
120_TGAMMA::y : 0x7fddc08e4010
48_SQRTX::x : 0x7fdd98803010
48_SQRTX::x : 0x7fdd819cc010
84_SUM::x : 0x7fdd534c8010
24_POW::a : 0x7fddc08e4010
24_POW::b : 0x7fddb51c8010
24_POW::y : 0x7fdd47dac010
12_SQRTX::x : 0x7fddaf63a010
84_DOT::x : 0x7fdd534c8010
84_DOT::y : 0x7fdd1fccd010
12_TGAMMA::x : 0x7fddcc000be0
12_TGAMMA::y : 0x7fddcc9287f0
120_TGAMMA::x : 0x7fddaf63a010
120_TGAMMA::y : 0x7fdda9aac010
108_SUM::x : 0x7fdcec4d3010
120_TGAMMA::x : 0x7fddc6472010
120_TGAMMA::y : 0x7fddc08e4010
60_TGAMMA::x : 0x7fddbdb1d010
60_TGAMMA::y : 0x7fddbad56010
12_SQRTX::x : 0x7fddb51c8010
84_DOT::x : 0x7fdd819cd010
84_DOT::y : 0x7fdd534c8010
132_SUM::x : 0x7fdd145b3010
60_TGAMMA::x : 0x7fddbdb1d010
60_TGAMMA::y : 0x7fddbad56010
12_TGAMMA::x : 0x7fddd00017d0
12_TGAMMA::y : 0x7fddd09293e0
84_DOT::x : 0x7fdcec4d4010
84_DOT::y : 0x7fdcc43f5010
12_TGAMMA::x : 0x7fddcc000be0
12_TGAMMA::y : 0x7fddcc9287f0
84_SUM::x : 0x7fdd2b3e9010
48_ERF::x : 0x7fddb51c9010
48_ERF::y : 0x7fdd9e392010
60_COPY::x : 0x7fdd819ce010
60_COPY::y : 0x7fdd5ebe3010
12_SQRTX::x : 0x7fdd7be40010
24_ERF::x : 0x7fdd534c7010
24_ERF::y : 0x7fdd47dab010
48_ERF::x : 0x7fdd30f74010
48_ERF::y : 0x7fdd1a13d010
48_XPY::x : 0x7fddb51c9010
48_XPY::y : 0x7fdd9e392010
24_POW::a : 0x7fdd92c76010
24_POW::b : 0x7fdd8755a010
24_POW::y : 0x7fdd7be3e010
120_TGAMMA::x : 0x7fdd75a19010
120_TGAMMA::y : 0x7fdd6fe8b010
84_COPY::x : 0x7fdd47dac010
84_COPY::y : 0x7fdcf205e010
12_SQRTX::x : 0x7fddc6472010
12_ERF::x : 0x7fddc08e4010
12_ERF::y : 0x7fddbad56010
60_TGAMMA::x : 0x7fddc9239010
60_TGAMMA::y : 0x7fddc6472010
120_TGAMMA::x : 0x7fddb51c8010
120_TGAMMA::y : 0x7fddaf63a010
12_POW::a : 0x7fddc08e4010
12_POW::b : 0x7fddbad56010
12_POW::y : 0x7fdda9aac010
60_COPY::x : 0x7fdd8d0e8010
60_COPY::y : 0x7fdd2b3e8010
60_XPY::x : 0x7fdcd569a010
60_XPY::y : 0x7fdcb8cd6010
24_POW::a : 0x7fddc08e4010
24_POW::b : 0x7fdd819cc010
24_POW::y : 0x7fdd6fe8b010
60_XPY::x : 0x7fdd534c7010
60_XPY::y : 0x7fdd0ea24010
48_ERF::x : 0x7fddb51c9010
48_ERF::y : 0x7fdcf7bed010
120_TGAMMA::x : 0x7fddaf63b010
120_TGAMMA::y : 0x7fdda9aad010
12_SQRTX::x : 0x7fdda3f1f010
24_ERF::x : 0x7fdd9e391010
24_ERF::y : 0x7fdd92c75010
84_SUM::x : 0x7fdd819ce010
84_SUM::x : 0x7fdd534c8010
132_SUM::x : 0x7fdd145b3010
48_XPY::x : 0x7fddb51c9010
48_XPY::y : 0x7fdcfd77c010
36_DOT::x : 0x7fdda3f20010
36_DOT::y : 0x7fdd92c77010
84_DOT::x : 0x7fdd534c8010
84_DOT::y : 0x7fdcd569d010
60_TGAMMA::x : 0x7fddb2402010
60_TGAMMA::y : 0x7fddaf63b010
60_TGAMMA::x : 0x7fddc9239010
60_TGAMMA::y : 0x7fddc6472010
60_TGAMMA::x : 0x7fddc36ab010
60_TGAMMA::y : 0x7fddc08e4010
24_ERF::x : 0x7fddb51c8010
24_ERF::y : 0x7fdda9aac010
24_POW::a : 0x7fdd9e390010
24_POW::b : 0x7fdd92c74010
24_POW::y : 0x7fdd87558010
  итерация 0: 1274375 ms
12_ERF::x : 0x7fddc6472010
12_ERF::y : 0x7fdd3c691010
12_POW::a : 0x7fddc08e4010
12_POW::b : 0x7fdd819ce010
12_POW::y : 0x7fdd7be40010
36_DOT::x : 0x7fdd8755c010
36_DOT::y : 0x7fdd4221f010
84_DOT::x : 0x7fdd98805010
84_DOT::y : 0x7fdd534c8010
48_ERF::x : 0x7fdd2b3e8010
48_ERF::y : 0x7fdd145b1010
24_ERF::x : 0x7fddc08e4010
24_ERF::y : 0x7fdd7be40010
60_COPY::x : 0x7fdcf7bed010
60_COPY::y : 0x7fdcdb229010
12_ERF::x : 0x7fddc6472010
12_ERF::y : 0x7fddc08e4010
12_ERF::x : 0x7fddbad56010
12_ERF::y : 0x7fddb51c8010
60_XPY::x : 0x7fdd98804010
60_XPY::y : 0x7fdd7be40010
12_ERF::x : 0x7fddc6472010
12_ERF::y : 0x7fddc08e4010
12_POW::a : 0x7fddbad56010
12_POW::b : 0x7fddb51c8010
12_POW::y : 0x7fdd75a19010
60_XPY::x : 0x7fdd59055010
60_XPY::y : 0x7fdd3c691010
120_TGAMMA::x : 0x7fddc6472010
120_TGAMMA::y : 0x7fddc08e4010
12_ERF::x : 0x7fddbad56010
12_ERF::y : 0x7fddb51c8010
12_POW::a : 0x7fddbad56010
12_POW::b : 0x7fddb51c8010
12_POW::y : 0x7fdd75a19010
132_SUM::x : 0x7fdcfd77c010
132_SUM::x : 0x7fdd819cf010
108_SUM::x : 0x7fdcc9f82010
60_TGAMMA::x : 0x7fddc9239010
60_TGAMMA::y : 0x7fddc6472010
36_POW::a : 0x7fdd6a2fe010
36_POW::b : 0x7fdd59055010
36_POW::y : 0x7fdd47dac010
36_POW::a : 0x7fddb51c9010
36_POW::b : 0x7fdda3f20010
36_POW::y : 0x7fdd92c77010
60_XPY::x : 0x7fdd2b3e8010
60_XPY::y : 0x7fdd0ea24010
36_DOT::x : 0x7fdd819ce010
36_DOT::y : 0x7fdcfd77b010
12_POW::a : 0x7fddc6472010
12_POW::b : 0x7fdd8d0e9010
12_POW::y : 0x7fdd8755b010
60_XPY::x : 0x7fdd5ebe3010
60_XPY::y : 0x7fdcf2060010
48_ERF::x : 0x7fdd7be40010
48_ERF::y : 0x7fdd47dac010
12_SQRTX::x : 0x7fddc6472010
132_SUM::x : 0x7fdcb314b010
48_SQRTX::x : 0x7fddb51c9010
120_TGAMMA::x : 0x7fddc6472010
120_TGAMMA::y : 0x7fddc08e4010
12_TGAMMA::x : 0x7fddd4000da0
12_TGAMMA::y : 0x7fddd49289b0
60_TGAMMA::x : 0x7fddbdb1d010
60_TGAMMA::y : 0x7fddbad56010
48_XPY::x : 0x7fdda3f1f010
48_XPY::y : 0x7fdd8d0e8010
84_DOT::x : 0x7fdd534c8010
84_DOT::y : 0x7fdd2b3e9010
84_DOT::x : 0x7fdd0330a010
84_DOT::y : 0x7fdcdb22b010
48_XPY::x : 0x7fdda9aad010
48_XPY::y : 0x7fdd92c76010
48_SQRTX::x : 0x7fdd7be3f010
108_SUM::x : 0x7fdd47dad010
48_SQRTX::x : 0x7fddb51c9010
84_DOT::x : 0x7fdd8d0ea010
84_DOT::y : 0x7fdcb314c010
24_ERF::x : 0x7fdd819ce010
24_ERF::y : 0x7fdd3c691010
36_POW::a : 0x7fdd6a2fe010
36_POW::b : 0x7fdd59055010
36_POW::y : 0x7fdd2b3e8010
24_POW::a : 0x7fddc08e4010
24_POW::b : 0x7fdd4d939010
24_POW::y : 0x7fdd1fccc010
12_TGAMMA::x : 0x185f4c0
12_TGAMMA::y : 0x21870d0
12_ERF::x : 0x7fddbad56010
12_ERF::y : 0x7fdd8755c010
12_ERF::x : 0x7fddbad56010
12_ERF::y : 0x7fdd8755c010
84_SUM::x : 0x7fdd92c77010
12_POW::a : 0x7fddbad56010
12_POW::b : 0x7fdd8d0e9010
12_POW::y : 0x7fdd8755b010
36_DOT::x : 0x7fdd47dac010
36_DOT::y : 0x7fdd1a13f010
48_ERF::x : 0x7fdd64770010
48_ERF::y : 0x7fdd30f75010
120_TGAMMA::x : 0x7fddc6472010
120_TGAMMA::y : 0x7fddc08e4010
60_XPY::x : 0x7fdda3f20010
60_XPY::y : 0x7fdd8755c010
36_POW::a : 0x7fdd534c7010
36_POW::b : 0x7fdd1fccc010
36_POW::y : 0x7fdd0ea23010
60_TGAMMA::x : 0x7fdd84795010
60_TGAMMA::y : 0x7fdd819ce010
36_POW::a : 0x7fdd6a2fe010
36_POW::b : 0x7fdd4221e010
36_POW::y : 0x7fdd30f75010
60_TGAMMA::x : 0x7fddc9239010
60_TGAMMA::y : 0x7fddc6472010
24_POW::a : 0x7fddbad56010
24_POW::b : 0x7fddaf63a010
24_POW::y : 0x7fdda3f1e010
12_SQRTX::x : 0x7fdd9e390010
60_XPY::x : 0x7fdd8755a010
60_XPY::y : 0x7fdd145b1010
132_SUM::x : 0x7fdcd569c010
120_TGAMMA::x : 0x7fddc6472010
120_TGAMMA::y : 0x7fddc08e4010
60_TGAMMA::x : 0x7fddbdb1d010
60_TGAMMA::y : 0x7fddbad56010
48_ERF::x : 0x7fdda3f1f010
48_ERF::y : 0x7fdd8d0e8010
84_DOT::x : 0x7fdd534c8010
84_DOT::y : 0x7fdd2b3e9010
12_POW::a : 0x7fddbad56010
12_POW::b : 0x7fdd8755a010
12_POW::y : 0x7fdd819cc010
24_ERF::x : 0x7fdd819cc010
24_ERF::y : 0x7fdd1fccd010
12_SQRTX::x : 0x7fddc6472010
132_SUM::x : 0x7fdce0db8010
60_COPY::x : 0x7fddaf63c010
60_COPY::y : 0x7fdd92c78010
48_XPY::x : 0x7fdd64770010
48_XPY::y : 0x7fdd4d939010
12_SQRTX::x : 0x7fdd8d0ea010
48_SQRTX::x : 0x7fdd7be41010
24_POW::a : 0x7fdd4221d010
24_POW::b : 0x7fdd36b01010
24_POW::y : 0x7fdd2b3e5010
84_COPY::x : 0x7fdd03306010
84_COPY::y : 0x7fdcdb227010
12_SQRTX::x : 0x7fdd8d0ea010
24_ERF::x : 0x7fddc08e4010
24_ERF::y : 0x7fddb51c8010
24_POW::a : 0x7fdda9aac010
24_POW::b : 0x7fdd9e390010
24_POW::y : 0x7fdd92c74010
60_TGAMMA::x : 0x7fdd8fead010
60_TGAMMA::y : 0x7fdd8d0e6010
48_SQRTX::x : 0x7fddb51c9010
60_COPY::x : 0x7fdd5ebe3010
60_COPY::y : 0x7fdd4221f010
120_TGAMMA::x : 0x7fddaf63b010
120_TGAMMA::y : 0x7fdda9aad010
48_XPY::x : 0x7fddb51c9010
48_XPY::y : 0x7fdd92c76010
48_ERF::x : 0x7fdd7be3f010
48_ERF::y : 0x7fdd2b3e8010
120_TGAMMA::x : 0x7fddaf63b010
120_TGAMMA::y : 0x7fdda9aad010
60_TGAMMA::x : 0x7fddc9239010
60_TGAMMA::y : 0x7fddc6472010
12_TGAMMA::x : 0x7fddcc000be0
12_TGAMMA::y : 0x7fddcc9287f0
48_SQRTX::x : 0x7fdd92c76010
120_TGAMMA::x : 0x7fddc08e4010
120_TGAMMA::y : 0x7fddbad56010
84_SUM::x : 0x7fdd534c8010
12_SQRTX::x : 0x7fddc6472010
120_TGAMMA::x : 0x7fddb51c8010
120_TGAMMA::y : 0x7fddaf63a010
84_DOT::x : 0x7fdd819ce010
84_DOT::y : 0x7fdd534c8010
60_COPY::x : 0x7fdd36b04010
60_COPY::y : 0x7fdd1a140010
84_DOT::x : 0x7fdcf2061010
84_DOT::y : 0x7fdcc9f82010
24_ERF::x : 0x7fddc08e4010
24_ERF::y : 0x7fdd47dac010
12_TGAMMA::x : 0x7fddd4000da0
12_TGAMMA::y : 0x7fddd49289b0
84_SUM::x : 0x7fdd8755b010
60_TGAMMA::x : 0x7fddbdb1d010
60_TGAMMA::y : 0x7fddbad56010
84_SUM::x : 0x7fdd534c8010
  итерация 1: 1231934 ms
12_ERF::x : 0x7fdd98804010
12_ERF::y : 0x7fdd7be3f010
12_POW::a : 0x7fdd819cd010
12_POW::b : 0x7fdd75a19010
12_POW::y : 0x7fdd6476f010
24_ERF::x : 0x7fddaf63b010
24_ERF::y : 0x7fdd6a2fd010
36_POW::a : 0x7fddbad57010
36_POW::b : 0x7fdd9e392010
36_POW::y : 0x7fdd8755b010
12_POW::a : 0x7fdd98804010
12_POW::b : 0x7fdd7be3f010
12_POW::y : 0x7fdd5ebe1010
12_SQRTX::x : 0x7fdd819cd010
48_XPY::x : 0x7fdd64770010
48_XPY::y : 0x7fdd47daa010
60_COPY::x : 0x7fdd2b3e6010
60_COPY::y : 0x7fdd0ea22010
132_SUM::x : 0x7fdccfb0d010
60_TGAMMA::x : 0x7fddc9239010
60_TGAMMA::y : 0x7fddc6472010
12_POW::a : 0x7fddc08e4010
12_POW::b : 0x7fddbad56010
12_POW::y : 0x7fddb51c8010
84_DOT::x : 0x7fdd8d0e9010
84_DOT::y : 0x7fdd534c8010
48_ERF::x : 0x7fdd3c691010
48_ERF::y : 0x7fdd2585a010
12_ERF::x : 0x7fddc6472010
12_ERF::y : 0x7fdd8755b010
12_ERF::x : 0x7fddc08e4010
12_ERF::y : 0x7fddbad56010
84_DOT::x : 0x7fdcfd77b010
84_DOT::y : 0x7fdcd569c010
60_XPY::x : 0x7fdcb8cd8010
60_XPY::y : 0x7fdc9c314010
48_SQRTX::x : 0x7fdd64770010
84_DOT::x : 0x7fdda3f21010
84_DOT::y : 0x7fdd7be42010
120_TGAMMA::x : 0x7fdd5ebe2010
120_TGAMMA::y : 0x7fdd59054010
132_SUM::x : 0x7fdd1a13f010
24_POW::a : 0x7fdd6fe8b010
24_POW::b : 0x7fdd0ea23010
24_POW::y : 0x7fdd03307010
12_ERF::x : 0x7fddc6472010
12_ERF::y : 0x7fddc08e4010
48_SQRTX::x : 0x7fddb51c9010
36_POW::a : 0x7fdda3f20010
36_POW::b : 0x7fdd92c77010
36_POW::y : 0x7fdd819ce010
36_DOT::x : 0x7fdd6a2fe010
36_DOT::y : 0x7fdd47dab010
36_DOT::x : 0x7fdd59055010
36_DOT::y : 0x7fdd36b02010
60_XPY::x : 0x7fdd1a13e010
60_XPY::y : 0x7fdcfd77a010
12_ERF::x : 0x7fddc6472010
12_ERF::y : 0x7fddc08e4010
132_SUM::x : 0x7fdd3c692010
12_POW::a : 0x7fddc6472010
12_POW::b : 0x7fddc08e4010
12_POW::y : 0x7fddbad56010
60_TGAMMA::x : 0x7fddb7f8f010
60_TGAMMA::y : 0x7fddb51c8010
12_POW::a : 0x7fddc6472010
12_POW::b : 0x7fddc08e4010
12_POW::y : 0x7fddbad56010
132_SUM::x : 0x7fdd3c692010
48_SQRTX::x : 0x7fdd9e391010
48_ERF::x : 0x7fdd8755a010
48_ERF::y : 0x7fdd2585b010
60_COPY::x : 0x7fdd08e97010
60_COPY::y : 0x7fdcec4d3010
84_DOT::x : 0x7fdda3f21010
84_DOT::y : 0x7fdcc43f4010
60_XPY::x : 0x7fdd5ebe3010
60_XPY::y : 0x7fdd4221f010
12_ERF::x : 0x7fdd9e393010
12_ERF::y : 0x7fdd98805010
24_ERF::x : 0x7fdd8d0e9010
24_ERF::y : 0x7fdd819cd010
48_XPY::x : 0x7fdd2b3e8010
48_XPY::y : 0x7fdd145b1010
12_SQRTX::x : 0x7fddc6472010
60_XPY::x : 0x7fdd8755d010
60_XPY::y : 0x7fdcf7bed010
84_SUM::x : 0x7fdd534c8010
120_TGAMMA::x : 0x7fddc6472010
120_TGAMMA::y : 0x7fddc08e4010
120_TGAMMA::x : 0x7fddbad56010
120_TGAMMA::y : 0x7fddb51c8010
12_TGAMMA::x : 0x7fddcc000be0
12_TGAMMA::y : 0x7fddcc9287f0
12_SQRTX::x : 0x7fddaf63a010
12_SQRTX::x : 0x7fdda9aac010
120_TGAMMA::x : 0x7fddaf63a010
120_TGAMMA::y : 0x7fdda3f1e010
108_SUM::x : 0x7fdd47dad010
48_SQRTX::x : 0x7fdd8d0e7010
60_XPY::x : 0x7fdd2b3e9010
60_XPY::y : 0x7fdd0ea25010
48_SQRTX::x : 0x7fddb51c9010
48_ERF::x : 0x7fdd8d0e7010
48_ERF::y : 0x7fdd64770010
36_POW::a : 0x7fdda3f20010
36_POW::b : 0x7fdd7be3e010
36_POW::y : 0x7fdd534c7010
120_TGAMMA::x : 0x7fddc6472010
120_TGAMMA::y : 0x7fddc08e4010
36_DOT::x : 0x7fdd4221e010
36_DOT::y : 0x7fdd30f75010
84_DOT::x : 0x7fdd08e96010
84_DOT::y : 0x7fdce0db7010
12_ERF::x : 0x7fddbad56010
12_ERF::y : 0x7fdd9e392010
108_SUM::x : 0x7fdd47dad010
12_TGAMMA::x : 0x7fddd4000da0
12_TGAMMA::y : 0x7fddd49289b0
36_POW::a : 0x7fddbad57010
36_POW::b : 0x7fdda9aae010
36_POW::y : 0x7fdd98805010
48_XPY::x : 0x7fdd819ce010
48_XPY::y : 0x7fdd30f76010
84_DOT::x : 0x7fdd534c8010
84_DOT::y : 0x7fdcb8cd8010
48_SQRTX::x : 0x7fdd1a13f010
12_TGAMMA::x : 0x7fddd4000da0
12_TGAMMA::y : 0x7fddd49289b0
48_ERF::x : 0x7fdd819ce010
48_ERF::y : 0x7fdd3c691010
120_TGAMMA::x : 0x7fddc6472010
120_TGAMMA::y : 0x7fddc08e4010
24_POW::a : 0x7fddb51c8010
24_POW::b : 0x7fdda9aac010
24_POW::y : 0x7fdd9e390010
60_TGAMMA::x : 0x7fdd9b5c9010
60_TGAMMA::y : 0x7fdd7ec07010
60_COPY::x : 0x7fdd5ebe3010
60_COPY::y : 0x7fdd4221f010
12_POW::a : 0x7fddbad56010
12_POW::b : 0x7fddb51c8010
12_POW::y : 0x7fddaf63a010
60_COPY::x : 0x7fdd819cc010
60_COPY::y : 0x7fdd2585b010
84_DOT::x : 0x7fdcfd77c010
84_DOT::y : 0x7fdcd569d010
60_TGAMMA::x : 0x7fddc9239010
60_TGAMMA::y : 0x7fddc6472010
24_ERF::x : 0x7fddbad56010
24_ERF::y : 0x7fddaf63a010
60_TGAMMA::x : 0x7fddac873010
60_TGAMMA::y : 0x7fdda9aac010
84_SUM::x : 0x7fdd819cd010
24_POW::a : 0x7fddc08e4010
24_POW::b : 0x7fddb51c8010
24_POW::y : 0x7fdd6fe8b010
60_TGAMMA::x : 0x7fddb2401010
60_TGAMMA::y : 0x7fddaf63a010
132_SUM::x : 0x7fdd30f76010
60_XPY::x : 0x7fdd92c76010
60_XPY::y : 0x7fdd145b2010
84_SUM::x : 0x7fdcec4d3010
120_TGAMMA::x : 0x7fddc6472010
120_TGAMMA::y : 0x7fddc08e4010
36_POW::a : 0x7fddaf63b010
36_POW::b : 0x7fdd819cd010
36_POW::y : 0x7fdd03309010
48_XPY::x : 0x7fdd64770010
48_XPY::y : 0x7fdd4d939010
84_COPY::x : 0x7fdd2585a010
84_COPY::y : 0x7fdcdb22a010
120_TGAMMA::x : 0x7fddc6472010
120_TGAMMA::y : 0x7fddc08e4010
12_TGAMMA::x : 0x185f4c0
12_TGAMMA::y : 0x21870d0
24_ERF::x : 0x7fdda3f1f010
24_ERF::y : 0x7fdd98803010
12_SQRTX::x : 0x7fddbad56010
60_TGAMMA::x : 0x7fddbdb1d010
60_TGAMMA::y : 0x7fddbad56010
12_SQRTX::x : 0x7fddb51c8010
24_ERF::x : 0x7fdda9aac010
24_ERF::y : 0x7fdd9e390010
48_ERF::x : 0x7fdd87559010
48_ERF::y : 0x7fdd64770010
60_TGAMMA::x : 0x7fddc9239010
60_TGAMMA::y : 0x7fddc6472010
24_POW::a : 0x7fddbad56010
24_POW::b : 0x7fdd59054010
24_POW::y : 0x7fdd4d938010
84_SUM::x : 0x7fdd25859010
  итерация 2: 1214136 ms
12_ERF::x : 0x7fdd8755a010
12_ERF::y : 0x7fdd7be3e010
12_ERF::x : 0x7fdda3f20010
12_ERF::y : 0x7fdd819cc010
24_ERF::x : 0x7fdd98804010
24_ERF::y : 0x7fdd8d0e8010
36_POW::a : 0x7fddbad57010
36_POW::b : 0x7fdda9aae010
36_POW::y : 0x7fdd6a2fe010
36_DOT::x : 0x7fdd59055010
36_DOT::y : 0x7fdd47dac010
84_DOT::x : 0x7fdd1fccd010
84_DOT::y : 0x7fdcf7bee010
12_POW::a : 0x7fdda3f20010
12_POW::b : 0x7fdd9e392010
12_POW::y : 0x7fdd98804010
12_POW::a : 0x7fdd92c76010
12_POW::b : 0x7fdd8d0e8010
12_POW::y : 0x7fdd8755a010
60_TGAMMA::x : 0x7fdda6ce7010
60_TGAMMA::y : 0x7fdda3f20010
12_ERF::x : 0x7fddc6472010
12_ERF::y : 0x7fddc08e4010
12_POW::a : 0x7fddbad56010
12_POW::b : 0x7fddb51c8010
12_POW::y : 0x7fddaf63a010
120_TGAMMA::x : 0x7fdd9e392010
120_TGAMMA::y : 0x7fdd98804010
48_SQRTX::x : 0x7fdd819cd010
132_SUM::x : 0x7fdd3c692010
48_ERF::x : 0x7fddb51c9010
48_ERF::y : 0x7fdd2585b010
60_TGAMMA::x : 0x7fddb2402010
60_TGAMMA::y : 0x7fddaf63b010
132_SUM::x : 0x7fdd3c692010
60_XPY::x : 0x7fdd92c77010
60_XPY::y : 0x7fdd08e97010
12_ERF::x : 0x7fddc6472010
12_ERF::y : 0x7fddc08e4010
60_XPY::x : 0x7fdcec4d3010
60_XPY::y : 0x7fdccfb0f010
36_DOT::x : 0x7fddbad57010
36_DOT::y : 0x7fdd819ce010
36_POW::a : 0x7fdd6a2fe010
36_POW::b : 0x7fdd59055010
36_POW::y : 0x7fdd47dac010
12_ERF::x : 0x7fddc6472010
12_ERF::y : 0x7fddc08e4010
48_SQRTX::x : 0x7fddb51c9010
108_SUM::x : 0x7fdd819cf010
60_XPY::x : 0x7fdd2b3e8010
60_XPY::y : 0x7fdd0ea24010
132_SUM::x : 0x7fdccfb0f010
132_SUM::x : 0x7fdc90bfa010
48_XPY::x : 0x7fddb51c9010
48_XPY::y : 0x7fdd9e392010
12_POW::a : 0x7fdd98804010
12_POW::b : 0x7fdd92c76010
12_POW::y : 0x7fdd8d0e8010
60_COPY::x : 0x7fddaf63c010
60_COPY::y : 0x7fdd5ebe3010
84_DOT::x : 0x7fdd36b04010
84_DOT::y : 0x7fdd0ea25010
24_POW::a : 0x7fdd7be41010
24_POW::b : 0x7fdcdb22a010
24_POW::y : 0x7fdccfb0e010
84_DOT::x : 0x7fdd8755d010
84_DOT::y : 0x7fdce6946010
60_XPY::x : 0x7fdcc9f82010
60_XPY::y : 0x7fdcad5be010
12_SQRTX::x : 0x7fddc6472010
48_ERF::x : 0x7fddb51c9010
48_ERF::y : 0x7fdd64770010
120_TGAMMA::x : 0x7fdd819cf010
120_TGAMMA::y : 0x7fdd7be41010
36_POW::a : 0x7fdda3f20010
36_POW::b : 0x7fdd92c77010
36_POW::y : 0x7fdd534c7010
24_ERF::x : 0x7fdd47dab010
24_ERF::y : 0x7fdd3c68f010
48_XPY::x : 0x7fddb51c9010
48_XPY::y : 0x7fdd64770010
36_POW::a : 0x7fdd819ce010
36_POW::b : 0x7fdd2b3e6010
36_POW::y : 0x7fdd1a13d010
12_SQRTX::x : 0x7fddaf63b010
12_ERF::x : 0x7fdda9aad010
12_ERF::y : 0x7fdda3f1f010
48_XPY::x : 0x7fdd4d939010
48_XPY::y : 0x7fdd03306010
36_POW::a : 0x7fdda3f20010
36_POW::b : 0x7fdd92c77010
36_POW::y : 0x7fdd3c690010
12_TGAMMA::x : 0x185f4c0
12_TGAMMA::y : 0x21870d0
48_SQRTX::x : 0x7fddb51c9010
24_ERF::x : 0x7fdd8755b010
24_ERF::y : 0x7fdd7be3f010
132_SUM::x : 0x7fdcfd77b010
24_POW::a : 0x7fdda9aad010
24_POW::b : 0x7fdd9e391010
24_POW::y : 0x7fdd6fe8b010
12_TGAMMA::x : 0x7fddd00017d0
12_TGAMMA::y : 0x7fddd09293e0
48_SQRTX::x : 0x7fddb51c9010
108_SUM::x : 0x7fdd3c691010
12_SQRTX::x : 0x7fdd98803010
84_DOT::x : 0x7fdd145b2010
84_DOT::y : 0x7fdcec4d3010
12_POW::a : 0x7fddc6472010
12_POW::b : 0x7fddc08e4010
12_POW::y : 0x7fddbad56010
48_ERF::x : 0x7fdda3f1f010
48_ERF::y : 0x7fdd8d0e8010
48_SQRTX::x : 0x7fdd64770010
120_TGAMMA::x : 0x7fddc6472010
120_TGAMMA::y : 0x7fddc08e4010
84_SUM::x : 0x7fdd534c8010
84_SUM::x : 0x7fdd2b3e9010
60_COPY::x : 0x7fdda3f20010
60_COPY::y : 0x7fdd8755c010
48_ERF::x : 0x7fdd3c691010
48_ERF::y : 0x7fdd2585a010
12_SQRTX::x : 0x7fddc6472010
48_SQRTX::x : 0x7fdd64770010
60_TGAMMA::x : 0x7fddc9239010
60_TGAMMA::y : 0x7fddc6472010
84_COPY::x : 0x7fdcfd77b010
84_COPY::y : 0x7fdcd569c010
120_TGAMMA::x : 0x7fddc6472010
120_TGAMMA::y : 0x7fddc08e4010
60_TGAMMA::x : 0x7fdd8feaf010
60_TGAMMA::y : 0x7fdd8d0e8010
48_XPY::x : 0x7fdda9aad010
48_XPY::y : 0x7fdd92c76010
12_ERF::x : 0x7fdd8d0e8010
12_ERF::y : 0x7fdd8755a010
120_TGAMMA::x : 0x7fdd8d0e8010
120_TGAMMA::y : 0x7fdd8755a010
120_TGAMMA::x : 0x7fddbad56010
120_TGAMMA::y : 0x7fddb51c8010
60_XPY::x : 0x7fdd98804010
60_XPY::y : 0x7fdd5ebe3010
60_XPY::x : 0x7fdd4221f010
60_XPY::y : 0x7fdd2585b010
84_DOT::x : 0x7fdcfd77c010
84_DOT::y : 0x7fdcd569d010
84_SUM::x : 0x7fdcad5be010
84_SUM::x : 0x7fdda3f21010
84_DOT::x : 0x7fdd7be42010
84_DOT::y : 0x7fdd534c8010
60_COPY::x : 0x7fdd36b04010
60_COPY::y : 0x7fdcb8cd9010
48_ERF::x : 0x7fddb51c9010
48_ERF::y : 0x7fdca1ea2010
120_TGAMMA::x : 0x7fddaf63b010
120_TGAMMA::y : 0x7fdda9aad010
84_DOT::x : 0x7fdd819ce010
84_DOT::y : 0x7fdd534c8010
12_TGAMMA::x : 0x7fddd4000da0
12_TGAMMA::y : 0x7fddd49289b0
60_TGAMMA::x : 0x7fddc9239010
60_TGAMMA::y : 0x7fddc6472010
60_TGAMMA::x : 0x7fddc36ab010
60_TGAMMA::y : 0x7fddc08e4010
24_ERF::x : 0x7fddb51c8010
24_ERF::y : 0x7fdd47dac010
60_TGAMMA::x : 0x7fddb2401010
60_TGAMMA::y : 0x7fddaf63a010
12_TGAMMA::x : 0x7fddcc000be0
12_TGAMMA::y : 0x7fddcc9287f0
24_ERF::x : 0x7fddc08e4010
24_ERF::y : 0x7fdda3f1e010
60_COPY::x : 0x7fdd8755a010
60_COPY::y : 0x7fdd5ebe3010
120_TGAMMA::x : 0x7fddbad56010
120_TGAMMA::y : 0x7fddb51c8010
36_DOT::x : 0x7fdd4d93a010
36_DOT::y : 0x7fdd3c691010
12_POW::a : 0x7fddc6472010
12_POW::b : 0x7fddc08e4010
12_POW::y : 0x7fddaf63a010
12_SQRTX::x : 0x7fdda9aac010
12_SQRTX::x : 0x7fdda3f1e010
24_POW::a : 0x7fdd98802010
24_POW::b : 0x7fdd8d0e6010
24_POW::y : 0x7fdd819ca010
24_POW::a : 0x7fddc08e4010
24_POW::b : 0x7fdda9aac010
24_POW::y : 0x7fdd6fe8b010
60_TGAMMA::x : 0x7fdda6ce5010
60_TGAMMA::y : 0x7fdda3f1e010
  итерация 3: 1235610 ms
12_ERF::x : 0x7fdd9e392010
12_ERF::y : 0x7fdd36b04010
48_XPY::x : 0x7fdda3f20010
48_XPY::y : 0x7fdd1fccd010
36_POW::a : 0x7fddbad57010
36_POW::b : 0x7fdd8d0e9010
36_POW::y : 0x7fdd7be40010
132_SUM::x : 0x7fdd3c692010
12_ERF::x : 0x7fdd9e392010
12_ERF::y : 0x7fdd36b04010
12_POW::a : 0x7fdd9e392010
12_POW::b : 0x7fdd36b04010
12_POW::y : 0x7fdd1a13f010
60_XPY::x : 0x7fdcfd77b010
60_XPY::y : 0x7fdce0db7010
36_DOT::x : 0x7fdda9aae010
36_DOT::y : 0x7fdd2b3e9010
60_COPY::x : 0x7fdd5ebe3010
60_COPY::y : 0x7fdd4221f010
60_TGAMMA::x : 0x7fddc9239010
60_TGAMMA::y : 0x7fddc6472010
36_DOT::x : 0x7fddb51c9010
36_DOT::y : 0x7fdda3f20010
12_POW::a : 0x7fddc6472010
12_POW::b : 0x7fdd9e392010
12_POW::y : 0x7fdd98804010
84_DOT::x : 0x7fdd1a140010
84_DOT::y : 0x7fdcb8cd8010
132_SUM::x : 0x7fdc79dc3010
48_ERF::x : 0x7fddb51c9010
48_ERF::y : 0x7fdd9e392010
36_POW::a : 0x7fdd8d0e9010
36_POW::b : 0x7fdd7be40010
36_POW::y : 0x7fdd6a2fe010
24_ERF::x : 0x7fdd5ebe2010
24_ERF::y : 0x7fdd534c6010
12_ERF::x : 0x7fdd4d938010
12_ERF::y : 0x7fdd47daa010
60_TGAMMA::x : 0x7fddc9239010
60_TGAMMA::y : 0x7fddc6472010
12_SQRTX::x : 0x7fddc08e4010
12_ERF::x : 0x7fddbad56010
12_ERF::y : 0x7fddb51c8010
24_POW::a : 0x7fdda9aac010
24_POW::b : 0x7fdd9e390010
24_POW::y : 0x7fdd92c74010
12_POW::a : 0x7fddc08e4010
12_POW::b : 0x7fdd8d0e6010
12_POW::y : 0x7fdd87558010
108_SUM::x : 0x7fdd47dad010
60_TGAMMA::x : 0x7fddc9239010
60_TGAMMA::y : 0x7fddc6472010
120_TGAMMA::x : 0x7fddc08e4010
120_TGAMMA::y : 0x7fddbad56010
12_ERF::x : 0x7fddb51c8010
12_ERF::y : 0x7fdd8d0e6010
60_XPY::x : 0x7fdd98804010
60_XPY::y : 0x7fdd5ebe3010
48_SQRTX::x : 0x7fdd47dac010
60_COPY::x : 0x7fdd7be40010
60_COPY::y : 0x7fdd2b3e8010
36_POW::a : 0x7fddbad57010
36_POW::b : 0x7fdd1a13f010
36_POW::y : 0x7fdd08e96010
108_SUM::x : 0x7fdcd569c010
84_DOT::x : 0x7fdd534c8010
84_DOT::y : 0x7fdcad5bd010
12_POW::a : 0x7fddb51c9010
12_POW::b : 0x7fddaf63b010
12_POW::y : 0x7fdda9aad010
48_XPY::x : 0x7fdd92c76010
48_XPY::y : 0x7fdd7be3f010
48_SQRTX::x : 0x7fdd3c691010
12_SQRTX::x : 0x7fddc6472010
60_COPY::x : 0x7fddaf63c010
60_COPY::y : 0x7fdd1fccd010
60_XPY::x : 0x7fdd5ebe3010
60_XPY::y : 0x7fdd03309010
48_ERF::x : 0x7fdd47dac010
48_ERF::y : 0x7fdcec4d2010
132_SUM::x : 0x7fdcad5bd010
12_ERF::x : 0x7fddc6472010
12_ERF::y : 0x7fddc08e4010
48_SQRTX::x : 0x7fdda9aad010
12_POW::a : 0x7fddc6472010
12_POW::b : 0x7fddc08e4010
12_POW::y : 0x7fdda3f1f010
132_SUM::x : 0x7fdd08e97010
12_TGAMMA::x : 0x7fddcc000be0
12_TGAMMA::y : 0x7fddcc9287f0
48_SQRTX::x : 0x7fdd8d0e8010
12_TGAMMA::x : 0x185f4c0
12_TGAMMA::y : 0x21870d0
60_XPY::x : 0x7fdd5ebe3010
60_XPY::y : 0x7fdcec4d3010
60_XPY::x : 0x7fddaf63c010
60_XPY::y : 0x7fdccfb0f010
24_ERF::x : 0x7fdda3f20010
24_ERF::y : 0x7fdd819cc010
48_SQRTX::x : 0x7fdd8d0e9010
84_DOT::x : 0x7fdd36b04010
84_DOT::y : 0x7fdd0ea25010
48_SQRTX::x : 0x7fdd98805010
120_TGAMMA::x : 0x7fddc6472010
120_TGAMMA::y : 0x7fddc08e4010
24_POW::a : 0x7fddb51c8010
24_POW::b : 0x7fdd8d0e9010
24_POW::y : 0x7fdd819cd010
36_DOT::x : 0x7fdda3f1f010
36_DOT::y : 0x7fdd6a2fe010
36_POW::a : 0x7fdd59055010
36_POW::b : 0x7fdd47dac010
36_POW::y : 0x7fdd36b03010
120_TGAMMA::x : 0x7fddbad56010
120_TGAMMA::y : 0x7fddb51c8010
84_SUM::x : 0x7fdd8d0e9010
48_ERF::x : 0x7fdd1fccc010
48_ERF::y : 0x7fdd08e95010
60_XPY::x : 0x7fdd98804010
60_XPY::y : 0x7fdd7be40010
60_TGAMMA::x : 0x7fddc9239010
60_TGAMMA::y : 0x7fddc6472010
36_POW::a : 0x7fddb51c9010
36_POW::b : 0x7fdd6a2fe010
36_POW::y : 0x7fdd59055010
120_TGAMMA::x : 0x7fdd534c7010
120_TGAMMA::y : 0x7fdd4d939010
12_SQRTX::x : 0x7fddaf63b010
48_XPY::x : 0x7fdd98804010
48_XPY::y : 0x7fdd819cd010
60_COPY::x : 0x7fdd30f75010
60_COPY::y : 0x7fdd145b1010
84_DOT::x : 0x7fdcec4d2010
84_DOT::y : 0x7fdcc43f3010
84_DOT::x : 0x7fdd534c8010
84_DOT::y : 0x7fdc9c314010
12_TGAMMA::x : 0x7fddcc000be0
12_TGAMMA::y : 0x7fddcc9287f0
48_ERF::x : 0x7fddb51c9010
48_ERF::y : 0x7fdd9e392010
84_SUM::x : 0x7fdd2b3e9010
84_SUM::x : 0x7fdd2b3e9010
12_SQRTX::x : 0x7fdd98804010
12_ERF::x : 0x7fdd92c76010
12_ERF::y : 0x7fdd8d0e8010
12_SQRTX::x : 0x7fdd98804010
120_TGAMMA::x : 0x7fddc6472010
120_TGAMMA::y : 0x7fddc08e4010
60_TGAMMA::x : 0x7fddbdb1d010
60_TGAMMA::y : 0x7fddbad56010
84_SUM::x : 0x7fdd92c77010
84_DOT::x : 0x7fdd534c8010
84_DOT::y : 0x7fdd2b3e9010
12_POW::a : 0x7fddb51c8010
12_POW::b : 0x7fddaf63a010
12_POW::y : 0x7fdda9aac010
120_TGAMMA::x : 0x7fddbad56010
120_TGAMMA::y : 0x7fdda3f1e010
84_COPY::x : 0x7fdd7be3f010
84_COPY::y : 0x7fdd0330a010
84_DOT::x : 0x7fdd534c8010
84_DOT::y : 0x7fdd2b3e9010
120_TGAMMA::x : 0x7fddc6472010
120_TGAMMA::y : 0x7fddc08e4010
120_TGAMMA::x : 0x7fddbad56010
120_TGAMMA::y : 0x7fddb51c8010
48_ERF::x : 0x7fdd64770010
48_ERF::y : 0x7fdd4d939010
12_TGAMMA::x : 0x185f4c0
12_TGAMMA::y : 0x21870d0
24_ERF::x : 0x7fdda9aac010
24_ERF::y : 0x7fdd9e390010
24_ERF::x : 0x7fddc08e4010
24_ERF::y : 0x7fdd92c74010
12_SQRTX::x : 0x7fddaf63a010
24_ERF::x : 0x7fddb51c8010
24_ERF::y : 0x7fdda9aac010
60_TGAMMA::x : 0x7fdda6ce5010
60_TGAMMA::y : 0x7fdda3f1e010
60_TGAMMA::x : 0x7fddc9239010
60_TGAMMA::y : 0x7fddc6472010
132_SUM::x : 0x7fdd0ea24010
24_POW::a : 0x7fddbad56010
24_POW::b : 0x7fddaf63a010
24_POW::y : 0x7fdd98802010
60_TGAMMA::x : 0x7fddc9239010
60_TGAMMA::y : 0x7fddc6472010
24_POW::a : 0x7fdd8d0e6010
24_POW::b : 0x7fdd819ca010
24_POW::y : 0x7fdd6fe8b010
48_XPY::x : 0x7fdd59054010
48_XPY::y : 0x7fdd4221d010
  итерация 4: 1234831 ms
  среднее по 5 итерациям: 1238177 ms
=== Выполняется проект: no_po_13.txt (100 работ) ===
12_TGAMMA::x : 0x7fddd4000da0
12_TGAMMA::y : 0x7fddd49289b0
12_SQRTX::x : 0x7fddc6472010
12_POW::a : 0x7fddc08e4010
12_POW::b : 0x7fddaf63a010
12_POW::y : 0x7fdda3f1e010
12_POW::a : 0x7fddbad56010
12_POW::b : 0x7fddb51c8010
12_POW::y : 0x7fdda9aac010
120_TGAMMA::x : 0x7fdd9e390010
120_TGAMMA::y : 0x7fdd98802010
36_POW::a : 0x7fdd87559010
36_POW::b : 0x7fdd6a2fe010
36_POW::y : 0x7fdd59055010
12_SQRTX::x : 0x7fddc6472010
60_TGAMMA::x : 0x7fddc36ab010
60_TGAMMA::y : 0x7fddc08e4010
84_COPY::x : 0x7fdd30f76010
84_COPY::y : 0x7fdd08e97010
84_DOT::x : 0x7fdda3f21010
84_DOT::y : 0x7fdce0db8010
120_TGAMMA::x : 0x7fdd9e393010
120_TGAMMA::y : 0x7fdd98805010
108_SUM::x : 0x7fdcad5be010
48_SQRTX::x : 0x7fdd819ce010
120_TGAMMA::x : 0x7fddc6472010
120_TGAMMA::y : 0x7fddc08e4010
84_SUM::x : 0x7fdd534c8010
48_SQRTX::x : 0x7fdda9aad010
60_COPY::x : 0x7fdd8d0e9010
60_COPY::y : 0x7fdd36b04010
36_POW::a : 0x7fdd7be40010
36_POW::b : 0x7fdd6a2fe010
36_POW::y : 0x7fdd59055010
84_DOT::x : 0x7fdd0ea25010
84_DOT::y : 0x7fdce6946010
84_SUM::x : 0x7fdcbe867010
36_DOT::x : 0x7fddbad57010
36_DOT::y : 0x7fdda9aae010
48_SQRTX::x : 0x7fddb51c9010
132_SUM::x : 0x7fdd1a140010
84_DOT::x : 0x7fdcbe867010
84_DOT::y : 0x7fdc96788010
60_TGAMMA::x : 0x7fddb2402010
60_TGAMMA::y : 0x7fddaf63b010
132_SUM::x : 0x7fdc57873010
48_XPY::x : 0x7fddb51c9010
48_XPY::y : 0x7fdd9e392010
84_COPY::x : 0x7fdd534c8010
84_COPY::y : 0x7fdd2b3e9010
24_POW::a : 0x7fdd92c76010
24_POW::b : 0x7fdd8755a010
24_POW::y : 0x7fdd7be3e010
84_COPY::x : 0x7fdda3f21010
84_COPY::y : 0x7fdd0330a010
36_DOT::x : 0x7fdcf2061010
36_DOT::y : 0x7fdce0db8010
120_TGAMMA::x : 0x7fdd9e393010
120_TGAMMA::y : 0x7fdd98805010
36_DOT::x : 0x7fdd8755c010
36_DOT::y : 0x7fdcf2061010
132_SUM::x : 0x7fdd3c692010
132_SUM::x : 0x7fdcc43f5010
60_TGAMMA::x : 0x7fdd95a3e010
60_TGAMMA::y : 0x7fdd92c77010
84_DOT::x : 0x7fdd534c8010
84_DOT::y : 0x7fdd2b3e9010
60_XPY::x : 0x7fddaf63c010
60_XPY::y : 0x7fdd0ea25010
12_POW::a : 0x7fdda9aae010
12_POW::b : 0x7fdda3f20010
12_POW::y : 0x7fdd9e392010
24_POW::a : 0x7fdd92c76010
24_POW::b : 0x7fdd8755a010
24_POW::y : 0x7fdd7be3e010
24_ERF::x : 0x7fdda3f20010
24_ERF::y : 0x7fdd03309010
108_SUM::x : 0x7fdd47dad010
120_TGAMMA::x : 0x7fddc6472010
120_TGAMMA::y : 0x7fddc08e4010
48_ERF::x : 0x7fdd8d0e9010
48_ERF::y : 0x7fdd30f76010
84_SUM::x : 0x7fdd08e97010
24_ERF::x : 0x7fddb51c8010
24_ERF::y : 0x7fdda9aac010
36_DOT::x : 0x7fdd7be40010
36_DOT::y : 0x7fdd6a2fe010
48_ERF::x : 0x7fdd92c75010
48_ERF::y : 0x7fdd534c7010
36_DOT::x : 0x7fddaf63b010
36_DOT::y : 0x7fdd4221e010
12_POW::a : 0x7fddc6472010
12_POW::b : 0x7fddc08e4010
12_POW::y : 0x7fdda9aad010
12_ERF::x : 0x7fdd8d0e7010
12_ERF::y : 0x7fdd87559010
48_ERF::x : 0x7fdd2b3e7010
48_ERF::y : 0x7fdd145b0010
120_TGAMMA::x : 0x7fddc6472010
120_TGAMMA::y : 0x7fddc08e4010
12_POW::a : 0x7fddbad56010
12_POW::b : 0x7fddb51c8010
12_POW::y : 0x7fddaf63a010
24_POW::a : 0x7fddb51c8010
24_POW::b : 0x7fdda9aac010
24_POW::y : 0x7fdd87559010
48_ERF::x : 0x7fdd92c75010
48_ERF::y : 0x7fdd64770010
12_ERF::x : 0x7fdd819cb010
12_ERF::y : 0x7fdd5ebe2010
24_ERF::x : 0x7fddc08e4010
24_ERF::y : 0x7fdd534c6010
60_COPY::x : 0x7fdd36b02010
60_COPY::y : 0x7fdd1a13e010
48_XPY::x : 0x7fdda9aad010
48_XPY::y : 0x7fdd7be3e010
12_POW::a : 0x7fdda3f1f010
12_POW::b : 0x7fdd9e391010
12_POW::y : 0x7fdd98803010
12_TGAMMA::x : 0x7fddd00017d0
12_TGAMMA::y : 0x7fddd09293e0
12_TGAMMA::x : 0x7fddd00017d0
12_TGAMMA::y : 0x7fddd09293e0
84_COPY::x : 0x7fdd534c8010
84_COPY::y : 0x7fdcf205f010
60_TGAMMA::x : 0x7fddc9239010
60_TGAMMA::y : 0x7fddc6472010
84_DOT::x : 0x7fdd9e393010
84_DOT::y : 0x7fdcc9f80010
108_SUM::x : 0x7fdd1fcce010
36_DOT::x : 0x7fdd8d0ea010
36_DOT::y : 0x7fdd7be41010
84_COPY::x : 0x7fdca1ea1010
84_COPY::y : 0x7fdc79dc2010
12_POW::a : 0x7fddc6472010
12_POW::b : 0x7fdd98805010
12_POW::y : 0x7fdd92c77010
60_TGAMMA::x : 0x7fddc36ab010
60_TGAMMA::y : 0x7fddc08e4010
12_TGAMMA::x : 0x7fddd4000da0
12_TGAMMA::y : 0x7fddd49289b0
60_COPY::x : 0x7fdda3f20010
60_COPY::y : 0x7fdd8755c010
132_SUM::x : 0x7fdd3c692010
36_DOT::x : 0x7fdd2b3e9010
36_DOT::y : 0x7fdd1a140010
24_ERF::x : 0x7fddc08e4010
24_ERF::y : 0x7fdd7be40010
36_DOT::x : 0x7fddaf63b010
36_DOT::y : 0x7fdd9e392010
36_POW::a : 0x7fdd8d0e9010
36_POW::b : 0x7fdd2b3e9010
36_POW::y : 0x7fdd1a140010
132_SUM::x : 0x7fdd3c692010
12_TGAMMA::x : 0x7fddcc000be0
12_TGAMMA::y : 0x7fddcc9287f0
36_POW::a : 0x7fddaf63b010
36_POW::b : 0x7fdd9e392010
36_POW::y : 0x7fdd08e97010
12_POW::a : 0x7fddc6472010
12_POW::b : 0x7fddc08e4010
12_POW::y : 0x7fdd8755b010
84_SUM::x : 0x7fdd534c8010
48_SQRTX::x : 0x7fdcf2060010
24_ERF::x : 0x7fddc08e4010
24_ERF::y : 0x7fdd92c76010
84_DOT::x : 0x7fdd534c8010
84_DOT::y : 0x7fdd2b3e9010
60_TGAMMA::x : 0x7fddbdb1d010
60_TGAMMA::y : 0x7fddbad56010
60_XPY::x : 0x7fdd9e392010
60_XPY::y : 0x7fdd0ea25010
60_XPY::x : 0x7fdd819ce010
60_XPY::y : 0x7fdcf2061010
24_ERF::x : 0x7fddc08e4010
24_ERF::y : 0x7fdce6945010
48_XPY::x : 0x7fdda9aad010
48_XPY::y : 0x7fdd145b2010
60_TGAMMA::x : 0x7fdda6ce6010
60_TGAMMA::y : 0x7fdda3f1f010
24_POW::a : 0x7fddc08e4010
24_POW::b : 0x7fdce6945010
24_POW::y : 0x7fdcdb229010
24_ERF::x : 0x7fdd98803010
24_ERF::y : 0x7fdd8d0e7010
60_TGAMMA::x : 0x7fdda6ce6010
60_TGAMMA::y : 0x7fdda3f1f010
12_TGAMMA::x : 0x185f4c0
12_TGAMMA::y : 0x21870d0
84_COPY::x : 0x7fdd7be40010
84_COPY::y : 0x7fdd534c8010
108_SUM::x : 0x7fdce0db8010
60_COPY::x : 0x7fddaf63c010
60_COPY::y : 0x7fdd36b04010
12_POW::a : 0x7fdda9aae010
12_POW::b : 0x7fdda3f20010
12_POW::y : 0x7fdd30f76010
  итерация 0: 1241861 ms
12_SQRTX::x : 0x7fdd75a19010
12_SQRTX::x : 0x7fddc6472010
48_SQRTX::x : 0x7fddaf63b010
108_SUM::x : 0x7fdd7be41010
60_COPY::x : 0x7fdd0ea25010
60_COPY::y : 0x7fdcf2061010
84_COPY::x : 0x7fdd534c8010
84_COPY::y : 0x7fdd2b3e9010
132_SUM::x : 0x7fdcb314c010
48_ERF::x : 0x7fddb51c9010
48_ERF::y : 0x7fdd9e392010
84_COPY::x : 0x7fdd0330a010
84_COPY::y : 0x7fdc8b06d010
12_POW::a : 0x7fdd98804010
12_POW::b : 0x7fdd92c76010
12_POW::y : 0x7fdd8d0e8010
120_TGAMMA::x : 0x7fddc6472010
120_TGAMMA::y : 0x7fddc08e4010
120_TGAMMA::x : 0x7fddbad56010
120_TGAMMA::y : 0x7fddb51c8010
84_COPY::x : 0x7fdd8d0e9010
84_COPY::y : 0x7fdd534c8010
36_DOT::x : 0x7fdd7be40010
36_DOT::y : 0x7fdd4221f010
60_TGAMMA::x : 0x7fddc9239010
60_TGAMMA::y : 0x7fddc6472010
84_DOT::x : 0x7fdd1a140010
84_DOT::y : 0x7fdcf2061010
12_POW::a : 0x7fddc08e4010
12_POW::b : 0x7fddbad56010
12_POW::y : 0x7fddb51c8010
84_COPY::x : 0x7fdd8d0e9010
84_COPY::y : 0x7fdd534c8010
132_SUM::x : 0x7fdcb314c010
84_SUM::x : 0x7fdc8b06d010
24_ERF::x : 0x7fdd819cd010
24_ERF::y : 0x7fdd47dac010
48_XPY::x : 0x7fddb51c9010
48_XPY::y : 0x7fdc9c315010
84_DOT::x : 0x7fdd1fccd010
84_DOT::y : 0x7fdcf7bee010
120_TGAMMA::x : 0x7fdd8755b010
120_TGAMMA::y : 0x7fdd819cd010
12_ERF::x : 0x7fddaf63b010
12_ERF::y : 0x7fdda9aad010
12_POW::a : 0x7fddc6472010
12_POW::b : 0x7fddc08e4010
12_POW::y : 0x7fddbad56010
12_TGAMMA::x : 0x7fddd00017d0
12_TGAMMA::y : 0x7fddd09293e0
48_SQRTX::x : 0x7fdda3f1f010
84_DOT::x : 0x7fdd534c8010
84_DOT::y : 0x7fdd2b3e9010
36_POW::a : 0x7fddbad57010
36_POW::b : 0x7fdd92c76010
36_POW::y : 0x7fdd1a140010
120_TGAMMA::x : 0x7fdd8d0e8010
120_TGAMMA::y : 0x7fdd8755a010
36_DOT::x : 0x7fdda9aae010
36_DOT::y : 0x7fdd08e97010
12_ERF::x : 0x7fddb51c9010
12_ERF::y : 0x7fddaf63b010
84_SUM::x : 0x7fdcf2061010
60_TGAMMA::x : 0x7fddb7f90010
60_TGAMMA::y : 0x7fddb51c9010
60_TGAMMA::x : 0x7fddc9239010
60_TGAMMA::y : 0x7fddc6472010
48_ERF::x : 0x7fdd9e392010
48_ERF::y : 0x7fdd8755b010
48_SQRTX::x : 0x7fdd64770010
24_ERF::x : 0x7fddbad56010
24_ERF::y : 0x7fdd7be3f010
24_ERF::x : 0x7fdd59054010
24_ERF::y : 0x7fdd4d938010
24_POW::a : 0x7fddc08e4010
24_POW::b : 0x7fdd7be3f010
24_POW::y : 0x7fdd4221c010
108_SUM::x : 0x7fdd0ea22010
36_DOT::x : 0x7fdd6a2fe010
36_DOT::y : 0x7fdd59055010
12_POW::a : 0x7fddbad56010
12_POW::b : 0x7fddb51c8010
12_POW::y : 0x7fddaf63a010
36_DOT::x : 0x7fdd9e391010
36_DOT::y : 0x7fdd8d0e8010
24_POW::a : 0x7fddc08e4010
24_POW::b : 0x7fddb51c8010
24_POW::y : 0x7fdd819cc010
84_COPY::x : 0x7fdd534c8010
84_COPY::y : 0x7fdce6943010
120_TGAMMA::x : 0x7fddaf63a010
120_TGAMMA::y : 0x7fdd7be3e010
60_COPY::x : 0x7fdd92c76010
60_COPY::y : 0x7fdd36b04010
12_POW::a : 0x7fddc6472010
12_POW::b : 0x7fddc08e4010
12_POW::y : 0x7fddbad56010
24_POW::a : 0x7fddaf63a010
24_POW::b : 0x7fdd8755a010
24_POW::y : 0x7fdd7be3e010
24_ERF::x : 0x7fdd6fe8b010
24_ERF::y : 0x7fdd6476f010
36_DOT::x : 0x7fddbad57010
36_DOT::y : 0x7fdd2585b010
48_ERF::x : 0x7fdd64770010
48_ERF::y : 0x7fdd0ea24010
132_SUM::x : 0x7fdccfb0f010
36_POW::a : 0x7fddbad57010
36_POW::b : 0x7fdd9e391010
36_POW::y : 0x7fdd534c7010
84_SUM::x : 0x7fdd2b3e8010
24_ERF::x : 0x7fddaf63b010
24_ERF::y : 0x7fdd92c75010
12_TGAMMA::x : 0x7fddd4000da0
12_TGAMMA::y : 0x7fddd49289b0
84_DOT::x : 0x7fdd2b3e8010
84_DOT::y : 0x7fdce6945010
36_DOT::x : 0x7fdd819cc010
36_DOT::y : 0x7fdd6a2fe010
60_TGAMMA::x : 0x7fddb7f90010
60_TGAMMA::y : 0x7fddb51c9010
108_SUM::x : 0x7fdcb314b010
36_DOT::x : 0x7fddbad57010
36_DOT::y : 0x7fdda3f20010
12_POW::a : 0x7fddb51c9010
12_POW::b : 0x7fdd9e392010
12_POW::y : 0x7fdd98804010
120_TGAMMA::x : 0x7fddc6472010
120_TGAMMA::y : 0x7fddc08e4010
84_SUM::x : 0x7fdd534c8010
132_SUM::x : 0x7fdd145b3010
12_POW::a : 0x7fddbad56010
12_POW::b : 0x7fddb51c8010
12_POW::y : 0x7fddaf63a010
12_POW::a : 0x7fddbad56010
12_POW::b : 0x7fddb51c8010
12_POW::y : 0x7fddaf63a010
60_COPY::x : 0x7fdd92c76010
60_COPY::y : 0x7fdd5ebe3010
60_XPY::x : 0x7fdd4221f010
60_XPY::y : 0x7fdd2585b010
84_DOT::x : 0x7fdc9c316010
84_DOT::y : 0x7fdc74237010
84_COPY::x : 0x7fdcec4d4010
84_COPY::y : 0x7fdcc43f5010
36_POW::a : 0x7fddbad57010
36_POW::b : 0x7fdda9aae010
36_POW::y : 0x7fdd98805010
60_TGAMMA::x : 0x7fdd5be1c010
60_TGAMMA::y : 0x7fdd59055010
60_XPY::x : 0x7fdd7be41010
60_XPY::y : 0x7fdd5ebe3010
48_XPY::x : 0x7fdd4221e010
48_XPY::y : 0x7fdd2b3e7010
132_SUM::x : 0x7fdcec4d2010
24_ERF::x : 0x7fddc08e4010
24_ERF::y : 0x7fddb51c8010
60_TGAMMA::x : 0x7fddb2401010
60_TGAMMA::y : 0x7fddaf63a010
12_TGAMMA::x : 0x7fddd4000da0
12_TGAMMA::y : 0x7fddd49289b0
60_TGAMMA::x : 0x7fddac873010
60_TGAMMA::y : 0x7fdda9aac010
36_DOT::x : 0x7fdd98803010
36_DOT::y : 0x7fdd8755a010
48_SQRTX::x : 0x7fddb51c9010
36_POW::a : 0x7fdd6a2fe010
36_POW::b : 0x7fdd59055010
36_POW::y : 0x7fdd47dac010
12_TGAMMA::x : 0x7fddd00017d0
12_TGAMMA::y : 0x7fddd09293e0
24_POW::a : 0x7fdd9e390010
24_POW::b : 0x7fdd92c74010
24_POW::y : 0x7fdd87558010
12_TGAMMA::x : 0x7fddd4000da0
12_TGAMMA::y : 0x7fddd49289b0
24_ERF::x : 0x7fddc08e4010
24_ERF::y : 0x7fddb51c8010
60_XPY::x : 0x7fdd2b3e8010
60_XPY::y : 0x7fdd0ea24010
48_ERF::x : 0x7fddb51c9010
48_ERF::y : 0x7fdcf7bed010
132_SUM::x : 0x7fdcb8cd8010
12_POW::a : 0x7fddaf63b010
12_POW::b : 0x7fdda9aad010
12_POW::y : 0x7fdda3f1f010
108_SUM::x : 0x7fdd47dad010
60_TGAMMA::x : 0x7fddb2402010
60_TGAMMA::y : 0x7fddaf63b010
60_COPY::x : 0x7fdd92c77010
60_COPY::y : 0x7fdd2b3e9010
48_XPY::x : 0x7fddb51c9010
48_XPY::y : 0x7fdd7be40010
84_DOT::x : 0x7fdd0330a010
84_DOT::y : 0x7fdcdb22b010
12_TGAMMA::x : 0x7fddd4000da0
12_TGAMMA::y : 0x7fddd49289b0
  итерация 1: 1263665 ms
12_TGAMMA::x : 0x7fddcc000be0
12_TGAMMA::y : 0x7fddcc9287f0
12_SQRTX::x : 0x7fddaf63b010
48_SQRTX::x : 0x7fddb51c9010
132_SUM::x : 0x7fdd3c692010
84_COPY::x : 0x7fdd8755c010
84_COPY::y : 0x7fdd145b3010
12_ERF::x : 0x7fddaf63b010
12_ERF::y : 0x7fdd819ce010
12_SQRTX::x : 0x7fddaf63b010
84_SUM::x : 0x7fdcec4d4010
84_DOT::x : 0x7fdcc43f5010
84_DOT::y : 0x7fdc9c316010
60_TGAMMA::x : 0x7fddc9239010
60_TGAMMA::y : 0x7fddc6472010
48_XPY::x : 0x7fddaf63b010
48_XPY::y : 0x7fdd64770010
84_COPY::x : 0x7fdcec4d4010
84_COPY::y : 0x7fdc74237010
120_TGAMMA::x : 0x7fddc6472010
120_TGAMMA::y : 0x7fdd819ce010
24_POW::a : 0x7fdda3f1f010
24_POW::b : 0x7fdd98803010
24_POW::y : 0x7fdd8d0e7010
36_DOT::x : 0x7fddb51c9010
36_DOT::y : 0x7fdd6a2fe010
36_POW::a : 0x7fdda3f20010
36_POW::b : 0x7fdd92c77010
36_POW::y : 0x7fdd59055010
36_DOT::x : 0x7fdd47dac010
36_DOT::y : 0x7fdd36b03010
12_POW::a : 0x7fddc6472010
12_POW::b : 0x7fdd8d0e9010
12_POW::y : 0x7fdd8755b010
84_DOT::x : 0x7fdd0ea24010
84_DOT::y : 0x7fdce6945010
120_TGAMMA::x : 0x7fddc08e4010
120_TGAMMA::y : 0x7fddbad56010
84_COPY::x : 0x7fdcbe866010
84_COPY::y : 0x7fdc96787010
60_TGAMMA::x : 0x7fddc9239010
60_TGAMMA::y : 0x7fddc6472010
36_POW::a : 0x7fdda9aad010
36_POW::b : 0x7fdd98804010
36_POW::y : 0x7fdd8755b010
24_POW::a : 0x7fdd7be3f010
24_POW::b : 0x7fdd6fe8b010
24_POW::y : 0x7fdd6476f010
120_TGAMMA::x : 0x7fddc08e4010
120_TGAMMA::y : 0x7fddbad56010
108_SUM::x : 0x7fdd30f75010
36_DOT::x : 0x7fdd6a2fe010
36_DOT::y : 0x7fdd1fccc010
36_DOT::x : 0x7fdd59055010
36_DOT::y : 0x7fdd47dac010
48_ERF::x : 0x7fdda3f1f010
48_ERF::y : 0x7fdd8d0e8010
120_TGAMMA::x : 0x7fddc6472010
120_TGAMMA::y : 0x7fddc08e4010
84_DOT::x : 0x7fdd1fccd010
84_DOT::y : 0x7fdcf7bee010
12_POW::a : 0x7fddbad56010
12_POW::b : 0x7fdd8755a010
12_POW::y : 0x7fdd819cc010
108_SUM::x : 0x7fdd47dad010
24_POW::a : 0x7fddb51c8010
24_POW::b : 0x7fdda9aac010
24_POW::y : 0x7fdd9e390010
48_SQRTX::x : 0x7fdd87559010
60_TGAMMA::x : 0x7fddc9239010
60_TGAMMA::y : 0x7fddc6472010
84_DOT::x : 0x7fdd534c8010
84_DOT::y : 0x7fdd2b3e9010
12_POW::a : 0x7fddc08e4010
12_POW::b : 0x7fdd98802010
12_POW::y : 0x7fdd92c74010
36_DOT::x : 0x7fdd819cb010
36_DOT::y : 0x7fdd1a140010
12_POW::a : 0x7fddc6472010
12_POW::b : 0x7fddbad56010
12_POW::y : 0x7fddb51c8010
84_SUM::x : 0x7fdcf2061010
60_TGAMMA::x : 0x7fddc9239010
60_TGAMMA::y : 0x7fddc6472010
60_XPY::x : 0x7fdda9aae010
60_XPY::y : 0x7fdd8d0ea010
12_POW::a : 0x7fdd8755c010
12_POW::b : 0x7fdd819ce010
12_POW::y : 0x7fdd7be40010
24_POW::a : 0x7fdd6fe8b010
24_POW::b : 0x7fdd6476f010
24_POW::y : 0x7fdd59053010
24_ERF::x : 0x7fdd4d937010
24_ERF::y : 0x7fdd4221b010
12_TGAMMA::x : 0x7fddd00017d0
12_TGAMMA::y : 0x7fddd09293e0
12_ERF::x : 0x7fddc6472010
12_ERF::y : 0x7fdd8755c010
36_POW::a : 0x7fdd7be41010
36_POW::b : 0x7fdd30f72010
36_POW::y : 0x7fdd1fcc9010
48_XPY::x : 0x7fdd4221c010
48_XPY::y : 0x7fdd08e92010
84_SUM::x : 0x7fdda3f21010
132_SUM::x : 0x7fdcc9f7d010
60_COPY::x : 0x7fddaf63c010
60_COPY::y : 0x7fdd92c78010
120_TGAMMA::x : 0x7fdd8d0ea010
120_TGAMMA::y : 0x7fdd75a19010
36_DOT::x : 0x7fdd64770010
36_DOT::y : 0x7fdd534c7010
12_TGAMMA::x : 0x7fddd00017d0
12_TGAMMA::y : 0x7fddd09293e0
132_SUM::x : 0x7fdd145b2010
12_POW::a : 0x7fdd8755c010
12_POW::b : 0x7fdd819ce010
12_POW::y : 0x7fdd7be40010
36_DOT::x : 0x7fddbad57010
36_DOT::y : 0x7fdda9aae010
48_SQRTX::x : 0x7fdd92c77010
84_SUM::x : 0x7fdd534c8010
132_SUM::x : 0x7fdd145b3010
48_SQRTX::x : 0x7fddb51c9010
48_ERF::x : 0x7fdd9e392010
48_ERF::y : 0x7fdd8755b010
60_COPY::x : 0x7fdd5ebe3010
60_COPY::y : 0x7fdcf7bef010
24_ERF::x : 0x7fdd7be3f010
24_ERF::y : 0x7fdd534c7010
60_COPY::x : 0x7fdd36b03010
60_COPY::y : 0x7fdd1a13f010
36_POW::a : 0x7fddbad57010
36_POW::b : 0x7fdce6946010
36_POW::y : 0x7fdcd569d010
108_SUM::x : 0x7fdd8755d010
60_TGAMMA::x : 0x7fdd84796010
60_TGAMMA::y : 0x7fdd819cf010
84_DOT::x : 0x7fdd534c8010
84_DOT::y : 0x7fdd2b3e9010
24_ERF::x : 0x7fdd7be41010
24_ERF::y : 0x7fdd1fccd010
84_COPY::x : 0x7fdd92c78010
84_COPY::y : 0x7fdcad5be010
12_TGAMMA::x : 0x7fddd00017d0
12_TGAMMA::y : 0x7fddd09293e0
60_TGAMMA::x : 0x7fddc9239010
60_TGAMMA::y : 0x7fddc6472010
60_XPY::x : 0x7fdd0ea25010
60_XPY::y : 0x7fdcf2061010
12_POW::a : 0x7fddc08e4010
12_POW::b : 0x7fdd8d0ea010
12_POW::y : 0x7fdd8755c010
84_COPY::x : 0x7fdd534c8010
84_COPY::y : 0x7fdd2b3e9010
24_ERF::x : 0x7fddc08e4010
24_ERF::y : 0x7fdd8755c010
60_TGAMMA::x : 0x7fddbdb1d010
60_TGAMMA::y : 0x7fddbad56010
48_ERF::x : 0x7fdda3f1f010
48_ERF::y : 0x7fdd8d0e8010
132_SUM::x : 0x7fdcec4d4010
24_ERF::x : 0x7fddc08e4010
24_ERF::y : 0x7fdd819cc010
120_TGAMMA::x : 0x7fddc6472010
120_TGAMMA::y : 0x7fddc08e4010
84_COPY::x : 0x7fdd534c8010
84_COPY::y : 0x7fdd2b3e9010
108_SUM::x : 0x7fdcf7bef010
24_ERF::x : 0x7fddb51c8010
24_ERF::y : 0x7fdda9aac010
12_POW::a : 0x7fddc6472010
12_POW::b : 0x7fddc08e4010
12_POW::y : 0x7fddbad56010
48_XPY::x : 0x7fdd92c75010
48_XPY::y : 0x7fdd7be3e010
12_TGAMMA::x : 0x7fddd00017d0
12_TGAMMA::y : 0x7fddd09293e0
12_POW::a : 0x7fdd64770010
12_POW::b : 0x7fdd5ebe2010
12_POW::y : 0x7fdd59054010
36_DOT::x : 0x7fdda9aad010
36_DOT::y : 0x7fdd6a2fe010
48_ERF::x : 0x7fdd4221d010
48_ERF::y : 0x7fdd2b3e6010
60_TGAMMA::x : 0x7fddc9239010
60_TGAMMA::y : 0x7fddc6472010
132_SUM::x : 0x7fdcec4d1010
60_COPY::x : 0x7fdda9aae010
60_COPY::y : 0x7fdd8d0ea010
60_XPY::x : 0x7fdd5ebe3010
60_XPY::y : 0x7fdccfb0d010
12_TGAMMA::x : 0x185f4c0
12_TGAMMA::y : 0x21870d0
84_DOT::x : 0x7fdd36b04010
84_DOT::y : 0x7fdca7a2e010
24_ERF::x : 0x7fdd819ce010
24_ERF::y : 0x7fdd2b3e8010
  итерация 2: 1249257 ms
60_TGAMMA::x : 0x7fdd98805010
60_TGAMMA::y : 0x7fdd92c77010
60_TGAMMA::x : 0x7fdd9b5cc010
60_TGAMMA::y : 0x7fdd95a3e010
12_POW::a : 0x7fddc6472010
12_POW::b : 0x7fdd8d0e9010
12_POW::y : 0x7fdd8755b010
84_DOT::x : 0x7fdd9e393010
84_DOT::y : 0x7fdd534c8010
12_POW::a : 0x7fddc6472010
12_POW::b : 0x7fdd8d0e9010
12_POW::y : 0x7fdd8755b010
120_TGAMMA::x : 0x7fdd819cd010
120_TGAMMA::y : 0x7fdd7be3f010
12_POW::a : 0x7fdd98805010
12_POW::b : 0x7fdd92c77010
12_POW::y : 0x7fdd4d93a010
84_COPY::x : 0x7fdd2585b010
84_COPY::y : 0x7fdcfd77c010
84_SUM::x : 0x7fdda3f21010
84_COPY::x : 0x7fdd534c8010
84_COPY::y : 0x7fdcd569d010
84_DOT::x : 0x7fdda3f21010
84_DOT::y : 0x7fdcad5be010
36_DOT::x : 0x7fdd92c78010
36_DOT::y : 0x7fdd819cf010
84_DOT::x : 0x7fdd2b3e9010
84_DOT::y : 0x7fdd0330a010
84_COPY::x : 0x7fdd7be42010
84_COPY::y : 0x7fdc854df010
48_SQRTX::x : 0x7fddb51c9010
36_POW::a : 0x7fdd6a2fe010
36_POW::b : 0x7fdd59055010
36_POW::y : 0x7fdcf2061010
12_SQRTX::x : 0x7fddaf63b010
24_POW::a : 0x7fddc08e4010
24_POW::b : 0x7fdd4d939010
24_POW::y : 0x7fdd4221d010
48_SQRTX::x : 0x7fdda9aad010
12_TGAMMA::x : 0x185f4c0
12_TGAMMA::y : 0x21870d0
132_SUM::x : 0x7fdd03308010
120_TGAMMA::x : 0x7fdda3f1f010
120_TGAMMA::y : 0x7fdd9e391010
120_TGAMMA::x : 0x7fddc6472010
120_TGAMMA::y : 0x7fddc08e4010
12_TGAMMA::x : 0x7fddd00017d0
12_TGAMMA::y : 0x7fddd09293e0
120_TGAMMA::x : 0x7fddbad56010
120_TGAMMA::y : 0x7fddb51c8010
36_DOT::x : 0x7fdd8d0e8010
36_DOT::y : 0x7fdd7be3f010
12_SQRTX::x : 0x7fddaf63a010
84_SUM::x : 0x7fdd534c8010
48_XPY::x : 0x7fdd9e391010
48_XPY::y : 0x7fdd8755a010
36_POW::a : 0x7fdd4221f010
36_POW::b : 0x7fdd30f76010
36_POW::y : 0x7fdd1fccd010
12_ERF::x : 0x7fddc6472010
12_ERF::y : 0x7fddc08e4010
48_SQRTX::x : 0x7fdd64770010
24_POW::a : 0x7fddc08e4010
24_POW::b : 0x7fddb51c8010
24_POW::y : 0x7fdd7be3e010
84_SUM::x : 0x7fdd8d0e9010
108_SUM::x : 0x7fdcec4d3010
36_POW::a : 0x7fddbad57010
36_POW::b : 0x7fdd7be40010
36_POW::y : 0x7fdd6a2fe010
84_DOT::x : 0x7fdd4221f010
84_DOT::y : 0x7fdcc43f4010
12_ERF::x : 0x7fddb51c9010
12_ERF::y : 0x7fddaf63b010
60_COPY::x : 0x7fdd9e393010
60_COPY::y : 0x7fdd2585b010
12_POW::a : 0x7fdd98805010
12_POW::b : 0x7fdd92c77010
12_POW::y : 0x7fdd8d0e9010
48_ERF::x : 0x7fdd0ea24010
48_ERF::y : 0x7fdcf7bed010
12_POW::a : 0x7fdd8755c010
12_POW::b : 0x7fdd819ce010
12_POW::y : 0x7fdd7be40010
36_DOT::x : 0x7fddbad57010
36_DOT::y : 0x7fdd8d0ea010
24_POW::a : 0x7fddaf63b010
24_POW::b : 0x7fdda3f1f010
24_POW::y : 0x7fdd6fe8b010
60_XPY::x : 0x7fdd534c7010
60_XPY::y : 0x7fdd36b03010
84_COPY::x : 0x7fdd7be40010
84_COPY::y : 0x7fdccfb0e010
120_TGAMMA::x : 0x7fddc6472010
120_TGAMMA::y : 0x7fddc08e4010
108_SUM::x : 0x7fdd03309010
108_SUM::x : 0x7fdd47dad010
24_ERF::x : 0x7fddb51c8010
24_ERF::y : 0x7fdda9aac010
12_TGAMMA::x : 0x185f4c0
12_TGAMMA::y : 0x21870d0
60_TGAMMA::x : 0x7fddc9239010
60_TGAMMA::y : 0x7fddc6472010
36_DOT::x : 0x7fdd98803010
36_DOT::y : 0x7fdd8755a010
48_ERF::x : 0x7fddaf63b010
48_ERF::y : 0x7fdd30f76010
12_POW::a : 0x7fdda9aad010
12_POW::b : 0x7fdd819cc010
12_POW::y : 0x7fdd7be3e010
84_SUM::x : 0x7fdd534c8010
12_TGAMMA::x : 0x185f4c0
12_TGAMMA::y : 0x21870d0
60_XPY::x : 0x7fdd8d0e9010
60_XPY::y : 0x7fdd145b2010
84_COPY::x : 0x7fdcec4d3010
84_COPY::y : 0x7fdcc43f4010
60_COPY::x : 0x7fdd5ebe3010
60_COPY::y : 0x7fdca7a30010
60_TGAMMA::x : 0x7fddc9239010
60_TGAMMA::y : 0x7fddc6472010
12_POW::a : 0x7fddc6472010
12_POW::b : 0x7fddc08e4010
12_POW::y : 0x7fddbad56010
36_DOT::x : 0x7fdda9aad010
36_DOT::y : 0x7fdd98804010
48_SQRTX::x : 0x7fdd819cd010
24_ERF::x : 0x7fddc08e4010
24_ERF::y : 0x7fdd6fe8b010
60_COPY::x : 0x7fdda3f20010
60_COPY::y : 0x7fdd534c7010
84_DOT::x : 0x7fdd2b3e8010
84_DOT::y : 0x7fdc9c315010
132_SUM::x : 0x7fdcec4d3010
24_ERF::x : 0x7fddc08e4010
24_ERF::y : 0x7fdd98804010
24_ERF::x : 0x7fddc08e4010
24_ERF::y : 0x7fdd98804010
84_COPY::x : 0x7fdd534c8010
84_COPY::y : 0x7fdcc43f4010
120_TGAMMA::x : 0x7fddbad56010
120_TGAMMA::y : 0x7fddb51c8010
60_COPY::x : 0x7fdd7be40010
60_COPY::y : 0x7fdd36b04010
84_DOT::x : 0x7fdd0ea25010
84_DOT::y : 0x7fdc9c315010
36_DOT::x : 0x7fdda3f1f010
36_DOT::y : 0x7fdd6a2fe010
12_TGAMMA::x : 0x7fddd4000da0
12_TGAMMA::y : 0x7fddd49289b0
36_DOT::x : 0x7fddbad57010
36_DOT::y : 0x7fdd59055010
24_ERF::x : 0x7fdd98803010
24_ERF::y : 0x7fdd8d0e7010
48_ERF::x : 0x7fdd4221e010
48_ERF::y : 0x7fdd2b3e7010
132_SUM::x : 0x7fdcec4d2010
132_SUM::x : 0x7fdcad5bd010
24_ERF::x : 0x7fddc08e4010
24_ERF::y : 0x7fddb51c8010
12_POW::a : 0x7fddc6472010
12_POW::b : 0x7fddc08e4010
12_POW::y : 0x7fddbad56010
48_ERF::x : 0x7fdda3f1f010
48_ERF::y : 0x7fdd8d0e8010
48_XPY::x : 0x7fdd64770010
48_XPY::y : 0x7fdd4d939010
48_XPY::x : 0x7fdd36b02010
48_XPY::y : 0x7fdd1fccb010
132_SUM::x : 0x7fdce0db6010
60_TGAMMA::x : 0x7fddc9239010
60_TGAMMA::y : 0x7fddc6472010
36_DOT::x : 0x7fddb51c9010
36_DOT::y : 0x7fdda3f20010
60_TGAMMA::x : 0x7fdda1159010
60_TGAMMA::y : 0x7fdd9e392010
36_POW::a : 0x7fdd8d0e9010
36_POW::b : 0x7fdd7be40010
36_POW::y : 0x7fdd6a2fe010
12_POW::a : 0x7fddc08e4010
12_POW::b : 0x7fddbad56010
12_POW::y : 0x7fddb51c8010
60_XPY::x : 0x7fdd4d93a010
60_XPY::y : 0x7fdd30f76010
60_TGAMMA::x : 0x7fddc9239010
60_TGAMMA::y : 0x7fddc6472010
24_POW::a : 0x7fddbad56010
24_POW::b : 0x7fddaf63a010
24_POW::y : 0x7fdda3f1e010
24_ERF::x : 0x7fdd2585a010
24_ERF::y : 0x7fdd1a13e010
12_TGAMMA::x : 0x185f4c0
12_TGAMMA::y : 0x21870d0
60_TGAMMA::x : 0x7fddc9239010
60_TGAMMA::y : 0x7fddc6472010
132_SUM::x : 0x7fdd3c692010
108_SUM::x : 0x7fdd92c78010
  итерация 3: 1265841 ms
12_TGAMMA::x : 0x7fddd00017d0
12_TGAMMA::y : 0x7fddd09293e0
12_SQRTX::x : 0x7fdd98805010
12_POW::a : 0x7fdd9e393010
12_POW::b : 0x7fdd92c77010
12_POW::y : 0x7fdd8d0e9010
84_COPY::x : 0x7fdda3f21010
84_COPY::y : 0x7fdd534c8010
84_DOT::x : 0x7fdd2b3e9010
84_DOT::y : 0x7fdd0330a010
48_XPY::x : 0x7fdcec4d3010
48_XPY::y : 0x7fdcd569c010
48_SQRTX::x : 0x7fdd8d0ea010
12_POW::a : 0x7fdd9e393010
12_POW::b : 0x7fdd98805010
12_POW::y : 0x7fdd92c77010
132_SUM::x : 0x7fdcc43f5010
12_ERF::x : 0x7fdd8d0e9010
12_ERF::y : 0x7fdd8755b010
120_TGAMMA::x : 0x7fdd9e393010
120_TGAMMA::y : 0x7fdd98805010
12_POW::a : 0x7fdd92c77010
12_POW::b : 0x7fdd8d0e9010
12_POW::y : 0x7fdd8755b010
36_DOT::x : 0x7fddbad57010
36_DOT::y : 0x7fdda9aae010
120_TGAMMA::x : 0x7fdd819cd010
120_TGAMMA::y : 0x7fdd7be3f010
24_ERF::x : 0x7fdd8d0e9010
24_ERF::y : 0x7fdd6fe8b010
60_COPY::x : 0x7fddaf63c010
60_COPY::y : 0x7fdd534c7010
84_COPY::x : 0x7fdd2b3e8010
84_COPY::y : 0x7fdd03309010
84_DOT::x : 0x7fdd8755d010
84_DOT::y : 0x7fdcdb22a010
36_POW::a : 0x7fdcc9f81010
36_POW::b : 0x7fdcb8cd8010
36_POW::y : 0x7fdca7a2f010
24_POW::a : 0x7fddc08e4010
24_POW::b : 0x7fddb51c8010
24_POW::y : 0x7fdd7be41010
60_TGAMMA::x : 0x7fddb2401010
60_TGAMMA::y : 0x7fddaf63a010
108_SUM::x : 0x7fdd7be40010
84_DOT::x : 0x7fdd534c8010
84_DOT::y : 0x7fdd2b3e9010
12_SQRTX::x : 0x7fddc6472010
84_DOT::x : 0x7fdd0330a010
84_DOT::y : 0x7fdcdb22b010
120_TGAMMA::x : 0x7fddc6472010
120_TGAMMA::y : 0x7fddc08e4010
12_POW::a : 0x7fddbad56010
12_POW::b : 0x7fddb51c8010
12_POW::y : 0x7fddaf63a010
120_TGAMMA::x : 0x7fdda9aac010
120_TGAMMA::y : 0x7fdda3f1e010
84_SUM::x : 0x7fdd7be3f010
84_SUM::x : 0x7fdd534c8010
36_DOT::x : 0x7fddbad57010
36_DOT::y : 0x7fdd4221f010
84_COPY::x : 0x7fdd7be3f010
84_COPY::y : 0x7fdd1a140010
108_SUM::x : 0x7fdce6946010
36_DOT::x : 0x7fddbad57010
36_DOT::y : 0x7fdd6a2fe010
24_POW::a : 0x7fddaf63b010
24_POW::b : 0x7fdda3f1f010
24_POW::y : 0x7fdd5ebe2010
60_TGAMMA::x : 0x7fdd5be1b010
60_TGAMMA::y : 0x7fdd59054010
24_POW::a : 0x7fddc08e4010
24_POW::b : 0x7fdd6fe8b010
24_POW::y : 0x7fdd4d938010
60_TGAMMA::x : 0x7fddbdb1d010
60_TGAMMA::y : 0x7fdda1158010
48_SQRTX::x : 0x7fdda6ce6010
36_POW::a : 0x7fdd8feaf010
36_POW::b : 0x7fdd7ec06010
36_POW::y : 0x7fdd5ebe2010
84_DOT::x : 0x7fdd25859010
84_DOT::y : 0x7fdcfd77a010
12_POW::a : 0x7fddc6472010
12_POW::b : 0x7fddc08e4010
12_POW::y : 0x7fdda1158010
12_TGAMMA::x : 0x7fddd00017d0
12_TGAMMA::y : 0x7fddd09293e0
48_SQRTX::x : 0x7fddb51c9010
60_COPY::x : 0x7fdce0db6010
60_COPY::y : 0x7fdcc43f2010
48_XPY::x : 0x7fdd9e392010
48_XPY::y : 0x7fdd8755b010
36_DOT::x : 0x7fddbad57010
36_DOT::y : 0x7fdd6a2fe010
84_SUM::x : 0x7fdd4221f010
84_SUM::x : 0x7fdd1a140010
132_SUM::x : 0x7fdcdb22b010
132_SUM::x : 0x7fdc9c316010
120_TGAMMA::x : 0x7fddc6472010
120_TGAMMA::y : 0x7fddc08e4010
60_COPY::x : 0x7fdda3f20010
60_COPY::y : 0x7fdd8755c010
60_TGAMMA::x : 0x7fdd84795010
60_TGAMMA::y : 0x7fdd819ce010
36_DOT::x : 0x7fdd6a2fe010
36_DOT::y : 0x7fdd59055010
36_POW::a : 0x7fddaf63b010
36_POW::b : 0x7fdd9e392010
36_POW::y : 0x7fdd8d0e9010
48_ERF::x : 0x7fdd4221e010
48_ERF::y : 0x7fdd2b3e7010
24_POW::a : 0x7fddc08e4010
24_POW::b : 0x7fdd6fe8b010
24_POW::y : 0x7fdd6476f010
60_XPY::x : 0x7fdd0ea23010
60_XPY::y : 0x7fdcf205f010
60_TGAMMA::x : 0x7fddc9239010
60_TGAMMA::y : 0x7fddc6472010
48_ERF::x : 0x7fdd64770010
48_ERF::y : 0x7fdd4d939010
132_SUM::x : 0x7fdd8755d010
12_TGAMMA::x : 0x7fddd00017d0
12_TGAMMA::y : 0x7fddd09293e0
36_POW::a : 0x7fdd3c690010
36_POW::b : 0x7fdd2b3e7010
36_POW::y : 0x7fdd1a13e010
24_ERF::x : 0x7fdd7be41010
24_ERF::y : 0x7fdd0ea22010
36_DOT::x : 0x7fdd08e95010
36_DOT::y : 0x7fdcf7bec010
24_ERF::x : 0x7fddc08e4010
24_ERF::y : 0x7fddb51c8010
36_DOT::x : 0x7fdda3f1f010
36_DOT::y : 0x7fdd92c76010
36_DOT::x : 0x7fdd819cd010
36_DOT::y : 0x7fdd6a2fe010
48_ERF::x : 0x7fdd9e391010
48_ERF::y : 0x7fdd534c7010
108_SUM::x : 0x7fdce6944010
84_COPY::x : 0x7fdd2b3e8010
84_COPY::y : 0x7fdcbe865010
48_SQRTX::x : 0x7fddb51c9010
48_ERF::x : 0x7fdd8755a010
48_ERF::y : 0x7fdd145b1010
60_TGAMMA::x : 0x7fddb2402010
60_TGAMMA::y : 0x7fddaf63b010
60_TGAMMA::x : 0x7fddc9239010
60_TGAMMA::y : 0x7fddc6472010
12_POW::a : 0x7fdda3f20010
12_POW::b : 0x7fdd9e392010
12_POW::y : 0x7fdd819cc010
60_XPY::x : 0x7fdda9aae010
60_XPY::y : 0x7fdd5ebe3010
24_ERF::x : 0x7fdd534c7010
24_ERF::y : 0x7fdd47dab010
12_TGAMMA::x : 0x185f4c0
12_TGAMMA::y : 0x21870d0
132_SUM::x : 0x7fdd08e96010
84_COPY::x : 0x7fdd819cf010
84_COPY::y : 0x7fdce0db7010
60_COPY::x : 0x7fdcc43f3010
60_COPY::y : 0x7fdca7a2f010
24_ERF::x : 0x7fddc08e4010
24_ERF::y : 0x7fddb51c8010
120_TGAMMA::x : 0x7fddaf63a010
120_TGAMMA::y : 0x7fdd7be41010
60_TGAMMA::x : 0x7fddc9239010
60_TGAMMA::y : 0x7fddc6472010
12_POW::a : 0x7fddc08e4010
12_POW::b : 0x7fddbad56010
12_POW::y : 0x7fddb51c8010
108_SUM::x : 0x7fdd47dad010
132_SUM::x : 0x7fdd08e98010
84_DOT::x : 0x7fdd8755b010
84_DOT::y : 0x7fdce0db9010
24_ERF::x : 0x7fddc08e4010
24_ERF::y : 0x7fddb51c8010
24_ERF::x : 0x7fdd7be3f010
24_ERF::y : 0x7fdd6fe8b010
60_XPY::x : 0x7fddaf63c010
60_XPY::y : 0x7fdd534c7010
12_POW::a : 0x7fdd4d939010
12_POW::b : 0x7fdd47dab010
12_POW::y : 0x7fdd4221d010
12_ERF::x : 0x7fdd819cd010
12_ERF::y : 0x7fdd7be3f010
12_TGAMMA::x : 0x7fddd4000da0
12_TGAMMA::y : 0x7fddd49289b0
12_POW::a : 0x7fdd819cf010
12_POW::b : 0x7fdd7be41010
12_POW::y : 0x7fdd75a19010
84_COPY::x : 0x7fdd8755d010
84_COPY::y : 0x7fdd2b3e8010
48_XPY::x : 0x7fdd145b1010
48_XPY::y : 0x7fdcfd77a010
12_TGAMMA::x : 0x7fddd00017d0
12_TGAMMA::y : 0x7fddd09293e0
  итерация 4: 1260241 ms
  среднее по 5 итерациям: 1256173 ms
=== Выполняется проект: no_po_14.txt (100 работ) ===
12_TGAMMA::x : 0x7fddd4000da0
12_TGAMMA::y : 0x7fddd49289b0
36_POW::a : 0x7fdd6a2fe010
36_POW::b : 0x7fdd47dac010
36_POW::y : 0x7fdd2585a010
36_POW::a : 0x7fddbad57010
36_POW::b : 0x7fdd59055010
36_POW::y : 0x7fdd36b03010
60_XPY::x : 0x7fdd9e393010
60_XPY::y : 0x7fdd819cf010
12_ERF::x : 0x7fdd7be41010
12_ERF::y : 0x7fdd1fccc010
108_SUM::x : 0x7fdcf2060010
84_DOT::x : 0x7fdd92c78010
84_DOT::y : 0x7fdcc9f81010
12_POW::a : 0x7fdd8d0ea010
12_POW::b : 0x7fdd8755c010
12_POW::y : 0x7fdd819ce010
84_DOT::x : 0x7fdcfd77b010
84_DOT::y : 0x7fdca1ea2010
48_XPY::x : 0x7fdd64770010
48_XPY::y : 0x7fdd4d939010
36_DOT::x : 0x7fddbad57010
36_DOT::y : 0x7fdd819cf010
48_XPY::x : 0x7fdd7be41010
48_XPY::y : 0x7fdd36b02010
24_POW::a : 0x7fddc08e4010
24_POW::b : 0x7fdd6fe8b010
24_POW::y : 0x7fdd6476f010
12_ERF::x : 0x7fddbad56010
12_ERF::y : 0x7fddb51c8010
36_POW::a : 0x7fdda3f1f010
36_POW::b : 0x7fdd534c6010
36_POW::y : 0x7fdd25859010
24_ERF::x : 0x7fddb51c8010
24_ERF::y : 0x7fdd98803010
24_POW::a : 0x7fddc08e4010
24_POW::b : 0x7fdd6fe8b010
24_POW::y : 0x7fdd6476f010
24_ERF::x : 0x7fddb51c8010
24_ERF::y : 0x7fdd98803010
48_SQRTX::x : 0x7fdd819cc010
60_COPY::x : 0x7fdd47dab010
60_COPY::y : 0x7fdd2b3e7010
24_ERF::x : 0x7fddb51c8010
24_ERF::y : 0x7fdda9aac010
120_TGAMMA::x : 0x7fddc6472010
120_TGAMMA::y : 0x7fddc08e4010
60_XPY::x : 0x7fdd8d0e8010
60_XPY::y : 0x7fdd0ea23010
48_XPY::x : 0x7fdda9aad010
48_XPY::y : 0x7fdd64770010
84_DOT::x : 0x7fdce6944010
84_DOT::y : 0x7fdcbe865010
36_POW::a : 0x7fddbad57010
36_POW::b : 0x7fdda9aae010
36_POW::y : 0x7fdd7be3f010
60_TGAMMA::x : 0x7fdd787e0010
60_TGAMMA::y : 0x7fdd75a19010
48_ERF::x : 0x7fdd92c77010
48_ERF::y : 0x7fdd5ebe2010
36_POW::a : 0x7fdd4d939010
36_POW::b : 0x7fdd3c690010
36_POW::y : 0x7fdd2b3e7010
60_COPY::x : 0x7fdd0ea23010
60_COPY::y : 0x7fdcf205f010
60_XPY::x : 0x7fddaf63c010
60_XPY::y : 0x7fdcd569b010
12_TGAMMA::x : 0x7fddd00017d0
12_TGAMMA::y : 0x7fddd09293e0
36_POW::a : 0x7fdd9e393010
36_POW::b : 0x7fdd8d0ea010
36_POW::y : 0x7fdd7be41010
12_TGAMMA::x : 0x7fddd4000da0
12_TGAMMA::y : 0x7fddd49289b0
120_TGAMMA::x : 0x7fdd75a19010
120_TGAMMA::y : 0x7fdd6fe8b010
24_ERF::x : 0x7fdd6476f010
24_ERF::y : 0x7fdd59053010
120_TGAMMA::x : 0x7fddc6472010
120_TGAMMA::y : 0x7fddc08e4010
24_POW::a : 0x7fddb51c8010
24_POW::b : 0x7fdda9aac010
24_POW::y : 0x7fdd9e390010
60_COPY::x : 0x7fdd819cc010
60_COPY::y : 0x7fdd534c7010
84_DOT::x : 0x7fdd2b3e8010
84_DOT::y : 0x7fdd03309010
108_SUM::x : 0x7fdccfb0f010
12_ERF::x : 0x7fddbad56010
12_ERF::y : 0x7fddb51c8010
60_TGAMMA::x : 0x7fddc9239010
60_TGAMMA::y : 0x7fddc6472010
132_SUM::x : 0x7fdd8755d010
36_POW::a : 0x7fdd6a2fe010
36_POW::b : 0x7fdd59055010
36_POW::y : 0x7fdcf2060010
36_POW::a : 0x7fdce0db7010
36_POW::b : 0x7fdccfb0e010
36_POW::y : 0x7fdcbe865010
36_DOT::x : 0x7fdd47dac010
36_DOT::y : 0x7fdd36b03010
120_TGAMMA::x : 0x7fddc6472010
120_TGAMMA::y : 0x7fddc08e4010
24_ERF::x : 0x7fddb51c8010
24_ERF::y : 0x7fdda9aac010
24_ERF::x : 0x7fdd9e390010
24_ERF::y : 0x7fdd92c74010
84_SUM::x : 0x7fdd534c8010
84_COPY::x : 0x7fdd2b3e9010
84_COPY::y : 0x7fdd0330a010
12_SQRTX::x : 0x7fddbad56010
12_POW::a : 0x7fddb51c8010
12_POW::b : 0x7fddaf63a010
12_POW::y : 0x7fdda9aac010
48_ERF::x : 0x7fdd92c75010
48_ERF::y : 0x7fdd7be3e010
12_TGAMMA::x : 0x7fddd4000da0
12_TGAMMA::y : 0x7fddd49289b0
108_SUM::x : 0x7fdccfb10010
36_POW::a : 0x7fddbad57010
36_POW::b : 0x7fdda9aae010
36_POW::y : 0x7fdd6a2fe010
24_ERF::x : 0x7fdd5ebe2010
24_ERF::y : 0x7fdcf7bee010
108_SUM::x : 0x7fdcc43f4010
84_SUM::x : 0x7fdd819cf010
12_SQRTX::x : 0x7fdd7be41010
36_POW::a : 0x7fddbad57010
36_POW::b : 0x7fdda9aae010
36_POW::y : 0x7fdd6a2fe010
48_XPY::x : 0x7fdd534c7010
48_XPY::y : 0x7fdd3c690010
84_COPY::x : 0x7fdd819cf010
84_COPY::y : 0x7fdd145b1010
48_SQRTX::x : 0x7fdcfd77a010
12_SQRTX::x : 0x7fdd7be41010
24_POW::a : 0x7fddc08e4010
24_POW::b : 0x7fddb51c8010
24_POW::y : 0x7fdd6fe8b010
120_TGAMMA::x : 0x7fddaf63a010
120_TGAMMA::y : 0x7fdd6a2fd010
60_TGAMMA::x : 0x7fddac873010
60_TGAMMA::y : 0x7fdd7ec08010
24_ERF::x : 0x7fdda1157010
24_ERF::y : 0x7fdd95a3b010
84_DOT::x : 0x7fdd4221e010
84_DOT::y : 0x7fdd1a13f010
48_ERF::x : 0x7fddb51c9010
48_ERF::y : 0x7fdd7ec04010
84_COPY::x : 0x7fdcf2060010
84_COPY::y : 0x7fdcc9f81010
108_SUM::x : 0x7fdc96787010
48_XPY::x : 0x7fdd9e392010
48_XPY::y : 0x7fdd64770010
120_TGAMMA::x : 0x7fddc6472010
120_TGAMMA::y : 0x7fddc08e4010
84_DOT::x : 0x7fdd3c691010
84_DOT::y : 0x7fdca1ea2010
24_ERF::x : 0x7fdd92c76010
24_ERF::y : 0x7fdd8755a010
84_COPY::x : 0x7fdd145b2010
84_COPY::y : 0x7fdcec4d3010
84_DOT::x : 0x7fdd98805010
84_DOT::y : 0x7fdc79dc3010
12_ERF::x : 0x7fddc6472010
12_ERF::y : 0x7fddc08e4010
60_XPY::x : 0x7fdd7be41010
60_XPY::y : 0x7fdd5ebe3010
120_TGAMMA::x : 0x7fddc6472010
120_TGAMMA::y : 0x7fddc08e4010
84_SUM::x : 0x7fdd98805010
12_SQRTX::x : 0x7fddbad56010
60_TGAMMA::x : 0x7fddc9239010
60_TGAMMA::y : 0x7fddc6472010
60_COPY::x : 0x7fdda9aae010
60_COPY::y : 0x7fdd4221f010
24_POW::a : 0x7fdd9e392010
24_POW::b : 0x7fdd36b03010
24_POW::y : 0x7fdd2b3e7010
24_ERF::x : 0x7fdd92c76010
24_ERF::y : 0x7fdd8755a010
60_XPY::x : 0x7fdd5ebe3010
60_XPY::y : 0x7fdd0ea23010
48_ERF::x : 0x7fdd8755b010
48_ERF::y : 0x7fdcf7bec010
48_XPY::x : 0x7fdd2b3e8010
48_XPY::y : 0x7fdce0db5010
48_SQRTX::x : 0x7fddb51c9010
48_SQRTX::x : 0x7fdd9e392010
24_POW::a : 0x7fddc08e4010
24_POW::b : 0x7fdd92c76010
24_POW::y : 0x7fdd8755a010
36_DOT::x : 0x7fdd6a2fe010
36_DOT::y : 0x7fdd59055010
48_XPY::x : 0x7fdd4221e010
48_XPY::y : 0x7fdd2b3e7010
12_TGAMMA::x : 0x7fddcc000be0
12_TGAMMA::y : 0x7fddcc9287f0
108_SUM::x : 0x7fdcf7bed010
  итерация 0: 1387957 ms
24_ERF::x : 0x7fdd8d0e9010
24_ERF::y : 0x7fdd819cd010
36_DOT::x : 0x7fdd6a2fe010
36_DOT::y : 0x7fdd59055010
36_POW::a : 0x7fddbad57010
36_POW::b : 0x7fdda9aae010
36_POW::y : 0x7fdd98805010
84_DOT::x : 0x7fdd30f76010
84_DOT::y : 0x7fdd08e97010
108_SUM::x : 0x7fdcd569d010
36_POW::a : 0x7fdd8755c010
36_POW::b : 0x7fdd6a2fe010
36_POW::y : 0x7fdd59055010
60_COPY::x : 0x7fdcec4d3010
60_COPY::y : 0x7fdccfb0f010
12_TGAMMA::x : 0x7fddcc000be0
12_TGAMMA::y : 0x7fddcc9287f0
60_XPY::x : 0x7fdd3c691010
60_XPY::y : 0x7fdd1fccd010
24_POW::a : 0x7fddc08e4010
24_POW::b : 0x7fddb51c8010
24_POW::y : 0x7fdda9aac010
24_ERF::x : 0x7fdd9e390010
24_ERF::y : 0x7fdd92c74010
24_ERF::x : 0x7fddc08e4010
24_ERF::y : 0x7fddb51c8010
48_XPY::x : 0x7fdd64770010
48_XPY::y : 0x7fdd08e96010
48_XPY::x : 0x7fdd4d939010
48_XPY::y : 0x7fdd36b02010
36_POW::a : 0x7fdda3f1f010
36_POW::b : 0x7fdd92c76010
36_POW::y : 0x7fdd819cd010
12_POW::a : 0x7fddc6472010
12_POW::b : 0x7fddc08e4010
12_POW::y : 0x7fddbad56010
12_TGAMMA::x : 0x7fddcc000be0
12_TGAMMA::y : 0x7fddcc9287f0
48_XPY::x : 0x7fddb51c9010
48_XPY::y : 0x7fdcf205f010
60_TGAMMA::x : 0x7fdd7ec06010
60_TGAMMA::y : 0x7fdd7be3f010
60_XPY::x : 0x7fdd5ebe3010
60_XPY::y : 0x7fdd4221f010
24_ERF::x : 0x7fdda9aad010
24_ERF::y : 0x7fdd9e391010
60_TGAMMA::x : 0x7fdd9b5ca010
60_TGAMMA::y : 0x7fdd98803010
36_POW::a : 0x7fdda3f20010
36_POW::b : 0x7fdd8755a010
36_POW::y : 0x7fdd30f76010
48_SQRTX::x : 0x7fddb51c9010
24_POW::a : 0x7fdd98804010
24_POW::b : 0x7fdd7be3e010
24_POW::y : 0x7fdd2585a010
84_DOT::x : 0x7fdd534c8010
84_DOT::y : 0x7fdcfd77b010
84_SUM::x : 0x7fdcd569c010
12_ERF::x : 0x7fddc6472010
12_ERF::y : 0x7fddc08e4010
24_POW::a : 0x7fddb51c8010
24_POW::b : 0x7fdda9aac010
24_POW::y : 0x7fdd9e390010
60_XPY::x : 0x7fdd819cc010
60_XPY::y : 0x7fdd36b04010
48_ERF::x : 0x7fdce6944010
48_ERF::y : 0x7fdccfb0d010
84_DOT::x : 0x7fdd534c8010
84_DOT::y : 0x7fdd0ea25010
60_COPY::x : 0x7fddaf63c010
60_COPY::y : 0x7fdcb3149010
108_SUM::x : 0x7fdd7be42010
48_SQRTX::x : 0x7fdd3c691010
36_POW::a : 0x7fdd6a2fe010
36_POW::b : 0x7fdd59055010
36_POW::y : 0x7fdd2b3e8010
84_COPY::x : 0x7fdd03309010
84_COPY::y : 0x7fdcdb22a010
12_ERF::x : 0x7fddc6472010
12_ERF::y : 0x7fddc08e4010
24_ERF::x : 0x7fddb51c8010
24_ERF::y : 0x7fdda9aac010
84_DOT::x : 0x7fdd819cd010
84_DOT::y : 0x7fdcb314b010
12_SQRTX::x : 0x7fddc6472010
24_ERF::x : 0x7fddc08e4010
24_ERF::y : 0x7fddb51c8010
108_SUM::x : 0x7fdd47dad010
12_TGAMMA::x : 0x7fddcc000be0
12_TGAMMA::y : 0x7fddcc9287f0
24_POW::a : 0x7fddc08e4010
24_POW::b : 0x7fddb51c8010
24_POW::y : 0x7fdda9aac010
108_SUM::x : 0x7fdca7a30010
36_POW::a : 0x7fdd98803010
36_POW::b : 0x7fdd8755a010
36_POW::y : 0x7fdd36b04010
132_SUM::x : 0x7fdcf7bef010
36_POW::a : 0x7fddbad57010
36_POW::b : 0x7fdda9aae010
36_POW::y : 0x7fdd6a2fe010
84_DOT::x : 0x7fdccfb10010
84_DOT::y : 0x7fdca7a31010
120_TGAMMA::x : 0x7fdd819cc010
120_TGAMMA::y : 0x7fdd7be3e010
12_SQRTX::x : 0x7fdda3f20010
12_TGAMMA::x : 0x7fddd4000da0
12_TGAMMA::y : 0x7fddd49289b0
36_POW::a : 0x7fdd98805010
36_POW::b : 0x7fdd8755c010
36_POW::y : 0x7fdd59055010
12_SQRTX::x : 0x7fdd534c7010
36_POW::a : 0x7fddbad57010
36_POW::b : 0x7fdda9aae010
36_POW::y : 0x7fdd6a2fe010
84_SUM::x : 0x7fdd30f76010
12_ERF::x : 0x7fdd819ce010
12_ERF::y : 0x7fdd7be40010
24_POW::a : 0x7fdd7be40010
24_POW::b : 0x7fdd2585a010
24_POW::y : 0x7fdd1a13e010
24_ERF::x : 0x7fdd4d939010
24_ERF::y : 0x7fdd4221d010
24_POW::a : 0x7fdd9e392010
24_POW::b : 0x7fdd92c76010
24_POW::y : 0x7fdd5ebe2010
48_ERF::x : 0x7fdd47dab010
48_ERF::y : 0x7fdd03307010
60_TGAMMA::x : 0x7fddc9239010
60_TGAMMA::y : 0x7fddc6472010
12_SQRTX::x : 0x7fddc08e4010
108_SUM::x : 0x7fdccfb0d010
48_ERF::x : 0x7fddb51c9010
48_ERF::y : 0x7fdd7be3f010
120_TGAMMA::x : 0x7fddaf63b010
120_TGAMMA::y : 0x7fdda9aad010
60_COPY::x : 0x7fdd5ebe3010
60_COPY::y : 0x7fdd4221f010
36_DOT::x : 0x7fdd98804010
36_DOT::y : 0x7fdd30f76010
60_TGAMMA::x : 0x7fdda6ce6010
60_TGAMMA::y : 0x7fdda3f1f010
24_ERF::x : 0x7fddc08e4010
24_ERF::y : 0x7fdd98803010
60_XPY::x : 0x7fdd7be3f010
60_XPY::y : 0x7fdd5ebe3010
12_POW::a : 0x7fddbad56010
12_POW::b : 0x7fddb51c8010
12_POW::y : 0x7fddaf63a010
12_TGAMMA::x : 0x185f540
12_TGAMMA::y : 0x2187150
48_ERF::x : 0x7fdd98803010
48_ERF::y : 0x7fdd47dac010
48_XPY::x : 0x7fdd30f75010
48_XPY::y : 0x7fdd1a13e010
120_TGAMMA::x : 0x7fddc6472010
120_TGAMMA::y : 0x7fddc08e4010
36_POW::a : 0x7fddaf63b010
36_POW::b : 0x7fdd8755a010
36_POW::y : 0x7fdd6a2fe010
60_COPY::x : 0x7fdd2b3e8010
60_COPY::y : 0x7fdd0ea24010
84_DOT::x : 0x7fdce6945010
84_DOT::y : 0x7fdcbe866010
84_SUM::x : 0x7fdc96787010
120_TGAMMA::x : 0x7fddc6472010
120_TGAMMA::y : 0x7fddc08e4010
84_DOT::x : 0x7fdd98805010
84_DOT::y : 0x7fdd534c8010
48_XPY::x : 0x7fdd819ce010
48_XPY::y : 0x7fdd3c691010
48_SQRTX::x : 0x7fdd2585a010
84_COPY::x : 0x7fdcfd77b010
84_COPY::y : 0x7fdcd569c010
120_TGAMMA::x : 0x7fddc6472010
120_TGAMMA::y : 0x7fddc08e4010
84_COPY::x : 0x7fdd2b3e9010
84_COPY::y : 0x7fdcad5bd010
120_TGAMMA::x : 0x7fddbad56010
120_TGAMMA::y : 0x7fddb51c8010
48_XPY::x : 0x7fdd9e391010
48_XPY::y : 0x7fdd8755a010
120_TGAMMA::x : 0x7fddc6472010
120_TGAMMA::y : 0x7fddc08e4010
48_XPY::x : 0x7fdd64770010
48_XPY::y : 0x7fdd145b2010
48_SQRTX::x : 0x7fdd4d939010
84_COPY::x : 0x7fdd98805010
84_COPY::y : 0x7fdcec4d3010
24_ERF::x : 0x7fddc08e4010
24_ERF::y : 0x7fdd8d0e9010
60_XPY::x : 0x7fdd47dac010
60_XPY::y : 0x7fdccfb0f010
108_SUM::x : 0x7fdd145b2010
36_DOT::x : 0x7fdd8755c010
36_DOT::y : 0x7fdd6a2fe010
24_ERF::x : 0x7fddc08e4010
24_ERF::y : 0x7fdd8d0e9010
12_ERF::x : 0x7fdd8755b010
12_ERF::y : 0x7fdd819cd010
  итерация 1: 1380210 ms
24_ERF::x : 0x7fddbad56010
24_ERF::y : 0x7fdd7be3f010
12_POW::a : 0x7fddc6472010
12_POW::b : 0x7fdd4221e010
12_POW::y : 0x7fdd3c690010
36_POW::a : 0x7fdda9aad010
36_POW::b : 0x7fdd8755b010
36_POW::y : 0x7fdd6a2fe010
36_POW::a : 0x7fdd98804010
36_POW::b : 0x7fdd59055010
36_POW::y : 0x7fdd47dac010
36_DOT::x : 0x7fdd36b03010
36_DOT::y : 0x7fdd2585a010
84_COPY::x : 0x7fdcfd77b010
84_COPY::y : 0x7fdcd569c010
12_TGAMMA::x : 0x7fddd4000da0
12_TGAMMA::y : 0x7fddd49289b0
48_XPY::x : 0x7fdd30f75010
48_XPY::y : 0x7fdcbe865010
48_ERF::x : 0x7fdd9e392010
48_ERF::y : 0x7fdd64770010
48_XPY::x : 0x7fddb51c9010
48_XPY::y : 0x7fdd819cd010
24_ERF::x : 0x7fdd59054010
24_ERF::y : 0x7fdd4d938010
60_TGAMMA::x : 0x7fddc9239010
60_TGAMMA::y : 0x7fddc6472010
60_COPY::x : 0x7fdd819ce010
60_COPY::y : 0x7fdd30f74010
48_SQRTX::x : 0x7fddaf63b010
36_POW::a : 0x7fdd9e392010
36_POW::b : 0x7fdd6a2fe010
36_POW::y : 0x7fdd59055010
84_DOT::x : 0x7fdd08e95010
84_DOT::y : 0x7fdce0db6010
60_COPY::x : 0x7fddaf63c010
60_COPY::y : 0x7fdcc43f2010
12_SQRTX::x : 0x7fdd98804010
12_ERF::x : 0x7fdd98804010
12_ERF::y : 0x7fdd92c76010
24_POW::a : 0x7fdd92c76010
24_POW::b : 0x7fdd8755a010
24_POW::y : 0x7fdd7be3e010
84_DOT::x : 0x7fdd534c8010
84_DOT::y : 0x7fdc9c313010
60_TGAMMA::x : 0x7fddac875010
60_TGAMMA::y : 0x7fdda9aae010
36_POW::a : 0x7fddbad57010
36_POW::b : 0x7fdd4221f010
36_POW::y : 0x7fdd30f76010
24_ERF::x : 0x7fddaf63b010
24_ERF::y : 0x7fdda3f1f010
48_XPY::x : 0x7fdd8d0e8010
48_XPY::y : 0x7fdd1a13f010
12_TGAMMA::x : 0x7fddcc000be0
12_TGAMMA::y : 0x7fddcc9287f0
60_XPY::x : 0x7fdd5ebe3010
60_XPY::y : 0x7fdcfd77b010
12_ERF::x : 0x7fddb51c9010
12_ERF::y : 0x7fddaf63b010
84_SUM::x : 0x7fdd36b04010
108_SUM::x : 0x7fdcc9f81010
60_XPY::x : 0x7fddaf63c010
60_XPY::y : 0x7fdd92c78010
36_POW::a : 0x7fdd819cf010
36_POW::b : 0x7fdd4d93a010
36_POW::y : 0x7fdd3c691010
36_POW::a : 0x7fdd2b3e8010
36_POW::b : 0x7fdd1a13f010
36_POW::y : 0x7fdcec4d2010
12_SQRTX::x : 0x7fdd7be41010
84_COPY::x : 0x7fdcc43f3010
84_COPY::y : 0x7fdc9c314010
84_DOT::x : 0x7fdda3f21010
84_DOT::y : 0x7fdc74235010
36_POW::a : 0x7fdd92c78010
36_POW::b : 0x7fdd819cf010
36_POW::y : 0x7fdd6a2fe010
12_ERF::x : 0x7fdd7be41010
12_ERF::y : 0x7fdd64770010
108_SUM::x : 0x7fdd36b04010
120_TGAMMA::x : 0x7fdd7be41010
120_TGAMMA::y : 0x7fdd30f76010
48_SQRTX::x : 0x7fddb51c9010
24_ERF::x : 0x7fdd8755b010
24_ERF::y : 0x7fdd5ebe2010
36_POW::a : 0x7fdda3f20010
36_POW::b : 0x7fdd92c77010
36_POW::y : 0x7fdd6a2fe010
12_TGAMMA::x : 0x7fddd00017d0
12_TGAMMA::y : 0x7fddd09293e0
60_XPY::x : 0x7fdd4d93a010
60_XPY::y : 0x7fdd145b2010
120_TGAMMA::x : 0x7fddc6472010
120_TGAMMA::y : 0x7fddc08e4010
12_TGAMMA::x : 0x7fddd4000da0
12_TGAMMA::y : 0x7fddd49289b0
24_ERF::x : 0x7fdd8755b010
24_ERF::y : 0x7fdd7be3f010
120_TGAMMA::x : 0x7fddbad56010
120_TGAMMA::y : 0x7fddb51c8010
24_POW::a : 0x7fdda9aac010
24_POW::b : 0x7fdd9e390010
24_POW::y : 0x7fdd6fe8b010
60_COPY::x : 0x7fdd819cc010
60_COPY::y : 0x7fdd534c7010
24_POW::a : 0x7fddc08e4010
24_POW::b : 0x7fdd47dab010
24_POW::y : 0x7fdd3c68f010
24_ERF::x : 0x7fdda9aac010
24_ERF::y : 0x7fdd9e390010
84_DOT::x : 0x7fdd145b0010
84_DOT::y : 0x7fdcec4d1010
120_TGAMMA::x : 0x7fddbad56010
120_TGAMMA::y : 0x7fddb51c8010
108_SUM::x : 0x7fdd47dad010
12_ERF::x : 0x7fddc6472010
12_ERF::y : 0x7fddc08e4010
48_XPY::x : 0x7fdd9e391010
48_XPY::y : 0x7fdd8755a010
48_ERF::x : 0x7fdd64770010
48_ERF::y : 0x7fdd4d939010
24_ERF::x : 0x7fddc08e4010
24_ERF::y : 0x7fdd7be3e010
36_POW::a : 0x7fdd3c690010
36_POW::b : 0x7fdd2b3e7010
36_POW::y : 0x7fdd1a13e010
108_SUM::x : 0x7fdd8d0ea010
36_POW::a : 0x7fdd7be41010
36_POW::b : 0x7fdd08e95010
36_POW::y : 0x7fdcf7bec010
48_SQRTX::x : 0x7fddb51c9010
108_SUM::x : 0x7fdcc43f2010
84_SUM::x : 0x7fdd8d0ea010
24_POW::a : 0x7fddc08e4010
24_POW::b : 0x7fdd6fe8b010
24_POW::y : 0x7fdd6476f010
12_SQRTX::x : 0x7fddbad56010
108_SUM::x : 0x7fdd30f75010
132_SUM::x : 0x7fdd7be41010
12_TGAMMA::x : 0x7fddd00017d0
12_TGAMMA::y : 0x7fddd09293e0
24_POW::a : 0x7fdd25859010
24_POW::b : 0x7fdd1a13d010
24_POW::y : 0x7fdd0ea21010
24_ERF::x : 0x7fdd59053010
24_ERF::y : 0x7fdd4d937010
84_DOT::x : 0x7fdce6942010
84_DOT::y : 0x7fdcbe863010
84_DOT::x : 0x7fdda3f21010
84_DOT::y : 0x7fdd7be42010
48_XPY::x : 0x7fdd64770010
48_XPY::y : 0x7fdd36b00010
48_XPY::x : 0x7fdd4d939010
48_XPY::y : 0x7fdd1fcc9010
84_COPY::x : 0x7fdcf7bea010
84_COPY::y : 0x7fdccfb0b010
120_TGAMMA::x : 0x7fdd75a19010
120_TGAMMA::y : 0x7fdd6fe8b010
84_COPY::x : 0x7fdd47dac010
84_COPY::y : 0x7fdd1fccd010
84_DOT::x : 0x7fdda3f21010
84_DOT::y : 0x7fdd7be42010
36_DOT::x : 0x7fdcbe862010
36_DOT::y : 0x7fdcad5b9010
60_XPY::x : 0x7fdd5ebe3010
60_XPY::y : 0x7fdd4221f010
24_ERF::x : 0x7fddc08e4010
24_ERF::y : 0x7fddb51c8010
120_TGAMMA::x : 0x7fddaf63a010
120_TGAMMA::y : 0x7fdda9aac010
48_ERF::x : 0x7fdd92c75010
48_ERF::y : 0x7fdd7be3e010
60_TGAMMA::x : 0x7fddc9239010
60_TGAMMA::y : 0x7fddc6472010
48_ERF::x : 0x7fdd64770010
48_ERF::y : 0x7fdd4d939010
60_XPY::x : 0x7fdda9aae010
60_XPY::y : 0x7fdd30f75010
24_ERF::x : 0x7fdd9e392010
24_ERF::y : 0x7fdd92c76010
48_XPY::x : 0x7fdd1a13e010
48_XPY::y : 0x7fdd03307010
36_DOT::x : 0x7fdd819cd010
36_DOT::y : 0x7fdd6a2fe010
120_TGAMMA::x : 0x7fddc6472010
120_TGAMMA::y : 0x7fdda3f20010
12_POW::a : 0x7fdd9e392010
12_POW::b : 0x7fdd98804010
12_POW::y : 0x7fdd92c76010
24_POW::a : 0x7fdd8755a010
24_POW::b : 0x7fdd7be3e010
24_POW::y : 0x7fdd6fe8b010
60_COPY::x : 0x7fdda9aae010
60_COPY::y : 0x7fdd534c7010
48_SQRTX::x : 0x7fdd3c690010
60_TGAMMA::x : 0x7fddc9239010
60_TGAMMA::y : 0x7fddc6472010
12_SQRTX::x : 0x7fdda3f20010
84_SUM::x : 0x7fdd7be41010
  итерация 2: 1366331 ms
12_TGAMMA::x : 0x7fddd00017d0
12_TGAMMA::y : 0x7fddd09293e0
36_POW::a : 0x7fddbad57010
36_POW::b : 0x7fdd6a2fe010
36_POW::y : 0x7fdd59055010
60_COPY::x : 0x7fdd3c691010
60_COPY::y : 0x7fdd1fccd010
108_SUM::x : 0x7fdd8755d010
12_TGAMMA::x : 0x7fddd00017d0
12_TGAMMA::y : 0x7fddd09293e0
36_POW::a : 0x7fdd0ea24010
36_POW::b : 0x7fdcfd77b010
36_POW::y : 0x7fdcec4d2010
60_COPY::x : 0x7fdd9e393010
60_COPY::y : 0x7fdd819cf010
84_SUM::x : 0x7fdd30f76010
48_XPY::x : 0x7fdd64770010
48_XPY::y : 0x7fdcd569b010
132_SUM::x : 0x7fdcf2061010
24_ERF::x : 0x7fddc08e4010
24_ERF::y : 0x7fdd59054010
36_POW::a : 0x7fddaf63b010
36_POW::b : 0x7fdd9e392010
36_POW::y : 0x7fdd8d0e9010
60_XPY::x : 0x7fdd3c690010
60_XPY::y : 0x7fdcd569d010
84_DOT::x : 0x7fdcad5be010
84_DOT::y : 0x7fdc854df010
24_ERF::x : 0x7fddc08e4010
24_ERF::y : 0x7fdd819cd010
24_ERF::x : 0x7fddc08e4010
24_ERF::y : 0x7fdd819cd010
12_POW::a : 0x7fddbad56010
12_POW::b : 0x7fddb51c8010
12_POW::y : 0x7fddaf63a010
24_ERF::x : 0x7fdda3f1e010
24_ERF::y : 0x7fdd98802010
108_SUM::x : 0x7fdd47dad010
60_XPY::x : 0x7fdd7be3e010
60_XPY::y : 0x7fdd2b3e9010
12_ERF::x : 0x7fddc6472010
12_ERF::y : 0x7fddc08e4010
12_SQRTX::x : 0x7fddbad56010
84_DOT::x : 0x7fdd0330a010
84_DOT::y : 0x7fdcdb22b010
24_POW::a : 0x7fddc08e4010
24_POW::b : 0x7fddb51c8010
24_POW::y : 0x7fdda9aac010
24_ERF::x : 0x7fdd9e390010
24_ERF::y : 0x7fdd6fe8b010
36_POW::a : 0x7fdd8d0e7010
36_POW::b : 0x7fdd7be3e010
36_POW::y : 0x7fdd5ebe2010
48_ERF::x : 0x7fddb51c9010
48_ERF::y : 0x7fdd47dab010
36_POW::a : 0x7fdda3f20010
36_POW::b : 0x7fdd36b02010
36_POW::y : 0x7fdcc9f82010
36_DOT::x : 0x7fdd25859010
36_DOT::y : 0x7fdd145b0010
60_TGAMMA::x : 0x7fdda1159010
60_TGAMMA::y : 0x7fdd9e392010
48_XPY::x : 0x7fddb51c9010
48_XPY::y : 0x7fdd47dab010
84_COPY::x : 0x7fdd0ea23010
84_COPY::y : 0x7fdce6944010
48_SQRTX::x : 0x7fdd8d0e9010
60_XPY::x : 0x7fdd5ebe3010
60_XPY::y : 0x7fdcc9f80010
12_ERF::x : 0x7fddc6472010
12_ERF::y : 0x7fddc08e4010
12_POW::a : 0x7fddbad56010
12_POW::b : 0x7fddb51c8010
12_POW::y : 0x7fddaf63a010
24_ERF::x : 0x7fddc08e4010
24_ERF::y : 0x7fdda3f1e010
108_SUM::x : 0x7fdc96786010
48_SQRTX::x : 0x7fdd8d0e7010
120_TGAMMA::x : 0x7fddc6472010
120_TGAMMA::y : 0x7fddc08e4010
36_POW::a : 0x7fddaf63b010
36_POW::b : 0x7fdd7be3e010
36_POW::y : 0x7fdd6a2fe010
48_XPY::x : 0x7fdd534c7010
48_XPY::y : 0x7fdd3c690010
108_SUM::x : 0x7fdd08e96010
60_XPY::x : 0x7fdd92c77010
60_XPY::y : 0x7fdcec4d2010
12_SQRTX::x : 0x7fddc6472010
24_POW::a : 0x7fddbad56010
24_POW::b : 0x7fdd8755b010
24_POW::y : 0x7fdd7be3f010
36_POW::a : 0x7fdd6a2fe010
36_POW::b : 0x7fdd59055010
36_POW::y : 0x7fdd47dac010
12_TGAMMA::x : 0x7fddd00017d0
12_TGAMMA::y : 0x7fddd09293e0
24_ERF::x : 0x7fdd3c690010
24_ERF::y : 0x7fdd30f74010
36_POW::a : 0x7fddbad57010
36_POW::b : 0x7fdd819ce010
36_POW::y : 0x7fdd1fccb010
24_POW::a : 0x7fddaf63b010
24_POW::b : 0x7fdd3c690010
24_POW::y : 0x7fdd30f74010
120_TGAMMA::x : 0x7fdda9aad010
120_TGAMMA::y : 0x7fdda3f1f010
48_SQRTX::x : 0x7fdd64770010
60_COPY::x : 0x7fdd47dac010
60_COPY::y : 0x7fdd03307010
120_TGAMMA::x : 0x7fddb51c9010
120_TGAMMA::y : 0x7fddaf63b010
36_POW::a : 0x7fddbad57010
36_POW::b : 0x7fdd6a2fe010
36_POW::y : 0x7fdcf205e010
84_DOT::x : 0x7fdd7be40010
84_DOT::y : 0x7fdd1fccd010
84_DOT::x : 0x7fdcc9f7f010
84_DOT::y : 0x7fdca1ea0010
48_XPY::x : 0x7fdd98804010
48_XPY::y : 0x7fdd819cd010
12_SQRTX::x : 0x7fddb51c9010
84_SUM::x : 0x7fdd4221f010
12_ERF::x : 0x7fddc6472010
12_ERF::y : 0x7fddc08e4010
108_SUM::x : 0x7fdd0ea25010
48_XPY::x : 0x7fddb51c9010
48_XPY::y : 0x7fdd9e392010
120_TGAMMA::x : 0x7fdd98804010
120_TGAMMA::y : 0x7fdd92c76010
48_SQRTX::x : 0x7fdd7be3f010
24_POW::a : 0x7fdd6fe8b010
24_POW::b : 0x7fdd6476f010
24_POW::y : 0x7fdd59053010
120_TGAMMA::x : 0x7fdd8d0e8010
120_TGAMMA::y : 0x7fdd8755a010
48_XPY::x : 0x7fddb51c9010
48_XPY::y : 0x7fdd9e392010
24_ERF::x : 0x7fdd92c76010
24_ERF::y : 0x7fdd7be3e010
84_COPY::x : 0x7fdd534c8010
84_COPY::y : 0x7fdd2b3e9010
12_TGAMMA::x : 0x185f540
12_TGAMMA::y : 0x2187150
84_COPY::x : 0x7fdda3f21010
84_COPY::y : 0x7fdd0330a010
60_TGAMMA::x : 0x7fdda115a010
60_TGAMMA::y : 0x7fdd9e393010
84_SUM::x : 0x7fdcdb22b010
36_POW::a : 0x7fdd92c78010
36_POW::b : 0x7fdd819cf010
36_POW::y : 0x7fdcc9f82010
24_POW::a : 0x7fdcf7bee010
24_POW::b : 0x7fdcec4d2010
24_POW::y : 0x7fdce0db6010
12_TGAMMA::x : 0x7fddd4000da0
12_TGAMMA::y : 0x7fddd49289b0
24_ERF::x : 0x7fdd6fe8b010
24_ERF::y : 0x7fdd6476f010
48_ERF::x : 0x7fdd4d938010
48_ERF::y : 0x7fdd36b01010
120_TGAMMA::x : 0x7fddc6472010
120_TGAMMA::y : 0x7fddc08e4010
84_DOT::x : 0x7fdd98805010
84_DOT::y : 0x7fdd0ea22010
48_ERF::x : 0x7fdd819ce010
48_ERF::y : 0x7fdd64770010
24_POW::a : 0x7fdd59054010
24_POW::b : 0x7fdd4d938010
24_POW::y : 0x7fdd4221c010
84_DOT::x : 0x7fdce6943010
84_DOT::y : 0x7fdcbe864010
24_ERF::x : 0x7fddc08e4010
24_ERF::y : 0x7fdd8d0e9010
84_DOT::x : 0x7fdd98805010
84_DOT::y : 0x7fdd1a13d010
48_XPY::x : 0x7fdd819ce010
48_XPY::y : 0x7fdd64770010
36_DOT::x : 0x7fdd534c7010
36_DOT::y : 0x7fdd4221e010
36_DOT::x : 0x7fdd08e94010
36_DOT::y : 0x7fdcf7beb010
60_XPY::x : 0x7fdd47dac010
60_XPY::y : 0x7fdcdb227010
60_COPY::x : 0x7fddaf63c010
60_COPY::y : 0x7fdd2b3e8010
48_ERF::x : 0x7fdd98805010
48_ERF::y : 0x7fdd819ce010
60_TGAMMA::x : 0x7fdd7ec07010
60_TGAMMA::y : 0x7fdd7be40010
60_TGAMMA::x : 0x7fdd7ec07010
60_TGAMMA::y : 0x7fdd7be40010
84_COPY::x : 0x7fdd534c8010
84_COPY::y : 0x7fdd03309010
12_SQRTX::x : 0x7fdd7be40010
120_TGAMMA::x : 0x7fdda9aae010
120_TGAMMA::y : 0x7fdda3f20010
108_SUM::x : 0x7fdccfb0f010
12_ERF::x : 0x7fddc6472010
12_ERF::y : 0x7fddc08e4010
  итерация 3: 1384322 ms
12_TGAMMA::x : 0x185f540
12_TGAMMA::y : 0x2187150
12_POW::a : 0x7fdd7be41010
12_POW::b : 0x7fdd3c691010
12_POW::y : 0x7fdd36b03010
36_POW::a : 0x7fddbad57010
36_POW::b : 0x7fdd819cf010
36_POW::y : 0x7fdd4221f010
84_DOT::x : 0x7fdd92c78010
84_DOT::y : 0x7fdd534c8010
24_ERF::x : 0x7fdd2b3e7010
24_ERF::y : 0x7fdd1fccb010
60_COPY::x : 0x7fdd03307010
60_COPY::y : 0x7fdce6943010
12_TGAMMA::x : 0x185f540
12_TGAMMA::y : 0x2187150
36_POW::a : 0x7fdd30f76010
36_POW::b : 0x7fdd1fccd010
36_POW::y : 0x7fdcd569a010
60_XPY::x : 0x7fdd9e393010
60_XPY::y : 0x7fdd5ebe3010
84_SUM::x : 0x7fdcad5bb010
24_POW::a : 0x7fddc08e4010
24_POW::b : 0x7fdd92c77010
24_POW::y : 0x7fdd8755b010
36_POW::a : 0x7fdd4d93a010
36_POW::b : 0x7fdd0ea24010
36_POW::y : 0x7fdcfd77b010
24_ERF::x : 0x7fdd7be3f010
24_ERF::y : 0x7fdd4221e010
12_ERF::x : 0x7fddbad56010
12_ERF::y : 0x7fddb51c8010
36_POW::a : 0x7fdda3f1f010
36_POW::b : 0x7fdd92c76010
36_POW::y : 0x7fdd6a2fe010
24_POW::a : 0x7fddc08e4010
24_POW::b : 0x7fdd8755a010
24_POW::y : 0x7fdd7be3e010
24_ERF::x : 0x7fddb51c8010
24_ERF::y : 0x7fdd4221e010
48_ERF::x : 0x7fdd534c7010
48_ERF::y : 0x7fdd2b3e7010
12_ERF::x : 0x7fddbad56010
12_ERF::y : 0x7fddb51c8010
48_ERF::x : 0x7fdd7be3f010
48_ERF::y : 0x7fdd145b0010
24_ERF::x : 0x7fddc08e4010
24_ERF::y : 0x7fddb51c8010
84_COPY::x : 0x7fdcec4d1010
84_COPY::y : 0x7fdcc43f2010
48_XPY::x : 0x7fddb51c9010
48_XPY::y : 0x7fdd9e392010
120_TGAMMA::x : 0x7fdd98804010
120_TGAMMA::y : 0x7fdd92c76010
36_POW::a : 0x7fdd819cd010
36_POW::b : 0x7fdd6a2fe010
36_POW::y : 0x7fdd59055010
12_ERF::x : 0x7fdd7be3f010
12_ERF::y : 0x7fdd534c7010
84_DOT::x : 0x7fdda3f21010
84_DOT::y : 0x7fdd2b3e8010
36_POW::a : 0x7fdd92c78010
36_POW::b : 0x7fdd1a13f010
36_POW::y : 0x7fdd08e96010
36_POW::a : 0x7fdcf7bed010
36_POW::b : 0x7fdce6944010
36_POW::y : 0x7fdcd569b010
48_XPY::x : 0x7fdd7be41010
48_XPY::y : 0x7fdd64770010
36_DOT::x : 0x7fddbad57010
36_DOT::y : 0x7fdda9aae010
60_XPY::x : 0x7fdd47dac010
60_XPY::y : 0x7fdd2b3e8010
108_SUM::x : 0x7fdcf7bee010
48_XPY::x : 0x7fdd92c77010
48_XPY::y : 0x7fdd7be40010
60_XPY::x : 0x7fddaf63c010
60_XPY::y : 0x7fdcdb22a010
120_TGAMMA::x : 0x7fdda9aae010
120_TGAMMA::y : 0x7fdd75a19010
84_DOT::x : 0x7fdd4d93a010
84_DOT::y : 0x7fdd2585b010
84_COPY::x : 0x7fdd819cf010
84_COPY::y : 0x7fdcfd77c010
24_POW::a : 0x7fddc08e4010
24_POW::b : 0x7fddb51c8010
24_POW::y : 0x7fdcf2060010
24_ERF::x : 0x7fdce6944010
24_ERF::y : 0x7fdcdb228010
24_ERF::x : 0x7fdd6fe8b010
24_ERF::y : 0x7fdd6476f010
48_XPY::x : 0x7fddb51c9010
48_XPY::y : 0x7fdd4d938010
84_DOT::x : 0x7fdcd569d010
84_DOT::y : 0x7fdcad5be010
12_TGAMMA::x : 0x7fddd4000da0
12_TGAMMA::y : 0x7fddd49289b0
48_SQRTX::x : 0x7fdd64770010
48_XPY::x : 0x7fdd9e392010
48_XPY::y : 0x7fdd8755b010
84_SUM::x : 0x7fdd3c691010
36_DOT::x : 0x7fddbad57010
36_DOT::y : 0x7fdd6a2fe010
120_TGAMMA::x : 0x7fddb51c9010
120_TGAMMA::y : 0x7fdd819cd010
108_SUM::x : 0x7fdd08e97010
60_TGAMMA::x : 0x7fddc9239010
60_TGAMMA::y : 0x7fddc6472010
120_TGAMMA::x : 0x7fddc08e4010
120_TGAMMA::y : 0x7fddaf63b010
48_SQRTX::x : 0x7fdd98804010
12_SQRTX::x : 0x7fddc6472010
24_POW::a : 0x7fdd8d0e8010
24_POW::b : 0x7fdd6fe8b010
24_POW::y : 0x7fdd6476f010
108_SUM::x : 0x7fdd30f75010
36_POW::a : 0x7fdd9e392010
36_POW::b : 0x7fdd7be3f010
36_POW::y : 0x7fdd1fccc010
12_SQRTX::x : 0x7fddc6472010
60_COPY::x : 0x7fddaf63c010
60_COPY::y : 0x7fdd03308010
108_SUM::x : 0x7fdd30f75010
48_ERF::x : 0x7fdd64770010
48_ERF::y : 0x7fdcec4d1010
60_TGAMMA::x : 0x7fddac875010
60_TGAMMA::y : 0x7fdda9aae010
84_COPY::x : 0x7fdd819cf010
84_COPY::y : 0x7fdd3c691010
60_COPY::x : 0x7fddaf63c010
60_COPY::y : 0x7fdd1fccd010
60_COPY::x : 0x7fdd03309010
60_COPY::y : 0x7fdce6945010
84_SUM::x : 0x7fdcbe866010
24_ERF::x : 0x7fdd6fe8b010
24_ERF::y : 0x7fdcdb229010
36_POW::a : 0x7fddbad57010
36_POW::b : 0x7fdda9aae010
36_POW::y : 0x7fdd2b3e8010
48_XPY::x : 0x7fdd64770010
48_XPY::y : 0x7fdccfb0e010
24_POW::a : 0x7fdd1fccc010
24_POW::b : 0x7fdd145b0010
24_POW::y : 0x7fdd08e94010
60_TGAMMA::x : 0x7fdda6ce7010
60_TGAMMA::y : 0x7fdda3f20010
84_DOT::x : 0x7fdd7be41010
84_DOT::y : 0x7fdd3c691010
84_DOT::x : 0x7fdda3f21010
84_DOT::y : 0x7fdca7a2f010
60_XPY::x : 0x7fdccfb0f010
60_XPY::y : 0x7fdc8b06b010
84_DOT::x : 0x7fdd145b2010
84_DOT::y : 0x7fdcec4d3010
24_ERF::x : 0x7fdd98805010
24_ERF::y : 0x7fdd8d0e9010
48_SQRTX::x : 0x7fddb51c9010
132_SUM::x : 0x7fdd3c692010
108_SUM::x : 0x7fdd08e98010
36_POW::a : 0x7fdda3f20010
36_POW::b : 0x7fdd92c77010
36_POW::y : 0x7fdd819ce010
48_XPY::x : 0x7fddb51c9010
48_XPY::y : 0x7fdcf2061010
108_SUM::x : 0x7fdd08e98010
48_SQRTX::x : 0x7fdd64770010
12_POW::a : 0x7fddaf63b010
12_POW::b : 0x7fdda9aad010
12_POW::y : 0x7fdda3f1f010
24_POW::a : 0x7fdd98803010
24_POW::b : 0x7fdd8d0e7010
24_POW::y : 0x7fdd819cb010
12_TGAMMA::x : 0x7fddd4000da0
12_TGAMMA::y : 0x7fddd49289b0
12_ERF::x : 0x7fddc6472010
12_ERF::y : 0x7fddc08e4010
12_SQRTX::x : 0x7fddbad56010
12_TGAMMA::x : 0x7fddcc000be0
12_TGAMMA::y : 0x7fddcc9287f0
48_ERF::x : 0x7fdda3f1f010
48_ERF::y : 0x7fdd64770010
60_XPY::x : 0x7fdd47dac010
60_XPY::y : 0x7fdd2b3e8010
12_SQRTX::x : 0x7fddc6472010
120_TGAMMA::x : 0x7fddc6472010
120_TGAMMA::y : 0x7fddc08e4010
36_DOT::x : 0x7fdd92c76010
36_DOT::y : 0x7fdd819cd010
24_ERF::x : 0x7fdd59054010
24_ERF::y : 0x7fdd4d938010
120_TGAMMA::x : 0x7fddbad56010
120_TGAMMA::y : 0x7fdd9e391010
84_COPY::x : 0x7fdd25859010
84_COPY::y : 0x7fdcfd77a010
60_TGAMMA::x : 0x7fddc9239010
60_TGAMMA::y : 0x7fddc6472010
120_TGAMMA::x : 0x7fddc08e4010
120_TGAMMA::y : 0x7fddb51c8010
24_ERF::x : 0x7fdda9aac010
24_ERF::y : 0x7fdd92c75010
  итерация 4: 1390459 ms
  среднее по 5 итерациям: 1381856 ms
=== Выполняется проект: no_po_15.txt (100 работ) ===
12_TGAMMA::x : 0x7fddcc000be0
12_TGAMMA::y : 0x7fddcc9287f0
24_ERF::x : 0x7fddc08e4010
24_ERF::y : 0x7fdda3f1f010
36_DOT::x : 0x7fddaf63b010
36_DOT::y : 0x7fdd6a2fe010
84_SUM::x : 0x7fdd7be40010
48_ERF::x : 0x7fdd534c7010
48_ERF::y : 0x7fdd3c690010
12_ERF::x : 0x7fddbad56010
12_ERF::y : 0x7fddb51c8010
24_ERF::x : 0x7fdd98803010
24_ERF::y : 0x7fdd8d0e7010
12_ERF::x : 0x7fddc6472010
12_ERF::y : 0x7fddc08e4010
48_SQRTX::x : 0x7fdda9aad010
84_DOT::x : 0x7fdd145b1010
84_DOT::y : 0x7fdcec4d2010
132_SUM::x : 0x7fdd3c692010
36_DOT::x : 0x7fdd98804010
36_DOT::y : 0x7fdd8755b010
84_COPY::x : 0x7fdcc43f3010
84_COPY::y : 0x7fdc9c314010
60_COPY::x : 0x7fddaf63c010
60_COPY::y : 0x7fdd92c78010
108_SUM::x : 0x7fdd47dad010
60_COPY::x : 0x7fdd2b3e9010
60_COPY::y : 0x7fdd0ea25010
12_TGAMMA::x : 0x7fddcc000be0
12_TGAMMA::y : 0x7fddcc9287f0
12_ERF::x : 0x7fddc6472010
12_ERF::y : 0x7fddc08e4010
60_XPY::x : 0x7fdda3f20010
60_XPY::y : 0x7fdd8755c010
48_XPY::x : 0x7fdd64770010
48_XPY::y : 0x7fdd4d939010
132_SUM::x : 0x7fdccfb10010
12_SQRTX::x : 0x7fddc6472010
84_DOT::x : 0x7fdd2585a010
84_DOT::y : 0x7fdca7a31010
24_ERF::x : 0x7fddc08e4010
24_ERF::y : 0x7fdd7be40010
60_XPY::x : 0x7fdda3f20010
60_XPY::y : 0x7fdd8755c010
60_COPY::x : 0x7fdd5ebe3010
60_COPY::y : 0x7fdd08e96010
84_COPY::x : 0x7fdce0db7010
84_COPY::y : 0x7fdc7f952010
12_ERF::x : 0x7fddc6472010
12_ERF::y : 0x7fddc08e4010
48_ERF::x : 0x7fdd47dac010
48_ERF::y : 0x7fdd30f75010
24_POW::a : 0x7fddc08e4010
24_POW::b : 0x7fddb51c8010
24_POW::y : 0x7fdda9aac010
132_SUM::x : 0x7fdc40a3d010
48_ERF::x : 0x7fdd92c75010
48_ERF::y : 0x7fdd7be3e010
12_TGAMMA::x : 0x7fddcc000be0
12_TGAMMA::y : 0x7fddcc9287f0
108_SUM::x : 0x7fdd47dad010
84_SUM::x : 0x7fdd1fcce010
60_TGAMMA::x : 0x7fddc9239010
60_TGAMMA::y : 0x7fddc6472010
60_COPY::x : 0x7fdda9aae010
60_COPY::y : 0x7fdd2b3e9010
12_POW::a : 0x7fdda3f20010
12_POW::b : 0x7fdd9e392010
12_POW::y : 0x7fdd98804010
24_POW::a : 0x7fdd8d0e8010
24_POW::b : 0x7fdd819cc010
24_POW::y : 0x7fdd6fe8b010
24_ERF::x : 0x7fdd6476f010
24_ERF::y : 0x7fdd59053010
84_COPY::x : 0x7fdd0330a010
84_COPY::y : 0x7fdcdb22b010
12_POW::a : 0x7fddc6472010
12_POW::b : 0x7fdda3f20010
12_POW::y : 0x7fdd9e392010
132_SUM::x : 0x7fdc9c316010
12_ERF::x : 0x7fddc08e4010
12_ERF::y : 0x7fddbad56010
108_SUM::x : 0x7fdd8755c010
12_TGAMMA::x : 0x7fddcc000be0
12_TGAMMA::y : 0x7fddcc9287f0
12_SQRTX::x : 0x7fddc6472010
48_SQRTX::x : 0x7fdd64770010
12_ERF::x : 0x7fddc6472010
12_ERF::y : 0x7fddc08e4010
24_ERF::x : 0x7fddb51c8010
24_ERF::y : 0x7fdda9aac010
24_ERF::x : 0x7fddc08e4010
24_ERF::y : 0x7fdd9e390010
24_ERF::x : 0x7fdd92c74010
24_ERF::y : 0x7fdd87558010
60_XPY::x : 0x7fdd5ebe3010
60_XPY::y : 0x7fdd4221f010
36_POW::a : 0x7fddaf63b010
36_POW::b : 0x7fdd30f76010
36_POW::y : 0x7fdd1fccd010
12_TGAMMA::x : 0x7fddd4000da0
12_TGAMMA::y : 0x7fddd49289b0
108_SUM::x : 0x7fdd7be41010
48_SQRTX::x : 0x7fdd08e96010
12_POW::a : 0x7fddc6472010
12_POW::b : 0x7fddc08e4010
12_POW::y : 0x7fdda9aad010
84_COPY::x : 0x7fdcf7bee010
84_COPY::y : 0x7fdccfb0f010
60_TGAMMA::x : 0x7fddbdb1d010
60_TGAMMA::y : 0x7fddbad56010
48_XPY::x : 0x7fdd92c76010
48_XPY::y : 0x7fdd7be3f010
12_TGAMMA::x : 0x7fddd00017d0
12_TGAMMA::y : 0x7fddd09293e0
120_TGAMMA::x : 0x7fddc6472010
120_TGAMMA::y : 0x7fddc08e4010
60_COPY::x : 0x7fdd5ebe3010
60_COPY::y : 0x7fdd4221f010
84_COPY::x : 0x7fdd98805010
84_COPY::y : 0x7fdca7a30010
120_TGAMMA::x : 0x7fddc6472010
120_TGAMMA::y : 0x7fddc08e4010
48_XPY::x : 0x7fdd819ce010
48_XPY::y : 0x7fdd2b3e8010
12_POW::a : 0x7fdd7be40010
12_POW::b : 0x7fdd75a19010
12_POW::y : 0x7fdd6fe8b010
60_COPY::x : 0x7fdda3f20010
60_COPY::y : 0x7fdd534c7010
12_ERF::x : 0x7fddc6472010
12_ERF::y : 0x7fddc08e4010
24_ERF::x : 0x7fdd6fe8b010
24_ERF::y : 0x7fdd47dab010
24_POW::a : 0x7fdd98804010
24_POW::b : 0x7fdd8d0e8010
24_POW::y : 0x7fdd819cc010
12_ERF::x : 0x7fddc6472010
12_ERF::y : 0x7fddc08e4010
24_ERF::x : 0x7fddc08e4010
24_ERF::y : 0x7fdd3c68f010
84_SUM::x : 0x7fdd145b0010
48_XPY::x : 0x7fdda9aad010
48_XPY::y : 0x7fdd64770010
36_POW::a : 0x7fdd98804010
36_POW::b : 0x7fdd8755b010
36_POW::y : 0x7fdd534c7010
60_TGAMMA::x : 0x7fddc9239010
60_TGAMMA::y : 0x7fddc6472010
12_ERF::x : 0x7fddc08e4010
12_ERF::y : 0x7fdd819cd010
24_ERF::x : 0x7fdd7be3f010
24_ERF::y : 0x7fdd47dab010
48_SQRTX::x : 0x7fddaf63b010
12_TGAMMA::x : 0x7fddd00017d0
12_TGAMMA::y : 0x7fddd09293e0
24_ERF::x : 0x7fdd6fe8b010
24_ERF::y : 0x7fdd3c68f010
48_ERF::x : 0x7fdd25858010
48_ERF::y : 0x7fdd0ea21010
84_SUM::x : 0x7fdd8755c010
12_TGAMMA::x : 0x7fddcc000be0
12_TGAMMA::y : 0x7fddcc9287f0
12_TGAMMA::x : 0x7fddd00017d0
12_TGAMMA::y : 0x7fddd09293e0
36_POW::a : 0x7fddbad57010
36_POW::b : 0x7fdd6a2fe010
36_POW::y : 0x7fdd59055010
12_SQRTX::x : 0x7fddb51c9010
60_XPY::x : 0x7fdd3c691010
60_XPY::y : 0x7fdcf205d010
60_XPY::x : 0x7fdd9e393010
60_XPY::y : 0x7fdd819cf010
48_ERF::x : 0x7fdd2585a010
48_ERF::y : 0x7fdd0ea23010
60_TGAMMA::x : 0x7fddc9239010
60_TGAMMA::y : 0x7fddc6472010
60_TGAMMA::x : 0x7fddc36ab010
60_TGAMMA::y : 0x7fddc08e4010
48_XPY::x : 0x7fdda9aad010
48_XPY::y : 0x7fdd92c76010
84_DOT::x : 0x7fdd534c8010
84_DOT::y : 0x7fdce6944010
84_SUM::x : 0x7fdd2b3e9010
60_TGAMMA::x : 0x7fddc9239010
60_TGAMMA::y : 0x7fddc6472010
12_TGAMMA::x : 0x7fddd4000da0
12_TGAMMA::y : 0x7fddd49289b0
36_DOT::x : 0x7fdd819cd010
36_DOT::y : 0x7fdd1a140010
  итерация 0: 1257843 ms
12_TGAMMA::x : 0x185f640
12_TGAMMA::y : 0x2187250
12_ERF::x : 0x7fdd9e392010
12_ERF::y : 0x7fdd8d0e8010
24_ERF::x : 0x7fddc08e4010
24_ERF::y : 0x7fdd92c76010
60_COPY::x : 0x7fdda3f20010
60_COPY::y : 0x7fdd5ebe3010
84_DOT::x : 0x7fdd36b04010
84_DOT::y : 0x7fdd0ea25010
12_SQRTX::x : 0x7fdd9e392010
36_DOT::x : 0x7fdd819cd010
36_DOT::y : 0x7fdcfd77c010
132_SUM::x : 0x7fdccfb10010
12_TGAMMA::x : 0x7fddd00017d0
12_TGAMMA::y : 0x7fddd09293e0
132_SUM::x : 0x7fdc90bfb010
12_ERF::x : 0x7fddc6472010
12_ERF::y : 0x7fddc08e4010
60_COPY::x : 0x7fdda3f20010
60_COPY::y : 0x7fdd8755c010
48_ERF::x : 0x7fdd64770010
48_ERF::y : 0x7fdcf7bee010
120_TGAMMA::x : 0x7fddc6472010
120_TGAMMA::y : 0x7fddc08e4010
24_ERF::x : 0x7fdd7be40010
24_ERF::y : 0x7fdd59054010
84_SUM::x : 0x7fdd30f75010
84_SUM::x : 0x7fdd98805010
12_ERF::x : 0x7fddc6472010
12_ERF::y : 0x7fddc08e4010
108_SUM::x : 0x7fdcfd77b010
48_ERF::x : 0x7fdd819ce010
48_ERF::y : 0x7fdd64770010
12_POW::a : 0x7fddc6472010
12_POW::b : 0x7fddc08e4010
12_POW::y : 0x7fdd7be40010
84_COPY::x : 0x7fdd98805010
84_COPY::y : 0x7fdd3c691010
60_COPY::x : 0x7fdce0db7010
60_COPY::y : 0x7fdcc43f3010
132_SUM::x : 0x7fdcfd77c010
12_ERF::x : 0x7fddc6472010
12_ERF::y : 0x7fddc08e4010
24_POW::a : 0x7fddc08e4010
24_POW::b : 0x7fdd8d0e9010
24_POW::y : 0x7fdd819cd010
48_XPY::x : 0x7fdd64770010
48_XPY::y : 0x7fdd2585a010
84_SUM::x : 0x7fdcfd77b010
60_XPY::x : 0x7fdda3f20010
60_XPY::y : 0x7fdd47dac010
24_POW::a : 0x7fddc08e4010
24_POW::b : 0x7fdd98804010
24_POW::y : 0x7fdd8d0e8010
108_SUM::x : 0x7fdcf2060010
48_SQRTX::x : 0x7fdd64770010
24_ERF::x : 0x7fddc08e4010
24_ERF::y : 0x7fdd98804010
48_ERF::x : 0x7fdda9aad010
48_ERF::y : 0x7fdd819cd010
24_ERF::x : 0x7fdd59054010
24_ERF::y : 0x7fdd4d938010
108_SUM::x : 0x7fdd1a13e010
48_ERF::x : 0x7fdd64770010
48_ERF::y : 0x7fdd03307010
60_XPY::x : 0x7fdce6943010
60_XPY::y : 0x7fdcc9f7f010
132_SUM::x : 0x7fdd8d0eb010
12_POW::a : 0x7fdd8755d010
12_POW::b : 0x7fdd819cf010
12_POW::y : 0x7fdd7be41010
12_SQRTX::x : 0x7fdd8755d010
84_COPY::x : 0x7fdd534c8010
84_COPY::y : 0x7fdd2b3e9010
36_POW::a : 0x7fdd7be42010
36_POW::b : 0x7fdd1a140010
36_POW::y : 0x7fdd08e97010
84_COPY::x : 0x7fdce0db8010
84_COPY::y : 0x7fdcb8cd9010
12_TGAMMA::x : 0x7fddcc000be0
12_TGAMMA::y : 0x7fddcc9287f0
60_XPY::x : 0x7fddaf63c010
60_XPY::y : 0x7fdd92c78010
36_DOT::x : 0x7fdd819cf010
36_DOT::y : 0x7fdd1a140010
48_SQRTX::x : 0x7fdd64770010
48_SQRTX::x : 0x7fdd7be41010
60_TGAMMA::x : 0x7fddc9239010
60_TGAMMA::y : 0x7fddc6472010
24_ERF::x : 0x7fddbad56010
24_ERF::y : 0x7fddaf63a010
12_TGAMMA::x : 0x7fddd4000da0
12_TGAMMA::y : 0x7fddd49289b0
60_TGAMMA::x : 0x7fddc9239010
60_TGAMMA::y : 0x7fddc6472010
36_DOT::x : 0x7fdd9e391010
36_DOT::y : 0x7fdd6a2fe010
12_POW::a : 0x7fddc08e4010
12_POW::b : 0x7fddbad56010
12_POW::y : 0x7fddb51c8010
12_ERF::x : 0x7fddaf63a010
12_ERF::y : 0x7fdd98803010
48_SQRTX::x : 0x7fdd9e391010
60_COPY::x : 0x7fdd819cd010
60_COPY::y : 0x7fdd4d93a010
84_SUM::x : 0x7fdd2585b010
60_TGAMMA::x : 0x7fddc9239010
60_TGAMMA::y : 0x7fddc6472010
12_ERF::x : 0x7fddc6472010
12_ERF::y : 0x7fddc08e4010
24_ERF::x : 0x7fddb51c8010
24_ERF::y : 0x7fdd6fe8b010
60_TGAMMA::x : 0x7fddb2401010
60_TGAMMA::y : 0x7fddaf63a010
48_XPY::x : 0x7fdd36b03010
48_XPY::y : 0x7fdd1fccc010
24_ERF::x : 0x7fddc08e4010
24_ERF::y : 0x7fdda3f1e010
60_TGAMMA::x : 0x7fddbdb1d010
60_TGAMMA::y : 0x7fddbad56010
12_SQRTX::x : 0x7fddb51c8010
36_POW::a : 0x7fdd92c75010
36_POW::b : 0x7fdd819cc010
36_POW::y : 0x7fdd6a2fe010
24_ERF::x : 0x7fddc08e4010
24_ERF::y : 0x7fddaf63a010
24_POW::a : 0x7fdda3f1e010
24_POW::b : 0x7fdd5ebe2010
24_POW::y : 0x7fdd534c6010
48_XPY::x : 0x7fdd3c68f010
48_XPY::y : 0x7fdd25858010
12_TGAMMA::x : 0x185f640
12_TGAMMA::y : 0x2187250
108_SUM::x : 0x7fdcf205e010
48_XPY::x : 0x7fddb51c9010
48_XPY::y : 0x7fdd534c7010
12_ERF::x : 0x7fddaf63b010
12_ERF::y : 0x7fdda9aad010
60_COPY::x : 0x7fdd8d0e9010
60_COPY::y : 0x7fdd36b03010
24_ERF::x : 0x7fdda9aad010
24_ERF::y : 0x7fdd819cd010
36_POW::a : 0x7fdd6a2fe010
36_POW::b : 0x7fdd2585a010
36_POW::y : 0x7fdd145b1010
24_ERF::x : 0x7fddc08e4010
24_ERF::y : 0x7fddb51c8010
60_COPY::x : 0x7fdcf7bed010
60_COPY::y : 0x7fdcdb229010
24_ERF::x : 0x7fdda9aac010
24_ERF::y : 0x7fdd9e390010
48_ERF::x : 0x7fddb51c9010
48_ERF::y : 0x7fdd87559010
60_TGAMMA::x : 0x7fdd84792010
60_TGAMMA::y : 0x7fdd819cb010
12_TGAMMA::x : 0x7fddd00017d0
12_TGAMMA::y : 0x7fddd09293e0
120_TGAMMA::x : 0x7fddaf63b010
120_TGAMMA::y : 0x7fdda9aad010
12_TGAMMA::x : 0x7fddd4000da0
12_TGAMMA::y : 0x7fddd49289b0
84_DOT::x : 0x7fdd534c8010
84_DOT::y : 0x7fdd2b3e9010
48_XPY::x : 0x7fdd145b2010
48_XPY::y : 0x7fdcfd77b010
12_ERF::x : 0x7fddc6472010
12_ERF::y : 0x7fddc08e4010
60_XPY::x : 0x7fdd8d0e9010
60_XPY::y : 0x7fdce0db7010
12_ERF::x : 0x7fddc6472010
12_ERF::y : 0x7fddc08e4010
84_COPY::x : 0x7fdd0330a010
84_COPY::y : 0x7fdcb8cd8010
84_COPY::x : 0x7fdd534c8010
84_COPY::y : 0x7fdd2b3e9010
12_TGAMMA::x : 0x7fddd4000da0
12_TGAMMA::y : 0x7fddd49289b0
12_TGAMMA::x : 0x7fddd4000da0
12_TGAMMA::y : 0x7fddd49289b0
84_SUM::x : 0x7fdc90bf9010
60_XPY::x : 0x7fddaf63c010
60_XPY::y : 0x7fdd92c78010
12_TGAMMA::x : 0x7fddd4000da0
12_TGAMMA::y : 0x7fddd49289b0
84_DOT::x : 0x7fdc90bf9010
84_DOT::y : 0x7fdc68b1a010
12_POW::a : 0x7fdd8d0ea010
12_POW::b : 0x7fdd8755c010
12_POW::y : 0x7fdd819ce010
  итерация 1: 1241755 ms
12_ERF::x : 0x7fdd7be3f010
12_ERF::y : 0x7fdd4221e010
24_ERF::x : 0x7fddc08e4010
24_ERF::y : 0x7fdd9e391010
48_ERF::x : 0x7fdda9aad010
48_ERF::y : 0x7fdd47dac010
60_COPY::x : 0x7fdd819cd010
60_COPY::y : 0x7fdd5ebe3010
24_ERF::x : 0x7fdd3c690010
24_ERF::y : 0x7fdd30f74010
48_XPY::x : 0x7fdd1a13d010
48_XPY::y : 0x7fdd03306010
12_ERF::x : 0x7fddc6472010
12_ERF::y : 0x7fddc08e4010
12_ERF::x : 0x7fddbad56010
12_ERF::y : 0x7fddb51c8010
84_SUM::x : 0x7fdd36b04010
84_DOT::x : 0x7fdda3f21010
84_DOT::y : 0x7fdcdb227010
108_SUM::x : 0x7fdca7a2d010
84_SUM::x : 0x7fdd7be42010
60_COPY::x : 0x7fdd5ebe3010
60_COPY::y : 0x7fdd4221f010
60_TGAMMA::x : 0x7fdda115a010
60_TGAMMA::y : 0x7fdd9e393010
24_POW::a : 0x7fdd92c77010
24_POW::b : 0x7fdd8755b010
24_POW::y : 0x7fdd7be3f010
36_DOT::x : 0x7fddbad57010
36_DOT::y : 0x7fdda9aae010
108_SUM::x : 0x7fdd0ea25010
12_TGAMMA::x : 0x7fddcc000be0
12_TGAMMA::y : 0x7fddcc9287f0
132_SUM::x : 0x7fdccfb10010
132_SUM::x : 0x7fdd8d0eb010
60_COPY::x : 0x7fdd5ebe3010
60_COPY::y : 0x7fdd4221f010
84_COPY::x : 0x7fdd1a140010
84_COPY::y : 0x7fdca7a31010
48_ERF::x : 0x7fdd03309010
48_ERF::y : 0x7fdcec4d2010
48_SQRTX::x : 0x7fddb51c9010
48_SQRTX::x : 0x7fdd9e392010
24_ERF::x : 0x7fddc08e4010
24_ERF::y : 0x7fdd92c76010
132_SUM::x : 0x7fdcdb22b010
12_SQRTX::x : 0x7fddbad56010
36_POW::a : 0x7fdda9aad010
36_POW::b : 0x7fdd819cd010
36_POW::y : 0x7fdd6a2fe010
12_POW::a : 0x7fddc6472010
12_POW::b : 0x7fddc08e4010
12_POW::y : 0x7fddbad56010
60_XPY::x : 0x7fdd4d93a010
60_XPY::y : 0x7fdd30f76010
132_SUM::x : 0x7fdc9c316010
108_SUM::x : 0x7fdcfd77c010
60_XPY::x : 0x7fdd4d93a010
60_XPY::y : 0x7fdd30f76010
84_COPY::x : 0x7fdda3f21010
84_COPY::y : 0x7fdd7be42010
108_SUM::x : 0x7fdcc9f82010
48_ERF::x : 0x7fdd1a13f010
48_ERF::y : 0x7fdd03308010
12_TGAMMA::x : 0x185f640
12_TGAMMA::y : 0x2187250
12_SQRTX::x : 0x7fdd75a19010
12_TGAMMA::x : 0x7fddcc000be0
12_TGAMMA::y : 0x7fddcc9287f0
24_ERF::x : 0x7fdd6a2fd010
24_ERF::y : 0x7fdd5ebe1010
24_ERF::x : 0x7fdd534c5010
24_ERF::y : 0x7fdd47da9010
24_ERF::x : 0x7fdd3c68d010
24_ERF::y : 0x7fdd30f71010
48_XPY::x : 0x7fddb51c9010
48_XPY::y : 0x7fdd9e392010
12_ERF::x : 0x7fdd98804010
12_ERF::y : 0x7fdd92c76010
24_POW::a : 0x7fdd8755a010
24_POW::b : 0x7fdd7be3e010
24_POW::y : 0x7fdd6fe8b010
84_SUM::x : 0x7fdd47dac010
24_ERF::x : 0x7fdd92c76010
24_ERF::y : 0x7fdd3c690010
24_ERF::x : 0x7fddc08e4010
24_ERF::y : 0x7fddb51c8010
24_ERF::x : 0x7fdda9aac010
24_ERF::y : 0x7fdd9e390010
120_TGAMMA::x : 0x7fdd98802010
120_TGAMMA::y : 0x7fdd92c74010
12_POW::a : 0x7fdd8d0e6010
12_POW::b : 0x7fdd87558010
12_POW::y : 0x7fdd819ca010
48_SQRTX::x : 0x7fddb51c9010
24_ERF::x : 0x7fdd87558010
24_ERF::y : 0x7fdd6fe8b010
60_XPY::x : 0x7fdd534c7010
60_XPY::y : 0x7fdd36b03010
12_SQRTX::x : 0x7fddaf63b010
84_SUM::x : 0x7fdd0ea24010
48_SQRTX::x : 0x7fddb51c9010
12_ERF::x : 0x7fddaf63b010
12_ERF::y : 0x7fdda9aad010
84_DOT::x : 0x7fdd8d0ea010
84_DOT::y : 0x7fdce6945010
12_TGAMMA::x : 0x7fddd00017d0
12_TGAMMA::y : 0x7fddd09293e0
12_TGAMMA::x : 0x7fddd00017d0
12_TGAMMA::y : 0x7fddd09293e0
60_COPY::x : 0x7fdd5ebe3010
60_COPY::y : 0x7fdd4221f010
12_TGAMMA::x : 0x7fddcc000be0
12_TGAMMA::y : 0x7fddcc9287f0
84_COPY::x : 0x7fdd1a140010
84_COPY::y : 0x7fdcbe866010
36_POW::a : 0x7fddbad57010
36_POW::b : 0x7fdd7be41010
36_POW::y : 0x7fdcad5bd010
36_DOT::x : 0x7fdda9aae010
36_DOT::y : 0x7fdd98805010
12_ERF::x : 0x7fdd92c77010
12_ERF::y : 0x7fdd75a19010
84_COPY::x : 0x7fdd534c8010
84_COPY::y : 0x7fdcf2061010
60_TGAMMA::x : 0x7fddc9239010
60_TGAMMA::y : 0x7fddc6472010
84_COPY::x : 0x7fdc96787010
84_COPY::y : 0x7fdc6e6a8010
12_ERF::x : 0x7fddc08e4010
12_ERF::y : 0x7fddbad56010
48_XPY::x : 0x7fddaf63b010
48_XPY::y : 0x7fdd98804010
60_COPY::x : 0x7fdd7be40010
60_COPY::y : 0x7fdd36b04010
60_XPY::x : 0x7fddaf63c010
60_XPY::y : 0x7fdd1a140010
60_TGAMMA::x : 0x7fddac875010
60_TGAMMA::y : 0x7fdda9aae010
48_XPY::x : 0x7fdd64770010
48_XPY::y : 0x7fdd03309010
48_ERF::x : 0x7fdd92c77010
48_ERF::y : 0x7fdd7be40010
12_TGAMMA::x : 0x7fddd4000da0
12_TGAMMA::y : 0x7fddd49289b0
60_TGAMMA::x : 0x7fddac875010
60_TGAMMA::y : 0x7fdda9aae010
60_TGAMMA::x : 0x7fdd787e0010
60_TGAMMA::y : 0x7fdd75a19010
120_TGAMMA::x : 0x7fddc6472010
120_TGAMMA::y : 0x7fddc08e4010
24_POW::a : 0x7fddb51c8010
24_POW::b : 0x7fdd6a2fd010
24_POW::y : 0x7fdd5ebe1010
48_XPY::x : 0x7fdd9e391010
48_XPY::y : 0x7fdd8755a010
60_COPY::x : 0x7fdd4221d010
60_COPY::y : 0x7fdd25859010
12_ERF::x : 0x7fddaf63a010
12_ERF::y : 0x7fdda9aac010
12_TGAMMA::x : 0x7fddd4000da0
12_TGAMMA::y : 0x7fddd49289b0
60_XPY::x : 0x7fdd8d0e8010
60_XPY::y : 0x7fdd5ebe3010
24_ERF::x : 0x7fddc08e4010
24_ERF::y : 0x7fddb51c8010
12_POW::a : 0x7fddaf63a010
12_POW::b : 0x7fdda9aac010
12_POW::y : 0x7fdd8755a010
36_POW::a : 0x7fdd7be3f010
36_POW::b : 0x7fdd145b0010
36_POW::y : 0x7fdd03307010
84_DOT::x : 0x7fdcdb228010
84_DOT::y : 0x7fdcb3149010
36_DOT::x : 0x7fddbad57010
36_DOT::y : 0x7fdda9aae010
84_SUM::x : 0x7fdd36b04010
60_TGAMMA::x : 0x7fddc9239010
60_TGAMMA::y : 0x7fddc6472010
12_POW::a : 0x7fddc08e4010
12_POW::b : 0x7fddbad56010
12_POW::y : 0x7fddb51c8010
12_ERF::x : 0x7fddaf63a010
12_ERF::y : 0x7fdda9aac010
12_TGAMMA::x : 0x7fddd00017d0
12_TGAMMA::y : 0x7fddd09293e0
12_TGAMMA::x : 0x7fddd4000da0
12_TGAMMA::y : 0x7fddd49289b0
48_ERF::x : 0x7fdd92c75010
48_ERF::y : 0x7fdd7be3e010
  итерация 2: 1293601 ms
24_ERF::x : 0x7fddc08e4010
24_ERF::y : 0x7fdd819cc010
24_ERF::x : 0x7fdd8d0e8010
24_ERF::y : 0x7fdd59054010
48_ERF::x : 0x7fdd98804010
48_ERF::y : 0x7fdd64770010
36_DOT::x : 0x7fddaf63b010
36_DOT::y : 0x7fdd47dab010
12_ERF::x : 0x7fddc6472010
12_ERF::y : 0x7fddc08e4010
132_SUM::x : 0x7fdd08e96010
60_COPY::x : 0x7fdd7be40010
60_COPY::y : 0x7fdd47dac010
60_COPY::x : 0x7fddaf63c010
60_COPY::y : 0x7fdcec4d2010
48_ERF::x : 0x7fdd98805010
48_ERF::y : 0x7fdd64770010
84_DOT::x : 0x7fdd1fccd010
84_DOT::y : 0x7fdcc43f3010
132_SUM::x : 0x7fdc854de010
60_XPY::x : 0x7fddaf63c010
60_XPY::y : 0x7fdd7be41010
48_XPY::x : 0x7fdd98805010
48_XPY::y : 0x7fdd64770010
12_TGAMMA::x : 0x7fddd4000da0
12_TGAMMA::y : 0x7fddd49289b0
12_ERF::x : 0x7fdd5ebe2010
12_ERF::y : 0x7fdd59054010
48_SQRTX::x : 0x7fdd4221d010
12_ERF::x : 0x7fdda9aae010
12_ERF::y : 0x7fdda3f20010
84_COPY::x : 0x7fdd1a13e010
84_COPY::y : 0x7fdcf205f010
84_SUM::x : 0x7fdd7be41010
84_SUM::x : 0x7fdda3f21010
48_SQRTX::x : 0x7fdd64770010
132_SUM::x : 0x7fdcb314a010
108_SUM::x : 0x7fdd47dad010
48_ERF::x : 0x7fddb51c9010
48_ERF::y : 0x7fdd9e392010
108_SUM::x : 0x7fdcbe865010
48_SQRTX::x : 0x7fdd8755b010
24_ERF::x : 0x7fdd7be3f010
24_ERF::y : 0x7fdd6fe8b010
12_ERF::x : 0x7fdd6a2fd010
12_ERF::y : 0x7fdd6476f010
12_SQRTX::x : 0x7fdd6a2fd010
60_COPY::x : 0x7fdd4d939010
60_COPY::y : 0x7fdd30f75010
108_SUM::x : 0x7fdcfd77b010
48_XPY::x : 0x7fdd8755b010
48_XPY::y : 0x7fdce6944010
84_COPY::x : 0x7fdda3f21010
84_COPY::y : 0x7fdcbe865010
36_POW::a : 0x7fdd6a2fe010
36_POW::b : 0x7fdd1fccc010
36_POW::y : 0x7fdd0ea23010
24_ERF::x : 0x7fdd98805010
24_ERF::y : 0x7fdd8d0e9010
120_TGAMMA::x : 0x7fdd8755b010
120_TGAMMA::y : 0x7fdd819cd010
60_TGAMMA::x : 0x7fdda115a010
60_TGAMMA::y : 0x7fdd9e393010
60_XPY::x : 0x7fddaf63c010
60_XPY::y : 0x7fdd4d93a010
84_DOT::x : 0x7fdd2585b010
84_DOT::y : 0x7fdcfd77c010
24_POW::a : 0x7fdda3f20010
24_POW::b : 0x7fdd98804010
24_POW::y : 0x7fdd6fe8b010
132_SUM::x : 0x7fdcbe867010
36_DOT::x : 0x7fddbad57010
36_DOT::y : 0x7fdd8755b010
84_SUM::x : 0x7fdd534c8010
60_COPY::x : 0x7fddaf63c010
60_COPY::y : 0x7fdd92c78010
12_TGAMMA::x : 0x7fddcc000be0
12_TGAMMA::y : 0x7fddcc9287f0
12_SQRTX::x : 0x7fdd8d0ea010
60_COPY::x : 0x7fdd36b04010
60_COPY::y : 0x7fdd1a140010
60_XPY::x : 0x7fdcfd77c010
60_XPY::y : 0x7fdce0db8010
12_POW::a : 0x7fdd8d0ea010
12_POW::b : 0x7fdd8755c010
12_POW::y : 0x7fdd819ce010
84_COPY::x : 0x7fdd534c8010
84_COPY::y : 0x7fdcb8cd9010
24_ERF::x : 0x7fddc08e4010
24_ERF::y : 0x7fddb51c8010
60_TGAMMA::x : 0x7fddb2401010
60_TGAMMA::y : 0x7fddaf63a010
24_ERF::x : 0x7fdda3f1e010
24_ERF::y : 0x7fdd98802010
24_ERF::x : 0x7fddc08e4010
24_ERF::y : 0x7fddb51c8010
36_POW::a : 0x7fdd87559010
36_POW::b : 0x7fdd4221f010
36_POW::y : 0x7fdd30f76010
84_DOT::x : 0x7fdd08e97010
84_DOT::y : 0x7fdce0db8010
24_ERF::x : 0x7fdda9aac010
24_ERF::y : 0x7fdd9e390010
12_TGAMMA::x : 0x7fddd00017d0
12_TGAMMA::y : 0x7fddd09293e0
12_POW::a : 0x7fddc6472010
12_POW::b : 0x7fddc08e4010
12_POW::y : 0x7fddbad56010
12_ERF::x : 0x7fddb51c8010
12_ERF::y : 0x7fddaf63a010
12_TGAMMA::x : 0x7fddd00017d0
12_TGAMMA::y : 0x7fddd09293e0
108_SUM::x : 0x7fdcad5be010
48_SQRTX::x : 0x7fddb51c9010
12_ERF::x : 0x7fddaf63b010
12_ERF::y : 0x7fdda9aad010
12_SQRTX::x : 0x7fdda3f1f010
24_ERF::x : 0x7fdd9e391010
24_ERF::y : 0x7fdd92c75010
84_COPY::x : 0x7fdd534c8010
84_COPY::y : 0x7fdd2b3e9010
60_XPY::x : 0x7fdd0ea25010
60_XPY::y : 0x7fdcf2061010
12_ERF::x : 0x7fddc6472010
12_ERF::y : 0x7fddc08e4010
24_ERF::x : 0x7fddb51c8010
24_ERF::y : 0x7fdda9aac010
60_COPY::x : 0x7fdd8d0e8010
60_COPY::y : 0x7fdcd569d010
12_TGAMMA::x : 0x7fddd4000da0
12_TGAMMA::y : 0x7fddd49289b0
12_TGAMMA::x : 0x7fddd4000da0
12_TGAMMA::y : 0x7fddd49289b0
12_ERF::x : 0x7fddc6472010
12_ERF::y : 0x7fddc08e4010
48_XPY::x : 0x7fddb51c9010
48_XPY::y : 0x7fdcbe866010
84_SUM::x : 0x7fdd0330a010
12_TGAMMA::x : 0x185f640
12_TGAMMA::y : 0x2187250
24_POW::a : 0x7fdda9aad010
24_POW::b : 0x7fdd9e391010
24_POW::y : 0x7fdd92c75010
24_POW::a : 0x7fdd87559010
24_POW::b : 0x7fdd6fe8b010
24_POW::y : 0x7fdd6476f010
24_ERF::x : 0x7fdd59053010
24_ERF::y : 0x7fdd4d937010
48_ERF::x : 0x7fddb51c9010
48_ERF::y : 0x7fdd36b00010
84_SUM::x : 0x7fdd0ea21010
48_ERF::x : 0x7fdd9e392010
48_ERF::y : 0x7fdd8755b010
60_TGAMMA::x : 0x7fdd84794010
60_TGAMMA::y : 0x7fdd819cd010
12_POW::a : 0x7fdd7be3f010
12_POW::b : 0x7fdd75a19010
12_POW::y : 0x7fdd6fe8b010
12_ERF::x : 0x7fddc6472010
12_ERF::y : 0x7fddc08e4010
12_TGAMMA::x : 0x7fddd00017d0
12_TGAMMA::y : 0x7fddd09293e0
48_XPY::x : 0x7fdd59054010
48_XPY::y : 0x7fdd4221d010
60_TGAMMA::x : 0x7fddbdb1d010
60_TGAMMA::y : 0x7fddbad56010
60_XPY::x : 0x7fdd25859010
60_XPY::y : 0x7fdd08e95010
48_XPY::x : 0x7fdda3f1f010
48_XPY::y : 0x7fdd8d0e8010
36_DOT::x : 0x7fddbad57010
36_DOT::y : 0x7fdd7be3f010
60_TGAMMA::x : 0x7fdd787e0010
60_TGAMMA::y : 0x7fdd75a19010
12_TGAMMA::x : 0x7fddcc000be0
12_TGAMMA::y : 0x7fddcc9287f0
84_COPY::x : 0x7fdd4d93a010
84_COPY::y : 0x7fdce0db6010
120_TGAMMA::x : 0x7fddc6472010
120_TGAMMA::y : 0x7fddc08e4010
12_POW::a : 0x7fdd8755b010
12_POW::b : 0x7fdd819cd010
12_POW::y : 0x7fdd7be3f010
36_POW::a : 0x7fddaf63b010
36_POW::b : 0x7fdd9e392010
36_POW::y : 0x7fdd8d0e9010
12_TGAMMA::x : 0x7fddd4000da0
12_TGAMMA::y : 0x7fddd49289b0
60_TGAMMA::x : 0x7fdd8a322010
60_TGAMMA::y : 0x7fdd8755b010
  итерация 3: 1265302 ms
24_ERF::x : 0x7fddc08e4010
24_ERF::y : 0x7fdda3f1f010
60_COPY::x : 0x7fdd8755b010
60_COPY::y : 0x7fdd0ea25010
36_DOT::x : 0x7fddaf63b010
36_DOT::y : 0x7fdd2b3e9010
132_SUM::x : 0x7fdd3c692010
12_ERF::x : 0x7fddc6472010
12_ERF::y : 0x7fddc08e4010
12_TGAMMA::x : 0x185f640
12_TGAMMA::y : 0x2187250
48_ERF::x : 0x7fdda9aad010
48_ERF::y : 0x7fdcf7bee010
24_ERF::x : 0x7fddc08e4010
24_ERF::y : 0x7fdd7be3f010
60_XPY::x : 0x7fdd8d0e9010
60_XPY::y : 0x7fdd1fcce010
12_ERF::x : 0x7fdd8755b010
12_ERF::y : 0x7fdd75a19010
12_SQRTX::x : 0x7fddc6472010
60_COPY::x : 0x7fdd5ebe3010
60_COPY::y : 0x7fdd4221f010
84_SUM::x : 0x7fdccfb0f010
108_SUM::x : 0x7fdc9c315010
12_ERF::x : 0x7fddc6472010
12_ERF::y : 0x7fddc08e4010
84_SUM::x : 0x7fdd98805010
84_DOT::x : 0x7fdd1a140010
84_DOT::y : 0x7fdcf2061010
60_XPY::x : 0x7fdd7be41010
60_XPY::y : 0x7fdd5ebe3010
24_ERF::x : 0x7fddc08e4010
24_ERF::y : 0x7fdd534c7010
48_SQRTX::x : 0x7fdda9aad010
108_SUM::x : 0x7fdcbe867010
60_COPY::x : 0x7fddaf63c010
60_COPY::y : 0x7fdd4221f010
24_POW::a : 0x7fdda3f20010
24_POW::b : 0x7fdd36b03010
24_POW::y : 0x7fdd2b3e7010
12_POW::a : 0x7fdd9e392010
12_POW::b : 0x7fdd98804010
12_POW::y : 0x7fdd92c76010
48_ERF::x : 0x7fdd7be3f010
48_ERF::y : 0x7fdd64770010
60_XPY::x : 0x7fdd0ea23010
60_XPY::y : 0x7fdcf205f010
48_SQRTX::x : 0x7fdd98805010
108_SUM::x : 0x7fdd30f76010
60_TGAMMA::x : 0x7fddc9239010
60_TGAMMA::y : 0x7fddc6472010
24_ERF::x : 0x7fddbad56010
24_ERF::y : 0x7fddaf63a010
24_ERF::x : 0x7fdda3f1e010
24_ERF::y : 0x7fdd98802010
132_SUM::x : 0x7fdd3c692010
120_TGAMMA::x : 0x7fddc6472010
120_TGAMMA::y : 0x7fdd92c74010
48_ERF::x : 0x7fddaf63b010
48_ERF::y : 0x7fdd2585b010
84_COPY::x : 0x7fdcfd77c010
84_COPY::y : 0x7fdcd569d010
132_SUM::x : 0x7fdd3c692010
12_ERF::x : 0x7fddc6472010
12_ERF::y : 0x7fdda9aad010
132_SUM::x : 0x7fdc96788010
12_ERF::x : 0x7fddc6472010
12_ERF::y : 0x7fddc08e4010
84_COPY::x : 0x7fdd98805010
84_COPY::y : 0x7fdd145b3010
48_XPY::x : 0x7fdd819ce010
48_XPY::y : 0x7fdcfd77c010
12_SQRTX::x : 0x7fddc6472010
60_COPY::x : 0x7fdd5ebe3010
60_COPY::y : 0x7fdd4221f010
24_ERF::x : 0x7fddc08e4010
24_ERF::y : 0x7fdcf2060010
108_SUM::x : 0x7fdcbe866010
12_TGAMMA::x : 0x185f640
12_TGAMMA::y : 0x2187250
12_TGAMMA::x : 0x185f640
12_TGAMMA::y : 0x2187250
24_ERF::x : 0x7fddc08e4010
24_ERF::y : 0x7fdd8d0e9010
12_TGAMMA::x : 0x7fddd00017d0
12_TGAMMA::y : 0x7fddd09293e0
24_ERF::x : 0x7fddb51c8010
24_ERF::y : 0x7fdda9aac010
36_POW::a : 0x7fdd7be40010
36_POW::b : 0x7fdd6a2fe010
36_POW::y : 0x7fdd59055010
48_XPY::x : 0x7fdd92c75010
48_XPY::y : 0x7fdd4221e010
24_ERF::x : 0x7fddc08e4010
24_ERF::y : 0x7fdd36b02010
36_POW::a : 0x7fddaf63b010
36_POW::b : 0x7fdd25859010
36_POW::y : 0x7fdd145b0010
12_POW::a : 0x7fddc6472010
12_POW::b : 0x7fddc08e4010
12_POW::y : 0x7fdda9aad010
12_TGAMMA::x : 0x7fddd00017d0
12_TGAMMA::y : 0x7fddd09293e0
48_SQRTX::x : 0x7fdd92c76010
84_SUM::x : 0x7fdd534c8010
12_POW::a : 0x7fddc6472010
12_POW::b : 0x7fddc08e4010
12_POW::y : 0x7fdda9aad010
24_POW::a : 0x7fddb51c8010
24_POW::b : 0x7fdd8755a010
24_POW::y : 0x7fdd7be3e010
12_TGAMMA::x : 0x7fddd00017d0
12_TGAMMA::y : 0x7fddd09293e0
24_ERF::x : 0x7fddc08e4010
24_ERF::y : 0x7fdd6fe8b010
84_DOT::x : 0x7fdd2b3e9010
84_DOT::y : 0x7fdd0330a010
84_SUM::x : 0x7fdcdb22b010
48_XPY::x : 0x7fdd9e391010
48_XPY::y : 0x7fdd64770010
60_COPY::x : 0x7fdd819cd010
60_COPY::y : 0x7fdcbe867010
48_SQRTX::x : 0x7fddb51c9010
60_TGAMMA::x : 0x7fdd7ec06010
60_TGAMMA::y : 0x7fdd7be3f010
36_DOT::x : 0x7fddbad57010
36_DOT::y : 0x7fdd534c7010
12_POW::a : 0x7fddb51c9010
12_POW::b : 0x7fddaf63b010
12_POW::y : 0x7fdda9aad010
60_XPY::x : 0x7fdd36b03010
60_XPY::y : 0x7fdd1a13f010
84_COPY::x : 0x7fdd534c8010
84_COPY::y : 0x7fdcf2060010
12_ERF::x : 0x7fddc6472010
12_ERF::y : 0x7fddc08e4010
84_COPY::x : 0x7fdd819ce010
84_COPY::y : 0x7fdcc9f81010
84_COPY::x : 0x7fdca1ea2010
84_COPY::y : 0x7fdc79dc3010
12_TGAMMA::x : 0x7fddd00017d0
12_TGAMMA::y : 0x7fddd09293e0
84_DOT::x : 0x7fdd2b3e9010
84_DOT::y : 0x7fdc51ce4010
48_ERF::x : 0x7fddb51c9010
48_ERF::y : 0x7fdd64770010
60_TGAMMA::x : 0x7fddb2402010
60_TGAMMA::y : 0x7fddaf63b010
12_ERF::x : 0x7fdda9aad010
12_ERF::y : 0x7fdda3f1f010
60_TGAMMA::x : 0x7fddac874010
60_TGAMMA::y : 0x7fdda9aad010
60_TGAMMA::x : 0x7fddb2402010
60_TGAMMA::y : 0x7fddaf63b010
12_ERF::x : 0x7fdda3f1f010
12_ERF::y : 0x7fdd9e391010
12_SQRTX::x : 0x7fdda3f1f010
48_XPY::x : 0x7fddb51c9010
48_XPY::y : 0x7fdd8d0e8010
12_ERF::x : 0x7fdda3f1f010
12_ERF::y : 0x7fdd8755a010
36_POW::a : 0x7fdd6a2fe010
36_POW::b : 0x7fdd59055010
36_POW::y : 0x7fdd47dac010
12_TGAMMA::x : 0x7fddd4000da0
12_TGAMMA::y : 0x7fddd49289b0
36_DOT::x : 0x7fdd36b03010
36_DOT::y : 0x7fdd2585a010
60_COPY::x : 0x7fdd08e96010
60_COPY::y : 0x7fdcec4d2010
12_TGAMMA::x : 0x7fddd4000da0
12_TGAMMA::y : 0x7fddd49289b0
84_SUM::x : 0x7fdcc43f3010
48_XPY::x : 0x7fddb51c9010
48_XPY::y : 0x7fdd9e392010
60_XPY::x : 0x7fdd819ce010
60_XPY::y : 0x7fdd5ebe3010
24_POW::a : 0x7fdd534c7010
24_POW::b : 0x7fdd47dab010
24_POW::y : 0x7fdd3c68f010
120_TGAMMA::x : 0x7fdd7be40010
120_TGAMMA::y : 0x7fdd36b01010
24_ERF::x : 0x7fddc08e4010
24_ERF::y : 0x7fddb51c8010
48_ERF::x : 0x7fdd9e391010
48_ERF::y : 0x7fdd8755a010
60_TGAMMA::x : 0x7fdd84793010
60_TGAMMA::y : 0x7fdd787e0010
12_TGAMMA::x : 0x185f640
12_TGAMMA::y : 0x2187250
  итерация 4: 1247272 ms
  среднее по 5 итерациям: 1261155 ms
=== Выполняется проект: no_po_16.txt (100 работ) ===
12_TGAMMA::x : 0x7fddd4000da0
12_TGAMMA::y : 0x7fddd49289b0
48_SQRTX::x : 0x7fddb51c9010
48_XPY::x : 0x7fdd9e392010
48_XPY::y : 0x7fdd8755b010
60_COPY::x : 0x7fdd5ebe3010
60_COPY::y : 0x7fdd4221f010
24_ERF::x : 0x7fdd7be3f010
24_ERF::y : 0x7fdd36b03010
60_XPY::x : 0x7fdd2585b010
60_XPY::y : 0x7fdd08e97010
24_POW::a : 0x7fddc08e4010
24_POW::b : 0x7fdd7be3f010
24_POW::y : 0x7fdcfd77b010
36_DOT::x : 0x7fddaf63b010
36_DOT::y : 0x7fdd9e392010
12_POW::a : 0x7fdd98804010
12_POW::b : 0x7fdd92c76010
12_POW::y : 0x7fdd8d0e8010
60_TGAMMA::x : 0x7fddc9239010
60_TGAMMA::y : 0x7fddc6472010
132_SUM::x : 0x7fdcc9f82010
12_POW::a : 0x7fddc08e4010
12_POW::b : 0x7fddbad56010
12_POW::y : 0x7fddb51c8010
12_ERF::x : 0x7fddaf63a010
12_ERF::y : 0x7fdda9aac010
12_POW::a : 0x7fddaf63a010
12_POW::b : 0x7fdda9aac010
12_POW::y : 0x7fdda3f1e010
36_DOT::x : 0x7fdd92c75010
36_DOT::y : 0x7fdd819cc010
48_SQRTX::x : 0x7fddb51c9010
84_COPY::x : 0x7fdd534c8010
84_COPY::y : 0x7fdd2b3e9010
36_DOT::x : 0x7fdda3f20010
36_DOT::y : 0x7fdd1a140010
120_TGAMMA::x : 0x7fdd9e392010
120_TGAMMA::y : 0x7fdd98804010
48_XPY::x : 0x7fddb51c9010
48_XPY::y : 0x7fdd819cd010
12_POW::a : 0x7fddaf63b010
12_POW::b : 0x7fdda9aad010
12_POW::y : 0x7fdd7be3f010
12_ERF::x : 0x7fddc6472010
12_ERF::y : 0x7fddc08e4010
108_SUM::x : 0x7fdcf7bef010
132_SUM::x : 0x7fdd819cf010
36_DOT::x : 0x7fdce6946010
36_DOT::y : 0x7fdcd569d010
48_SQRTX::x : 0x7fdd64770010
84_SUM::x : 0x7fdd3c691010
84_DOT::x : 0x7fdd145b2010
84_DOT::y : 0x7fdcec4d3010
60_TGAMMA::x : 0x7fddc9239010
60_TGAMMA::y : 0x7fddc6472010
108_SUM::x : 0x7fdd92c78010
48_XPY::x : 0x7fdd7be41010
48_XPY::y : 0x7fdd64770010
108_SUM::x : 0x7fdcb8cd9010
24_POW::a : 0x7fdd59054010
24_POW::b : 0x7fdd4d938010
24_POW::y : 0x7fdd4221c010
132_SUM::x : 0x7fdd03307010
60_COPY::x : 0x7fddaf63c010
60_COPY::y : 0x7fdd92c78010
48_ERF::x : 0x7fdd7be41010
48_ERF::y : 0x7fdd64770010
108_SUM::x : 0x7fdccfb0d010
24_ERF::x : 0x7fdd59054010
24_ERF::y : 0x7fdd4d938010
84_DOT::x : 0x7fdda3f21010
84_DOT::y : 0x7fdd25859010
84_SUM::x : 0x7fdd7be42010
60_TGAMMA::x : 0x7fdd787e0010
60_TGAMMA::y : 0x7fdd75a19010
48_SQRTX::x : 0x7fdd5ebe2010
48_SQRTX::x : 0x7fdd8d0ea010
84_COPY::x : 0x7fdcfd77a010
84_COPY::y : 0x7fdcd569b010
60_COPY::x : 0x7fddaf63c010
60_COPY::y : 0x7fdd4221e010
84_COPY::x : 0x7fdcad5bc010
84_COPY::y : 0x7fdc854dd010
108_SUM::x : 0x7fdd7be42010
12_ERF::x : 0x7fdda9aae010
12_ERF::y : 0x7fdda3f20010
60_XPY::x : 0x7fddaf63c010
60_XPY::y : 0x7fdd8755c010
60_TGAMMA::x : 0x7fddac875010
60_TGAMMA::y : 0x7fdda9aae010
132_SUM::x : 0x7fdd3c692010
12_POW::a : 0x7fdda3f20010
12_POW::b : 0x7fdd819ce010
12_POW::y : 0x7fdd7be40010
60_TGAMMA::x : 0x7fddac875010
60_TGAMMA::y : 0x7fdda9aae010
36_POW::a : 0x7fdd6a2fe010
36_POW::b : 0x7fdd59055010
36_POW::y : 0x7fdd47dac010
108_SUM::x : 0x7fdd145b2010
132_SUM::x : 0x7fdcd569d010
84_DOT::x : 0x7fdda3f21010
84_DOT::y : 0x7fdd7be42010
132_SUM::x : 0x7fdc96788010
24_POW::a : 0x7fdd3c690010
24_POW::b : 0x7fdd30f74010
24_POW::y : 0x7fdd25858010
60_XPY::x : 0x7fdd5ebe3010
60_XPY::y : 0x7fdd08e94010
12_ERF::x : 0x7fddc6472010
12_ERF::y : 0x7fddc08e4010
60_TGAMMA::x : 0x7fddc9239010
60_TGAMMA::y : 0x7fddc6472010
12_TGAMMA::x : 0x185f640
12_TGAMMA::y : 0x2187250
12_POW::a : 0x7fddc08e4010
12_POW::b : 0x7fddbad56010
12_POW::y : 0x7fddb51c8010
84_COPY::x : 0x7fdd8d0e9010
84_COPY::y : 0x7fdd36b04010
12_ERF::x : 0x7fdd8755b010
12_ERF::y : 0x7fdd819cd010
108_SUM::x : 0x7fdd0330a010
84_DOT::x : 0x7fdcdb22b010
84_DOT::y : 0x7fdcb314c010
48_ERF::x : 0x7fddb51c9010
48_ERF::y : 0x7fdd64770010
60_TGAMMA::x : 0x7fdd8a322010
60_TGAMMA::y : 0x7fdd8755b010
60_COPY::x : 0x7fdd5ebe3010
60_COPY::y : 0x7fdd1a140010
24_POW::a : 0x7fddc08e4010
24_POW::b : 0x7fddb51c8010
24_POW::y : 0x7fdd819cd010
84_DOT::x : 0x7fdcf2061010
84_DOT::y : 0x7fdcc9f82010
36_POW::a : 0x7fdda3f1f010
36_POW::b : 0x7fdd92c76010
36_POW::y : 0x7fdd4d93a010
60_TGAMMA::x : 0x7fddc9239010
60_TGAMMA::y : 0x7fddc6472010
108_SUM::x : 0x7fdc96788010
36_DOT::x : 0x7fddb51c9010
36_DOT::y : 0x7fdd819cd010
84_DOT::x : 0x7fdd534c8010
84_DOT::y : 0x7fdd2b3e9010
24_POW::a : 0x7fdda9aad010
24_POW::b : 0x7fdd9e391010
24_POW::y : 0x7fdd1fccd010
24_ERF::x : 0x7fdd145b1010
24_ERF::y : 0x7fdd08e95010
60_XPY::x : 0x7fdd819cd010
60_XPY::y : 0x7fdcec4d1010
60_XPY::x : 0x7fdccfb0d010
60_XPY::y : 0x7fdcb3149010
84_SUM::x : 0x7fdda3f21010
36_POW::a : 0x7fdd6a2fe010
36_POW::b : 0x7fdd59055010
36_POW::y : 0x7fdd47dac010
108_SUM::x : 0x7fdd145b2010
48_ERF::x : 0x7fddb51c9010
48_ERF::y : 0x7fdd9e392010
36_DOT::x : 0x7fdd8d0e9010
36_DOT::y : 0x7fdd7be40010
84_SUM::x : 0x7fdcec4d3010
84_SUM::x : 0x7fdd1fccd010
120_TGAMMA::x : 0x7fdd98804010
120_TGAMMA::y : 0x7fdd92c76010
12_SQRTX::x : 0x7fddc6472010
12_SQRTX::x : 0x7fddc08e4010
132_SUM::x : 0x7fdd3c692010
108_SUM::x : 0x7fdd08e98010
108_SUM::x : 0x7fdcd569e010
60_COPY::x : 0x7fddaf63c010
60_COPY::y : 0x7fdcec4d4010
36_POW::a : 0x7fdd9e393010
36_POW::b : 0x7fdd8d0ea010
36_POW::y : 0x7fdd7be41010
48_ERF::x : 0x7fdd2585b010
48_ERF::y : 0x7fdd0ea24010
60_COPY::x : 0x7fdd5ebe3010
60_COPY::y : 0x7fdd4221f010
60_COPY::x : 0x7fddaf63c010
60_COPY::y : 0x7fdcf2060010
  итерация 0: 1347595 ms
24_ERF::x : 0x7fdd59054010
24_ERF::y : 0x7fdd36b01010
48_ERF::x : 0x7fdd64770010
48_ERF::y : 0x7fdd4221d010
108_SUM::x : 0x7fdd98806010
48_XPY::x : 0x7fdd819cf010
48_XPY::y : 0x7fdd1fcca010
60_XPY::x : 0x7fdd03306010
60_XPY::y : 0x7fdce6942010
12_POW::a : 0x7fddc6472010
12_POW::b : 0x7fddc08e4010
12_POW::y : 0x7fddbad56010
12_TGAMMA::x : 0x7fddcc000be0
12_TGAMMA::y : 0x7fddcc9287f0
120_TGAMMA::x : 0x7fddb51c8010
120_TGAMMA::y : 0x7fddaf63a010
48_SQRTX::x : 0x7fdd98803010
132_SUM::x : 0x7fdd3c692010
60_COPY::x : 0x7fdd7be3f010
60_COPY::y : 0x7fdd1fcce010
36_DOT::x : 0x7fddbad57010
36_DOT::y : 0x7fdd9e391010
60_TGAMMA::x : 0x7fddb7f90010
60_TGAMMA::y : 0x7fddb51c9010
12_ERF::x : 0x7fddaf63b010
12_ERF::y : 0x7fdd98803010
84_SUM::x : 0x7fdd534c8010
84_COPY::x : 0x7fdd2b3e9010
84_COPY::y : 0x7fdd0330a010
12_ERF::x : 0x7fddc6472010
12_ERF::y : 0x7fddc08e4010
108_SUM::x : 0x7fdd8d0ea010
84_SUM::x : 0x7fdd534c8010
84_DOT::x : 0x7fdcdb22b010
84_DOT::y : 0x7fdcb314c010
108_SUM::x : 0x7fdc7f952010
60_XPY::x : 0x7fddaf63c010
60_XPY::y : 0x7fdd92c78010
36_DOT::x : 0x7fdd819cf010
36_DOT::y : 0x7fdd6a2fe010
12_TGAMMA::x : 0x7fddcc000be0
12_TGAMMA::y : 0x7fddcc9287f0
12_POW::a : 0x7fdd7be41010
12_POW::b : 0x7fdd64770010
12_POW::y : 0x7fdd5ebe2010
84_DOT::x : 0x7fdd36b03010
84_DOT::y : 0x7fdd0ea24010
48_XPY::x : 0x7fdcf7bed010
48_XPY::y : 0x7fdce0db6010
60_XPY::x : 0x7fddaf63c010
60_XPY::y : 0x7fdd92c78010
84_COPY::x : 0x7fdcb8cd7010
84_COPY::y : 0x7fdc90bf8010
12_ERF::x : 0x7fdd8d0ea010
12_ERF::y : 0x7fdd8755c010
108_SUM::x : 0x7fdc5d3fe010
84_DOT::x : 0x7fdd534c8010
84_DOT::y : 0x7fdd2b3e9010
36_DOT::x : 0x7fddbad57010
36_DOT::y : 0x7fdda9aae010
36_DOT::x : 0x7fdd98805010
36_DOT::y : 0x7fdd8755c010
108_SUM::x : 0x7fdcf7bef010
132_SUM::x : 0x7fdcb8cda010
48_XPY::x : 0x7fddb51c9010
48_XPY::y : 0x7fdd9e392010
36_DOT::x : 0x7fdd8d0e9010
36_DOT::y : 0x7fdd7be40010
48_SQRTX::x : 0x7fdd64770010
12_SQRTX::x : 0x7fdd5ebe2010
24_POW::a : 0x7fdd92c76010
24_POW::b : 0x7fdd8755a010
24_POW::y : 0x7fdd7be3e010
60_COPY::x : 0x7fdd47dac010
60_COPY::y : 0x7fdd2b3e8010
60_TGAMMA::x : 0x7fddc9239010
60_TGAMMA::y : 0x7fddc6472010
132_SUM::x : 0x7fdcec4d3010
24_POW::a : 0x7fddc08e4010
24_POW::b : 0x7fddb51c8010
24_POW::y : 0x7fdda9aac010
12_ERF::x : 0x7fdda3f1e010
12_ERF::y : 0x7fdd9e390010
48_ERF::x : 0x7fdd92c75010
48_ERF::y : 0x7fdd7be3e010
12_POW::a : 0x7fdd75a19010
12_POW::b : 0x7fdd6fe8b010
12_POW::y : 0x7fdd6a2fd010
36_POW::a : 0x7fdd59054010
36_POW::b : 0x7fdd47dab010
36_POW::y : 0x7fdd36b02010
60_COPY::x : 0x7fdd1a13e010
60_COPY::y : 0x7fdcfd77a010
36_POW::a : 0x7fddbad57010
36_POW::b : 0x7fdda9aae010
36_POW::y : 0x7fdd6a2fe010
48_SQRTX::x : 0x7fdd92c77010
84_DOT::x : 0x7fdd4221f010
84_DOT::y : 0x7fdcd569b010
60_XPY::x : 0x7fdd2585b010
60_XPY::y : 0x7fdd08e97010
24_POW::a : 0x7fddc08e4010
24_POW::b : 0x7fddb51c8010
24_POW::y : 0x7fdd8755b010
24_POW::a : 0x7fdda9aac010
24_POW::b : 0x7fdd9e390010
24_POW::y : 0x7fdd7be3f010
48_SQRTX::x : 0x7fdd64770010
60_COPY::x : 0x7fdd47dac010
60_COPY::y : 0x7fdcec4d3010
60_TGAMMA::x : 0x7fddc9239010
60_TGAMMA::y : 0x7fddc6472010
108_SUM::x : 0x7fdd92c78010
60_TGAMMA::x : 0x7fddc9239010
60_TGAMMA::y : 0x7fddc6472010
12_POW::a : 0x7fdd8d0ea010
12_POW::b : 0x7fdd8755c010
12_POW::y : 0x7fdd819ce010
108_SUM::x : 0x7fdd92c78010
60_TGAMMA::x : 0x7fdd7ec07010
60_TGAMMA::y : 0x7fdd7be40010
132_SUM::x : 0x7fdd3c692010
84_COPY::x : 0x7fdd145b3010
84_COPY::y : 0x7fdcec4d4010
36_POW::a : 0x7fddbad57010
36_POW::b : 0x7fdda9aae010
36_POW::y : 0x7fdd98805010
60_TGAMMA::x : 0x7fdd95a3e010
60_TGAMMA::y : 0x7fdd92c77010
120_TGAMMA::x : 0x7fdd8d0e9010
120_TGAMMA::y : 0x7fdd8755b010
24_ERF::x : 0x7fdd7be3f010
24_ERF::y : 0x7fdd6fe8b010
84_DOT::x : 0x7fdd47dac010
84_DOT::y : 0x7fdd1fccd010
108_SUM::x : 0x7fdcec4d3010
84_COPY::x : 0x7fdda3f21010
84_COPY::y : 0x7fdcc43f4010
60_TGAMMA::x : 0x7fdda115a010
60_TGAMMA::y : 0x7fdd9e393010
84_DOT::x : 0x7fdcf7bee010
84_DOT::y : 0x7fdc9c315010
24_ERF::x : 0x7fdd98805010
24_ERF::y : 0x7fdd8d0e9010
48_SQRTX::x : 0x7fdd64770010
60_COPY::x : 0x7fdd8755d010
60_COPY::y : 0x7fdd47dac010
132_SUM::x : 0x7fdd08e97010
12_POW::a : 0x7fddc6472010
12_POW::b : 0x7fddc08e4010
12_POW::y : 0x7fddbad56010
84_SUM::x : 0x7fdce0db8010
12_ERF::x : 0x7fddc6472010
12_ERF::y : 0x7fddc08e4010
12_SQRTX::x : 0x7fddc6472010
108_SUM::x : 0x7fdcd569d010
48_ERF::x : 0x7fddaf63b010
48_ERF::y : 0x7fdd98804010
60_XPY::x : 0x7fdd7be40010
60_XPY::y : 0x7fdd5ebe3010
108_SUM::x : 0x7fdd2b3e9010
36_DOT::x : 0x7fdd1a140010
36_DOT::y : 0x7fdd08e97010
60_TGAMMA::x : 0x7fddc9239010
60_TGAMMA::y : 0x7fddc6472010
12_POW::a : 0x7fddc08e4010
12_POW::b : 0x7fddbad56010
12_POW::y : 0x7fddb51c8010
132_SUM::x : 0x7fdd3c692010
108_SUM::x : 0x7fdd819ce010
84_SUM::x : 0x7fdd145b3010
36_POW::a : 0x7fddbad57010
36_POW::b : 0x7fdd0330a010
36_POW::y : 0x7fdcf2061010
84_SUM::x : 0x7fdd145b3010
60_COPY::x : 0x7fdd9e393010
60_COPY::y : 0x7fdd819cf010
132_SUM::x : 0x7fdd3c692010
48_ERF::x : 0x7fdd2585b010
48_ERF::y : 0x7fdcdb22a010
24_POW::a : 0x7fddc08e4010
24_POW::b : 0x7fdd1a13f010
24_POW::y : 0x7fdd0ea23010
60_COPY::x : 0x7fdd5ebe3010
60_COPY::y : 0x7fdd4221f010
  итерация 1: 1343639 ms
24_ERF::x : 0x7fdda9aad010
24_ERF::y : 0x7fdd8755a010
48_SQRTX::x : 0x7fdd92c76010
48_SQRTX::x : 0x7fddb51c9010
108_SUM::x : 0x7fdd47dad010
84_SUM::x : 0x7fdd1fcce010
36_DOT::x : 0x7fdda3f20010
36_DOT::y : 0x7fdd92c77010
60_XPY::x : 0x7fdd0330a010
60_XPY::y : 0x7fdce6946010
60_TGAMMA::x : 0x7fddc9239010
60_TGAMMA::y : 0x7fddc6472010
12_POW::a : 0x7fddc08e4010
12_POW::b : 0x7fddbad56010
12_POW::y : 0x7fdd8d0e9010
48_XPY::x : 0x7fdda3f1f010
48_XPY::y : 0x7fdd64770010
24_ERF::x : 0x7fdd98803010
24_ERF::y : 0x7fdd819cd010
12_TGAMMA::x : 0x185f640
12_TGAMMA::y : 0x2187250
48_XPY::x : 0x7fdd4d939010
48_XPY::y : 0x7fdd36b02010
24_POW::a : 0x7fddc08e4010
24_POW::b : 0x7fdd2b3e6010
24_POW::y : 0x7fdd1fcca010
132_SUM::x : 0x7fdce0db5010
12_POW::a : 0x7fddbad56010
12_POW::b : 0x7fddb51c8010
12_POW::y : 0x7fddaf63a010
84_COPY::x : 0x7fdd8755b010
84_COPY::y : 0x7fdcb8cd6010
60_TGAMMA::x : 0x7fddc9239010
60_TGAMMA::y : 0x7fddc6472010
120_TGAMMA::x : 0x7fddc08e4010
120_TGAMMA::y : 0x7fddbad56010
60_COPY::x : 0x7fdd5ebe3010
60_COPY::y : 0x7fdd4221f010
36_DOT::x : 0x7fdd30f76010
36_DOT::y : 0x7fdd1fccd010
36_DOT::x : 0x7fdd30f76010
36_DOT::y : 0x7fdd1fccd010
60_COPY::x : 0x7fddaf63c010
60_COPY::y : 0x7fdd03309010
48_ERF::x : 0x7fdd64770010
48_ERF::y : 0x7fdd4d939010
36_DOT::x : 0x7fdd3c690010
36_DOT::y : 0x7fdd2b3e7010
12_ERF::x : 0x7fdda9aae010
12_ERF::y : 0x7fdda3f20010
60_COPY::x : 0x7fdd92c78010
60_COPY::y : 0x7fdce6945010
48_SQRTX::x : 0x7fdd7be41010
60_TGAMMA::x : 0x7fddc9239010
60_TGAMMA::y : 0x7fddc6472010
36_POW::a : 0x7fddb51c9010
36_POW::b : 0x7fdd6a2fe010
36_POW::y : 0x7fdd59055010
12_TGAMMA::x : 0x185f640
12_TGAMMA::y : 0x2187250
84_COPY::x : 0x7fdd30f76010
84_COPY::y : 0x7fdd08e97010
60_TGAMMA::x : 0x7fddc9239010
60_TGAMMA::y : 0x7fddc6472010
84_DOT::x : 0x7fdd8d0ea010
84_DOT::y : 0x7fdce0db8010
60_TGAMMA::x : 0x7fddc9239010
60_TGAMMA::y : 0x7fddc6472010
12_ERF::x : 0x7fddc08e4010
12_ERF::y : 0x7fddbad56010
108_SUM::x : 0x7fdd47dad010
12_POW::a : 0x7fddc6472010
12_POW::b : 0x7fdd8755c010
12_POW::y : 0x7fdd819ce010
24_POW::a : 0x7fddbad56010
24_POW::b : 0x7fdd3c691010
24_POW::y : 0x7fdd30f75010
108_SUM::x : 0x7fdcfd77b010
132_SUM::x : 0x7fdd7be41010
84_SUM::x : 0x7fdd534c8010
84_COPY::x : 0x7fdd08e96010
84_COPY::y : 0x7fdce0db7010
84_DOT::x : 0x7fdcb8cd8010
84_DOT::y : 0x7fdc90bf9010
108_SUM::x : 0x7fdd47dad010
84_SUM::x : 0x7fdda3f21010
60_TGAMMA::x : 0x7fdda115a010
60_TGAMMA::y : 0x7fdd9e393010
48_XPY::x : 0x7fddb51c9010
48_XPY::y : 0x7fdd8755c010
60_COPY::x : 0x7fdd5ebe3010
60_COPY::y : 0x7fdd4221f010
12_POW::a : 0x7fddaf63b010
12_POW::b : 0x7fdda9aad010
12_POW::y : 0x7fdda3f1f010
84_DOT::x : 0x7fdd1a140010
84_DOT::y : 0x7fdcf2061010
60_XPY::x : 0x7fdd8755b010
60_XPY::y : 0x7fdcd569d010
84_SUM::x : 0x7fdda3f21010
12_ERF::x : 0x7fdd819cd010
12_ERF::y : 0x7fdd7be3f010
108_SUM::x : 0x7fdd47dad010
12_ERF::x : 0x7fddc6472010
12_ERF::y : 0x7fddc08e4010
84_DOT::x : 0x7fdd1fcce010
84_DOT::y : 0x7fdcf7bef010
12_ERF::x : 0x7fddc6472010
12_ERF::y : 0x7fddc08e4010
120_TGAMMA::x : 0x7fddbad56010
120_TGAMMA::y : 0x7fddb51c8010
48_SQRTX::x : 0x7fdd9e391010
132_SUM::x : 0x7fdcb8cda010
12_POW::a : 0x7fddc6472010
12_POW::b : 0x7fddc08e4010
12_POW::y : 0x7fddaf63a010
132_SUM::x : 0x7fdc79dc5010
60_COPY::x : 0x7fdd92c76010
60_COPY::y : 0x7fdd5ebe3010
24_POW::a : 0x7fddb51c8010
24_POW::b : 0x7fdd8755a010
24_POW::y : 0x7fdd7be3e010
84_DOT::x : 0x7fdd36b04010
84_DOT::y : 0x7fdd0ea25010
108_SUM::x : 0x7fdcdb22b010
36_POW::a : 0x7fddbad57010
36_POW::b : 0x7fdd819cd010
36_POW::y : 0x7fdcc9f82010
48_ERF::x : 0x7fdda3f20010
48_ERF::y : 0x7fdd64770010
108_SUM::x : 0x7fdd30f76010
24_POW::a : 0x7fdd98804010
24_POW::b : 0x7fdd2585a010
24_POW::y : 0x7fdd1a13e010
12_POW::a : 0x7fddc6472010
12_POW::b : 0x7fddc08e4010
12_POW::y : 0x7fdd92c76010
84_DOT::x : 0x7fdcf205f010
84_DOT::y : 0x7fdcc9f80010
60_XPY::x : 0x7fdda3f20010
60_XPY::y : 0x7fdd5ebe3010
60_TGAMMA::x : 0x7fdda1159010
60_TGAMMA::y : 0x7fdd9e392010
36_DOT::x : 0x7fdd8d0e9010
36_DOT::y : 0x7fdd7be40010
36_POW::a : 0x7fdd8d0e9010
36_POW::b : 0x7fdd7be40010
36_POW::y : 0x7fdd4d93a010
60_XPY::x : 0x7fdd30f76010
60_XPY::y : 0x7fdcad5bc010
12_SQRTX::x : 0x7fddc6472010
12_SQRTX::x : 0x7fddc08e4010
60_XPY::x : 0x7fdda3f20010
60_XPY::y : 0x7fdd5ebe3010
24_POW::a : 0x7fddc08e4010
24_POW::b : 0x7fdd2585a010
24_POW::y : 0x7fdd1a13e010
108_SUM::x : 0x7fdce6944010
60_COPY::x : 0x7fdd8755c010
60_COPY::y : 0x7fdd4221f010
48_ERF::x : 0x7fdd2b3e8010
48_ERF::y : 0x7fdccfb0d010
24_ERF::x : 0x7fddc08e4010
24_ERF::y : 0x7fddb51c8010
36_DOT::x : 0x7fdd6a2fe010
36_DOT::y : 0x7fdd1a13f010
132_SUM::x : 0x7fdc90bf8010
60_TGAMMA::x : 0x7fddc9239010
60_TGAMMA::y : 0x7fddc6472010
108_SUM::x : 0x7fdd92c78010
132_SUM::x : 0x7fdd3c692010
36_POW::a : 0x7fdd819cf010
36_POW::b : 0x7fdd2b3e9010
36_POW::y : 0x7fdd1a140010
48_SQRTX::x : 0x7fddb51c9010
108_SUM::x : 0x7fdce6946010
132_SUM::x : 0x7fdd3c692010
108_SUM::x : 0x7fdd98806010
48_ERF::x : 0x7fdd03309010
48_ERF::y : 0x7fdcec4d2010
84_COPY::x : 0x7fdcc43f3010
84_COPY::y : 0x7fdc9c314010
84_SUM::x : 0x7fdda3f21010
60_COPY::x : 0x7fdd8755d010
60_COPY::y : 0x7fdd5ebe3010
  итерация 2: 1346691 ms
120_TGAMMA::x : 0x7fdd92c78010
120_TGAMMA::y : 0x7fdd7be41010
36_DOT::x : 0x7fdd6a2fe010
36_DOT::y : 0x7fdd59055010
36_DOT::x : 0x7fdd819cf010
36_DOT::y : 0x7fdd47dac010
108_SUM::x : 0x7fdd98806010
12_POW::a : 0x7fdd75a19010
12_POW::b : 0x7fdd6fe8b010
12_POW::y : 0x7fdd6a2fd010
12_TGAMMA::x : 0x185f640
12_TGAMMA::y : 0x2187250
60_COPY::x : 0x7fdd4d939010
60_COPY::y : 0x7fdd30f75010
48_XPY::x : 0x7fddb51c9010
48_XPY::y : 0x7fdd9e392010
24_POW::a : 0x7fdd8755c010
24_POW::b : 0x7fdd6fe8b010
24_POW::y : 0x7fdd25859010
48_XPY::x : 0x7fdd0ea22010
48_XPY::y : 0x7fdcf7beb010
48_SQRTX::x : 0x7fdd8755b010
36_POW::a : 0x7fddbad57010
36_POW::b : 0x7fdda9aae010
36_POW::y : 0x7fdd6a2fe010
84_SUM::x : 0x7fdd4221f010
12_SQRTX::x : 0x7fdda3f20010
48_ERF::x : 0x7fdd2b3e8010
48_ERF::y : 0x7fdd145b1010
36_DOT::x : 0x7fdd98805010
36_DOT::y : 0x7fdd8755c010
60_XPY::x : 0x7fdd4d93a010
60_XPY::y : 0x7fdcf7bed010
24_ERF::x : 0x7fdd9e392010
24_ERF::y : 0x7fdd92c76010
84_DOT::x : 0x7fdccfb0e010
84_DOT::y : 0x7fdca7a2f010
60_COPY::x : 0x7fddaf63c010
60_COPY::y : 0x7fdd30f76010
24_POW::a : 0x7fdda3f20010
24_POW::b : 0x7fdd98804010
24_POW::y : 0x7fdd8d0e8010
60_TGAMMA::x : 0x7fdd8a321010
60_TGAMMA::y : 0x7fdd8755a010
108_SUM::x : 0x7fdcfd77c010
12_POW::a : 0x7fdda9aae010
12_POW::b : 0x7fdda3f20010
12_POW::y : 0x7fdd9e392010
12_POW::a : 0x7fdd98804010
12_POW::b : 0x7fdd92c76010
12_POW::y : 0x7fdd8d0e8010
48_SQRTX::x : 0x7fddb51c9010
12_POW::a : 0x7fddaf63b010
12_POW::b : 0x7fdda9aad010
12_POW::y : 0x7fdda3f1f010
12_ERF::x : 0x7fdd9e391010
12_ERF::y : 0x7fdd98803010
48_XPY::x : 0x7fdd819cc010
48_XPY::y : 0x7fdd64770010
12_ERF::x : 0x7fdd9e391010
12_ERF::y : 0x7fdd98803010
132_SUM::x : 0x7fdd2585b010
132_SUM::x : 0x7fdce6946010
60_TGAMMA::x : 0x7fddc9239010
60_TGAMMA::y : 0x7fddc6472010
60_TGAMMA::x : 0x7fddc36ab010
60_TGAMMA::y : 0x7fddc08e4010
84_SUM::x : 0x7fdd98805010
12_POW::a : 0x7fddc6472010
12_POW::b : 0x7fdd92c77010
12_POW::y : 0x7fdd8d0e9010
60_COPY::x : 0x7fdd5ebe3010
60_COPY::y : 0x7fdd4221f010
36_DOT::x : 0x7fdd7be40010
36_DOT::y : 0x7fdd30f76010
132_SUM::x : 0x7fdcf2061010
84_COPY::x : 0x7fdda3f21010
84_COPY::y : 0x7fdcc9f82010
36_POW::a : 0x7fdd92c78010
36_POW::b : 0x7fdd819cf010
36_POW::y : 0x7fdd30f76010
12_TGAMMA::x : 0x185f640
12_TGAMMA::y : 0x2187250
84_COPY::x : 0x7fdd534c8010
84_COPY::y : 0x7fdd08e97010
60_TGAMMA::x : 0x7fdd7ec08010
60_TGAMMA::y : 0x7fdd7be41010
24_ERF::x : 0x7fdd98805010
24_ERF::y : 0x7fdd8d0e9010
84_DOT::x : 0x7fdca1ea3010
84_DOT::y : 0x7fdc79dc4010
60_XPY::x : 0x7fddaf63c010
60_XPY::y : 0x7fdd36b04010
84_SUM::x : 0x7fdd8755d010
36_DOT::x : 0x7fdd6a2fe010
36_DOT::y : 0x7fdd59055010
108_SUM::x : 0x7fdd7be42010
132_SUM::x : 0x7fdcf7bef010
12_ERF::x : 0x7fddc6472010
12_ERF::y : 0x7fddc08e4010
48_ERF::x : 0x7fdd64770010
48_ERF::y : 0x7fdd4d939010
60_XPY::x : 0x7fddaf63c010
60_XPY::y : 0x7fdcdb22b010
84_DOT::x : 0x7fdd8755d010
84_DOT::y : 0x7fdcb314c010
48_ERF::x : 0x7fdd36b02010
48_ERF::y : 0x7fdd1fccb010
60_XPY::x : 0x7fdd5ebe3010
60_XPY::y : 0x7fdd03307010
12_SQRTX::x : 0x7fddc6472010
60_TGAMMA::x : 0x7fddc9239010
60_TGAMMA::y : 0x7fddc6472010
12_ERF::x : 0x7fddc08e4010
12_ERF::y : 0x7fddbad56010
120_TGAMMA::x : 0x7fddb51c8010
120_TGAMMA::y : 0x7fddaf63a010
84_DOT::x : 0x7fdd8755b010
84_DOT::y : 0x7fdd36b04010
108_SUM::x : 0x7fdccfb0d010
48_SQRTX::x : 0x7fdd64770010
108_SUM::x : 0x7fdd0330a010
24_POW::a : 0x7fddc08e4010
24_POW::b : 0x7fdd7be3f010
24_POW::y : 0x7fdd6fe8b010
108_SUM::x : 0x7fdd3c691010
48_SQRTX::x : 0x7fdda9aad010
84_SUM::x : 0x7fdd145b2010
108_SUM::x : 0x7fdd3c691010
48_SQRTX::x : 0x7fdda9aad010
108_SUM::x : 0x7fdce0db8010
24_POW::a : 0x7fddc08e4010
24_POW::b : 0x7fdd9e391010
24_POW::y : 0x7fdd92c75010
108_SUM::x : 0x7fdd47dad010
60_TGAMMA::x : 0x7fddbdb1d010
60_TGAMMA::y : 0x7fddbad56010
24_ERF::x : 0x7fddaf63a010
24_ERF::y : 0x7fdd87559010
60_TGAMMA::x : 0x7fddbdb1d010
60_TGAMMA::y : 0x7fddbad56010
60_COPY::x : 0x7fdd2b3e9010
60_COPY::y : 0x7fdd0ea25010
108_SUM::x : 0x7fdcdb22b010
12_POW::a : 0x7fddc6472010
12_POW::b : 0x7fddc08e4010
12_POW::y : 0x7fddb51c8010
36_DOT::x : 0x7fdda9aad010
36_DOT::y : 0x7fdd98804010
84_COPY::x : 0x7fdd534c8010
84_COPY::y : 0x7fdcb314c010
132_SUM::x : 0x7fdc74237010
60_XPY::x : 0x7fddaf63c010
60_XPY::y : 0x7fdd92c78010
60_TGAMMA::x : 0x7fdd8feb1010
60_TGAMMA::y : 0x7fdd8d0ea010
36_POW::a : 0x7fdd7be41010
36_POW::b : 0x7fdd4221f010
36_POW::y : 0x7fdd30f76010
48_ERF::x : 0x7fdd1a13f010
48_ERF::y : 0x7fdd03308010
84_COPY::x : 0x7fdda3f21010
84_COPY::y : 0x7fdc8b06d010
60_COPY::x : 0x7fdd5ebe3010
60_COPY::y : 0x7fdce6944010
84_DOT::x : 0x7fdd08e97010
84_DOT::y : 0x7fdcbe865010
108_SUM::x : 0x7fdc57873010
84_DOT::x : 0x7fdd7be42010
84_DOT::y : 0x7fdd534c8010
84_SUM::x : 0x7fdc62f8e010
12_ERF::x : 0x7fddc6472010
12_ERF::y : 0x7fddc08e4010
36_POW::a : 0x7fddaf63b010
36_POW::b : 0x7fdd4221f010
36_POW::y : 0x7fdd30f76010
60_COPY::x : 0x7fdd145b2010
60_COPY::y : 0x7fdcf7bee010
24_POW::a : 0x7fddc08e4010
24_POW::b : 0x7fdcec4d2010
24_POW::y : 0x7fdce0db6010
132_SUM::x : 0x7fdca1ea1010
132_SUM::x : 0x7fdc62f8c010
60_COPY::x : 0x7fdd92c77010
60_COPY::y : 0x7fdd5ebe3010
  итерация 3: 1339125 ms
12_POW::a : 0x7fddc6472010
12_POW::b : 0x7fddaf63b010
12_POW::y : 0x7fdda9aad010
12_POW::a : 0x7fdd8d0e8010
12_POW::b : 0x7fdd8755a010
12_POW::y : 0x7fdd819cc010
48_SQRTX::x : 0x7fdd92c76010
36_DOT::x : 0x7fddb51c9010
36_DOT::y : 0x7fdd6a2fe010
24_POW::a : 0x7fdda9aad010
24_POW::b : 0x7fdd8755a010
24_POW::y : 0x7fdd7be3e010
108_SUM::x : 0x7fdd36b04010
36_DOT::x : 0x7fddbad57010
36_DOT::y : 0x7fdd6a2fe010
60_XPY::x : 0x7fdd1a140010
60_XPY::y : 0x7fdcfd77c010
12_POW::a : 0x7fddc6472010
12_POW::b : 0x7fddc08e4010
12_POW::y : 0x7fddbad56010
60_COPY::x : 0x7fdd5ebe3010
60_COPY::y : 0x7fdd4221f010
84_SUM::x : 0x7fdd92c77010
84_DOT::x : 0x7fdcd569d010
84_DOT::y : 0x7fdcad5be010
12_TGAMMA::x : 0x7fddcc000be0
12_TGAMMA::y : 0x7fddcc9287f0
12_ERF::x : 0x7fddc6472010
12_ERF::y : 0x7fddc08e4010
132_SUM::x : 0x7fdd819cf010
36_DOT::x : 0x7fdd30f76010
36_DOT::y : 0x7fdd1fccd010
12_TGAMMA::x : 0x7fddd4000da0
12_TGAMMA::y : 0x7fddd49289b0
84_DOT::x : 0x7fdd534c8010
84_DOT::y : 0x7fdc854df010
120_TGAMMA::x : 0x7fddc6472010
120_TGAMMA::y : 0x7fddc08e4010
108_SUM::x : 0x7fdd1fcce010
24_ERF::x : 0x7fddb51c8010
24_ERF::y : 0x7fdda9aac010
132_SUM::x : 0x7fdd145b3010
12_POW::a : 0x7fddbad56010
12_POW::b : 0x7fddb51c8010
12_POW::y : 0x7fddaf63a010
60_COPY::x : 0x7fdd92c76010
60_COPY::y : 0x7fdd5ebe3010
36_DOT::x : 0x7fdd819cd010
36_DOT::y : 0x7fdd0330a010
60_TGAMMA::x : 0x7fddc9239010
60_TGAMMA::y : 0x7fddc6472010
108_SUM::x : 0x7fdd2b3e9010
48_SQRTX::x : 0x7fddaf63b010
84_COPY::x : 0x7fdd8755c010
84_COPY::y : 0x7fdd0330a010
48_XPY::x : 0x7fdd64770010
48_XPY::y : 0x7fdcec4d3010
12_ERF::x : 0x7fddc6472010
12_ERF::y : 0x7fdd819ce010
60_COPY::x : 0x7fdd47dac010
60_COPY::y : 0x7fdccfb0f010
48_XPY::x : 0x7fddb51c9010
48_XPY::y : 0x7fdd30f75010
36_POW::a : 0x7fdd6a2fe010
36_POW::b : 0x7fdcf2061010
36_POW::y : 0x7fdcbe866010
84_DOT::x : 0x7fdd8d0ea010
84_DOT::y : 0x7fdd08e96010
108_SUM::x : 0x7fdc8b06c010
48_XPY::x : 0x7fddb51c9010
48_XPY::y : 0x7fdd534c7010
60_XPY::x : 0x7fdd36b03010
60_XPY::y : 0x7fdcec4d2010
24_POW::a : 0x7fdd819ce010
24_POW::b : 0x7fdd6fe8b010
24_POW::y : 0x7fdce0db6010
48_ERF::x : 0x7fddb51c9010
48_ERF::y : 0x7fdd59054010
24_ERF::x : 0x7fdda9aad010
24_ERF::y : 0x7fdd9e391010
60_TGAMMA::x : 0x7fdd9b5ca010
60_TGAMMA::y : 0x7fdd98803010
60_TGAMMA::x : 0x7fdd95a3c010
60_TGAMMA::y : 0x7fdd92c75010
108_SUM::x : 0x7fdd2585a010
24_POW::a : 0x7fddc08e4010
24_POW::b : 0x7fddb51c8010
24_POW::y : 0x7fdda9aac010
84_COPY::x : 0x7fdcfd77b010
84_COPY::y : 0x7fdcd569c010
48_SQRTX::x : 0x7fdd92c75010
12_ERF::x : 0x7fdd8d0e7010
12_ERF::y : 0x7fdd87559010
60_TGAMMA::x : 0x7fdd8feae010
60_TGAMMA::y : 0x7fdd8d0e7010
132_SUM::x : 0x7fdd3c692010
12_ERF::x : 0x7fddc6472010
12_ERF::y : 0x7fddc08e4010
12_POW::a : 0x7fddbad56010
12_POW::b : 0x7fddb51c8010
12_POW::y : 0x7fddaf63a010
24_POW::a : 0x7fddc08e4010
24_POW::b : 0x7fdda3f1e010
24_POW::y : 0x7fdd98802010
132_SUM::x : 0x7fdc96787010
36_POW::a : 0x7fddaf63b010
36_POW::b : 0x7fdd87559010
36_POW::y : 0x7fdd6a2fe010
12_POW::a : 0x7fdd819cb010
12_POW::b : 0x7fdd64770010
12_POW::y : 0x7fdd5ebe2010
84_DOT::x : 0x7fdd36b03010
84_DOT::y : 0x7fdd0ea24010
108_SUM::x : 0x7fdcdb22a010
84_SUM::x : 0x7fdcb314b010
36_POW::a : 0x7fdd9e392010
36_POW::b : 0x7fdcfd77b010
36_POW::y : 0x7fdcec4d2010
36_POW::a : 0x7fddbad57010
36_POW::b : 0x7fdd8d0e9010
36_POW::y : 0x7fdd7be40010
84_SUM::x : 0x7fdcc43f3010
60_TGAMMA::x : 0x7fddb7f90010
60_TGAMMA::y : 0x7fddb51c9010
60_XPY::x : 0x7fdd5ebe3010
60_XPY::y : 0x7fdd4221f010
48_ERF::x : 0x7fdd2b3e8010
48_ERF::y : 0x7fdd145b1010
24_ERF::x : 0x7fddaf63b010
24_ERF::y : 0x7fdda3f1f010
48_SQRTX::x : 0x7fdd8d0e8010
108_SUM::x : 0x7fdce0db7010
48_SQRTX::x : 0x7fddb51c9010
60_COPY::x : 0x7fdd5ebe3010
60_COPY::y : 0x7fdd4221f010
60_XPY::x : 0x7fdd98805010
60_XPY::y : 0x7fdd7be41010
12_SQRTX::x : 0x7fdd3c691010
84_COPY::x : 0x7fdd145b2010
84_COPY::y : 0x7fdcec4d3010
60_XPY::x : 0x7fdccfb0f010
60_XPY::y : 0x7fdcb314b010
36_DOT::x : 0x7fddbad57010
36_DOT::y : 0x7fdd6a2fe010
132_SUM::x : 0x7fdd7be42010
12_SQRTX::x : 0x7fddc6472010
60_COPY::x : 0x7fdca7a30010
60_COPY::y : 0x7fdc8b06c010
84_DOT::x : 0x7fdd534c8010
84_DOT::y : 0x7fdcc43f4010
132_SUM::x : 0x7fdd8d0eb010
132_SUM::x : 0x7fdd145b3010
108_SUM::x : 0x7fdce0db9010
108_SUM::x : 0x7fdcad5bf010
60_TGAMMA::x : 0x7fddc9239010
60_TGAMMA::y : 0x7fddc6472010
108_SUM::x : 0x7fdd92c78010
60_TGAMMA::x : 0x7fdd8feb1010
60_TGAMMA::y : 0x7fdd8d0ea010
84_DOT::x : 0x7fdd534c8010
84_DOT::y : 0x7fdd2b3e9010
84_COPY::x : 0x7fdd0330a010
84_COPY::y : 0x7fdcdb22b010
12_ERF::x : 0x7fddc6472010
12_ERF::y : 0x7fddc08e4010
108_SUM::x : 0x7fdd8d0ea010
48_ERF::x : 0x7fdcc43f4010
48_ERF::y : 0x7fdcad5bd010
60_TGAMMA::x : 0x7fddc9239010
60_TGAMMA::y : 0x7fddc6472010
60_COPY::x : 0x7fdda9aae010
60_COPY::y : 0x7fdd8d0ea010
84_SUM::x : 0x7fdd534c8010
120_TGAMMA::x : 0x7fddc6472010
120_TGAMMA::y : 0x7fdd8755c010
84_SUM::x : 0x7fdd2b3e9010
48_ERF::x : 0x7fdd64770010
48_ERF::y : 0x7fdd145b2010
36_DOT::x : 0x7fdd534c7010
36_DOT::y : 0x7fdd4221e010
60_COPY::x : 0x7fdda9aae010
60_COPY::y : 0x7fdd8d0ea010
24_POW::a : 0x7fdd7be40010
24_POW::b : 0x7fdd59054010
24_POW::y : 0x7fdd4d938010
  итерация 4: 1375253 ms
  среднее по 5 итерациям: 1350461 ms
=== Выполняется проект: no_po_17.txt (100 работ) ===
12_SQRTX::x : 0x7fdd9e392010
48_SQRTX::x : 0x7fddb51c9010
36_DOT::x : 0x7fdda3f20010
36_DOT::y : 0x7fdd8d0e9010
108_SUM::x : 0x7fdd47dad010
48_XPY::x : 0x7fdd30f76010
48_XPY::y : 0x7fdd1a13f010
84_DOT::x : 0x7fdd8d0ea010
84_DOT::y : 0x7fdcf2060010
60_TGAMMA::x : 0x7fddc9239010
60_TGAMMA::y : 0x7fddc6472010
12_ERF::x : 0x7fddc08e4010
12_ERF::y : 0x7fddbad56010
48_XPY::x : 0x7fdd64770010
48_XPY::y : 0x7fdd4d939010
12_SQRTX::x : 0x7fddc08e4010
84_SUM::x : 0x7fdd2585a010
36_DOT::x : 0x7fddbad57010
36_DOT::y : 0x7fdd7be41010
36_DOT::x : 0x7fdda9aae010
36_DOT::y : 0x7fdd98805010
12_POW::a : 0x7fddc6472010
12_POW::b : 0x7fddc08e4010
12_POW::y : 0x7fdd92c77010
48_ERF::x : 0x7fdd7be40010
48_ERF::y : 0x7fdd36b02010
12_TGAMMA::x : 0x7fddd00017d0
12_TGAMMA::y : 0x7fddd09293e0
48_SQRTX::x : 0x7fdd64770010
24_ERF::x : 0x7fddb51c8010
24_ERF::y : 0x7fdda9aac010
60_TGAMMA::x : 0x7fddc9239010
60_TGAMMA::y : 0x7fddc6472010
48_ERF::x : 0x7fddaf63b010
48_ERF::y : 0x7fdd98804010
60_COPY::x : 0x7fdd1a13e010
60_COPY::y : 0x7fdcfd77a010
84_COPY::x : 0x7fdd534c8010
84_COPY::y : 0x7fdcd569b010
48_XPY::x : 0x7fdd819cd010
48_XPY::y : 0x7fdd3c691010
60_TGAMMA::x : 0x7fddc9239010
60_TGAMMA::y : 0x7fddc6472010
36_DOT::x : 0x7fdd8755b010
36_DOT::y : 0x7fdd4221f010
36_DOT::x : 0x7fdd6a2fe010
36_DOT::y : 0x7fdd59055010
12_ERF::x : 0x7fddc6472010
12_ERF::y : 0x7fdd819cd010
84_COPY::x : 0x7fdd30f76010
84_COPY::y : 0x7fdd08e97010
12_POW::a : 0x7fddc08e4010
12_POW::b : 0x7fddbad56010
12_POW::y : 0x7fddb51c8010
120_TGAMMA::x : 0x7fddc6472010
120_TGAMMA::y : 0x7fddaf63a010
132_SUM::x : 0x7fdcc9f82010
60_XPY::x : 0x7fdd92c76010
60_XPY::y : 0x7fdd5ebe3010
48_XPY::x : 0x7fdd7be3f010
48_XPY::y : 0x7fdcf2060010
84_COPY::x : 0x7fdcc9f81010
84_COPY::y : 0x7fdca1ea2010
60_TGAMMA::x : 0x7fddc9239010
60_TGAMMA::y : 0x7fddc6472010
12_SQRTX::x : 0x7fddc08e4010
48_ERF::x : 0x7fddaf63b010
48_ERF::y : 0x7fdd98804010
60_TGAMMA::x : 0x7fdd95a3d010
60_TGAMMA::y : 0x7fdd92c76010
24_ERF::x : 0x7fdd8755a010
24_ERF::y : 0x7fdd7be3e010
84_DOT::x : 0x7fdd534c8010
84_DOT::y : 0x7fdd2b3e9010
60_XPY::x : 0x7fdd7be40010
60_XPY::y : 0x7fdd0ea25010
132_SUM::x : 0x7fdccfb10010
84_DOT::x : 0x7fdda3f21010
84_DOT::y : 0x7fdca7a31010
60_TGAMMA::x : 0x7fdda115a010
60_TGAMMA::y : 0x7fdd9e393010
84_SUM::x : 0x7fdd534c8010
36_POW::a : 0x7fdd8d0ea010
36_POW::b : 0x7fdd7be41010
36_POW::y : 0x7fdd4221f010
48_XPY::x : 0x7fddb51c9010
48_XPY::y : 0x7fdcdb22a010
84_COPY::x : 0x7fdd1a140010
84_COPY::y : 0x7fdcf2061010
108_SUM::x : 0x7fdca7a30010
48_SQRTX::x : 0x7fdd9e392010
12_POW::a : 0x7fddc6472010
12_POW::b : 0x7fddc08e4010
12_POW::y : 0x7fddbad56010
60_XPY::x : 0x7fdd819ce010
60_XPY::y : 0x7fdd5ebe3010
132_SUM::x : 0x7fdcb314c010
120_TGAMMA::x : 0x7fddc6472010
120_TGAMMA::y : 0x7fddc08e4010
48_SQRTX::x : 0x7fdda9aad010
48_ERF::x : 0x7fdda9aad010
48_ERF::y : 0x7fdd47dac010
24_POW::a : 0x7fdd9e391010
24_POW::b : 0x7fdd92c75010
24_POW::y : 0x7fdd87559010
60_TGAMMA::x : 0x7fdd84792010
60_TGAMMA::y : 0x7fdd819cb010
48_SQRTX::x : 0x7fdd64770010
120_TGAMMA::x : 0x7fddc6472010
120_TGAMMA::y : 0x7fddc08e4010
24_POW::a : 0x7fdd9e391010
24_POW::b : 0x7fdd92c75010
24_POW::y : 0x7fdd87559010
120_TGAMMA::x : 0x7fddbad56010
120_TGAMMA::y : 0x7fddb51c8010
36_POW::a : 0x7fdd6a2fe010
36_POW::b : 0x7fdd59055010
36_POW::y : 0x7fdd47dac010
84_SUM::x : 0x7fdd8d0e9010
36_DOT::x : 0x7fdd7be40010
36_DOT::y : 0x7fdd36b03010
84_COPY::x : 0x7fdd0ea24010
84_COPY::y : 0x7fdce6945010
48_XPY::x : 0x7fddb51c9010
48_XPY::y : 0x7fdd9e392010
48_XPY::x : 0x7fdd8755b010
48_XPY::y : 0x7fdccfb0e010
48_SQRTX::x : 0x7fdd64770010
12_TGAMMA::x : 0x185f660
12_TGAMMA::y : 0x2187270
84_COPY::x : 0x7fdd534c8010
84_COPY::y : 0x7fdca7a2f010
84_SUM::x : 0x7fdda3f21010
120_TGAMMA::x : 0x7fdd9e393010
120_TGAMMA::y : 0x7fdd98805010
12_POW::a : 0x7fddc6472010
12_POW::b : 0x7fddc08e4010
12_POW::y : 0x7fddbad56010
48_XPY::x : 0x7fdd819ce010
48_XPY::y : 0x7fdd3c691010
12_TGAMMA::x : 0x7fddcc000be0
12_TGAMMA::y : 0x7fddcc9287f0
36_DOT::x : 0x7fddbad57010
36_DOT::y : 0x7fdda9aae010
12_POW::a : 0x7fdda3f20010
12_POW::b : 0x7fdd9e392010
12_POW::y : 0x7fdd7be40010
120_TGAMMA::x : 0x7fdd98804010
120_TGAMMA::y : 0x7fdd92c76010
12_SQRTX::x : 0x7fddc6472010
84_SUM::x : 0x7fdd534c8010
60_COPY::x : 0x7fddaf63c010
60_COPY::y : 0x7fdd36b04010
24_POW::a : 0x7fdda3f20010
24_POW::b : 0x7fdd8755a010
24_POW::y : 0x7fdd7be3e010
48_ERF::x : 0x7fdd64770010
48_ERF::y : 0x7fdd1fccd010
84_COPY::x : 0x7fdcf7bee010
84_COPY::y : 0x7fdccfb0f010
84_DOT::x : 0x7fdd8755d010
84_DOT::y : 0x7fdca7a30010
132_SUM::x : 0x7fdc68b1b010
60_TGAMMA::x : 0x7fddc9239010
60_TGAMMA::y : 0x7fddc6472010
12_TGAMMA::x : 0x7fddd00017d0
12_TGAMMA::y : 0x7fddd09293e0
12_POW::a : 0x7fddc6472010
12_POW::b : 0x7fddc08e4010
12_POW::y : 0x7fddbad56010
84_SUM::x : 0x7fdd92c77010
48_ERF::x : 0x7fdd7be40010
48_ERF::y : 0x7fdd64770010
12_ERF::x : 0x7fddc6472010
12_ERF::y : 0x7fddc08e4010
12_ERF::x : 0x7fddbad56010
12_ERF::y : 0x7fdd5ebe2010
12_TGAMMA::x : 0x7fddd00017d0
12_TGAMMA::y : 0x7fddd09293e0
132_SUM::x : 0x7fdd1fccd010
24_POW::a : 0x7fddc08e4010
24_POW::b : 0x7fddaf63a010
24_POW::y : 0x7fdda3f1e010
36_DOT::x : 0x7fdd0ea24010
36_DOT::y : 0x7fdcfd77b010
84_DOT::x : 0x7fdd7be3f010
84_DOT::y : 0x7fdcd569c010
132_SUM::x : 0x7fdc96787010
  итерация 0: 1327544 ms
12_ERF::x : 0x7fdd8755c010
12_ERF::y : 0x7fdd819ce010
24_ERF::x : 0x7fdd47dac010
24_ERF::y : 0x7fdd3c690010
48_SQRTX::x : 0x7fddb51c9010
84_DOT::x : 0x7fdd8d0ea010
84_DOT::y : 0x7fdd534c8010
12_SQRTX::x : 0x7fdd8755c010
60_XPY::x : 0x7fdd1fccc010
60_XPY::y : 0x7fdd03308010
84_COPY::x : 0x7fdcdb229010
84_COPY::y : 0x7fdcb314a010
12_TGAMMA::x : 0x7fddcc000be0
12_TGAMMA::y : 0x7fddcc9287f0
60_TGAMMA::x : 0x7fddc9239010
60_TGAMMA::y : 0x7fddc6472010
48_XPY::x : 0x7fddaf63b010
48_XPY::y : 0x7fdd98804010
48_XPY::x : 0x7fdd819cd010
48_XPY::y : 0x7fdd64770010
84_COPY::x : 0x7fdd3c691010
84_COPY::y : 0x7fdd145b2010
48_ERF::x : 0x7fddb51c9010
48_ERF::y : 0x7fdd9e392010
12_SQRTX::x : 0x7fdd98804010
36_DOT::x : 0x7fdd8755b010
36_DOT::y : 0x7fdd6a2fe010
60_COPY::x : 0x7fdcf7bee010
60_COPY::y : 0x7fdcdb22a010
60_TGAMMA::x : 0x7fdd9b5cb010
60_TGAMMA::y : 0x7fdd98804010
36_DOT::x : 0x7fdd8755b010
36_DOT::y : 0x7fdd6a2fe010
12_POW::a : 0x7fddc6472010
12_POW::b : 0x7fddc08e4010
12_POW::y : 0x7fddbad56010
84_SUM::x : 0x7fdd4221f010
60_XPY::x : 0x7fdd9e392010
60_XPY::y : 0x7fdd819ce010
60_XPY::x : 0x7fdd2585b010
60_XPY::y : 0x7fdd08e97010
48_SQRTX::x : 0x7fdcf2060010
48_ERF::x : 0x7fdd64770010
48_ERF::y : 0x7fdd4d939010
108_SUM::x : 0x7fdcd569d010
120_TGAMMA::x : 0x7fddc6472010
120_TGAMMA::y : 0x7fddc08e4010
60_TGAMMA::x : 0x7fddbdb1d010
60_TGAMMA::y : 0x7fddbad56010
24_POW::a : 0x7fddaf63a010
24_POW::b : 0x7fdda3f1e010
24_POW::y : 0x7fdd98802010
12_SQRTX::x : 0x7fdd92c74010
48_XPY::x : 0x7fdd819cb010
48_XPY::y : 0x7fdd64770010
36_DOT::x : 0x7fdd534c7010
36_DOT::y : 0x7fdd4221e010
48_ERF::x : 0x7fdd2b3e7010
48_ERF::y : 0x7fdd145b0010
24_ERF::x : 0x7fddc08e4010
24_ERF::y : 0x7fddb51c8010
120_TGAMMA::x : 0x7fddaf63a010
120_TGAMMA::y : 0x7fdda9aac010
60_TGAMMA::x : 0x7fdda6ce5010
60_TGAMMA::y : 0x7fdda3f1e010
12_POW::a : 0x7fddc6472010
12_POW::b : 0x7fddc08e4010
12_POW::y : 0x7fddbad56010
60_TGAMMA::x : 0x7fddb7f8f010
60_TGAMMA::y : 0x7fddb51c8010
36_POW::a : 0x7fddbad57010
36_POW::b : 0x7fdd98803010
36_POW::y : 0x7fdd8755a010
48_SQRTX::x : 0x7fdd64770010
36_POW::a : 0x7fdd534c7010
36_POW::b : 0x7fdd4221e010
36_POW::y : 0x7fdd30f75010
36_DOT::x : 0x7fdda9aae010
36_DOT::y : 0x7fdd1fccc010
132_SUM::x : 0x7fdce0db7010
12_TGAMMA::x : 0x185f720
12_TGAMMA::y : 0x2187330
48_XPY::x : 0x7fdd64770010
48_XPY::y : 0x7fdcc9f80010
84_COPY::x : 0x7fdda3f21010
84_COPY::y : 0x7fdd7be42010
60_TGAMMA::x : 0x7fdd619a9010
60_TGAMMA::y : 0x7fdd5ebe2010
12_POW::a : 0x7fdd59054010
12_POW::b : 0x7fdd534c6010
12_POW::y : 0x7fdd4d938010
48_XPY::x : 0x7fdd64770010
48_XPY::y : 0x7fdd36b01010
24_POW::a : 0x7fdd2b3e5010
24_POW::b : 0x7fdd1fcc9010
24_POW::y : 0x7fdd145ad010
12_TGAMMA::x : 0x7fddd4000da0
12_TGAMMA::y : 0x7fddd49289b0
108_SUM::x : 0x7fdce0db3010
36_DOT::x : 0x7fdd6a2fe010
36_DOT::y : 0x7fdd59055010
84_DOT::x : 0x7fdd30f76010
84_DOT::y : 0x7fdcb8cd4010
132_SUM::x : 0x7fdd8d0eb010
132_SUM::x : 0x7fdcf2061010
48_SQRTX::x : 0x7fdd64770010
12_TGAMMA::x : 0x7fddd00017d0
12_TGAMMA::y : 0x7fddd09293e0
48_XPY::x : 0x7fddb51c9010
48_XPY::y : 0x7fdd9e392010
48_XPY::x : 0x7fdd8755b010
48_XPY::y : 0x7fdd64770010
36_DOT::x : 0x7fdd534c7010
36_DOT::y : 0x7fdd4221e010
60_TGAMMA::x : 0x7fdd84794010
60_TGAMMA::y : 0x7fdd819cd010
12_ERF::x : 0x7fdd819cd010
12_ERF::y : 0x7fdd7be3f010
84_COPY::x : 0x7fdd3c691010
84_COPY::y : 0x7fdd145b2010
120_TGAMMA::x : 0x7fddc6472010
120_TGAMMA::y : 0x7fddc08e4010
120_TGAMMA::x : 0x7fddbad56010
120_TGAMMA::y : 0x7fddb51c8010
120_TGAMMA::x : 0x7fddaf63a010
120_TGAMMA::y : 0x7fdda9aac010
36_DOT::x : 0x7fdd98803010
36_DOT::y : 0x7fdd8755a010
84_DOT::x : 0x7fdd534c8010
84_DOT::y : 0x7fdd2b3e9010
84_COPY::x : 0x7fdd819cd010
84_COPY::y : 0x7fdd0330a010
84_COPY::x : 0x7fdcdb22b010
84_COPY::y : 0x7fdcb314c010
48_SQRTX::x : 0x7fddb51c9010
84_SUM::x : 0x7fdc8b06d010
132_SUM::x : 0x7fdd3c692010
24_POW::a : 0x7fddc08e4010
24_POW::b : 0x7fddb51c8010
24_POW::y : 0x7fdda9aac010
132_SUM::x : 0x7fdc74237010
60_COPY::x : 0x7fdd8d0e8010
60_COPY::y : 0x7fdd1fcce010
84_COPY::x : 0x7fdd534c8010
84_COPY::y : 0x7fdcf7bef010
60_TGAMMA::x : 0x7fddc9239010
60_TGAMMA::y : 0x7fddc6472010
84_SUM::x : 0x7fdccfb10010
12_POW::a : 0x7fddc08e4010
12_POW::b : 0x7fddbad56010
12_POW::y : 0x7fddb51c8010
48_XPY::x : 0x7fdce0db8010
48_XPY::y : 0x7fdcc9f81010
48_SQRTX::x : 0x7fdd9e391010
12_POW::a : 0x7fddc6472010
12_POW::b : 0x7fddc08e4010
12_POW::y : 0x7fddbad56010
48_ERF::x : 0x7fddb51c9010
48_ERF::y : 0x7fdd8755a010
84_SUM::x : 0x7fdd2b3e9010
48_ERF::x : 0x7fdd9e392010
48_ERF::y : 0x7fdd64770010
12_POW::a : 0x7fdd819cc010
12_POW::b : 0x7fdd7be3e010
12_POW::y : 0x7fdd5ebe2010
12_TGAMMA::x : 0x7fddd00017d0
12_TGAMMA::y : 0x7fddd09293e0
12_ERF::x : 0x7fdd819cc010
12_ERF::y : 0x7fdd7be3e010
12_ERF::x : 0x7fdd5ebe2010
12_ERF::y : 0x7fdd59054010
48_ERF::x : 0x7fddb51c9010
48_ERF::y : 0x7fdd8755b010
84_SUM::x : 0x7fdd30f75010
84_DOT::x : 0x7fdd08e96010
84_DOT::y : 0x7fdce0db7010
12_SQRTX::x : 0x7fddaf63b010
24_POW::a : 0x7fdda9aad010
24_POW::b : 0x7fdd7be3f010
24_POW::y : 0x7fdd6fe8b010
120_TGAMMA::x : 0x7fdda3f1f010
120_TGAMMA::y : 0x7fdd6a2fd010
36_DOT::x : 0x7fddbad57010
36_DOT::y : 0x7fdd92c76010
84_DOT::x : 0x7fdd4221e010
84_DOT::y : 0x7fdd1a13f010
84_SUM::x : 0x7fdcf2060010
132_SUM::x : 0x7fdcb314b010
  итерация 1: 1321843 ms
12_ERF::x : 0x7fdd819cd010
12_ERF::y : 0x7fdd7be3f010
12_SQRTX::x : 0x7fdd75a19010
48_SQRTX::x : 0x7fddb51c9010
48_XPY::x : 0x7fdd9e392010
48_XPY::y : 0x7fdd8755b010
36_DOT::x : 0x7fdd6a2fe010
36_DOT::y : 0x7fdd59055010
48_SQRTX::x : 0x7fdd4221e010
60_TGAMMA::x : 0x7fdd84794010
60_TGAMMA::y : 0x7fdd819cd010
36_DOT::x : 0x7fddbad57010
36_DOT::y : 0x7fdd6a2fe010
84_SUM::x : 0x7fdd4221f010
24_ERF::x : 0x7fddaf63b010
24_ERF::y : 0x7fdda3f1f010
12_TGAMMA::x : 0x7fddd00017d0
12_TGAMMA::y : 0x7fddd09293e0
48_ERF::x : 0x7fdd8d0e8010
48_ERF::y : 0x7fdd2b3e8010
60_TGAMMA::x : 0x7fddc9239010
60_TGAMMA::y : 0x7fddc6472010
132_SUM::x : 0x7fdcec4d3010
48_XPY::x : 0x7fddaf63b010
48_XPY::y : 0x7fdd64770010
48_SQRTX::x : 0x7fdd4d939010
36_DOT::x : 0x7fdd7be3f010
36_DOT::y : 0x7fdd1a13f010
84_DOT::x : 0x7fdcf2060010
84_DOT::y : 0x7fdcc9f81010
60_COPY::x : 0x7fddaf63c010
60_COPY::y : 0x7fdd92c78010
108_SUM::x : 0x7fdd47dad010
12_SQRTX::x : 0x7fdd8d0ea010
84_DOT::x : 0x7fdd1fcce010
84_DOT::y : 0x7fdca1ea2010
84_COPY::x : 0x7fdd534c8010
84_COPY::y : 0x7fdc79dc3010
60_TGAMMA::x : 0x7fdd8feb1010
60_TGAMMA::y : 0x7fdd8d0ea010
84_COPY::x : 0x7fdda3f21010
84_COPY::y : 0x7fdcf7bef010
60_XPY::x : 0x7fdd8755d010
60_XPY::y : 0x7fdcdb22b010
12_POW::a : 0x7fdd819cf010
12_POW::b : 0x7fdd7be41010
12_POW::y : 0x7fdd4d93a010
84_SUM::x : 0x7fdd2b3e9010
60_XPY::x : 0x7fddaf63c010
60_XPY::y : 0x7fdd0ea25010
12_SQRTX::x : 0x7fdda9aae010
48_XPY::x : 0x7fdd64770010
48_XPY::y : 0x7fdd4d939010
48_ERF::x : 0x7fdd36b02010
48_ERF::y : 0x7fdcc43f4010
84_COPY::x : 0x7fdd8755d010
84_COPY::y : 0x7fdce6946010
132_SUM::x : 0x7fdc854df010
84_COPY::x : 0x7fdd534c8010
84_COPY::y : 0x7fdc5d400010
48_ERF::x : 0x7fddb51c9010
48_ERF::y : 0x7fdd3c691010
48_XPY::x : 0x7fdd9e392010
48_XPY::y : 0x7fdd8755b010
120_TGAMMA::x : 0x7fdd819cd010
120_TGAMMA::y : 0x7fdd7be3f010
60_XPY::x : 0x7fdd36b04010
60_XPY::y : 0x7fdd1a140010
60_TGAMMA::x : 0x7fddc9239010
60_TGAMMA::y : 0x7fddc6472010
84_COPY::x : 0x7fdd534c8010
84_COPY::y : 0x7fdcf2061010
48_XPY::x : 0x7fddaf63b010
48_XPY::y : 0x7fdd98804010
36_DOT::x : 0x7fdd8755b010
36_DOT::y : 0x7fdd4221f010
24_ERF::x : 0x7fdd7be3f010
24_ERF::y : 0x7fdd36b03010
108_SUM::x : 0x7fdcbe867010
24_POW::a : 0x7fddc08e4010
24_POW::b : 0x7fddb51c8010
24_POW::y : 0x7fdda9aac010
84_COPY::x : 0x7fdd2b3e9010
84_COPY::y : 0x7fdc96788010
36_POW::a : 0x7fdd98803010
36_POW::b : 0x7fdd8755a010
36_POW::y : 0x7fdd1a140010
24_POW::a : 0x7fdd7be3e010
24_POW::b : 0x7fdd6fe8b010
24_POW::y : 0x7fdd6476f010
60_TGAMMA::x : 0x7fddc9239010
60_TGAMMA::y : 0x7fddc6472010
12_POW::a : 0x7fddc6472010
12_POW::b : 0x7fddc08e4010
12_POW::y : 0x7fddbad56010
48_SQRTX::x : 0x7fdd4d938010
48_XPY::x : 0x7fdd64770010
48_XPY::y : 0x7fdd36b01010
48_XPY::x : 0x7fdda3f1f010
48_XPY::y : 0x7fdd8d0e8010
36_DOT::x : 0x7fddbad57010
36_DOT::y : 0x7fdd7be3f010
48_ERF::x : 0x7fdd4d939010
48_ERF::y : 0x7fdd1fcca010
12_ERF::x : 0x7fddc6472010
12_ERF::y : 0x7fddc08e4010
132_SUM::x : 0x7fdce0db5010
60_TGAMMA::x : 0x7fddc9239010
60_TGAMMA::y : 0x7fddc6472010
120_TGAMMA::x : 0x7fddc08e4010
120_TGAMMA::y : 0x7fddbad56010
36_POW::a : 0x7fdda9aad010
36_POW::b : 0x7fdd98804010
36_POW::y : 0x7fdd8755b010
12_POW::a : 0x7fddc6472010
12_POW::b : 0x7fdd819cd010
12_POW::y : 0x7fdd7be3f010
132_SUM::x : 0x7fdd3c692010
12_POW::a : 0x7fddc6472010
12_POW::b : 0x7fdd819cd010
12_POW::y : 0x7fdd7be3f010
36_DOT::x : 0x7fdd2b3e9010
36_DOT::y : 0x7fdd1a140010
48_XPY::x : 0x7fdd64770010
48_XPY::y : 0x7fdd4d939010
12_TGAMMA::x : 0x185f720
12_TGAMMA::y : 0x2187330
60_TGAMMA::x : 0x7fddc9239010
60_TGAMMA::y : 0x7fddc6472010
12_TGAMMA::x : 0x7fddd00017d0
12_TGAMMA::y : 0x7fddd09293e0
84_DOT::x : 0x7fdd2585a010
84_DOT::y : 0x7fdcfd77b010
84_SUM::x : 0x7fdd9e393010
36_DOT::x : 0x7fdd8d0ea010
36_DOT::y : 0x7fdd7be41010
48_SQRTX::x : 0x7fdd64770010
48_ERF::x : 0x7fddb51c9010
48_ERF::y : 0x7fdd4d939010
120_TGAMMA::x : 0x7fddaf63b010
120_TGAMMA::y : 0x7fdda9aad010
120_TGAMMA::x : 0x7fdda3f1f010
120_TGAMMA::y : 0x7fdd9e391010
84_COPY::x : 0x7fdd2585a010
84_COPY::y : 0x7fdcfd77b010
24_POW::a : 0x7fddc08e4010
24_POW::b : 0x7fdd92c75010
24_POW::y : 0x7fdd87559010
12_POW::a : 0x7fddbad56010
12_POW::b : 0x7fddb51c8010
12_POW::y : 0x7fddaf63a010
120_TGAMMA::x : 0x7fdd819cb010
120_TGAMMA::y : 0x7fdd5ebe1010
24_POW::a : 0x7fdda3f1e010
24_POW::b : 0x7fdd6fe8b010
24_POW::y : 0x7fdd6476f010
12_ERF::x : 0x7fddc6472010
12_ERF::y : 0x7fddc08e4010
12_TGAMMA::x : 0x185f720
12_TGAMMA::y : 0x2187330
12_TGAMMA::x : 0x185f720
12_TGAMMA::y : 0x2187330
60_COPY::x : 0x7fddaf63c010
60_COPY::y : 0x7fdd8755a010
36_DOT::x : 0x7fdd4d938010
36_DOT::y : 0x7fdd3c68f010
60_TGAMMA::x : 0x7fddac875010
60_TGAMMA::y : 0x7fdda9aae010
84_DOT::x : 0x7fdd36b02010
84_DOT::y : 0x7fdd0ea23010
12_SQRTX::x : 0x7fdda3f20010
132_SUM::x : 0x7fdccfb0e010
12_POW::a : 0x7fddc6472010
12_POW::b : 0x7fddc08e4010
12_POW::y : 0x7fddbad56010
12_ERF::x : 0x7fddb51c8010
12_ERF::y : 0x7fddaf63a010
84_DOT::x : 0x7fdd92c77010
84_DOT::y : 0x7fdca7a2f010
48_SQRTX::x : 0x7fdd7be40010
48_ERF::x : 0x7fdd64770010
48_ERF::y : 0x7fdd4d939010
84_SUM::x : 0x7fdd2585a010
84_SUM::x : 0x7fdcfd77b010
84_SUM::x : 0x7fdda3f21010
120_TGAMMA::x : 0x7fdd9e393010
120_TGAMMA::y : 0x7fdd98805010
132_SUM::x : 0x7fdcbe866010
  итерация 2: 1336453 ms
12_SQRTX::x : 0x7fdd8755c010
48_SQRTX::x : 0x7fdd8d0ea010
48_XPY::x : 0x7fdd64770010
48_XPY::y : 0x7fdd4d939010
84_COPY::x : 0x7fdda3f21010
84_COPY::y : 0x7fdd2585a010
84_DOT::x : 0x7fdcfd77b010
84_DOT::y : 0x7fdcd569c010
36_DOT::x : 0x7fdd92c78010
36_DOT::y : 0x7fdd819cf010
12_ERF::x : 0x7fdd7be41010
12_ERF::y : 0x7fdd75a19010
60_XPY::x : 0x7fdd5ebe3010
60_XPY::y : 0x7fdcb8cd8010
60_TGAMMA::x : 0x7fdda115a010
60_TGAMMA::y : 0x7fdd9e393010
24_ERF::x : 0x7fdd92c77010
24_ERF::y : 0x7fdd8755b010
132_SUM::x : 0x7fdce6945010
36_DOT::x : 0x7fddbad57010
36_DOT::y : 0x7fdda9aae010
48_XPY::x : 0x7fdd92c77010
48_XPY::y : 0x7fdd7be40010
60_TGAMMA::x : 0x7fdd787e0010
60_TGAMMA::y : 0x7fdd75a19010
84_COPY::x : 0x7fdd4d93a010
84_COPY::y : 0x7fdd2585b010
12_SQRTX::x : 0x7fddc6472010
48_SQRTX::x : 0x7fddaf63b010
12_TGAMMA::x : 0x185f720
12_TGAMMA::y : 0x2187330
60_TGAMMA::x : 0x7fddc9239010
60_TGAMMA::y : 0x7fddc6472010
48_ERF::x : 0x7fdd98804010
48_ERF::y : 0x7fdd819cd010
12_ERF::x : 0x7fddc08e4010
12_ERF::y : 0x7fddbad56010
48_SQRTX::x : 0x7fdd0ea24010
12_SQRTX::x : 0x7fddc6472010
36_DOT::x : 0x7fddbad57010
36_DOT::y : 0x7fdcfd77b010
60_COPY::x : 0x7fdce0db7010
60_COPY::y : 0x7fdcc43f3010
36_DOT::x : 0x7fdda9aae010
36_DOT::y : 0x7fdd98805010
60_XPY::x : 0x7fdd5ebe3010
60_XPY::y : 0x7fdd4221f010
84_SUM::x : 0x7fdd1a140010
60_TGAMMA::x : 0x7fddc9239010
60_TGAMMA::y : 0x7fddc6472010
108_SUM::x : 0x7fdd92c78010
36_DOT::x : 0x7fdd819cf010
36_DOT::y : 0x7fdd6a2fe010
84_COPY::x : 0x7fdd4221f010
84_COPY::y : 0x7fdd1a140010
36_POW::a : 0x7fdd08e97010
36_POW::b : 0x7fdcf7bee010
36_POW::y : 0x7fdce6945010
120_TGAMMA::x : 0x7fddc6472010
120_TGAMMA::y : 0x7fdd8d0ea010
48_ERF::x : 0x7fddaf63b010
48_ERF::y : 0x7fdd98804010
48_XPY::x : 0x7fdd64770010
48_XPY::y : 0x7fdd4d939010
48_XPY::x : 0x7fdd36b02010
48_XPY::y : 0x7fdd1fccb010
12_POW::a : 0x7fddc6472010
12_POW::b : 0x7fdd92c76010
12_POW::y : 0x7fdd8d0e8010
48_SQRTX::x : 0x7fddaf63b010
132_SUM::x : 0x7fdce0db6010
132_SUM::x : 0x7fdca1ea1010
60_TGAMMA::x : 0x7fddc9239010
60_TGAMMA::y : 0x7fddc6472010
84_SUM::x : 0x7fdd9e393010
36_POW::a : 0x7fddb51c9010
36_POW::b : 0x7fdda3f20010
36_POW::y : 0x7fdd92c77010
12_SQRTX::x : 0x7fdd8d0e9010
120_TGAMMA::x : 0x7fddc6472010
120_TGAMMA::y : 0x7fdd8755b010
12_TGAMMA::x : 0x7fddd00017d0
12_TGAMMA::y : 0x7fddd09293e0
36_DOT::x : 0x7fdd6a2fe010
36_DOT::y : 0x7fdd59055010
84_DOT::x : 0x7fdd30f76010
84_DOT::y : 0x7fdd08e97010
84_DOT::x : 0x7fdce0db8010
84_DOT::y : 0x7fdcb8cd9010
48_XPY::x : 0x7fdd7be40010
48_XPY::y : 0x7fdd64770010
108_SUM::x : 0x7fdd98806010
48_XPY::x : 0x7fdd4d939010
48_XPY::y : 0x7fdd36b02010
60_TGAMMA::x : 0x7fdd95a3f010
60_TGAMMA::y : 0x7fdd92c78010
12_ERF::x : 0x7fdd9e393010
12_ERF::y : 0x7fdd8d0ea010
84_COPY::x : 0x7fdda3f21010
84_COPY::y : 0x7fdd0ea23010
48_ERF::x : 0x7fdd64770010
48_ERF::y : 0x7fdd4d939010
60_XPY::x : 0x7fdcf205f010
60_XPY::y : 0x7fdcd569b010
132_SUM::x : 0x7fdc96786010
120_TGAMMA::x : 0x7fdd9e393010
120_TGAMMA::y : 0x7fdd98805010
48_ERF::x : 0x7fdd819ce010
48_ERF::y : 0x7fdd64770010
84_COPY::x : 0x7fdd3c691010
84_COPY::y : 0x7fdce6944010
12_POW::a : 0x7fddc6472010
12_POW::b : 0x7fddc08e4010
12_POW::y : 0x7fddbad56010
12_POW::a : 0x7fddc6472010
12_POW::b : 0x7fddc08e4010
12_POW::y : 0x7fddbad56010
48_XPY::x : 0x7fdd819ce010
48_XPY::y : 0x7fdd64770010
120_TGAMMA::x : 0x7fddb51c8010
120_TGAMMA::y : 0x7fddaf63a010
60_COPY::x : 0x7fdd1fccd010
60_COPY::y : 0x7fdcc9f80010
12_POW::a : 0x7fddc6472010
12_POW::b : 0x7fddc08e4010
12_POW::y : 0x7fddbad56010
12_TGAMMA::x : 0x185f720
12_TGAMMA::y : 0x2187330
48_ERF::x : 0x7fdd98803010
48_ERF::y : 0x7fdd819cc010
48_SQRTX::x : 0x7fddb51c9010
48_XPY::x : 0x7fdd64770010
48_XPY::y : 0x7fdd4d939010
132_SUM::x : 0x7fdd0ea24010
84_SUM::x : 0x7fdce6945010
12_TGAMMA::x : 0x185f720
12_TGAMMA::y : 0x2187330
84_DOT::x : 0x7fdda3f21010
84_DOT::y : 0x7fdd7be42010
48_ERF::x : 0x7fdd64770010
48_ERF::y : 0x7fdd4d939010
12_POW::a : 0x7fdd47dab010
12_POW::b : 0x7fdd4221d010
12_POW::y : 0x7fdd3c68f010
84_SUM::x : 0x7fdd145b0010
60_TGAMMA::x : 0x7fdd4ab72010
60_TGAMMA::y : 0x7fdd47dab010
84_COPY::x : 0x7fdd1fccc010
84_COPY::y : 0x7fdcf7bed010
24_POW::a : 0x7fdd6fe8b010
24_POW::b : 0x7fdd6476f010
24_POW::y : 0x7fdd59053010
84_COPY::x : 0x7fdda3f21010
84_COPY::y : 0x7fdd7be42010
24_ERF::x : 0x7fdd4d937010
24_ERF::y : 0x7fdcec4d1010
24_POW::a : 0x7fdd4d937010
24_POW::b : 0x7fdcec4d1010
24_POW::y : 0x7fdce0db5010
84_SUM::x : 0x7fdcb8cd6010
60_TGAMMA::x : 0x7fdd787e0010
60_TGAMMA::y : 0x7fdd75a19010
36_DOT::x : 0x7fdd64770010
36_DOT::y : 0x7fdd534c7010
12_TGAMMA::x : 0x7fddcc000be0
12_TGAMMA::y : 0x7fddcc9287f0
120_TGAMMA::x : 0x7fdd4d939010
120_TGAMMA::y : 0x7fdd47dab010
36_DOT::x : 0x7fddbad57010
36_DOT::y : 0x7fdda9aae010
48_SQRTX::x : 0x7fdd92c77010
132_SUM::x : 0x7fdd08e96010
12_ERF::x : 0x7fddc6472010
12_ERF::y : 0x7fddc08e4010
84_SUM::x : 0x7fdd534c8010
84_DOT::x : 0x7fdda3f21010
84_DOT::y : 0x7fdd7be42010
24_POW::a : 0x7fdd6fe8b010
24_POW::b : 0x7fdd6476f010
24_POW::y : 0x7fdd59053010
12_POW::a : 0x7fdd534c5010
12_POW::b : 0x7fdd4d937010
12_POW::y : 0x7fdd03308010
24_POW::a : 0x7fdd4221b010
24_POW::b : 0x7fdd36aff010
24_POW::y : 0x7fdd2b3e3010
120_TGAMMA::x : 0x7fdd534c5010
120_TGAMMA::y : 0x7fdd4d937010
  итерация 3: 1347036 ms
60_TGAMMA::x : 0x7fdd8feb0010
60_TGAMMA::y : 0x7fdd7be40010
48_SQRTX::x : 0x7fddb51c9010
36_DOT::x : 0x7fdd92c77010
36_DOT::y : 0x7fdd6a2fe010
36_DOT::x : 0x7fdda3f20010
36_DOT::y : 0x7fdd7ec07010
12_ERF::x : 0x7fdd9e392010
12_ERF::y : 0x7fdd98804010
48_ERF::x : 0x7fdd64770010
48_ERF::y : 0x7fdd4d939010
48_XPY::x : 0x7fdd819cd010
48_XPY::y : 0x7fdd36b02010
12_TGAMMA::x : 0x7fddd4000da0
12_TGAMMA::y : 0x7fddd49289b0
12_SQRTX::x : 0x7fddaf63b010
48_SQRTX::x : 0x7fddb51c9010
120_TGAMMA::x : 0x7fddaf63b010
120_TGAMMA::y : 0x7fdda9aad010
60_COPY::x : 0x7fdd8d0e9010
60_COPY::y : 0x7fdd30f75010
84_SUM::x : 0x7fdd08e96010
60_TGAMMA::x : 0x7fddc9239010
60_TGAMMA::y : 0x7fddc6472010
12_SQRTX::x : 0x7fddc08e4010
12_SQRTX::x : 0x7fddc08e4010
84_SUM::x : 0x7fdd534c8010
36_DOT::x : 0x7fddaf63b010
36_DOT::y : 0x7fdd7be40010
48_ERF::x : 0x7fdd1a13e010
48_ERF::y : 0x7fdd03307010
36_DOT::x : 0x7fdd9e392010
36_DOT::y : 0x7fdd8d0e9010
48_XPY::x : 0x7fdd64770010
48_XPY::y : 0x7fdd4d939010
24_ERF::x : 0x7fddc08e4010
24_ERF::y : 0x7fddb51c8010
60_XPY::x : 0x7fdd92c77010
60_XPY::y : 0x7fdd30f75010
84_DOT::x : 0x7fdcdb228010
84_DOT::y : 0x7fdcb3149010
36_POW::a : 0x7fddbad57010
36_POW::b : 0x7fdd819ce010
36_POW::y : 0x7fdd1fccc010
84_COPY::x : 0x7fdd534c8010
84_COPY::y : 0x7fdc8b06a010
12_POW::a : 0x7fddb51c9010
12_POW::b : 0x7fddaf63b010
12_POW::y : 0x7fdda9aad010
60_XPY::x : 0x7fdd9e393010
60_XPY::y : 0x7fdd36b04010
84_COPY::x : 0x7fdd0ea25010
84_COPY::y : 0x7fdc62f8b010
12_POW::a : 0x7fddc6472010
12_POW::b : 0x7fddc08e4010
12_POW::y : 0x7fdd98805010
108_SUM::x : 0x7fdcdb22b010
84_DOT::x : 0x7fdd534c8010
84_DOT::y : 0x7fdcb314c010
132_SUM::x : 0x7fdd8d0eb010
84_COPY::x : 0x7fdce6946010
84_COPY::y : 0x7fdc8b06d010
84_DOT::x : 0x7fdd2b3e9010
84_DOT::y : 0x7fdc62f8e010
36_DOT::x : 0x7fdd6a2fe010
36_DOT::y : 0x7fdd59055010
84_COPY::x : 0x7fdda3f21010
84_COPY::y : 0x7fdd7be42010
60_XPY::x : 0x7fdd5ebe3010
60_XPY::y : 0x7fdd0ea25010
48_XPY::x : 0x7fdd47dac010
48_XPY::y : 0x7fdd30f75010
132_SUM::x : 0x7fdccfb10010
84_COPY::x : 0x7fdda3f21010
84_COPY::y : 0x7fdd7be42010
60_TGAMMA::x : 0x7fdd787e0010
60_TGAMMA::y : 0x7fdd75a19010
84_SUM::x : 0x7fdd4d93a010
60_TGAMMA::x : 0x7fdd4ab73010
60_TGAMMA::y : 0x7fdd47dac010
48_XPY::x : 0x7fdd5ebe2010
48_XPY::y : 0x7fdd30f75010
132_SUM::x : 0x7fdcf2060010
48_XPY::x : 0x7fdcdb229010
48_XPY::y : 0x7fdcc43f2010
12_SQRTX::x : 0x7fddc6472010
48_ERF::x : 0x7fddb51c9010
48_ERF::y : 0x7fdd9e392010
36_POW::a : 0x7fdd8d0e9010
36_POW::b : 0x7fdd7be40010
36_POW::y : 0x7fdd6a2fe010
60_TGAMMA::x : 0x7fdd67537010
60_TGAMMA::y : 0x7fdd64770010
132_SUM::x : 0x7fdd2585b010
120_TGAMMA::x : 0x7fdd64770010
120_TGAMMA::y : 0x7fdd1fccd010
120_TGAMMA::x : 0x7fddc6472010
120_TGAMMA::y : 0x7fddc08e4010
84_DOT::x : 0x7fdd3c691010
84_DOT::y : 0x7fdcf7bee010
24_POW::a : 0x7fddb51c8010
24_POW::b : 0x7fdda9aac010
24_POW::y : 0x7fdd9e390010
132_SUM::x : 0x7fdcb8cd9010
84_COPY::x : 0x7fdd534c8010
84_COPY::y : 0x7fdd2b3e9010
48_ERF::x : 0x7fdd7be3f010
48_ERF::y : 0x7fdd145b2010
48_XPY::x : 0x7fdda9aad010
48_XPY::y : 0x7fdd92c76010
120_TGAMMA::x : 0x7fddc6472010
120_TGAMMA::y : 0x7fddc08e4010
24_ERF::x : 0x7fddb51c8010
24_ERF::y : 0x7fdda9aac010
48_SQRTX::x : 0x7fdd92c75010
36_DOT::x : 0x7fdd819cc010
36_DOT::y : 0x7fdd6a2fe010
24_POW::a : 0x7fddb51c8010
24_POW::b : 0x7fdda9aac010
24_POW::y : 0x7fdd5ebe2010
12_ERF::x : 0x7fdd8d0e7010
12_ERF::y : 0x7fdd87559010
120_TGAMMA::x : 0x7fddc6472010
120_TGAMMA::y : 0x7fddc08e4010
12_POW::a : 0x7fdda3f1e010
12_POW::b : 0x7fdd9e390010
12_POW::y : 0x7fdd98802010
48_XPY::x : 0x7fdd819cb010
48_XPY::y : 0x7fdd47dab010
12_TGAMMA::x : 0x7fddd4000da0
12_TGAMMA::y : 0x7fddd49289b0
12_POW::a : 0x7fddbad56010
12_POW::b : 0x7fddb51c8010
12_POW::y : 0x7fddaf63a010
12_ERF::x : 0x7fdda9aac010
12_ERF::y : 0x7fdda3f1e010
48_SQRTX::x : 0x7fdd98803010
48_SQRTX::x : 0x7fdd64770010
48_XPY::x : 0x7fddb51c9010
48_XPY::y : 0x7fdd30f74010
36_DOT::x : 0x7fdd8755a010
36_DOT::y : 0x7fdd534c7010
48_ERF::x : 0x7fdd819cc010
48_ERF::y : 0x7fdd4d939010
48_ERF::x : 0x7fdd9e392010
48_ERF::y : 0x7fdd1a13d010
12_TGAMMA::x : 0x7fddd4000da0
12_TGAMMA::y : 0x7fddd49289b0
60_TGAMMA::x : 0x7fdd9b5cb010
60_TGAMMA::y : 0x7fdd98804010
12_ERF::x : 0x7fddc6472010
12_ERF::y : 0x7fddc08e4010
120_TGAMMA::x : 0x7fddc6472010
120_TGAMMA::y : 0x7fddc08e4010
84_SUM::x : 0x7fdcf205e010
60_TGAMMA::x : 0x7fddbdb1d010
60_TGAMMA::y : 0x7fddbad56010
12_POW::a : 0x7fddb51c8010
12_POW::b : 0x7fddaf63a010
12_POW::y : 0x7fdda9aac010
84_COPY::x : 0x7fdd819cd010
84_COPY::y : 0x7fdd534c8010
12_TGAMMA::x : 0x185f720
12_TGAMMA::y : 0x2187330
12_POW::a : 0x7fddbad56010
12_POW::b : 0x7fddb51c8010
12_POW::y : 0x7fddaf63a010
84_DOT::x : 0x7fdd2b3e9010
84_DOT::y : 0x7fdd0330a010
84_SUM::x : 0x7fdcdb22b010
108_SUM::x : 0x7fdca7a31010
60_COPY::x : 0x7fddaf63c010
60_COPY::y : 0x7fdce6946010
24_POW::a : 0x7fdda3f20010
24_POW::b : 0x7fdd98804010
24_POW::y : 0x7fdd8d0e8010
48_SQRTX::x : 0x7fdd64770010
12_TGAMMA::x : 0x7fddd00017d0
12_TGAMMA::y : 0x7fddd09293e0
60_TGAMMA::x : 0x7fdd8a321010
60_TGAMMA::y : 0x7fdd8755a010
36_DOT::x : 0x7fdd9e393010
36_DOT::y : 0x7fdd8d0ea010
84_SUM::x : 0x7fdd534c8010
24_POW::a : 0x7fddc08e4010
24_POW::b : 0x7fddb51c8010
24_POW::y : 0x7fdd819ce010
132_SUM::x : 0x7fdd145b3010
  итерация 4: 1310154 ms
  среднее по 5 итерациям: 1328606 ms
=== Выполняется проект: no_po_18.txt (100 работ) ===
12_SQRTX::x : 0x7fdda9aae010
60_COPY::x : 0x7fddaf63c010
60_COPY::y : 0x7fdd4221f010
60_COPY::x : 0x7fdd5ebe3010
60_COPY::y : 0x7fdd2585b010
84_DOT::x : 0x7fdd819cf010
84_DOT::y : 0x7fdcfd77c010
60_TGAMMA::x : 0x7fddac875010
60_TGAMMA::y : 0x7fdda9aae010
108_SUM::x : 0x7fdcc9f82010
108_SUM::x : 0x7fdc96788010
48_ERF::x : 0x7fddb51c9010
48_ERF::y : 0x7fdd9e392010
48_SQRTX::x : 0x7fdd8755b010
132_SUM::x : 0x7fdd3c692010
60_COPY::x : 0x7fdd1fcce010
60_COPY::y : 0x7fdd0330a010
108_SUM::x : 0x7fdccfb10010
60_XPY::x : 0x7fddaf63c010
60_XPY::y : 0x7fdd92c78010
24_POW::a : 0x7fdd8755c010
24_POW::b : 0x7fdd7be40010
24_POW::y : 0x7fdd6fe8b010
132_SUM::x : 0x7fdcc43f5010
84_DOT::x : 0x7fdd47dac010
84_DOT::y : 0x7fdd1fccd010
24_POW::a : 0x7fdd8755c010
24_POW::b : 0x7fdd7be40010
24_POW::y : 0x7fdd6fe8b010
60_TGAMMA::x : 0x7fddc9239010
60_TGAMMA::y : 0x7fddc6472010
108_SUM::x : 0x7fdd92c78010
60_TGAMMA::x : 0x7fdd6d0c4010
60_TGAMMA::y : 0x7fdd6a2fd010
12_ERF::x : 0x7fddc6472010
12_ERF::y : 0x7fdd6476f010
84_SUM::x : 0x7fdd3c690010
48_SQRTX::x : 0x7fdd7be41010
12_POW::a : 0x7fddc6472010
12_POW::b : 0x7fddc08e4010
12_POW::y : 0x7fddbad56010
36_DOT::x : 0x7fdda9aad010
36_DOT::y : 0x7fdd98804010
12_TGAMMA::x : 0x185f740
12_TGAMMA::y : 0x2187350
24_ERF::x : 0x7fddc08e4010
24_ERF::y : 0x7fdd6fe8b010
12_ERF::x : 0x7fddbad56010
12_ERF::y : 0x7fdd6a2fd010
84_COPY::x : 0x7fdd4221e010
84_COPY::y : 0x7fdd1a13f010
24_ERF::x : 0x7fddaf63a010
24_ERF::y : 0x7fdda3f1e010
60_XPY::x : 0x7fdd8755a010
60_XPY::y : 0x7fdcfd77b010
60_XPY::x : 0x7fdce0db7010
60_XPY::y : 0x7fdcc43f3010
84_DOT::x : 0x7fdda3f21010
84_DOT::y : 0x7fdc9c314010
48_XPY::x : 0x7fdd8d0ea010
48_XPY::y : 0x7fdd03308010
48_SQRTX::x : 0x7fdcec4d1010
120_TGAMMA::x : 0x7fdd8755c010
120_TGAMMA::y : 0x7fdd819ce010
12_POW::a : 0x7fddc6472010
12_POW::b : 0x7fddc08e4010
12_POW::y : 0x7fddbad56010
36_POW::a : 0x7fddbad57010
36_POW::b : 0x7fdda9aae010
36_POW::y : 0x7fdd6a2fe010
12_ERF::x : 0x7fdd7be40010
12_ERF::y : 0x7fdd64770010
12_POW::a : 0x7fdda3f20010
12_POW::b : 0x7fdd9e392010
12_POW::y : 0x7fdd98804010
48_SQRTX::x : 0x7fdd534c7010
60_TGAMMA::x : 0x7fdd95a3d010
60_TGAMMA::y : 0x7fdd92c76010
60_COPY::x : 0x7fdd36b03010
60_COPY::y : 0x7fdd1a13f010
12_ERF::x : 0x7fdda3f20010
12_ERF::y : 0x7fdd9e392010
60_XPY::x : 0x7fdd819ce010
60_XPY::y : 0x7fdcfd77b010
84_DOT::x : 0x7fdcd569c010
84_DOT::y : 0x7fdcad5bd010
108_SUM::x : 0x7fdc79dc3010
60_TGAMMA::x : 0x7fddc9239010
60_TGAMMA::y : 0x7fddc6472010
12_SQRTX::x : 0x7fddc08e4010
12_ERF::x : 0x7fddc08e4010
12_ERF::y : 0x7fddbad56010
48_ERF::x : 0x7fdda3f1f010
48_ERF::y : 0x7fdd8d0e8010
36_DOT::x : 0x7fdd7be3f010
36_DOT::y : 0x7fdd6a2fe010
12_SQRTX::x : 0x7fddc6472010
132_SUM::x : 0x7fdd2b3e9010
12_TGAMMA::x : 0x7fddd00017d0
12_TGAMMA::y : 0x7fddd09293e0
60_COPY::x : 0x7fdd0ea25010
60_COPY::y : 0x7fdcf2061010
48_ERF::x : 0x7fdcdb22a010
48_ERF::y : 0x7fdcc43f3010
12_POW::a : 0x7fddc6472010
12_POW::b : 0x7fddc08e4010
12_POW::y : 0x7fddbad56010
84_COPY::x : 0x7fdd92c77010
84_COPY::y : 0x7fdd534c8010
120_TGAMMA::x : 0x7fddc6472010
120_TGAMMA::y : 0x7fddc08e4010
24_ERF::x : 0x7fdd8755b010
24_ERF::y : 0x7fdd7be3f010
36_DOT::x : 0x7fdd4221f010
36_DOT::y : 0x7fdd30f76010
12_TGAMMA::x : 0x7fddd00017d0
12_TGAMMA::y : 0x7fddd09293e0
48_SQRTX::x : 0x7fdd7be40010
108_SUM::x : 0x7fdd1fcce010
60_XPY::x : 0x7fdda3f20010
60_XPY::y : 0x7fdd5ebe3010
84_SUM::x : 0x7fdcf7bef010
108_SUM::x : 0x7fdcc43f5010
84_SUM::x : 0x7fdd7be41010
24_ERF::x : 0x7fddc08e4010
24_ERF::y : 0x7fdd534c7010
84_SUM::x : 0x7fdd2b3e8010
36_POW::a : 0x7fddbad57010
36_POW::b : 0x7fdda9aae010
36_POW::y : 0x7fdd6a2fe010
48_ERF::x : 0x7fdd145b1010
48_ERF::y : 0x7fdcfd77a010
36_POW::a : 0x7fdd98805010
36_POW::b : 0x7fdd8755c010
36_POW::y : 0x7fdd59055010
48_XPY::x : 0x7fdd4221e010
48_XPY::y : 0x7fdce6943010
48_XPY::x : 0x7fdd2b3e7010
48_XPY::y : 0x7fdd145b0010
108_SUM::x : 0x7fdcb3149010
12_TGAMMA::x : 0x7fddd00017d0
12_TGAMMA::y : 0x7fddd09293e0
48_ERF::x : 0x7fddb51c9010
48_ERF::y : 0x7fdd9e392010
24_POW::a : 0x7fdd92c76010
24_POW::b : 0x7fdd8755a010
24_POW::y : 0x7fdd7be3e010
12_TGAMMA::x : 0x185f740
12_TGAMMA::y : 0x2187350
84_SUM::x : 0x7fdd534c8010
24_POW::a : 0x7fdd47dac010
24_POW::b : 0x7fdd3c690010
24_POW::y : 0x7fdd30f74010
84_DOT::x : 0x7fdd08e95010
84_DOT::y : 0x7fdce0db6010
132_SUM::x : 0x7fdd8d0eb010
84_SUM::x : 0x7fdd534c8010
84_COPY::x : 0x7fdcb8cd7010
84_COPY::y : 0x7fdc90bf8010
60_TGAMMA::x : 0x7fdd8a324010
60_TGAMMA::y : 0x7fdd8755d010
60_TGAMMA::x : 0x7fddc9239010
60_TGAMMA::y : 0x7fddc6472010
60_XPY::x : 0x7fdda9aae010
60_XPY::y : 0x7fdd5ebe3010
12_POW::a : 0x7fdda3f20010
12_POW::b : 0x7fdd9e392010
12_POW::y : 0x7fdd98804010
108_SUM::x : 0x7fdd2b3e9010
132_SUM::x : 0x7fdcec4d4010
12_POW::a : 0x7fddc6472010
12_POW::b : 0x7fddc08e4010
12_POW::y : 0x7fddbad56010
84_SUM::x : 0x7fdd92c77010
12_TGAMMA::x : 0x7fddd00017d0
12_TGAMMA::y : 0x7fddd09293e0
24_POW::a : 0x7fdd8755b010
24_POW::b : 0x7fdd7be3f010
24_POW::y : 0x7fdd6fe8b010
12_ERF::x : 0x7fddc6472010
12_ERF::y : 0x7fddc08e4010
36_DOT::x : 0x7fddaf63b010
36_DOT::y : 0x7fdd9e392010
36_DOT::x : 0x7fdd5ebe2010
36_DOT::y : 0x7fdd4d939010
  итерация 0: 1252310 ms
12_SQRTX::x : 0x7fdd8d0ea010
24_ERF::x : 0x7fdd819ce010
24_ERF::y : 0x7fdd36b03010
60_COPY::x : 0x7fddaf63c010
60_COPY::y : 0x7fdd92c78010
60_COPY::x : 0x7fdd5ebe3010
60_COPY::y : 0x7fdd4221f010
60_TGAMMA::x : 0x7fdd8feb1010
60_TGAMMA::y : 0x7fdd8d0ea010
108_SUM::x : 0x7fdd0ea25010
36_DOT::x : 0x7fdd819cf010
36_DOT::y : 0x7fdcfd77c010
48_SQRTX::x : 0x7fdd64770010
60_TGAMMA::x : 0x7fdd8feb1010
60_TGAMMA::y : 0x7fdd8d0ea010
84_COPY::x : 0x7fdda3f21010
84_COPY::y : 0x7fdce6946010
12_POW::a : 0x7fdd9e393010
12_POW::b : 0x7fdd98805010
12_POW::y : 0x7fdd8755c010
48_SQRTX::x : 0x7fdd64770010
60_XPY::x : 0x7fdd47dac010
60_XPY::y : 0x7fdd2b3e8010
60_COPY::x : 0x7fdd8755d010
60_COPY::y : 0x7fdcc9f82010
60_XPY::x : 0x7fdcad5be010
60_XPY::y : 0x7fdc90bfa010
132_SUM::x : 0x7fdd3c692010
108_SUM::x : 0x7fdd08e98010
108_SUM::x : 0x7fdd98806010
60_COPY::x : 0x7fdd7be42010
60_COPY::y : 0x7fdcec4d4010
84_DOT::x : 0x7fdd145b3010
84_DOT::y : 0x7fdcc43f5010
12_POW::a : 0x7fddc6472010
12_POW::b : 0x7fddc08e4010
12_POW::y : 0x7fddbad56010
84_COPY::x : 0x7fdd534c8010
84_COPY::y : 0x7fdc9c316010
84_DOT::x : 0x7fdda3f21010
84_DOT::y : 0x7fdc74237010
48_ERF::x : 0x7fdd8d0ea010
48_ERF::y : 0x7fdcfd77c010
48_SQRTX::x : 0x7fdd3c691010
108_SUM::x : 0x7fdcc9f82010
12_SQRTX::x : 0x7fddc6472010
84_DOT::x : 0x7fdd534c8010
84_DOT::y : 0x7fdd2b3e9010
12_TGAMMA::x : 0x7fddd4000da0
12_TGAMMA::y : 0x7fddd49289b0
12_TGAMMA::x : 0x7fddcc000be0
12_TGAMMA::y : 0x7fddcc9287f0
48_XPY::x : 0x7fddb51c9010
48_XPY::y : 0x7fdd9e392010
12_ERF::x : 0x7fdd98804010
12_ERF::y : 0x7fdd92c76010
48_SQRTX::x : 0x7fdd8755b010
60_XPY::x : 0x7fdd0ea25010
60_XPY::y : 0x7fdcf2061010
48_ERF::x : 0x7fddb51c9010
48_ERF::y : 0x7fdd9e392010
48_XPY::x : 0x7fdd64770010
48_XPY::y : 0x7fdd4d939010
12_TGAMMA::x : 0x7fddcc000be0
12_TGAMMA::y : 0x7fddcc9287f0
12_POW::a : 0x7fdd98804010
12_POW::b : 0x7fdd92c76010
12_POW::y : 0x7fdd8d0e8010
60_TGAMMA::x : 0x7fdd9b5cb010
60_TGAMMA::y : 0x7fdd98804010
24_POW::a : 0x7fdd8d0e8010
24_POW::b : 0x7fdd819cc010
24_POW::y : 0x7fdd4221d010
108_SUM::x : 0x7fdd0ea23010
48_ERF::x : 0x7fddb51c9010
48_ERF::y : 0x7fdd9e392010
36_POW::a : 0x7fdd6a2fe010
36_POW::b : 0x7fdd59055010
36_POW::y : 0x7fdcfd77a010
60_XPY::x : 0x7fdd819ce010
60_XPY::y : 0x7fdce0db6010
36_DOT::x : 0x7fdd47dac010
36_DOT::y : 0x7fdd36b03010
132_SUM::x : 0x7fdca1ea1010
48_ERF::x : 0x7fddb51c9010
48_ERF::y : 0x7fdd9e392010
12_SQRTX::x : 0x7fdd7be40010
60_TGAMMA::x : 0x7fdd7ec07010
60_TGAMMA::y : 0x7fdd7be40010
12_TGAMMA::x : 0x185f760
12_TGAMMA::y : 0x2187370
108_SUM::x : 0x7fdd47dad010
132_SUM::x : 0x7fdd08e98010
84_DOT::x : 0x7fdce0db9010
84_DOT::y : 0x7fdcb8cda010
48_ERF::x : 0x7fddb51c9010
48_ERF::y : 0x7fdd9e392010
12_POW::a : 0x7fdd98804010
12_POW::b : 0x7fdd92c76010
12_POW::y : 0x7fdd8d0e8010
132_SUM::x : 0x7fdd3c692010
24_ERF::x : 0x7fdd92c76010
24_ERF::y : 0x7fdd8755a010
84_SUM::x : 0x7fdd145b3010
24_POW::a : 0x7fddc08e4010
24_POW::b : 0x7fddb51c8010
24_POW::y : 0x7fdda9aac010
36_DOT::x : 0x7fdd98803010
36_DOT::y : 0x7fdd8755a010
24_ERF::x : 0x7fdd7be3e010
24_ERF::y : 0x7fdd30f76010
120_TGAMMA::x : 0x7fdd75a19010
120_TGAMMA::y : 0x7fdd6fe8b010
132_SUM::x : 0x7fdcf2061010
48_XPY::x : 0x7fddb51c9010
48_XPY::y : 0x7fdd9e392010
84_SUM::x : 0x7fdd47dac010
36_POW::a : 0x7fddbad57010
36_POW::b : 0x7fdda9aae010
36_POW::y : 0x7fdd98805010
12_TGAMMA::x : 0x7fddcc000be0
12_TGAMMA::y : 0x7fddcc9287f0
12_ERF::x : 0x7fdd92c77010
12_ERF::y : 0x7fdd8d0e9010
60_COPY::x : 0x7fdd5ebe3010
60_COPY::y : 0x7fdd4221f010
108_SUM::x : 0x7fdd0ea25010
84_SUM::x : 0x7fdce6946010
12_ERF::x : 0x7fdd92c77010
12_ERF::y : 0x7fdd8d0e9010
84_COPY::x : 0x7fdd1a140010
84_COPY::y : 0x7fdcf2061010
84_SUM::x : 0x7fdda3f21010
84_SUM::x : 0x7fdd534c8010
84_DOT::x : 0x7fdd7be42010
84_DOT::y : 0x7fdcc9f82010
12_POW::a : 0x7fddc6472010
12_POW::b : 0x7fddc08e4010
12_POW::y : 0x7fddbad56010
12_POW::a : 0x7fddb51c8010
12_POW::b : 0x7fddaf63a010
12_POW::y : 0x7fdda9aac010
108_SUM::x : 0x7fdd47dad010
60_XPY::x : 0x7fddaf63c010
60_XPY::y : 0x7fdcad5be010
108_SUM::x : 0x7fdd7be42010
36_POW::a : 0x7fdd36b04010
36_POW::b : 0x7fdd2585b010
36_POW::y : 0x7fdd145b2010
12_ERF::x : 0x7fdd75a19010
12_ERF::y : 0x7fdd6fe8b010
12_TGAMMA::x : 0x185f760
12_TGAMMA::y : 0x2187370
48_SQRTX::x : 0x7fdd64770010
60_XPY::x : 0x7fdd92c78010
60_XPY::y : 0x7fdcf7bee010
24_POW::a : 0x7fddc08e4010
24_POW::b : 0x7fddb51c8010
24_POW::y : 0x7fdd8755c010
12_ERF::x : 0x7fdd819ce010
12_ERF::y : 0x7fdd7be40010
36_DOT::x : 0x7fdd6a2fe010
36_DOT::y : 0x7fdd59055010
84_SUM::x : 0x7fdd30f76010
12_ERF::x : 0x7fddc6472010
12_ERF::y : 0x7fddc08e4010
24_POW::a : 0x7fddc08e4010
24_POW::b : 0x7fddb51c8010
24_POW::y : 0x7fdd8755c010
60_TGAMMA::x : 0x7fddb2401010
60_TGAMMA::y : 0x7fddaf63a010
24_ERF::x : 0x7fdda3f1e010
24_ERF::y : 0x7fdd98802010
120_TGAMMA::x : 0x7fdd819ce010
120_TGAMMA::y : 0x7fdd7be40010
60_TGAMMA::x : 0x7fddac873010
60_TGAMMA::y : 0x7fdda9aac010
60_TGAMMA::x : 0x7fddb2401010
60_TGAMMA::y : 0x7fddaf63a010
84_SUM::x : 0x7fdd534c8010
24_POW::a : 0x7fddc08e4010
24_POW::b : 0x7fddb51c8010
24_POW::y : 0x7fdda3f1e010
36_DOT::x : 0x7fdd92c75010
36_DOT::y : 0x7fdd6a2fe010
  итерация 1: 1295586 ms
12_SQRTX::x : 0x7fdd8d0ea010
60_COPY::x : 0x7fddaf63c010
60_COPY::y : 0x7fdd36b04010
60_COPY::x : 0x7fdd92c78010
60_COPY::y : 0x7fdcf2061010
84_DOT::x : 0x7fdd534c8010
84_DOT::y : 0x7fdd0ea25010
132_SUM::x : 0x7fdcb314c010
24_ERF::x : 0x7fdd8755c010
24_ERF::y : 0x7fdd7be40010
108_SUM::x : 0x7fdcbe867010
12_TGAMMA::x : 0x7fddd4000da0
12_TGAMMA::y : 0x7fddd49289b0
60_XPY::x : 0x7fddaf63c010
60_XPY::y : 0x7fdd92c78010
108_SUM::x : 0x7fdd47dad010
12_SQRTX::x : 0x7fdd8d0ea010
48_ERF::x : 0x7fdd7be41010
48_ERF::y : 0x7fdd30f76010
24_ERF::x : 0x7fdd2585a010
24_ERF::y : 0x7fdd1a13e010
60_COPY::x : 0x7fdd5ebe3010
60_COPY::y : 0x7fdcfd77a010
60_TGAMMA::x : 0x7fddc9239010
60_TGAMMA::y : 0x7fddc6472010
48_SQRTX::x : 0x7fddaf63b010
108_SUM::x : 0x7fdcc9f80010
84_COPY::x : 0x7fdd8755c010
84_COPY::y : 0x7fdd36b04010
48_SQRTX::x : 0x7fdd64770010
36_DOT::x : 0x7fddbad57010
36_DOT::y : 0x7fdd2585b010
84_DOT::x : 0x7fdcfd77c010
84_DOT::y : 0x7fdcd569d010
84_DOT::x : 0x7fdcad5be010
84_DOT::y : 0x7fdc854df010
48_XPY::x : 0x7fddb51c9010
48_XPY::y : 0x7fdd64770010
108_SUM::x : 0x7fdd819cf010
108_SUM::x : 0x7fdd30f76010
24_POW::a : 0x7fddc08e4010
24_POW::b : 0x7fdd6fe8b010
24_POW::y : 0x7fdd2585a010
48_ERF::x : 0x7fdd0ea23010
48_ERF::y : 0x7fdcf7bec010
48_SQRTX::x : 0x7fdda9aad010
48_ERF::x : 0x7fdd92c76010
48_ERF::y : 0x7fdd7be3f010
60_TGAMMA::x : 0x7fddc9239010
60_TGAMMA::y : 0x7fddc6472010
120_TGAMMA::x : 0x7fddc08e4010
120_TGAMMA::y : 0x7fdd75a19010
12_SQRTX::x : 0x7fddbad56010
84_SUM::x : 0x7fdd4d93a010
108_SUM::x : 0x7fdd1a140010
12_POW::a : 0x7fddc6472010
12_POW::b : 0x7fddbad56010
12_POW::y : 0x7fddb51c8010
60_TGAMMA::x : 0x7fddb2401010
60_TGAMMA::y : 0x7fddaf63a010
48_SQRTX::x : 0x7fdd98803010
48_SQRTX::x : 0x7fdd819cc010
12_TGAMMA::x : 0x7fddcc000be0
12_TGAMMA::y : 0x7fddcc9287f0
12_POW::a : 0x7fddc6472010
12_POW::b : 0x7fddc08e4010
12_POW::y : 0x7fddbad56010
60_TGAMMA::x : 0x7fddb7f8f010
60_TGAMMA::y : 0x7fddb51c8010
12_TGAMMA::x : 0x185f760
12_TGAMMA::y : 0x2187370
84_COPY::x : 0x7fdd534c8010
84_COPY::y : 0x7fdd2b3e9010
108_SUM::x : 0x7fdd819ce010
60_XPY::x : 0x7fdd0ea25010
60_XPY::y : 0x7fdcf2061010
24_ERF::x : 0x7fddc08e4010
24_ERF::y : 0x7fddb51c8010
60_XPY::x : 0x7fdcd569d010
60_XPY::y : 0x7fdcb8cd9010
84_SUM::x : 0x7fdda3f21010
12_ERF::x : 0x7fdd9e393010
12_ERF::y : 0x7fdd98805010
12_POW::a : 0x7fddc6472010
12_POW::b : 0x7fddc08e4010
12_POW::y : 0x7fddbad56010
12_ERF::x : 0x7fddb51c8010
12_ERF::y : 0x7fddaf63a010
24_POW::a : 0x7fdda3f1e010
24_POW::b : 0x7fdd98802010
24_POW::y : 0x7fdd8d0e6010
48_ERF::x : 0x7fdd64770010
48_ERF::y : 0x7fdd4d939010
36_POW::a : 0x7fddbad57010
36_POW::b : 0x7fdd3c690010
36_POW::y : 0x7fdd2b3e7010
12_ERF::x : 0x7fddb51c9010
12_ERF::y : 0x7fddaf63b010
60_TGAMMA::x : 0x7fddb7f90010
60_TGAMMA::y : 0x7fddb51c9010
36_DOT::x : 0x7fdda3f20010
36_DOT::y : 0x7fdd92c77010
84_SUM::x : 0x7fdd8d0ea010
84_DOT::x : 0x7fdd03308010
84_DOT::y : 0x7fdcdb229010
84_COPY::x : 0x7fdd534c8010
84_COPY::y : 0x7fdcb314a010
48_XPY::x : 0x7fddb51c9010
48_XPY::y : 0x7fdd3c691010
60_TGAMMA::x : 0x7fddb2402010
60_TGAMMA::y : 0x7fddaf63b010
132_SUM::x : 0x7fdcfd77c010
120_TGAMMA::x : 0x7fddaf63b010
120_TGAMMA::y : 0x7fdda9aad010
60_COPY::x : 0x7fdd8d0e9010
60_COPY::y : 0x7fdce0db8010
12_TGAMMA::x : 0x7fddd00017d0
12_TGAMMA::y : 0x7fddd09293e0
36_POW::a : 0x7fddbad57010
36_POW::b : 0x7fdd7be40010
36_POW::y : 0x7fdd6a2fe010
48_XPY::x : 0x7fdd534c7010
48_XPY::y : 0x7fdd3c690010
84_SUM::x : 0x7fdd145b1010
48_ERF::x : 0x7fdda3f20010
48_ERF::y : 0x7fdd8d0e9010
12_POW::a : 0x7fdd64770010
12_POW::b : 0x7fdd5ebe2010
12_POW::y : 0x7fdd59054010
108_SUM::x : 0x7fdd2585a010
36_POW::a : 0x7fddbad57010
36_POW::b : 0x7fdd7be40010
36_POW::y : 0x7fdd6a2fe010
132_SUM::x : 0x7fdce6945010
60_XPY::x : 0x7fdd9e393010
60_XPY::y : 0x7fdcc9f81010
108_SUM::x : 0x7fdd36b04010
132_SUM::x : 0x7fdcf7bef010
12_POW::a : 0x7fddc6472010
12_POW::b : 0x7fddc08e4010
12_POW::y : 0x7fdd98805010
12_TGAMMA::x : 0x7fddd4000da0
12_TGAMMA::y : 0x7fddd49289b0
24_POW::a : 0x7fddb51c8010
24_POW::b : 0x7fdda9aac010
24_POW::y : 0x7fdd8d0e9010
24_ERF::x : 0x7fdd819cd010
24_ERF::y : 0x7fdd6fe8b010
132_SUM::x : 0x7fdcb8cda010
84_SUM::x : 0x7fdd47dac010
12_ERF::x : 0x7fddc6472010
12_ERF::y : 0x7fddc08e4010
12_ERF::x : 0x7fddc6472010
12_ERF::y : 0x7fddc08e4010
60_XPY::x : 0x7fdda3f20010
60_XPY::y : 0x7fdd8755c010
36_DOT::x : 0x7fdd36b03010
36_DOT::y : 0x7fdd2585a010
36_DOT::x : 0x7fdd145b1010
36_DOT::y : 0x7fdd03308010
84_DOT::x : 0x7fdd534c8010
84_DOT::y : 0x7fdcdb229010
12_POW::a : 0x7fddc6472010
12_POW::b : 0x7fddc08e4010
12_POW::y : 0x7fdd819ce010
84_SUM::x : 0x7fdd2b3e9010
60_XPY::x : 0x7fdda3f20010
60_XPY::y : 0x7fdd8755c010
36_DOT::x : 0x7fdd1a140010
36_DOT::y : 0x7fdd08e97010
24_POW::a : 0x7fddc08e4010
24_POW::b : 0x7fdd7be40010
24_POW::y : 0x7fdd47dac010
12_TGAMMA::x : 0x7fddcc000be0
12_TGAMMA::y : 0x7fddcc9287f0
60_TGAMMA::x : 0x7fdd787e0010
60_TGAMMA::y : 0x7fdd75a19010
60_COPY::x : 0x7fdd59055010
60_COPY::y : 0x7fdd2b3e8010
84_SUM::x : 0x7fdd03309010
24_POW::a : 0x7fddc08e4010
24_POW::b : 0x7fdd7be40010
24_POW::y : 0x7fdd4d939010
12_ERF::x : 0x7fddbad56010
12_ERF::y : 0x7fddb51c8010
  итерация 2: 1255052 ms
24_ERF::x : 0x7fdd7be41010
24_ERF::y : 0x7fdd145b2010
108_SUM::x : 0x7fdd1fcce010
60_COPY::x : 0x7fdd8755d010
60_COPY::y : 0x7fdcf7bee010
84_DOT::x : 0x7fdda3f21010
84_DOT::y : 0x7fdd534c8010
60_COPY::x : 0x7fdcdb22a010
60_COPY::y : 0x7fdcbe866010
132_SUM::x : 0x7fdd145b3010
48_SQRTX::x : 0x7fdd8d0ea010
24_ERF::x : 0x7fddc08e4010
24_ERF::y : 0x7fddb51c8010
60_TGAMMA::x : 0x7fddac875010
60_TGAMMA::y : 0x7fdda9aae010
60_COPY::x : 0x7fddaf63c010
60_COPY::y : 0x7fdd5ebe3010
84_COPY::x : 0x7fdd36b04010
84_COPY::y : 0x7fdd0ea25010
108_SUM::x : 0x7fdcdb22b010
84_DOT::x : 0x7fdd8755d010
84_DOT::y : 0x7fdcb314c010
60_XPY::x : 0x7fdcf2061010
60_XPY::y : 0x7fdc96788010
48_ERF::x : 0x7fddb51c9010
48_ERF::y : 0x7fdd64770010
12_TGAMMA::x : 0x7fddd4000da0
12_TGAMMA::y : 0x7fddd49289b0
12_TGAMMA::x : 0x7fddd4000da0
12_TGAMMA::y : 0x7fddd49289b0
60_COPY::x : 0x7fdd98805010
60_COPY::y : 0x7fdd7be41010
84_DOT::x : 0x7fdd3c691010
84_DOT::y : 0x7fdd145b2010
12_SQRTX::x : 0x7fdd0ea24010
108_SUM::x : 0x7fdcdb22a010
60_TGAMMA::x : 0x7fddc9239010
60_TGAMMA::y : 0x7fddc6472010
48_ERF::x : 0x7fddb51c9010
48_ERF::y : 0x7fdd64770010
48_SQRTX::x : 0x7fdcfd77b010
12_TGAMMA::x : 0x7fddd4000da0
12_TGAMMA::y : 0x7fddd49289b0
48_SQRTX::x : 0x7fdd9e392010
12_SQRTX::x : 0x7fdd98804010
12_POW::a : 0x7fdd98804010
12_POW::b : 0x7fdd92c76010
12_POW::y : 0x7fdd8d0e8010
60_TGAMMA::x : 0x7fdd9b5cb010
60_TGAMMA::y : 0x7fdd98804010
108_SUM::x : 0x7fdd30f76010
48_ERF::x : 0x7fdd9e392010
48_ERF::y : 0x7fdd819cd010
48_SQRTX::x : 0x7fddb51c9010
120_TGAMMA::x : 0x7fdd98804010
120_TGAMMA::y : 0x7fdd7be3f010
84_SUM::x : 0x7fdd534c8010
12_POW::a : 0x7fddaf63b010
12_POW::b : 0x7fdda9aad010
12_POW::y : 0x7fdda3f1f010
132_SUM::x : 0x7fdd145b3010
12_SQRTX::x : 0x7fddc6472010
108_SUM::x : 0x7fdce0db9010
36_DOT::x : 0x7fddbad57010
36_DOT::y : 0x7fdda9aae010
24_ERF::x : 0x7fdd9e392010
24_ERF::y : 0x7fdd92c76010
12_ERF::x : 0x7fddc6472010
12_ERF::y : 0x7fddc08e4010
48_XPY::x : 0x7fdd7be3f010
48_XPY::y : 0x7fdd64770010
84_COPY::x : 0x7fdd98805010
84_COPY::y : 0x7fdd3c691010
60_XPY::x : 0x7fdd1fccd010
60_XPY::y : 0x7fdd03309010
48_XPY::x : 0x7fdcec4d2010
48_XPY::y : 0x7fdcd569b010
36_POW::a : 0x7fdd8755c010
36_POW::b : 0x7fdd6a2fe010
36_POW::y : 0x7fdcc43f2010
132_SUM::x : 0x7fdc854dd010
60_XPY::x : 0x7fdd1fccd010
60_XPY::y : 0x7fdd03309010
48_SQRTX::x : 0x7fddb51c9010
48_XPY::x : 0x7fdd9e392010
48_XPY::y : 0x7fdd8755b010
108_SUM::x : 0x7fdd47dad010
12_POW::a : 0x7fdd819cd010
12_POW::b : 0x7fdd7be3f010
12_POW::y : 0x7fdd4221f010
12_POW::a : 0x7fddc6472010
12_POW::b : 0x7fddc08e4010
12_POW::y : 0x7fddbad56010
84_SUM::x : 0x7fdd1fcce010
24_POW::a : 0x7fddc08e4010
24_POW::b : 0x7fdd7be3f010
24_POW::y : 0x7fdd145b2010
108_SUM::x : 0x7fdd47dad010
84_SUM::x : 0x7fdd98805010
48_ERF::x : 0x7fdd30f76010
48_ERF::y : 0x7fdcfd77b010
36_DOT::x : 0x7fddaf63b010
36_DOT::y : 0x7fdd9e392010
12_POW::a : 0x7fdd98804010
12_POW::b : 0x7fdd92c76010
12_POW::y : 0x7fdd8d0e8010
84_DOT::x : 0x7fdd534c8010
84_DOT::y : 0x7fdcd569c010
12_ERF::x : 0x7fddc6472010
12_ERF::y : 0x7fddc08e4010
108_SUM::x : 0x7fdd8d0ea010
12_ERF::x : 0x7fddc6472010
12_ERF::y : 0x7fddc08e4010
84_COPY::x : 0x7fdd2b3e9010
84_COPY::y : 0x7fdd0330a010
12_TGAMMA::x : 0x7fddd00017d0
12_TGAMMA::y : 0x7fddd09293e0
12_TGAMMA::x : 0x7fddd00017d0
12_TGAMMA::y : 0x7fddd09293e0
24_ERF::x : 0x7fddc08e4010
24_ERF::y : 0x7fdd819ce010
108_SUM::x : 0x7fdccfb10010
60_TGAMMA::x : 0x7fddbdb1d010
60_TGAMMA::y : 0x7fddbad56010
60_XPY::x : 0x7fdd9e392010
60_XPY::y : 0x7fdd819ce010
84_SUM::x : 0x7fdd534c8010
132_SUM::x : 0x7fdcc43f5010
12_POW::a : 0x7fddc6472010
12_POW::b : 0x7fddc08e4010
12_POW::y : 0x7fddbad56010
36_DOT::x : 0x7fdd6a2fe010
36_DOT::y : 0x7fdd59055010
60_TGAMMA::x : 0x7fddc9239010
60_TGAMMA::y : 0x7fddc6472010
36_DOT::x : 0x7fdd6a2fe010
36_DOT::y : 0x7fdd59055010
12_ERF::x : 0x7fddc08e4010
12_ERF::y : 0x7fddbad56010
24_POW::a : 0x7fddaf63a010
24_POW::b : 0x7fdda3f1e010
24_POW::y : 0x7fdd98802010
12_ERF::x : 0x7fddc08e4010
12_ERF::y : 0x7fddbad56010
36_POW::a : 0x7fdd87559010
36_POW::b : 0x7fdd47dac010
36_POW::y : 0x7fdd36b03010
60_TGAMMA::x : 0x7fddc9239010
60_TGAMMA::y : 0x7fddc6472010
84_SUM::x : 0x7fdd0ea24010
60_COPY::x : 0x7fdd5ebe3010
60_COPY::y : 0x7fdcf2060010
60_XPY::x : 0x7fddaf63c010
60_XPY::y : 0x7fdcd569c010
60_TGAMMA::x : 0x7fddac875010
60_TGAMMA::y : 0x7fdda9aae010
84_SUM::x : 0x7fdd0ea24010
84_SUM::x : 0x7fdd8755d010
24_POW::a : 0x7fddc08e4010
24_POW::b : 0x7fddb51c8010
24_POW::y : 0x7fdd7be41010
24_POW::a : 0x7fdd534c7010
24_POW::b : 0x7fdd47dab010
24_POW::y : 0x7fdd3c68f010
120_TGAMMA::x : 0x7fddaf63a010
120_TGAMMA::y : 0x7fdda9aac010
24_POW::a : 0x7fdd6fe8b010
24_POW::b : 0x7fdd6476f010
24_POW::y : 0x7fdd30f73010
12_ERF::x : 0x7fddc6472010
12_ERF::y : 0x7fddc08e4010
36_POW::a : 0x7fdd98803010
36_POW::b : 0x7fdd8755a010
36_POW::y : 0x7fdd534c6010
132_SUM::x : 0x7fdd145b1010
48_ERF::x : 0x7fddb51c9010
48_ERF::y : 0x7fdd64770010
84_DOT::x : 0x7fdcec4d2010
84_DOT::y : 0x7fdcc43f3010
12_TGAMMA::x : 0x185f760
12_TGAMMA::y : 0x2187370
36_DOT::x : 0x7fdd4221d010
36_DOT::y : 0x7fdd30f74010
60_XPY::x : 0x7fddaf63c010
60_XPY::y : 0x7fdca7a2f010
  итерация 3: 1257860 ms
48_ERF::x : 0x7fdd47dac010
48_ERF::y : 0x7fdd30f75010
48_SQRTX::x : 0x7fddb51c9010
48_ERF::x : 0x7fdd819ce010
48_ERF::y : 0x7fdd1a13e010
60_COPY::x : 0x7fdd98805010
60_COPY::y : 0x7fdd5ebe3010
12_SQRTX::x : 0x7fddc6472010
108_SUM::x : 0x7fdce6944010
60_TGAMMA::x : 0x7fddc9239010
60_TGAMMA::y : 0x7fddc6472010
84_DOT::x : 0x7fdd36b04010
84_DOT::y : 0x7fdcbe865010
48_SQRTX::x : 0x7fddaf63b010
84_DOT::x : 0x7fdd8755c010
84_DOT::y : 0x7fdc96786010
84_DOT::x : 0x7fdd0ea25010
84_DOT::y : 0x7fdce6946010
24_ERF::x : 0x7fddc08e4010
24_ERF::y : 0x7fddb51c8010
24_ERF::x : 0x7fdd7be40010
24_ERF::y : 0x7fdd6fe8b010
84_COPY::x : 0x7fdd47dac010
84_COPY::y : 0x7fdcbe867010
60_COPY::x : 0x7fddaf63c010
60_COPY::y : 0x7fdc79dc2010
132_SUM::x : 0x7fdc3aead010
60_COPY::x : 0x7fdd92c78010
60_COPY::y : 0x7fdd2b3e8010
12_SQRTX::x : 0x7fdd8d0ea010
60_XPY::x : 0x7fdd0ea24010
60_XPY::y : 0x7fdcf2060010
12_SQRTX::x : 0x7fddc6472010
84_SUM::x : 0x7fdd534c8010
84_COPY::x : 0x7fdd9e393010
84_COPY::y : 0x7fdd2b3e9010
60_TGAMMA::x : 0x7fddc9239010
60_TGAMMA::y : 0x7fddc6472010
108_SUM::x : 0x7fdcbe866010
24_ERF::x : 0x7fdd92c77010
24_ERF::y : 0x7fdd8755b010
36_DOT::x : 0x7fdd6a2fe010
36_DOT::y : 0x7fdd59055010
60_XPY::x : 0x7fdd819cf010
60_XPY::y : 0x7fdd0ea25010
108_SUM::x : 0x7fdcdb22b010
108_SUM::x : 0x7fdca7a31010
12_POW::a : 0x7fddc6472010
12_POW::b : 0x7fddc08e4010
12_POW::y : 0x7fddbad56010
36_POW::a : 0x7fddbad57010
36_POW::b : 0x7fdda9aae010
36_POW::y : 0x7fdd6a2fe010
60_TGAMMA::x : 0x7fdda6ce7010
60_TGAMMA::y : 0x7fdda3f20010
48_SQRTX::x : 0x7fdd534c7010
12_TGAMMA::x : 0x7fddd00017d0
12_TGAMMA::y : 0x7fddd09293e0
12_ERF::x : 0x7fdd9e392010
12_ERF::y : 0x7fdd98804010
108_SUM::x : 0x7fdd1fccd010
48_SQRTX::x : 0x7fdd92c77010
108_SUM::x : 0x7fdcec4d3010
108_SUM::x : 0x7fdcb8cd9010
12_TGAMMA::x : 0x7fddd00017d0
12_TGAMMA::y : 0x7fddd09293e0
12_ERF::x : 0x7fddc6472010
12_ERF::y : 0x7fddc08e4010
120_TGAMMA::x : 0x7fddbad56010
120_TGAMMA::y : 0x7fddb51c8010
12_POW::a : 0x7fddaf63a010
12_POW::b : 0x7fdda9aac010
12_POW::y : 0x7fdda3f1e010
132_SUM::x : 0x7fdd3c692010
12_POW::a : 0x7fddc6472010
12_POW::b : 0x7fddc08e4010
12_POW::y : 0x7fdd9e390010
48_SQRTX::x : 0x7fdd87559010
48_XPY::x : 0x7fdd9e391010
48_XPY::y : 0x7fdd2585b010
36_DOT::x : 0x7fdd6a2fe010
36_DOT::y : 0x7fdd59055010
48_ERF::x : 0x7fddb51c9010
48_ERF::y : 0x7fdd4221e010
24_POW::a : 0x7fdd92c75010
24_POW::b : 0x7fdd87559010
24_POW::y : 0x7fdd1a13f010
12_ERF::x : 0x7fdd819cb010
12_ERF::y : 0x7fdd75a19010
132_SUM::x : 0x7fdcdb22a010
12_TGAMMA::x : 0x185f760
12_TGAMMA::y : 0x2187370
60_COPY::x : 0x7fdd98805010
60_COPY::y : 0x7fdd7be41010
48_ERF::x : 0x7fdd64770010
48_ERF::y : 0x7fdd2b3e7010
84_DOT::x : 0x7fdcb314b010
84_DOT::y : 0x7fdc8b06c010
12_POW::a : 0x7fddc6472010
12_POW::b : 0x7fddc08e4010
12_POW::y : 0x7fddbad56010
60_XPY::x : 0x7fdd5ebe3010
60_XPY::y : 0x7fdd4221f010
12_POW::a : 0x7fddb51c8010
12_POW::b : 0x7fddaf63a010
12_POW::y : 0x7fdda9aac010
84_SUM::x : 0x7fdd819cd010
108_SUM::x : 0x7fdd0ea25010
48_ERF::x : 0x7fddb51c9010
48_ERF::y : 0x7fdcf7bee010
24_POW::a : 0x7fdda9aad010
24_POW::b : 0x7fdd9e391010
24_POW::y : 0x7fdd92c75010
60_TGAMMA::x : 0x7fdd8feae010
60_TGAMMA::y : 0x7fdd8d0e7010
60_XPY::x : 0x7fdd5ebe3010
60_XPY::y : 0x7fdd4221f010
24_ERF::x : 0x7fddc08e4010
24_ERF::y : 0x7fdd819cb010
12_TGAMMA::x : 0x7fddcc000be0
12_TGAMMA::y : 0x7fddcc9287f0
24_POW::a : 0x7fddb51c8010
24_POW::b : 0x7fdda9aac010
24_POW::y : 0x7fdd9e390010
60_TGAMMA::x : 0x7fdd9b5c9010
60_TGAMMA::y : 0x7fdd98802010
24_POW::a : 0x7fddc08e4010
24_POW::b : 0x7fdd8d0e6010
24_POW::y : 0x7fdd819ca010
60_COPY::x : 0x7fdd2585b010
60_COPY::y : 0x7fdd08e97010
60_XPY::x : 0x7fdd5ebe3010
60_XPY::y : 0x7fdd4221f010
24_POW::a : 0x7fddb51c8010
24_POW::b : 0x7fdda9aac010
24_POW::y : 0x7fdd9e390010
12_ERF::x : 0x7fddc6472010
12_ERF::y : 0x7fddc08e4010
48_XPY::x : 0x7fdd87559010
48_XPY::y : 0x7fdcf2060010
36_POW::a : 0x7fddbad57010
36_POW::b : 0x7fdda9aae010
36_POW::y : 0x7fdce0db7010
84_COPY::x : 0x7fdd1a140010
84_COPY::y : 0x7fdcb8cd8010
84_SUM::x : 0x7fdd534c8010
132_SUM::x : 0x7fdc79dc3010
132_SUM::x : 0x7fdc3aeae010
36_DOT::x : 0x7fddbad57010
36_DOT::y : 0x7fdda9aae010
48_XPY::x : 0x7fddb51c9010
48_XPY::y : 0x7fdd9e392010
12_POW::a : 0x7fdd98804010
12_POW::b : 0x7fdd92c76010
12_POW::y : 0x7fdd8d0e8010
12_TGAMMA::x : 0x7fddd4000da0
12_TGAMMA::y : 0x7fddd49289b0
84_DOT::x : 0x7fdd534c8010
84_DOT::y : 0x7fdd2b3e9010
120_TGAMMA::x : 0x7fdd8755a010
120_TGAMMA::y : 0x7fdd819cc010
84_SUM::x : 0x7fdd0330a010
60_TGAMMA::x : 0x7fddc9239010
60_TGAMMA::y : 0x7fddc6472010
108_SUM::x : 0x7fdd92c78010
12_ERF::x : 0x7fdd8d0ea010
12_ERF::y : 0x7fdd7be3e010
36_DOT::x : 0x7fdd6a2fe010
36_DOT::y : 0x7fdd59055010
60_TGAMMA::x : 0x7fddc9239010
60_TGAMMA::y : 0x7fddc6472010
12_TGAMMA::x : 0x7fddd4000da0
12_TGAMMA::y : 0x7fddd49289b0
36_POW::a : 0x7fdd819cf010
36_POW::b : 0x7fdd47dac010
36_POW::y : 0x7fdd36b03010
84_SUM::x : 0x7fdd9e393010
36_DOT::x : 0x7fdd6a2fe010
36_DOT::y : 0x7fdd59055010
12_ERF::x : 0x7fddc6472010
12_ERF::y : 0x7fdd98805010
84_SUM::x : 0x7fdd9e393010
60_XPY::x : 0x7fdd1a13f010
60_XPY::y : 0x7fdcfd77b010
84_SUM::x : 0x7fdcd569c010
  итерация 4: 1252778 ms
  среднее по 5 итерациям: 1262717 ms
=== Выполняется проект: no_po_19.txt (100 работ) ===
60_TGAMMA::x : 0x7fddc9239010
60_TGAMMA::y : 0x7fddc08e4010
12_SQRTX::x : 0x7fddc36ab010
84_SUM::x : 0x7fdd7be41010
60_COPY::x : 0x7fdda3f20010
60_COPY::y : 0x7fdd5ebe3010
48_ERF::x : 0x7fdd47dac010
48_ERF::y : 0x7fdd30f75010
84_DOT::x : 0x7fdd08e96010
84_DOT::y : 0x7fdce0db7010
60_XPY::x : 0x7fdd8755c010
60_XPY::y : 0x7fdcc43f3010
36_DOT::x : 0x7fddbad57010
36_DOT::y : 0x7fdda9aae010
108_SUM::x : 0x7fdd47dad010
12_ERF::x : 0x7fddc6472010
12_ERF::y : 0x7fddc08e4010
84_SUM::x : 0x7fdda3f21010
120_TGAMMA::x : 0x7fdd819cf010
120_TGAMMA::y : 0x7fdd7be41010
60_XPY::x : 0x7fdd8755d010
60_XPY::y : 0x7fdcc43f3010
48_ERF::x : 0x7fdd64770010
48_ERF::y : 0x7fdd4d939010
108_SUM::x : 0x7fdd1a13f010
132_SUM::x : 0x7fdd8d0eb010
108_SUM::x : 0x7fdce6945010
48_XPY::x : 0x7fdd36b02010
48_XPY::y : 0x7fdd1fccb010
84_DOT::x : 0x7fdd534c8010
84_DOT::y : 0x7fdcbe866010
12_TGAMMA::x : 0x7fddcc000be0
12_TGAMMA::y : 0x7fddcc9287f0
60_TGAMMA::x : 0x7fdd8a324010
60_TGAMMA::y : 0x7fdd8755d010
48_ERF::x : 0x7fdd3c691010
48_ERF::y : 0x7fdd2585a010
48_XPY::x : 0x7fddb51c9010
48_XPY::y : 0x7fdd9e392010
12_ERF::x : 0x7fdd98804010
12_ERF::y : 0x7fdd92c76010
60_COPY::x : 0x7fdd5ebe3010
60_COPY::y : 0x7fdd08e96010
48_ERF::x : 0x7fdd8755b010
48_ERF::y : 0x7fdcf205f010
84_DOT::x : 0x7fdd36b04010
84_DOT::y : 0x7fdcc9f80010
24_ERF::x : 0x7fddc08e4010
24_ERF::y : 0x7fddb51c8010
24_ERF::x : 0x7fddc08e4010
24_ERF::y : 0x7fddb51c8010
108_SUM::x : 0x7fdc96786010
132_SUM::x : 0x7fdcf7bef010
12_POW::a : 0x7fddc6472010
12_POW::b : 0x7fddc08e4010
12_POW::y : 0x7fddbad56010
48_SQRTX::x : 0x7fdda3f1f010
24_ERF::x : 0x7fddc08e4010
24_ERF::y : 0x7fdd98803010
12_SQRTX::x : 0x7fddbad56010
48_ERF::x : 0x7fdd819cc010
48_ERF::y : 0x7fdd64770010
12_POW::a : 0x7fddbad56010
12_POW::b : 0x7fdd7be3e010
12_POW::y : 0x7fdd5ebe2010
120_TGAMMA::x : 0x7fddb51c8010
120_TGAMMA::y : 0x7fddaf63a010
84_SUM::x : 0x7fdd36b03010
12_ERF::x : 0x7fddc6472010
12_ERF::y : 0x7fddc08e4010
24_POW::a : 0x7fddc08e4010
24_POW::b : 0x7fdda3f1e010
24_POW::y : 0x7fdd2b3e7010
12_ERF::x : 0x7fddbad56010
12_ERF::y : 0x7fdd9e390010
84_COPY::x : 0x7fdd534c8010
84_COPY::y : 0x7fdd03308010
24_ERF::x : 0x7fdd98802010
24_ERF::y : 0x7fdd8d0e6010
48_SQRTX::x : 0x7fdd3c691010
84_SUM::x : 0x7fdda3f21010
108_SUM::x : 0x7fdccfb0e010
84_COPY::x : 0x7fdd7be42010
84_COPY::y : 0x7fdd2b3e9010
84_COPY::x : 0x7fdda3f21010
84_COPY::y : 0x7fdca7a2f010
132_SUM::x : 0x7fdc68b1a010
12_SQRTX::x : 0x7fdd75a19010
12_TGAMMA::x : 0x7fddd4000da0
12_TGAMMA::y : 0x7fddd49289b0
84_SUM::x : 0x7fdd534c8010
12_ERF::x : 0x7fdd2585b010
12_ERF::y : 0x7fdd1fccd010
84_DOT::x : 0x7fdd534c8010
84_DOT::y : 0x7fdcf7bee010
12_TGAMMA::x : 0x7fddcc000be0
12_TGAMMA::y : 0x7fddcc9287f0
36_DOT::x : 0x7fdce6945010
36_DOT::y : 0x7fdcd569c010
12_TGAMMA::x : 0x185f760
12_TGAMMA::y : 0x2187370
60_TGAMMA::x : 0x7fddc9239010
60_TGAMMA::y : 0x7fddc6472010
24_POW::a : 0x7fddbad56010
24_POW::b : 0x7fddaf63a010
24_POW::y : 0x7fdda3f1e010
36_DOT::x : 0x7fdd92c75010
36_DOT::y : 0x7fdd819cc010
36_DOT::x : 0x7fdd4221f010
36_DOT::y : 0x7fdd30f76010
12_TGAMMA::x : 0x185f760
12_TGAMMA::y : 0x2187370
120_TGAMMA::x : 0x7fddc6472010
120_TGAMMA::y : 0x7fddc08e4010
120_TGAMMA::x : 0x7fddbad56010
120_TGAMMA::y : 0x7fddb51c8010
12_ERF::x : 0x7fddaf63a010
12_ERF::y : 0x7fdda9aac010
132_SUM::x : 0x7fdcf2061010
24_POW::a : 0x7fdda9aac010
24_POW::b : 0x7fdd9e390010
24_POW::y : 0x7fdd92c74010
12_TGAMMA::x : 0x7fddd4000da0
12_TGAMMA::y : 0x7fddd49289b0
120_TGAMMA::x : 0x7fdd8d0e6010
120_TGAMMA::y : 0x7fdd87558010
84_COPY::x : 0x7fdd534c8010
84_COPY::y : 0x7fdd2b3e9010
60_TGAMMA::x : 0x7fddc9239010
60_TGAMMA::y : 0x7fddc6472010
84_SUM::x : 0x7fdd9e393010
108_SUM::x : 0x7fdcf7bef010
132_SUM::x : 0x7fdcb8cda010
24_ERF::x : 0x7fddc08e4010
24_ERF::y : 0x7fddb51c8010
84_SUM::x : 0x7fdd8d0e9010
84_COPY::x : 0x7fdd0330a010
84_COPY::y : 0x7fdc90bfb010
12_SQRTX::x : 0x7fddc6472010
12_ERF::x : 0x7fddc08e4010
12_ERF::y : 0x7fddbad56010
12_SQRTX::x : 0x7fddc6472010
12_SQRTX::x : 0x7fddc6472010
12_ERF::x : 0x7fddc08e4010
12_ERF::y : 0x7fddbad56010
60_XPY::x : 0x7fdd9e392010
60_XPY::y : 0x7fdd819ce010
24_POW::a : 0x7fdd6fe8b010
24_POW::b : 0x7fdd6476f010
24_POW::y : 0x7fdd59053010
60_TGAMMA::x : 0x7fddc9239010
60_TGAMMA::y : 0x7fddc6472010
12_SQRTX::x : 0x7fddc6472010
120_TGAMMA::x : 0x7fddc08e4010
120_TGAMMA::y : 0x7fddbad56010
12_POW::a : 0x7fddc6472010
12_POW::b : 0x7fdd7be40010
12_POW::y : 0x7fdd75a19010
60_COPY::x : 0x7fdd59055010
60_COPY::y : 0x7fdd3c691010
108_SUM::x : 0x7fdd8755c010
12_SQRTX::x : 0x7fddc6472010
48_ERF::x : 0x7fdd2585a010
48_ERF::y : 0x7fdd0ea23010
24_ERF::x : 0x7fddc08e4010
24_ERF::y : 0x7fdd7be40010
12_POW::a : 0x7fddbad56010
12_POW::b : 0x7fddb51c8010
12_POW::y : 0x7fddaf63a010
36_POW::a : 0x7fdd9e391010
36_POW::b : 0x7fdd8d0e8010
36_POW::y : 0x7fdd6a2fe010
108_SUM::x : 0x7fdcdb229010
48_XPY::x : 0x7fdd534c7010
48_XPY::y : 0x7fdd3c690010
24_POW::a : 0x7fddc08e4010
24_POW::b : 0x7fddb51c8010
24_POW::y : 0x7fdd819cc010
60_XPY::x : 0x7fdd1fccc010
60_XPY::y : 0x7fdd03308010
  итерация 0: 1189917 ms
60_TGAMMA::x : 0x7fddc9239010
60_TGAMMA::y : 0x7fdd8d0ea010
60_COPY::x : 0x7fdd8feb1010
60_COPY::y : 0x7fdcf2061010
60_XPY::x : 0x7fddac875010
60_XPY::y : 0x7fdd36b04010
84_DOT::x : 0x7fdd534c8010
84_DOT::y : 0x7fdd0ea25010
12_SQRTX::x : 0x7fdd8a323010
84_DOT::x : 0x7fdcc9f82010
84_DOT::y : 0x7fdca1ea3010
12_TGAMMA::x : 0x7fddd4000da0
12_TGAMMA::y : 0x7fddd49289b0
48_ERF::x : 0x7fdd95a3e010
48_ERF::y : 0x7fdd7ec07010
48_ERF::x : 0x7fddb51c9010
48_ERF::y : 0x7fdd3c691010
48_ERF::x : 0x7fdd64770010
48_ERF::y : 0x7fdd2585a010
48_ERF::x : 0x7fdd0ea23010
48_ERF::y : 0x7fdcf7bec010
108_SUM::x : 0x7fdd819cf010
24_POW::a : 0x7fddc08e4010
24_POW::b : 0x7fdd59054010
24_POW::y : 0x7fdd4d938010
24_ERF::x : 0x7fdd6fe8b010
24_ERF::y : 0x7fdd4221c010
108_SUM::x : 0x7fdcc43f2010
48_SQRTX::x : 0x7fdda9aad010
132_SUM::x : 0x7fdd0ea23010
84_SUM::x : 0x7fdd819ce010
108_SUM::x : 0x7fdcdb229010
36_DOT::x : 0x7fddbad57010
36_DOT::y : 0x7fdda9aae010
12_ERF::x : 0x7fdda3f20010
12_ERF::y : 0x7fdd9e392010
60_TGAMMA::x : 0x7fdd9b5cb010
60_TGAMMA::y : 0x7fdd98804010
108_SUM::x : 0x7fdd47dad010
60_XPY::x : 0x7fddaf63c010
60_XPY::y : 0x7fdd7be40010
120_TGAMMA::x : 0x7fdda9aae010
120_TGAMMA::y : 0x7fdda3f20010
12_ERF::x : 0x7fdd9e392010
12_ERF::y : 0x7fdd98804010
84_SUM::x : 0x7fdd1fcce010
48_XPY::x : 0x7fdd64770010
48_XPY::y : 0x7fdd4d939010
60_COPY::x : 0x7fddaf63c010
60_COPY::y : 0x7fdd8755c010
120_TGAMMA::x : 0x7fdd819ce010
120_TGAMMA::y : 0x7fdd7be40010
12_ERF::x : 0x7fdd75a19010
12_ERF::y : 0x7fdd6fe8b010
132_SUM::x : 0x7fdd30f76010
12_ERF::x : 0x7fdda9aae010
12_ERF::y : 0x7fdda3f20010
84_SUM::x : 0x7fdd08e97010
36_DOT::x : 0x7fdd6a2fe010
36_DOT::y : 0x7fdd59055010
132_SUM::x : 0x7fdd8d0eb010
48_SQRTX::x : 0x7fdd4221e010
12_TGAMMA::x : 0x7fddcc000be0
12_TGAMMA::y : 0x7fddcc9287f0
84_SUM::x : 0x7fdd1a13f010
24_ERF::x : 0x7fdd819cf010
24_ERF::y : 0x7fdd6fe8b010
84_SUM::x : 0x7fdcf2060010
12_POW::a : 0x7fdd8755d010
12_POW::b : 0x7fdd819cf010
12_POW::y : 0x7fdd7be41010
12_SQRTX::x : 0x7fdd75a19010
84_COPY::x : 0x7fdda3f21010
84_COPY::y : 0x7fdd4d93a010
12_ERF::x : 0x7fdd9e393010
12_ERF::y : 0x7fdd98805010
60_TGAMMA::x : 0x7fdd95a3e010
60_TGAMMA::y : 0x7fdd92c77010
24_ERF::x : 0x7fdd98805010
24_ERF::y : 0x7fdd8755b010
12_TGAMMA::x : 0x7fddcc000be0
12_TGAMMA::y : 0x7fddcc9287f0
48_ERF::x : 0x7fdd36b03010
48_ERF::y : 0x7fdd1fccc010
24_ERF::x : 0x7fdd7be3f010
24_ERF::y : 0x7fdd145b0010
36_DOT::x : 0x7fdd92c78010
36_DOT::y : 0x7fdd03307010
132_SUM::x : 0x7fdcc43f2010
84_DOT::x : 0x7fdd7be42010
84_DOT::y : 0x7fdc9c313010
12_POW::a : 0x7fdd75a19010
12_POW::b : 0x7fdd47dac010
12_POW::y : 0x7fdd4221e010
12_SQRTX::x : 0x7fddc6472010
60_TGAMMA::x : 0x7fddc9239010
60_TGAMMA::y : 0x7fddc6472010
48_XPY::x : 0x7fddaf63b010
48_XPY::y : 0x7fdd64770010
12_POW::a : 0x7fddc6472010
12_POW::b : 0x7fdda9aad010
12_POW::y : 0x7fdd0ea24010
84_COPY::x : 0x7fdd3c691010
84_COPY::y : 0x7fdd145b2010
24_ERF::x : 0x7fdd9e391010
24_ERF::y : 0x7fdd92c75010
84_COPY::x : 0x7fdcec4d3010
84_COPY::y : 0x7fdcc43f4010
108_SUM::x : 0x7fdc90bfa010
84_DOT::x : 0x7fdda3f21010
84_DOT::y : 0x7fdd7be42010
120_TGAMMA::x : 0x7fdd75a19010
120_TGAMMA::y : 0x7fdd6fe8b010
120_TGAMMA::x : 0x7fdd6a2fd010
120_TGAMMA::y : 0x7fdd6476f010
84_SUM::x : 0x7fdd3c690010
12_SQRTX::x : 0x7fddc6472010
12_TGAMMA::x : 0x7fddd00017d0
12_TGAMMA::y : 0x7fddd09293e0
12_ERF::x : 0x7fddc6472010
12_ERF::y : 0x7fddc08e4010
120_TGAMMA::x : 0x7fddbad56010
120_TGAMMA::y : 0x7fddb51c8010
12_TGAMMA::x : 0x7fddd00017d0
12_TGAMMA::y : 0x7fddd09293e0
12_TGAMMA::x : 0x7fddcc000be0
12_TGAMMA::y : 0x7fddcc9287f0
36_DOT::x : 0x7fdda3f1f010
36_DOT::y : 0x7fdd92c76010
12_SQRTX::x : 0x7fddc6472010
12_POW::a : 0x7fddc6472010
12_POW::b : 0x7fddc08e4010
12_POW::y : 0x7fdd8d0e8010
24_ERF::x : 0x7fdda9aac010
24_ERF::y : 0x7fdd9e390010
24_POW::a : 0x7fdd819cc010
24_POW::b : 0x7fdd6fe8b010
24_POW::y : 0x7fdd6476f010
108_SUM::x : 0x7fdd30f75010
12_SQRTX::x : 0x7fddc6472010
12_ERF::x : 0x7fddc08e4010
12_ERF::y : 0x7fddbad56010
84_SUM::x : 0x7fdd92c77010
132_SUM::x : 0x7fdcf2060010
12_SQRTX::x : 0x7fddc6472010
60_XPY::x : 0x7fdcd569c010
60_XPY::y : 0x7fdcb8cd8010
84_COPY::x : 0x7fdd534c8010
84_COPY::y : 0x7fdc90bf9010
12_ERF::x : 0x7fddc6472010
12_ERF::y : 0x7fddc08e4010
60_TGAMMA::x : 0x7fddc9239010
60_TGAMMA::y : 0x7fddc6472010
120_TGAMMA::x : 0x7fddc08e4010
120_TGAMMA::y : 0x7fddbad56010
60_XPY::x : 0x7fdd9e392010
60_XPY::y : 0x7fdd819ce010
108_SUM::x : 0x7fdd1fcce010
24_POW::a : 0x7fdd6fe8b010
24_POW::b : 0x7fdd6476f010
24_POW::y : 0x7fdd59053010
48_XPY::x : 0x7fdd4221c010
48_XPY::y : 0x7fdd2b3e5010
60_COPY::x : 0x7fdd0ea21010
60_COPY::y : 0x7fdcf205d010
48_ERF::x : 0x7fdd64770010
48_ERF::y : 0x7fdcdb226010
84_COPY::x : 0x7fdda3f21010
84_COPY::y : 0x7fdd7be42010
36_POW::a : 0x7fdd534c7010
36_POW::b : 0x7fdd4221e010
36_POW::y : 0x7fdd30f75010
24_POW::a : 0x7fdd25859010
24_POW::b : 0x7fdd1a13d010
24_POW::y : 0x7fdd0ea21010
24_POW::a : 0x7fdd6fe8b010
24_POW::b : 0x7fdd03305010
24_POW::y : 0x7fdcf7be9010
12_SQRTX::x : 0x7fdd6a2fd010
108_SUM::x : 0x7fdd98806010
  итерация 1: 1184432 ms
60_TGAMMA::x : 0x7fddc9239010
60_TGAMMA::y : 0x7fdda9aae010
60_COPY::x : 0x7fddac875010
60_COPY::y : 0x7fdd0330a010
108_SUM::x : 0x7fdd1fcce010
84_DOT::x : 0x7fdd819cf010
84_DOT::y : 0x7fdd534c8010
12_TGAMMA::x : 0x7fddd4000da0
12_TGAMMA::y : 0x7fddd49289b0
12_ERF::x : 0x7fdd7be41010
12_ERF::y : 0x7fdcfd77c010
12_SQRTX::x : 0x7fddc6472010
84_SUM::x : 0x7fdd2b3e9010
84_COPY::x : 0x7fdd0330a010
84_COPY::y : 0x7fdcdb22b010
12_ERF::x : 0x7fddc6472010
12_ERF::y : 0x7fddc08e4010
24_ERF::x : 0x7fddc08e4010
24_ERF::y : 0x7fddb51c8010
132_SUM::x : 0x7fdc9c316010
48_ERF::x : 0x7fdd9e391010
48_ERF::y : 0x7fdd8755a010
60_XPY::x : 0x7fdd5ebe3010
60_XPY::y : 0x7fdd4221f010
108_SUM::x : 0x7fdca7a31010
108_SUM::x : 0x7fdd98806010
60_XPY::x : 0x7fdd7be42010
60_XPY::y : 0x7fdd2585b010
84_DOT::x : 0x7fdd534c8010
84_DOT::y : 0x7fdcfd77c010
24_POW::a : 0x7fdd47dac010
24_POW::b : 0x7fdcf2060010
24_POW::y : 0x7fdce6944010
48_SQRTX::x : 0x7fddb51c9010
48_ERF::x : 0x7fdd9e392010
48_ERF::y : 0x7fdd8755b010
24_ERF::x : 0x7fdd7be3f010
24_ERF::y : 0x7fdd47dac010
48_ERF::x : 0x7fddb51c9010
48_ERF::y : 0x7fdd30f75010
12_SQRTX::x : 0x7fdd75a19010
120_TGAMMA::x : 0x7fdd819cd010
120_TGAMMA::y : 0x7fdd7be3f010
36_DOT::x : 0x7fdd6a2fe010
36_DOT::y : 0x7fdd59055010
60_TGAMMA::x : 0x7fddb2402010
60_TGAMMA::y : 0x7fddaf63b010
36_DOT::x : 0x7fdd9e392010
36_DOT::y : 0x7fdd8d0e9010
12_ERF::x : 0x7fddc6472010
12_ERF::y : 0x7fddc08e4010
108_SUM::x : 0x7fdd47dad010
84_COPY::x : 0x7fdd8755c010
84_COPY::y : 0x7fdd1fcce010
36_DOT::x : 0x7fddbad57010
36_DOT::y : 0x7fdd0ea25010
108_SUM::x : 0x7fdcdb22b010
120_TGAMMA::x : 0x7fddc6472010
120_TGAMMA::y : 0x7fddc08e4010
84_DOT::x : 0x7fdcb314c010
84_DOT::y : 0x7fdc8b06d010
48_ERF::x : 0x7fdd64770010
48_ERF::y : 0x7fdd4d939010
12_ERF::x : 0x7fddbad56010
12_ERF::y : 0x7fddb51c8010
84_SUM::x : 0x7fdd8d0e9010
12_TGAMMA::x : 0x7fddcc000be0
12_TGAMMA::y : 0x7fddcc9287f0
24_ERF::x : 0x7fddc08e4010
24_ERF::y : 0x7fddb51c8010
48_XPY::x : 0x7fdd36b02010
48_XPY::y : 0x7fdd1fccb010
12_ERF::x : 0x7fdd8755b010
12_ERF::y : 0x7fdd819cd010
12_POW::a : 0x7fddaf63a010
12_POW::b : 0x7fdda9aac010
12_POW::y : 0x7fdda3f1e010
12_SQRTX::x : 0x7fdd9e390010
48_ERF::x : 0x7fddb51c9010
48_ERF::y : 0x7fdd87559010
60_COPY::x : 0x7fdd5ebe3010
60_COPY::y : 0x7fdd03307010
12_SQRTX::x : 0x7fddaf63b010
12_POW::a : 0x7fddaf63b010
12_POW::b : 0x7fdda9aad010
12_POW::y : 0x7fdda3f1f010
120_TGAMMA::x : 0x7fdd9e391010
120_TGAMMA::y : 0x7fdd819cb010
132_SUM::x : 0x7fdd1fcce010
48_XPY::x : 0x7fddb51c9010
48_XPY::y : 0x7fdd8755a010
48_SQRTX::x : 0x7fdd64770010
60_TGAMMA::x : 0x7fddb2402010
60_TGAMMA::y : 0x7fddaf63b010
12_TGAMMA::x : 0x7fddcc000be0
12_TGAMMA::y : 0x7fddcc9287f0
60_TGAMMA::x : 0x7fddac874010
60_TGAMMA::y : 0x7fdda9aad010
24_ERF::x : 0x7fddc08e4010
24_ERF::y : 0x7fdd9e391010
84_COPY::x : 0x7fdd534c8010
84_COPY::y : 0x7fdd2b3e9010
132_SUM::x : 0x7fdcec4d4010
24_ERF::x : 0x7fddb51c8010
24_ERF::y : 0x7fdd92c75010
120_TGAMMA::x : 0x7fddc6472010
120_TGAMMA::y : 0x7fddc08e4010
84_COPY::x : 0x7fdd98805010
84_COPY::y : 0x7fdcc43f5010
108_SUM::x : 0x7fdcf7bef010
12_SQRTX::x : 0x7fdd92c77010
12_TGAMMA::x : 0x7fddd00017d0
12_TGAMMA::y : 0x7fddd09293e0
84_SUM::x : 0x7fdd534c8010
48_ERF::x : 0x7fdd819ce010
48_ERF::y : 0x7fdd3c691010
84_SUM::x : 0x7fdd145b2010
84_DOT::x : 0x7fdd534c8010
84_DOT::y : 0x7fdc9c316010
132_SUM::x : 0x7fdcfd77c010
60_XPY::x : 0x7fddaf63c010
60_XPY::y : 0x7fdce0db8010
60_TGAMMA::x : 0x7fddac875010
60_TGAMMA::y : 0x7fdda9aae010
120_TGAMMA::x : 0x7fdda3f20010
120_TGAMMA::y : 0x7fdd9e392010
12_TGAMMA::x : 0x7fddd4000da0
12_TGAMMA::y : 0x7fddd49289b0
84_SUM::x : 0x7fdd2b3e9010
84_SUM::x : 0x7fdd534c8010
84_COPY::x : 0x7fdd0330a010
84_COPY::y : 0x7fdcdb22b010
12_POW::a : 0x7fddc6472010
12_POW::b : 0x7fddc08e4010
12_POW::y : 0x7fddbad56010
12_ERF::x : 0x7fddb51c8010
12_ERF::y : 0x7fddaf63a010
12_SQRTX::x : 0x7fddc6472010
12_ERF::x : 0x7fddc08e4010
12_ERF::y : 0x7fddbad56010
24_ERF::x : 0x7fddaf63a010
24_ERF::y : 0x7fdda3f1e010
24_POW::a : 0x7fdd98802010
24_POW::b : 0x7fdd8d0e6010
24_POW::y : 0x7fdd819ca010
60_XPY::x : 0x7fdd5ebe3010
60_XPY::y : 0x7fdd4221f010
12_ERF::x : 0x7fddc6472010
12_ERF::y : 0x7fddc08e4010
120_TGAMMA::x : 0x7fddc6472010
120_TGAMMA::y : 0x7fddc08e4010
12_POW::a : 0x7fddbad56010
12_POW::b : 0x7fddb51c8010
12_POW::y : 0x7fddaf63a010
12_SQRTX::x : 0x7fdda9aac010
36_DOT::x : 0x7fdd9e391010
36_DOT::y : 0x7fdd8d0e8010
24_POW::a : 0x7fddb51c8010
24_POW::b : 0x7fdd819cc010
24_POW::y : 0x7fdd36b03010
36_POW::a : 0x7fdd6a2fe010
36_POW::b : 0x7fdd59055010
36_POW::y : 0x7fdd47dac010
132_SUM::x : 0x7fdcf7bee010
108_SUM::x : 0x7fdcc43f4010
12_SQRTX::x : 0x7fddc6472010
60_COPY::x : 0x7fddaf63c010
60_COPY::y : 0x7fdd92c78010
84_SUM::x : 0x7fdd1fccd010
12_TGAMMA::x : 0x7fddd00017d0
12_TGAMMA::y : 0x7fddd09293e0
24_POW::a : 0x7fdd8755c010
24_POW::b : 0x7fdd7be40010
24_POW::y : 0x7fdd6fe8b010
48_XPY::x : 0x7fdd59054010
48_XPY::y : 0x7fdd08e96010
108_SUM::x : 0x7fdd2585a010
24_POW::a : 0x7fddc08e4010
24_POW::b : 0x7fddb51c8010
24_POW::y : 0x7fdda9aac010
  итерация 2: 1183820 ms
60_TGAMMA::x : 0x7fddc9239010
60_TGAMMA::y : 0x7fdd9e393010
12_SQRTX::x : 0x7fdd98805010
84_SUM::x : 0x7fdd534c8010
84_DOT::x : 0x7fdda115a010
84_DOT::y : 0x7fdd2b3e9010
48_ERF::x : 0x7fdd8755c010
48_ERF::y : 0x7fdd145b2010
48_ERF::x : 0x7fdd64770010
48_ERF::y : 0x7fdcfd77b010
84_DOT::x : 0x7fdcd569c010
84_DOT::y : 0x7fdcad5bd010
60_XPY::x : 0x7fddaf63c010
60_XPY::y : 0x7fdd47dac010
108_SUM::x : 0x7fdd7be42010
108_SUM::x : 0x7fdd145b2010
60_COPY::x : 0x7fdcf7bee010
60_COPY::y : 0x7fdcdb22a010
48_ERF::x : 0x7fdd98805010
48_ERF::y : 0x7fdd819ce010
24_POW::a : 0x7fddc08e4010
24_POW::b : 0x7fddb51c8010
24_POW::y : 0x7fdd6fe8b010
48_ERF::x : 0x7fdd59054010
48_ERF::y : 0x7fdd4221d010
60_XPY::x : 0x7fdd25859010
60_XPY::y : 0x7fdd08e95010
12_ERF::x : 0x7fddc6472010
12_ERF::y : 0x7fddc08e4010
108_SUM::x : 0x7fdd8d0ea010
12_TGAMMA::x : 0x7fddd00017d0
12_TGAMMA::y : 0x7fddd09293e0
60_COPY::x : 0x7fdcec4d1010
60_COPY::y : 0x7fdccfb0d010
60_TGAMMA::x : 0x7fddc9239010
60_TGAMMA::y : 0x7fddc6472010
132_SUM::x : 0x7fdd3c692010
36_DOT::x : 0x7fddb51c9010
36_DOT::y : 0x7fdda3f20010
84_SUM::x : 0x7fdd7be41010
132_SUM::x : 0x7fdc90bf8010
12_ERF::x : 0x7fddc6472010
12_ERF::y : 0x7fddc08e4010
84_DOT::x : 0x7fdd98805010
84_DOT::y : 0x7fdd145b3010
120_TGAMMA::x : 0x7fdd92c77010
120_TGAMMA::y : 0x7fdd8d0e9010
48_SQRTX::x : 0x7fdd64770010
24_POW::a : 0x7fddc08e4010
24_POW::b : 0x7fdd819cd010
24_POW::y : 0x7fdd59054010
12_ERF::x : 0x7fdd7be3f010
12_ERF::y : 0x7fdd75a19010
48_XPY::x : 0x7fdda9aad010
48_XPY::y : 0x7fdd4221d010
48_SQRTX::x : 0x7fdd64770010
84_COPY::x : 0x7fdd1a13e010
84_COPY::y : 0x7fdcf205f010
84_COPY::x : 0x7fdd819ce010
84_COPY::y : 0x7fdcc9f80010
24_ERF::x : 0x7fddc08e4010
24_ERF::y : 0x7fddb51c8010
48_ERF::x : 0x7fdd64770010
48_ERF::y : 0x7fdd4d939010
24_ERF::x : 0x7fddc08e4010
24_ERF::y : 0x7fddb51c8010
12_TGAMMA::x : 0x7fddcc000be0
12_TGAMMA::y : 0x7fddcc9287f0
84_SUM::x : 0x7fdd2585a010
24_ERF::x : 0x7fddc08e4010
24_ERF::y : 0x7fddb51c8010
108_SUM::x : 0x7fdcf2060010
132_SUM::x : 0x7fdcb314b010
48_XPY::x : 0x7fddb51c9010
48_XPY::y : 0x7fdd9e392010
120_TGAMMA::x : 0x7fdd98804010
120_TGAMMA::y : 0x7fdd92c76010
84_COPY::x : 0x7fdd534c8010
84_COPY::y : 0x7fdd2b3e9010
12_TGAMMA::x : 0x185f7a0
12_TGAMMA::y : 0x21873b0
120_TGAMMA::x : 0x7fdd8d0e8010
120_TGAMMA::y : 0x7fdd8755a010
108_SUM::x : 0x7fdcf7bef010
24_ERF::x : 0x7fddc08e4010
24_ERF::y : 0x7fddb51c8010
12_ERF::x : 0x7fddaf63a010
12_ERF::y : 0x7fdda9aac010
84_SUM::x : 0x7fdd534c8010
12_SQRTX::x : 0x7fddaf63a010
108_SUM::x : 0x7fdd1fcce010
60_TGAMMA::x : 0x7fddc9239010
60_TGAMMA::y : 0x7fddc6472010
60_TGAMMA::x : 0x7fddc36ab010
60_TGAMMA::y : 0x7fddc08e4010
24_ERF::x : 0x7fddb51c8010
24_ERF::y : 0x7fdda9aac010
36_DOT::x : 0x7fdd98803010
36_DOT::y : 0x7fdd8755a010
12_ERF::x : 0x7fddc6472010
12_ERF::y : 0x7fdd819cc010
36_DOT::x : 0x7fddaf63b010
36_DOT::y : 0x7fdd6a2fe010
12_POW::a : 0x7fddc08e4010
12_POW::b : 0x7fdda9aad010
12_POW::y : 0x7fdd7be3e010
132_SUM::x : 0x7fdd2b3e9010
12_ERF::x : 0x7fddc6472010
12_ERF::y : 0x7fdda3f1f010
24_ERF::x : 0x7fdd98803010
24_ERF::y : 0x7fdd8d0e7010
84_COPY::x : 0x7fdd0330a010
84_COPY::y : 0x7fdcdb22b010
12_SQRTX::x : 0x7fddc6472010
12_SQRTX::x : 0x7fddc6472010
12_ERF::x : 0x7fddc6472010
12_ERF::y : 0x7fddc08e4010
12_POW::a : 0x7fddbad56010
12_POW::b : 0x7fddb51c8010
12_POW::y : 0x7fddaf63a010
12_POW::a : 0x7fddc6472010
12_POW::b : 0x7fddc08e4010
12_POW::y : 0x7fdd819cd010
84_DOT::x : 0x7fdd8755b010
84_DOT::y : 0x7fdcb314c010
12_SQRTX::x : 0x7fddbad56010
120_TGAMMA::x : 0x7fddbad56010
120_TGAMMA::y : 0x7fddb51c8010
132_SUM::x : 0x7fdd3c692010
24_POW::a : 0x7fddc08e4010
24_POW::b : 0x7fdd7be3f010
24_POW::y : 0x7fdd30f76010
120_TGAMMA::x : 0x7fddaf63a010
120_TGAMMA::y : 0x7fdda9aac010
120_TGAMMA::x : 0x7fdda3f1e010
120_TGAMMA::y : 0x7fdd9e390010
84_SUM::x : 0x7fdd534c8010
108_SUM::x : 0x7fdd1fcce010
24_POW::a : 0x7fddc08e4010
24_POW::b : 0x7fddb51c8010
24_POW::y : 0x7fdd92c74010
48_XPY::x : 0x7fdd64770010
48_XPY::y : 0x7fdd4d939010
12_SQRTX::x : 0x7fddaf63a010
12_TGAMMA::x : 0x7fddcc000be0
12_TGAMMA::y : 0x7fddcc9287f0
84_SUM::x : 0x7fdd2585a010
12_TGAMMA::x : 0x7fddcc000be0
12_TGAMMA::y : 0x7fddcc9287f0
48_ERF::x : 0x7fdd9e391010
48_ERF::y : 0x7fdd0ea23010
24_POW::a : 0x7fddc08e4010
24_POW::b : 0x7fddb51c8010
24_POW::y : 0x7fdd92c75010
36_DOT::x : 0x7fdd819cc010
36_DOT::y : 0x7fdd6a2fe010
12_ERF::x : 0x7fdd7be3e010
12_ERF::y : 0x7fdd64770010
60_COPY::x : 0x7fdd4d93a010
60_COPY::y : 0x7fdd30f76010
60_TGAMMA::x : 0x7fdd8feae010
60_TGAMMA::y : 0x7fdd8d0e7010
12_SQRTX::x : 0x7fddc6472010
84_COPY::x : 0x7fdd9e393010
84_COPY::y : 0x7fdd08e97010
12_POW::a : 0x7fddc6472010
12_POW::b : 0x7fdd98805010
12_POW::y : 0x7fdd92c77010
60_XPY::x : 0x7fdcec4d3010
60_XPY::y : 0x7fdccfb0f010
12_TGAMMA::x : 0x7fddd00017d0
12_TGAMMA::y : 0x7fddd09293e0
12_SQRTX::x : 0x7fddc6472010
36_POW::a : 0x7fdd8d0ea010
36_POW::b : 0x7fdd7be41010
36_POW::y : 0x7fdd6a2fe010
108_SUM::x : 0x7fdd36b04010
84_SUM::x : 0x7fdce0db8010
60_XPY::x : 0x7fdd4d93a010
60_XPY::y : 0x7fdd30f76010
  итерация 3: 1194917 ms
60_TGAMMA::x : 0x7fddc9239010
60_TGAMMA::y : 0x7fdd9e393010
120_TGAMMA::x : 0x7fdd98805010
120_TGAMMA::y : 0x7fdd92c77010
84_SUM::x : 0x7fdda115a010
84_DOT::x : 0x7fdd534c8010
84_DOT::y : 0x7fdd2b3e9010
12_ERF::x : 0x7fddc36ab010
12_ERF::y : 0x7fddbdb1d010
12_POW::a : 0x7fddb7f8f010
12_POW::b : 0x7fddb2401010
12_POW::y : 0x7fddac873010
60_COPY::x : 0x7fdd0ea25010
60_COPY::y : 0x7fdcf2061010
12_TGAMMA::x : 0x185f7a0
12_TGAMMA::y : 0x21873b0
12_SQRTX::x : 0x7fddc6472010
108_SUM::x : 0x7fdd47dad010
48_SQRTX::x : 0x7fddaf63b010
60_XPY::x : 0x7fdd92c77010
60_XPY::y : 0x7fdd2b3e9010
48_ERF::x : 0x7fdd7be40010
48_ERF::y : 0x7fdd64770010
60_TGAMMA::x : 0x7fddc9239010
60_TGAMMA::y : 0x7fddc6472010
84_DOT::x : 0x7fdd0330a010
84_DOT::y : 0x7fdcdb22b010
84_DOT::x : 0x7fdd9e393010
84_DOT::y : 0x7fdd3c691010
48_ERF::x : 0x7fdcc43f4010
48_ERF::y : 0x7fdcad5bd010
108_SUM::x : 0x7fdc79dc3010
48_ERF::x : 0x7fdd8755c010
48_ERF::y : 0x7fdd64770010
84_SUM::x : 0x7fdda3f21010
60_XPY::x : 0x7fdd47dac010
60_XPY::y : 0x7fdd2b3e8010
48_ERF::x : 0x7fdd145b1010
48_ERF::y : 0x7fdcfd77a010
12_TGAMMA::x : 0x185f7a0
12_TGAMMA::y : 0x21873b0
12_ERF::x : 0x7fddc6472010
12_ERF::y : 0x7fddc08e4010
12_ERF::x : 0x7fddbad56010
12_ERF::y : 0x7fddb51c8010
120_TGAMMA::x : 0x7fddc6472010
120_TGAMMA::y : 0x7fddc08e4010
24_POW::a : 0x7fddb51c8010
24_POW::b : 0x7fdda9aac010
24_POW::y : 0x7fdd9e390010
24_ERF::x : 0x7fdd92c74010
24_ERF::y : 0x7fdd87558010
12_TGAMMA::x : 0x7fddd4000da0
12_TGAMMA::y : 0x7fddd49289b0
84_DOT::x : 0x7fdd534c8010
84_DOT::y : 0x7fdd2b3e9010
36_DOT::x : 0x7fdd8d0e7010
36_DOT::y : 0x7fdd7be3e010
60_COPY::x : 0x7fdda3f20010
60_COPY::y : 0x7fdd0ea25010
120_TGAMMA::x : 0x7fdd9e392010
120_TGAMMA::y : 0x7fdd98804010
132_SUM::x : 0x7fdccfb10010
48_SQRTX::x : 0x7fdd819cd010
24_ERF::x : 0x7fddc08e4010
24_ERF::y : 0x7fdd6fe8b010
24_ERF::x : 0x7fdd98804010
24_ERF::y : 0x7fdd6476f010
24_ERF::x : 0x7fddb51c8010
24_ERF::y : 0x7fdda9aac010
12_TGAMMA::x : 0x185f7a0
12_TGAMMA::y : 0x21873b0
24_ERF::x : 0x7fddc08e4010
24_ERF::y : 0x7fdd6fe8b010
12_POW::a : 0x7fdd92c76010
12_POW::b : 0x7fdd8d0e8010
12_POW::y : 0x7fdd8755a010
108_SUM::x : 0x7fdd3c691010
36_DOT::x : 0x7fddaf63b010
36_DOT::y : 0x7fdd9e392010
12_SQRTX::x : 0x7fddc6472010
12_ERF::x : 0x7fddc08e4010
12_ERF::y : 0x7fdd98804010
84_SUM::x : 0x7fdd145b2010
24_POW::a : 0x7fddb51c8010
24_POW::b : 0x7fdda9aac010
24_POW::y : 0x7fdd8d0e8010
60_TGAMMA::x : 0x7fddc9239010
60_TGAMMA::y : 0x7fddc6472010
12_POW::a : 0x7fddc08e4010
12_POW::b : 0x7fdda3f1e010
12_POW::y : 0x7fdd9e390010
48_ERF::x : 0x7fdd64770010
48_ERF::y : 0x7fdd4d939010
108_SUM::x : 0x7fdd1a13f010
108_SUM::x : 0x7fdce6945010
120_TGAMMA::x : 0x7fddc6472010
120_TGAMMA::y : 0x7fddc08e4010
84_COPY::x : 0x7fdd98805010
84_COPY::y : 0x7fdd2585a010
108_SUM::x : 0x7fdcf2060010
12_POW::a : 0x7fdd92c77010
12_POW::b : 0x7fdd8d0e9010
12_POW::y : 0x7fdd8755b010
60_TGAMMA::x : 0x7fddc9239010
60_TGAMMA::y : 0x7fddc6472010
84_COPY::x : 0x7fdd534c8010
84_COPY::y : 0x7fdcc9f81010
12_SQRTX::x : 0x7fddc08e4010
48_XPY::x : 0x7fdda9aad010
48_XPY::y : 0x7fdd92c76010
12_SQRTX::x : 0x7fddc6472010
132_SUM::x : 0x7fdd145b3010
60_TGAMMA::x : 0x7fddc9239010
60_TGAMMA::y : 0x7fddc6472010
48_XPY::x : 0x7fddaf63b010
48_XPY::y : 0x7fdd98804010
12_ERF::x : 0x7fddc6472010
12_ERF::y : 0x7fdd92c76010
12_ERF::x : 0x7fddc6472010
12_ERF::y : 0x7fdd92c76010
120_TGAMMA::x : 0x7fdd8d0e8010
120_TGAMMA::y : 0x7fdd8755a010
36_DOT::x : 0x7fdd6a2fe010
36_DOT::y : 0x7fdd59055010
132_SUM::x : 0x7fdd1a140010
36_POW::a : 0x7fddbad57010
36_POW::b : 0x7fdda9aae010
36_POW::y : 0x7fdd98805010
84_SUM::x : 0x7fdcf2061010
24_POW::a : 0x7fdd7be3e010
24_POW::b : 0x7fdd6fe8b010
24_POW::y : 0x7fdd6476f010
12_TGAMMA::x : 0x7fddd00017d0
12_TGAMMA::y : 0x7fddd09293e0
12_TGAMMA::x : 0x7fddd00017d0
12_TGAMMA::y : 0x7fddd09293e0
108_SUM::x : 0x7fdd30f75010
84_COPY::x : 0x7fdd08e96010
84_COPY::y : 0x7fdce0db7010
60_COPY::x : 0x7fddaf63c010
60_COPY::y : 0x7fdd92c78010
60_XPY::x : 0x7fdcc43f3010
60_XPY::y : 0x7fdca7a2f010
132_SUM::x : 0x7fdd3c692010
48_XPY::x : 0x7fdd7be41010
48_XPY::y : 0x7fdd2585b010
12_SQRTX::x : 0x7fdd75a19010
132_SUM::x : 0x7fdce6946010
36_DOT::x : 0x7fddbad57010
36_DOT::y : 0x7fdda9aae010
84_SUM::x : 0x7fdd534c8010
84_COPY::x : 0x7fdda3f21010
84_COPY::y : 0x7fdcbe867010
120_TGAMMA::x : 0x7fdd9e393010
120_TGAMMA::y : 0x7fdd98805010
108_SUM::x : 0x7fdd47dad010
24_POW::a : 0x7fdd8d0e9010
24_POW::b : 0x7fdd819cd010
24_POW::y : 0x7fdd3c691010
12_ERF::x : 0x7fdd7be3f010
12_ERF::y : 0x7fdd75a19010
24_POW::a : 0x7fdd6fe8b010
24_POW::b : 0x7fdd6476f010
24_POW::y : 0x7fdd59053010
12_SQRTX::x : 0x7fdd9e393010
24_ERF::x : 0x7fdd92c77010
24_ERF::y : 0x7fdd8755b010
84_SUM::x : 0x7fdd30f74010
84_SUM::x : 0x7fdda3f21010
12_ERF::x : 0x7fdd9e393010
12_ERF::y : 0x7fdd98805010
84_COPY::x : 0x7fdd08e95010
84_COPY::y : 0x7fdce0db6010
12_SQRTX::x : 0x7fdd92c77010
48_ERF::x : 0x7fdd7be40010
48_ERF::y : 0x7fdd64770010
60_XPY::x : 0x7fddaf63c010
60_XPY::y : 0x7fdd47dac010
12_SQRTX::x : 0x7fdda9aae010
  итерация 4: 1188990 ms
  среднее по 5 итерациям: 1188415 ms
=== Выполняется проект: no_po_2.txt (100 работ) ===
24_ERF::x : 0x7fdd9e392010
24_ERF::y : 0x7fdd30f76010
12_POW::a : 0x7fddc6472010
12_POW::b : 0x7fdd7be40010
12_POW::y : 0x7fdd2b3e8010
132_SUM::x : 0x7fdd3c692010
60_COPY::x : 0x7fdda9aae010
60_COPY::y : 0x7fdd819ce010
84_DOT::x : 0x7fdd08e97010
84_DOT::y : 0x7fdce0db8010
12_POW::a : 0x7fddc6472010
12_POW::b : 0x7fdda3f20010
12_POW::y : 0x7fdd9e392010
12_ERF::x : 0x7fdd7be40010
12_ERF::y : 0x7fdd75a19010
48_ERF::x : 0x7fdd64770010
48_ERF::y : 0x7fdd4d939010
48_ERF::x : 0x7fdd36b02010
48_ERF::y : 0x7fdcc9f81010
120_TGAMMA::x : 0x7fddc6472010
120_TGAMMA::y : 0x7fddc08e4010
12_SQRTX::x : 0x7fddbad56010
132_SUM::x : 0x7fdd819cf010
12_ERF::x : 0x7fdd7be41010
12_ERF::y : 0x7fdd75a19010
132_SUM::x : 0x7fdd36b04010
60_XPY::x : 0x7fdd1a140010
60_XPY::y : 0x7fdcfd77c010
84_DOT::x : 0x7fdcd569d010
84_DOT::y : 0x7fdcad5be010
132_SUM::x : 0x7fdd8d0eb010
12_POW::a : 0x7fdd8755d010
12_POW::b : 0x7fdd819cf010
12_POW::y : 0x7fdd7be41010
108_SUM::x : 0x7fdd47dad010
12_SQRTX::x : 0x7fdd4221f010
36_DOT::x : 0x7fdd7be42010
36_DOT::y : 0x7fdd30f76010
60_COPY::x : 0x7fdd145b2010
60_COPY::y : 0x7fdcf7bee010
24_POW::a : 0x7fddc08e4010
24_POW::b : 0x7fddb51c8010
24_POW::y : 0x7fdda9aac010
132_SUM::x : 0x7fdcb8cd9010
48_ERF::x : 0x7fdd92c75010
48_ERF::y : 0x7fdd7be3e010
12_TGAMMA::x : 0x7fddcc000be0
12_TGAMMA::y : 0x7fddcc9287f0
84_COPY::x : 0x7fdd534c8010
84_COPY::y : 0x7fdc90bfa010
36_POW::a : 0x7fddbad57010
36_POW::b : 0x7fdda9aae010
36_POW::y : 0x7fdd4221f010
84_SUM::x : 0x7fdd1a140010
12_POW::a : 0x7fdda3f20010
12_POW::b : 0x7fdd9e392010
12_POW::y : 0x7fdd98804010
36_DOT::x : 0x7fdd98805010
36_DOT::y : 0x7fdd8755c010
60_TGAMMA::x : 0x7fdd84795010
60_TGAMMA::y : 0x7fdd819ce010
60_TGAMMA::x : 0x7fddc9239010
60_TGAMMA::y : 0x7fddc6472010
36_DOT::x : 0x7fddb51c9010
36_DOT::y : 0x7fdda3f20010
24_POW::a : 0x7fdd98804010
24_POW::b : 0x7fdd8d0e8010
24_POW::y : 0x7fdd819cc010
84_COPY::x : 0x7fdd534c8010
84_COPY::y : 0x7fdd2b3e9010
12_SQRTX::x : 0x7fddc08e4010
84_DOT::x : 0x7fdd0330a010
84_DOT::y : 0x7fdcdb22b010
24_ERF::x : 0x7fddc08e4010
24_ERF::y : 0x7fddb51c8010
12_POW::a : 0x7fddaf63a010
12_POW::b : 0x7fdda9aac010
12_POW::y : 0x7fdda3f1e010
36_DOT::x : 0x7fddbad57010
36_DOT::y : 0x7fdd92c75010
60_TGAMMA::x : 0x7fddb7f90010
60_TGAMMA::y : 0x7fddb51c9010
84_COPY::x : 0x7fdd0330a010
84_COPY::y : 0x7fdcdb22b010
12_POW::a : 0x7fddc6472010
12_POW::b : 0x7fddc08e4010
12_POW::y : 0x7fddaf63b010
60_TGAMMA::x : 0x7fddbdb1d010
60_TGAMMA::y : 0x7fddac874010
48_SQRTX::x : 0x7fdd95a3d010
48_XPY::x : 0x7fdd7ec06010
48_XPY::y : 0x7fdd64770010
12_POW::a : 0x7fddc6472010
12_POW::b : 0x7fddc08e4010
12_POW::y : 0x7fddbad56010
12_SQRTX::x : 0x7fddb51c8010
84_DOT::x : 0x7fdd3c691010
84_DOT::y : 0x7fdcb314c010
12_POW::a : 0x7fddc6472010
12_POW::b : 0x7fddc08e4010
12_POW::y : 0x7fddbad56010
120_TGAMMA::x : 0x7fdd819ce010
120_TGAMMA::y : 0x7fdd7be40010
108_SUM::x : 0x7fdd8755c010
24_POW::a : 0x7fddc08e4010
24_POW::b : 0x7fdd6fe8b010
24_POW::y : 0x7fdd30f75010
36_DOT::x : 0x7fddaf63b010
36_DOT::y : 0x7fdd9e392010
60_COPY::x : 0x7fdd534c7010
60_COPY::y : 0x7fdd145b1010
24_ERF::x : 0x7fddc08e4010
24_ERF::y : 0x7fdd92c76010
84_COPY::x : 0x7fdcec4d2010
84_COPY::y : 0x7fdcc43f3010
132_SUM::x : 0x7fdc854de010
84_COPY::x : 0x7fdda3f21010
84_COPY::y : 0x7fdd7be42010
24_ERF::x : 0x7fdd6fe8b010
24_ERF::y : 0x7fdd6476f010
120_TGAMMA::x : 0x7fdd5ebe1010
120_TGAMMA::y : 0x7fdd59053010
36_DOT::x : 0x7fdd6a2fe010
36_DOT::y : 0x7fdd47daa010
60_XPY::x : 0x7fdd2b3e6010
60_XPY::y : 0x7fdd0ea22010
84_DOT::x : 0x7fdce6943010
84_DOT::y : 0x7fdcbe864010
48_XPY::x : 0x7fddb51c9010
48_XPY::y : 0x7fdd9e392010
24_POW::a : 0x7fdd92c76010
24_POW::b : 0x7fdd8755a010
24_POW::y : 0x7fdd7be3e010
48_ERF::x : 0x7fdd64770010
48_ERF::y : 0x7fdd4d939010
84_SUM::x : 0x7fdd2585a010
108_SUM::x : 0x7fdcf2060010
48_SQRTX::x : 0x7fddb51c9010
48_XPY::x : 0x7fdd9e392010
48_XPY::y : 0x7fdd8755b010
84_DOT::x : 0x7fdd2585a010
84_DOT::y : 0x7fdcfd77b010
84_COPY::x : 0x7fdcd569c010
84_COPY::y : 0x7fdcad5bd010
84_SUM::x : 0x7fdd534c8010
48_SQRTX::x : 0x7fddb51c9010
36_POW::a : 0x7fdda3f20010
36_POW::b : 0x7fdd92c77010
36_POW::y : 0x7fdd819ce010
12_ERF::x : 0x7fdd7be40010
12_ERF::y : 0x7fdd75a19010
24_ERF::x : 0x7fddc08e4010
24_ERF::y : 0x7fdd6a2fd010
24_POW::a : 0x7fdd5ebe1010
24_POW::b : 0x7fdd534c5010
24_POW::y : 0x7fdd47da9010
36_POW::a : 0x7fdd36b00010
36_POW::b : 0x7fdd25857010
36_POW::y : 0x7fdd145ae010
84_SUM::x : 0x7fdcec4cf010
84_COPY::x : 0x7fdda3f21010
84_COPY::y : 0x7fdd7be42010
24_ERF::x : 0x7fdd6fe8b010
24_ERF::y : 0x7fdd6476f010
132_SUM::x : 0x7fdcd5699010
132_SUM::x : 0x7fdc96784010
48_ERF::x : 0x7fdd64770010
48_ERF::y : 0x7fdd4d939010
24_ERF::x : 0x7fdd4221d010
24_ERF::y : 0x7fdd36b01010
60_XPY::x : 0x7fddaf63c010
60_XPY::y : 0x7fdd92c78010
12_ERF::x : 0x7fdd8d0ea010
12_ERF::y : 0x7fdd8755c010
108_SUM::x : 0x7fdd03307010
12_ERF::x : 0x7fdd819ce010
12_ERF::y : 0x7fdd7be40010
12_ERF::x : 0x7fdd8d0ea010
12_ERF::y : 0x7fdd8755c010
120_TGAMMA::x : 0x7fdd819ce010
120_TGAMMA::y : 0x7fdd7be40010
12_ERF::x : 0x7fdd8d0ea010
12_ERF::y : 0x7fdd8755c010
132_SUM::x : 0x7fdd3c692010
12_POW::a : 0x7fdd8d0ea010
12_POW::b : 0x7fdd8755c010
12_POW::y : 0x7fdd36b04010
48_ERF::x : 0x7fddb51c9010
48_ERF::y : 0x7fdd9e392010
60_TGAMMA::x : 0x7fdd9b5cb010
60_TGAMMA::y : 0x7fdd98804010
24_POW::a : 0x7fdd8d0e8010
24_POW::b : 0x7fdd819cc010
24_POW::y : 0x7fdd30f76010
  итерация 0: 1332675 ms
12_POW::a : 0x7fdda3f1f010
12_POW::b : 0x7fdd92c75010
12_POW::y : 0x7fdd8d0e7010
24_ERF::x : 0x7fddc08e4010
24_ERF::y : 0x7fdd98803010
48_ERF::x : 0x7fdda9aad010
48_ERF::y : 0x7fdd145b2010
84_DOT::x : 0x7fdd534c8010
84_DOT::y : 0x7fdd2b3e9010
60_COPY::x : 0x7fdd7be3f010
60_COPY::y : 0x7fdcf7bee010
48_XPY::x : 0x7fdce0db7010
48_XPY::y : 0x7fdcc9f80010
132_SUM::x : 0x7fdc8b06b010
36_DOT::x : 0x7fddbad57010
36_DOT::y : 0x7fdda9aae010
60_TGAMMA::x : 0x7fdda6ce7010
60_TGAMMA::y : 0x7fdda3f20010
132_SUM::x : 0x7fdd3c692010
24_ERF::x : 0x7fddc08e4010
24_ERF::y : 0x7fddb51c8010
12_SQRTX::x : 0x7fddaf63a010
84_DOT::x : 0x7fdd8755b010
84_DOT::y : 0x7fdd145b3010
84_SUM::x : 0x7fdcec4d4010
12_TGAMMA::x : 0x7fddd4000da0
12_TGAMMA::y : 0x7fddd49289b0
12_ERF::x : 0x7fddc6472010
12_ERF::y : 0x7fddc08e4010
120_TGAMMA::x : 0x7fddbad56010
120_TGAMMA::y : 0x7fddb51c8010
12_ERF::x : 0x7fddc6472010
12_ERF::y : 0x7fddc08e4010
132_SUM::x : 0x7fdd3c692010
48_ERF::x : 0x7fdcfd77c010
48_ERF::y : 0x7fdce6945010
60_XPY::x : 0x7fdd98804010
60_XPY::y : 0x7fdd7be40010
108_SUM::x : 0x7fdd47dad010
84_DOT::x : 0x7fdd145b3010
84_DOT::y : 0x7fdcbe866010
12_POW::a : 0x7fddc6472010
12_POW::b : 0x7fddc08e4010
12_POW::y : 0x7fddbad56010
48_ERF::x : 0x7fdda3f1f010
48_ERF::y : 0x7fdd8d0e8010
132_SUM::x : 0x7fdd3c692010
24_ERF::x : 0x7fddc08e4010
24_ERF::y : 0x7fdd819cc010
48_ERF::x : 0x7fdd2585b010
48_ERF::y : 0x7fdd0ea24010
36_DOT::x : 0x7fddbad57010
36_DOT::y : 0x7fdd7be3f010
12_SQRTX::x : 0x7fddb51c9010
12_POW::a : 0x7fddaf63b010
12_POW::b : 0x7fdda9aad010
12_POW::y : 0x7fdda3f1f010
12_POW::a : 0x7fddc6472010
12_POW::b : 0x7fddc08e4010
12_POW::y : 0x7fdd9e391010
84_COPY::x : 0x7fdd534c8010
84_COPY::y : 0x7fdce6945010
84_COPY::x : 0x7fdcbe866010
84_COPY::y : 0x7fdc96787010
24_POW::a : 0x7fddb51c8010
24_POW::b : 0x7fdda9aac010
24_POW::y : 0x7fdd92c75010
132_SUM::x : 0x7fdd145b3010
12_POW::a : 0x7fddc6472010
12_POW::b : 0x7fddc08e4010
12_POW::y : 0x7fddbad56010
12_POW::a : 0x7fddb51c8010
12_POW::b : 0x7fddaf63a010
12_POW::y : 0x7fdda9aac010
108_SUM::x : 0x7fdd1fcce010
36_DOT::x : 0x7fddbad57010
36_DOT::y : 0x7fdd98803010
132_SUM::x : 0x7fdc57872010
84_COPY::x : 0x7fdd534c8010
84_COPY::y : 0x7fdcf7bef010
84_COPY::x : 0x7fdda3f21010
84_COPY::y : 0x7fdd7be42010
24_ERF::x : 0x7fdd47dac010
24_ERF::y : 0x7fdd3c690010
24_POW::a : 0x7fdd30f74010
24_POW::b : 0x7fdd25858010
24_POW::y : 0x7fdcec4d3010
36_DOT::x : 0x7fdd4221f010
36_DOT::y : 0x7fdcdb22a010
12_POW::a : 0x7fdd4d93a010
12_POW::b : 0x7fdd47dac010
12_POW::y : 0x7fdd4221e010
84_DOT::x : 0x7fdccfb10010
84_DOT::y : 0x7fdca7a31010
60_COPY::x : 0x7fdd5ebe3010
60_COPY::y : 0x7fdd2585a010
60_XPY::x : 0x7fddaf63c010
60_XPY::y : 0x7fdd92c78010
60_TGAMMA::x : 0x7fdd8feb1010
60_TGAMMA::y : 0x7fdd8d0ea010
60_TGAMMA::x : 0x7fdd8feb1010
60_TGAMMA::y : 0x7fdd8d0ea010
24_POW::a : 0x7fdd819ce010
24_POW::b : 0x7fdd6fe8b010
24_POW::y : 0x7fdd6476f010
48_ERF::x : 0x7fdd4d938010
48_ERF::y : 0x7fdd36b01010
48_XPY::x : 0x7fdd1fcca010
48_XPY::y : 0x7fdd08e93010
36_DOT::x : 0x7fddbad57010
36_DOT::y : 0x7fdda9aae010
48_XPY::x : 0x7fdd92c77010
48_XPY::y : 0x7fdd7be40010
84_DOT::x : 0x7fdce0db4010
84_DOT::y : 0x7fdcb8cd5010
12_ERF::x : 0x7fddc6472010
12_ERF::y : 0x7fddc08e4010
60_TGAMMA::x : 0x7fddbdb1d010
60_TGAMMA::y : 0x7fddbad56010
84_COPY::x : 0x7fdd92c77010
84_COPY::y : 0x7fdd534c8010
36_POW::a : 0x7fdd819ce010
36_POW::b : 0x7fdd4221f010
36_POW::y : 0x7fdd30f76010
24_POW::a : 0x7fddc08e4010
24_POW::b : 0x7fdd2585a010
24_POW::y : 0x7fdd1a13e010
12_SQRTX::x : 0x7fddbad56010
48_SQRTX::x : 0x7fdd03307010
108_SUM::x : 0x7fdccfb0d010
84_SUM::x : 0x7fdd2b3e9010
120_TGAMMA::x : 0x7fddc6472010
120_TGAMMA::y : 0x7fddc08e4010
60_XPY::x : 0x7fdda3f20010
60_XPY::y : 0x7fdd8755c010
24_POW::a : 0x7fdd7be40010
24_POW::b : 0x7fdd6fe8b010
24_POW::y : 0x7fdd6476f010
12_ERF::x : 0x7fdd5ebe1010
12_ERF::y : 0x7fdd59053010
84_COPY::x : 0x7fdd3c690010
84_COPY::y : 0x7fdd145b1010
84_DOT::x : 0x7fdcec4d2010
84_DOT::y : 0x7fdcc43f3010
84_SUM::x : 0x7fdc9c314010
84_COPY::x : 0x7fdda3f21010
84_COPY::y : 0x7fdd7be42010
24_ERF::x : 0x7fdd6fe8b010
24_ERF::y : 0x7fdd6476f010
84_SUM::x : 0x7fdcec4d2010
36_POW::a : 0x7fdd6a2fe010
36_POW::b : 0x7fdcdb229010
36_POW::y : 0x7fdcc9f80010
12_SQRTX::x : 0x7fdd64770010
12_POW::a : 0x7fdd64770010
12_POW::b : 0x7fdd5ebe2010
12_POW::y : 0x7fdd59054010
60_COPY::x : 0x7fddaf63c010
60_COPY::y : 0x7fdd92c78010
48_ERF::x : 0x7fdd7be41010
48_ERF::y : 0x7fdd4221d010
12_ERF::x : 0x7fdd64770010
12_ERF::y : 0x7fdd5ebe2010
48_SQRTX::x : 0x7fdd2b3e6010
108_SUM::x : 0x7fdcf7bec010
12_ERF::x : 0x7fdd8d0ea010
12_ERF::y : 0x7fdd8755c010
36_DOT::x : 0x7fdd6a2fe010
36_DOT::y : 0x7fdd59055010
24_ERF::x : 0x7fddc08e4010
24_ERF::y : 0x7fddb51c8010
48_SQRTX::x : 0x7fdd9e391010
120_TGAMMA::x : 0x7fdd98803010
120_TGAMMA::y : 0x7fdd92c75010
132_SUM::x : 0x7fdd3c692010
24_ERF::x : 0x7fddc08e4010
24_ERF::y : 0x7fddb51c8010
132_SUM::x : 0x7fdcfd77d010
12_POW::a : 0x7fddc6472010
12_POW::b : 0x7fddc08e4010
12_POW::y : 0x7fddbad56010
12_ERF::x : 0x7fddb51c8010
12_ERF::y : 0x7fddaf63a010
36_POW::a : 0x7fdd9e391010
36_POW::b : 0x7fdd8d0e8010
36_POW::y : 0x7fdd7be3f010
132_SUM::x : 0x7fdd3c692010
24_POW::a : 0x7fddc08e4010
24_POW::b : 0x7fddb51c8010
24_POW::y : 0x7fdcf2061010
120_TGAMMA::x : 0x7fddaf63a010
120_TGAMMA::y : 0x7fdd36b04010
60_TGAMMA::x : 0x7fdd787e0010
60_TGAMMA::y : 0x7fdd75a19010
  итерация 1: 1319001 ms
12_SQRTX::x : 0x7fddc6472010
24_ERF::x : 0x7fdd9e392010
24_ERF::y : 0x7fdd7be3f010
48_ERF::x : 0x7fdd8755b010
48_ERF::y : 0x7fdd47dac010
60_COPY::x : 0x7fdda9aae010
60_COPY::y : 0x7fdd5ebe3010
12_POW::a : 0x7fddc6472010
12_POW::b : 0x7fdd4221e010
12_POW::y : 0x7fdd3c690010
120_TGAMMA::x : 0x7fdda3f20010
120_TGAMMA::y : 0x7fdd9e392010
36_DOT::x : 0x7fdd36b03010
36_DOT::y : 0x7fdd2585a010
12_ERF::x : 0x7fddc6472010
12_ERF::y : 0x7fddc08e4010
12_ERF::x : 0x7fddbad56010
12_ERF::y : 0x7fddb51c8010
12_SQRTX::x : 0x7fddaf63a010
84_DOT::x : 0x7fdd534c8010
84_DOT::y : 0x7fdd2b3e9010
132_SUM::x : 0x7fdcec4d4010
132_SUM::x : 0x7fdcad5bf010
24_ERF::x : 0x7fddc08e4010
24_ERF::y : 0x7fddb51c8010
60_TGAMMA::x : 0x7fddc9239010
60_TGAMMA::y : 0x7fddc6472010
132_SUM::x : 0x7fdd8755d010
132_SUM::x : 0x7fdd3c692010
132_SUM::x : 0x7fdcfd77d010
12_TGAMMA::x : 0x185f800
12_TGAMMA::y : 0x2187410
12_POW::a : 0x7fddc6472010
12_POW::b : 0x7fdd819cf010
12_POW::y : 0x7fdd7be41010
24_POW::a : 0x7fddbad56010
24_POW::b : 0x7fddaf63a010
24_POW::y : 0x7fdda3f1e010
48_ERF::x : 0x7fdd8d0e7010
48_ERF::y : 0x7fdce6946010
60_XPY::x : 0x7fdd5ebe3010
60_XPY::y : 0x7fdd4221f010
12_POW::a : 0x7fddc6472010
12_POW::b : 0x7fdd87559010
12_POW::y : 0x7fdd819cb010
48_ERF::x : 0x7fddaf63b010
48_ERF::y : 0x7fdd2b3e8010
84_DOT::x : 0x7fdd03309010
84_DOT::y : 0x7fdcbe867010
60_TGAMMA::x : 0x7fddc9239010
60_TGAMMA::y : 0x7fddc6472010
84_SUM::x : 0x7fdd8755c010
84_COPY::x : 0x7fdd534c8010
84_COPY::y : 0x7fdd2b3e9010
60_XPY::x : 0x7fddaf63c010
60_XPY::y : 0x7fdca1ea3010
12_POW::a : 0x7fdd819ce010
12_POW::b : 0x7fdd7be40010
12_POW::y : 0x7fdd2585b010
36_DOT::x : 0x7fdd9e393010
36_DOT::y : 0x7fdd8d0ea010
24_POW::a : 0x7fdd819ce010
24_POW::b : 0x7fdd1fccd010
24_POW::y : 0x7fdd145b1010
84_DOT::x : 0x7fdcec4d2010
84_DOT::y : 0x7fdcc43f3010
108_SUM::x : 0x7fdd98806010
36_DOT::x : 0x7fdd8755d010
36_DOT::y : 0x7fdd1a140010
84_DOT::x : 0x7fdd534c8010
84_DOT::y : 0x7fdd2b3e9010
12_POW::a : 0x7fdd92c78010
12_POW::b : 0x7fdd8d0ea010
12_POW::y : 0x7fdd8755c010
84_SUM::x : 0x7fdda3f21010
84_COPY::x : 0x7fdd0330a010
84_COPY::y : 0x7fdcdb22b010
108_SUM::x : 0x7fdca7a31010
12_POW::a : 0x7fdd9e393010
12_POW::b : 0x7fdd98805010
12_POW::y : 0x7fdd92c77010
60_TGAMMA::x : 0x7fddc9239010
60_TGAMMA::y : 0x7fddc6472010
84_DOT::x : 0x7fdd9e393010
84_DOT::y : 0x7fdd534c8010
36_DOT::x : 0x7fdd8d0ea010
36_DOT::y : 0x7fdd7be41010
48_XPY::x : 0x7fdd3c691010
48_XPY::y : 0x7fdcc43f4010
48_XPY::x : 0x7fdd2585a010
48_XPY::y : 0x7fdd0ea23010
84_COPY::x : 0x7fdce6944010
84_COPY::y : 0x7fdc9c315010
48_ERF::x : 0x7fdd8755c010
48_ERF::y : 0x7fdd3c691010
24_POW::a : 0x7fddc08e4010
24_POW::b : 0x7fddb51c8010
24_POW::y : 0x7fdda9aac010
132_SUM::x : 0x7fdc5d400010
84_COPY::x : 0x7fdda3f21010
84_COPY::y : 0x7fdd534c8010
12_POW::a : 0x7fdd9e393010
12_POW::b : 0x7fdd98805010
12_POW::y : 0x7fdd92c77010
48_XPY::x : 0x7fdd7be40010
48_XPY::y : 0x7fdd3c691010
24_POW::a : 0x7fdd30f75010
24_POW::b : 0x7fdd25859010
24_POW::y : 0x7fdd1a13d010
132_SUM::x : 0x7fdcdb228010
84_COPY::x : 0x7fdcb3149010
84_COPY::y : 0x7fdc8b06a010
36_POW::a : 0x7fdd92c78010
36_POW::b : 0x7fdd819cf010
36_POW::y : 0x7fdd4221f010
12_SQRTX::x : 0x7fdd7be41010
48_ERF::x : 0x7fdd2b3e8010
48_ERF::y : 0x7fdd145b1010
60_COPY::x : 0x7fddaf63c010
60_COPY::y : 0x7fdd5ebe3010
36_DOT::x : 0x7fdd9e393010
36_DOT::y : 0x7fdd8d0ea010
84_SUM::x : 0x7fdcec4d2010
24_ERF::x : 0x7fdd819ce010
24_ERF::y : 0x7fdd534c7010
48_SQRTX::x : 0x7fdd98805010
24_ERF::x : 0x7fddc08e4010
24_ERF::y : 0x7fddb51c8010
12_ERF::x : 0x7fdd92c77010
12_ERF::y : 0x7fdd7be40010
12_ERF::x : 0x7fdd8d0e9010
12_ERF::y : 0x7fdd8755b010
36_POW::a : 0x7fddbad57010
36_POW::b : 0x7fdd6a2fe010
36_POW::y : 0x7fdd59055010
12_ERF::x : 0x7fddb51c9010
12_ERF::y : 0x7fdd92c77010
48_ERF::x : 0x7fdd9e392010
48_ERF::y : 0x7fdd4221e010
60_TGAMMA::x : 0x7fdd9b5cb010
60_TGAMMA::y : 0x7fdd8feb0010
84_SUM::x : 0x7fdd1a13f010
12_SQRTX::x : 0x7fddb51c9010
84_COPY::x : 0x7fdd1a13f010
84_COPY::y : 0x7fdcf2060010
48_SQRTX::x : 0x7fdd8755b010
84_COPY::x : 0x7fdcc9f81010
84_COPY::y : 0x7fdca1ea2010
120_TGAMMA::x : 0x7fddc6472010
120_TGAMMA::y : 0x7fddc08e4010
60_COPY::x : 0x7fdda3f20010
60_COPY::y : 0x7fdd8755c010
12_ERF::x : 0x7fddc6472010
12_ERF::y : 0x7fddc08e4010
12_ERF::x : 0x7fdd819ce010
12_ERF::y : 0x7fdd7be40010
24_ERF::x : 0x7fddc08e4010
24_ERF::y : 0x7fdd6fe8b010
12_POW::a : 0x7fdd6a2fd010
12_POW::b : 0x7fdd6476f010
12_POW::y : 0x7fdd5ebe1010
24_ERF::x : 0x7fdd7be40010
24_ERF::y : 0x7fdd534c5010
36_DOT::x : 0x7fddaf63b010
36_DOT::y : 0x7fdd9e392010
24_ERF::x : 0x7fddc08e4010
24_ERF::y : 0x7fdd92c76010
60_XPY::x : 0x7fdd5ebe3010
60_XPY::y : 0x7fdd36b01010
60_TGAMMA::x : 0x7fdd8feaf010
60_TGAMMA::y : 0x7fdd8d0e8010
108_SUM::x : 0x7fdd03307010
132_SUM::x : 0x7fdcc43f2010
12_POW::a : 0x7fddc6472010
12_POW::b : 0x7fddc08e4010
12_POW::y : 0x7fddbad56010
120_TGAMMA::x : 0x7fddb51c8010
120_TGAMMA::y : 0x7fddaf63a010
120_TGAMMA::x : 0x7fddc6472010
120_TGAMMA::y : 0x7fddc08e4010
24_POW::a : 0x7fdda3f1e010
24_POW::b : 0x7fdd98802010
24_POW::y : 0x7fdd8d0e6010
108_SUM::x : 0x7fdd47dad010
48_SQRTX::x : 0x7fdd64770010
24_POW::a : 0x7fdda3f1e010
24_POW::b : 0x7fdd98802010
24_POW::y : 0x7fdd8d0e6010
132_SUM::x : 0x7fdd2585b010
84_DOT::x : 0x7fdcfd77c010
84_DOT::y : 0x7fdcd569d010
36_POW::a : 0x7fddbad57010
36_POW::b : 0x7fdd6a2fe010
36_POW::y : 0x7fdcc43f4010
  итерация 2: 1367700 ms
12_SQRTX::x : 0x7fddc6472010
24_ERF::x : 0x7fddbad56010
24_ERF::y : 0x7fdd6fe8b010
24_ERF::x : 0x7fdd8755b010
24_ERF::y : 0x7fdd7be3f010
84_SUM::x : 0x7fdd92c77010
36_DOT::x : 0x7fdd5ebe2010
36_DOT::y : 0x7fdd4d939010
12_ERF::x : 0x7fddc6472010
12_ERF::y : 0x7fddc08e4010
60_TGAMMA::x : 0x7fddbdb1d010
60_TGAMMA::y : 0x7fddbad56010
132_SUM::x : 0x7fdd7be41010
48_ERF::x : 0x7fdd64770010
48_ERF::y : 0x7fdd4d939010
84_DOT::x : 0x7fdd2585a010
84_DOT::y : 0x7fdcfd77b010
12_POW::a : 0x7fddc6472010
12_POW::b : 0x7fddc08e4010
12_POW::y : 0x7fddbad56010
120_TGAMMA::x : 0x7fddb51c8010
120_TGAMMA::y : 0x7fddaf63a010
12_ERF::x : 0x7fddc6472010
12_ERF::y : 0x7fddc08e4010
60_COPY::x : 0x7fdd92c76010
60_COPY::y : 0x7fdce0db7010
12_POW::a : 0x7fddc6472010
12_POW::b : 0x7fddc08e4010
12_POW::y : 0x7fddbad56010
84_DOT::x : 0x7fdd534c8010
84_DOT::y : 0x7fdd2b3e9010
24_POW::a : 0x7fddc08e4010
24_POW::b : 0x7fdd8755a010
24_POW::y : 0x7fdd7be3e010
36_DOT::x : 0x7fddaf63b010
36_DOT::y : 0x7fdd1a140010
12_SQRTX::x : 0x7fdda9aad010
36_DOT::x : 0x7fdd9e392010
36_DOT::y : 0x7fdd08e97010
84_COPY::x : 0x7fdce0db8010
84_COPY::y : 0x7fdcb8cd9010
84_DOT::x : 0x7fdd534c8010
84_DOT::y : 0x7fdd2b3e9010
132_SUM::x : 0x7fdc79dc4010
84_DOT::x : 0x7fdda3f21010
84_DOT::y : 0x7fdd7be42010
48_ERF::x : 0x7fdd145b2010
48_ERF::y : 0x7fdca1ea2010
12_POW::a : 0x7fdd75a19010
12_POW::b : 0x7fdd6fe8b010
12_POW::y : 0x7fdd6a2fd010
48_XPY::x : 0x7fddb51c9010
48_XPY::y : 0x7fdd9e392010
132_SUM::x : 0x7fdd3c692010
12_TGAMMA::x : 0x7fddd4000da0
12_TGAMMA::y : 0x7fddd49289b0
12_POW::a : 0x7fdd98804010
12_POW::b : 0x7fdd92c76010
12_POW::y : 0x7fdd8d0e8010
48_ERF::x : 0x7fdd2585b010
48_ERF::y : 0x7fdd0ea24010
24_POW::a : 0x7fdd92c76010
24_POW::b : 0x7fdd8755a010
24_POW::y : 0x7fdd7be3e010
12_SQRTX::x : 0x7fddc6472010
12_POW::a : 0x7fddc6472010
12_POW::b : 0x7fddc08e4010
12_POW::y : 0x7fddbad56010
132_SUM::x : 0x7fdd3c692010
12_POW::a : 0x7fddc6472010
12_POW::b : 0x7fddc08e4010
12_POW::y : 0x7fddbad56010
132_SUM::x : 0x7fdd7be41010
60_XPY::x : 0x7fdd1fcce010
60_XPY::y : 0x7fdd0330a010
12_POW::a : 0x7fddc6472010
12_POW::b : 0x7fddc08e4010
12_POW::y : 0x7fddbad56010
60_TGAMMA::x : 0x7fdd787e0010
60_TGAMMA::y : 0x7fdd75a19010
36_DOT::x : 0x7fddbad57010
36_DOT::y : 0x7fdd64770010
48_XPY::x : 0x7fdda3f20010
48_XPY::y : 0x7fdd8d0e9010
24_POW::a : 0x7fdd819cd010
24_POW::b : 0x7fdd59054010
24_POW::y : 0x7fdd4d938010
48_XPY::x : 0x7fdd36b01010
48_XPY::y : 0x7fdd1fcca010
84_DOT::x : 0x7fdcf7beb010
84_DOT::y : 0x7fdccfb0c010
84_COPY::x : 0x7fdd534c8010
84_COPY::y : 0x7fdca7a2d010
48_ERF::x : 0x7fddb51c9010
48_ERF::y : 0x7fdd9e392010
84_SUM::x : 0x7fdd2b3e9010
24_ERF::x : 0x7fdd92c76010
24_ERF::y : 0x7fdd8755a010
84_COPY::x : 0x7fdd2b3e9010
84_COPY::y : 0x7fdd0330a010
12_ERF::x : 0x7fddc6472010
12_ERF::y : 0x7fddc08e4010
60_XPY::x : 0x7fdda3f20010
60_XPY::y : 0x7fdd8755c010
60_COPY::x : 0x7fdce6946010
60_COPY::y : 0x7fdc8b069010
84_COPY::x : 0x7fdd534c8010
84_COPY::y : 0x7fdcbe867010
36_DOT::x : 0x7fddbad57010
36_DOT::y : 0x7fdda9aae010
60_TGAMMA::x : 0x7fdd8a323010
60_TGAMMA::y : 0x7fdd8755c010
60_XPY::x : 0x7fdd8d0ea010
60_XPY::y : 0x7fdce6946010
12_SQRTX::x : 0x7fddc6472010
24_ERF::x : 0x7fddbad56010
24_ERF::y : 0x7fddaf63a010
24_ERF::x : 0x7fdd819ce010
24_ERF::y : 0x7fdd47dac010
108_SUM::x : 0x7fdd145b2010
108_SUM::x : 0x7fdcb314c010
84_SUM::x : 0x7fdd534c8010
12_ERF::x : 0x7fddc6472010
12_ERF::y : 0x7fddc08e4010
120_TGAMMA::x : 0x7fddbad56010
120_TGAMMA::y : 0x7fddb51c8010
84_COPY::x : 0x7fdd8d0e9010
84_COPY::y : 0x7fdd2b3e9010
24_POW::a : 0x7fddc08e4010
24_POW::b : 0x7fdd819cd010
24_POW::y : 0x7fdd6fe8b010
48_SQRTX::x : 0x7fdd59054010
60_COPY::x : 0x7fdd0ea25010
60_COPY::y : 0x7fdcf2061010
84_SUM::x : 0x7fdcc9f82010
24_ERF::x : 0x7fddc08e4010
24_ERF::y : 0x7fddb51c8010
12_POW::a : 0x7fddc6472010
12_POW::b : 0x7fddc08e4010
12_POW::y : 0x7fddbad56010
48_SQRTX::x : 0x7fdd64770010
36_POW::a : 0x7fdda9aad010
36_POW::b : 0x7fdd98804010
36_POW::y : 0x7fdd8755b010
48_ERF::x : 0x7fdd4d939010
48_ERF::y : 0x7fdd36b02010
60_TGAMMA::x : 0x7fddc9239010
60_TGAMMA::y : 0x7fddc6472010
36_POW::a : 0x7fdd6a2fe010
36_POW::b : 0x7fdd25859010
36_POW::y : 0x7fdd145b0010
84_COPY::x : 0x7fdcec4d1010
84_COPY::y : 0x7fdcc43f2010
108_SUM::x : 0x7fdd98806010
84_COPY::x : 0x7fdd4221f010
84_COPY::y : 0x7fdc9c313010
48_SQRTX::x : 0x7fdd819cf010
36_DOT::x : 0x7fddbad57010
36_DOT::y : 0x7fdda9aae010
12_ERF::x : 0x7fdda3f20010
12_ERF::y : 0x7fdd9e392010
120_TGAMMA::x : 0x7fddc6472010
120_TGAMMA::y : 0x7fddc08e4010
108_SUM::x : 0x7fdd0ea25010
132_SUM::x : 0x7fdd819cf010
132_SUM::x : 0x7fdccfb10010
12_ERF::x : 0x7fdd7be41010
12_ERF::y : 0x7fdd75a19010
132_SUM::x : 0x7fdd36b04010
24_ERF::x : 0x7fddc08e4010
24_ERF::y : 0x7fdd2b3e8010
84_DOT::x : 0x7fdd03309010
84_DOT::y : 0x7fdcdb22a010
36_POW::a : 0x7fddaf63b010
36_POW::b : 0x7fdd9e392010
36_POW::y : 0x7fdd8d0e9010
132_SUM::x : 0x7fdc9c315010
12_ERF::x : 0x7fddc6472010
12_ERF::y : 0x7fddc08e4010
12_POW::a : 0x7fddc6472010
12_POW::b : 0x7fddc08e4010
12_POW::y : 0x7fdd8755b010
24_POW::a : 0x7fdd7be3f010
24_POW::b : 0x7fdd6fe8b010
24_POW::y : 0x7fdd6476f010
60_TGAMMA::x : 0x7fddbdb1d010
60_TGAMMA::y : 0x7fddbad56010
48_ERF::x : 0x7fdda3f1f010
48_ERF::y : 0x7fdd4d938010
120_TGAMMA::x : 0x7fddc6472010
120_TGAMMA::y : 0x7fddc08e4010
24_POW::a : 0x7fdd98803010
24_POW::b : 0x7fdd8d0e7010
24_POW::y : 0x7fdd4221c010
  итерация 3: 1348219 ms
12_ERF::x : 0x7fdd9e392010
12_ERF::y : 0x7fdd7be3e010
24_ERF::x : 0x7fddc08e4010
24_ERF::y : 0x7fdd92c76010
12_POW::a : 0x7fdd8d0e8010
12_POW::b : 0x7fdd8755a010
12_POW::y : 0x7fdd819cc010
60_XPY::x : 0x7fdda3f20010
60_XPY::y : 0x7fdd5ebe3010
60_TGAMMA::x : 0x7fdda1159010
60_TGAMMA::y : 0x7fdd9e392010
132_SUM::x : 0x7fdd1fcce010
48_ERF::x : 0x7fdd8755b010
48_ERF::y : 0x7fdd08e97010
24_ERF::x : 0x7fddc08e4010
24_ERF::y : 0x7fdd7be3f010
84_DOT::x : 0x7fdce0db8010
84_DOT::y : 0x7fdcb8cd9010
12_POW::a : 0x7fddbad56010
12_POW::b : 0x7fddb51c8010
12_POW::y : 0x7fddaf63a010
48_ERF::x : 0x7fdd64770010
48_ERF::y : 0x7fdd4d939010
12_SQRTX::x : 0x7fddc6472010
120_TGAMMA::x : 0x7fddc08e4010
120_TGAMMA::y : 0x7fddbad56010
60_COPY::x : 0x7fdd9e392010
60_COPY::y : 0x7fdd819ce010
12_POW::a : 0x7fddc6472010
12_POW::b : 0x7fdd7be40010
12_POW::y : 0x7fdd75a19010
12_POW::a : 0x7fdd6fe8b010
12_POW::b : 0x7fdd6a2fd010
12_POW::y : 0x7fdd6476f010
132_SUM::x : 0x7fdd2585a010
84_DOT::x : 0x7fdcfd77b010
84_DOT::y : 0x7fdcd569c010
84_SUM::x : 0x7fdcad5bd010
36_DOT::x : 0x7fddbad57010
36_DOT::y : 0x7fdda9aae010
12_ERF::x : 0x7fddc6472010
12_ERF::y : 0x7fddc08e4010
84_DOT::x : 0x7fdd98805010
84_DOT::y : 0x7fdcad5bd010
132_SUM::x : 0x7fdd3c692010
12_POW::a : 0x7fddc6472010
12_POW::b : 0x7fddc08e4010
12_POW::y : 0x7fdd92c77010
12_TGAMMA::x : 0x7fddd4000da0
12_TGAMMA::y : 0x7fddd49289b0
24_POW::a : 0x7fddc08e4010
24_POW::b : 0x7fdd8d0e9010
24_POW::y : 0x7fdd819cd010
84_DOT::x : 0x7fdd145b3010
84_DOT::y : 0x7fdcec4d4010
108_SUM::x : 0x7fdcb8cda010
60_XPY::x : 0x7fdda3f20010
60_XPY::y : 0x7fdd5ebe3010
60_TGAMMA::x : 0x7fddc9239010
60_TGAMMA::y : 0x7fddc6472010
84_COPY::x : 0x7fdd7be41010
84_COPY::y : 0x7fdd36b04010
48_XPY::x : 0x7fdd1fccd010
48_XPY::y : 0x7fdd08e96010
48_ERF::x : 0x7fdcf205f010
48_ERF::y : 0x7fdcdb228010
24_ERF::x : 0x7fddc08e4010
24_ERF::y : 0x7fddb51c8010
36_DOT::x : 0x7fddbad57010
36_DOT::y : 0x7fdda9aae010
12_SQRTX::x : 0x7fdda3f20010
24_ERF::x : 0x7fdd6fe8b010
24_ERF::y : 0x7fdd6476f010
36_DOT::x : 0x7fdd2585b010
36_DOT::y : 0x7fdd145b2010
132_SUM::x : 0x7fdcd569d010
84_SUM::x : 0x7fdda3f21010
12_SQRTX::x : 0x7fdd9e393010
12_ERF::x : 0x7fdd98805010
12_ERF::y : 0x7fdd92c77010
48_XPY::x : 0x7fdd7be40010
48_XPY::y : 0x7fdd64770010
24_POW::a : 0x7fdd98805010
24_POW::b : 0x7fdd59054010
24_POW::y : 0x7fdd4d938010
132_SUM::x : 0x7fdc96788010
24_ERF::x : 0x7fddc08e4010
24_ERF::y : 0x7fddb51c8010
12_ERF::x : 0x7fddaf63a010
12_ERF::y : 0x7fdda9aac010
84_SUM::x : 0x7fdd819cd010
60_COPY::x : 0x7fdd5ebe3010
60_COPY::y : 0x7fdd4221f010
36_DOT::x : 0x7fddbad57010
36_DOT::y : 0x7fdda9aae010
12_POW::a : 0x7fdd7be3f010
12_POW::b : 0x7fdd3c691010
12_POW::y : 0x7fdd36b03010
48_ERF::x : 0x7fdd92c77010
48_ERF::y : 0x7fdd1fccc010
12_POW::a : 0x7fddc6472010
12_POW::b : 0x7fddc08e4010
12_POW::y : 0x7fddbad56010
12_ERF::x : 0x7fddb51c8010
12_ERF::y : 0x7fddaf63a010
84_SUM::x : 0x7fdcf7bed010
108_SUM::x : 0x7fdcc43f3010
84_DOT::x : 0x7fdd534c8010
84_DOT::y : 0x7fdc9c314010
36_POW::a : 0x7fddbad57010
36_POW::b : 0x7fdda9aae010
36_POW::y : 0x7fdd819ce010
84_COPY::x : 0x7fdd2b3e9010
84_COPY::y : 0x7fdd0330a010
84_COPY::x : 0x7fdcdb22b010
84_COPY::y : 0x7fdc74235010
132_SUM::x : 0x7fdc9c316010
108_SUM::x : 0x7fdd98806010
24_POW::a : 0x7fdd8d0ea010
24_POW::b : 0x7fdd819ce010
24_POW::y : 0x7fdd6fe8b010
84_COPY::x : 0x7fdcdb22b010
84_COPY::y : 0x7fdcb314c010
84_DOT::x : 0x7fdd47dac010
84_DOT::y : 0x7fdd1fccd010
12_SQRTX::x : 0x7fddc6472010
48_XPY::x : 0x7fddb51c9010
48_XPY::y : 0x7fdd9e392010
60_COPY::x : 0x7fdd819ce010
60_COPY::y : 0x7fdc96788010
60_TGAMMA::x : 0x7fdd7ec07010
60_TGAMMA::y : 0x7fdd7be40010
108_SUM::x : 0x7fdd47dad010
12_POW::a : 0x7fddc6472010
12_POW::b : 0x7fddc08e4010
12_POW::y : 0x7fddbad56010
12_POW::a : 0x7fddb51c8010
12_POW::b : 0x7fddaf63a010
12_POW::y : 0x7fdda9aac010
12_ERF::x : 0x7fdda3f1e010
12_ERF::y : 0x7fdd9e390010
84_COPY::x : 0x7fdd819cd010
84_COPY::y : 0x7fdd1fcce010
48_SQRTX::x : 0x7fdd08e97010
84_COPY::x : 0x7fdce0db8010
84_COPY::y : 0x7fdcb8cd9010
48_ERF::x : 0x7fddb51c9010
48_ERF::y : 0x7fdd64770010
60_XPY::x : 0x7fdc9c315010
60_XPY::y : 0x7fdc7f951010
24_ERF::x : 0x7fddc08e4010
24_ERF::y : 0x7fddb51c8010
60_TGAMMA::x : 0x7fddb2401010
60_TGAMMA::y : 0x7fddaf63a010
60_TGAMMA::x : 0x7fddc9239010
60_TGAMMA::y : 0x7fddc6472010
24_POW::a : 0x7fddbad56010
24_POW::b : 0x7fdda3f1e010
24_POW::y : 0x7fdd98802010
24_POW::a : 0x7fdd8d0e6010
24_POW::b : 0x7fdd819ca010
24_POW::y : 0x7fdd6fe8b010
24_POW::a : 0x7fddaf63a010
24_POW::b : 0x7fdd6476f010
24_POW::y : 0x7fdd59053010
120_TGAMMA::x : 0x7fddc6472010
120_TGAMMA::y : 0x7fdd534c5010
36_POW::a : 0x7fdd9e391010
36_POW::b : 0x7fdd4221c010
36_POW::y : 0x7fdd30f73010
36_DOT::x : 0x7fdd8d0e8010
36_DOT::y : 0x7fdd7be3f010
84_COPY::x : 0x7fdd08e94010
84_COPY::y : 0x7fdce0db5010
24_ERF::x : 0x7fddbad56010
24_ERF::y : 0x7fddaf63a010
132_SUM::x : 0x7fdca1ea0010
12_ERF::x : 0x7fddc6472010
12_ERF::y : 0x7fddc08e4010
36_DOT::x : 0x7fddaf63b010
36_DOT::y : 0x7fdd9e392010
132_SUM::x : 0x7fdd3c692010
48_SQRTX::x : 0x7fddb51c9010
120_TGAMMA::x : 0x7fddaf63b010
120_TGAMMA::y : 0x7fdda9aad010
48_ERF::x : 0x7fdd92c76010
48_ERF::y : 0x7fdd7be3f010
48_SQRTX::x : 0x7fdd64770010
132_SUM::x : 0x7fdd2585b010
120_TGAMMA::x : 0x7fddc6472010
120_TGAMMA::y : 0x7fddc08e4010
36_POW::a : 0x7fddaf63b010
36_POW::b : 0x7fdd6a2fe010
36_POW::y : 0x7fdd145b2010
  итерация 4: 1376379 ms
  среднее по 5 итерациям: 1348795 ms
=== Выполняется проект: no_po_20.txt (100 работ) ===
12_ERF::x : 0x7fdda3f20010
12_ERF::y : 0x7fdd819ce010
120_TGAMMA::x : 0x7fdda9aae010
120_TGAMMA::y : 0x7fdd7be40010
60_COPY::x : 0x7fddaf63c010
60_COPY::y : 0x7fdd5ebe3010
60_XPY::x : 0x7fdd8755c010
60_XPY::y : 0x7fdd4221f010
120_TGAMMA::x : 0x7fdda3f20010
120_TGAMMA::y : 0x7fdd819ce010
12_TGAMMA::x : 0x7fddd00017d0
12_TGAMMA::y : 0x7fddd09293e0
36_DOT::x : 0x7fdd92c77010
36_DOT::y : 0x7fdd4d93a010
84_DOT::x : 0x7fdd2585b010
84_DOT::y : 0x7fdcfd77c010
60_TGAMMA::x : 0x7fddc9239010
60_TGAMMA::y : 0x7fddc6472010
48_ERF::x : 0x7fddaf63b010
48_ERF::y : 0x7fdd7be40010
36_POW::a : 0x7fdd9e392010
36_POW::b : 0x7fdd6a2fe010
36_POW::y : 0x7fdd59055010
60_COPY::x : 0x7fdce0db8010
60_COPY::y : 0x7fdcc43f4010
108_SUM::x : 0x7fdd2585b010
132_SUM::x : 0x7fdc854df010
24_ERF::x : 0x7fddc08e4010
24_ERF::y : 0x7fddb51c8010
48_XPY::x : 0x7fdd9e391010
48_XPY::y : 0x7fdd8755a010
60_COPY::x : 0x7fdd5ebe3010
60_COPY::y : 0x7fdd4221f010
24_ERF::x : 0x7fddc08e4010
24_ERF::y : 0x7fddb51c8010
60_XPY::x : 0x7fdd2585b010
60_XPY::y : 0x7fdd08e97010
12_ERF::x : 0x7fddaf63b010
12_ERF::y : 0x7fdda9aad010
48_SQRTX::x : 0x7fddb51c9010
24_ERF::x : 0x7fdda9aad010
24_ERF::y : 0x7fdd9e391010
48_XPY::x : 0x7fdd8755a010
48_XPY::y : 0x7fdd64770010
120_TGAMMA::x : 0x7fddc6472010
120_TGAMMA::y : 0x7fddc08e4010
132_SUM::x : 0x7fdcc9f82010
48_ERF::x : 0x7fdda9aad010
48_ERF::y : 0x7fdd4d939010
84_DOT::x : 0x7fdd819ce010
84_DOT::y : 0x7fdd2585a010
48_XPY::x : 0x7fdd64770010
48_XPY::y : 0x7fdd0ea23010
48_SQRTX::x : 0x7fdcf7bec010
36_POW::a : 0x7fddbad57010
36_POW::b : 0x7fdda9aae010
36_POW::y : 0x7fdd534c7010
132_SUM::x : 0x7fdcb8cd7010
24_ERF::x : 0x7fdd6fe8b010
24_ERF::y : 0x7fdd1a13e010
120_TGAMMA::x : 0x7fdda3f20010
120_TGAMMA::y : 0x7fdd9e392010
48_XPY::x : 0x7fdd8755b010
48_XPY::y : 0x7fdd64770010
12_SQRTX::x : 0x7fddc6472010
36_DOT::x : 0x7fddb51c9010
36_DOT::y : 0x7fdd534c7010
12_POW::a : 0x7fddc6472010
12_POW::b : 0x7fddaf63b010
12_POW::y : 0x7fdd819cd010
12_POW::a : 0x7fdda9aad010
12_POW::b : 0x7fdda3f1f010
12_POW::y : 0x7fdd7be3f010
12_TGAMMA::x : 0x185f800
12_TGAMMA::y : 0x2187410
48_SQRTX::x : 0x7fddb51c9010
24_ERF::x : 0x7fdd59054010
24_ERF::y : 0x7fdd4d938010
60_COPY::x : 0x7fdd8755b010
60_COPY::y : 0x7fdd30f74010
36_POW::a : 0x7fdda3f20010
36_POW::b : 0x7fdd6a2fe010
36_POW::y : 0x7fdd1fccb010
84_DOT::x : 0x7fdcf7bec010
84_DOT::y : 0x7fdccfb0d010
24_POW::a : 0x7fddc08e4010
24_POW::b : 0x7fdd7be3f010
24_POW::y : 0x7fdd5ebe2010
48_ERF::x : 0x7fdd8d0e9010
48_ERF::y : 0x7fdd47dab010
12_POW::a : 0x7fddbad56010
12_POW::b : 0x7fddb51c8010
12_POW::y : 0x7fddaf63a010
36_DOT::x : 0x7fdd7be40010
36_DOT::y : 0x7fdd6a2fe010
60_XPY::x : 0x7fdd2b3e7010
60_XPY::y : 0x7fdd0ea23010
60_XPY::x : 0x7fddaf63c010
60_XPY::y : 0x7fdcf205f010
84_SUM::x : 0x7fdcc9f80010
120_TGAMMA::x : 0x7fdda9aae010
120_TGAMMA::y : 0x7fdda3f20010
48_SQRTX::x : 0x7fdd8d0e9010
24_POW::a : 0x7fdd819cd010
24_POW::b : 0x7fdd6fe8b010
24_POW::y : 0x7fdd6476f010
48_ERF::x : 0x7fddb51c9010
48_ERF::y : 0x7fdd4d938010
24_POW::a : 0x7fdd98804010
24_POW::b : 0x7fdd4221c010
24_POW::y : 0x7fdd36b00010
108_SUM::x : 0x7fdd03306010
12_POW::a : 0x7fddaf63b010
12_POW::b : 0x7fdda9aad010
12_POW::y : 0x7fdd92c76010
48_ERF::x : 0x7fdd7be3f010
48_ERF::y : 0x7fdd64770010
84_SUM::x : 0x7fdd25859010
132_SUM::x : 0x7fdce6944010
12_SQRTX::x : 0x7fddc6472010
12_TGAMMA::x : 0x185f800
12_TGAMMA::y : 0x2187410
108_SUM::x : 0x7fdd98806010
12_POW::a : 0x7fdd92c78010
12_POW::b : 0x7fdd5ebe2010
12_POW::y : 0x7fdd59054010
84_SUM::x : 0x7fdd30f75010
120_TGAMMA::x : 0x7fdd8d0ea010
120_TGAMMA::y : 0x7fdd8755c010
60_TGAMMA::x : 0x7fdd95a3f010
60_TGAMMA::y : 0x7fdd92c78010
36_DOT::x : 0x7fddbad57010
36_DOT::y : 0x7fdda9aae010
12_ERF::x : 0x7fdda3f20010
12_ERF::y : 0x7fdd9e392010
12_POW::a : 0x7fdd98804010
12_POW::b : 0x7fdd819ce010
12_POW::y : 0x7fdd7be40010
48_XPY::x : 0x7fddb51c9010
48_XPY::y : 0x7fdd64770010
48_XPY::x : 0x7fdd9e392010
48_XPY::y : 0x7fdd4d939010
24_ERF::x : 0x7fdd7be40010
24_ERF::y : 0x7fdd4221d010
60_XPY::x : 0x7fdd25859010
60_XPY::y : 0x7fdd08e95010
12_SQRTX::x : 0x7fdd98804010
36_POW::a : 0x7fdd8d0e9010
36_POW::b : 0x7fdd7be40010
36_POW::y : 0x7fdcf7bec010
60_XPY::x : 0x7fdcdb228010
60_XPY::y : 0x7fdcbe864010
108_SUM::x : 0x7fdd47dad010
36_DOT::x : 0x7fddbad57010
36_DOT::y : 0x7fdda9aae010
48_XPY::x : 0x7fdd64770010
48_XPY::y : 0x7fdd4d939010
12_TGAMMA::x : 0x7fddd00017d0
12_TGAMMA::y : 0x7fddd09293e0
132_SUM::x : 0x7fdd8d0eb010
12_POW::a : 0x7fdd8755d010
12_POW::b : 0x7fdd819cf010
12_POW::y : 0x7fdd7be41010
36_POW::a : 0x7fdd3c690010
36_POW::b : 0x7fdd2b3e7010
36_POW::y : 0x7fdd1a13e010
60_XPY::x : 0x7fdcfd77a010
60_XPY::y : 0x7fdce0db6010
12_POW::a : 0x7fdd8755d010
12_POW::b : 0x7fdd819cf010
12_POW::y : 0x7fdd7be41010
60_COPY::x : 0x7fddaf63c010
60_COPY::y : 0x7fdd92c78010
48_XPY::x : 0x7fdd7be41010
48_XPY::y : 0x7fdd64770010
132_SUM::x : 0x7fdd2585b010
132_SUM::x : 0x7fdce6946010
84_COPY::x : 0x7fdcbe867010
84_COPY::y : 0x7fdc96788010
120_TGAMMA::x : 0x7fdd8d0ea010
120_TGAMMA::y : 0x7fdd8755c010
108_SUM::x : 0x7fdd98806010
84_DOT::x : 0x7fdd534c8010
84_DOT::y : 0x7fdd2b3e9010
12_SQRTX::x : 0x7fddc6472010
60_XPY::x : 0x7fdda9aae010
60_XPY::y : 0x7fdd0ea25010
36_DOT::x : 0x7fdd98805010
36_DOT::y : 0x7fdd8755c010
84_DOT::x : 0x7fdce6946010
84_DOT::y : 0x7fdcbe867010
84_DOT::x : 0x7fdd819cf010
84_DOT::y : 0x7fdc96788010
  итерация 0: 1360212 ms
24_ERF::x : 0x7fddc08e4010
24_ERF::y : 0x7fdd819cd010
48_ERF::x : 0x7fdd64770010
48_ERF::y : 0x7fdd4d939010
48_ERF::x : 0x7fdd8d0e9010
48_ERF::y : 0x7fdd36b02010
60_XPY::x : 0x7fdda3f20010
60_XPY::y : 0x7fdd1a13e010
36_DOT::x : 0x7fdd7be40010
36_DOT::y : 0x7fdd08e95010
24_ERF::x : 0x7fddc08e4010
24_ERF::y : 0x7fdd819cd010
12_POW::a : 0x7fdd7be3f010
12_POW::b : 0x7fdd75a19010
12_POW::y : 0x7fdd6fe8b010
12_ERF::x : 0x7fdd9e392010
12_ERF::y : 0x7fdd98804010
12_POW::a : 0x7fddbad56010
12_POW::b : 0x7fddb51c8010
12_POW::y : 0x7fddaf63a010
48_SQRTX::x : 0x7fdd98803010
48_ERF::x : 0x7fdd64770010
48_ERF::y : 0x7fdd4d939010
48_XPY::x : 0x7fdd36b02010
48_XPY::y : 0x7fdd1fccb010
84_DOT::x : 0x7fdcf7bec010
84_DOT::y : 0x7fdccfb0d010
12_POW::a : 0x7fddc6472010
12_POW::b : 0x7fddc08e4010
12_POW::y : 0x7fddbad56010
24_ERF::x : 0x7fddc08e4010
24_ERF::y : 0x7fddb51c8010
36_POW::a : 0x7fdda3f1f010
36_POW::b : 0x7fdd92c76010
36_POW::y : 0x7fdd819cd010
60_COPY::x : 0x7fdd5ebe3010
60_COPY::y : 0x7fdd4221f010
60_XPY::x : 0x7fdd2585b010
60_XPY::y : 0x7fdd08e97010
12_ERF::x : 0x7fddc6472010
12_ERF::y : 0x7fddc08e4010
12_TGAMMA::x : 0x185f8a0
12_TGAMMA::y : 0x21874b0
60_COPY::x : 0x7fdcec4d3010
60_COPY::y : 0x7fdccfb0f010
48_SQRTX::x : 0x7fddb51c9010
48_XPY::x : 0x7fdd9e392010
48_XPY::y : 0x7fdd8755b010
48_ERF::x : 0x7fdd64770010
48_ERF::y : 0x7fdd4d939010
132_SUM::x : 0x7fdd0ea24010
108_SUM::x : 0x7fdcdb22a010
120_TGAMMA::x : 0x7fddc6472010
120_TGAMMA::y : 0x7fddc08e4010
48_SQRTX::x : 0x7fdda9aad010
132_SUM::x : 0x7fdd3c692010
120_TGAMMA::x : 0x7fdda3f1f010
120_TGAMMA::y : 0x7fdd9e391010
60_COPY::x : 0x7fdd819cd010
60_COPY::y : 0x7fdd1fcce010
132_SUM::x : 0x7fdce0db9010
36_POW::a : 0x7fddbad57010
36_POW::b : 0x7fdda9aae010
36_POW::y : 0x7fdd6a2fe010
12_ERF::x : 0x7fdda3f20010
12_ERF::y : 0x7fdd9e392010
12_POW::a : 0x7fdda3f20010
12_POW::b : 0x7fdd9e392010
12_POW::y : 0x7fdd7be3f010
108_SUM::x : 0x7fdd36b04010
48_XPY::x : 0x7fdd8755b010
48_XPY::y : 0x7fdd1fccd010
84_DOT::x : 0x7fdcf7bee010
84_DOT::y : 0x7fdccfb0f010
36_POW::a : 0x7fddbad57010
36_POW::b : 0x7fdda9aae010
36_POW::y : 0x7fdd6a2fe010
60_XPY::x : 0x7fdd4d93a010
60_XPY::y : 0x7fdcb314b010
84_SUM::x : 0x7fdd819cf010
84_DOT::x : 0x7fdd2585b010
84_DOT::y : 0x7fdcfd77c010
24_ERF::x : 0x7fdd9e392010
24_ERF::y : 0x7fdd92c76010
108_SUM::x : 0x7fdc7f951010
36_DOT::x : 0x7fddbad57010
36_DOT::y : 0x7fdda9aae010
12_TGAMMA::x : 0x7fddd00017d0
12_TGAMMA::y : 0x7fddd09293e0
48_XPY::x : 0x7fdd92c77010
48_XPY::y : 0x7fdd7be40010
48_ERF::x : 0x7fddb51c9010
48_ERF::y : 0x7fdd64770010
12_SQRTX::x : 0x7fddaf63b010
24_POW::a : 0x7fdd59054010
24_POW::b : 0x7fdcf2060010
24_POW::y : 0x7fdce6944010
60_COPY::x : 0x7fdd3c690010
60_COPY::y : 0x7fdd1fccc010
12_POW::a : 0x7fddaf63b010
12_POW::b : 0x7fdda9aad010
12_POW::y : 0x7fdda3f1f010
12_TGAMMA::x : 0x7fddcc000be0
12_TGAMMA::y : 0x7fddcc9287f0
48_SQRTX::x : 0x7fddb51c9010
108_SUM::x : 0x7fdcec4d2010
36_POW::a : 0x7fdda3f20010
36_POW::b : 0x7fdd92c77010
36_POW::y : 0x7fdd819ce010
120_TGAMMA::x : 0x7fdd7be40010
120_TGAMMA::y : 0x7fdd75a19010
24_POW::a : 0x7fddc08e4010
24_POW::b : 0x7fdd6a2fd010
24_POW::y : 0x7fdd5ebe1010
84_SUM::x : 0x7fdd36b02010
84_COPY::x : 0x7fdd36b02010
84_COPY::y : 0x7fdd0ea23010
12_SQRTX::x : 0x7fddbad56010
48_XPY::x : 0x7fdda3f1f010
48_XPY::y : 0x7fdd8d0e8010
60_COPY::x : 0x7fdd5ebe3010
60_COPY::y : 0x7fdcf205f010
132_SUM::x : 0x7fdcb314a010
12_POW::a : 0x7fddc6472010
12_POW::b : 0x7fddc08e4010
12_POW::y : 0x7fddbad56010
120_TGAMMA::x : 0x7fddb51c8010
120_TGAMMA::y : 0x7fddaf63a010
48_XPY::x : 0x7fdd98803010
48_XPY::y : 0x7fdd819cc010
12_POW::a : 0x7fdd7be3e010
12_POW::b : 0x7fdd75a19010
12_POW::y : 0x7fdd6fe8b010
12_POW::a : 0x7fddc6472010
12_POW::b : 0x7fddc08e4010
12_POW::y : 0x7fddbad56010
36_DOT::x : 0x7fdd6a2fe010
36_DOT::y : 0x7fdd59055010
24_ERF::x : 0x7fddc08e4010
24_ERF::y : 0x7fdd4d939010
132_SUM::x : 0x7fdd0ea24010
36_POW::a : 0x7fddaf63b010
36_POW::b : 0x7fdd9e392010
36_POW::y : 0x7fdd8d0e9010
12_SQRTX::x : 0x7fdd8755b010
60_TGAMMA::x : 0x7fdd8a322010
60_TGAMMA::y : 0x7fdd8755b010
60_XPY::x : 0x7fdd5ebe3010
60_XPY::y : 0x7fdcf2060010
60_XPY::x : 0x7fdd4221f010
60_XPY::y : 0x7fdd2585b010
60_XPY::x : 0x7fdcd569c010
60_XPY::y : 0x7fdcb8cd8010
60_XPY::x : 0x7fdd5ebe3010
60_XPY::y : 0x7fdd08e97010
120_TGAMMA::x : 0x7fddc6472010
120_TGAMMA::y : 0x7fddc08e4010
36_DOT::x : 0x7fddaf63b010
36_DOT::y : 0x7fdd9e392010
36_DOT::x : 0x7fdd8d0e9010
36_DOT::y : 0x7fdd7be40010
84_DOT::x : 0x7fdd36b04010
84_DOT::y : 0x7fdce0db8010
132_SUM::x : 0x7fdd819cf010
48_XPY::x : 0x7fdcc9f81010
48_XPY::y : 0x7fdcb314a010
120_TGAMMA::x : 0x7fddc6472010
120_TGAMMA::y : 0x7fddc08e4010
12_SQRTX::x : 0x7fdd7be41010
60_XPY::x : 0x7fdd5ebe3010
60_XPY::y : 0x7fdd1a140010
120_TGAMMA::x : 0x7fdd7be41010
120_TGAMMA::y : 0x7fdd59055010
132_SUM::x : 0x7fdd819cf010
84_DOT::x : 0x7fdcf2061010
84_DOT::y : 0x7fdcc9f82010
24_POW::a : 0x7fddc08e4010
24_POW::b : 0x7fdd6fe8b010
24_POW::y : 0x7fdd6476f010
36_DOT::x : 0x7fdd534c6010
36_DOT::y : 0x7fdd4221d010
108_SUM::x : 0x7fdd8d0ea010
84_DOT::x : 0x7fdca1ea3010
84_DOT::y : 0x7fdc79dc4010
48_XPY::x : 0x7fdd64770010
48_XPY::y : 0x7fdd2b3e6010
24_ERF::x : 0x7fddc08e4010
24_ERF::y : 0x7fdd819ce010
60_TGAMMA::x : 0x7fddbdb1d010
60_TGAMMA::y : 0x7fddbad56010
84_SUM::x : 0x7fdd92c77010
12_TGAMMA::x : 0x185f8a0
12_TGAMMA::y : 0x21874b0
  итерация 1: 1370636 ms
12_TGAMMA::x : 0x7fddd4000da0
12_TGAMMA::y : 0x7fddd49289b0
12_ERF::x : 0x7fddc6472010
12_ERF::y : 0x7fddb51c8010
24_ERF::x : 0x7fddbad56010
24_ERF::y : 0x7fdd6fe8b010
60_COPY::x : 0x7fdd98804010
60_COPY::y : 0x7fdd7be40010
24_ERF::x : 0x7fdd6476f010
24_ERF::y : 0x7fdd59053010
132_SUM::x : 0x7fdd1a13e010
24_ERF::x : 0x7fddc08e4010
24_ERF::y : 0x7fddb51c8010
48_SQRTX::x : 0x7fdd64770010
84_DOT::x : 0x7fdcf205f010
84_DOT::y : 0x7fdcc9f80010
48_SQRTX::x : 0x7fddb51c9010
60_COPY::x : 0x7fdd98805010
60_COPY::y : 0x7fdd7be41010
132_SUM::x : 0x7fdd3c692010
36_DOT::x : 0x7fddbad57010
36_DOT::y : 0x7fdd2b3e9010
48_SQRTX::x : 0x7fdd145b2010
36_POW::a : 0x7fdd6a2fe010
36_POW::b : 0x7fdd59055010
36_POW::y : 0x7fdd47dac010
12_POW::a : 0x7fddc6472010
12_POW::b : 0x7fddc08e4010
12_POW::y : 0x7fddbad56010
60_XPY::x : 0x7fdd9e392010
60_XPY::y : 0x7fdd819ce010
12_POW::a : 0x7fddc6472010
12_POW::b : 0x7fddc08e4010
12_POW::y : 0x7fddbad56010
48_XPY::x : 0x7fdd30f75010
48_XPY::y : 0x7fdd1a13e010
12_ERF::x : 0x7fddc6472010
12_ERF::y : 0x7fddc08e4010
108_SUM::x : 0x7fdce6944010
36_POW::a : 0x7fddbad57010
36_POW::b : 0x7fdd6a2fe010
36_POW::y : 0x7fdd59055010
120_TGAMMA::x : 0x7fddb51c9010
120_TGAMMA::y : 0x7fddaf63b010
48_XPY::x : 0x7fdd98804010
48_XPY::y : 0x7fdd819cd010
12_POW::a : 0x7fdd7be3f010
12_POW::b : 0x7fdd534c7010
12_POW::y : 0x7fdd4d939010
120_TGAMMA::x : 0x7fdd7be3f010
120_TGAMMA::y : 0x7fdd534c7010
60_XPY::x : 0x7fdd92c77010
60_XPY::y : 0x7fdd36b03010
48_ERF::x : 0x7fdd64770010
48_ERF::y : 0x7fdd1fccc010
48_ERF::x : 0x7fddb51c9010
48_ERF::y : 0x7fdd08e95010
36_POW::a : 0x7fdd819ce010
36_POW::b : 0x7fdd6a2fe010
36_POW::y : 0x7fdd59055010
132_SUM::x : 0x7fdcc9f80010
84_DOT::x : 0x7fdd30f76010
84_DOT::y : 0x7fdca1ea1010
60_XPY::x : 0x7fddaf63c010
60_XPY::y : 0x7fdd92c78010
108_SUM::x : 0x7fdcfd77c010
24_POW::a : 0x7fdd8755c010
24_POW::b : 0x7fdd7be40010
24_POW::y : 0x7fdd6fe8b010
12_POW::a : 0x7fdd6a2fd010
12_POW::b : 0x7fdd6476f010
12_POW::y : 0x7fdd5ebe1010
24_POW::a : 0x7fddc08e4010
24_POW::b : 0x7fddb51c8010
24_POW::y : 0x7fdda9aac010
60_COPY::x : 0x7fdd534c7010
60_COPY::y : 0x7fdd36b03010
60_TGAMMA::x : 0x7fdda6ce5010
60_TGAMMA::y : 0x7fdda3f1e010
48_XPY::x : 0x7fdd8d0e7010
48_XPY::y : 0x7fdd1fccc010
12_TGAMMA::x : 0x7fddcc000be0
12_TGAMMA::y : 0x7fddcc9287f0
12_POW::a : 0x7fddc6472010
12_POW::b : 0x7fddc08e4010
12_POW::y : 0x7fddbad56010
48_ERF::x : 0x7fdda3f1f010
48_ERF::y : 0x7fdd08e95010
24_ERF::x : 0x7fddc08e4010
24_ERF::y : 0x7fdd819cb010
60_COPY::x : 0x7fdd5ebe3010
60_COPY::y : 0x7fdd4221f010
12_POW::a : 0x7fddbad56010
12_POW::b : 0x7fdd9e391010
12_POW::y : 0x7fdd98803010
36_POW::a : 0x7fdd8755a010
36_POW::b : 0x7fdd30f76010
36_POW::y : 0x7fdd1fccd010
48_XPY::x : 0x7fdcf205e010
48_XPY::y : 0x7fdcdb227010
120_TGAMMA::x : 0x7fddc6472010
120_TGAMMA::y : 0x7fddc08e4010
132_SUM::x : 0x7fdc9c312010
12_ERF::x : 0x7fddbad56010
12_ERF::y : 0x7fddb51c8010
48_ERF::x : 0x7fdd9e391010
48_ERF::y : 0x7fdd8755a010
48_ERF::x : 0x7fdd64770010
48_ERF::y : 0x7fdd4d939010
84_DOT::x : 0x7fdd2585a010
84_DOT::y : 0x7fdcfd77b010
24_ERF::x : 0x7fddc08e4010
24_ERF::y : 0x7fddb51c8010
60_XPY::x : 0x7fdd98804010
60_XPY::y : 0x7fdd7be40010
24_POW::a : 0x7fdd6fe8b010
24_POW::b : 0x7fdd6476f010
24_POW::y : 0x7fdd59053010
60_XPY::x : 0x7fdce0db7010
60_XPY::y : 0x7fdcc43f3010
60_COPY::x : 0x7fdd3c68f010
60_COPY::y : 0x7fdd1fccb010
132_SUM::x : 0x7fdc854de010
48_SQRTX::x : 0x7fddb51c9010
36_DOT::x : 0x7fdda3f20010
36_DOT::y : 0x7fdd92c77010
12_SQRTX::x : 0x7fdd8d0e9010
12_TGAMMA::x : 0x7fddd4000da0
12_TGAMMA::y : 0x7fddd49289b0
84_DOT::x : 0x7fdd534c8010
84_DOT::y : 0x7fdd2b3e9010
24_ERF::x : 0x7fdd8755b010
24_ERF::y : 0x7fdd7be3f010
36_DOT::x : 0x7fdda3f20010
36_DOT::y : 0x7fdd92c77010
12_SQRTX::x : 0x7fddc6472010
84_SUM::x : 0x7fdd0330a010
108_SUM::x : 0x7fdccfb10010
36_DOT::x : 0x7fddbad57010
36_DOT::y : 0x7fdda9aae010
48_XPY::x : 0x7fdd92c77010
48_XPY::y : 0x7fdd7be40010
12_SQRTX::x : 0x7fddc6472010
12_POW::a : 0x7fddc08e4010
12_POW::b : 0x7fddbad56010
12_POW::y : 0x7fddb51c8010
120_TGAMMA::x : 0x7fddc6472010
120_TGAMMA::y : 0x7fddaf63a010
84_SUM::x : 0x7fdd534c8010
48_XPY::x : 0x7fdd3c691010
48_XPY::y : 0x7fdd2585a010
84_DOT::x : 0x7fdd8755b010
84_DOT::y : 0x7fdcfd77b010
84_SUM::x : 0x7fdd534c8010
120_TGAMMA::x : 0x7fddc08e4010
120_TGAMMA::y : 0x7fddbad56010
36_DOT::x : 0x7fdd6a2fe010
36_DOT::y : 0x7fdd59055010
108_SUM::x : 0x7fdd2585b010
60_TGAMMA::x : 0x7fddc9239010
60_TGAMMA::y : 0x7fddc6472010
60_XPY::x : 0x7fdd9e392010
60_XPY::y : 0x7fdd819ce010
48_XPY::x : 0x7fdd64770010
48_XPY::y : 0x7fdd4d939010
84_COPY::x : 0x7fdd2585a010
84_COPY::y : 0x7fdcfd77b010
48_XPY::x : 0x7fdce6944010
48_XPY::y : 0x7fdccfb0d010
108_SUM::x : 0x7fdd98806010
132_SUM::x : 0x7fdc90bf8010
120_TGAMMA::x : 0x7fdd92c78010
120_TGAMMA::y : 0x7fdd8d0ea010
60_XPY::x : 0x7fdd5ebe3010
60_XPY::y : 0x7fdd4221f010
132_SUM::x : 0x7fdd0330a010
12_POW::a : 0x7fddc6472010
12_POW::b : 0x7fddc08e4010
12_POW::y : 0x7fddbad56010
120_TGAMMA::x : 0x7fddb51c8010
120_TGAMMA::y : 0x7fddaf63a010
36_DOT::x : 0x7fdd9e391010
36_DOT::y : 0x7fdd8d0e8010
60_XPY::x : 0x7fdd5ebe3010
60_XPY::y : 0x7fdd4221f010
12_SQRTX::x : 0x7fddc6472010
12_TGAMMA::x : 0x185f940
12_TGAMMA::y : 0x2187550
36_POW::a : 0x7fddbad57010
36_POW::b : 0x7fdd9e391010
36_POW::y : 0x7fdd8d0e8010
84_DOT::x : 0x7fdd1a140010
84_DOT::y : 0x7fdcf2061010
  итерация 2: 1367714 ms
12_ERF::x : 0x7fddc6472010
12_ERF::y : 0x7fdda9aac010
24_ERF::x : 0x7fddbad56010
24_ERF::y : 0x7fdd6fe8b010
24_ERF::x : 0x7fddaf63a010
24_ERF::y : 0x7fdd6476f010
48_ERF::x : 0x7fdd92c75010
48_ERF::y : 0x7fdd7be3e010
48_SQRTX::x : 0x7fdd4d938010
12_POW::a : 0x7fddc6472010
12_POW::b : 0x7fddc08e4010
12_POW::y : 0x7fddbad56010
132_SUM::x : 0x7fdd0ea23010
12_TGAMMA::x : 0x7fddd4000da0
12_TGAMMA::y : 0x7fddd49289b0
36_DOT::x : 0x7fddbad57010
36_DOT::y : 0x7fdda9aae010
12_POW::a : 0x7fdd75a19010
12_POW::b : 0x7fdd6fe8b010
12_POW::y : 0x7fdd6a2fd010
108_SUM::x : 0x7fdcdb229010
48_SQRTX::x : 0x7fdd92c77010
84_DOT::x : 0x7fdd534c8010
84_DOT::y : 0x7fdcb314a010
132_SUM::x : 0x7fdd145b3010
24_POW::a : 0x7fddc08e4010
24_POW::b : 0x7fddb51c8010
24_POW::y : 0x7fdd8755b010
60_COPY::x : 0x7fdd98804010
60_COPY::y : 0x7fdcf7bef010
48_XPY::x : 0x7fdd3c691010
48_XPY::y : 0x7fdd2585a010
24_ERF::x : 0x7fdd7be3f010
24_ERF::y : 0x7fdd6fe8b010
48_XPY::x : 0x7fddb51c9010
48_XPY::y : 0x7fdd59054010
60_COPY::x : 0x7fdd7be40010
60_COPY::y : 0x7fdcdb22b010
84_DOT::x : 0x7fdcfd77b010
84_DOT::y : 0x7fdcb314c010
48_XPY::x : 0x7fdd9e392010
48_XPY::y : 0x7fdd4221d010
48_SQRTX::x : 0x7fddb51c9010
60_XPY::x : 0x7fdd98805010
60_XPY::y : 0x7fdd5ebe3010
132_SUM::x : 0x7fdc4c158010
84_DOT::x : 0x7fdd36b04010
84_DOT::y : 0x7fdc8b06d010
36_POW::a : 0x7fddbad57010
36_POW::b : 0x7fdd8755c010
36_POW::y : 0x7fdd2585b010
12_ERF::x : 0x7fddb51c9010
12_ERF::y : 0x7fdd819ce010
12_POW::a : 0x7fddaf63b010
12_POW::b : 0x7fdda9aad010
12_POW::y : 0x7fdda3f1f010
36_POW::a : 0x7fdd6a2fe010
36_POW::b : 0x7fdd59055010
36_POW::y : 0x7fdd47dac010
60_XPY::x : 0x7fdd08e97010
60_XPY::y : 0x7fdcec4d3010
48_ERF::x : 0x7fddb51c9010
48_ERF::y : 0x7fdd8d0e8010
60_COPY::x : 0x7fdd2b3e8010
60_COPY::y : 0x7fdccfb0f010
60_XPY::x : 0x7fdd5ebe3010
60_XPY::y : 0x7fdcb314b010
60_TGAMMA::x : 0x7fddc9239010
60_TGAMMA::y : 0x7fddc6472010
60_COPY::x : 0x7fdda9aae010
60_COPY::y : 0x7fdd8d0ea010
120_TGAMMA::x : 0x7fdd8755c010
120_TGAMMA::y : 0x7fdd819ce010
12_POW::a : 0x7fddc6472010
12_POW::b : 0x7fdd7be40010
12_POW::y : 0x7fdd59055010
12_SQRTX::x : 0x7fdd75a19010
24_POW::a : 0x7fdd6a2fd010
24_POW::b : 0x7fdd5ebe1010
24_POW::y : 0x7fdd534c5010
60_XPY::x : 0x7fddaf63c010
60_XPY::y : 0x7fdd92c78010
120_TGAMMA::x : 0x7fdd8d0ea010
120_TGAMMA::y : 0x7fdd7be40010
132_SUM::x : 0x7fdd145b0010
120_TGAMMA::x : 0x7fdd8755c010
120_TGAMMA::y : 0x7fdd819ce010
60_XPY::x : 0x7fddaf63c010
60_XPY::y : 0x7fdd92c78010
84_SUM::x : 0x7fdd534c8010
84_DOT::x : 0x7fdd2b3e9010
84_DOT::y : 0x7fdd0330a010
48_SQRTX::x : 0x7fdd64770010
36_DOT::x : 0x7fdd819cf010
36_DOT::y : 0x7fdcf2061010
108_SUM::x : 0x7fdd98806010
48_XPY::x : 0x7fdd819cf010
48_XPY::y : 0x7fdcec4d3010
36_DOT::x : 0x7fdd6a2fe010
36_DOT::y : 0x7fdd59055010
60_COPY::x : 0x7fdd3c691010
60_COPY::y : 0x7fdd1fccd010
60_XPY::x : 0x7fdd5ebe3010
60_XPY::y : 0x7fdccfb0f010
132_SUM::x : 0x7fdc90bfa010
48_ERF::x : 0x7fddb51c9010
48_ERF::y : 0x7fdd9e392010
132_SUM::x : 0x7fdd1fcce010
48_ERF::x : 0x7fdd8755b010
48_ERF::y : 0x7fdd08e97010
12_TGAMMA::x : 0x7fddd00017d0
12_TGAMMA::y : 0x7fddd09293e0
48_XPY::x : 0x7fdd64770010
48_XPY::y : 0x7fdcf2060010
60_XPY::x : 0x7fddaf63c010
60_XPY::y : 0x7fdcd569c010
48_ERF::x : 0x7fdd4d939010
48_ERF::y : 0x7fdd36b02010
84_SUM::x : 0x7fdd8755d010
12_POW::a : 0x7fdd819cf010
12_POW::b : 0x7fdd7be41010
12_POW::y : 0x7fdd75a19010
24_ERF::x : 0x7fddc08e4010
24_ERF::y : 0x7fddb51c8010
84_COPY::x : 0x7fdd0ea23010
84_COPY::y : 0x7fdce6944010
36_DOT::x : 0x7fdda3f1f010
36_DOT::y : 0x7fdd92c76010
24_ERF::x : 0x7fdd8755a010
24_ERF::y : 0x7fdd7be3e010
12_POW::a : 0x7fddc6472010
12_POW::b : 0x7fddc08e4010
12_POW::y : 0x7fddbad56010
12_SQRTX::x : 0x7fddb51c8010
12_TGAMMA::x : 0x7fddcc000be0
12_TGAMMA::y : 0x7fddcc9287f0
12_POW::a : 0x7fddaf63a010
12_POW::b : 0x7fdda9aac010
12_POW::y : 0x7fdda3f1e010
24_POW::a : 0x7fdd98802010
24_POW::b : 0x7fdd8d0e6010
24_POW::y : 0x7fdd819ca010
36_POW::a : 0x7fddbad57010
36_POW::b : 0x7fdd6a2fe010
36_POW::y : 0x7fdd59055010
12_SQRTX::x : 0x7fddb51c9010
60_XPY::x : 0x7fdd3c691010
60_XPY::y : 0x7fdcc9f80010
132_SUM::x : 0x7fdd7be42010
108_SUM::x : 0x7fdd08e97010
12_TGAMMA::x : 0x7fddd4000da0
12_TGAMMA::y : 0x7fddd49289b0
12_SQRTX::x : 0x7fddc6472010
12_ERF::x : 0x7fddc6472010
12_ERF::y : 0x7fddc08e4010
84_DOT::x : 0x7fdd98805010
84_DOT::y : 0x7fdca1ea1010
36_POW::a : 0x7fdd8755c010
36_POW::b : 0x7fdd6a2fe010
36_POW::y : 0x7fdd59055010
84_DOT::x : 0x7fdd30f76010
84_DOT::y : 0x7fdd08e97010
108_SUM::x : 0x7fdcd569d010
120_TGAMMA::x : 0x7fddc6472010
120_TGAMMA::y : 0x7fddc08e4010
24_ERF::x : 0x7fddb51c8010
24_ERF::y : 0x7fdda9aac010
36_POW::a : 0x7fdd47dac010
36_POW::b : 0x7fdd36b03010
36_POW::y : 0x7fdd2585a010
60_TGAMMA::x : 0x7fdda6ce5010
60_TGAMMA::y : 0x7fdda3f1e010
12_POW::a : 0x7fddbad56010
12_POW::b : 0x7fddb51c8010
12_POW::y : 0x7fddaf63a010
84_SUM::x : 0x7fdd8755b010
120_TGAMMA::x : 0x7fddbad56010
120_TGAMMA::y : 0x7fddb51c8010
48_XPY::x : 0x7fdd64770010
48_XPY::y : 0x7fdd0ea23010
108_SUM::x : 0x7fdd819ce010
120_TGAMMA::x : 0x7fddc6472010
120_TGAMMA::y : 0x7fddc08e4010
36_DOT::x : 0x7fdd6a2fe010
36_DOT::y : 0x7fdd59055010
120_TGAMMA::x : 0x7fddaf63a010
120_TGAMMA::y : 0x7fdda9aac010
48_XPY::x : 0x7fdd92c75010
48_XPY::y : 0x7fdd7be3e010
48_XPY::x : 0x7fdd64770010
48_XPY::y : 0x7fdd4d939010
36_DOT::x : 0x7fddbad57010
36_DOT::y : 0x7fdd3c690010
  итерация 3: 1373361 ms
12_ERF::x : 0x7fddc6472010
12_ERF::y : 0x7fddb51c8010
24_ERF::x : 0x7fddbad56010
24_ERF::y : 0x7fdd5ebe2010
48_ERF::x : 0x7fdd9e391010
48_ERF::y : 0x7fdd47dab010
36_POW::a : 0x7fdd8d0e8010
36_POW::b : 0x7fdd7be3f010
36_POW::y : 0x7fdd6a2fe010
24_ERF::x : 0x7fdd3c68f010
24_ERF::y : 0x7fdd30f73010
84_DOT::x : 0x7fdd08e94010
84_DOT::y : 0x7fdce0db5010
48_SQRTX::x : 0x7fddb51c9010
12_ERF::x : 0x7fddaf63b010
12_ERF::y : 0x7fdda9aad010
48_XPY::x : 0x7fdd92c76010
48_XPY::y : 0x7fdd7be3f010
36_DOT::x : 0x7fdd6a2fe010
36_DOT::y : 0x7fdd59055010
12_TGAMMA::x : 0x7fddd00017d0
12_TGAMMA::y : 0x7fddd09293e0
48_XPY::x : 0x7fddb51c9010
48_XPY::y : 0x7fdd4221e010
60_XPY::x : 0x7fdd2585a010
60_XPY::y : 0x7fdd08e96010
60_COPY::x : 0x7fdd5ebe3010
60_COPY::y : 0x7fdcec4d2010
12_POW::a : 0x7fddaf63b010
12_POW::b : 0x7fdda9aad010
12_POW::y : 0x7fdda3f1f010
120_TGAMMA::x : 0x7fddaf63b010
120_TGAMMA::y : 0x7fdda9aad010
132_SUM::x : 0x7fdcad5bd010
48_SQRTX::x : 0x7fddb51c9010
24_ERF::x : 0x7fdd9e391010
24_ERF::y : 0x7fdd92c75010
60_COPY::x : 0x7fdd5ebe3010
60_COPY::y : 0x7fdd4221f010
60_COPY::x : 0x7fddaf63c010
60_COPY::y : 0x7fdd2585b010
48_SQRTX::x : 0x7fdd7be41010
60_COPY::x : 0x7fdd92c78010
60_COPY::y : 0x7fdd08e97010
132_SUM::x : 0x7fdcc9f82010
12_POW::a : 0x7fdd8d0ea010
12_POW::b : 0x7fdd8755c010
12_POW::y : 0x7fdd819ce010
12_POW::a : 0x7fddc6472010
12_POW::b : 0x7fddc08e4010
12_POW::y : 0x7fddbad56010
36_POW::a : 0x7fdda9aad010
36_POW::b : 0x7fdd98804010
36_POW::y : 0x7fdd6a2fe010
120_TGAMMA::x : 0x7fdd92c76010
120_TGAMMA::y : 0x7fdd8d0e8010
60_XPY::x : 0x7fdd4d93a010
60_XPY::y : 0x7fdd30f76010
60_XPY::x : 0x7fdd145b2010
60_XPY::y : 0x7fdcf7bee010
132_SUM::x : 0x7fdcb8cd9010
12_POW::a : 0x7fddc6472010
12_POW::b : 0x7fddc08e4010
12_POW::y : 0x7fddbad56010
12_SQRTX::x : 0x7fddb51c8010
84_DOT::x : 0x7fdd92c77010
84_DOT::y : 0x7fdd534c8010
12_TGAMMA::x : 0x185f940
12_TGAMMA::y : 0x2187550
120_TGAMMA::x : 0x7fddc6472010
120_TGAMMA::y : 0x7fddc08e4010
84_DOT::x : 0x7fdd2b3e9010
84_DOT::y : 0x7fdd0330a010
48_ERF::x : 0x7fdd7be40010
48_ERF::y : 0x7fdcec4d3010
48_XPY::x : 0x7fdda9aad010
48_XPY::y : 0x7fdd64770010
108_SUM::x : 0x7fdcb8cd9010
108_SUM::x : 0x7fdc854df010
12_POW::a : 0x7fddc6472010
12_POW::b : 0x7fddc08e4010
12_POW::y : 0x7fdda3f1f010
24_POW::a : 0x7fddc08e4010
24_POW::b : 0x7fdd9e391010
24_POW::y : 0x7fdd92c75010
48_ERF::x : 0x7fdda9aad010
48_ERF::y : 0x7fdd7be3e010
48_XPY::x : 0x7fdd64770010
48_XPY::y : 0x7fdd4d939010
24_POW::a : 0x7fdd4221d010
24_POW::b : 0x7fdd36b01010
24_POW::y : 0x7fdd2b3e5010
36_DOT::x : 0x7fdd98804010
36_DOT::y : 0x7fdd1a13c010
48_ERF::x : 0x7fdd36b02010
48_ERF::y : 0x7fdd03305010
84_SUM::x : 0x7fdd534c8010
48_ERF::x : 0x7fddb51c9010
48_ERF::y : 0x7fdd819cd010
60_TGAMMA::x : 0x7fddb2402010
60_TGAMMA::y : 0x7fddaf63b010
36_DOT::x : 0x7fdd9e392010
36_DOT::y : 0x7fdd6a2fe010
36_POW::a : 0x7fdd59055010
36_POW::b : 0x7fdd25859010
36_POW::y : 0x7fdcf205c010
24_ERF::x : 0x7fddc08e4010
24_ERF::y : 0x7fddb51c8010
60_XPY::x : 0x7fdd819ce010
60_XPY::y : 0x7fdd3c691010
24_ERF::x : 0x7fdda9aac010
24_ERF::y : 0x7fdd6fe8b010
84_SUM::x : 0x7fdcc9f7d010
48_XPY::x : 0x7fddb51c9010
48_XPY::y : 0x7fdd9e392010
12_ERF::x : 0x7fdd7be40010
12_ERF::y : 0x7fdd75a19010
108_SUM::x : 0x7fdd08e97010
108_SUM::x : 0x7fdcd569d010
48_XPY::x : 0x7fdd8755b010
48_XPY::y : 0x7fdd64770010
12_SQRTX::x : 0x7fddc6472010
12_POW::a : 0x7fddc6472010
12_POW::b : 0x7fddc08e4010
12_POW::y : 0x7fddbad56010
48_SQRTX::x : 0x7fdda3f1f010
120_TGAMMA::x : 0x7fdd819cd010
120_TGAMMA::y : 0x7fdd7be3f010
132_SUM::x : 0x7fdd3c692010
36_POW::a : 0x7fddbad57010
36_POW::b : 0x7fdd92c76010
36_POW::y : 0x7fdd2b3e9010
60_XPY::x : 0x7fdd0ea25010
60_XPY::y : 0x7fdcf2061010
84_COPY::x : 0x7fdd534c8010
84_COPY::y : 0x7fdcc9f82010
120_TGAMMA::x : 0x7fddb51c9010
120_TGAMMA::y : 0x7fddaf63b010
36_DOT::x : 0x7fdd819cd010
36_DOT::y : 0x7fdd4221f010
12_TGAMMA::x : 0x185f940
12_TGAMMA::y : 0x2187550
60_XPY::x : 0x7fdd92c77010
60_XPY::y : 0x7fdd2585b010
132_SUM::x : 0x7fdc8b06d010
132_SUM::x : 0x7fdc4c158010
84_DOT::x : 0x7fdd534c8010
84_DOT::y : 0x7fdcfd77c010
24_ERF::x : 0x7fddc08e4010
24_ERF::y : 0x7fddb51c8010
60_TGAMMA::x : 0x7fddb2401010
60_TGAMMA::y : 0x7fddaf63a010
60_COPY::x : 0x7fdd92c76010
60_COPY::y : 0x7fdd36b04010
60_XPY::x : 0x7fdce0db8010
60_XPY::y : 0x7fdcc43f4010
12_SQRTX::x : 0x7fddc6472010
48_XPY::x : 0x7fddb51c9010
48_XPY::y : 0x7fdd7be3f010
12_SQRTX::x : 0x7fddaf63b010
48_XPY::x : 0x7fdd64770010
48_XPY::y : 0x7fdd1fccd010
36_POW::a : 0x7fdda3f20010
36_POW::b : 0x7fdd92c77010
36_POW::y : 0x7fdd534c7010
24_POW::a : 0x7fdd47dab010
24_POW::b : 0x7fdd3c68f010
24_POW::y : 0x7fdd145b1010
12_POW::a : 0x7fddc6472010
12_POW::b : 0x7fddc08e4010
12_POW::y : 0x7fddbad56010
84_DOT::x : 0x7fdcec4d2010
84_DOT::y : 0x7fdcc43f3010
120_TGAMMA::x : 0x7fddc6472010
120_TGAMMA::y : 0x7fddc08e4010
132_SUM::x : 0x7fdd145b2010
12_POW::a : 0x7fddbad56010
12_POW::b : 0x7fddb51c8010
12_POW::y : 0x7fddaf63a010
108_SUM::x : 0x7fdd7be40010
60_XPY::x : 0x7fdd5ebe3010
60_XPY::y : 0x7fdcf7bee010
12_TGAMMA::x : 0x185f940
12_TGAMMA::y : 0x2187550
36_DOT::x : 0x7fddbad57010
36_DOT::y : 0x7fdce6945010
120_TGAMMA::x : 0x7fddb51c9010
120_TGAMMA::y : 0x7fddaf63b010
36_DOT::x : 0x7fdd9e392010
36_DOT::y : 0x7fdd8d0e9010
84_DOT::x : 0x7fdd36b04010
84_DOT::y : 0x7fdccfb0f010
84_SUM::x : 0x7fdd0ea25010
  итерация 4: 1359349 ms
  среднее по 5 итерациям: 1366254 ms
=== Выполняется проект: no_po_21.txt (100 работ) ===
12_TGAMMA::x : 0x7fddcc000be0
12_TGAMMA::y : 0x7fddcc9287f0
60_TGAMMA::x : 0x7fdd8a324010
60_TGAMMA::y : 0x7fdd8755d010
48_SQRTX::x : 0x7fdd64770010
132_SUM::x : 0x7fdd8d0eb010
24_POW::a : 0x7fdd7be41010
24_POW::b : 0x7fdd59054010
24_POW::y : 0x7fdd4d938010
60_XPY::x : 0x7fdd30f74010
60_XPY::y : 0x7fdd145b0010
36_POW::a : 0x7fdd6a2fe010
36_POW::b : 0x7fdd03307010
36_POW::y : 0x7fdcf205e010
24_ERF::x : 0x7fddc08e4010
24_ERF::y : 0x7fddb51c8010
48_ERF::x : 0x7fdd9e391010
48_ERF::y : 0x7fdd8755a010
60_XPY::x : 0x7fdd4d93a010
60_XPY::y : 0x7fdcd569a010
60_COPY::x : 0x7fdd30f76010
60_COPY::y : 0x7fdd145b2010
12_TGAMMA::x : 0x7fddd00017d0
12_TGAMMA::y : 0x7fddd09293e0
132_SUM::x : 0x7fdc96785010
108_SUM::x : 0x7fdd98806010
84_DOT::x : 0x7fdd534c8010
84_DOT::y : 0x7fdcec4d3010
12_ERF::x : 0x7fddc6472010
12_ERF::y : 0x7fddc08e4010
60_COPY::x : 0x7fdda3f20010
60_COPY::y : 0x7fdd8755c010
36_DOT::x : 0x7fdd4221f010
36_DOT::y : 0x7fdd30f76010
84_SUM::x : 0x7fdcc43f4010
60_COPY::x : 0x7fdd36b04010
60_COPY::y : 0x7fdd1a140010
84_COPY::x : 0x7fdcc43f4010
84_COPY::y : 0x7fdc9c315010
60_TGAMMA::x : 0x7fddc9239010
60_TGAMMA::y : 0x7fddc6472010
84_DOT::x : 0x7fdd9e393010
84_DOT::y : 0x7fdd534c8010
12_TGAMMA::x : 0x7fddd4000da0
12_TGAMMA::y : 0x7fddd49289b0
36_POW::a : 0x7fdd8d0ea010
36_POW::b : 0x7fdd7be41010
36_POW::y : 0x7fdd4221f010
84_SUM::x : 0x7fdd1a140010
12_TGAMMA::x : 0x7fddd4000da0
12_TGAMMA::y : 0x7fddd49289b0
108_SUM::x : 0x7fdd0ea25010
24_ERF::x : 0x7fddc08e4010
24_ERF::y : 0x7fddb51c8010
12_TGAMMA::x : 0x7fddcc000be0
12_TGAMMA::y : 0x7fddcc9287f0
12_TGAMMA::x : 0x7fddcc000be0
12_TGAMMA::y : 0x7fddcc9287f0
120_TGAMMA::x : 0x7fddaf63a010
120_TGAMMA::y : 0x7fdda9aac010
48_SQRTX::x : 0x7fdd92c75010
84_SUM::x : 0x7fdd534c8010
12_ERF::x : 0x7fddc6472010
12_ERF::y : 0x7fddc08e4010
60_COPY::x : 0x7fdd36b04010
60_COPY::y : 0x7fdd1a140010
12_TGAMMA::x : 0x7fddd4000da0
12_TGAMMA::y : 0x7fddd49289b0
48_SQRTX::x : 0x7fddb51c9010
48_XPY::x : 0x7fdd92c75010
48_XPY::y : 0x7fdd7be3e010
84_DOT::x : 0x7fdd534c8010
84_DOT::y : 0x7fdcf2061010
48_XPY::x : 0x7fddb51c9010
48_XPY::y : 0x7fdcdb22a010
12_ERF::x : 0x7fddaf63b010
12_ERF::y : 0x7fdda9aad010
132_SUM::x : 0x7fdc9c315010
48_ERF::x : 0x7fdd9e392010
48_ERF::y : 0x7fdd8755b010
84_COPY::x : 0x7fdd534c8010
84_COPY::y : 0x7fdd2b3e9010
12_ERF::x : 0x7fddc6472010
12_ERF::y : 0x7fddc08e4010
12_ERF::x : 0x7fddc6472010
12_ERF::y : 0x7fddc08e4010
12_POW::a : 0x7fddbad56010
12_POW::b : 0x7fdd819cd010
12_POW::y : 0x7fdd7be3f010
84_SUM::x : 0x7fdd0330a010
108_SUM::x : 0x7fdd8755c010
132_SUM::x : 0x7fdcc43f5010
12_ERF::x : 0x7fddc6472010
12_ERF::y : 0x7fddc08e4010
12_TGAMMA::x : 0x7fddd4000da0
12_TGAMMA::y : 0x7fddd49289b0
12_SQRTX::x : 0x7fddc6472010
48_SQRTX::x : 0x7fddaf63b010
120_TGAMMA::x : 0x7fdda9aad010
120_TGAMMA::y : 0x7fdda3f1f010
12_SQRTX::x : 0x7fddc6472010
36_POW::a : 0x7fdd92c76010
36_POW::b : 0x7fdd819cd010
36_POW::y : 0x7fdd6a2fe010
120_TGAMMA::x : 0x7fddc6472010
120_TGAMMA::y : 0x7fdd7be3f010
60_COPY::x : 0x7fdd4d93a010
60_COPY::y : 0x7fdd30f76010
60_TGAMMA::x : 0x7fddc36ab010
60_TGAMMA::y : 0x7fddc08e4010
60_TGAMMA::x : 0x7fddbdb1d010
60_TGAMMA::y : 0x7fddbad56010
12_ERF::x : 0x7fddc6472010
12_ERF::y : 0x7fddb51c8010
24_ERF::x : 0x7fdda9aac010
24_ERF::y : 0x7fdd9e390010
48_ERF::x : 0x7fdd87559010
48_ERF::y : 0x7fdd64770010
48_SQRTX::x : 0x7fdd4d939010
12_SQRTX::x : 0x7fddc6472010
48_SQRTX::x : 0x7fdd1a13e010
60_XPY::x : 0x7fdda9aae010
60_XPY::y : 0x7fdd30f75010
12_SQRTX::x : 0x7fddc6472010
24_ERF::x : 0x7fdd9e392010
24_ERF::y : 0x7fdd59054010
84_SUM::x : 0x7fdd08e96010
12_ERF::x : 0x7fddc6472010
12_ERF::y : 0x7fdd98804010
24_POW::a : 0x7fdd92c76010
24_POW::b : 0x7fdd8755a010
24_POW::y : 0x7fdd7be3e010
120_TGAMMA::x : 0x7fddc6472010
120_TGAMMA::y : 0x7fdda3f20010
60_XPY::x : 0x7fdda9aae010
60_XPY::y : 0x7fdd5ebe3010
132_SUM::x : 0x7fdd1fcce010
84_COPY::x : 0x7fdd7be41010
84_COPY::y : 0x7fdcf7bef010
12_TGAMMA::x : 0x7fddcc000be0
12_TGAMMA::y : 0x7fddcc9287f0
12_TGAMMA::x : 0x7fddcc000be0
12_TGAMMA::y : 0x7fddcc9287f0
60_TGAMMA::x : 0x7fddc36ab010
60_TGAMMA::y : 0x7fddc08e4010
12_SQRTX::x : 0x7fddc6472010
12_ERF::x : 0x7fddbad56010
12_ERF::y : 0x7fddb51c8010
12_TGAMMA::x : 0x185f8a0
12_TGAMMA::y : 0x21874b0
120_TGAMMA::x : 0x7fddc6472010
120_TGAMMA::y : 0x7fddaf63a010
60_XPY::x : 0x7fdd5ebe3010
60_XPY::y : 0x7fdd4221f010
48_ERF::x : 0x7fdd2b3e8010
48_ERF::y : 0x7fdce0db8010
36_POW::a : 0x7fddb51c9010
36_POW::b : 0x7fdd9e391010
36_POW::y : 0x7fdd8d0e8010
60_TGAMMA::x : 0x7fddc9239010
60_TGAMMA::y : 0x7fddc6472010
12_SQRTX::x : 0x7fddaf63b010
12_SQRTX::x : 0x7fddaf63b010
12_POW::a : 0x7fdd8755a010
12_POW::b : 0x7fdd819cc010
12_POW::y : 0x7fdd7be3e010
12_POW::a : 0x7fddaf63b010
12_POW::b : 0x7fdd75a19010
12_POW::y : 0x7fdd6fe8b010
12_SQRTX::x : 0x7fddc6472010
24_ERF::x : 0x7fdd819cc010
24_ERF::y : 0x7fdd6476f010
12_SQRTX::x : 0x7fddc6472010
84_COPY::x : 0x7fdd3c690010
84_COPY::y : 0x7fdd145b1010
36_POW::a : 0x7fdd03308010
36_POW::b : 0x7fdcf205f010
36_POW::y : 0x7fdce0db6010
60_TGAMMA::x : 0x7fddc9239010
60_TGAMMA::y : 0x7fddc6472010
24_ERF::x : 0x7fddbad56010
24_ERF::y : 0x7fddaf63a010
  итерация 0: 1165449 ms
120_TGAMMA::x : 0x7fdda3f1f010
120_TGAMMA::y : 0x7fdd8755a010
24_ERF::x : 0x7fddc08e4010
24_ERF::y : 0x7fdd7be3e010
48_SQRTX::x : 0x7fdda9aad010
48_ERF::x : 0x7fdd8d0e8010
48_ERF::y : 0x7fdd64770010
36_POW::a : 0x7fdd534c7010
36_POW::b : 0x7fdd4221e010
36_POW::y : 0x7fdd30f75010
12_TGAMMA::x : 0x7fddcc000be0
12_TGAMMA::y : 0x7fddcc9287f0
132_SUM::x : 0x7fdcf2060010
108_SUM::x : 0x7fdcbe866010
60_COPY::x : 0x7fddaf63c010
60_COPY::y : 0x7fdd92c78010
60_XPY::x : 0x7fdd145b1010
60_XPY::y : 0x7fdcf7bed010
84_SUM::x : 0x7fdccfb0e010
60_COPY::x : 0x7fdd5ebe3010
60_COPY::y : 0x7fdd4221f010
12_ERF::x : 0x7fddc6472010
12_ERF::y : 0x7fddc08e4010
84_SUM::x : 0x7fdd98805010
48_XPY::x : 0x7fdd819ce010
48_XPY::y : 0x7fdce0db6010
12_TGAMMA::x : 0x7fddcc000be0
12_TGAMMA::y : 0x7fddcc9287f0
132_SUM::x : 0x7fdd0330a010
84_DOT::x : 0x7fdda3f21010
84_DOT::y : 0x7fdcb8cd7010
12_ERF::x : 0x7fdd9e393010
12_ERF::y : 0x7fdd98805010
12_TGAMMA::x : 0x7fddd4000da0
12_TGAMMA::y : 0x7fddd49289b0
60_TGAMMA::x : 0x7fdda115a010
60_TGAMMA::y : 0x7fdd9e393010
48_ERF::x : 0x7fdd8755c010
48_ERF::y : 0x7fdd64770010
36_DOT::x : 0x7fdd534c7010
36_DOT::y : 0x7fdd4221e010
12_ERF::x : 0x7fdd9e393010
12_ERF::y : 0x7fdd819ce010
48_SQRTX::x : 0x7fddb51c9010
24_POW::a : 0x7fdda9aad010
24_POW::b : 0x7fdd7be40010
24_POW::y : 0x7fdd36b02010
60_TGAMMA::x : 0x7fdda6ce6010
60_TGAMMA::y : 0x7fdda3f1f010
12_ERF::x : 0x7fdd9e391010
12_ERF::y : 0x7fdd98803010
12_TGAMMA::x : 0x7fddd4000da0
12_TGAMMA::y : 0x7fddd49289b0
12_TGAMMA::x : 0x7fddcc000be0
12_TGAMMA::y : 0x7fddcc9287f0
60_COPY::x : 0x7fdd8d0e9010
60_COPY::y : 0x7fdd5ebe3010
60_TGAMMA::x : 0x7fddc9239010
60_TGAMMA::y : 0x7fddc6472010
84_COPY::x : 0x7fdd0ea23010
84_COPY::y : 0x7fdce6944010
84_COPY::x : 0x7fdd36b04010
84_COPY::y : 0x7fdcbe865010
132_SUM::x : 0x7fdc7f950010
60_COPY::x : 0x7fddaf63c010
60_COPY::y : 0x7fdd92c78010
12_TGAMMA::x : 0x7fddd4000da0
12_TGAMMA::y : 0x7fddd49289b0
36_POW::a : 0x7fdd819cf010
36_POW::b : 0x7fdd6a2fe010
36_POW::y : 0x7fdcad5bc010
48_SQRTX::x : 0x7fdd1fccd010
60_XPY::x : 0x7fdd4d93a010
60_XPY::y : 0x7fdd03309010
84_SUM::x : 0x7fdda3f21010
60_TGAMMA::x : 0x7fdda115a010
60_TGAMMA::y : 0x7fdd9e393010
36_POW::a : 0x7fddbad57010
36_POW::b : 0x7fdda9aae010
36_POW::y : 0x7fdd3c691010
24_ERF::x : 0x7fdd92c77010
24_ERF::y : 0x7fdd8755b010
48_SQRTX::x : 0x7fdd64770010
12_ERF::x : 0x7fdda3f20010
12_ERF::y : 0x7fdd819cd010
36_POW::a : 0x7fdd92c77010
36_POW::b : 0x7fdd534c7010
36_POW::y : 0x7fdd2b3e8010
60_COPY::x : 0x7fdd0ea24010
60_COPY::y : 0x7fdcf2060010
12_ERF::x : 0x7fdda3f20010
12_ERF::y : 0x7fdd8d0e9010
48_ERF::x : 0x7fddb51c9010
48_ERF::y : 0x7fdd64770010
24_ERF::x : 0x7fdda9aad010
24_ERF::y : 0x7fdd8755b010
12_TGAMMA::x : 0x7fddd4000da0
12_TGAMMA::y : 0x7fddd49289b0
12_ERF::x : 0x7fddaf63b010
12_ERF::y : 0x7fdda9aad010
84_SUM::x : 0x7fdd819ce010
12_TGAMMA::x : 0x7fddcc000be0
12_TGAMMA::y : 0x7fddcc9287f0
84_DOT::x : 0x7fdd3c691010
84_DOT::y : 0x7fdd145b2010
48_XPY::x : 0x7fdcfd77b010
48_XPY::y : 0x7fdce6944010
60_TGAMMA::x : 0x7fddc9239010
60_TGAMMA::y : 0x7fddc6472010
60_XPY::x : 0x7fdda9aae010
60_XPY::y : 0x7fdd8d0ea010
12_TGAMMA::x : 0x7fddd00017d0
12_TGAMMA::y : 0x7fddd09293e0
12_SQRTX::x : 0x7fddc6472010
12_TGAMMA::x : 0x185f8a0
12_TGAMMA::y : 0x21874b0
12_ERF::x : 0x7fddc6472010
12_ERF::y : 0x7fdd8755c010
84_SUM::x : 0x7fdd2b3e9010
84_COPY::x : 0x7fdd534c8010
84_COPY::y : 0x7fdd0330a010
108_SUM::x : 0x7fdccfb10010
12_ERF::x : 0x7fddc6472010
12_ERF::y : 0x7fddc08e4010
12_SQRTX::x : 0x7fddbad56010
120_TGAMMA::x : 0x7fddc6472010
120_TGAMMA::y : 0x7fddc08e4010
12_SQRTX::x : 0x7fddbad56010
36_POW::a : 0x7fdda9aad010
36_POW::b : 0x7fdd98804010
36_POW::y : 0x7fdd8755b010
132_SUM::x : 0x7fdcc43f5010
48_ERF::x : 0x7fdd64770010
48_ERF::y : 0x7fdd4d939010
24_POW::a : 0x7fddc08e4010
24_POW::b : 0x7fdd7be3f010
24_POW::y : 0x7fdd4221d010
120_TGAMMA::x : 0x7fddbad56010
120_TGAMMA::y : 0x7fdd3c68f010
48_SQRTX::x : 0x7fdda3f1f010
24_ERF::x : 0x7fdd98803010
24_ERF::y : 0x7fdd8d0e7010
24_ERF::x : 0x7fddc08e4010
24_ERF::y : 0x7fdd819cb010
108_SUM::x : 0x7fdd47dad010
12_SQRTX::x : 0x7fddbad56010
120_TGAMMA::x : 0x7fddb51c8010
120_TGAMMA::y : 0x7fddaf63a010
12_POW::a : 0x7fddbad56010
12_POW::b : 0x7fdda9aac010
12_POW::y : 0x7fdda3f1e010
60_TGAMMA::x : 0x7fddc9239010
60_TGAMMA::y : 0x7fddc6472010
60_XPY::x : 0x7fdd8755a010
60_XPY::y : 0x7fdd5ebe3010
84_DOT::x : 0x7fdd36b04010
84_DOT::y : 0x7fdd0ea25010
12_SQRTX::x : 0x7fddc6472010
12_SQRTX::x : 0x7fddc6472010
12_SQRTX::x : 0x7fddc6472010
60_XPY::x : 0x7fdda9aae010
60_XPY::y : 0x7fdcf2061010
48_SQRTX::x : 0x7fdcdb22a010
120_TGAMMA::x : 0x7fddc6472010
120_TGAMMA::y : 0x7fdda3f20010
12_POW::a : 0x7fdd9e392010
12_POW::b : 0x7fdd98804010
12_POW::y : 0x7fdd92c76010
12_SQRTX::x : 0x7fdd8d0e8010
24_ERF::x : 0x7fdd98804010
24_ERF::y : 0x7fdd819cc010
12_POW::a : 0x7fdd92c76010
12_POW::b : 0x7fdd8d0e8010
12_POW::y : 0x7fdd7be3e010
12_TGAMMA::x : 0x185f8a0
12_TGAMMA::y : 0x21874b0
12_SQRTX::x : 0x7fddc08e4010
60_TGAMMA::x : 0x7fddbdb1d010
60_TGAMMA::y : 0x7fddbad56010
84_COPY::x : 0x7fdd534c8010
84_COPY::y : 0x7fdd2b3e9010
132_SUM::x : 0x7fdcec4d4010
  итерация 1: 1165967 ms
12_TGAMMA::x : 0x7fddd00017d0
12_TGAMMA::y : 0x7fddd09293e0
12_TGAMMA::x : 0x7fddcc000be0
12_TGAMMA::y : 0x7fddcc9287f0
12_ERF::x : 0x7fdd8755d010
12_ERF::y : 0x7fdd819cf010
132_SUM::x : 0x7fdd8d0eb010
12_TGAMMA::x : 0x7fddcc000be0
12_TGAMMA::y : 0x7fddcc9287f0
36_POW::a : 0x7fdd6a2fe010
36_POW::b : 0x7fdd59055010
36_POW::y : 0x7fdd47dac010
84_SUM::x : 0x7fdd1fccd010
12_TGAMMA::x : 0x185f8a0
12_TGAMMA::y : 0x21874b0
120_TGAMMA::x : 0x7fdd8755d010
120_TGAMMA::y : 0x7fdd819cf010
60_COPY::x : 0x7fddaf63c010
60_COPY::y : 0x7fdd92c78010
84_SUM::x : 0x7fdd1fccd010
60_TGAMMA::x : 0x7fdd8feb1010
60_TGAMMA::y : 0x7fdd7ec08010
84_COPY::x : 0x7fdd534c8010
84_COPY::y : 0x7fdd2b3e9010
84_SUM::x : 0x7fdd0330a010
60_XPY::x : 0x7fddaf63c010
60_XPY::y : 0x7fdd92c78010
24_ERF::x : 0x7fdd8755c010
24_ERF::y : 0x7fdd7be40010
12_ERF::x : 0x7fdd2585b010
12_ERF::y : 0x7fdd1fccd010
132_SUM::x : 0x7fdcec4d4010
60_XPY::x : 0x7fdccfb10010
60_XPY::y : 0x7fdcb314c010
84_DOT::x : 0x7fdda3f21010
84_DOT::y : 0x7fdd7be42010
12_ERF::x : 0x7fdd75a19010
12_ERF::y : 0x7fdd6fe8b010
48_ERF::x : 0x7fdd64770010
48_ERF::y : 0x7fdd4d939010
12_TGAMMA::x : 0x185f8a0
12_TGAMMA::y : 0x21874b0
48_SQRTX::x : 0x7fdd36b02010
36_DOT::x : 0x7fdd25859010
36_DOT::y : 0x7fdd145b0010
12_ERF::x : 0x7fddc6472010
12_ERF::y : 0x7fddc08e4010
24_ERF::x : 0x7fddb51c8010
24_ERF::y : 0x7fdda9aac010
12_ERF::x : 0x7fdda3f1e010
12_ERF::y : 0x7fdd9e390010
60_COPY::x : 0x7fdd819cc010
60_COPY::y : 0x7fdd5ebe3010
60_COPY::x : 0x7fdd4221f010
60_COPY::y : 0x7fdd2585b010
12_ERF::x : 0x7fddc6472010
12_ERF::y : 0x7fddc08e4010
12_TGAMMA::x : 0x7fddd00017d0
12_TGAMMA::y : 0x7fddd09293e0
48_ERF::x : 0x7fddb51c9010
48_ERF::y : 0x7fdd9e392010
12_TGAMMA::x : 0x7fddd00017d0
12_TGAMMA::y : 0x7fddd09293e0
108_SUM::x : 0x7fdcf2061010
132_SUM::x : 0x7fdcb314c010
12_TGAMMA::x : 0x185f8a0
12_TGAMMA::y : 0x21874b0
24_ERF::x : 0x7fdd92c76010
24_ERF::y : 0x7fdd8755a010
36_POW::a : 0x7fdd6a2fe010
36_POW::b : 0x7fdd59055010
36_POW::y : 0x7fdd47dac010
12_SQRTX::x : 0x7fddc6472010
12_ERF::x : 0x7fddc6472010
12_ERF::y : 0x7fddc08e4010
84_SUM::x : 0x7fdd98805010
24_POW::a : 0x7fddc08e4010
24_POW::b : 0x7fdd8d0e9010
24_POW::y : 0x7fdd819cd010
60_COPY::x : 0x7fdd2b3e8010
60_COPY::y : 0x7fdd0ea24010
12_TGAMMA::x : 0x7fddd00017d0
12_TGAMMA::y : 0x7fddd09293e0
60_TGAMMA::x : 0x7fddbdb1d010
60_TGAMMA::y : 0x7fddbad56010
60_COPY::x : 0x7fdd9e392010
60_COPY::y : 0x7fdd5ebe3010
36_POW::a : 0x7fdd8d0e9010
36_POW::b : 0x7fdd7be40010
36_POW::y : 0x7fdd4d93a010
60_TGAMMA::x : 0x7fddc9239010
60_TGAMMA::y : 0x7fddc6472010
12_SQRTX::x : 0x7fddc08e4010
12_TGAMMA::x : 0x7fddd4000da0
12_TGAMMA::y : 0x7fddd49289b0
108_SUM::x : 0x7fdd1a140010
48_SQRTX::x : 0x7fdd03309010
108_SUM::x : 0x7fdccfb0f010
48_XPY::x : 0x7fddb51c9010
48_XPY::y : 0x7fdd9e392010
60_TGAMMA::x : 0x7fdd9b5cb010
60_TGAMMA::y : 0x7fdd98804010
84_DOT::x : 0x7fdd534c8010
84_DOT::y : 0x7fdd2b3e9010
60_TGAMMA::x : 0x7fdd95a3d010
60_TGAMMA::y : 0x7fdd92c76010
12_ERF::x : 0x7fddc6472010
12_ERF::y : 0x7fddc08e4010
120_TGAMMA::x : 0x7fddbad56010
120_TGAMMA::y : 0x7fddb51c8010
12_SQRTX::x : 0x7fddc6472010
48_XPY::x : 0x7fdd9e391010
48_XPY::y : 0x7fdd8755a010
132_SUM::x : 0x7fdcec4d4010
60_TGAMMA::x : 0x7fddc9239010
60_TGAMMA::y : 0x7fddc6472010
120_TGAMMA::x : 0x7fddc08e4010
120_TGAMMA::y : 0x7fddaf63a010
12_POW::a : 0x7fddbad56010
12_POW::b : 0x7fddb51c8010
12_POW::y : 0x7fdda9aac010
120_TGAMMA::x : 0x7fdda3f1e010
120_TGAMMA::y : 0x7fdd9e390010
12_POW::a : 0x7fddc6472010
12_POW::b : 0x7fdd98802010
12_POW::y : 0x7fdd92c74010
48_SQRTX::x : 0x7fdd64770010
84_DOT::x : 0x7fdd3c691010
84_DOT::y : 0x7fdd145b2010
48_SQRTX::x : 0x7fddb51c9010
48_ERF::x : 0x7fdd87559010
48_ERF::y : 0x7fdd64770010
48_SQRTX::x : 0x7fdd9e392010
12_SQRTX::x : 0x7fdd819cb010
24_ERF::x : 0x7fddc08e4010
24_ERF::y : 0x7fdd59054010
84_SUM::x : 0x7fdd30f75010
12_TGAMMA::x : 0x7fddcc000be0
12_TGAMMA::y : 0x7fddcc9287f0
60_XPY::x : 0x7fdda3f20010
60_XPY::y : 0x7fdd145b1010
60_XPY::x : 0x7fdd8755c010
60_XPY::y : 0x7fdcf7bed010
36_POW::a : 0x7fdd6a2fe010
36_POW::b : 0x7fdd59055010
36_POW::y : 0x7fdce6944010
84_COPY::x : 0x7fdd30f76010
84_COPY::y : 0x7fdcbe865010
36_POW::a : 0x7fdd6a2fe010
36_POW::b : 0x7fdd59055010
36_POW::y : 0x7fdce6944010
60_XPY::x : 0x7fdd8755c010
60_XPY::y : 0x7fdcf7bed010
12_SQRTX::x : 0x7fddc6472010
12_SQRTX::x : 0x7fddc6472010
24_POW::a : 0x7fddc08e4010
24_POW::b : 0x7fddb51c8010
24_POW::y : 0x7fdda9aac010
12_SQRTX::x : 0x7fdd819ce010
12_ERF::x : 0x7fdd819ce010
12_ERF::y : 0x7fdd7be40010
84_COPY::x : 0x7fdd534c8010
84_COPY::y : 0x7fdd2b3e9010
132_SUM::x : 0x7fdcb8cd8010
120_TGAMMA::x : 0x7fddc6472010
120_TGAMMA::y : 0x7fddc08e4010
48_SQRTX::x : 0x7fdda9aad010
12_SQRTX::x : 0x7fddbad56010
24_ERF::x : 0x7fddaf63a010
24_ERF::y : 0x7fdda3f1e010
12_POW::a : 0x7fddc6472010
12_POW::b : 0x7fddc08e4010
12_POW::y : 0x7fdd9e390010
24_ERF::x : 0x7fdd92c74010
24_ERF::y : 0x7fdd87558010
12_SQRTX::x : 0x7fddbad56010
60_TGAMMA::x : 0x7fddbdb1d010
60_TGAMMA::y : 0x7fddbad56010
48_ERF::x : 0x7fdd64770010
48_ERF::y : 0x7fdd4d939010
84_COPY::x : 0x7fdd2585a010
84_COPY::y : 0x7fdcfd77b010
  итерация 2: 1155894 ms
12_TGAMMA::x : 0x7fddd00017d0
12_TGAMMA::y : 0x7fddd09293e0
132_SUM::x : 0x7fdd8d0eb010
36_DOT::x : 0x7fdd7be42010
36_DOT::y : 0x7fdd1a140010
84_DOT::x : 0x7fdd534c8010
84_DOT::y : 0x7fdd2b3e9010
48_SQRTX::x : 0x7fdd03309010
48_ERF::x : 0x7fdcec4d2010
48_ERF::y : 0x7fdcd569b010
60_COPY::x : 0x7fdd0ea25010
60_COPY::y : 0x7fdcb8cd7010
84_COPY::x : 0x7fdda3f21010
84_COPY::y : 0x7fdd7be42010
108_SUM::x : 0x7fdd47dad010
84_SUM::x : 0x7fdce6946010
84_SUM::x : 0x7fdd1fcce010
12_TGAMMA::x : 0x185f8a0
12_TGAMMA::y : 0x21874b0
24_ERF::x : 0x7fdd8755c010
24_ERF::y : 0x7fdd7be40010
60_COPY::x : 0x7fddaf63c010
60_COPY::y : 0x7fdd92c78010
24_POW::a : 0x7fdd47dac010
24_POW::b : 0x7fdd3c690010
24_POW::y : 0x7fdd30f74010
84_SUM::x : 0x7fdd534c8010
60_TGAMMA::x : 0x7fdd8feb1010
60_TGAMMA::y : 0x7fdd8d0ea010
132_SUM::x : 0x7fdcf205f010
120_TGAMMA::x : 0x7fdd8d0ea010
120_TGAMMA::y : 0x7fdd8755c010
12_TGAMMA::x : 0x7fddd4000da0
12_TGAMMA::y : 0x7fddd49289b0
12_ERF::x : 0x7fddc6472010
12_ERF::y : 0x7fddc08e4010
36_POW::a : 0x7fddaf63b010
36_POW::b : 0x7fdd9e392010
36_POW::y : 0x7fdd6a2fe010
12_TGAMMA::x : 0x7fddd00017d0
12_TGAMMA::y : 0x7fddd09293e0
60_TGAMMA::x : 0x7fddc9239010
60_TGAMMA::y : 0x7fddc6472010
84_DOT::x : 0x7fdd4221f010
84_DOT::y : 0x7fdd1a140010
12_ERF::x : 0x7fddc6472010
12_ERF::y : 0x7fddc08e4010
60_XPY::x : 0x7fdd819ce010
60_XPY::y : 0x7fdcfd77c010
12_TGAMMA::x : 0x7fddd00017d0
12_TGAMMA::y : 0x7fddd09293e0
12_TGAMMA::x : 0x7fddd00017d0
12_TGAMMA::y : 0x7fddd09293e0
48_SQRTX::x : 0x7fdce6945010
48_XPY::x : 0x7fddb51c9010
48_XPY::y : 0x7fdd9e392010
12_ERF::x : 0x7fdd7be40010
12_ERF::y : 0x7fdd75a19010
60_COPY::x : 0x7fdd5ebe3010
60_COPY::y : 0x7fdd4221f010
12_ERF::x : 0x7fdd7be40010
12_ERF::y : 0x7fdd3c691010
12_ERF::x : 0x7fdd98804010
12_ERF::y : 0x7fdd92c76010
24_ERF::x : 0x7fdd8755a010
24_ERF::y : 0x7fdd7be3e010
36_POW::a : 0x7fdd30f76010
36_POW::b : 0x7fdd1fccd010
36_POW::y : 0x7fdd0ea24010
48_ERF::x : 0x7fddb51c9010
48_ERF::y : 0x7fdd9e392010
12_TGAMMA::x : 0x7fddd00017d0
12_TGAMMA::y : 0x7fddd09293e0
60_COPY::x : 0x7fdd819ce010
60_COPY::y : 0x7fdcf2060010
12_ERF::x : 0x7fdd7be40010
12_ERF::y : 0x7fdd75a19010
84_DOT::x : 0x7fdd534c8010
84_DOT::y : 0x7fdcc9f81010
60_XPY::x : 0x7fddaf63c010
60_XPY::y : 0x7fdcad5bd010
120_TGAMMA::x : 0x7fdda9aae010
120_TGAMMA::y : 0x7fdda3f20010
12_TGAMMA::x : 0x7fddd00017d0
12_TGAMMA::y : 0x7fddd09293e0
60_TGAMMA::x : 0x7fdda1159010
60_TGAMMA::y : 0x7fdd9e392010
60_COPY::x : 0x7fdd819ce010
60_COPY::y : 0x7fdd5ebe3010
36_POW::a : 0x7fdd4d93a010
36_POW::b : 0x7fdd3c691010
36_POW::y : 0x7fdd2b3e8010
48_XPY::x : 0x7fddb51c9010
48_XPY::y : 0x7fdd145b1010
12_ERF::x : 0x7fddaf63b010
12_ERF::y : 0x7fdda9aad010
24_ERF::x : 0x7fdda9aad010
24_ERF::y : 0x7fdd08e95010
12_TGAMMA::x : 0x185f8a0
12_TGAMMA::y : 0x21874b0
36_POW::a : 0x7fdda3f20010
36_POW::b : 0x7fdd03308010
36_POW::y : 0x7fdcf205f010
24_ERF::x : 0x7fddc08e4010
24_ERF::y : 0x7fdd1fccc010
132_SUM::x : 0x7fdcb314a010
12_TGAMMA::x : 0x7fddcc000be0
12_TGAMMA::y : 0x7fddcc9287f0
84_SUM::x : 0x7fdd7be41010
48_SQRTX::x : 0x7fddb51c9010
60_TGAMMA::x : 0x7fdda1159010
60_TGAMMA::y : 0x7fdd9e392010
84_SUM::x : 0x7fdd534c8010
12_POW::a : 0x7fddaf63b010
12_POW::b : 0x7fdda9aad010
12_POW::y : 0x7fdd98804010
108_SUM::x : 0x7fdd1fcce010
12_SQRTX::x : 0x7fddc6472010
132_SUM::x : 0x7fdce0db9010
48_SQRTX::x : 0x7fddb51c9010
60_XPY::x : 0x7fdd98805010
60_XPY::y : 0x7fdd7be41010
84_COPY::x : 0x7fdd534c8010
84_COPY::y : 0x7fdd2b3e9010
108_SUM::x : 0x7fdcad5bf010
60_XPY::x : 0x7fdd0ea25010
60_XPY::y : 0x7fdcf2061010
12_SQRTX::x : 0x7fddc6472010
12_SQRTX::x : 0x7fddc6472010
84_COPY::x : 0x7fdd9e393010
84_COPY::y : 0x7fdcc9f82010
12_SQRTX::x : 0x7fddc6472010
12_SQRTX::x : 0x7fddc6472010
60_TGAMMA::x : 0x7fddc9239010
60_TGAMMA::y : 0x7fddc6472010
24_POW::a : 0x7fdd92c77010
24_POW::b : 0x7fdd8755b010
24_POW::y : 0x7fdd7be3f010
12_SQRTX::x : 0x7fdd75a19010
60_TGAMMA::x : 0x7fdd787e0010
60_TGAMMA::y : 0x7fdd75a19010
12_ERF::x : 0x7fddc6472010
12_ERF::y : 0x7fdd6fe8b010
60_TGAMMA::x : 0x7fddc9239010
60_TGAMMA::y : 0x7fddc6472010
12_SQRTX::x : 0x7fdd75a19010
120_TGAMMA::x : 0x7fdd98805010
120_TGAMMA::y : 0x7fdd92c77010
120_TGAMMA::x : 0x7fddc08e4010
120_TGAMMA::y : 0x7fddbad56010
12_POW::a : 0x7fddb51c8010
12_POW::b : 0x7fddaf63a010
12_POW::y : 0x7fdda9aac010
12_ERF::x : 0x7fddc6472010
12_ERF::y : 0x7fdda3f1e010
120_TGAMMA::x : 0x7fddb51c8010
120_TGAMMA::y : 0x7fddaf63a010
84_COPY::x : 0x7fdd534c8010
84_COPY::y : 0x7fdd2b3e9010
132_SUM::x : 0x7fdcec4d4010
24_ERF::x : 0x7fddc08e4010
24_ERF::y : 0x7fdda3f1e010
48_SQRTX::x : 0x7fdd98803010
48_ERF::x : 0x7fdd819cc010
48_ERF::y : 0x7fdd64770010
24_ERF::x : 0x7fddc08e4010
24_ERF::y : 0x7fddb51c8010
12_SQRTX::x : 0x7fddaf63a010
12_TGAMMA::x : 0x7fddd4000da0
12_TGAMMA::y : 0x7fddd49289b0
48_ERF::x : 0x7fddb51c9010
48_ERF::y : 0x7fdd4d939010
60_XPY::x : 0x7fdd30f75010
60_XPY::y : 0x7fdd145b1010
12_SQRTX::x : 0x7fddaf63b010
12_POW::a : 0x7fddaf63b010
12_POW::b : 0x7fdda9aad010
12_POW::y : 0x7fdda3f1f010
48_SQRTX::x : 0x7fdd8d0e8010
36_POW::a : 0x7fdda3f20010
36_POW::b : 0x7fdd7be3f010
36_POW::y : 0x7fdd6a2fe010
  итерация 3: 1200010 ms
24_ERF::x : 0x7fddc08e4010
24_ERF::y : 0x7fdd30f76010
48_SQRTX::x : 0x7fdda9aad010
132_SUM::x : 0x7fdd3c692010
84_COPY::x : 0x7fdd819ce010
84_COPY::y : 0x7fdd08e97010
12_TGAMMA::x : 0x7fddcc000be0
12_TGAMMA::y : 0x7fddcc9287f0
12_TGAMMA::x : 0x7fddcc000be0
12_TGAMMA::y : 0x7fddcc9287f0
108_SUM::x : 0x7fdcd569d010
12_TGAMMA::x : 0x7fddcc000be0
12_TGAMMA::y : 0x7fddcc9287f0
60_TGAMMA::x : 0x7fddc9239010
60_TGAMMA::y : 0x7fddc6472010
12_ERF::x : 0x7fddc08e4010
12_ERF::y : 0x7fddbad56010
132_SUM::x : 0x7fdd3c692010
60_COPY::x : 0x7fdda9aae010
60_COPY::y : 0x7fdcec4d3010
12_TGAMMA::x : 0x7fddcc000be0
12_TGAMMA::y : 0x7fddcc9287f0
84_SUM::x : 0x7fdcc43f4010
24_POW::a : 0x7fdd9e392010
24_POW::b : 0x7fdd92c76010
24_POW::y : 0x7fdd8755a010
60_XPY::x : 0x7fdd1fcce010
60_XPY::y : 0x7fdccfb0f010
48_ERF::x : 0x7fdd64770010
48_ERF::y : 0x7fdd4d939010
36_POW::a : 0x7fddbad57010
36_POW::b : 0x7fdda9aae010
36_POW::y : 0x7fdd0ea25010
84_SUM::x : 0x7fdd819cf010
48_XPY::x : 0x7fdd92c77010
48_XPY::y : 0x7fdd7be40010
60_TGAMMA::x : 0x7fdd787e0010
60_TGAMMA::y : 0x7fdd75a19010
84_DOT::x : 0x7fdd4d93a010
84_DOT::y : 0x7fdd2585b010
36_POW::a : 0x7fddbad57010
36_POW::b : 0x7fdda9aae010
36_POW::y : 0x7fdd145b2010
12_TGAMMA::x : 0x185f8a0
12_TGAMMA::y : 0x21874b0
12_ERF::x : 0x7fdda3f20010
12_ERF::y : 0x7fdd9e392010
48_SQRTX::x : 0x7fdd8755b010
36_DOT::x : 0x7fdd03309010
36_DOT::y : 0x7fdcf2060010
60_COPY::x : 0x7fdd5ebe3010
60_COPY::y : 0x7fdd4221f010
12_TGAMMA::x : 0x7fddd00017d0
12_TGAMMA::y : 0x7fddd09293e0
60_XPY::x : 0x7fdd8d0ea010
60_XPY::y : 0x7fdd2585b010
84_SUM::x : 0x7fdcec4d3010
60_COPY::x : 0x7fddaf63c010
60_COPY::y : 0x7fdccfb0f010
12_ERF::x : 0x7fdda9aae010
12_ERF::y : 0x7fdd8755c010
60_TGAMMA::x : 0x7fddac875010
60_TGAMMA::y : 0x7fdda9aae010
60_COPY::x : 0x7fdd8d0ea010
60_COPY::y : 0x7fdd2585b010
60_XPY::x : 0x7fdd5ebe3010
60_XPY::y : 0x7fdd4221f010
12_ERF::x : 0x7fdda9aae010
12_ERF::y : 0x7fdd8755c010
48_XPY::x : 0x7fddb51c9010
48_XPY::y : 0x7fdd0ea24010
108_SUM::x : 0x7fdcdb22a010
60_XPY::x : 0x7fdd98805010
60_XPY::y : 0x7fdd7be41010
60_COPY::x : 0x7fdd5ebe3010
60_COPY::y : 0x7fdd4221f010
24_ERF::x : 0x7fdd36b03010
24_ERF::y : 0x7fdd2b3e7010
84_DOT::x : 0x7fdd03308010
84_DOT::y : 0x7fdcdb229010
120_TGAMMA::x : 0x7fddc6472010
120_TGAMMA::y : 0x7fddc08e4010
48_ERF::x : 0x7fdda9aad010
48_ERF::y : 0x7fdd92c76010
12_TGAMMA::x : 0x7fddcc000be0
12_TGAMMA::y : 0x7fddcc9287f0
12_ERF::x : 0x7fdd8d0e8010
12_ERF::y : 0x7fdd8755a010
60_TGAMMA::x : 0x7fdd84793010
60_TGAMMA::y : 0x7fdd819cc010
12_ERF::x : 0x7fdd8d0e8010
12_ERF::y : 0x7fdd8755a010
12_ERF::x : 0x7fddc6472010
12_ERF::y : 0x7fddc08e4010
132_SUM::x : 0x7fdd3c692010
12_SQRTX::x : 0x7fddbad56010
120_TGAMMA::x : 0x7fddbad56010
120_TGAMMA::y : 0x7fddb51c8010
12_ERF::x : 0x7fddaf63a010
12_ERF::y : 0x7fdda9aac010
12_SQRTX::x : 0x7fddc6472010
12_TGAMMA::x : 0x185f8a0
12_TGAMMA::y : 0x21874b0
84_COPY::x : 0x7fdd8d0e9010
84_COPY::y : 0x7fdd145b3010
12_TGAMMA::x : 0x185f8a0
12_TGAMMA::y : 0x21874b0
60_TGAMMA::x : 0x7fddc9239010
60_TGAMMA::y : 0x7fddc6472010
84_SUM::x : 0x7fdd534c8010
12_TGAMMA::x : 0x185f8a0
12_TGAMMA::y : 0x21874b0
24_ERF::x : 0x7fddc08e4010
24_ERF::y : 0x7fdd819cd010
36_POW::a : 0x7fdd6a2fe010
36_POW::b : 0x7fdd59055010
36_POW::y : 0x7fdd47dac010
84_DOT::x : 0x7fdcec4d4010
84_DOT::y : 0x7fdcc43f5010
48_SQRTX::x : 0x7fdda9aad010
12_ERF::x : 0x7fddc6472010
12_ERF::y : 0x7fddc08e4010
120_TGAMMA::x : 0x7fddc6472010
120_TGAMMA::y : 0x7fddc08e4010
84_SUM::x : 0x7fdd98805010
132_SUM::x : 0x7fdd08e97010
108_SUM::x : 0x7fdd47dad010
48_ERF::x : 0x7fdda9aad010
48_ERF::y : 0x7fdd92c76010
24_POW::a : 0x7fdd8755a010
24_POW::b : 0x7fdd7be3e010
24_POW::y : 0x7fdd3c691010
12_POW::a : 0x7fddc6472010
12_POW::b : 0x7fddc08e4010
12_POW::y : 0x7fdd36b03010
12_SQRTX::x : 0x7fdd75a19010
48_SQRTX::x : 0x7fdd64770010
12_POW::a : 0x7fddc6472010
12_POW::b : 0x7fddc08e4010
12_POW::y : 0x7fdd5ebe2010
120_TGAMMA::x : 0x7fddbad56010
120_TGAMMA::y : 0x7fddb51c8010
36_POW::a : 0x7fdda3f1f010
36_POW::b : 0x7fdd92c76010
36_POW::y : 0x7fdd819cd010
12_TGAMMA::x : 0x7fddd00017d0
12_TGAMMA::y : 0x7fddd09293e0
24_ERF::x : 0x7fddc08e4010
24_ERF::y : 0x7fdd59054010
84_COPY::x : 0x7fdd30f75010
84_COPY::y : 0x7fdd08e96010
84_COPY::x : 0x7fdce0db7010
84_COPY::y : 0x7fdcb8cd8010
36_POW::a : 0x7fddbad57010
36_POW::b : 0x7fdd6a2fe010
36_POW::y : 0x7fdd59055010
12_SQRTX::x : 0x7fddb51c9010
60_TGAMMA::x : 0x7fddb7f90010
60_TGAMMA::y : 0x7fddb51c9010
120_TGAMMA::x : 0x7fddaf63b010
120_TGAMMA::y : 0x7fdda9aad010
12_POW::a : 0x7fddb51c9010
12_POW::b : 0x7fdda3f1f010
12_POW::y : 0x7fdd9e391010
12_SQRTX::x : 0x7fdd98803010
24_ERF::x : 0x7fdd92c75010
24_ERF::y : 0x7fdd87559010
12_SQRTX::x : 0x7fddc6472010
60_TGAMMA::x : 0x7fddc9239010
60_TGAMMA::y : 0x7fddc6472010
48_SQRTX::x : 0x7fdd64770010
24_ERF::x : 0x7fddbad56010
24_ERF::y : 0x7fdd9e391010
132_SUM::x : 0x7fdd2585b010
12_SQRTX::x : 0x7fddc6472010
60_XPY::x : 0x7fdd819cd010
60_XPY::y : 0x7fdd08e97010
12_SQRTX::x : 0x7fddc6472010
12_SQRTX::x : 0x7fddc08e4010
48_SQRTX::x : 0x7fdda9aad010
48_ERF::x : 0x7fdd64770010
48_ERF::y : 0x7fdcf2060010
  итерация 4: 1148900 ms
  среднее по 5 итерациям: 1167244 ms
=== Выполняется проект: no_po_22.txt (100 работ) ===
12_ERF::x : 0x7fddaf63b010
12_ERF::y : 0x7fdd9e391010
24_ERF::x : 0x7fdda3f1f010
24_ERF::y : 0x7fdd534c7010
48_ERF::x : 0x7fddb51c9010
48_ERF::y : 0x7fdd3c690010
60_COPY::x : 0x7fdd819cd010
60_COPY::y : 0x7fdd5ebe3010
84_DOT::x : 0x7fdd145b1010
84_DOT::y : 0x7fdcec4d2010
132_SUM::x : 0x7fdcad5bd010
60_XPY::x : 0x7fddaf63c010
60_XPY::y : 0x7fdd4221f010
48_ERF::x : 0x7fdd98805010
48_ERF::y : 0x7fdd819ce010
48_ERF::x : 0x7fdd64770010
48_ERF::y : 0x7fdd2b3e8010
108_SUM::x : 0x7fdcf7bee010
12_ERF::x : 0x7fddc6472010
12_ERF::y : 0x7fddc08e4010
84_SUM::x : 0x7fdd8755d010
48_XPY::x : 0x7fdd4d939010
48_XPY::y : 0x7fdd145b1010
12_POW::a : 0x7fddc6472010
12_POW::b : 0x7fddc08e4010
12_POW::y : 0x7fddbad56010
12_TGAMMA::x : 0x7fddd00017d0
12_TGAMMA::y : 0x7fddd09293e0
36_DOT::x : 0x7fdd6a2fe010
36_DOT::y : 0x7fdd3c690010
24_POW::a : 0x7fddaf63a010
24_POW::b : 0x7fdda3f1e010
24_POW::y : 0x7fdd98802010
108_SUM::x : 0x7fdce0db7010
24_POW::a : 0x7fddc08e4010
24_POW::b : 0x7fdd8d0e6010
24_POW::y : 0x7fdd819ca010
84_DOT::x : 0x7fdd534c8010
84_DOT::y : 0x7fdd2b3e9010
60_TGAMMA::x : 0x7fddbdb1d010
60_TGAMMA::y : 0x7fddbad56010
24_POW::a : 0x7fddaf63a010
24_POW::b : 0x7fdda3f1e010
24_POW::y : 0x7fdd98802010
84_DOT::x : 0x7fdd0330a010
84_DOT::y : 0x7fdcdb22b010
120_TGAMMA::x : 0x7fddc6472010
120_TGAMMA::y : 0x7fddc08e4010
48_XPY::x : 0x7fdd819cb010
48_XPY::y : 0x7fdd64770010
24_ERF::x : 0x7fddb51c8010
24_ERF::y : 0x7fdda9aac010
84_COPY::x : 0x7fdd3c691010
84_COPY::y : 0x7fdd145b2010
48_SQRTX::x : 0x7fdd92c75010
24_POW::a : 0x7fddb51c8010
24_POW::b : 0x7fdda9aac010
24_POW::y : 0x7fdd87559010
36_POW::a : 0x7fdd6a2fe010
36_POW::b : 0x7fdd03309010
36_POW::y : 0x7fdcf2060010
60_TGAMMA::x : 0x7fddc9239010
60_TGAMMA::y : 0x7fddc6472010
12_POW::a : 0x7fddc08e4010
12_POW::b : 0x7fddbad56010
12_POW::y : 0x7fddb51c8010
84_DOT::x : 0x7fdd8d0e9010
84_DOT::y : 0x7fdd4221f010
84_DOT::x : 0x7fdd1a140010
84_DOT::y : 0x7fdcc9f81010
12_ERF::x : 0x7fddc6472010
12_ERF::y : 0x7fddc08e4010
48_SQRTX::x : 0x7fdd03309010
60_XPY::x : 0x7fdcad5bd010
60_XPY::y : 0x7fdc90bf9010
48_SQRTX::x : 0x7fddb51c9010
48_SQRTX::x : 0x7fdd9e392010
60_XPY::x : 0x7fdd819ce010
60_XPY::y : 0x7fdd5ebe3010
24_POW::a : 0x7fdd534c7010
24_POW::b : 0x7fdd47dab010
24_POW::y : 0x7fdd3c68f010
12_SQRTX::x : 0x7fddc6472010
24_POW::a : 0x7fddbad56010
24_POW::b : 0x7fddaf63a010
24_POW::y : 0x7fdda3f1e010
36_POW::a : 0x7fdd2b3e6010
36_POW::b : 0x7fdd1a13d010
36_POW::y : 0x7fdd08e94010
84_SUM::x : 0x7fdce0db5010
36_DOT::x : 0x7fdd92c75010
36_DOT::y : 0x7fdd819cc010
84_COPY::x : 0x7fdda3f21010
84_COPY::y : 0x7fdd534c8010
60_TGAMMA::x : 0x7fdd7ec05010
60_TGAMMA::y : 0x7fdd7be3e010
12_SQRTX::x : 0x7fdd4d93a010
24_POW::a : 0x7fdd98805010
24_POW::b : 0x7fdd8d0e9010
24_POW::y : 0x7fdd819cd010
60_TGAMMA::x : 0x7fdd50701010
60_TGAMMA::y : 0x7fdd4d93a010
60_COPY::x : 0x7fdd30f76010
60_COPY::y : 0x7fdd145b2010
12_POW::a : 0x7fddc6472010
12_POW::b : 0x7fddc08e4010
12_POW::y : 0x7fddbad56010
36_DOT::x : 0x7fdda9aad010
36_DOT::y : 0x7fdd6a2fe010
60_COPY::x : 0x7fdd8d0e9010
60_COPY::y : 0x7fdd4d93a010
12_SQRTX::x : 0x7fddc6472010
120_TGAMMA::x : 0x7fddc08e4010
120_TGAMMA::y : 0x7fddbad56010
12_SQRTX::x : 0x7fddc6472010
48_XPY::x : 0x7fdcfd77b010
48_XPY::y : 0x7fdce6944010
132_SUM::x : 0x7fdca7a2f010
24_POW::a : 0x7fddaf63a010
24_POW::b : 0x7fdd819cd010
24_POW::y : 0x7fdd6fe8b010
48_SQRTX::x : 0x7fdd98803010
24_POW::a : 0x7fddc08e4010
24_POW::b : 0x7fdd6476f010
24_POW::y : 0x7fdd59053010
12_POW::a : 0x7fddbad56010
12_POW::b : 0x7fdd92c75010
12_POW::y : 0x7fdd7be3f010
60_TGAMMA::x : 0x7fddac873010
60_TGAMMA::y : 0x7fdda9aac010
60_XPY::x : 0x7fdd3c68f010
60_XPY::y : 0x7fdd1fccb010
60_TGAMMA::x : 0x7fddc9239010
60_TGAMMA::y : 0x7fddc6472010
48_ERF::x : 0x7fddaf63b010
48_ERF::y : 0x7fdd92c75010
12_POW::a : 0x7fdda9aad010
12_POW::b : 0x7fdd8d0e7010
12_POW::y : 0x7fdd87559010
60_XPY::x : 0x7fdd5ebe3010
60_XPY::y : 0x7fdd03307010
36_DOT::x : 0x7fdd819cc010
36_DOT::y : 0x7fdcf205e010
84_COPY::x : 0x7fdd36b04010
84_COPY::y : 0x7fdcc9f7f010
60_XPY::x : 0x7fddaf63c010
60_XPY::y : 0x7fdd92c78010
12_TGAMMA::x : 0x7fddd4000da0
12_TGAMMA::y : 0x7fddd49289b0
108_SUM::x : 0x7fdc96785010
12_POW::a : 0x7fdd8d0ea010
12_POW::b : 0x7fdd8755c010
12_POW::y : 0x7fdd819ce010
60_TGAMMA::x : 0x7fdd8feb1010
60_TGAMMA::y : 0x7fdd8d0ea010
48_SQRTX::x : 0x7fdd64770010
12_ERF::x : 0x7fdd8755c010
12_ERF::y : 0x7fdd819ce010
120_TGAMMA::x : 0x7fddc6472010
120_TGAMMA::y : 0x7fddc08e4010
84_DOT::x : 0x7fdd98805010
84_DOT::y : 0x7fdd3c691010
36_POW::a : 0x7fdd8755c010
36_POW::b : 0x7fdd2b3e8010
36_POW::y : 0x7fdd1a13f010
84_SUM::x : 0x7fdcf2060010
48_ERF::x : 0x7fdd64770010
48_ERF::y : 0x7fdd03308010
12_ERF::x : 0x7fddc6472010
12_ERF::y : 0x7fddc08e4010
48_SQRTX::x : 0x7fdda9aad010
24_ERF::x : 0x7fddc08e4010
24_ERF::y : 0x7fdd9e391010
84_DOT::x : 0x7fdd3c691010
84_DOT::y : 0x7fdcdb229010
60_COPY::x : 0x7fdd8d0e9010
60_COPY::y : 0x7fdd1fccd010
120_TGAMMA::x : 0x7fddc6472010
120_TGAMMA::y : 0x7fddc08e4010
60_COPY::x : 0x7fdd03309010
60_COPY::y : 0x7fdcbe865010
60_TGAMMA::x : 0x7fddbdb1d010
60_TGAMMA::y : 0x7fddbad56010
120_TGAMMA::x : 0x7fddb51c8010
120_TGAMMA::y : 0x7fddaf63a010
12_ERF::x : 0x7fdda9aac010
12_ERF::y : 0x7fdda3f1e010
60_XPY::x : 0x7fdd8755a010
60_XPY::y : 0x7fdd5ebe3010
60_TGAMMA::x : 0x7fddc9239010
60_TGAMMA::y : 0x7fddc6472010
60_COPY::x : 0x7fdd4221f010
60_COPY::y : 0x7fdd2585b010
60_TGAMMA::x : 0x7fddc9239010
60_TGAMMA::y : 0x7fddc6472010
108_SUM::x : 0x7fdcf2061010
48_ERF::x : 0x7fddaf63b010
48_ERF::y : 0x7fdd98804010
  итерация 0: 1331820 ms
24_ERF::x : 0x7fdd9e391010
24_ERF::y : 0x7fdd59054010
24_POW::a : 0x7fdda9aad010
24_POW::b : 0x7fdd30f74010
24_POW::y : 0x7fdd25858010
48_ERF::x : 0x7fddb51c9010
48_ERF::y : 0x7fdd64770010
60_COPY::x : 0x7fdd819cd010
60_COPY::y : 0x7fdd3c690010
120_TGAMMA::x : 0x7fdda3f1f010
120_TGAMMA::y : 0x7fdd9e391010
48_XPY::x : 0x7fdd25859010
48_XPY::y : 0x7fdd0ea22010
36_DOT::x : 0x7fddbad57010
36_DOT::y : 0x7fdda9aae010
84_COPY::x : 0x7fdd534c8010
84_COPY::y : 0x7fdce6943010
84_SUM::x : 0x7fdd2b3e9010
48_SQRTX::x : 0x7fdd92c77010
12_ERF::x : 0x7fddc6472010
12_ERF::y : 0x7fddc08e4010
24_POW::a : 0x7fddc08e4010
24_POW::b : 0x7fddb51c8010
24_POW::y : 0x7fdd8755b010
12_TGAMMA::x : 0x7fddd00017d0
12_TGAMMA::y : 0x7fddd09293e0
48_XPY::x : 0x7fdd3c691010
48_XPY::y : 0x7fdd2585a010
60_TGAMMA::x : 0x7fddb2401010
60_TGAMMA::y : 0x7fddaf63a010
24_ERF::x : 0x7fdda9aac010
24_ERF::y : 0x7fdd9e390010
48_ERF::x : 0x7fddb51c9010
48_ERF::y : 0x7fdd87559010
84_DOT::x : 0x7fdd2b3e9010
84_DOT::y : 0x7fdcbe864010
24_POW::a : 0x7fdd6fe8b010
24_POW::b : 0x7fdd6476f010
24_POW::y : 0x7fdd59053010
108_SUM::x : 0x7fdcf7bef010
84_DOT::x : 0x7fdda3f21010
84_DOT::y : 0x7fdd7be42010
84_DOT::x : 0x7fdd534c8010
84_DOT::y : 0x7fdc96785010
12_POW::a : 0x7fdd4d93a010
12_POW::b : 0x7fdd47dac010
12_POW::y : 0x7fdd4221e010
84_DOT::x : 0x7fdd1a13f010
84_DOT::y : 0x7fdcf2060010
48_ERF::x : 0x7fdcdb229010
48_ERF::y : 0x7fdcc43f2010
24_POW::a : 0x7fddc08e4010
24_POW::b : 0x7fddb51c8010
24_POW::y : 0x7fdda9aac010
48_SQRTX::x : 0x7fdd92c75010
12_ERF::x : 0x7fdd8d0e7010
12_ERF::y : 0x7fdd87559010
36_DOT::x : 0x7fdd6a2fe010
36_DOT::y : 0x7fdd59055010
84_SUM::x : 0x7fdd30f76010
36_POW::a : 0x7fdd98803010
36_POW::b : 0x7fdd8755a010
36_POW::y : 0x7fdd1fccd010
108_SUM::x : 0x7fdcec4d3010
60_COPY::x : 0x7fddaf63c010
60_COPY::y : 0x7fdd5ebe3010
12_TGAMMA::x : 0x185f8a0
12_TGAMMA::y : 0x21874b0
60_COPY::x : 0x7fdd4221f010
60_COPY::y : 0x7fdccfb0f010
60_XPY::x : 0x7fdd03309010
60_XPY::y : 0x7fdcb314b010
36_POW::a : 0x7fdd9e393010
36_POW::b : 0x7fdd8d0ea010
36_POW::y : 0x7fdd7be41010
12_SQRTX::x : 0x7fddc6472010
12_ERF::x : 0x7fddc6472010
12_ERF::y : 0x7fddc08e4010
84_COPY::x : 0x7fdd1a140010
84_COPY::y : 0x7fdcf2061010
60_TGAMMA::x : 0x7fddbdb1d010
60_TGAMMA::y : 0x7fddbad56010
24_POW::a : 0x7fddc08e4010
24_POW::b : 0x7fdd6fe8b010
24_POW::y : 0x7fdd6476f010
12_POW::a : 0x7fddb51c8010
12_POW::b : 0x7fddaf63a010
12_POW::y : 0x7fdda9aac010
24_POW::a : 0x7fdd9e390010
24_POW::b : 0x7fdd92c74010
24_POW::y : 0x7fdd87558010
132_SUM::x : 0x7fdcb314c010
84_COPY::x : 0x7fdd534c8010
84_COPY::y : 0x7fdc8b06d010
12_POW::a : 0x7fddc6472010
12_POW::b : 0x7fddc08e4010
12_POW::y : 0x7fddbad56010
108_SUM::x : 0x7fdd8755c010
120_TGAMMA::x : 0x7fddc6472010
120_TGAMMA::y : 0x7fddc08e4010
60_TGAMMA::x : 0x7fddbdb1d010
60_TGAMMA::y : 0x7fddbad56010
24_POW::a : 0x7fddaf63a010
24_POW::b : 0x7fdda3f1e010
24_POW::y : 0x7fdd98802010
12_SQRTX::x : 0x7fdd92c74010
48_ERF::x : 0x7fdd64770010
48_ERF::y : 0x7fdd4d939010
84_DOT::x : 0x7fdd2585a010
84_DOT::y : 0x7fdcfd77b010
36_DOT::x : 0x7fddaf63b010
36_DOT::y : 0x7fdd9e392010
60_TGAMMA::x : 0x7fddc9239010
60_TGAMMA::y : 0x7fddc6472010
48_XPY::x : 0x7fddaf63b010
48_XPY::y : 0x7fdd98804010
84_DOT::x : 0x7fdcd569c010
84_DOT::y : 0x7fdcad5bd010
60_TGAMMA::x : 0x7fddc9239010
60_TGAMMA::y : 0x7fddc6472010
60_XPY::x : 0x7fdd7be40010
60_XPY::y : 0x7fdd5ebe3010
120_TGAMMA::x : 0x7fddc6472010
120_TGAMMA::y : 0x7fdd59055010
24_POW::a : 0x7fddbad56010
24_POW::b : 0x7fddaf63a010
24_POW::y : 0x7fdda3f1e010
12_POW::a : 0x7fdd9e390010
12_POW::b : 0x7fdd98802010
12_POW::y : 0x7fdd92c74010
60_TGAMMA::x : 0x7fdd8fead010
60_TGAMMA::y : 0x7fdd8d0e6010
120_TGAMMA::x : 0x7fdd9e390010
120_TGAMMA::y : 0x7fdd98802010
60_TGAMMA::x : 0x7fddc36ab010
60_TGAMMA::y : 0x7fddc08e4010
48_SQRTX::x : 0x7fdda9aad010
60_XPY::x : 0x7fdd7be3e010
60_XPY::y : 0x7fdd5ebe3010
24_POW::a : 0x7fddc08e4010
24_POW::b : 0x7fdd534c7010
24_POW::y : 0x7fdd47dab010
12_POW::a : 0x7fddbad56010
12_POW::b : 0x7fddb51c8010
12_POW::y : 0x7fddaf63a010
12_SQRTX::x : 0x7fdda9aac010
48_SQRTX::x : 0x7fdd98803010
60_TGAMMA::x : 0x7fddbdb1d010
60_TGAMMA::y : 0x7fddbad56010
60_XPY::x : 0x7fdd7be3f010
60_XPY::y : 0x7fdd5ebe3010
48_ERF::x : 0x7fdd47dac010
48_ERF::y : 0x7fdd30f75010
24_ERF::x : 0x7fddc08e4010
24_ERF::y : 0x7fddb51c8010
60_TGAMMA::x : 0x7fddb2401010
60_TGAMMA::y : 0x7fddaf63a010
48_SQRTX::x : 0x7fddb51c9010
36_DOT::x : 0x7fdda3f20010
36_DOT::y : 0x7fdd1fccc010
132_SUM::x : 0x7fdce0db7010
60_TGAMMA::x : 0x7fdda1159010
60_TGAMMA::y : 0x7fdd9e392010
12_POW::a : 0x7fddaf63b010
12_POW::b : 0x7fdda9aad010
12_POW::y : 0x7fdd98804010
84_SUM::x : 0x7fdd534c8010
12_ERF::x : 0x7fddc6472010
12_ERF::y : 0x7fddc08e4010
48_SQRTX::x : 0x7fdda9aad010
60_COPY::x : 0x7fdd8d0e9010
60_COPY::y : 0x7fdd36b04010
84_DOT::x : 0x7fdd534c8010
84_DOT::y : 0x7fdd0ea25010
12_SQRTX::x : 0x7fddc6472010
60_XPY::x : 0x7fdcf2061010
60_XPY::y : 0x7fdcd569d010
120_TGAMMA::x : 0x7fddc6472010
120_TGAMMA::y : 0x7fddc08e4010
48_SQRTX::x : 0x7fdda9aad010
60_XPY::x : 0x7fdd8d0e9010
60_XPY::y : 0x7fdd5ebe3010
12_ERF::x : 0x7fdd8755b010
12_ERF::y : 0x7fdd819cd010
12_ERF::x : 0x7fddc6472010
12_ERF::y : 0x7fddc08e4010
36_POW::a : 0x7fddaf63b010
36_POW::b : 0x7fdd4d93a010
36_POW::y : 0x7fdd3c691010
60_COPY::x : 0x7fdd1fccd010
60_COPY::y : 0x7fdd03309010
60_COPY::x : 0x7fdce6945010
60_COPY::y : 0x7fdcc9f81010
108_SUM::x : 0x7fdd7be41010
48_ERF::x : 0x7fddb51c9010
48_ERF::y : 0x7fdd64770010
60_XPY::x : 0x7fdd47dac010
60_XPY::y : 0x7fdd2b3e8010
  итерация 1: 1345422 ms
24_POW::a : 0x7fdda3f20010
24_POW::b : 0x7fdd819cd010
24_POW::y : 0x7fdd3c690010
48_ERF::x : 0x7fdd8d0e9010
48_ERF::y : 0x7fdd0ea22010
48_ERF::x : 0x7fdd47dac010
48_ERF::y : 0x7fdd25859010
60_COPY::x : 0x7fddaf63c010
60_COPY::y : 0x7fdd5ebe3010
48_XPY::x : 0x7fdcf7beb010
48_XPY::y : 0x7fdce0db4010
48_XPY::x : 0x7fdd98805010
48_XPY::y : 0x7fdd819ce010
120_TGAMMA::x : 0x7fddc6472010
120_TGAMMA::y : 0x7fddc08e4010
12_TGAMMA::x : 0x7fddcc000be0
12_TGAMMA::y : 0x7fddcc9287f0
84_SUM::x : 0x7fdcfd77a010
84_DOT::x : 0x7fdd534c8010
84_DOT::y : 0x7fdd2b3e9010
24_POW::a : 0x7fddb51c8010
24_POW::b : 0x7fdda9aac010
24_POW::y : 0x7fdd9e390010
24_POW::a : 0x7fdd92c74010
24_POW::b : 0x7fdd87558010
24_POW::y : 0x7fdd1fccd010
84_DOT::x : 0x7fdcf7bee010
84_DOT::y : 0x7fdccfb0f010
36_POW::a : 0x7fdd6a2fe010
36_POW::b : 0x7fdd59055010
36_POW::y : 0x7fdd47dac010
48_SQRTX::x : 0x7fddb51c9010
12_POW::a : 0x7fddaf63b010
12_POW::b : 0x7fdda9aad010
12_POW::y : 0x7fdda3f1f010
48_ERF::x : 0x7fdd9e392010
48_ERF::y : 0x7fdd8755b010
84_COPY::x : 0x7fdd1fccd010
84_COPY::y : 0x7fdca7a30010
24_ERF::x : 0x7fddc08e4010
24_ERF::y : 0x7fdd7be3f010
36_DOT::x : 0x7fdd6a2fe010
36_DOT::y : 0x7fdd59055010
12_ERF::x : 0x7fddc6472010
12_ERF::y : 0x7fddc08e4010
24_POW::a : 0x7fdd7be3f010
24_POW::b : 0x7fdd6fe8b010
24_POW::y : 0x7fdd6476f010
24_POW::a : 0x7fddc08e4010
24_POW::b : 0x7fdd59053010
24_POW::y : 0x7fdd4d937010
84_COPY::x : 0x7fdd98805010
84_COPY::y : 0x7fdcf7bee010
12_ERF::x : 0x7fdd92c77010
12_ERF::y : 0x7fdd8d0e9010
60_TGAMMA::x : 0x7fddc9239010
60_TGAMMA::y : 0x7fddc6472010
24_ERF::x : 0x7fdd819cd010
24_ERF::y : 0x7fdd6fe8b010
60_TGAMMA::x : 0x7fddc36ab010
60_TGAMMA::y : 0x7fddc08e4010
108_SUM::x : 0x7fdd47dad010
84_DOT::x : 0x7fdd1fcce010
84_DOT::y : 0x7fdccfb0f010
36_DOT::x : 0x7fdd8755c010
36_DOT::y : 0x7fdcbe866010
132_SUM::x : 0x7fdc7f951010
24_POW::a : 0x7fddc08e4010
24_POW::b : 0x7fddb51c8010
24_POW::y : 0x7fdda9aac010
60_XPY::x : 0x7fdd8d0e8010
60_XPY::y : 0x7fdd5ebe3010
12_ERF::x : 0x7fdd8755a010
12_ERF::y : 0x7fdd819cc010
48_SQRTX::x : 0x7fdd47dac010
24_POW::a : 0x7fdd819cc010
24_POW::b : 0x7fdd3c690010
24_POW::y : 0x7fdd30f74010
60_TGAMMA::x : 0x7fddc9239010
60_TGAMMA::y : 0x7fddc6472010
108_SUM::x : 0x7fdcfd77a010
84_COPY::x : 0x7fdd9e393010
84_COPY::y : 0x7fdd534c8010
48_XPY::x : 0x7fdce6943010
48_XPY::y : 0x7fdccfb0c010
36_POW::a : 0x7fdd8d0ea010
36_POW::b : 0x7fdd7be41010
36_POW::y : 0x7fdd4221f010
60_COPY::x : 0x7fdd2585b010
60_COPY::y : 0x7fdd08e97010
84_SUM::x : 0x7fdce0db8010
60_TGAMMA::x : 0x7fddc9239010
60_TGAMMA::y : 0x7fddc6472010
60_COPY::x : 0x7fdda9aae010
60_COPY::y : 0x7fdd8d0ea010
84_DOT::x : 0x7fdd534c8010
84_DOT::y : 0x7fdce0db8010
84_DOT::x : 0x7fdcb8cd9010
84_DOT::y : 0x7fdc90bfa010
12_POW::a : 0x7fddc6472010
12_POW::b : 0x7fdd8755c010
12_POW::y : 0x7fdd819ce010
12_POW::a : 0x7fddc6472010
12_POW::b : 0x7fdd8755c010
12_POW::y : 0x7fdd819ce010
60_TGAMMA::x : 0x7fddc36ab010
60_TGAMMA::y : 0x7fddc08e4010
60_XPY::x : 0x7fdda3f20010
60_XPY::y : 0x7fdd5ebe3010
60_COPY::x : 0x7fdd8755c010
60_COPY::y : 0x7fdd4221f010
12_SQRTX::x : 0x7fddc6472010
120_TGAMMA::x : 0x7fddc08e4010
120_TGAMMA::y : 0x7fdd819ce010
24_POW::a : 0x7fdd36b03010
24_POW::b : 0x7fdd2b3e7010
24_POW::y : 0x7fdd1fccb010
12_POW::a : 0x7fddc6472010
12_POW::b : 0x7fdd7be40010
12_POW::y : 0x7fdd3c691010
12_POW::a : 0x7fddbad56010
12_POW::b : 0x7fddb51c8010
12_POW::y : 0x7fddaf63a010
12_SQRTX::x : 0x7fddc08e4010
60_XPY::x : 0x7fdd92c76010
60_XPY::y : 0x7fdd5ebe3010
36_DOT::x : 0x7fdd4d93a010
36_DOT::y : 0x7fdd2b3e8010
12_TGAMMA::x : 0x7fddcc000be0
12_TGAMMA::y : 0x7fddcc9287f0
12_SQRTX::x : 0x7fddc6472010
24_POW::a : 0x7fddbad56010
24_POW::b : 0x7fddaf63a010
24_POW::y : 0x7fdd8755a010
60_TGAMMA::x : 0x7fddc9239010
60_TGAMMA::y : 0x7fddc6472010
120_TGAMMA::x : 0x7fdd819cc010
120_TGAMMA::y : 0x7fdd7be3e010
36_POW::a : 0x7fdd9e391010
36_POW::b : 0x7fdd6a2fe010
36_POW::y : 0x7fdd59055010
108_SUM::x : 0x7fdd2585b010
60_TGAMMA::x : 0x7fddc9239010
60_TGAMMA::y : 0x7fddc6472010
60_XPY::x : 0x7fdd3c691010
60_XPY::y : 0x7fdd1fccd010
132_SUM::x : 0x7fdce0db8010
60_XPY::x : 0x7fddaf63c010
60_XPY::y : 0x7fdd819cd010
12_SQRTX::x : 0x7fdda9aae010
84_SUM::x : 0x7fdcb8cd9010
120_TGAMMA::x : 0x7fdda9aae010
120_TGAMMA::y : 0x7fdda3f20010
48_ERF::x : 0x7fdd64770010
48_ERF::y : 0x7fdd4d939010
60_TGAMMA::x : 0x7fddc9239010
60_TGAMMA::y : 0x7fddc6472010
120_TGAMMA::x : 0x7fddc08e4010
120_TGAMMA::y : 0x7fddbad56010
60_TGAMMA::x : 0x7fddc9239010
60_TGAMMA::y : 0x7fddc6472010
60_XPY::x : 0x7fdd8755c010
60_XPY::y : 0x7fdd5ebe3010
12_ERF::x : 0x7fddb51c8010
12_ERF::y : 0x7fddaf63a010
48_SQRTX::x : 0x7fdd47dac010
12_ERF::x : 0x7fddc6472010
12_ERF::y : 0x7fddc08e4010
60_COPY::x : 0x7fdd2b3e8010
60_COPY::y : 0x7fdd0ea24010
12_ERF::x : 0x7fddc6472010
12_ERF::y : 0x7fddc08e4010
48_SQRTX::x : 0x7fddb51c9010
84_DOT::x : 0x7fdd8d0ea010
84_DOT::y : 0x7fdce6945010
48_SQRTX::x : 0x7fdd64770010
108_SUM::x : 0x7fdcb314b010
48_SQRTX::x : 0x7fddb51c9010
84_DOT::x : 0x7fdd534c8010
84_DOT::y : 0x7fdd2b3e9010
48_ERF::x : 0x7fdd9e392010
48_ERF::y : 0x7fdd8755b010
48_SQRTX::x : 0x7fddb51c9010
60_XPY::x : 0x7fdd0ea25010
60_XPY::y : 0x7fdcf2061010
60_TGAMMA::x : 0x7fdd84794010
60_TGAMMA::y : 0x7fdd819cd010
48_ERF::x : 0x7fddb51c9010
48_ERF::y : 0x7fdd64770010
12_POW::a : 0x7fddaf63b010
12_POW::b : 0x7fdda9aad010
12_POW::y : 0x7fdda3f1f010
24_ERF::x : 0x7fdd7be3f010
24_ERF::y : 0x7fdd3c690010
60_COPY::x : 0x7fdd8755b010
60_COPY::y : 0x7fdd47dac010
36_DOT::x : 0x7fdda3f20010
36_DOT::y : 0x7fdd2b3e7010
  итерация 2: 1344667 ms
12_ERF::x : 0x7fdd819ce010
12_ERF::y : 0x7fdd7be40010
24_ERF::x : 0x7fdda3f20010
24_ERF::y : 0x7fdd1fccd010
60_COPY::x : 0x7fddaf63c010
60_COPY::y : 0x7fdd8755c010
84_DOT::x : 0x7fdd534c8010
84_DOT::y : 0x7fdd2b3e9010
24_POW::a : 0x7fdd7be40010
24_POW::b : 0x7fdd145b1010
24_POW::y : 0x7fdd08e95010
84_COPY::x : 0x7fdce0db6010
84_COPY::y : 0x7fdcb8cd7010
24_POW::a : 0x7fdda3f20010
24_POW::b : 0x7fdd7be40010
24_POW::y : 0x7fdd1fccd010
48_ERF::x : 0x7fdd64770010
48_ERF::y : 0x7fdd4d939010
24_POW::a : 0x7fddc08e4010
24_POW::b : 0x7fddb51c8010
24_POW::y : 0x7fdd98804010
120_TGAMMA::x : 0x7fddaf63a010
120_TGAMMA::y : 0x7fdda9aac010
48_ERF::x : 0x7fddb51c9010
48_ERF::y : 0x7fdd92c75010
84_SUM::x : 0x7fdd534c8010
48_XPY::x : 0x7fdd7be3e010
48_XPY::y : 0x7fdd3c691010
12_POW::a : 0x7fdd75a19010
12_POW::b : 0x7fdd6fe8b010
12_POW::y : 0x7fdd6a2fd010
24_POW::a : 0x7fdda9aad010
24_POW::b : 0x7fdd5ebe1010
24_POW::y : 0x7fdd30f75010
12_TGAMMA::x : 0x7fddd00017d0
12_TGAMMA::y : 0x7fddd09293e0
12_ERF::x : 0x7fddc6472010
12_ERF::y : 0x7fddc08e4010
48_SQRTX::x : 0x7fdd92c76010
84_DOT::x : 0x7fdd08e96010
84_DOT::y : 0x7fdce0db7010
132_SUM::x : 0x7fdca1ea2010
60_TGAMMA::x : 0x7fddc9239010
60_TGAMMA::y : 0x7fddc6472010
48_ERF::x : 0x7fddaf63b010
48_ERF::y : 0x7fdd98804010
36_POW::a : 0x7fdd8755b010
36_POW::b : 0x7fdd6a2fe010
36_POW::y : 0x7fdd59055010
108_SUM::x : 0x7fdd2585b010
84_DOT::x : 0x7fdcfd77c010
84_DOT::y : 0x7fdcd569d010
84_DOT::x : 0x7fdda3f21010
84_DOT::y : 0x7fdcad5be010
60_TGAMMA::x : 0x7fdda115a010
60_TGAMMA::y : 0x7fdd9e393010
48_XPY::x : 0x7fdd8755c010
48_XPY::y : 0x7fdd64770010
132_SUM::x : 0x7fdd2585b010
24_POW::a : 0x7fdd7be40010
24_POW::b : 0x7fdd1a13f010
24_POW::y : 0x7fdd0ea23010
48_SQRTX::x : 0x7fddb51c9010
12_ERF::x : 0x7fddaf63b010
12_ERF::y : 0x7fdda9aad010
60_TGAMMA::x : 0x7fdda6ce6010
60_TGAMMA::y : 0x7fdda3f1f010
12_SQRTX::x : 0x7fdd9e391010
36_DOT::x : 0x7fddbad57010
36_DOT::y : 0x7fdd8d0e8010
60_TGAMMA::x : 0x7fddb7f90010
60_TGAMMA::y : 0x7fddb51c9010
60_XPY::x : 0x7fdd5ebe3010
60_XPY::y : 0x7fdd4221f010
24_POW::a : 0x7fdda9aad010
24_POW::b : 0x7fdd9e391010
24_POW::y : 0x7fdd819cc010
48_SQRTX::x : 0x7fdd2b3e8010
24_POW::a : 0x7fddc08e4010
24_POW::b : 0x7fdd92c75010
24_POW::y : 0x7fdd1fccc010
12_SQRTX::x : 0x7fddbad56010
24_ERF::x : 0x7fddaf63a010
24_ERF::y : 0x7fdda3f1e010
60_COPY::x : 0x7fdd36b04010
60_COPY::y : 0x7fdcdb229010
84_DOT::x : 0x7fdd534c8010
84_DOT::y : 0x7fdcf7bed010
24_POW::a : 0x7fddc08e4010
24_POW::b : 0x7fdd98802010
24_POW::y : 0x7fdd8d0e6010
36_DOT::x : 0x7fddaf63b010
36_DOT::y : 0x7fdd2585b010
120_TGAMMA::x : 0x7fddc6472010
120_TGAMMA::y : 0x7fddc08e4010
36_POW::a : 0x7fddaf63b010
36_POW::b : 0x7fdd9e392010
36_POW::y : 0x7fdd8d0e9010
36_DOT::x : 0x7fdd7be40010
36_DOT::y : 0x7fdd6a2fe010
120_TGAMMA::x : 0x7fdd64770010
120_TGAMMA::y : 0x7fdd5ebe2010
84_DOT::x : 0x7fdd36b03010
84_DOT::y : 0x7fdd0ea24010
12_SQRTX::x : 0x7fddc6472010
60_TGAMMA::x : 0x7fddc36ab010
60_TGAMMA::y : 0x7fddc08e4010
12_POW::a : 0x7fdd8d0e8010
12_POW::b : 0x7fdd8755a010
12_POW::y : 0x7fdd819cc010
48_XPY::x : 0x7fdda9aad010
48_XPY::y : 0x7fdd92c76010
108_SUM::x : 0x7fdd47dad010
84_SUM::x : 0x7fdd1fcce010
48_ERF::x : 0x7fdd7be3f010
48_ERF::y : 0x7fdd08e97010
60_XPY::x : 0x7fdd5ebe3010
60_XPY::y : 0x7fdcec4d3010
60_TGAMMA::x : 0x7fddc9239010
60_TGAMMA::y : 0x7fddc6472010
12_TGAMMA::x : 0x7fddcc000be0
12_TGAMMA::y : 0x7fddcc9287f0
108_SUM::x : 0x7fdd92c78010
12_ERF::x : 0x7fddc6472010
12_ERF::y : 0x7fdd59055010
12_POW::a : 0x7fdd8d0ea010
12_POW::b : 0x7fdd8755c010
12_POW::y : 0x7fdd819ce010
60_TGAMMA::x : 0x7fddc9239010
60_TGAMMA::y : 0x7fddc6472010
12_POW::a : 0x7fdd7be40010
12_POW::b : 0x7fdd75a19010
12_POW::y : 0x7fdd6fe8b010
36_POW::a : 0x7fddb51c9010
36_POW::b : 0x7fdda3f20010
36_POW::y : 0x7fdd5ebe2010
60_TGAMMA::x : 0x7fdda1159010
60_TGAMMA::y : 0x7fdd9e392010
120_TGAMMA::x : 0x7fdd98804010
120_TGAMMA::y : 0x7fdd92c76010
84_COPY::x : 0x7fdd36b03010
84_COPY::y : 0x7fdd0ea24010
12_POW::a : 0x7fddc6472010
12_POW::b : 0x7fdd9e392010
12_POW::y : 0x7fdd8d0e8010
84_SUM::x : 0x7fdce6945010
60_COPY::x : 0x7fddaf63c010
60_COPY::y : 0x7fdd5ebe3010
84_COPY::x : 0x7fdd8755d010
84_COPY::y : 0x7fdcbe866010
60_COPY::x : 0x7fdd4221f010
60_COPY::y : 0x7fdd2585b010
48_SQRTX::x : 0x7fdd0ea24010
12_POW::a : 0x7fdd819cf010
12_POW::b : 0x7fdd7be41010
12_POW::y : 0x7fdd1fccd010
48_ERF::x : 0x7fddb51c9010
48_ERF::y : 0x7fdd64770010
60_TGAMMA::x : 0x7fddb2402010
60_TGAMMA::y : 0x7fdd619a9010
12_ERF::x : 0x7fdd819cf010
12_ERF::y : 0x7fdd7be41010
84_DOT::x : 0x7fdd8a323010
84_DOT::y : 0x7fdd398ca010
108_SUM::x : 0x7fdd060d0010
60_COPY::x : 0x7fdce970c010
60_COPY::y : 0x7fdcccd48010
48_SQRTX::x : 0x7fddb51c9010
60_XPY::x : 0x7fdd1cf06010
60_XPY::y : 0x7fdcb0384010
60_XPY::x : 0x7fdd98805010
60_XPY::y : 0x7fdd7be41010
24_POW::a : 0x7fddc08e4010
24_POW::b : 0x7fdd6fe8b010
24_POW::y : 0x7fdd6476f010
60_XPY::x : 0x7fdd47dab010
60_XPY::y : 0x7fdd00542010
60_TGAMMA::x : 0x7fddc9239010
60_TGAMMA::y : 0x7fddc6472010
12_SQRTX::x : 0x7fddc08e4010
60_XPY::x : 0x7fdd2b3e7010
60_XPY::y : 0x7fdce3b7e010
48_SQRTX::x : 0x7fddaf63b010
24_ERF::x : 0x7fdda3f1f010
24_ERF::y : 0x7fdd98803010
120_TGAMMA::x : 0x7fddc6472010
120_TGAMMA::y : 0x7fdd92c75010
48_ERF::x : 0x7fdd98804010
48_ERF::y : 0x7fdd7be3e010
48_SQRTX::x : 0x7fddaf63b010
60_COPY::x : 0x7fdd5ebe3010
60_COPY::y : 0x7fdd4221f010
12_ERF::x : 0x7fddc6472010
12_ERF::y : 0x7fdd92c76010
36_DOT::x : 0x7fddb51c9010
36_DOT::y : 0x7fdd30f76010
60_XPY::x : 0x7fdd145b2010
60_XPY::y : 0x7fdcf7bee010
  итерация 3: 1335656 ms
12_TGAMMA::x : 0x7fddd00017d0
12_TGAMMA::y : 0x7fddd09293e0
84_SUM::x : 0x7fdda3f21010
48_XPY::x : 0x7fdd64770010
48_XPY::y : 0x7fdd30f75010
60_COPY::x : 0x7fdd8755d010
60_COPY::y : 0x7fdd47dac010
48_ERF::x : 0x7fdd1a13e010
48_ERF::y : 0x7fdd03307010
24_POW::a : 0x7fddc08e4010
24_POW::b : 0x7fddb51c8010
24_POW::y : 0x7fdda9aac010
24_POW::a : 0x7fdd7be41010
24_POW::b : 0x7fdd6fe8b010
24_POW::y : 0x7fdd3c690010
60_TGAMMA::x : 0x7fdda6ce5010
60_TGAMMA::y : 0x7fdda3f1e010
12_POW::a : 0x7fdd9e390010
12_POW::b : 0x7fdd98802010
12_POW::y : 0x7fdd92c74010
48_XPY::x : 0x7fddb51c9010
48_XPY::y : 0x7fdd59054010
120_TGAMMA::x : 0x7fddaf63b010
120_TGAMMA::y : 0x7fdda9aad010
48_SQRTX::x : 0x7fdd92c76010
24_ERF::x : 0x7fdd8755a010
24_ERF::y : 0x7fdd7be3e010
36_POW::a : 0x7fdd98804010
36_POW::b : 0x7fdd47dab010
36_POW::y : 0x7fdd36b02010
24_POW::a : 0x7fddc08e4010
24_POW::b : 0x7fdd6fe8b010
24_POW::y : 0x7fdd6476f010
84_DOT::x : 0x7fdd0ea23010
84_DOT::y : 0x7fdce6944010
36_DOT::x : 0x7fddaf63b010
36_DOT::y : 0x7fdd8755b010
24_ERF::x : 0x7fddb51c8010
24_ERF::y : 0x7fdd8d0e8010
84_DOT::x : 0x7fdcbe865010
84_DOT::y : 0x7fdc96786010
12_ERF::x : 0x7fddc6472010
12_ERF::y : 0x7fddc08e4010
108_SUM::x : 0x7fdd03308010
48_ERF::x : 0x7fdda9aad010
48_ERF::y : 0x7fdd92c76010
12_ERF::x : 0x7fddc6472010
12_ERF::y : 0x7fddc08e4010
12_POW::a : 0x7fddc6472010
12_POW::b : 0x7fddc08e4010
12_POW::y : 0x7fdd8d0e8010
120_TGAMMA::x : 0x7fdd8755a010
120_TGAMMA::y : 0x7fdd819cc010
108_SUM::x : 0x7fdd47dad010
48_ERF::x : 0x7fdd30f76010
48_ERF::y : 0x7fdd1a13f010
12_SQRTX::x : 0x7fddc6472010
60_TGAMMA::x : 0x7fddc9239010
60_TGAMMA::y : 0x7fddc6472010
60_TGAMMA::x : 0x7fddc36ab010
60_TGAMMA::y : 0x7fddc08e4010
60_COPY::x : 0x7fdda3f20010
60_COPY::y : 0x7fdd5ebe3010
84_COPY::x : 0x7fdd36b04010
84_COPY::y : 0x7fdd0ea25010
24_POW::a : 0x7fdd98804010
24_POW::b : 0x7fdd8d0e8010
24_POW::y : 0x7fdd819cc010
12_SQRTX::x : 0x7fddc6472010
84_DOT::x : 0x7fdce6946010
84_DOT::y : 0x7fdcbe867010
48_SQRTX::x : 0x7fdd8d0e9010
36_POW::a : 0x7fddbad57010
36_POW::b : 0x7fdda9aae010
36_POW::y : 0x7fdd7be40010
84_DOT::x : 0x7fdce6946010
84_DOT::y : 0x7fdcbe867010
84_SUM::x : 0x7fdd534c8010
60_TGAMMA::x : 0x7fdda6ce7010
60_TGAMMA::y : 0x7fdda3f20010
84_SUM::x : 0x7fdd534c8010
60_XPY::x : 0x7fdd8d0ea010
60_XPY::y : 0x7fdd36b04010
24_POW::a : 0x7fddc08e4010
24_POW::b : 0x7fddb51c8010
24_POW::y : 0x7fdd819ce010
60_XPY::x : 0x7fdd1a140010
60_XPY::y : 0x7fdcfd77c010
48_ERF::x : 0x7fdd64770010
48_ERF::y : 0x7fdce6945010
24_POW::a : 0x7fddc08e4010
24_POW::b : 0x7fddb51c8010
24_POW::y : 0x7fdd819ce010
48_ERF::x : 0x7fdd9e391010
48_ERF::y : 0x7fdd4d939010
24_POW::a : 0x7fddc08e4010
24_POW::b : 0x7fddb51c8010
24_POW::y : 0x7fdd92c75010
12_SQRTX::x : 0x7fdd8d0e7010
12_SQRTX::x : 0x7fdd87559010
24_POW::a : 0x7fdd6fe8b010
24_POW::b : 0x7fdd4221d010
24_POW::y : 0x7fdd36b01010
60_COPY::x : 0x7fdd1a13d010
60_COPY::y : 0x7fdcfd779010
12_ERF::x : 0x7fddc6472010
12_ERF::y : 0x7fddc08e4010
60_XPY::x : 0x7fdda3f20010
60_XPY::y : 0x7fdd8755c010
60_XPY::x : 0x7fdd5ebe3010
60_XPY::y : 0x7fdd4221f010
132_SUM::x : 0x7fdcbe864010
60_TGAMMA::x : 0x7fddc9239010
60_TGAMMA::y : 0x7fddc6472010
60_COPY::x : 0x7fdd2585b010
60_COPY::y : 0x7fdd08e97010
84_COPY::x : 0x7fdce0db8010
84_COPY::y : 0x7fdcb8cd9010
24_POW::a : 0x7fddc08e4010
24_POW::b : 0x7fddb51c8010
24_POW::y : 0x7fdda9aac010
48_SQRTX::x : 0x7fdd92c75010
60_TGAMMA::x : 0x7fddc9239010
60_TGAMMA::y : 0x7fddc6472010
12_ERF::x : 0x7fddc08e4010
12_ERF::y : 0x7fddbad56010
120_TGAMMA::x : 0x7fddc08e4010
120_TGAMMA::y : 0x7fddbad56010
12_POW::a : 0x7fddb51c8010
12_POW::b : 0x7fddaf63a010
12_POW::y : 0x7fdda9aac010
48_SQRTX::x : 0x7fdd92c75010
60_TGAMMA::x : 0x7fddc9239010
60_TGAMMA::y : 0x7fddc6472010
84_DOT::x : 0x7fdd534c8010
84_DOT::y : 0x7fdd2b3e9010
36_DOT::x : 0x7fdda9aad010
36_DOT::y : 0x7fdd98804010
108_SUM::x : 0x7fdcf7bef010
48_SQRTX::x : 0x7fdd819cd010
12_POW::a : 0x7fddc6472010
12_POW::b : 0x7fddc08e4010
12_POW::y : 0x7fddbad56010
48_SQRTX::x : 0x7fdda3f1f010
60_COPY::x : 0x7fdd5ebe3010
60_COPY::y : 0x7fdd4221f010
60_TGAMMA::x : 0x7fddc9239010
60_TGAMMA::y : 0x7fddc6472010
12_ERF::x : 0x7fddc08e4010
12_ERF::y : 0x7fddbad56010
84_DOT::x : 0x7fdd7be40010
84_DOT::y : 0x7fdd1a140010
84_DOT::x : 0x7fdcf2061010
84_DOT::y : 0x7fdcc9f82010
60_TGAMMA::x : 0x7fddc9239010
60_TGAMMA::y : 0x7fddc6472010
60_TGAMMA::x : 0x7fddc36ab010
60_TGAMMA::y : 0x7fddc08e4010
60_XPY::x : 0x7fdda3f20010
60_XPY::y : 0x7fdd5ebe3010
36_DOT::x : 0x7fdd92c77010
36_DOT::y : 0x7fdd4d93a010
36_DOT::x : 0x7fdd819ce010
36_DOT::y : 0x7fdd3c691010
132_SUM::x : 0x7fdcfd77c010
120_TGAMMA::x : 0x7fddc6472010
120_TGAMMA::y : 0x7fddc08e4010
48_XPY::x : 0x7fdd7be40010
48_XPY::y : 0x7fdce6945010
60_XPY::x : 0x7fdda3f20010
60_XPY::y : 0x7fdd5ebe3010
24_ERF::x : 0x7fdd98804010
24_ERF::y : 0x7fdd534c7010
48_SQRTX::x : 0x7fdd3c690010
48_ERF::x : 0x7fdd819cd010
48_ERF::y : 0x7fdd25859010
12_TGAMMA::x : 0x185f8a0
12_TGAMMA::y : 0x21874b0
60_COPY::x : 0x7fddaf63c010
60_COPY::y : 0x7fdd5ebe3010
12_ERF::x : 0x7fdda9aae010
12_ERF::y : 0x7fdda3f20010
60_XPY::x : 0x7fdd08e95010
60_XPY::y : 0x7fdcec4d1010
84_COPY::x : 0x7fdcc43f2010
84_COPY::y : 0x7fdc9c313010
12_POW::a : 0x7fdda9aae010
12_POW::b : 0x7fdda3f20010
12_POW::y : 0x7fdd9e392010
12_POW::a : 0x7fddc6472010
12_POW::b : 0x7fddc08e4010
12_POW::y : 0x7fddbad56010
36_POW::a : 0x7fdda9aad010
36_POW::b : 0x7fdd98804010
36_POW::y : 0x7fdd8755b010
120_TGAMMA::x : 0x7fdd819cd010
120_TGAMMA::y : 0x7fdd7be3f010
108_SUM::x : 0x7fdd47dad010
  итерация 4: 1368227 ms
  среднее по 5 итерациям: 1345158 ms
=== Выполняется проект: no_po_23.txt (100 работ) ===
12_POW::a : 0x7fdd92c78010
12_POW::b : 0x7fdd8d0ea010
12_POW::y : 0x7fdd8755c010
84_SUM::x : 0x7fdd2b3e9010
108_SUM::x : 0x7fdd98806010
84_COPY::x : 0x7fdd534c8010
84_COPY::y : 0x7fdd0330a010
36_POW::a : 0x7fdd8755d010
36_POW::b : 0x7fdcf2061010
36_POW::y : 0x7fdce0db8010
24_POW::a : 0x7fdd7be41010
24_POW::b : 0x7fdd47dac010
24_POW::y : 0x7fdd3c690010
12_TGAMMA::x : 0x7fddcc000be0
12_TGAMMA::y : 0x7fddcc9287f0
36_POW::a : 0x7fddbad57010
36_POW::b : 0x7fdda9aae010
36_POW::y : 0x7fdccfb0f010
132_SUM::x : 0x7fdc90bfa010
12_TGAMMA::x : 0x185f8a0
12_TGAMMA::y : 0x21874b0
36_POW::a : 0x7fdd98805010
36_POW::b : 0x7fdd8755c010
36_POW::y : 0x7fdd6a2fe010
84_SUM::x : 0x7fdd4221f010
60_XPY::x : 0x7fddaf63c010
60_XPY::y : 0x7fdd2585b010
12_POW::a : 0x7fdda9aae010
12_POW::b : 0x7fdd819ce010
12_POW::y : 0x7fdd7be40010
48_XPY::x : 0x7fdd534c7010
48_XPY::y : 0x7fdd0ea24010
60_XPY::x : 0x7fdcf2060010
60_XPY::y : 0x7fdcd569c010
48_SQRTX::x : 0x7fdd98805010
60_COPY::x : 0x7fddaf63c010
60_COPY::y : 0x7fdd7be41010
36_POW::a : 0x7fdd6a2fe010
36_POW::b : 0x7fdd59055010
36_POW::y : 0x7fdd47dac010
132_SUM::x : 0x7fdc96787010
84_SUM::x : 0x7fdd1fccd010
132_SUM::x : 0x7fdd8d0eb010
24_POW::a : 0x7fdd819cf010
24_POW::b : 0x7fdd3c690010
24_POW::y : 0x7fdd30f74010
24_ERF::x : 0x7fdd25858010
24_ERF::y : 0x7fdd1a13c010
24_POW::a : 0x7fdd6fe8b010
24_POW::b : 0x7fdd6476f010
24_POW::y : 0x7fdd59053010
60_XPY::x : 0x7fdd145b0010
60_XPY::y : 0x7fdcf7bec010
36_DOT::x : 0x7fdd7be42010
36_DOT::y : 0x7fdd47daa010
12_SQRTX::x : 0x7fdd75a19010
12_TGAMMA::x : 0x7fddcc000be0
12_TGAMMA::y : 0x7fddcc9287f0
60_XPY::x : 0x7fddaf63c010
60_XPY::y : 0x7fdd92c78010
48_XPY::x : 0x7fdd64770010
48_XPY::y : 0x7fdce0db5010
108_SUM::x : 0x7fdd30f76010
36_DOT::x : 0x7fdd819cf010
36_DOT::y : 0x7fdd1fccd010
12_ERF::x : 0x7fdd7be41010
12_ERF::y : 0x7fdd75a19010
84_SUM::x : 0x7fdd4d93a010
84_COPY::x : 0x7fdda3f21010
84_COPY::y : 0x7fdcf7bee010
60_XPY::x : 0x7fdd8755d010
60_XPY::y : 0x7fdd30f76010
132_SUM::x : 0x7fdcb8cd9010
60_COPY::x : 0x7fdd5ebe3010
60_COPY::y : 0x7fdc9c315010
84_SUM::x : 0x7fdccfb0f010
12_ERF::x : 0x7fdd9e393010
12_ERF::y : 0x7fdd98805010
48_SQRTX::x : 0x7fdd8d0ea010
12_ERF::x : 0x7fdd8755c010
12_ERF::y : 0x7fdd819ce010
12_SQRTX::x : 0x7fddc6472010
12_POW::a : 0x7fddc08e4010
12_POW::b : 0x7fddbad56010
12_POW::y : 0x7fddb51c8010
84_DOT::x : 0x7fdd534c8010
84_DOT::y : 0x7fdd2b3e9010
60_TGAMMA::x : 0x7fddc9239010
60_TGAMMA::y : 0x7fddc6472010
60_COPY::x : 0x7fdd98804010
60_COPY::y : 0x7fdd7be40010
132_SUM::x : 0x7fdcec4d4010
24_POW::a : 0x7fddc08e4010
24_POW::b : 0x7fddb51c8010
24_POW::y : 0x7fdce0db8010
48_ERF::x : 0x7fdd64770010
48_ERF::y : 0x7fdd4d939010
24_POW::a : 0x7fdda9aac010
24_POW::b : 0x7fdd9e390010
24_POW::y : 0x7fdd92c74010
48_ERF::x : 0x7fdd36b02010
48_ERF::y : 0x7fdd1fccb010
36_DOT::x : 0x7fddbad57010
36_DOT::y : 0x7fdd819cb010
36_DOT::x : 0x7fddbad57010
36_DOT::y : 0x7fdd819cb010
24_POW::a : 0x7fddaf63b010
24_POW::b : 0x7fdda3f1f010
24_POW::y : 0x7fdd98803010
24_POW::a : 0x7fdd6fe8b010
24_POW::b : 0x7fdd6476f010
24_POW::y : 0x7fdd59053010
48_SQRTX::x : 0x7fdd4221c010
48_ERF::x : 0x7fdd819cc010
48_ERF::y : 0x7fdd2b3e5010
48_ERF::x : 0x7fddb51c9010
48_ERF::y : 0x7fdd9e392010
12_ERF::x : 0x7fdd98804010
12_ERF::y : 0x7fdd7be3e010
12_ERF::x : 0x7fdd75a19010
12_ERF::y : 0x7fdd6fe8b010
36_POW::a : 0x7fdd5ebe2010
36_POW::b : 0x7fdd4d939010
36_POW::y : 0x7fdd1a13c010
84_COPY::x : 0x7fdcf205d010
84_COPY::y : 0x7fdcc9f7e010
132_SUM::x : 0x7fdc8b069010
84_DOT::x : 0x7fdda3f21010
84_DOT::y : 0x7fdd7be42010
84_COPY::x : 0x7fdd534c8010
84_COPY::y : 0x7fdd2b3e9010
36_DOT::x : 0x7fdd1a140010
36_DOT::y : 0x7fdcb8cd5010
48_ERF::x : 0x7fdd03309010
48_ERF::y : 0x7fdcec4d2010
12_TGAMMA::x : 0x7fddd00017d0
12_TGAMMA::y : 0x7fddd09293e0
84_SUM::x : 0x7fdda3f21010
48_ERF::x : 0x7fdd8d0ea010
48_ERF::y : 0x7fdcd569b010
60_COPY::x : 0x7fddaf63c010
60_COPY::y : 0x7fdcb8cd7010
12_TGAMMA::x : 0x185f8c0
12_TGAMMA::y : 0x21874d0
84_SUM::x : 0x7fdd534c8010
12_POW::a : 0x7fdda9aae010
12_POW::b : 0x7fdd8755c010
12_POW::y : 0x7fdd819ce010
48_ERF::x : 0x7fdd92c77010
48_ERF::y : 0x7fdd3c691010
12_ERF::x : 0x7fdda9aae010
12_ERF::y : 0x7fdd8d0e9010
84_SUM::x : 0x7fdd534c8010
60_XPY::x : 0x7fdd1fccd010
60_XPY::y : 0x7fdd03309010
12_POW::a : 0x7fddc6472010
12_POW::b : 0x7fddc08e4010
12_POW::y : 0x7fddbad56010
36_DOT::x : 0x7fddbad57010
36_DOT::y : 0x7fdda9aae010
60_COPY::x : 0x7fdd5ebe3010
60_COPY::y : 0x7fdce6945010
36_DOT::x : 0x7fdd98805010
36_DOT::y : 0x7fdd8755c010
48_SQRTX::x : 0x7fddb51c9010
12_SQRTX::x : 0x7fddaf63b010
60_COPY::x : 0x7fdd92c77010
60_COPY::y : 0x7fdd4221f010
12_ERF::x : 0x7fddaf63b010
12_ERF::y : 0x7fdd8d0e9010
120_TGAMMA::x : 0x7fddaf63b010
120_TGAMMA::y : 0x7fdd8d0e9010
60_TGAMMA::x : 0x7fddc9239010
60_TGAMMA::y : 0x7fddc6472010
120_TGAMMA::x : 0x7fddc08e4010
120_TGAMMA::y : 0x7fddbad56010
60_XPY::x : 0x7fdd92c77010
60_XPY::y : 0x7fdd5ebe3010
60_COPY::x : 0x7fdd4221f010
60_COPY::y : 0x7fdd2585b010
36_DOT::x : 0x7fdd819ce010
36_DOT::y : 0x7fdd145b2010
24_ERF::x : 0x7fddc08e4010
24_ERF::y : 0x7fddb51c8010
12_POW::a : 0x7fddaf63a010
12_POW::b : 0x7fdda9aac010
12_POW::y : 0x7fdda3f1e010
108_SUM::x : 0x7fdcf2061010
36_POW::a : 0x7fdd92c75010
36_POW::b : 0x7fdd819cc010
36_POW::y : 0x7fdd6a2fe010
60_XPY::x : 0x7fdd4d93a010
60_XPY::y : 0x7fdd30f76010
108_SUM::x : 0x7fdcbe867010
  итерация 0: 1363094 ms
12_POW::a : 0x7fdd92c78010
12_POW::b : 0x7fdd8d0ea010
12_POW::y : 0x7fdd8755c010
24_POW::a : 0x7fdd7be40010
24_POW::b : 0x7fdd6fe8b010
24_POW::y : 0x7fdd6476f010
108_SUM::x : 0x7fdd98806010
84_COPY::x : 0x7fdd3c690010
84_COPY::y : 0x7fdd145b1010
84_DOT::x : 0x7fdcec4d2010
84_DOT::y : 0x7fdcc43f3010
12_POW::a : 0x7fddc6472010
12_POW::b : 0x7fddc08e4010
12_POW::y : 0x7fddbad56010
12_SQRTX::x : 0x7fddb51c8010
60_XPY::x : 0x7fdd9e392010
60_XPY::y : 0x7fdd819ce010
60_COPY::x : 0x7fdca7a2f010
60_COPY::y : 0x7fdc8b06b010
84_SUM::x : 0x7fdcec4d2010
84_COPY::x : 0x7fdd534c8010
84_COPY::y : 0x7fdd2b3e9010
60_XPY::x : 0x7fdd0ea25010
60_XPY::y : 0x7fdcf2061010
36_POW::a : 0x7fddbad57010
36_POW::b : 0x7fdda9aae010
36_POW::y : 0x7fdd98805010
84_SUM::x : 0x7fdcc9f82010
24_POW::a : 0x7fdd8d0e9010
24_POW::b : 0x7fdd819cd010
24_POW::y : 0x7fdce6945010
84_SUM::x : 0x7fdd534c8010
60_XPY::x : 0x7fdd36b04010
60_XPY::y : 0x7fdd1a140010
36_POW::a : 0x7fddbad57010
36_POW::b : 0x7fdda9aae010
36_POW::y : 0x7fdd98805010
24_POW::a : 0x7fdd8d0e9010
24_POW::b : 0x7fdd819cd010
24_POW::y : 0x7fdd0ea24010
36_DOT::x : 0x7fdd6a2fe010
36_DOT::y : 0x7fdd59055010
36_POW::a : 0x7fdd47dac010
36_POW::b : 0x7fdd36b03010
36_POW::y : 0x7fdd2585a010
12_ERF::x : 0x7fdd7be3f010
12_ERF::y : 0x7fdd75a19010
84_SUM::x : 0x7fdda3f21010
48_XPY::x : 0x7fdd8d0ea010
48_XPY::y : 0x7fdd5ebe2010
48_SQRTX::x : 0x7fdd0ea23010
84_COPY::x : 0x7fdda3f21010
84_COPY::y : 0x7fdce6944010
36_DOT::x : 0x7fdd7be41010
36_DOT::y : 0x7fdd145b1010
108_SUM::x : 0x7fdd2b3e8010
36_DOT::x : 0x7fdd92c78010
36_DOT::y : 0x7fdd6a2fe010
36_POW::a : 0x7fdd819cf010
36_POW::b : 0x7fdd1a13f010
36_POW::y : 0x7fdcd569b010
12_ERF::x : 0x7fdd9e393010
12_ERF::y : 0x7fdd98805010
48_XPY::x : 0x7fdd64770010
48_XPY::y : 0x7fdd4d939010
48_SQRTX::x : 0x7fdd36b02010
12_POW::a : 0x7fddc6472010
12_POW::b : 0x7fddc08e4010
12_POW::y : 0x7fddbad56010
12_TGAMMA::x : 0x7fddd4000da0
12_TGAMMA::y : 0x7fddd49289b0
60_COPY::x : 0x7fdd9e392010
60_COPY::y : 0x7fdd819ce010
12_TGAMMA::x : 0x7fddd4000da0
12_TGAMMA::y : 0x7fddd49289b0
48_ERF::x : 0x7fdd36b02010
48_ERF::y : 0x7fdd1fccb010
12_TGAMMA::x : 0x7fddd00017d0
12_TGAMMA::y : 0x7fddd09293e0
24_ERF::x : 0x7fddc08e4010
24_ERF::y : 0x7fdd6fe8b010
12_ERF::x : 0x7fddbad56010
12_ERF::y : 0x7fdd7be40010
36_DOT::x : 0x7fdd5ebe2010
36_DOT::y : 0x7fdd4d939010
36_POW::a : 0x7fddbad57010
36_POW::b : 0x7fdd0ea22010
36_POW::y : 0x7fdcfd779010
132_SUM::x : 0x7fdd7be42010
60_XPY::x : 0x7fdd5ebe3010
60_XPY::y : 0x7fdce0db5010
24_POW::a : 0x7fdd534c7010
24_POW::b : 0x7fdd47dab010
24_POW::y : 0x7fdd3c68f010
36_DOT::x : 0x7fddbad57010
36_DOT::y : 0x7fdd2b3e6010
132_SUM::x : 0x7fdca1ea0010
132_SUM::x : 0x7fdd7be42010
60_XPY::x : 0x7fdd5ebe3010
60_XPY::y : 0x7fdd4221f010
60_TGAMMA::x : 0x7fddc9239010
60_TGAMMA::y : 0x7fddc6472010
24_ERF::x : 0x7fddc08e4010
24_ERF::y : 0x7fdd36b03010
12_POW::a : 0x7fdd75a19010
12_POW::b : 0x7fdd6fe8b010
12_POW::y : 0x7fdd6a2fd010
48_ERF::x : 0x7fdd534c6010
48_ERF::y : 0x7fdd1fccc010
12_TGAMMA::x : 0x185f900
12_TGAMMA::y : 0x2187510
108_SUM::x : 0x7fdd8d0ea010
84_SUM::x : 0x7fdcf7bed010
12_POW::a : 0x7fddc6472010
12_POW::b : 0x7fddc08e4010
12_POW::y : 0x7fdd8755c010
132_SUM::x : 0x7fdcb8cd8010
84_SUM::x : 0x7fdda3f21010
24_POW::a : 0x7fdd98805010
24_POW::b : 0x7fdd8d0e9010
24_POW::y : 0x7fdd819cd010
48_SQRTX::x : 0x7fdd64770010
12_TGAMMA::x : 0x185f900
12_TGAMMA::y : 0x2187510
12_SQRTX::x : 0x7fddc6472010
132_SUM::x : 0x7fdd3c692010
48_ERF::x : 0x7fddaf63b010
48_ERF::y : 0x7fdd98804010
24_POW::a : 0x7fdd8d0e8010
24_POW::b : 0x7fdd819cc010
24_POW::y : 0x7fdd30f76010
48_ERF::x : 0x7fdd1a13f010
48_ERF::y : 0x7fdd03308010
60_COPY::x : 0x7fdd7be40010
60_COPY::y : 0x7fdce6944010
24_POW::a : 0x7fdd6fe8b010
24_POW::b : 0x7fdd6476f010
24_POW::y : 0x7fdd59053010
132_SUM::x : 0x7fdca7a2f010
60_COPY::x : 0x7fddaf63c010
60_COPY::y : 0x7fdd3c68f010
60_TGAMMA::x : 0x7fddac875010
60_TGAMMA::y : 0x7fdda9aae010
60_XPY::x : 0x7fddaf63c010
60_XPY::y : 0x7fdd5ebe3010
60_XPY::x : 0x7fdd8d0ea010
60_XPY::y : 0x7fdd4221f010
84_SUM::x : 0x7fdd1a140010
120_TGAMMA::x : 0x7fdda9aae010
120_TGAMMA::y : 0x7fdd8755c010
48_ERF::x : 0x7fdd2b3e8010
48_ERF::y : 0x7fdd145b1010
12_ERF::x : 0x7fddc6472010
12_ERF::y : 0x7fddc08e4010
84_COPY::x : 0x7fdcec4d2010
84_COPY::y : 0x7fdcc43f3010
36_POW::a : 0x7fddbad57010
36_POW::b : 0x7fdda9aae010
36_POW::y : 0x7fdd7be41010
36_DOT::x : 0x7fdd98805010
36_DOT::y : 0x7fdd6a2fe010
12_SQRTX::x : 0x7fdda3f20010
12_ERF::x : 0x7fdd9e392010
12_ERF::y : 0x7fdd98804010
36_DOT::x : 0x7fdd6a2fe010
36_DOT::y : 0x7fdd59055010
48_ERF::x : 0x7fdd92c77010
48_ERF::y : 0x7fdd4221e010
12_ERF::x : 0x7fddc6472010
12_ERF::y : 0x7fddc08e4010
120_TGAMMA::x : 0x7fddbad56010
120_TGAMMA::y : 0x7fddb51c8010
60_XPY::x : 0x7fdd2585a010
60_XPY::y : 0x7fdd08e96010
60_COPY::x : 0x7fdd5ebe3010
60_COPY::y : 0x7fdcec4d2010
60_COPY::x : 0x7fdd98804010
60_COPY::y : 0x7fdd7be40010
48_ERF::x : 0x7fddb51c9010
48_ERF::y : 0x7fdd47dac010
60_COPY::x : 0x7fdd2b3e8010
60_COPY::y : 0x7fdd0ea24010
84_SUM::x : 0x7fdce6945010
12_POW::a : 0x7fddaf63b010
12_POW::b : 0x7fdda9aad010
12_POW::y : 0x7fdda3f1f010
48_SQRTX::x : 0x7fdd9e392010
36_DOT::x : 0x7fddbad57010
36_DOT::y : 0x7fdd8d0e9010
108_SUM::x : 0x7fdd47dad010
84_DOT::x : 0x7fdd1fcce010
84_DOT::y : 0x7fdcf7bef010
12_ERF::x : 0x7fddc6472010
12_ERF::y : 0x7fddc08e4010
  итерация 1: 1355625 ms
84_SUM::x : 0x7fdd36b04010
108_SUM::x : 0x7fdd98806010
60_XPY::x : 0x7fdd5ebe3010
60_XPY::y : 0x7fdd1a140010
60_XPY::x : 0x7fdd7be42010
60_XPY::y : 0x7fdcfd77c010
12_POW::a : 0x7fdd59055010
12_POW::b : 0x7fdd534c7010
12_POW::y : 0x7fdd4d939010
36_DOT::x : 0x7fddbad57010
36_DOT::y : 0x7fdda9aae010
84_DOT::x : 0x7fdd36b04010
84_DOT::y : 0x7fdcd569d010
84_SUM::x : 0x7fdd819cf010
36_DOT::x : 0x7fdd6a2fe010
36_DOT::y : 0x7fdd2585b010
60_COPY::x : 0x7fddaf63c010
60_COPY::y : 0x7fdd08e97010
84_COPY::x : 0x7fdcad5be010
84_COPY::y : 0x7fdc854df010
84_COPY::x : 0x7fdd8755d010
84_COPY::y : 0x7fdc5d400010
60_XPY::x : 0x7fdd5ebe3010
60_XPY::y : 0x7fdd4221f010
24_POW::a : 0x7fddc08e4010
24_POW::b : 0x7fddb51c8010
24_POW::y : 0x7fdd7be41010
24_ERF::x : 0x7fdd36b03010
24_ERF::y : 0x7fdd2b3e7010
36_POW::a : 0x7fddbad57010
36_POW::b : 0x7fdd1a13e010
36_POW::y : 0x7fdd08e95010
132_SUM::x : 0x7fdd7be42010
132_SUM::x : 0x7fdcc9f80010
12_TGAMMA::x : 0x185f900
12_TGAMMA::y : 0x2187510
12_TGAMMA::x : 0x185f900
12_TGAMMA::y : 0x2187510
84_SUM::x : 0x7fdd534c8010
12_TGAMMA::x : 0x7fddcc000be0
12_TGAMMA::y : 0x7fddcc9287f0
36_POW::a : 0x7fdda9aae010
36_POW::b : 0x7fdd98805010
36_POW::y : 0x7fdd8755c010
132_SUM::x : 0x7fdd145b3010
36_DOT::x : 0x7fddbad57010
36_DOT::y : 0x7fdd0330a010
24_POW::a : 0x7fdd7be40010
24_POW::b : 0x7fdd6fe8b010
24_POW::y : 0x7fdd6476f010
36_POW::a : 0x7fddbad57010
36_POW::b : 0x7fdd0330a010
36_POW::y : 0x7fdcf2061010
24_POW::a : 0x7fdd59053010
24_POW::b : 0x7fdd4d937010
24_POW::y : 0x7fdd4221b010
12_ERF::x : 0x7fdd819ce010
12_ERF::y : 0x7fdd7be40010
60_XPY::x : 0x7fdd25857010
60_XPY::y : 0x7fdcd569d010
48_SQRTX::x : 0x7fdda3f20010
48_XPY::x : 0x7fdd8d0e9010
48_XPY::y : 0x7fdd64770010
12_SQRTX::x : 0x7fddc6472010
36_POW::a : 0x7fddbad57010
36_POW::b : 0x7fdd7be40010
36_POW::y : 0x7fdd534c7010
36_DOT::x : 0x7fdda9aae010
36_DOT::y : 0x7fdd4221e010
84_SUM::x : 0x7fdcfd778010
12_POW::a : 0x7fdda3f20010
12_POW::b : 0x7fdd9e392010
12_POW::y : 0x7fdd98804010
48_XPY::x : 0x7fdd819cd010
48_XPY::y : 0x7fdd64770010
48_ERF::x : 0x7fddb51c9010
48_ERF::y : 0x7fdd4d939010
48_SQRTX::x : 0x7fdd9e392010
24_POW::a : 0x7fdd4221d010
24_POW::b : 0x7fdd36b01010
24_POW::y : 0x7fdd2b3e5010
132_SUM::x : 0x7fdcec4d0010
60_XPY::x : 0x7fdd98805010
60_XPY::y : 0x7fdd30f75010
24_POW::a : 0x7fdd8d0e9010
24_POW::b : 0x7fdd819cd010
24_POW::y : 0x7fdd6fe8b010
12_TGAMMA::x : 0x7fddd00017d0
12_TGAMMA::y : 0x7fddd09293e0
60_XPY::x : 0x7fdd534c7010
60_XPY::y : 0x7fdccfb0c010
12_SQRTX::x : 0x7fddc6472010
84_SUM::x : 0x7fdd08e96010
84_COPY::x : 0x7fdca7a2d010
84_COPY::y : 0x7fdc7f94e010
24_ERF::x : 0x7fddc08e4010
24_ERF::y : 0x7fddb51c8010
84_SUM::x : 0x7fdd8d0e9010
48_ERF::x : 0x7fdd64770010
48_ERF::y : 0x7fdd4d939010
48_SQRTX::x : 0x7fddb51c9010
84_SUM::x : 0x7fdd8d0ea010
12_ERF::x : 0x7fddc6472010
12_ERF::y : 0x7fddc08e4010
48_ERF::x : 0x7fdd145b2010
48_ERF::y : 0x7fdcfd77b010
84_COPY::x : 0x7fdd534c8010
84_COPY::y : 0x7fdd2b3e9010
12_POW::a : 0x7fddc6472010
12_POW::b : 0x7fddc08e4010
12_POW::y : 0x7fddbad56010
60_TGAMMA::x : 0x7fddb7f8f010
60_TGAMMA::y : 0x7fddb51c8010
24_POW::a : 0x7fddc08e4010
24_POW::b : 0x7fdda9aac010
24_POW::y : 0x7fdd9e390010
120_TGAMMA::x : 0x7fddbad56010
120_TGAMMA::y : 0x7fddb51c8010
36_DOT::x : 0x7fdd8d0e7010
36_DOT::y : 0x7fdd7be3e010
48_ERF::x : 0x7fdd64770010
48_ERF::y : 0x7fdd4d939010
12_ERF::x : 0x7fddc6472010
12_ERF::y : 0x7fddc08e4010
84_SUM::x : 0x7fdd2585a010
60_TGAMMA::x : 0x7fddc9239010
60_TGAMMA::y : 0x7fddc6472010
120_TGAMMA::x : 0x7fddc08e4010
120_TGAMMA::y : 0x7fddbad56010
12_ERF::x : 0x7fddb51c8010
12_ERF::y : 0x7fddaf63a010
132_SUM::x : 0x7fdd3c692010
12_POW::a : 0x7fddc6472010
12_POW::b : 0x7fdda9aac010
12_POW::y : 0x7fdda3f1e010
60_COPY::x : 0x7fdd8755a010
60_COPY::y : 0x7fdd1fcce010
36_POW::a : 0x7fdda9aad010
36_POW::b : 0x7fdd0ea25010
36_POW::y : 0x7fdcfd77c010
60_COPY::x : 0x7fdce0db8010
60_COPY::y : 0x7fdcc43f4010
12_ERF::x : 0x7fddc6472010
12_ERF::y : 0x7fddc08e4010
60_COPY::x : 0x7fdd5ebe3010
60_COPY::y : 0x7fdd4221f010
12_TGAMMA::x : 0x7fddd4000da0
12_TGAMMA::y : 0x7fddd49289b0
60_XPY::x : 0x7fdd8d0e9010
60_XPY::y : 0x7fdd2585b010
108_SUM::x : 0x7fdc90bfa010
12_ERF::x : 0x7fddc6472010
12_ERF::y : 0x7fddc08e4010
24_POW::a : 0x7fddc08e4010
24_POW::b : 0x7fddb51c8010
24_POW::y : 0x7fdd819cd010
60_COPY::x : 0x7fdd5ebe3010
60_COPY::y : 0x7fdd4221f010
36_POW::a : 0x7fdd145b2010
36_POW::b : 0x7fdd03309010
36_POW::y : 0x7fdcf2060010
48_SQRTX::x : 0x7fdd9e391010
60_XPY::x : 0x7fdd819cd010
60_XPY::y : 0x7fdd2585b010
48_ERF::x : 0x7fddb51c9010
48_ERF::y : 0x7fdd9e392010
12_ERF::x : 0x7fdd7be3f010
12_ERF::y : 0x7fdd75a19010
84_DOT::x : 0x7fdd4d93a010
84_DOT::y : 0x7fdcfd77c010
36_DOT::x : 0x7fdcec4d3010
36_DOT::y : 0x7fdcdb22a010
12_POW::a : 0x7fdd98804010
12_POW::b : 0x7fdd92c76010
12_POW::y : 0x7fdd8d0e8010
60_COPY::x : 0x7fdd30f76010
60_COPY::y : 0x7fdce0db8010
48_ERF::x : 0x7fddb51c9010
48_ERF::y : 0x7fdd9e392010
12_SQRTX::x : 0x7fdd98804010
12_POW::a : 0x7fdd98804010
12_POW::b : 0x7fdd92c76010
12_POW::y : 0x7fdd8d0e8010
36_DOT::x : 0x7fdd7be3f010
36_DOT::y : 0x7fdd6a2fe010
132_SUM::x : 0x7fdca1ea3010
48_ERF::x : 0x7fdd8755b010
48_ERF::y : 0x7fdd64770010
108_SUM::x : 0x7fdd30f76010
60_COPY::x : 0x7fddaf63c010
60_COPY::y : 0x7fdd145b2010
36_DOT::x : 0x7fdd9e393010
36_DOT::y : 0x7fdd03309010
108_SUM::x : 0x7fdd30f76010
  итерация 2: 1384897 ms
24_POW::a : 0x7fdd8755c010
24_POW::b : 0x7fdd7be40010
24_POW::y : 0x7fdd3c690010
84_SUM::x : 0x7fdda3f21010
36_POW::a : 0x7fdd92c78010
36_POW::b : 0x7fdd59055010
36_POW::y : 0x7fdd47dac010
36_POW::a : 0x7fdd6a2fe010
36_POW::b : 0x7fdd2b3e7010
36_POW::y : 0x7fdd1a13e010
60_XPY::x : 0x7fddaf63c010
60_XPY::y : 0x7fdcfd77a010
108_SUM::x : 0x7fdcc9f80010
84_SUM::x : 0x7fdd8755d010
84_COPY::x : 0x7fdd534c8010
84_COPY::y : 0x7fdd2b3e9010
12_POW::a : 0x7fdd819cf010
12_POW::b : 0x7fdd7be41010
12_POW::y : 0x7fdd2585b010
48_XPY::x : 0x7fddb51c9010
48_XPY::y : 0x7fdd0ea24010
84_SUM::x : 0x7fdd8d0ea010
84_COPY::x : 0x7fdce6945010
84_COPY::y : 0x7fdcbe866010
36_DOT::x : 0x7fdda3f20010
36_DOT::y : 0x7fdd92c77010
60_XPY::x : 0x7fdd0ea25010
60_XPY::y : 0x7fdca1ea2010
12_ERF::x : 0x7fddc6472010
12_ERF::y : 0x7fddc08e4010
36_POW::a : 0x7fddaf63b010
36_POW::b : 0x7fdd9e392010
36_POW::y : 0x7fdd8d0e9010
12_TGAMMA::x : 0x7fddcc000be0
12_TGAMMA::y : 0x7fddcc9287f0
36_DOT::x : 0x7fdd7be40010
36_DOT::y : 0x7fdd6a2fe010
132_SUM::x : 0x7fdd2b3e9010
60_COPY::x : 0x7fdcf2061010
60_COPY::y : 0x7fdcd569d010
48_XPY::x : 0x7fdd145b2010
48_XPY::y : 0x7fdcbe866010
12_SQRTX::x : 0x7fddc6472010
60_XPY::x : 0x7fddaf63c010
60_XPY::y : 0x7fdd92c78010
12_POW::a : 0x7fdd8d0ea010
12_POW::b : 0x7fdd8755c010
12_POW::y : 0x7fdd819ce010
36_DOT::x : 0x7fdd6a2fe010
36_DOT::y : 0x7fdd59055010
132_SUM::x : 0x7fdd1a140010
60_XPY::x : 0x7fdcfd77c010
60_XPY::y : 0x7fdce0db8010
60_TGAMMA::x : 0x7fdd8feb1010
60_TGAMMA::y : 0x7fdd8d0ea010
108_SUM::x : 0x7fdd98806010
12_POW::a : 0x7fdd92c78010
12_POW::b : 0x7fdd8d0ea010
12_POW::y : 0x7fdd8755c010
48_SQRTX::x : 0x7fdd64770010
12_TGAMMA::x : 0x185f900
12_TGAMMA::y : 0x2187510
60_XPY::x : 0x7fdd47dac010
60_XPY::y : 0x7fdd2b3e8010
24_POW::a : 0x7fddc08e4010
24_POW::b : 0x7fddb51c8010
24_POW::y : 0x7fdda9aac010
48_SQRTX::x : 0x7fdd92c75010
24_ERF::x : 0x7fdd87559010
24_ERF::y : 0x7fdd6fe8b010
24_POW::a : 0x7fddc08e4010
24_POW::b : 0x7fddb51c8010
24_POW::y : 0x7fdda9aac010
36_POW::a : 0x7fdd98803010
36_POW::b : 0x7fdd1a13f010
36_POW::y : 0x7fdd08e96010
84_COPY::x : 0x7fdce0db7010
84_COPY::y : 0x7fdcb8cd8010
24_ERF::x : 0x7fdd8d0e7010
24_ERF::y : 0x7fdd819cb010
132_SUM::x : 0x7fdd3c692010
84_DOT::x : 0x7fdc90bf9010
84_DOT::y : 0x7fdc68b1a010
48_ERF::x : 0x7fddb51c9010
48_ERF::y : 0x7fdd9e392010
36_DOT::x : 0x7fdd8d0e9010
36_DOT::y : 0x7fdd7be40010
132_SUM::x : 0x7fdcfd77d010
60_XPY::x : 0x7fdd5ebe3010
60_XPY::y : 0x7fdd4221f010
12_TGAMMA::x : 0x7fddd4000da0
12_TGAMMA::y : 0x7fddd49289b0
60_COPY::x : 0x7fddaf63c010
60_COPY::y : 0x7fdd92c78010
48_ERF::x : 0x7fdd7be41010
48_ERF::y : 0x7fdce6946010
84_SUM::x : 0x7fdd1a140010
12_TGAMMA::x : 0x185f900
12_TGAMMA::y : 0x2187510
48_ERF::x : 0x7fdd64770010
48_ERF::y : 0x7fdd4d939010
12_TGAMMA::x : 0x185f900
12_TGAMMA::y : 0x2187510
36_DOT::x : 0x7fdd819cf010
36_DOT::y : 0x7fdd3c690010
132_SUM::x : 0x7fdcfd77b010
84_SUM::x : 0x7fdda3f21010
84_SUM::x : 0x7fdd7be42010
12_ERF::x : 0x7fddc6472010
12_ERF::y : 0x7fddc08e4010
48_ERF::x : 0x7fdda9aad010
48_ERF::y : 0x7fdd64770010
24_POW::a : 0x7fddc08e4010
24_POW::b : 0x7fdd59054010
24_POW::y : 0x7fdd4d938010
12_SQRTX::x : 0x7fdd47daa010
12_ERF::x : 0x7fdda3f1f010
12_ERF::y : 0x7fdd9e391010
24_POW::a : 0x7fdd92c75010
24_POW::b : 0x7fdd87559010
24_POW::y : 0x7fdd4221c010
24_POW::a : 0x7fdd9e391010
24_POW::b : 0x7fdd36b00010
24_POW::y : 0x7fdd2b3e4010
48_ERF::x : 0x7fdd4d939010
48_ERF::y : 0x7fdd145ad010
84_SUM::x : 0x7fdcec4ce010
84_COPY::x : 0x7fdcc43ef010
84_COPY::y : 0x7fdc9c310010
36_DOT::x : 0x7fddbad57010
36_DOT::y : 0x7fdda9aae010
24_POW::a : 0x7fdd8d0ea010
24_POW::b : 0x7fdd819ce010
24_POW::y : 0x7fdd6fe8b010
108_SUM::x : 0x7fdd98806010
48_ERF::x : 0x7fdd59054010
48_ERF::y : 0x7fdd4221d010
60_TGAMMA::x : 0x7fdda6ce7010
60_TGAMMA::y : 0x7fdda3f20010
36_POW::a : 0x7fddbad57010
36_POW::b : 0x7fdda9aae010
36_POW::y : 0x7fdd30f74010
12_ERF::x : 0x7fdd9e392010
12_ERF::y : 0x7fdd98804010
12_SQRTX::x : 0x7fdd9e392010
12_ERF::x : 0x7fdd98804010
12_ERF::y : 0x7fdd92c76010
60_COPY::x : 0x7fdd5ebe3010
60_COPY::y : 0x7fdd4221f010
60_COPY::x : 0x7fdd145b0010
60_COPY::y : 0x7fdcf7bec010
12_POW::a : 0x7fdda3f20010
12_POW::b : 0x7fdd9e392010
12_POW::y : 0x7fdd98804010
12_ERF::x : 0x7fdda3f20010
12_ERF::y : 0x7fdd9e392010
60_XPY::x : 0x7fddaf63c010
60_XPY::y : 0x7fdd819ce010
48_ERF::x : 0x7fdce0db5010
48_ERF::y : 0x7fdcc9f7e010
12_POW::a : 0x7fdda9aae010
12_POW::b : 0x7fdda3f20010
12_POW::y : 0x7fdd9e392010
132_SUM::x : 0x7fdd3c692010
120_TGAMMA::x : 0x7fdda9aae010
120_TGAMMA::y : 0x7fdda3f20010
36_POW::a : 0x7fddbad57010
36_POW::b : 0x7fdd92c77010
36_POW::y : 0x7fdd819ce010
60_XPY::x : 0x7fdd1fcce010
60_XPY::y : 0x7fdd0330a010
12_ERF::x : 0x7fddb51c9010
12_ERF::y : 0x7fdd7be40010
36_DOT::x : 0x7fdd6a2fe010
36_DOT::y : 0x7fdd59055010
36_DOT::x : 0x7fdda9aae010
36_DOT::y : 0x7fdd47dac010
12_POW::a : 0x7fdda3f20010
12_POW::b : 0x7fdd7be40010
12_POW::y : 0x7fdd75a19010
60_COPY::x : 0x7fdd59055010
60_COPY::y : 0x7fdd2b3e8010
60_COPY::x : 0x7fdd8755c010
60_COPY::y : 0x7fdd0ea24010
48_SQRTX::x : 0x7fdcf7bed010
108_SUM::x : 0x7fdcc43f3010
120_TGAMMA::x : 0x7fddc6472010
120_TGAMMA::y : 0x7fddc08e4010
48_SQRTX::x : 0x7fdda9aad010
84_SUM::x : 0x7fdd534c8010
84_DOT::x : 0x7fdd819ce010
84_DOT::y : 0x7fdd2b3e9010
60_COPY::x : 0x7fdd0ea25010
60_COPY::y : 0x7fdcf2061010
  итерация 3: 1349508 ms
24_POW::a : 0x7fdd8d0ea010
24_POW::b : 0x7fdd819ce010
24_POW::y : 0x7fdcf7bee010
108_SUM::x : 0x7fdd98806010
84_COPY::x : 0x7fdd534c8010
84_COPY::y : 0x7fdd0330a010
84_SUM::x : 0x7fdd2b3e9010
60_XPY::x : 0x7fdd36b04010
60_XPY::y : 0x7fdcdb22a010
12_POW::a : 0x7fdda9aae010
12_POW::b : 0x7fdda3f20010
12_POW::y : 0x7fdd9e392010
60_XPY::x : 0x7fddaf63c010
60_XPY::y : 0x7fdcbe866010
84_SUM::x : 0x7fdd8755d010
36_DOT::x : 0x7fdd6a2fe010
36_DOT::y : 0x7fdd59055010
36_DOT::x : 0x7fdd9e393010
36_DOT::y : 0x7fdd8d0ea010
60_COPY::x : 0x7fdd3c691010
60_COPY::y : 0x7fdd1fccd010
84_SUM::x : 0x7fdcf7bee010
60_XPY::x : 0x7fddaf63c010
60_XPY::y : 0x7fdd5ebe3010
12_POW::a : 0x7fdda9aae010
12_POW::b : 0x7fdda3f20010
12_POW::y : 0x7fdd9e392010
36_POW::a : 0x7fdd8d0e9010
36_POW::b : 0x7fdd7be40010
36_POW::y : 0x7fdd0ea24010
48_XPY::x : 0x7fdcf7bed010
48_XPY::y : 0x7fdce0db6010
60_COPY::x : 0x7fdd4221f010
60_COPY::y : 0x7fdd2585b010
24_POW::a : 0x7fddc08e4010
24_POW::b : 0x7fddb51c8010
24_POW::y : 0x7fdda9aac010
48_XPY::x : 0x7fdd64770010
48_XPY::y : 0x7fdcf7bed010
132_SUM::x : 0x7fdcb8cd8010
48_ERF::x : 0x7fddb51c9010
48_ERF::y : 0x7fdd9e392010
60_XPY::x : 0x7fdd819ce010
60_XPY::y : 0x7fdd47dac010
84_SUM::x : 0x7fdd1fccd010
24_POW::a : 0x7fdd6fe8b010
24_POW::b : 0x7fdd145b1010
24_POW::y : 0x7fdd08e95010
48_ERF::x : 0x7fddb51c9010
48_ERF::y : 0x7fdd9e392010
36_POW::a : 0x7fdd36b03010
36_POW::b : 0x7fdd2585a010
36_POW::y : 0x7fdcf7bec010
84_COPY::x : 0x7fdd47dac010
84_COPY::y : 0x7fdccfb0d010
36_POW::a : 0x7fdd8d0e9010
36_POW::b : 0x7fdd7be40010
36_POW::y : 0x7fdd145b1010
12_SQRTX::x : 0x7fddc6472010
60_TGAMMA::x : 0x7fddc9239010
60_TGAMMA::y : 0x7fddc6472010
84_COPY::x : 0x7fdd9e393010
84_COPY::y : 0x7fdca7a2e010
60_XPY::x : 0x7fdd819cf010
60_XPY::y : 0x7fdd2b3e8010
36_POW::a : 0x7fdd1a13f010
36_POW::b : 0x7fdd08e96010
36_POW::y : 0x7fdcf7bed010
12_ERF::x : 0x7fddc6472010
12_ERF::y : 0x7fdd7be41010
36_DOT::x : 0x7fdd6a2fe010
36_DOT::y : 0x7fdd59055010
132_SUM::x : 0x7fdc68b19010
12_TGAMMA::x : 0x7fddd00017d0
12_TGAMMA::y : 0x7fddd09293e0
12_TGAMMA::x : 0x7fddd4000da0
12_TGAMMA::y : 0x7fddd49289b0
132_SUM::x : 0x7fdd8d0eb010
12_TGAMMA::x : 0x7fddcc000be0
12_TGAMMA::y : 0x7fddcc9287f0
24_POW::a : 0x7fdd819cf010
24_POW::b : 0x7fdd6fe8b010
24_POW::y : 0x7fdd6476f010
48_SQRTX::x : 0x7fdd4d938010
84_SUM::x : 0x7fdd25859010
12_POW::a : 0x7fdd7be41010
12_POW::b : 0x7fdd5ebe1010
12_POW::y : 0x7fdd59053010
84_DOT::x : 0x7fdcfd77a010
84_DOT::y : 0x7fdcd569b010
108_SUM::x : 0x7fdd98806010
12_ERF::x : 0x7fdd92c78010
12_ERF::y : 0x7fdd8d0ea010
36_POW::a : 0x7fdd7be41010
36_POW::b : 0x7fdd6a2fe010
36_POW::y : 0x7fdd59055010
84_SUM::x : 0x7fdd30f76010
24_POW::a : 0x7fddc08e4010
24_POW::b : 0x7fddb51c8010
24_POW::y : 0x7fdda9aac010
24_POW::a : 0x7fdd9e390010
24_POW::b : 0x7fdd92c74010
24_POW::y : 0x7fdd2585a010
24_ERF::x : 0x7fdd4d939010
24_ERF::y : 0x7fdd4221d010
36_DOT::x : 0x7fddbad57010
36_DOT::y : 0x7fdda9aae010
48_SQRTX::x : 0x7fdd64770010
36_DOT::x : 0x7fdd819cb010
36_DOT::y : 0x7fdd534c7010
120_TGAMMA::x : 0x7fdda3f20010
120_TGAMMA::y : 0x7fdd9e392010
120_TGAMMA::x : 0x7fddc6472010
120_TGAMMA::y : 0x7fddc08e4010
48_ERF::x : 0x7fdd8755b010
48_ERF::y : 0x7fdd4d939010
84_SUM::x : 0x7fdd2585a010
132_SUM::x : 0x7fdd0ea24010
84_DOT::x : 0x7fdce6945010
84_DOT::y : 0x7fdcbe866010
12_TGAMMA::x : 0x7fddcc000be0
12_TGAMMA::y : 0x7fddcc9287f0
84_SUM::x : 0x7fdd98805010
12_TGAMMA::x : 0x7fddd00017d0
12_TGAMMA::y : 0x7fddd09293e0
12_SQRTX::x : 0x7fddc6472010
24_ERF::x : 0x7fddc08e4010
24_ERF::y : 0x7fdd8d0e9010
84_COPY::x : 0x7fdd534c8010
84_COPY::y : 0x7fdc96787010
36_DOT::x : 0x7fddaf63b010
36_DOT::y : 0x7fdd9e392010
24_POW::a : 0x7fddc08e4010
24_POW::b : 0x7fdd92c76010
24_POW::y : 0x7fdd8755a010
60_XPY::x : 0x7fdd36b04010
60_XPY::y : 0x7fdd1a140010
108_SUM::x : 0x7fdce6946010
132_SUM::x : 0x7fdd8d0eb010
12_ERF::x : 0x7fdd8755d010
12_ERF::y : 0x7fdd819cf010
60_COPY::x : 0x7fdd5ebe3010
60_COPY::y : 0x7fdcfd77c010
12_ERF::x : 0x7fdd7be41010
12_ERF::y : 0x7fdd59055010
12_ERF::x : 0x7fdd8755d010
12_ERF::y : 0x7fdd819cf010
12_ERF::x : 0x7fdd7be41010
12_ERF::y : 0x7fdd59055010
132_SUM::x : 0x7fdd1a140010
48_SQRTX::x : 0x7fddb51c9010
60_TGAMMA::x : 0x7fddb2402010
60_TGAMMA::y : 0x7fddaf63b010
60_COPY::x : 0x7fdd92c77010
60_COPY::y : 0x7fdd5ebe3010
48_ERF::x : 0x7fdd7be40010
48_ERF::y : 0x7fdd03309010
48_ERF::x : 0x7fddb51c9010
48_ERF::y : 0x7fdcec4d2010
12_SQRTX::x : 0x7fddaf63b010
48_SQRTX::x : 0x7fdd47dac010
48_ERF::x : 0x7fdd7be40010
48_ERF::y : 0x7fdd30f75010
60_XPY::x : 0x7fddaf63c010
60_XPY::y : 0x7fdd145b1010
12_POW::a : 0x7fdda9aae010
12_POW::b : 0x7fdda3f20010
12_POW::y : 0x7fdd9e392010
12_ERF::x : 0x7fdd98804010
12_ERF::y : 0x7fdd75a19010
12_POW::a : 0x7fdd98804010
12_POW::b : 0x7fdd75a19010
12_POW::y : 0x7fdd6fe8b010
60_XPY::x : 0x7fdd534c7010
60_XPY::y : 0x7fdcf7bed010
36_DOT::x : 0x7fdd9e393010
36_DOT::y : 0x7fdce6944010
36_POW::a : 0x7fdd8d0ea010
36_POW::b : 0x7fdd7be41010
36_POW::y : 0x7fdd4221e010
48_ERF::x : 0x7fddb51c9010
48_ERF::y : 0x7fdd2b3e7010
36_DOT::x : 0x7fdda3f20010
36_DOT::y : 0x7fdd1a13e010
60_COPY::x : 0x7fdd5ebe3010
60_COPY::y : 0x7fdcfd77a010
108_SUM::x : 0x7fdcc9f80010
60_COPY::x : 0x7fdd98805010
60_COPY::y : 0x7fdd7be41010
12_POW::a : 0x7fddc6472010
12_POW::b : 0x7fddc08e4010
12_POW::y : 0x7fddbad56010
60_COPY::x : 0x7fdd4221f010
60_COPY::y : 0x7fdd2585b010
  итерация 4: 1364719 ms
  среднее по 5 итерациям: 1363569 ms
=== Выполняется проект: no_po_24.txt (100 работ) ===
120_TGAMMA::x : 0x7fdd98805010
120_TGAMMA::y : 0x7fdd7be40010
12_ERF::x : 0x7fdd9e393010
12_ERF::y : 0x7fdd819ce010
36_DOT::x : 0x7fdd8755c010
36_DOT::y : 0x7fdd4221f010
84_DOT::x : 0x7fdda3f21010
84_DOT::y : 0x7fdd534c8010
48_XPY::x : 0x7fdd2b3e8010
48_XPY::y : 0x7fdd145b1010
60_TGAMMA::x : 0x7fdda115a010
60_TGAMMA::y : 0x7fdd9e393010
60_COPY::x : 0x7fdd36b04010
60_COPY::y : 0x7fdd1a140010
60_TGAMMA::x : 0x7fddc9239010
60_TGAMMA::y : 0x7fddc6472010
120_TGAMMA::x : 0x7fddc08e4010
120_TGAMMA::y : 0x7fddbad56010
36_POW::a : 0x7fdda9aad010
36_POW::b : 0x7fdd98804010
36_POW::y : 0x7fdd8755b010
108_SUM::x : 0x7fdd47dad010
84_COPY::x : 0x7fdd1fcce010
84_COPY::y : 0x7fdcf7bef010
48_ERF::x : 0x7fdce0db8010
48_ERF::y : 0x7fdcc9f81010
48_XPY::x : 0x7fdd64770010
48_XPY::y : 0x7fdd4d939010
60_XPY::x : 0x7fddaf63c010
60_XPY::y : 0x7fdd92c78010
84_DOT::x : 0x7fdd2585a010
84_DOT::y : 0x7fdcfd77b010
24_ERF::x : 0x7fdd8755c010
24_ERF::y : 0x7fdd7be40010
24_POW::a : 0x7fdd6fe8b010
24_POW::b : 0x7fdd6476f010
24_POW::y : 0x7fdd59053010
84_SUM::x : 0x7fdda3f21010
108_SUM::x : 0x7fdcc9f81010
12_SQRTX::x : 0x7fdd9e393010
48_SQRTX::x : 0x7fdd8755c010
84_DOT::x : 0x7fdda3f21010
84_DOT::y : 0x7fdd534c8010
12_POW::a : 0x7fdd9e393010
12_POW::b : 0x7fdd819ce010
12_POW::y : 0x7fdd7be40010
60_XPY::x : 0x7fdd36b04010
60_XPY::y : 0x7fdd1a140010
36_DOT::x : 0x7fdd08e97010
36_DOT::y : 0x7fdcf7bee010
12_TGAMMA::x : 0x7fddcc000be0
12_TGAMMA::y : 0x7fddcc9287f0
24_ERF::x : 0x7fdd98805010
24_ERF::y : 0x7fdd8d0e9010
12_ERF::x : 0x7fdd8755b010
12_ERF::y : 0x7fdd819cd010
60_XPY::x : 0x7fdcfd77c010
60_XPY::y : 0x7fdce0db8010
12_ERF::x : 0x7fdd9e393010
12_ERF::y : 0x7fdd98805010
36_DOT::x : 0x7fddbad57010
36_DOT::y : 0x7fdda9aae010
12_TGAMMA::x : 0x7fddcc000be0
12_TGAMMA::y : 0x7fddcc9287f0
48_ERF::x : 0x7fdd92c77010
48_ERF::y : 0x7fdd7be40010
24_POW::a : 0x7fdd6fe8b010
24_POW::b : 0x7fdd6476f010
24_POW::y : 0x7fdd59053010
48_ERF::x : 0x7fddb51c9010
48_ERF::y : 0x7fdd4221c010
48_XPY::x : 0x7fdd2b3e5010
48_XPY::y : 0x7fdd145ae010
12_POW::a : 0x7fddaf63b010
12_POW::b : 0x7fdd75a19010
12_POW::y : 0x7fdd6fe8b010
12_POW::a : 0x7fdda9aad010
12_POW::b : 0x7fdda3f1f010
12_POW::y : 0x7fdd9e391010
36_POW::a : 0x7fdd8d0e8010
36_POW::b : 0x7fdd7be3f010
36_POW::y : 0x7fdd6a2fe010
12_TGAMMA::x : 0x185f8c0
12_TGAMMA::y : 0x21874d0
60_XPY::x : 0x7fddaf63c010
60_XPY::y : 0x7fdd4d93a010
60_TGAMMA::x : 0x7fddac875010
60_TGAMMA::y : 0x7fdda9aae010
24_ERF::x : 0x7fdd9e392010
24_ERF::y : 0x7fdd4221e010
36_POW::a : 0x7fdd30f75010
36_POW::b : 0x7fdd1fccc010
36_POW::y : 0x7fdd0ea23010
120_TGAMMA::x : 0x7fdda9aae010
120_TGAMMA::y : 0x7fdda3f20010
60_TGAMMA::x : 0x7fddc9239010
60_TGAMMA::y : 0x7fddc6472010
12_POW::a : 0x7fddc08e4010
12_POW::b : 0x7fddbad56010
12_POW::y : 0x7fddb51c8010
108_SUM::x : 0x7fdd47dad010
12_POW::a : 0x7fddc6472010
12_POW::b : 0x7fddc08e4010
12_POW::y : 0x7fddbad56010
12_POW::a : 0x7fddb51c8010
12_POW::b : 0x7fdd9e392010
12_POW::y : 0x7fdd98804010
60_XPY::x : 0x7fdd7be40010
60_XPY::y : 0x7fdd5ebe3010
36_POW::a : 0x7fddbad57010
36_POW::b : 0x7fdd4d93a010
36_POW::y : 0x7fdd3c691010
120_TGAMMA::x : 0x7fddaf63a010
120_TGAMMA::y : 0x7fdda9aac010
60_TGAMMA::x : 0x7fddb7f90010
60_TGAMMA::y : 0x7fddb51c9010
108_SUM::x : 0x7fdd08e97010
12_POW::a : 0x7fddb51c9010
12_POW::b : 0x7fdda3f1e010
12_POW::y : 0x7fdd9e390010
24_POW::a : 0x7fdd9e390010
24_POW::b : 0x7fdd92c74010
24_POW::y : 0x7fdd87558010
12_ERF::x : 0x7fddb51c9010
12_ERF::y : 0x7fddaf63b010
12_ERF::x : 0x7fddc6472010
12_ERF::y : 0x7fddc08e4010
12_TGAMMA::x : 0x7fddd00017d0
12_TGAMMA::y : 0x7fddd09293e0
120_TGAMMA::x : 0x7fddbad56010
120_TGAMMA::y : 0x7fddb51c8010
60_TGAMMA::x : 0x7fddc9239010
60_TGAMMA::y : 0x7fddc6472010
60_COPY::x : 0x7fdd5ebe3010
60_COPY::y : 0x7fdd4221f010
120_TGAMMA::x : 0x7fddc08e4010
120_TGAMMA::y : 0x7fddaf63a010
60_COPY::x : 0x7fdd92c76010
60_COPY::y : 0x7fdd2585b010
120_TGAMMA::x : 0x7fddc6472010
120_TGAMMA::y : 0x7fdd8d0e8010
12_TGAMMA::x : 0x7fddd4000da0
12_TGAMMA::y : 0x7fddd49289b0
84_COPY::x : 0x7fdd534c8010
84_COPY::y : 0x7fdcfd77c010
36_DOT::x : 0x7fdd9e391010
36_DOT::y : 0x7fdd7be3f010
60_TGAMMA::x : 0x7fddc36ab010
60_TGAMMA::y : 0x7fddc08e4010
12_TGAMMA::x : 0x185f8c0
12_TGAMMA::y : 0x21874d0
108_SUM::x : 0x7fdcc9f82010
120_TGAMMA::x : 0x7fddc6472010
120_TGAMMA::y : 0x7fddbad56010
12_TGAMMA::x : 0x7fddcc000be0
12_TGAMMA::y : 0x7fddcc9287f0
84_SUM::x : 0x7fdd92c77010
60_XPY::x : 0x7fdd36b04010
60_XPY::y : 0x7fdce0db8010
60_COPY::x : 0x7fdd5ebe3010
60_COPY::y : 0x7fdd1a140010
108_SUM::x : 0x7fdd8755c010
24_ERF::x : 0x7fddc08e4010
24_ERF::y : 0x7fdd7be40010
84_SUM::x : 0x7fdd98805010
60_COPY::x : 0x7fdd7be41010
60_COPY::y : 0x7fdcfd77c010
84_DOT::x : 0x7fdd36b04010
84_DOT::y : 0x7fdcd569d010
60_COPY::x : 0x7fdd5ebe3010
60_COPY::y : 0x7fdd1a140010
108_SUM::x : 0x7fdd98806010
108_SUM::x : 0x7fdca1ea3010
60_TGAMMA::x : 0x7fdd95a3f010
60_TGAMMA::y : 0x7fdd92c78010
108_SUM::x : 0x7fdd98806010
84_COPY::x : 0x7fdd534c8010
84_COPY::y : 0x7fdd2b3e9010
60_COPY::x : 0x7fdd7be42010
60_COPY::y : 0x7fdd0ea25010
12_TGAMMA::x : 0x7fddd00017d0
12_TGAMMA::y : 0x7fddd09293e0
12_SQRTX::x : 0x7fdd08e97010
48_ERF::x : 0x7fddb51c9010
48_ERF::y : 0x7fdd9e392010
84_COPY::x : 0x7fdce6946010
84_COPY::y : 0x7fdcbe867010
12_SQRTX::x : 0x7fdd75a19010
108_SUM::x : 0x7fdd47dad010
84_SUM::x : 0x7fdd1fcce010
24_POW::a : 0x7fddc08e4010
24_POW::b : 0x7fddb51c8010
24_POW::y : 0x7fdda9aac010
12_POW::a : 0x7fdda3f1e010
12_POW::b : 0x7fdd9e390010
12_POW::y : 0x7fdd98802010
132_SUM::x : 0x7fdd3c692010
  итерация 0: 1235425 ms
24_ERF::x : 0x7fdd819ce010
24_ERF::y : 0x7fdd47dac010
48_SQRTX::x : 0x7fdd8d0ea010
48_XPY::x : 0x7fdd30f75010
48_XPY::y : 0x7fdd1a13e010
84_DOT::x : 0x7fdda3f21010
84_DOT::y : 0x7fdd534c8010
24_ERF::x : 0x7fdd819ce010
24_ERF::y : 0x7fdd47dac010
36_DOT::x : 0x7fdd92c78010
36_DOT::y : 0x7fdd08e95010
12_TGAMMA::x : 0x7fddd00017d0
12_TGAMMA::y : 0x7fddd09293e0
12_ERF::x : 0x7fdd8d0ea010
12_ERF::y : 0x7fdd8755c010
84_COPY::x : 0x7fdd1fccd010
84_COPY::y : 0x7fdce0db6010
108_SUM::x : 0x7fdd47dad010
36_DOT::x : 0x7fddbad57010
36_DOT::y : 0x7fdda9aae010
120_TGAMMA::x : 0x7fdda3f20010
120_TGAMMA::y : 0x7fdd9e392010
60_COPY::x : 0x7fddaf63c010
60_COPY::y : 0x7fdd819ce010
48_XPY::x : 0x7fdd64770010
48_XPY::y : 0x7fdd4d939010
12_ERF::x : 0x7fdda9aae010
12_ERF::y : 0x7fdda3f20010
12_SQRTX::x : 0x7fdd9e392010
108_SUM::x : 0x7fdd47dad010
48_XPY::x : 0x7fdd08e96010
48_XPY::y : 0x7fdcc9f7f010
36_DOT::x : 0x7fdd9e393010
36_DOT::y : 0x7fdd36b04010
60_XPY::x : 0x7fddaf63c010
60_XPY::y : 0x7fdd819cf010
12_POW::a : 0x7fdda9aae010
12_POW::b : 0x7fdda3f20010
12_POW::y : 0x7fdd7be41010
60_COPY::x : 0x7fdd5ebe3010
60_COPY::y : 0x7fdd4221f010
48_ERF::x : 0x7fdd2b3e8010
48_ERF::y : 0x7fdd145b1010
36_DOT::x : 0x7fdd9e393010
36_DOT::y : 0x7fdd03308010
48_ERF::x : 0x7fddb51c9010
48_ERF::y : 0x7fdd8755c010
120_TGAMMA::x : 0x7fddaf63b010
120_TGAMMA::y : 0x7fdda9aad010
12_ERF::x : 0x7fdda3f1f010
12_ERF::y : 0x7fdd819ce010
84_DOT::x : 0x7fdd534c8010
84_DOT::y : 0x7fdd2b3e9010
60_TGAMMA::x : 0x7fdda6ce6010
60_TGAMMA::y : 0x7fdda3f1f010
84_SUM::x : 0x7fdd7be40010
60_TGAMMA::x : 0x7fddc9239010
60_TGAMMA::y : 0x7fddc6472010
36_POW::a : 0x7fddb51c9010
36_POW::b : 0x7fdda3f20010
36_POW::y : 0x7fdd1a140010
36_POW::a : 0x7fdd92c77010
36_POW::b : 0x7fdd819ce010
36_POW::y : 0x7fdd08e97010
60_XPY::x : 0x7fdd5ebe3010
60_XPY::y : 0x7fdd4221f010
12_TGAMMA::x : 0x7fddd00017d0
12_TGAMMA::y : 0x7fddd09293e0
60_TGAMMA::x : 0x7fddc9239010
60_TGAMMA::y : 0x7fddc6472010
60_TGAMMA::x : 0x7fdd7ec07010
60_TGAMMA::y : 0x7fdd7be40010
120_TGAMMA::x : 0x7fddc6472010
120_TGAMMA::y : 0x7fdd75a19010
60_TGAMMA::x : 0x7fddc36ab010
60_TGAMMA::y : 0x7fddc08e4010
60_XPY::x : 0x7fdda3f20010
60_XPY::y : 0x7fdd8755c010
108_SUM::x : 0x7fdd4221f010
12_POW::a : 0x7fddc08e4010
12_POW::b : 0x7fdd819ce010
12_POW::y : 0x7fdd7be40010
60_COPY::x : 0x7fdda3f20010
60_COPY::y : 0x7fdd8755c010
60_COPY::x : 0x7fdd2585b010
60_COPY::y : 0x7fdd08e97010
12_POW::a : 0x7fddc6472010
12_POW::b : 0x7fddc08e4010
12_POW::y : 0x7fdd819ce010
36_POW::a : 0x7fdd6a2fe010
36_POW::b : 0x7fdd59055010
36_POW::y : 0x7fdd47dac010
120_TGAMMA::x : 0x7fddc6472010
120_TGAMMA::y : 0x7fddc08e4010
36_POW::a : 0x7fddaf63b010
36_POW::b : 0x7fdd9e392010
36_POW::y : 0x7fdd8d0e9010
12_TGAMMA::x : 0x7fddd00017d0
12_TGAMMA::y : 0x7fddd09293e0
60_TGAMMA::x : 0x7fdd8a322010
60_TGAMMA::y : 0x7fdd8755b010
24_ERF::x : 0x7fdd7be3f010
24_ERF::y : 0x7fdd6fe8b010
84_COPY::x : 0x7fdd47dac010
84_COPY::y : 0x7fdd1fccd010
12_POW::a : 0x7fddc6472010
12_POW::b : 0x7fddc08e4010
12_POW::y : 0x7fdd8755b010
24_POW::a : 0x7fdd7be3f010
24_POW::b : 0x7fdd6fe8b010
24_POW::y : 0x7fdd145b1010
84_DOT::x : 0x7fdd98805010
84_DOT::y : 0x7fdcec4d2010
12_POW::a : 0x7fddc6472010
12_POW::b : 0x7fddc08e4010
12_POW::y : 0x7fdd92c77010
108_SUM::x : 0x7fdcb8cd8010
84_DOT::x : 0x7fdc90bf9010
84_DOT::y : 0x7fdc68b1a010
48_ERF::x : 0x7fdd819ce010
48_ERF::y : 0x7fdd64770010
108_SUM::x : 0x7fdd98806010
12_TGAMMA::x : 0x7fddd00017d0
12_TGAMMA::y : 0x7fddd09293e0
24_POW::a : 0x7fdd59054010
24_POW::b : 0x7fdd4d938010
24_POW::y : 0x7fdd4221c010
60_COPY::x : 0x7fdd25858010
60_COPY::y : 0x7fdd08e94010
60_COPY::x : 0x7fddaf63c010
60_COPY::y : 0x7fdcec4d0010
84_SUM::x : 0x7fdd8755d010
84_COPY::x : 0x7fdd534c8010
84_COPY::y : 0x7fdcc43f1010
120_TGAMMA::x : 0x7fdda9aae010
120_TGAMMA::y : 0x7fdda3f20010
108_SUM::x : 0x7fdd1fcce010
60_XPY::x : 0x7fddaf63c010
60_XPY::y : 0x7fdd8755c010
108_SUM::x : 0x7fdd1fcce010
12_TGAMMA::x : 0x185f8c0
12_TGAMMA::y : 0x21874d0
24_POW::a : 0x7fdda3f20010
24_POW::b : 0x7fdd7be40010
24_POW::y : 0x7fdd6fe8b010
60_COPY::x : 0x7fdd0330a010
60_COPY::y : 0x7fdca7a2d010
12_POW::a : 0x7fdd6a2fd010
12_POW::b : 0x7fdd6476f010
12_POW::y : 0x7fdd5ebe1010
120_TGAMMA::x : 0x7fddc6472010
120_TGAMMA::y : 0x7fddc08e4010
84_SUM::x : 0x7fdd47dac010
60_TGAMMA::x : 0x7fddbdb1d010
60_TGAMMA::y : 0x7fddbad56010
60_XPY::x : 0x7fdd9e392010
60_XPY::y : 0x7fdd819ce010
12_TGAMMA::x : 0x7fddd4000da0
12_TGAMMA::y : 0x7fddd49289b0
12_ERF::x : 0x7fdd7be40010
12_ERF::y : 0x7fdd75a19010
12_POW::a : 0x7fddbad56010
12_POW::b : 0x7fdd6fe8b010
12_POW::y : 0x7fdd6a2fd010
108_SUM::x : 0x7fdd36b03010
108_SUM::x : 0x7fdd03309010
108_SUM::x : 0x7fdccfb0f010
12_TGAMMA::x : 0x185f8c0
12_TGAMMA::y : 0x21874d0
24_ERF::x : 0x7fddc08e4010
24_ERF::y : 0x7fddb51c8010
84_SUM::x : 0x7fdd8d0e9010
84_COPY::x : 0x7fdd534c8010
84_COPY::y : 0x7fdd2b3e9010
12_TGAMMA::x : 0x7fddd00017d0
12_TGAMMA::y : 0x7fddd09293e0
48_ERF::x : 0x7fddb51c9010
48_ERF::y : 0x7fdd145b2010
12_SQRTX::x : 0x7fdd8755b010
120_TGAMMA::x : 0x7fddaf63b010
120_TGAMMA::y : 0x7fdda9aad010
60_XPY::x : 0x7fdd8d0e9010
60_XPY::y : 0x7fdcf7bee010
12_ERF::x : 0x7fdda3f1f010
12_ERF::y : 0x7fdd9e391010
120_TGAMMA::x : 0x7fddaf63b010
120_TGAMMA::y : 0x7fdda9aad010
24_POW::a : 0x7fddc08e4010
24_POW::b : 0x7fdd92c75010
24_POW::y : 0x7fdd87559010
12_POW::a : 0x7fddbad56010
12_POW::b : 0x7fdda3f1f010
12_POW::y : 0x7fdd9e391010
12_SQRTX::x : 0x7fdd819cb010
132_SUM::x : 0x7fdd3c692010
60_TGAMMA::x : 0x7fddbdb1d010
60_TGAMMA::y : 0x7fddbad56010
  итерация 1: 1229200 ms
60_TGAMMA::x : 0x7fdda115a010
60_TGAMMA::y : 0x7fdd8755c010
48_SQRTX::x : 0x7fdd8a323010
84_DOT::x : 0x7fdda3f21010
84_DOT::y : 0x7fdd534c8010
84_COPY::x : 0x7fdd2b3e9010
84_COPY::y : 0x7fdd0330a010
12_TGAMMA::x : 0x7fddd4000da0
12_TGAMMA::y : 0x7fddd49289b0
60_XPY::x : 0x7fdce6946010
60_XPY::y : 0x7fdcc9f82010
48_XPY::x : 0x7fdd8d0ea010
48_XPY::y : 0x7fdcb314b010
24_ERF::x : 0x7fddc08e4010
24_ERF::y : 0x7fddb51c8010
120_TGAMMA::x : 0x7fddc6472010
120_TGAMMA::y : 0x7fddc08e4010
12_ERF::x : 0x7fddbad56010
12_ERF::y : 0x7fddb51c8010
12_ERF::x : 0x7fddaf63a010
12_ERF::y : 0x7fdda9aac010
36_DOT::x : 0x7fdd98803010
36_DOT::y : 0x7fdd8755a010
12_SQRTX::x : 0x7fddbad56010
36_DOT::x : 0x7fdda9aad010
36_DOT::y : 0x7fdd6a2fe010
60_COPY::x : 0x7fdd4d93a010
60_COPY::y : 0x7fdd30f76010
60_XPY::x : 0x7fdd8d0e9010
60_XPY::y : 0x7fdd145b2010
84_SUM::x : 0x7fdcec4d3010
48_ERF::x : 0x7fddb51c9010
48_ERF::y : 0x7fdcd569c010
12_POW::a : 0x7fddaf63b010
12_POW::b : 0x7fdda9aad010
12_POW::y : 0x7fdd8755b010
84_DOT::x : 0x7fdd08e97010
84_DOT::y : 0x7fdcad5bd010
48_XPY::x : 0x7fdd92c76010
48_XPY::y : 0x7fdd64770010
60_TGAMMA::x : 0x7fddb2402010
60_TGAMMA::y : 0x7fddaf63b010
60_TGAMMA::x : 0x7fddc9239010
60_TGAMMA::y : 0x7fddc6472010
36_POW::a : 0x7fddb51c9010
36_POW::b : 0x7fdd9e392010
36_POW::y : 0x7fdd8d0e9010
12_POW::a : 0x7fddaf63b010
12_POW::b : 0x7fdd8755b010
12_POW::y : 0x7fdd819cd010
24_ERF::x : 0x7fdd6fe8b010
24_ERF::y : 0x7fdd6476f010
12_ERF::x : 0x7fddc6472010
12_ERF::y : 0x7fdd7be3f010
12_POW::a : 0x7fddaf63b010
12_POW::b : 0x7fdd8755b010
12_POW::y : 0x7fdd819cd010
120_TGAMMA::x : 0x7fddc6472010
120_TGAMMA::y : 0x7fdd7be3f010
84_DOT::x : 0x7fdd534c8010
84_DOT::y : 0x7fdd2b3e9010
36_POW::a : 0x7fdd1a140010
36_POW::b : 0x7fdd08e97010
36_POW::y : 0x7fdcf7bee010
24_POW::a : 0x7fddbad56010
24_POW::b : 0x7fddaf63a010
24_POW::y : 0x7fdda3f1e010
60_COPY::x : 0x7fdd8755a010
60_COPY::y : 0x7fdd5ebe3010
36_DOT::x : 0x7fdd4d93a010
36_DOT::y : 0x7fdd3c691010
24_ERF::x : 0x7fddc08e4010
24_ERF::y : 0x7fddb51c8010
108_SUM::x : 0x7fdd08e97010
108_SUM::x : 0x7fdcd569d010
60_XPY::x : 0x7fddaf63c010
60_XPY::y : 0x7fdd4221f010
48_XPY::x : 0x7fdd98805010
48_XPY::y : 0x7fdd819ce010
12_ERF::x : 0x7fdd7be40010
12_ERF::y : 0x7fdd75a19010
60_TGAMMA::x : 0x7fdd72c52010
60_TGAMMA::y : 0x7fdd6fe8b010
60_XPY::x : 0x7fdd2585b010
60_XPY::y : 0x7fdd08e97010
48_ERF::x : 0x7fdd98805010
48_ERF::y : 0x7fdd819ce010
108_SUM::x : 0x7fdcd569d010
48_ERF::x : 0x7fddb51c9010
48_ERF::y : 0x7fdd64770010
108_SUM::x : 0x7fdcd569d010
36_POW::a : 0x7fdd534c7010
36_POW::b : 0x7fdd4221e010
36_POW::y : 0x7fdd30f75010
12_POW::a : 0x7fddaf63b010
12_POW::b : 0x7fdda9aad010
12_POW::y : 0x7fdda3f1f010
12_POW::a : 0x7fddc6472010
12_POW::b : 0x7fddc08e4010
12_POW::y : 0x7fddbad56010
60_XPY::x : 0x7fdd9e392010
60_XPY::y : 0x7fdd819ce010
48_ERF::x : 0x7fdd64770010
48_ERF::y : 0x7fdd1a13e010
84_SUM::x : 0x7fdcf205f010
60_TGAMMA::x : 0x7fddc9239010
60_TGAMMA::y : 0x7fddc6472010
108_SUM::x : 0x7fdd30f76010
60_COPY::x : 0x7fdda9aae010
60_COPY::y : 0x7fdd8d0ea010
120_TGAMMA::x : 0x7fdd8755c010
120_TGAMMA::y : 0x7fdd819ce010
60_COPY::x : 0x7fdd145b2010
60_COPY::y : 0x7fdcf7bee010
60_COPY::x : 0x7fdd5ebe3010
60_COPY::y : 0x7fdd4221f010
108_SUM::x : 0x7fdd98806010
36_POW::a : 0x7fdd8755d010
36_POW::b : 0x7fdd30f76010
36_POW::y : 0x7fdce6945010
12_TGAMMA::x : 0x7fddd00017d0
12_TGAMMA::y : 0x7fddd09293e0
12_TGAMMA::x : 0x7fddd4000da0
12_TGAMMA::y : 0x7fddd49289b0
12_TGAMMA::x : 0x7fddd00017d0
12_TGAMMA::y : 0x7fddd09293e0
12_POW::a : 0x7fddc6472010
12_POW::b : 0x7fddc08e4010
12_POW::y : 0x7fddbad56010
60_XPY::x : 0x7fdd9e392010
60_XPY::y : 0x7fdd5ebe3010
120_TGAMMA::x : 0x7fdd819cf010
120_TGAMMA::y : 0x7fdd7be41010
60_TGAMMA::x : 0x7fddc9239010
60_TGAMMA::y : 0x7fddc6472010
120_TGAMMA::x : 0x7fdd98805010
120_TGAMMA::y : 0x7fdd92c77010
84_DOT::x : 0x7fdd9e393010
84_DOT::y : 0x7fdd534c8010
84_COPY::x : 0x7fdd2b3e9010
84_COPY::y : 0x7fdd0330a010
24_ERF::x : 0x7fdd8755b010
24_ERF::y : 0x7fdd7be3f010
24_POW::a : 0x7fdd8755b010
24_POW::b : 0x7fdd7be3f010
24_POW::y : 0x7fdcf7bee010
12_TGAMMA::x : 0x185f8c0
12_TGAMMA::y : 0x21874d0
108_SUM::x : 0x7fdd98806010
60_COPY::x : 0x7fdd5ebe3010
60_COPY::y : 0x7fdcdb22a010
120_TGAMMA::x : 0x7fdd92c78010
120_TGAMMA::y : 0x7fdd59055010
12_ERF::x : 0x7fddc6472010
12_ERF::y : 0x7fddc08e4010
36_DOT::x : 0x7fddaf63b010
36_DOT::y : 0x7fdd9e392010
60_TGAMMA::x : 0x7fddc9239010
60_TGAMMA::y : 0x7fddc6472010
12_SQRTX::x : 0x7fddc08e4010
120_TGAMMA::x : 0x7fddbad56010
120_TGAMMA::y : 0x7fddb51c8010
12_SQRTX::x : 0x7fddc08e4010
120_TGAMMA::x : 0x7fddaf63a010
120_TGAMMA::y : 0x7fdda9aac010
12_TGAMMA::x : 0x185f8c0
12_TGAMMA::y : 0x21874d0
60_COPY::x : 0x7fdd8d0e8010
60_COPY::y : 0x7fdd5ebe3010
24_POW::a : 0x7fddc08e4010
24_POW::b : 0x7fdd819cc010
24_POW::y : 0x7fdd534c7010
12_TGAMMA::x : 0x7fddcc000be0
12_TGAMMA::y : 0x7fddcc9287f0
60_TGAMMA::x : 0x7fdda6ce5010
60_TGAMMA::y : 0x7fdda3f1e010
12_TGAMMA::x : 0x7fddd00017d0
12_TGAMMA::y : 0x7fddd09293e0
12_POW::a : 0x7fddc6472010
12_POW::b : 0x7fddc08e4010
12_POW::y : 0x7fddbad56010
108_SUM::x : 0x7fdd47dad010
24_POW::a : 0x7fddaf63a010
24_POW::b : 0x7fdd98802010
24_POW::y : 0x7fdd8d0e6010
108_SUM::x : 0x7fdcc43f5010
84_COPY::x : 0x7fdd1fcce010
84_COPY::y : 0x7fdcf7bef010
12_POW::a : 0x7fddc6472010
12_POW::b : 0x7fddc08e4010
12_POW::y : 0x7fddbad56010
108_SUM::x : 0x7fdd8755c010
84_COPY::x : 0x7fdd534c8010
84_COPY::y : 0x7fdc9c316010
84_SUM::x : 0x7fdccfb10010
132_SUM::x : 0x7fdd8d0eb010
84_SUM::x : 0x7fdccfb10010
  итерация 2: 1205961 ms
12_ERF::x : 0x7fdd9e393010
12_ERF::y : 0x7fdd8d0e9010
24_ERF::x : 0x7fdd92c77010
24_ERF::y : 0x7fdd819cd010
84_SUM::x : 0x7fdd2b3e9010
84_DOT::x : 0x7fdda3f21010
84_DOT::y : 0x7fdd534c8010
12_SQRTX::x : 0x7fdd9e393010
84_COPY::x : 0x7fdd0330a010
84_COPY::y : 0x7fdcdb22b010
36_DOT::x : 0x7fdd92c78010
36_DOT::y : 0x7fdd819cf010
36_DOT::x : 0x7fdd4221f010
36_DOT::y : 0x7fdd30f76010
48_ERF::x : 0x7fdd8d0ea010
48_ERF::y : 0x7fdcc43f4010
12_POW::a : 0x7fdd8755c010
12_POW::b : 0x7fdd819ce010
12_POW::y : 0x7fdd7be40010
120_TGAMMA::x : 0x7fddc6472010
120_TGAMMA::y : 0x7fddc08e4010
12_TGAMMA::x : 0x7fddd4000da0
12_TGAMMA::y : 0x7fddd49289b0
60_XPY::x : 0x7fdd5ebe3010
60_XPY::y : 0x7fdd4221f010
84_DOT::x : 0x7fdd1a140010
84_DOT::y : 0x7fdcf2061010
36_DOT::x : 0x7fddaf63b010
36_DOT::y : 0x7fdd9e392010
120_TGAMMA::x : 0x7fddc6472010
120_TGAMMA::y : 0x7fddc08e4010
60_COPY::x : 0x7fdda3f20010
60_COPY::y : 0x7fdd8755c010
84_DOT::x : 0x7fdd1a140010
84_DOT::y : 0x7fdcf2061010
48_SQRTX::x : 0x7fdd64770010
60_XPY::x : 0x7fdd47dac010
60_XPY::y : 0x7fdcd569d010
48_XPY::x : 0x7fdd64770010
48_XPY::y : 0x7fdcbe866010
60_TGAMMA::x : 0x7fddc9239010
60_TGAMMA::y : 0x7fddc6472010
48_XPY::x : 0x7fddaf63b010
48_XPY::y : 0x7fdd98804010
12_ERF::x : 0x7fddc6472010
12_ERF::y : 0x7fdd92c76010
36_POW::a : 0x7fdd819cd010
36_POW::b : 0x7fdd6a2fe010
36_POW::y : 0x7fdd36b03010
60_TGAMMA::x : 0x7fddc9239010
60_TGAMMA::y : 0x7fddc6472010
24_ERF::x : 0x7fdd5ebe2010
24_ERF::y : 0x7fdd534c6010
36_POW::a : 0x7fddb51c9010
36_POW::b : 0x7fdda3f20010
36_POW::y : 0x7fdd92c77010
120_TGAMMA::x : 0x7fddc6472010
120_TGAMMA::y : 0x7fdd7be3f010
12_POW::a : 0x7fdd64770010
12_POW::b : 0x7fdd5ebe2010
12_POW::y : 0x7fdd59054010
60_TGAMMA::x : 0x7fdd8feb0010
60_TGAMMA::y : 0x7fdd8d0e9010
60_TGAMMA::x : 0x7fdd8a322010
60_TGAMMA::y : 0x7fdd8755b010
48_XPY::x : 0x7fdd64770010
48_XPY::y : 0x7fdd4d939010
12_ERF::x : 0x7fddc08e4010
12_ERF::y : 0x7fddbad56010
108_SUM::x : 0x7fdd8755c010
84_DOT::x : 0x7fdd2585a010
84_DOT::y : 0x7fdcfd77b010
36_POW::a : 0x7fddbad57010
36_POW::b : 0x7fdcec4d2010
36_POW::y : 0x7fdcdb229010
60_XPY::x : 0x7fdd9e393010
60_XPY::y : 0x7fdd819cf010
60_COPY::x : 0x7fdd5ebe3010
60_COPY::y : 0x7fdcbe865010
12_POW::a : 0x7fdd7be41010
12_POW::b : 0x7fdd59055010
12_POW::y : 0x7fdd534c7010
12_POW::a : 0x7fddc6472010
12_POW::b : 0x7fddc08e4010
12_POW::y : 0x7fdd4d939010
60_XPY::x : 0x7fdd30f75010
60_XPY::y : 0x7fdd145b1010
12_TGAMMA::x : 0x7fddcc000be0
12_TGAMMA::y : 0x7fddcc9287f0
60_COPY::x : 0x7fddaf63c010
60_COPY::y : 0x7fdd92c78010
120_TGAMMA::x : 0x7fdd8d0ea010
120_TGAMMA::y : 0x7fdd8755c010
12_TGAMMA::x : 0x7fddd4000da0
12_TGAMMA::y : 0x7fddd49289b0
108_SUM::x : 0x7fdce0db7010
60_TGAMMA::x : 0x7fddc9239010
60_TGAMMA::y : 0x7fddc6472010
84_COPY::x : 0x7fdd9e393010
84_COPY::y : 0x7fdd534c8010
48_ERF::x : 0x7fdd3c691010
48_ERF::y : 0x7fdd2585a010
60_COPY::x : 0x7fdd819cf010
60_COPY::y : 0x7fdd08e96010
12_TGAMMA::x : 0x7fddd00017d0
12_TGAMMA::y : 0x7fddd09293e0
60_COPY::x : 0x7fdcec4d2010
60_COPY::y : 0x7fdccfb0e010
108_SUM::x : 0x7fdc9c314010
12_POW::a : 0x7fddc6472010
12_POW::b : 0x7fdd98805010
12_POW::y : 0x7fdd92c77010
48_ERF::x : 0x7fdd8755c010
48_ERF::y : 0x7fdd3c691010
108_SUM::x : 0x7fdd08e97010
24_ERF::x : 0x7fddc08e4010
24_ERF::y : 0x7fddb51c8010
84_SUM::x : 0x7fdd534c8010
60_TGAMMA::x : 0x7fddc9239010
60_TGAMMA::y : 0x7fddc6472010
12_ERF::x : 0x7fddc08e4010
12_ERF::y : 0x7fddbad56010
12_ERF::x : 0x7fddb51c8010
12_ERF::y : 0x7fddaf63a010
108_SUM::x : 0x7fdd7be40010
12_TGAMMA::x : 0x7fddd00017d0
12_TGAMMA::y : 0x7fddd09293e0
24_ERF::x : 0x7fddbad56010
24_ERF::y : 0x7fddaf63a010
12_TGAMMA::x : 0x185f8c0
12_TGAMMA::y : 0x21874d0
36_POW::a : 0x7fdd6a2fe010
36_POW::b : 0x7fdd59055010
36_POW::y : 0x7fdd47dac010
60_COPY::x : 0x7fdd2b3e8010
60_COPY::y : 0x7fdd0ea24010
12_POW::a : 0x7fddc6472010
12_POW::b : 0x7fddc08e4010
12_POW::y : 0x7fddbad56010
120_TGAMMA::x : 0x7fddb51c8010
120_TGAMMA::y : 0x7fddaf63a010
108_SUM::x : 0x7fdd7be40010
108_SUM::x : 0x7fdd145b2010
12_POW::a : 0x7fddc6472010
12_POW::b : 0x7fddc08e4010
12_POW::y : 0x7fddbad56010
60_XPY::x : 0x7fdd92c76010
60_XPY::y : 0x7fdd5ebe3010
120_TGAMMA::x : 0x7fddc6472010
120_TGAMMA::y : 0x7fddc08e4010
24_POW::a : 0x7fddb51c8010
24_POW::b : 0x7fdd8755a010
24_POW::y : 0x7fdd7be3e010
12_TGAMMA::x : 0x185f8c0
12_TGAMMA::y : 0x21874d0
60_TGAMMA::x : 0x7fddb2401010
60_TGAMMA::y : 0x7fddaf63a010
120_TGAMMA::x : 0x7fdda9aac010
120_TGAMMA::y : 0x7fdda3f1e010
36_DOT::x : 0x7fdd6a2fe010
36_DOT::y : 0x7fdd59055010
84_SUM::x : 0x7fdd7be3f010
108_SUM::x : 0x7fdd2585b010
24_POW::a : 0x7fddc08e4010
24_POW::b : 0x7fddb51c8010
24_POW::y : 0x7fdd6fe8b010
60_XPY::x : 0x7fdd8755a010
60_XPY::y : 0x7fdd08e97010
108_SUM::x : 0x7fdcd569d010
12_SQRTX::x : 0x7fddaf63a010
60_TGAMMA::x : 0x7fddb2401010
60_TGAMMA::y : 0x7fddaf63a010
84_COPY::x : 0x7fdd534c8010
84_COPY::y : 0x7fdd2b3e9010
108_SUM::x : 0x7fdd7be40010
48_ERF::x : 0x7fddb51c9010
48_ERF::y : 0x7fdd145b2010
84_COPY::x : 0x7fdcec4d3010
84_COPY::y : 0x7fdcc43f4010
12_SQRTX::x : 0x7fddaf63b010
24_POW::a : 0x7fdda9aad010
24_POW::b : 0x7fdd9e391010
24_POW::y : 0x7fdd92c75010
12_TGAMMA::x : 0x185f8c0
12_TGAMMA::y : 0x21874d0
24_POW::a : 0x7fdd87559010
24_POW::b : 0x7fdd6fe8b010
24_POW::y : 0x7fdd6476f010
84_SUM::x : 0x7fdd3c690010
60_COPY::x : 0x7fddaf63c010
60_COPY::y : 0x7fdd92c78010
12_POW::a : 0x7fdd819cb010
12_POW::b : 0x7fdd5ebe1010
12_POW::y : 0x7fdd59053010
120_TGAMMA::x : 0x7fdd534c5010
120_TGAMMA::y : 0x7fdd4d937010
132_SUM::x : 0x7fdd0ea22010
  итерация 3: 1244850 ms
24_ERF::x : 0x7fdd2b3e8010
24_ERF::y : 0x7fdd03308010
84_SUM::x : 0x7fdd7be42010
60_COPY::x : 0x7fdd36b04010
60_COPY::y : 0x7fdd0ea24010
84_DOT::x : 0x7fdda3f21010
84_DOT::y : 0x7fdd534c8010
84_DOT::x : 0x7fdce6945010
84_DOT::y : 0x7fdcbe866010
12_TGAMMA::x : 0x7fddd00017d0
12_TGAMMA::y : 0x7fddd09293e0
12_ERF::x : 0x7fdd9e393010
12_ERF::y : 0x7fdd98805010
60_TGAMMA::x : 0x7fdda115a010
60_TGAMMA::y : 0x7fdd9e393010
48_XPY::x : 0x7fddb51c9010
48_XPY::y : 0x7fdd8755c010
36_POW::a : 0x7fdd6a2fe010
36_POW::b : 0x7fdd59055010
36_POW::y : 0x7fdd47dac010
60_TGAMMA::x : 0x7fddb2402010
60_TGAMMA::y : 0x7fddaf63b010
36_POW::a : 0x7fdd36b03010
36_POW::b : 0x7fdd2585a010
36_POW::y : 0x7fdd145b1010
60_TGAMMA::x : 0x7fddc9239010
60_TGAMMA::y : 0x7fddc6472010
48_SQRTX::x : 0x7fddaf63b010
12_ERF::x : 0x7fddc6472010
12_ERF::y : 0x7fdda9aad010
48_ERF::x : 0x7fdd92c76010
48_ERF::y : 0x7fdd7be3f010
36_DOT::x : 0x7fdd6a2fe010
36_DOT::y : 0x7fdd59055010
12_ERF::x : 0x7fddc6472010
12_ERF::y : 0x7fddc08e4010
60_XPY::x : 0x7fdd3c691010
60_XPY::y : 0x7fdd1fccd010
120_TGAMMA::x : 0x7fddc6472010
120_TGAMMA::y : 0x7fddc08e4010
84_COPY::x : 0x7fdcf7bee010
84_COPY::y : 0x7fdccfb0f010
120_TGAMMA::x : 0x7fddbad56010
120_TGAMMA::y : 0x7fddb51c8010
60_XPY::x : 0x7fdd98804010
60_XPY::y : 0x7fdd7be40010
12_POW::a : 0x7fddc6472010
12_POW::b : 0x7fddc08e4010
12_POW::y : 0x7fdd75a19010
48_XPY::x : 0x7fdd5ebe2010
48_XPY::y : 0x7fdd47dab010
60_COPY::x : 0x7fdd2b3e7010
60_COPY::y : 0x7fdd0ea23010
12_POW::a : 0x7fddc6472010
12_POW::b : 0x7fddc08e4010
12_POW::y : 0x7fddbad56010
12_SQRTX::x : 0x7fddc6472010
120_TGAMMA::x : 0x7fddc08e4010
120_TGAMMA::y : 0x7fddbad56010
12_POW::a : 0x7fddc6472010
12_POW::b : 0x7fddb51c8010
12_POW::y : 0x7fddaf63a010
60_COPY::x : 0x7fdd92c76010
60_COPY::y : 0x7fdd5ebe3010
120_TGAMMA::x : 0x7fddc6472010
120_TGAMMA::y : 0x7fddb51c8010
36_DOT::x : 0x7fdd819cd010
36_DOT::y : 0x7fdd4d93a010
48_ERF::x : 0x7fdd7be3f010
48_ERF::y : 0x7fdd47dac010
60_TGAMMA::x : 0x7fddc36ab010
60_TGAMMA::y : 0x7fddc08e4010
48_XPY::x : 0x7fdd9e391010
48_XPY::y : 0x7fdd64770010
108_SUM::x : 0x7fdd145b2010
36_POW::a : 0x7fddbad57010
36_POW::b : 0x7fdd03309010
36_POW::y : 0x7fdcf2060010
108_SUM::x : 0x7fdcbe866010
60_TGAMMA::x : 0x7fddb7f90010
60_TGAMMA::y : 0x7fddb51c9010
12_TGAMMA::x : 0x7fddd4000da0
12_TGAMMA::y : 0x7fddd49289b0
24_ERF::x : 0x7fdda9aad010
24_ERF::y : 0x7fdd9e391010
60_XPY::x : 0x7fdd819cd010
60_XPY::y : 0x7fdd5ebe3010
132_SUM::x : 0x7fdd1fcce010
60_XPY::x : 0x7fdd0330a010
60_XPY::y : 0x7fdce6946010
60_COPY::x : 0x7fddaf63c010
60_COPY::y : 0x7fdcc9f82010
36_DOT::x : 0x7fdd9e393010
36_DOT::y : 0x7fdd4d93a010
12_POW::a : 0x7fdd98805010
12_POW::b : 0x7fdd92c77010
12_POW::y : 0x7fdd8d0e9010
12_TGAMMA::x : 0x185f8c0
12_TGAMMA::y : 0x21874d0
48_ERF::x : 0x7fdd8755c010
48_ERF::y : 0x7fdd64770010
60_TGAMMA::x : 0x7fddac875010
60_TGAMMA::y : 0x7fdda9aae010
12_POW::a : 0x7fddc6472010
12_POW::b : 0x7fddc08e4010
12_POW::y : 0x7fddbad56010
60_XPY::x : 0x7fdd47dac010
60_XPY::y : 0x7fdd2b3e8010
108_SUM::x : 0x7fdcf7bee010
84_DOT::x : 0x7fdda3f21010
84_DOT::y : 0x7fdccfb0f010
84_SUM::x : 0x7fdd7be42010
84_DOT::x : 0x7fdd534c8010
84_DOT::y : 0x7fdd2b3e9010
24_POW::a : 0x7fdd1fccd010
24_POW::b : 0x7fdd145b1010
24_POW::y : 0x7fdd08e95010
60_COPY::x : 0x7fdd8755d010
60_COPY::y : 0x7fdcb314b010
84_COPY::x : 0x7fdda3f21010
84_COPY::y : 0x7fdce0db6010
36_POW::a : 0x7fdd1a140010
36_POW::b : 0x7fdd08e97010
36_POW::y : 0x7fdca1ea2010
12_TGAMMA::x : 0x185f8c0
12_TGAMMA::y : 0x21874d0
12_TGAMMA::x : 0x185f8c0
12_TGAMMA::y : 0x21874d0
36_DOT::x : 0x7fdd6a2fe010
36_DOT::y : 0x7fdd59055010
60_XPY::x : 0x7fdd8755d010
60_XPY::y : 0x7fdd3c691010
24_ERF::x : 0x7fdd7be41010
24_ERF::y : 0x7fdd6fe8b010
60_TGAMMA::x : 0x7fdd6d0c4010
60_TGAMMA::y : 0x7fdd6a2fd010
24_POW::a : 0x7fddc08e4010
24_POW::b : 0x7fddb51c8010
24_POW::y : 0x7fdda9aac010
120_TGAMMA::x : 0x7fdd819cf010
120_TGAMMA::y : 0x7fdd7be41010
120_TGAMMA::x : 0x7fdd75a19010
120_TGAMMA::y : 0x7fdd6fe8b010
24_POW::a : 0x7fdd9e390010
24_POW::b : 0x7fdd92c74010
24_POW::y : 0x7fdd6476f010
24_ERF::x : 0x7fddc08e4010
24_ERF::y : 0x7fddb51c8010
24_POW::a : 0x7fddc08e4010
24_POW::b : 0x7fddb51c8010
24_POW::y : 0x7fdda9aac010
84_SUM::x : 0x7fdd47dac010
60_COPY::x : 0x7fdd8d0e8010
60_COPY::y : 0x7fdd2b3e8010
60_TGAMMA::x : 0x7fdd8a321010
60_TGAMMA::y : 0x7fdd8755a010
12_SQRTX::x : 0x7fdd819cc010
12_ERF::x : 0x7fddc6472010
12_ERF::y : 0x7fddc08e4010
108_SUM::x : 0x7fdd47dad010
108_SUM::x : 0x7fdcf7bee010
84_COPY::x : 0x7fdccfb0f010
84_COPY::y : 0x7fdca7a30010
108_SUM::x : 0x7fdd98806010
12_ERF::x : 0x7fdd92c78010
12_ERF::y : 0x7fdd8d0ea010
12_POW::a : 0x7fdd8755c010
12_POW::b : 0x7fdd819ce010
12_POW::y : 0x7fdd7be40010
108_SUM::x : 0x7fdd47dad010
120_TGAMMA::x : 0x7fdd92c78010
120_TGAMMA::y : 0x7fdd8d0ea010
108_SUM::x : 0x7fdd98806010
108_SUM::x : 0x7fdd145b3010
12_POW::a : 0x7fdd8755c010
12_POW::b : 0x7fdd819ce010
12_POW::y : 0x7fdd7be40010
60_COPY::x : 0x7fddaf63c010
60_COPY::y : 0x7fdd5ebe3010
12_POW::a : 0x7fdda9aae010
12_POW::b : 0x7fdda3f20010
12_POW::y : 0x7fdd9e392010
12_TGAMMA::x : 0x7fddcc000be0
12_TGAMMA::y : 0x7fddcc9287f0
108_SUM::x : 0x7fdd2b3e9010
48_ERF::x : 0x7fdd8755b010
48_ERF::y : 0x7fdd145b2010
12_SQRTX::x : 0x7fdda9aae010
120_TGAMMA::x : 0x7fdda9aae010
120_TGAMMA::y : 0x7fdda3f20010
12_TGAMMA::x : 0x7fddd4000da0
12_TGAMMA::y : 0x7fddd49289b0
12_TGAMMA::x : 0x185f8c0
12_TGAMMA::y : 0x21874d0
84_COPY::x : 0x7fdd534c8010
84_COPY::y : 0x7fdd2b3e9010
84_SUM::x : 0x7fdcec4d3010
  итерация 4: 1220573 ms
  среднее по 5 итерациям: 1227202 ms
=== Выполняется проект: no_po_25.txt (100 работ) ===
12_TGAMMA::x : 0x7fddd00017d0
12_TGAMMA::y : 0x7fddd09293e0
12_TGAMMA::x : 0x7fddd4000da0
12_TGAMMA::y : 0x7fddd49289b0
12_POW::a : 0x7fddaf63a010
12_POW::b : 0x7fdd9e390010
12_POW::y : 0x7fdd98802010
24_POW::a : 0x7fddc08e4010
24_POW::b : 0x7fddb51c8010
24_POW::y : 0x7fdda3f1e010
24_POW::a : 0x7fdd8d0e6010
24_POW::b : 0x7fdd819ca010
24_POW::y : 0x7fdd6fe8b010
36_POW::a : 0x7fdd5ebe2010
36_POW::b : 0x7fdd4d939010
36_POW::y : 0x7fdd3c690010
84_COPY::x : 0x7fdd145b1010
84_COPY::y : 0x7fdcec4d2010
84_COPY::x : 0x7fdda3f21010
84_COPY::y : 0x7fdcc43f3010
60_XPY::x : 0x7fdd8755d010
60_XPY::y : 0x7fdca7a2f010
60_TGAMMA::x : 0x7fdd84796010
60_TGAMMA::y : 0x7fdd819cf010
60_COPY::x : 0x7fdd5ebe3010
60_COPY::y : 0x7fdd4221f010
120_TGAMMA::x : 0x7fdd819cf010
120_TGAMMA::y : 0x7fdd7be41010
24_ERF::x : 0x7fdd98805010
24_ERF::y : 0x7fdd8d0e9010
12_POW::a : 0x7fdd75a19010
12_POW::b : 0x7fdd6fe8b010
12_POW::y : 0x7fdd6a2fd010
12_TGAMMA::x : 0x185f8a0
12_TGAMMA::y : 0x21874b0
24_ERF::x : 0x7fddc08e4010
24_ERF::y : 0x7fddb51c8010
48_SQRTX::x : 0x7fdd9e391010
36_DOT::x : 0x7fdd8d0e8010
36_DOT::y : 0x7fdd7be3f010
60_TGAMMA::x : 0x7fdd787e0010
60_TGAMMA::y : 0x7fdd75a19010
48_SQRTX::x : 0x7fddb51c9010
84_SUM::x : 0x7fdd4d93a010
24_ERF::x : 0x7fdda9aad010
24_ERF::y : 0x7fdd9e391010
12_TGAMMA::x : 0x7fddd4000da0
12_TGAMMA::y : 0x7fddd49289b0
24_ERF::x : 0x7fdd92c75010
24_ERF::y : 0x7fdd87559010
84_SUM::x : 0x7fdd534c8010
48_XPY::x : 0x7fddb51c9010
48_XPY::y : 0x7fdd3c691010
48_ERF::x : 0x7fdd9e392010
48_ERF::y : 0x7fdd2585a010
108_SUM::x : 0x7fdcf2060010
48_ERF::x : 0x7fdd8755b010
48_ERF::y : 0x7fdd64770010
60_XPY::x : 0x7fdd47dac010
60_XPY::y : 0x7fdcd569c010
48_SQRTX::x : 0x7fddb51c9010
36_POW::a : 0x7fdda3f20010
36_POW::b : 0x7fdd36b03010
36_POW::y : 0x7fdd2585a010
48_XPY::x : 0x7fdd8d0e9010
48_XPY::y : 0x7fdd64770010
12_POW::a : 0x7fddc6472010
12_POW::b : 0x7fddc08e4010
12_POW::y : 0x7fddbad56010
36_DOT::x : 0x7fddbad57010
36_DOT::y : 0x7fdd7be40010
60_XPY::x : 0x7fdd47dac010
60_XPY::y : 0x7fdd08e96010
24_ERF::x : 0x7fddaf63b010
24_ERF::y : 0x7fdd3c690010
24_ERF::x : 0x7fdda3f1f010
24_ERF::y : 0x7fdd98803010
12_POW::a : 0x7fddc6472010
12_POW::b : 0x7fddc08e4010
12_POW::y : 0x7fdd92c75010
60_XPY::x : 0x7fdd2b3e8010
60_XPY::y : 0x7fdcec4d2010
60_TGAMMA::x : 0x7fddc9239010
60_TGAMMA::y : 0x7fddc6472010
60_COPY::x : 0x7fdda3f20010
60_COPY::y : 0x7fdccfb0e010
84_DOT::x : 0x7fdd7be41010
84_DOT::y : 0x7fdd534c8010
24_ERF::x : 0x7fddc08e4010
24_ERF::y : 0x7fdd47dac010
24_POW::a : 0x7fddb51c8010
24_POW::b : 0x7fdda9aac010
24_POW::y : 0x7fdd1fccc010
84_SUM::x : 0x7fdcc43f3010
12_TGAMMA::x : 0x7fddd00017d0
12_TGAMMA::y : 0x7fddd09293e0
12_ERF::x : 0x7fddc6472010
12_ERF::y : 0x7fddc08e4010
12_POW::a : 0x7fddc6472010
12_POW::b : 0x7fddc08e4010
12_POW::y : 0x7fdd4d93a010
60_TGAMMA::x : 0x7fdda6ce5010
60_TGAMMA::y : 0x7fdda3f1e010
12_POW::a : 0x7fdd9e390010
12_POW::b : 0x7fdd98802010
12_POW::y : 0x7fdd92c74010
120_TGAMMA::x : 0x7fddbad56010
120_TGAMMA::y : 0x7fddb51c8010
12_TGAMMA::x : 0x7fddd00017d0
12_TGAMMA::y : 0x7fddd09293e0
48_XPY::x : 0x7fdd64770010
48_XPY::y : 0x7fdd4d939010
24_ERF::x : 0x7fddc08e4010
24_ERF::y : 0x7fdda9aac010
24_POW::a : 0x7fdd9e390010
24_POW::b : 0x7fdd92c74010
24_POW::y : 0x7fdd87558010
12_ERF::x : 0x7fddc6472010
12_ERF::y : 0x7fddc08e4010
60_TGAMMA::x : 0x7fddc9239010
60_TGAMMA::y : 0x7fddc6472010
84_DOT::x : 0x7fdd534c8010
84_DOT::y : 0x7fdd2b3e9010
84_COPY::x : 0x7fdd0330a010
84_COPY::y : 0x7fdcdb22b010
48_ERF::x : 0x7fddaf63b010
48_ERF::y : 0x7fdd98804010
132_SUM::x : 0x7fdc9c316010
12_TGAMMA::x : 0x7fddd00017d0
12_TGAMMA::y : 0x7fddd09293e0
12_TGAMMA::x : 0x7fddd00017d0
12_TGAMMA::y : 0x7fddd09293e0
36_POW::a : 0x7fddbad57010
36_POW::b : 0x7fdda9aae010
36_POW::y : 0x7fdd98805010
60_XPY::x : 0x7fdd7be41010
60_XPY::y : 0x7fdd5ebe3010
132_SUM::x : 0x7fdd1fcce010
48_SQRTX::x : 0x7fdd08e97010
48_SQRTX::x : 0x7fdd08e97010
60_TGAMMA::x : 0x7fddc9239010
60_TGAMMA::y : 0x7fddc6472010
84_DOT::x : 0x7fdd36b04010
84_DOT::y : 0x7fdce0db8010
48_ERF::x : 0x7fddaf63b010
48_ERF::y : 0x7fdd98804010
48_SQRTX::x : 0x7fdd819cd010
12_POW::a : 0x7fddc6472010
12_POW::b : 0x7fdd7be3f010
12_POW::y : 0x7fdd75a19010
60_XPY::x : 0x7fdd5ebe3010
60_XPY::y : 0x7fdd1a140010
36_DOT::x : 0x7fddbad57010
36_DOT::y : 0x7fdda9aae010
132_SUM::x : 0x7fdcdb22b010
60_XPY::x : 0x7fdd8d0ea010
60_XPY::y : 0x7fdd4221f010
36_POW::a : 0x7fddbad57010
36_POW::b : 0x7fdda9aae010
36_POW::y : 0x7fdd7be41010
36_DOT::x : 0x7fdd6a2fe010
36_DOT::y : 0x7fdd30f76010
48_SQRTX::x : 0x7fdd1a13f010
24_POW::a : 0x7fdd9e392010
24_POW::b : 0x7fdd92c76010
24_POW::y : 0x7fdd5ebe2010
12_POW::a : 0x7fdd75a19010
12_POW::b : 0x7fdd6fe8b010
12_POW::y : 0x7fdd59054010
84_SUM::x : 0x7fdcf2060010
48_ERF::x : 0x7fddb51c9010
48_ERF::y : 0x7fdd7be3f010
48_SQRTX::x : 0x7fdd47dab010
132_SUM::x : 0x7fdcb314b010
48_SQRTX::x : 0x7fdd9e392010
108_SUM::x : 0x7fdd47dad010
48_SQRTX::x : 0x7fddb51c9010
60_XPY::x : 0x7fdd98805010
60_XPY::y : 0x7fdd7be41010
84_SUM::x : 0x7fdd1fcce010
24_POW::a : 0x7fdd6fe8b010
24_POW::b : 0x7fdd6476f010
24_POW::y : 0x7fdd59053010
48_SQRTX::x : 0x7fddb51c9010
36_POW::a : 0x7fdd47daa010
36_POW::b : 0x7fdd36b01010
36_POW::y : 0x7fdd25858010
48_ERF::x : 0x7fdd64770010
48_ERF::y : 0x7fdd0ea21010
12_TGAMMA::x : 0x7fddd00017d0
12_TGAMMA::y : 0x7fddd09293e0
84_COPY::x : 0x7fdd8d0ea010
84_COPY::y : 0x7fdce6942010
12_SQRTX::x : 0x7fddc6472010
84_SUM::x : 0x7fdcbe863010
  итерация 0: 1303859 ms
12_TGAMMA::x : 0x7fddd00017d0
12_TGAMMA::y : 0x7fddd09293e0
12_POW::a : 0x7fddc6472010
12_POW::b : 0x7fddaf63b010
12_POW::y : 0x7fdda9aad010
36_POW::a : 0x7fddb51c9010
36_POW::b : 0x7fdd7be40010
36_POW::y : 0x7fdd4d93a010
60_XPY::x : 0x7fdd8d0e9010
60_XPY::y : 0x7fdd5ebe3010
48_SQRTX::x : 0x7fdd36b03010
24_POW::a : 0x7fdda9aad010
24_POW::b : 0x7fdd2b3e7010
24_POW::y : 0x7fdd1fccb010
84_COPY::x : 0x7fdcf7bec010
84_COPY::y : 0x7fdccfb0d010
60_TGAMMA::x : 0x7fddc9239010
60_TGAMMA::y : 0x7fddc6472010
12_POW::a : 0x7fddaf63b010
12_POW::b : 0x7fdda9aad010
12_POW::y : 0x7fdda3f1f010
48_SQRTX::x : 0x7fdd8d0e8010
24_POW::a : 0x7fddbad56010
24_POW::b : 0x7fddaf63a010
24_POW::y : 0x7fdd819cc010
48_SQRTX::x : 0x7fdd64770010
36_DOT::x : 0x7fdd9e391010
36_DOT::y : 0x7fdd8d0e8010
60_XPY::x : 0x7fddaf63c010
60_XPY::y : 0x7fdd47dac010
84_COPY::x : 0x7fdd1fccd010
84_COPY::y : 0x7fdca7a2e010
120_TGAMMA::x : 0x7fdd8755a010
120_TGAMMA::y : 0x7fdd819cc010
60_XPY::x : 0x7fdd92c78010
60_XPY::y : 0x7fdd03309010
60_TGAMMA::x : 0x7fddc9239010
60_TGAMMA::y : 0x7fddc6472010
12_POW::a : 0x7fddc08e4010
12_POW::b : 0x7fddbad56010
12_POW::y : 0x7fddb51c8010
108_SUM::x : 0x7fdd47dad010
12_POW::a : 0x7fddc6472010
12_POW::b : 0x7fddaf63a010
12_POW::y : 0x7fdda9aac010
12_POW::a : 0x7fddc08e4010
12_POW::b : 0x7fddbad56010
12_POW::y : 0x7fddb51c8010
36_DOT::x : 0x7fdd98803010
36_DOT::y : 0x7fdd8755a010
24_ERF::x : 0x7fdda9aac010
24_ERF::y : 0x7fdd7be3e010
24_ERF::x : 0x7fddc08e4010
24_ERF::y : 0x7fddb51c8010
120_TGAMMA::x : 0x7fdda3f1e010
120_TGAMMA::y : 0x7fdd9e390010
24_ERF::x : 0x7fdd92c74010
24_ERF::y : 0x7fdd6fe8b010
60_COPY::x : 0x7fdd534c7010
60_COPY::y : 0x7fdd36b03010
24_ERF::x : 0x7fddc08e4010
24_ERF::y : 0x7fddb51c8010
48_ERF::x : 0x7fdd87559010
48_ERF::y : 0x7fdd1fccc010
84_SUM::x : 0x7fdcf7bed010
36_POW::a : 0x7fddbad57010
36_POW::b : 0x7fdda9aae010
36_POW::y : 0x7fdce6944010
48_XPY::x : 0x7fdd64770010
48_XPY::y : 0x7fdd4d939010
12_POW::a : 0x7fdda3f20010
12_POW::b : 0x7fdd9e392010
12_POW::y : 0x7fdd819cb010
132_SUM::x : 0x7fdd0ea24010
48_ERF::x : 0x7fdd92c77010
48_ERF::y : 0x7fdd7be40010
48_ERF::x : 0x7fdd64770010
48_ERF::y : 0x7fdd4d939010
12_POW::a : 0x7fddc6472010
12_POW::b : 0x7fddc08e4010
12_POW::y : 0x7fddbad56010
12_TGAMMA::x : 0x7fddcc000be0
12_TGAMMA::y : 0x7fddcc9287f0
48_SQRTX::x : 0x7fddb51c9010
84_SUM::x : 0x7fdd2585a010
12_TGAMMA::x : 0x7fddd4000da0
12_TGAMMA::y : 0x7fddd49289b0
24_POW::a : 0x7fdda9aad010
24_POW::b : 0x7fdd9e391010
24_POW::y : 0x7fdd92c75010
12_TGAMMA::x : 0x7fddd4000da0
12_TGAMMA::y : 0x7fddd49289b0
60_TGAMMA::x : 0x7fdd8feae010
60_TGAMMA::y : 0x7fdd8d0e7010
60_XPY::x : 0x7fdd5ebe3010
60_XPY::y : 0x7fdd4221f010
60_TGAMMA::x : 0x7fddc9239010
60_TGAMMA::y : 0x7fddc6472010
84_DOT::x : 0x7fdd1a140010
84_DOT::y : 0x7fdcf2061010
108_SUM::x : 0x7fdd92c78010
24_ERF::x : 0x7fdd8755c010
24_ERF::y : 0x7fdd7be40010
48_ERF::x : 0x7fdd64770010
48_ERF::y : 0x7fdd4d939010
84_DOT::x : 0x7fdcc9f82010
84_DOT::y : 0x7fdca1ea3010
24_POW::a : 0x7fddc08e4010
24_POW::b : 0x7fddb51c8010
24_POW::y : 0x7fdda9aac010
48_XPY::x : 0x7fdd92c75010
48_XPY::y : 0x7fdd7be3e010
48_SQRTX::x : 0x7fdd64770010
12_TGAMMA::x : 0x7fddd00017d0
12_TGAMMA::y : 0x7fddd09293e0
48_XPY::x : 0x7fddb51c9010
48_XPY::y : 0x7fdd4d939010
36_POW::a : 0x7fdd3c690010
36_POW::b : 0x7fdd2b3e7010
36_POW::y : 0x7fdd1a13e010
60_COPY::x : 0x7fdd98805010
60_COPY::y : 0x7fdd7be41010
12_TGAMMA::x : 0x7fddcc000be0
12_TGAMMA::y : 0x7fddcc9287f0
60_XPY::x : 0x7fdcfd77a010
60_XPY::y : 0x7fdce0db6010
132_SUM::x : 0x7fdca1ea1010
36_DOT::x : 0x7fddbad57010
36_DOT::y : 0x7fdd6a2fe010
48_SQRTX::x : 0x7fdda3f20010
60_XPY::x : 0x7fdd8755c010
60_XPY::y : 0x7fdd4d93a010
12_TGAMMA::x : 0x185f8e0
12_TGAMMA::y : 0x21874f0
36_DOT::x : 0x7fddbad57010
36_DOT::y : 0x7fdd6a2fe010
84_COPY::x : 0x7fdd2585b010
84_COPY::y : 0x7fdcfd77c010
36_POW::a : 0x7fdda9aae010
36_POW::b : 0x7fdcec4d3010
36_POW::y : 0x7fdcdb22a010
84_COPY::x : 0x7fdcb314b010
84_COPY::y : 0x7fdc8b06c010
84_SUM::x : 0x7fdd819cf010
60_TGAMMA::x : 0x7fddc9239010
60_TGAMMA::y : 0x7fddc6472010
12_ERF::x : 0x7fddc08e4010
12_ERF::y : 0x7fddbad56010
24_ERF::x : 0x7fddaf63a010
24_ERF::y : 0x7fdda3f1e010
12_ERF::x : 0x7fddc08e4010
12_ERF::y : 0x7fddbad56010
48_SQRTX::x : 0x7fdd8d0e7010
48_ERF::x : 0x7fdd64770010
48_ERF::y : 0x7fdd4d939010
48_SQRTX::x : 0x7fdd36b02010
60_TGAMMA::x : 0x7fddc9239010
60_TGAMMA::y : 0x7fddc6472010
60_XPY::x : 0x7fddaf63c010
60_XPY::y : 0x7fdd1a13e010
12_TGAMMA::x : 0x7fddcc000be0
12_TGAMMA::y : 0x7fddcc9287f0
48_SQRTX::x : 0x7fdd98805010
24_POW::a : 0x7fdd8d0e9010
24_POW::b : 0x7fdd819cd010
24_POW::y : 0x7fdd4221d010
12_TGAMMA::x : 0x7fddd4000da0
12_TGAMMA::y : 0x7fddd49289b0
24_ERF::x : 0x7fdd6fe8b010
24_ERF::y : 0x7fdd6476f010
132_SUM::x : 0x7fdcdb229010
48_SQRTX::x : 0x7fdd98805010
84_DOT::x : 0x7fdd534c8010
84_DOT::y : 0x7fdcb314a010
60_XPY::x : 0x7fddaf63c010
60_XPY::y : 0x7fdd7be41010
48_SQRTX::x : 0x7fdd98805010
12_SQRTX::x : 0x7fdd4d93a010
36_POW::a : 0x7fdd4221f010
36_POW::b : 0x7fdd30f76010
36_POW::y : 0x7fdd1fccd010
84_SUM::x : 0x7fdd534c8010
12_POW::a : 0x7fddc6472010
12_POW::b : 0x7fddc08e4010
12_POW::y : 0x7fddbad56010
24_ERF::x : 0x7fddaf63a010
24_ERF::y : 0x7fdda3f1e010
24_POW::a : 0x7fddc08e4010
24_POW::b : 0x7fdd98802010
24_POW::y : 0x7fdd8d0e6010
132_SUM::x : 0x7fdce0db8010
84_SUM::x : 0x7fdd534c8010
84_SUM::x : 0x7fdd2b3e9010
48_ERF::x : 0x7fdda9aad010
48_ERF::y : 0x7fdd64770010
  итерация 1: 1331978 ms
12_TGAMMA::x : 0x7fddcc000be0
12_TGAMMA::y : 0x7fddcc9287f0
120_TGAMMA::x : 0x7fddbad56010
120_TGAMMA::y : 0x7fdd8d0e8010
12_POW::a : 0x7fddc6472010
12_POW::b : 0x7fddc08e4010
12_POW::y : 0x7fddb51c8010
36_DOT::x : 0x7fdda3f1f010
36_DOT::y : 0x7fdd92c76010
84_COPY::x : 0x7fdd534c8010
84_COPY::y : 0x7fdd2b3e9010
108_SUM::x : 0x7fdcf7bef010
60_TGAMMA::x : 0x7fddc9239010
60_TGAMMA::y : 0x7fddc6472010
60_TGAMMA::x : 0x7fddc9239010
60_TGAMMA::y : 0x7fddc6472010
84_COPY::x : 0x7fdd92c77010
84_COPY::y : 0x7fdd0330a010
120_TGAMMA::x : 0x7fddc08e4010
120_TGAMMA::y : 0x7fddbad56010
48_SQRTX::x : 0x7fdd7be40010
24_ERF::x : 0x7fdd6fe8b010
24_ERF::y : 0x7fdd6476f010
24_POW::a : 0x7fdd8755b010
24_POW::b : 0x7fdd7be3f010
24_POW::y : 0x7fdd59053010
24_ERF::x : 0x7fddc08e4010
24_ERF::y : 0x7fdd4d937010
12_POW::a : 0x7fddbad56010
12_POW::b : 0x7fdd75a19010
12_POW::y : 0x7fdd6fe8b010
12_TGAMMA::x : 0x7fddd00017d0
12_TGAMMA::y : 0x7fddd09293e0
48_ERF::x : 0x7fdda3f1f010
48_ERF::y : 0x7fdd36b00010
60_XPY::x : 0x7fdd1a13c010
60_XPY::y : 0x7fdcfd778010
12_TGAMMA::x : 0x185f8e0
12_TGAMMA::y : 0x21874f0
60_XPY::x : 0x7fdce0db4010
60_XPY::y : 0x7fdcc43f0010
48_SQRTX::x : 0x7fdd8d0e8010
60_XPY::x : 0x7fddaf63c010
60_XPY::y : 0x7fdd5ebe3010
60_COPY::x : 0x7fdd92c78010
60_COPY::y : 0x7fdd4221f010
84_SUM::x : 0x7fdd1a140010
48_ERF::x : 0x7fdd7be41010
48_ERF::y : 0x7fdd03309010
24_POW::a : 0x7fdd36b03010
24_POW::b : 0x7fdd2b3e7010
24_POW::y : 0x7fdd1fccb010
60_TGAMMA::x : 0x7fddc9239010
60_TGAMMA::y : 0x7fddc6472010
36_DOT::x : 0x7fddb51c9010
36_DOT::y : 0x7fdda3f20010
132_SUM::x : 0x7fdce0db6010
12_POW::a : 0x7fddc6472010
12_POW::b : 0x7fdd9e392010
12_POW::y : 0x7fdd98804010
84_DOT::x : 0x7fdd534c8010
84_DOT::y : 0x7fdcb8cd7010
48_SQRTX::x : 0x7fddaf63b010
36_DOT::x : 0x7fdd9e392010
36_DOT::y : 0x7fdd8d0e9010
36_POW::a : 0x7fdd7be40010
36_POW::b : 0x7fdd4221f010
36_POW::y : 0x7fdd30f76010
24_ERF::x : 0x7fddc08e4010
24_ERF::y : 0x7fddb51c8010
12_POW::a : 0x7fddaf63a010
12_POW::b : 0x7fdda9aac010
12_POW::y : 0x7fdda3f1e010
36_POW::a : 0x7fdd92c75010
36_POW::b : 0x7fdd6a2fe010
36_POW::y : 0x7fdd59055010
60_XPY::x : 0x7fdd145b2010
60_XPY::y : 0x7fdcf7bee010
36_POW::a : 0x7fddbad57010
36_POW::b : 0x7fdda9aae010
36_POW::y : 0x7fdce6945010
48_ERF::x : 0x7fdd7be3e010
48_ERF::y : 0x7fdd4221e010
12_TGAMMA::x : 0x7fddcc000be0
12_TGAMMA::y : 0x7fddcc9287f0
48_SQRTX::x : 0x7fdd92c77010
108_SUM::x : 0x7fdcc43f4010
12_POW::a : 0x7fddc6472010
12_POW::b : 0x7fddc08e4010
12_POW::y : 0x7fddbad56010
48_XPY::x : 0x7fddb51c9010
48_XPY::y : 0x7fdd64770010
84_SUM::x : 0x7fdd3c691010
12_POW::a : 0x7fddaf63b010
12_POW::b : 0x7fdda9aad010
12_POW::y : 0x7fdda3f1f010
48_ERF::x : 0x7fdd8d0e8010
48_ERF::y : 0x7fdd2585a010
12_TGAMMA::x : 0x7fddcc000be0
12_TGAMMA::y : 0x7fddcc9287f0
60_XPY::x : 0x7fdd47dac010
60_XPY::y : 0x7fdd08e96010
132_SUM::x : 0x7fdcc9f81010
24_POW::a : 0x7fddc08e4010
24_POW::b : 0x7fddb51c8010
24_POW::y : 0x7fdda9aac010
12_ERF::x : 0x7fdda3f1e010
12_ERF::y : 0x7fdd9e390010
12_TGAMMA::x : 0x7fddd4000da0
12_TGAMMA::y : 0x7fddd49289b0
12_ERF::x : 0x7fddc6472010
12_ERF::y : 0x7fddc08e4010
60_TGAMMA::x : 0x7fddbdb1d010
60_TGAMMA::y : 0x7fddbad56010
24_ERF::x : 0x7fddaf63a010
24_ERF::y : 0x7fdda3f1e010
84_SUM::x : 0x7fdd7be3f010
36_DOT::x : 0x7fdd6a2fe010
36_DOT::y : 0x7fdd59055010
12_TGAMMA::x : 0x7fddcc000be0
12_TGAMMA::y : 0x7fddcc9287f0
84_DOT::x : 0x7fdda3f21010
84_DOT::y : 0x7fdd30f76010
84_COPY::x : 0x7fdd08e97010
84_COPY::y : 0x7fdce0db8010
48_SQRTX::x : 0x7fdd64770010
24_ERF::x : 0x7fdd98805010
24_ERF::y : 0x7fdd8d0e9010
84_DOT::x : 0x7fdd7be42010
84_DOT::y : 0x7fdcb8cd9010
132_SUM::x : 0x7fdc79dc4010
12_SQRTX::x : 0x7fddc6472010
24_ERF::x : 0x7fddc08e4010
24_ERF::y : 0x7fddb51c8010
48_SQRTX::x : 0x7fdd64770010
132_SUM::x : 0x7fdd2585b010
12_POW::a : 0x7fdda9aae010
12_POW::b : 0x7fdda3f20010
12_POW::y : 0x7fdd9e392010
60_COPY::x : 0x7fddaf63c010
60_COPY::y : 0x7fdd08e97010
48_SQRTX::x : 0x7fdd98805010
24_POW::a : 0x7fdd8d0e9010
24_POW::b : 0x7fdd819cd010
24_POW::y : 0x7fdd6fe8b010
84_SUM::x : 0x7fdd47dac010
48_XPY::x : 0x7fdd98805010
48_XPY::y : 0x7fdd30f75010
48_SQRTX::x : 0x7fddb51c9010
24_ERF::x : 0x7fdd8d0e9010
24_ERF::y : 0x7fdd819cd010
12_TGAMMA::x : 0x7fddd00017d0
12_TGAMMA::y : 0x7fddd09293e0
48_ERF::x : 0x7fdd64770010
48_ERF::y : 0x7fdd4d939010
60_XPY::x : 0x7fdd7be41010
60_XPY::y : 0x7fdd145b1010
60_TGAMMA::x : 0x7fddc9239010
60_TGAMMA::y : 0x7fddc6472010
36_POW::a : 0x7fddb51c9010
36_POW::b : 0x7fdda3f20010
36_POW::y : 0x7fdd3c690010
48_XPY::x : 0x7fdcfd77a010
48_XPY::y : 0x7fdce6943010
12_POW::a : 0x7fddc6472010
12_POW::b : 0x7fdd9e392010
12_POW::y : 0x7fdd75a19010
48_SQRTX::x : 0x7fdd8755b010
12_TGAMMA::x : 0x7fddd00017d0
12_TGAMMA::y : 0x7fddd09293e0
48_SQRTX::x : 0x7fdd64770010
84_SUM::x : 0x7fdda3f21010
36_POW::a : 0x7fdd534c7010
36_POW::b : 0x7fdd4221e010
36_POW::y : 0x7fdd30f75010
48_ERF::x : 0x7fdd8d0ea010
48_ERF::y : 0x7fdd1a13e010
24_POW::a : 0x7fddc08e4010
24_POW::b : 0x7fddb51c8010
24_POW::y : 0x7fdda9aac010
84_SUM::x : 0x7fdcf205f010
24_ERF::x : 0x7fdd819ce010
24_ERF::y : 0x7fdd6fe8b010
60_XPY::x : 0x7fdd534c7010
60_XPY::y : 0x7fdd36b03010
60_XPY::x : 0x7fdd1a13f010
60_XPY::y : 0x7fdcfd77b010
60_TGAMMA::x : 0x7fddc9239010
60_TGAMMA::y : 0x7fddc6472010
24_POW::a : 0x7fddbad56010
24_POW::b : 0x7fddaf63a010
24_POW::y : 0x7fdda3f1e010
84_COPY::x : 0x7fdd7be3f010
84_COPY::y : 0x7fdcd569c010
48_SQRTX::x : 0x7fddb51c9010
  итерация 2: 1316465 ms
12_TGAMMA::x : 0x7fddd00017d0
12_TGAMMA::y : 0x7fddd09293e0
12_POW::a : 0x7fddc6472010
12_POW::b : 0x7fdda3f20010
12_POW::y : 0x7fdd7be3e010
24_POW::a : 0x7fdd98804010
24_POW::b : 0x7fdd8d0e8010
24_POW::y : 0x7fdd819cc010
60_XPY::x : 0x7fdda9aae010
60_XPY::y : 0x7fdd5ebe3010
60_COPY::x : 0x7fdd4221f010
60_COPY::y : 0x7fdd2585b010
60_TGAMMA::x : 0x7fddc9239010
60_TGAMMA::y : 0x7fddc6472010
120_TGAMMA::x : 0x7fdda3f20010
120_TGAMMA::y : 0x7fdd9e392010
84_COPY::x : 0x7fdcfd77c010
84_COPY::y : 0x7fdcd569d010
48_XPY::x : 0x7fdd8755b010
48_XPY::y : 0x7fdd47dac010
24_ERF::x : 0x7fddc08e4010
24_ERF::y : 0x7fddb51c8010
132_SUM::x : 0x7fdc96788010
48_SQRTX::x : 0x7fddb51c9010
108_SUM::x : 0x7fdd819cf010
60_XPY::x : 0x7fdd5ebe3010
60_XPY::y : 0x7fdd4221f010
48_ERF::x : 0x7fddb51c9010
48_ERF::y : 0x7fdd2b3e8010
84_SUM::x : 0x7fdd03309010
60_TGAMMA::x : 0x7fddb2402010
60_TGAMMA::y : 0x7fddaf63b010
48_SQRTX::x : 0x7fdd98804010
12_POW::a : 0x7fddaf63b010
12_POW::b : 0x7fdd92c76010
12_POW::y : 0x7fdd8d0e8010
36_POW::a : 0x7fdd7be3f010
36_POW::b : 0x7fdd6a2fe010
36_POW::y : 0x7fdd59055010
12_TGAMMA::x : 0x7fddcc000be0
12_TGAMMA::y : 0x7fddcc9287f0
12_POW::a : 0x7fddc6472010
12_POW::b : 0x7fddc08e4010
12_POW::y : 0x7fddbad56010
24_POW::a : 0x7fdd8d0e8010
24_POW::b : 0x7fdd4d939010
24_POW::y : 0x7fdd4221d010
84_COPY::x : 0x7fdd1a13e010
84_COPY::y : 0x7fdcf205f010
24_ERF::x : 0x7fddc08e4010
24_ERF::y : 0x7fddb51c8010
48_SQRTX::x : 0x7fdd9e391010
24_ERF::x : 0x7fddc08e4010
24_ERF::y : 0x7fddb51c8010
48_ERF::x : 0x7fdd8755a010
48_ERF::y : 0x7fdd64770010
60_XPY::x : 0x7fdd47dac010
60_XPY::y : 0x7fdcd569b010
12_TGAMMA::x : 0x7fddd00017d0
12_TGAMMA::y : 0x7fddd09293e0
12_TGAMMA::x : 0x7fddd00017d0
12_TGAMMA::y : 0x7fddd09293e0
60_XPY::x : 0x7fddaf63c010
60_XPY::y : 0x7fdcb8cd7010
48_SQRTX::x : 0x7fdd30f75010
36_DOT::x : 0x7fdd9e393010
36_DOT::y : 0x7fdd8d0ea010
36_DOT::x : 0x7fdd7be41010
36_DOT::y : 0x7fdd6a2fe010
60_XPY::x : 0x7fdd92c78010
60_XPY::y : 0x7fdd2b3e8010
12_ERF::x : 0x7fdd8d0ea010
12_ERF::y : 0x7fdd64770010
84_DOT::x : 0x7fdd03309010
84_DOT::y : 0x7fdcdb22a010
60_TGAMMA::x : 0x7fddc9239010
60_TGAMMA::y : 0x7fddc6472010
84_DOT::x : 0x7fdd534c8010
84_DOT::y : 0x7fdcb314b010
84_DOT::x : 0x7fdd9e393010
84_DOT::y : 0x7fdd2b3e9010
24_ERF::x : 0x7fdd92c77010
24_ERF::y : 0x7fdd8755b010
36_POW::a : 0x7fdd8d0ea010
36_POW::b : 0x7fdd7be41010
36_POW::y : 0x7fdca1ea2010
24_POW::a : 0x7fdd1fccd010
24_POW::b : 0x7fdd145b1010
24_POW::y : 0x7fdd08e95010
120_TGAMMA::x : 0x7fddc6472010
120_TGAMMA::y : 0x7fdd75a19010
48_SQRTX::x : 0x7fddaf63b010
36_POW::a : 0x7fdd64770010
36_POW::b : 0x7fdd534c7010
36_POW::y : 0x7fdd4221e010
84_COPY::x : 0x7fdd9e393010
84_COPY::y : 0x7fdd1a13f010
48_XPY::x : 0x7fdd8755c010
48_XPY::y : 0x7fdd03308010
24_ERF::x : 0x7fdd7be40010
24_ERF::y : 0x7fdcf7bec010
48_SQRTX::x : 0x7fdcec4d1010
12_POW::a : 0x7fddc6472010
12_POW::b : 0x7fdd819ce010
12_POW::y : 0x7fdd7be40010
84_SUM::x : 0x7fdd534c8010
60_TGAMMA::x : 0x7fddc9239010
60_TGAMMA::y : 0x7fddc6472010
48_ERF::x : 0x7fdd8755c010
48_ERF::y : 0x7fdd03308010
48_XPY::x : 0x7fdd64770010
48_XPY::y : 0x7fdd4d939010
12_TGAMMA::x : 0x7fddd4000da0
12_TGAMMA::y : 0x7fddd49289b0
132_SUM::x : 0x7fdcc43f3010
60_XPY::x : 0x7fddaf63c010
60_XPY::y : 0x7fdd30f75010
12_POW::a : 0x7fdda9aae010
12_POW::b : 0x7fdda3f20010
12_POW::y : 0x7fdd9e392010
24_POW::a : 0x7fdd92c76010
24_POW::b : 0x7fdd8755a010
24_POW::y : 0x7fdd7be3e010
12_TGAMMA::x : 0x185f8e0
12_TGAMMA::y : 0x21874f0
48_SQRTX::x : 0x7fdd64770010
36_DOT::x : 0x7fdd9e393010
36_DOT::y : 0x7fdd534c7010
12_POW::a : 0x7fddc6472010
12_POW::b : 0x7fddc08e4010
12_POW::y : 0x7fddbad56010
12_POW::a : 0x7fddc6472010
12_POW::b : 0x7fddc08e4010
12_POW::y : 0x7fddbad56010
12_TGAMMA::x : 0x185f8e0
12_TGAMMA::y : 0x21874f0
48_SQRTX::x : 0x7fdda3f1f010
12_TGAMMA::x : 0x185f8e0
12_TGAMMA::y : 0x21874f0
12_SQRTX::x : 0x7fdd9e391010
84_SUM::x : 0x7fdd534c8010
84_SUM::x : 0x7fdd7be40010
24_ERF::x : 0x7fddc08e4010
24_ERF::y : 0x7fdd47dac010
48_ERF::x : 0x7fdda9aad010
48_ERF::y : 0x7fdd30f75010
48_ERF::x : 0x7fdd64770010
48_ERF::y : 0x7fdd1a13e010
12_POW::a : 0x7fddc6472010
12_POW::b : 0x7fddc08e4010
12_POW::y : 0x7fdda3f1f010
24_ERF::x : 0x7fdd98803010
24_ERF::y : 0x7fdd8d0e7010
48_SQRTX::x : 0x7fdd4d939010
24_POW::a : 0x7fddc08e4010
24_POW::b : 0x7fdd9e391010
24_POW::y : 0x7fdd92c75010
24_POW::a : 0x7fddb51c8010
24_POW::b : 0x7fdd87559010
24_POW::y : 0x7fdd4221d010
60_COPY::x : 0x7fdd25859010
60_COPY::y : 0x7fdd08e95010
84_COPY::x : 0x7fdd534c8010
84_COPY::y : 0x7fdce0db6010
60_TGAMMA::x : 0x7fddc9239010
60_TGAMMA::y : 0x7fddc6472010
36_DOT::x : 0x7fddb51c9010
36_DOT::y : 0x7fdda3f20010
12_ERF::x : 0x7fddc6472010
12_ERF::y : 0x7fdd9e392010
48_SQRTX::x : 0x7fddaf63b010
36_POW::a : 0x7fdd8d0e9010
36_POW::b : 0x7fdd7be40010
36_POW::y : 0x7fdd4221f010
60_XPY::x : 0x7fdd2585b010
60_XPY::y : 0x7fdd08e97010
108_SUM::x : 0x7fdcd569d010
60_XPY::x : 0x7fddaf63c010
60_XPY::y : 0x7fdd5ebe3010
132_SUM::x : 0x7fdc96788010
60_TGAMMA::x : 0x7fddac875010
60_TGAMMA::y : 0x7fdda9aae010
132_SUM::x : 0x7fdd1fcce010
84_SUM::x : 0x7fdd819cf010
24_ERF::x : 0x7fddc08e4010
24_ERF::y : 0x7fddb51c8010
48_ERF::x : 0x7fdd64770010
48_ERF::y : 0x7fdd08e97010
12_TGAMMA::x : 0x7fddcc000be0
12_TGAMMA::y : 0x7fddcc9287f0
84_SUM::x : 0x7fdda3f21010
48_SQRTX::x : 0x7fdd8d0ea010
36_POW::a : 0x7fdd7be41010
36_POW::b : 0x7fdd534c7010
36_POW::y : 0x7fdd4221e010
  итерация 3: 1333575 ms
12_TGAMMA::x : 0x7fddcc000be0
12_TGAMMA::y : 0x7fddcc9287f0
120_TGAMMA::x : 0x7fdd9e393010
120_TGAMMA::y : 0x7fdd98805010
84_COPY::x : 0x7fdda3f21010
84_COPY::y : 0x7fdd2b3e9010
84_COPY::x : 0x7fdd534c8010
84_COPY::y : 0x7fdd0330a010
24_POW::a : 0x7fdd8d0e9010
24_POW::b : 0x7fdd819cd010
24_POW::y : 0x7fdcf7bee010
60_XPY::x : 0x7fdd7be41010
60_XPY::y : 0x7fdce6946010
108_SUM::x : 0x7fdcb314c010
60_TGAMMA::x : 0x7fddc9239010
60_TGAMMA::y : 0x7fddc6472010
60_XPY::x : 0x7fdda9aae010
60_XPY::y : 0x7fdd36b04010
24_ERF::x : 0x7fdd9e392010
24_ERF::y : 0x7fdd6fe8b010
60_TGAMMA::x : 0x7fddc9239010
60_TGAMMA::y : 0x7fddc6472010
60_COPY::x : 0x7fdd819ce010
60_COPY::y : 0x7fdd1a140010
36_DOT::x : 0x7fdd5ebe2010
36_DOT::y : 0x7fdd08e97010
36_DOT::x : 0x7fdcf7bee010
36_DOT::y : 0x7fdce6945010
48_XPY::x : 0x7fddb51c9010
48_XPY::y : 0x7fdd9e392010
60_TGAMMA::x : 0x7fdd7ec07010
60_TGAMMA::y : 0x7fdd7be40010
48_SQRTX::x : 0x7fdd64770010
24_ERF::x : 0x7fdd59054010
24_ERF::y : 0x7fdd4d938010
12_POW::a : 0x7fdd98804010
12_POW::b : 0x7fdd92c76010
12_POW::y : 0x7fdd8d0e8010
48_SQRTX::x : 0x7fddb51c9010
60_XPY::x : 0x7fdd30f74010
60_XPY::y : 0x7fdd145b0010
48_XPY::x : 0x7fdd9e392010
48_XPY::y : 0x7fdd64770010
24_ERF::x : 0x7fdd92c76010
24_ERF::y : 0x7fdd8755a010
84_SUM::x : 0x7fdcec4d1010
120_TGAMMA::x : 0x7fddc6472010
120_TGAMMA::y : 0x7fddc08e4010
12_POW::a : 0x7fddbad56010
12_POW::b : 0x7fdd98804010
12_POW::y : 0x7fdd92c76010
12_POW::a : 0x7fddb51c8010
12_POW::b : 0x7fddaf63a010
12_POW::y : 0x7fdda9aac010
84_SUM::x : 0x7fdd534c8010
48_ERF::x : 0x7fdd92c75010
48_ERF::y : 0x7fdd7be3e010
48_SQRTX::x : 0x7fdda9aad010
12_TGAMMA::x : 0x7fddd4000da0
12_TGAMMA::y : 0x7fddd49289b0
132_SUM::x : 0x7fdd3c692010
24_ERF::x : 0x7fddc08e4010
24_ERF::y : 0x7fdd30f76010
84_SUM::x : 0x7fdd08e97010
12_POW::a : 0x7fddc6472010
12_POW::b : 0x7fddc08e4010
12_POW::y : 0x7fddbad56010
12_ERF::x : 0x7fddb51c8010
12_ERF::y : 0x7fddaf63a010
60_XPY::x : 0x7fdd9e392010
60_XPY::y : 0x7fdd819ce010
48_ERF::x : 0x7fdd64770010
48_ERF::y : 0x7fdd4d939010
24_ERF::x : 0x7fddc08e4010
24_ERF::y : 0x7fdd4221d010
36_POW::a : 0x7fdd30f74010
36_POW::b : 0x7fdd1fccb010
36_POW::y : 0x7fdd0ea22010
12_TGAMMA::x : 0x7fddd4000da0
12_TGAMMA::y : 0x7fddd49289b0
12_TGAMMA::x : 0x7fddd4000da0
12_TGAMMA::y : 0x7fddd49289b0
48_ERF::x : 0x7fdcf7beb010
48_ERF::y : 0x7fdce0db4010
12_TGAMMA::x : 0x7fddcc000be0
12_TGAMMA::y : 0x7fddcc9287f0
12_POW::a : 0x7fddc6472010
12_POW::b : 0x7fddc08e4010
12_POW::y : 0x7fddbad56010
24_POW::a : 0x7fddaf63a010
24_POW::b : 0x7fdda3f1e010
24_POW::y : 0x7fdd98802010
12_POW::a : 0x7fdd92c74010
12_POW::b : 0x7fdd8d0e6010
12_POW::y : 0x7fdd87558010
108_SUM::x : 0x7fdd47dad010
36_POW::a : 0x7fddbad57010
36_POW::b : 0x7fdd87559010
36_POW::y : 0x7fdd36b04010
84_DOT::x : 0x7fdd0ea25010
84_DOT::y : 0x7fdce6946010
84_DOT::x : 0x7fdcbe867010
84_DOT::y : 0x7fdc96788010
24_POW::a : 0x7fddaf63b010
24_POW::b : 0x7fdda3f1f010
24_POW::y : 0x7fdd98803010
48_XPY::x : 0x7fdd819cc010
48_XPY::y : 0x7fdd64770010
36_POW::a : 0x7fddbad57010
36_POW::b : 0x7fdd534c7010
36_POW::y : 0x7fdd4221e010
60_TGAMMA::x : 0x7fddb7f90010
60_TGAMMA::y : 0x7fddb51c9010
84_DOT::x : 0x7fdd1a13f010
84_DOT::y : 0x7fdcf2060010
48_SQRTX::x : 0x7fdd9e392010
60_XPY::x : 0x7fdd819ce010
60_XPY::y : 0x7fdcd569c010
36_DOT::x : 0x7fddbad57010
36_DOT::y : 0x7fdd6a2fe010
60_COPY::x : 0x7fdd4d93a010
60_COPY::y : 0x7fdd30f76010
12_TGAMMA::x : 0x7fddd00017d0
12_TGAMMA::y : 0x7fddd09293e0
84_COPY::x : 0x7fdd08e97010
84_COPY::y : 0x7fdcad5bd010
132_SUM::x : 0x7fdc6e6a8010
12_SQRTX::x : 0x7fddc6472010
24_POW::a : 0x7fddc08e4010
24_POW::b : 0x7fddb51c8010
24_POW::y : 0x7fdda9aac010
48_SQRTX::x : 0x7fdd92c75010
60_TGAMMA::x : 0x7fdd8feae010
60_TGAMMA::y : 0x7fdd8d0e7010
12_POW::a : 0x7fddc6472010
12_POW::b : 0x7fddc08e4010
12_POW::y : 0x7fddbad56010
60_XPY::x : 0x7fdd5ebe3010
60_XPY::y : 0x7fdd4221f010
36_POW::a : 0x7fdda9aad010
36_POW::b : 0x7fdd819cc010
36_POW::y : 0x7fdd30f76010
84_SUM::x : 0x7fdd08e97010
12_POW::a : 0x7fddc6472010
12_POW::b : 0x7fddc08e4010
12_POW::y : 0x7fddbad56010
24_POW::a : 0x7fddc08e4010
24_POW::b : 0x7fdd9e391010
24_POW::y : 0x7fdd92c75010
48_SQRTX::x : 0x7fdd1a13f010
12_TGAMMA::x : 0x7fddd00017d0
12_TGAMMA::y : 0x7fddd09293e0
24_ERF::x : 0x7fdd6fe8b010
24_ERF::y : 0x7fdd6476f010
48_ERF::x : 0x7fdda9aad010
48_ERF::y : 0x7fdd7be3e010
84_SUM::x : 0x7fdd3c690010
36_DOT::x : 0x7fdd98804010
36_DOT::y : 0x7fdd2b3e7010
12_TGAMMA::x : 0x7fddd00017d0
12_TGAMMA::y : 0x7fddd09293e0
60_XPY::x : 0x7fdd0ea23010
60_XPY::y : 0x7fdcf205f010
132_SUM::x : 0x7fdcb314a010
132_SUM::x : 0x7fdd3c692010
48_SQRTX::x : 0x7fddb51c9010
48_SQRTX::x : 0x7fdd9e392010
24_ERF::x : 0x7fddc08e4010
24_ERF::y : 0x7fdd92c76010
24_ERF::x : 0x7fdd8755a010
24_ERF::y : 0x7fdd7be3e010
48_SQRTX::x : 0x7fdd64770010
48_ERF::x : 0x7fddb51c9010
48_ERF::y : 0x7fdd4d939010
84_COPY::x : 0x7fdd2585a010
84_COPY::y : 0x7fdcfd77b010
24_POW::a : 0x7fdda9aad010
24_POW::b : 0x7fdd9e391010
24_POW::y : 0x7fdd92c75010
36_POW::a : 0x7fdd819cc010
36_POW::b : 0x7fdd6a2fe010
36_POW::y : 0x7fdcec4d2010
48_SQRTX::x : 0x7fdd9e392010
12_ERF::x : 0x7fddc6472010
12_ERF::y : 0x7fddc08e4010
48_SQRTX::x : 0x7fddb51c9010
60_XPY::x : 0x7fdd819ce010
60_XPY::y : 0x7fdd5ebe3010
84_SUM::x : 0x7fdcd569c010
60_TGAMMA::x : 0x7fddb2402010
60_TGAMMA::y : 0x7fddaf63b010
48_ERF::x : 0x7fddb51c9010
48_ERF::y : 0x7fdd47dac010
12_TGAMMA::x : 0x7fddd00017d0
12_TGAMMA::y : 0x7fddd09293e0
  итерация 4: 1335779 ms
  среднее по 5 итерациям: 1324331 ms
=== Выполняется проект: no_po_26.txt (100 работ) ===
12_TGAMMA::x : 0x7fddcc000be0
12_TGAMMA::y : 0x7fddcc9287f0
48_SQRTX::x : 0x7fddb51c9010
36_DOT::x : 0x7fdd7be41010
36_DOT::y : 0x7fdd6a2fe010
84_COPY::x : 0x7fdd8d0ea010
84_COPY::y : 0x7fdd4221f010
84_COPY::x : 0x7fdd1a140010
84_COPY::y : 0x7fdcf2061010
84_SUM::x : 0x7fdcc9f82010
48_ERF::x : 0x7fdd9e392010
48_ERF::y : 0x7fdd8755b010
24_POW::a : 0x7fddc08e4010
24_POW::b : 0x7fdd7be3f010
24_POW::y : 0x7fdd6fe8b010
84_COPY::x : 0x7fdd47dac010
84_COPY::y : 0x7fdcc9f82010
12_SQRTX::x : 0x7fddbad56010
108_SUM::x : 0x7fdd145b2010
12_SQRTX::x : 0x7fddbad56010
84_DOT::x : 0x7fdd92c77010
84_DOT::y : 0x7fdca1ea3010
12_TGAMMA::x : 0x7fddd00017d0
12_TGAMMA::y : 0x7fddd09293e0
120_TGAMMA::x : 0x7fddc6472010
120_TGAMMA::y : 0x7fddc08e4010
60_COPY::x : 0x7fdd2b3e8010
60_COPY::y : 0x7fdd0ea24010
24_POW::a : 0x7fdd8755b010
24_POW::b : 0x7fdd7be3f010
24_POW::y : 0x7fdd6fe8b010
120_TGAMMA::x : 0x7fddbad56010
120_TGAMMA::y : 0x7fddb51c8010
12_SQRTX::x : 0x7fddaf63a010
84_SUM::x : 0x7fdd47dac010
36_DOT::x : 0x7fdda3f1f010
36_DOT::y : 0x7fdd36b03010
12_ERF::x : 0x7fddc6472010
12_ERF::y : 0x7fddc08e4010
84_SUM::x : 0x7fdd7be40010
12_SQRTX::x : 0x7fddaf63a010
48_XPY::x : 0x7fdd64770010
48_XPY::y : 0x7fdd4d939010
36_POW::a : 0x7fdda3f1f010
36_POW::b : 0x7fdd3c690010
36_POW::y : 0x7fdd2b3e7010
84_DOT::x : 0x7fdd03308010
84_DOT::y : 0x7fdcdb229010
84_DOT::x : 0x7fdd7be40010
84_DOT::y : 0x7fdcb314a010
36_DOT::x : 0x7fddbad57010
36_DOT::y : 0x7fdd6a2fe010
24_ERF::x : 0x7fddaf63b010
24_ERF::y : 0x7fdda3f1f010
36_POW::a : 0x7fddbad57010
36_POW::b : 0x7fdd6a2fe010
36_POW::y : 0x7fdd59055010
108_SUM::x : 0x7fdd2585b010
132_SUM::x : 0x7fdce6946010
12_ERF::x : 0x7fddb51c9010
12_ERF::y : 0x7fddaf63b010
84_SUM::x : 0x7fdd92c78010
36_DOT::x : 0x7fdd819cf010
36_DOT::y : 0x7fdd47dac010
36_POW::a : 0x7fddbad57010
36_POW::b : 0x7fdd6a2fe010
36_POW::y : 0x7fdd59055010
84_DOT::x : 0x7fdd1fccd010
84_DOT::y : 0x7fdcf7bee010
120_TGAMMA::x : 0x7fdd8d0ea010
120_TGAMMA::y : 0x7fdd8755c010
48_SQRTX::x : 0x7fdda3f20010
12_POW::a : 0x7fddb51c9010
12_POW::b : 0x7fddaf63b010
12_POW::y : 0x7fdda9aad010
84_SUM::x : 0x7fdd30f76010
48_ERF::x : 0x7fdd92c76010
48_ERF::y : 0x7fdd7be3f010
84_COPY::x : 0x7fdd08e97010
84_COPY::y : 0x7fdce0db8010
12_SQRTX::x : 0x7fddc6472010
84_DOT::x : 0x7fdcb8cd9010
84_DOT::y : 0x7fdc90bfa010
132_SUM::x : 0x7fdd3c692010
12_POW::a : 0x7fddc6472010
12_POW::b : 0x7fddc08e4010
12_POW::y : 0x7fddbad56010
48_ERF::x : 0x7fdda3f1f010
48_ERF::y : 0x7fdd8d0e8010
108_SUM::x : 0x7fdd47dad010
60_XPY::x : 0x7fdcc43f4010
60_XPY::y : 0x7fdca7a30010
36_DOT::x : 0x7fddbad57010
36_DOT::y : 0x7fdd7be3f010
48_XPY::x : 0x7fdd30f76010
48_XPY::y : 0x7fdd1a13f010
48_XPY::x : 0x7fdd64770010
48_XPY::y : 0x7fdd4d939010
84_DOT::x : 0x7fdda3f21010
84_DOT::y : 0x7fdd7be42010
120_TGAMMA::x : 0x7fdd145b1010
120_TGAMMA::y : 0x7fdd0ea23010
60_XPY::x : 0x7fdd30f75010
60_XPY::y : 0x7fdcf205f010
48_XPY::x : 0x7fdd64770010
48_XPY::y : 0x7fdd4d939010
36_POW::a : 0x7fdd1fccc010
36_POW::b : 0x7fdd0ea23010
36_POW::y : 0x7fdce0db6010
48_SQRTX::x : 0x7fdd36b02010
84_COPY::x : 0x7fdda3f21010
84_COPY::y : 0x7fdd7be42010
48_ERF::x : 0x7fdd64770010
48_ERF::y : 0x7fdd4d939010
12_SQRTX::x : 0x7fdd47dab010
108_SUM::x : 0x7fdcad5bc010
36_DOT::x : 0x7fdd3c690010
36_DOT::y : 0x7fdd2b3e7010
12_TGAMMA::x : 0x7fddd4000da0
12_TGAMMA::y : 0x7fddd49289b0
120_TGAMMA::x : 0x7fdd47dab010
120_TGAMMA::y : 0x7fdd4221d010
120_TGAMMA::x : 0x7fdd75a19010
120_TGAMMA::y : 0x7fdd6fe8b010
84_SUM::x : 0x7fdd1a13e010
108_SUM::x : 0x7fdd98806010
120_TGAMMA::x : 0x7fdd92c78010
120_TGAMMA::y : 0x7fdd8d0ea010
12_ERF::x : 0x7fddc6472010
12_ERF::y : 0x7fddc08e4010
108_SUM::x : 0x7fdd98806010
132_SUM::x : 0x7fdd30f76010
60_COPY::x : 0x7fdd145b2010
60_COPY::y : 0x7fdcf7bee010
84_SUM::x : 0x7fdda3f21010
84_DOT::x : 0x7fdd7be42010
84_DOT::y : 0x7fdccfb0f010
108_SUM::x : 0x7fdd47dad010
12_POW::a : 0x7fddc6472010
12_POW::b : 0x7fddc08e4010
12_POW::y : 0x7fddbad56010
12_POW::a : 0x7fddb51c8010
12_POW::b : 0x7fddaf63a010
12_POW::y : 0x7fdda9aac010
48_XPY::x : 0x7fdd30f76010
48_XPY::y : 0x7fdd1a13f010
36_POW::a : 0x7fddbad57010
36_POW::b : 0x7fdda9aae010
36_POW::y : 0x7fdd08e96010
60_COPY::x : 0x7fdd5ebe3010
60_COPY::y : 0x7fdcb314b010
84_COPY::x : 0x7fdd819cf010
84_COPY::y : 0x7fdce0db7010
12_ERF::x : 0x7fdd7be41010
12_ERF::y : 0x7fdd59055010
12_SQRTX::x : 0x7fdd7be41010
36_POW::a : 0x7fdd4d93a010
36_POW::b : 0x7fdd3c691010
36_POW::y : 0x7fdd2b3e8010
24_ERF::x : 0x7fddc08e4010
24_ERF::y : 0x7fddb51c8010
36_DOT::x : 0x7fdd6a2fe010
36_DOT::y : 0x7fdd1a13f010
12_ERF::x : 0x7fddc6472010
12_ERF::y : 0x7fddc08e4010
48_XPY::x : 0x7fdda9aad010
48_XPY::y : 0x7fdd92c76010
24_POW::a : 0x7fdd8755a010
24_POW::b : 0x7fdd7be3e010
24_POW::y : 0x7fdd6fe8b010
84_SUM::x : 0x7fdd03309010
84_COPY::x : 0x7fdd47dac010
84_COPY::y : 0x7fdcdb22a010
60_COPY::x : 0x7fdd2b3e8010
60_COPY::y : 0x7fdd0ea24010
12_SQRTX::x : 0x7fddc6472010
24_POW::a : 0x7fddbad56010
24_POW::b : 0x7fddaf63a010
24_POW::y : 0x7fdda3f1e010
120_TGAMMA::x : 0x7fddc6472010
120_TGAMMA::y : 0x7fdd9e390010
12_ERF::x : 0x7fddc08e4010
12_ERF::y : 0x7fddbad56010
36_DOT::x : 0x7fddb51c9010
36_DOT::y : 0x7fdda3f20010
  итерация 0: 1352791 ms
12_SQRTX::x : 0x7fddc6472010
12_SQRTX::x : 0x7fddc08e4010
36_DOT::x : 0x7fddaf63b010
36_DOT::y : 0x7fdd6a2fe010
108_SUM::x : 0x7fdd7be41010
84_SUM::x : 0x7fdd4221f010
84_DOT::x : 0x7fdd1a140010
84_DOT::y : 0x7fdcf2061010
36_DOT::x : 0x7fddbad57010
36_DOT::y : 0x7fdd6a2fe010
48_SQRTX::x : 0x7fdda3f20010
108_SUM::x : 0x7fdcbe867010
84_COPY::x : 0x7fdd7be41010
84_COPY::y : 0x7fdd534c8010
12_ERF::x : 0x7fddc6472010
12_ERF::y : 0x7fddc08e4010
12_TGAMMA::x : 0x185f8c0
12_TGAMMA::y : 0x21874d0
120_TGAMMA::x : 0x7fddbad56010
120_TGAMMA::y : 0x7fddb51c8010
84_COPY::x : 0x7fdd2b3e9010
84_COPY::y : 0x7fdd0330a010
84_COPY::x : 0x7fdcdb22b010
84_COPY::y : 0x7fdcb314c010
120_TGAMMA::x : 0x7fddc6472010
120_TGAMMA::y : 0x7fddc08e4010
120_TGAMMA::x : 0x7fddbad56010
120_TGAMMA::y : 0x7fddb51c8010
12_SQRTX::x : 0x7fddaf63a010
36_DOT::x : 0x7fdda3f1f010
36_DOT::y : 0x7fdd92c76010
24_POW::a : 0x7fdd8755a010
24_POW::b : 0x7fdd7be3e010
24_POW::y : 0x7fdd6fe8b010
48_SQRTX::x : 0x7fdd9e391010
60_COPY::x : 0x7fdd534c7010
60_COPY::y : 0x7fdd36b03010
36_DOT::x : 0x7fddbad57010
36_DOT::y : 0x7fdd2585a010
120_TGAMMA::x : 0x7fddb51c9010
120_TGAMMA::y : 0x7fddaf63b010
120_TGAMMA::x : 0x7fdda9aad010
120_TGAMMA::y : 0x7fdda3f1f010
84_SUM::x : 0x7fdd7be40010
36_DOT::x : 0x7fddbad57010
36_DOT::y : 0x7fdd6a2fe010
60_COPY::x : 0x7fdd8755b010
60_COPY::y : 0x7fdd4d93a010
84_SUM::x : 0x7fdd2585b010
36_POW::a : 0x7fddbad57010
36_POW::b : 0x7fdd6a2fe010
36_POW::y : 0x7fdd145b2010
12_ERF::x : 0x7fddb51c9010
12_ERF::y : 0x7fddaf63b010
84_COPY::x : 0x7fdcec4d3010
84_COPY::y : 0x7fdcc43f4010
12_SQRTX::x : 0x7fddb51c9010
24_ERF::x : 0x7fddaf63b010
24_ERF::y : 0x7fdda3f1f010
60_COPY::x : 0x7fdd8755b010
60_COPY::y : 0x7fdd4d93a010
36_DOT::x : 0x7fddbad57010
36_DOT::y : 0x7fdd6a2fe010
12_POW::a : 0x7fddb51c9010
12_POW::b : 0x7fddaf63b010
12_POW::y : 0x7fdda9aad010
84_DOT::x : 0x7fdd2585b010
84_DOT::y : 0x7fdc9c315010
36_POW::a : 0x7fddbad57010
36_POW::b : 0x7fdda9aae010
36_POW::y : 0x7fdd6a2fe010
132_SUM::x : 0x7fdc5d400010
48_XPY::x : 0x7fdd92c77010
48_XPY::y : 0x7fdd7be40010
108_SUM::x : 0x7fdcf2061010
60_XPY::x : 0x7fdd8d0ea010
60_XPY::y : 0x7fdd4d93a010
84_SUM::x : 0x7fdd2585b010
84_SUM::x : 0x7fdcc9f82010
24_POW::a : 0x7fddc08e4010
24_POW::b : 0x7fddb51c8010
24_POW::y : 0x7fdd819ce010
36_POW::a : 0x7fdd6a2fe010
36_POW::b : 0x7fdd3c691010
36_POW::y : 0x7fdd2b3e8010
12_SQRTX::x : 0x7fddaf63a010
60_XPY::x : 0x7fdd0ea24010
60_XPY::y : 0x7fdcf2060010
120_TGAMMA::x : 0x7fddaf63a010
120_TGAMMA::y : 0x7fdda9aac010
48_XPY::x : 0x7fddb51c9010
48_XPY::y : 0x7fdd92c75010
108_SUM::x : 0x7fdcf7bee010
132_SUM::x : 0x7fdd3c692010
48_ERF::x : 0x7fdd7be3e010
48_ERF::y : 0x7fdce0db7010
36_POW::a : 0x7fddbad57010
36_POW::b : 0x7fdda9aae010
36_POW::y : 0x7fdd98805010
36_DOT::x : 0x7fdd2b3e9010
36_DOT::y : 0x7fdd1a140010
84_SUM::x : 0x7fdd534c8010
84_COPY::x : 0x7fdd2b3e9010
84_COPY::y : 0x7fdd0330a010
12_SQRTX::x : 0x7fdd92c77010
48_XPY::x : 0x7fdd819ce010
48_XPY::y : 0x7fdcec4d3010
84_COPY::x : 0x7fdd534c8010
84_COPY::y : 0x7fdcc43f4010
84_SUM::x : 0x7fdda3f21010
108_SUM::x : 0x7fdd98806010
36_POW::a : 0x7fdd8755d010
36_POW::b : 0x7fdcf2061010
36_POW::y : 0x7fdcb314b010
48_XPY::x : 0x7fdd3c691010
48_XPY::y : 0x7fdd2585a010
84_COPY::x : 0x7fdda3f21010
84_COPY::y : 0x7fdc8b06c010
48_ERF::x : 0x7fdd64770010
48_ERF::y : 0x7fdd0ea23010
108_SUM::x : 0x7fdcdb229010
12_ERF::x : 0x7fdd9e393010
12_ERF::y : 0x7fdd98805010
84_DOT::x : 0x7fdd7be42010
84_DOT::y : 0x7fdd3c691010
12_TGAMMA::x : 0x7fddd00017d0
12_TGAMMA::y : 0x7fddd09293e0
84_DOT::x : 0x7fdd145b2010
84_DOT::y : 0x7fdc62f8d010
24_POW::a : 0x7fdd6fe8b010
24_POW::b : 0x7fdd08e96010
24_POW::y : 0x7fdcfd77a010
108_SUM::x : 0x7fdcc9f80010
24_POW::a : 0x7fddc08e4010
24_POW::b : 0x7fddb51c8010
24_POW::y : 0x7fdda9aac010
84_DOT::x : 0x7fdd819cd010
84_DOT::y : 0x7fdd534c8010
24_ERF::x : 0x7fdd47dac010
24_ERF::y : 0x7fdd08e96010
132_SUM::x : 0x7fdcc9f81010
84_SUM::x : 0x7fdd1fccd010
12_SQRTX::x : 0x7fddc6472010
12_TGAMMA::x : 0x7fddcc000be0
12_TGAMMA::y : 0x7fddcc9287f0
48_SQRTX::x : 0x7fddb51c9010
84_DOT::x : 0x7fdd8d0ea010
84_DOT::y : 0x7fdd534c8010
48_XPY::x : 0x7fdd08e96010
48_XPY::y : 0x7fdcf205f010
12_POW::a : 0x7fdd8755c010
12_POW::b : 0x7fdd819ce010
12_POW::y : 0x7fdd7be40010
12_ERF::x : 0x7fdd8755c010
12_ERF::y : 0x7fdd819ce010
60_COPY::x : 0x7fdd36b04010
60_COPY::y : 0x7fdcd569b010
120_TGAMMA::x : 0x7fddc6472010
120_TGAMMA::y : 0x7fddc08e4010
12_SQRTX::x : 0x7fddbad56010
12_POW::a : 0x7fddb51c8010
12_POW::b : 0x7fddaf63a010
12_POW::y : 0x7fdda9aac010
48_ERF::x : 0x7fdd92c75010
48_ERF::y : 0x7fdd7be3e010
12_POW::a : 0x7fddbad56010
12_POW::b : 0x7fddb51c8010
12_POW::y : 0x7fddaf63a010
12_ERF::x : 0x7fdda9aac010
12_ERF::y : 0x7fdd75a19010
48_XPY::x : 0x7fdd5ebe2010
48_XPY::y : 0x7fdd47dab010
84_DOT::x : 0x7fdd1fccc010
84_DOT::y : 0x7fdcf7bed010
48_ERF::x : 0x7fddb51c9010
48_ERF::y : 0x7fdce0db6010
36_POW::a : 0x7fdda3f20010
36_POW::b : 0x7fdd92c77010
36_POW::y : 0x7fdd819ce010
12_ERF::x : 0x7fdd7be40010
12_ERF::y : 0x7fdd75a19010
120_TGAMMA::x : 0x7fdd7be40010
120_TGAMMA::y : 0x7fdd75a19010
36_DOT::x : 0x7fddbad57010
36_DOT::y : 0x7fdd64770010
  итерация 1: 1386077 ms
36_DOT::x : 0x7fddbad57010
36_DOT::y : 0x7fdd4d93a010
60_COPY::x : 0x7fdd5ebe3010
60_COPY::y : 0x7fdce0db8010
108_SUM::x : 0x7fdd8755d010
84_COPY::x : 0x7fdd2585b010
84_COPY::y : 0x7fdcfd77c010
120_TGAMMA::x : 0x7fddc6472010
120_TGAMMA::y : 0x7fddc08e4010
120_TGAMMA::x : 0x7fddbad56010
120_TGAMMA::y : 0x7fddb51c8010
48_SQRTX::x : 0x7fdd9e391010
120_TGAMMA::x : 0x7fdd98803010
120_TGAMMA::y : 0x7fdd92c75010
12_SQRTX::x : 0x7fddc6472010
84_COPY::x : 0x7fdd534c8010
84_COPY::y : 0x7fdd2b3e9010
12_SQRTX::x : 0x7fddc6472010
12_ERF::x : 0x7fddc6472010
12_ERF::y : 0x7fddc08e4010
12_SQRTX::x : 0x7fddbad56010
36_DOT::x : 0x7fdda9aad010
36_DOT::y : 0x7fdd819cc010
24_POW::a : 0x7fddc08e4010
24_POW::b : 0x7fdd9e391010
24_POW::y : 0x7fdd1fccd010
36_POW::a : 0x7fdd0ea24010
36_POW::b : 0x7fdcfd77b010
36_POW::y : 0x7fdcec4d2010
84_COPY::x : 0x7fdcc43f3010
84_COPY::y : 0x7fdc9c314010
84_SUM::x : 0x7fdda3f21010
24_POW::a : 0x7fdd98805010
24_POW::b : 0x7fdd8d0e9010
24_POW::y : 0x7fdd819cd010
12_SQRTX::x : 0x7fddc6472010
84_SUM::x : 0x7fdd534c8010
84_SUM::x : 0x7fdda3f21010
12_SQRTX::x : 0x7fdd9e393010
48_SQRTX::x : 0x7fdd8755c010
36_DOT::x : 0x7fdd4221f010
36_DOT::y : 0x7fdd30f76010
108_SUM::x : 0x7fdcfd77c010
12_TGAMMA::x : 0x7fddcc000be0
12_TGAMMA::y : 0x7fddcc9287f0
84_COPY::x : 0x7fdda3f21010
84_COPY::y : 0x7fdd534c8010
12_ERF::x : 0x7fdd9e393010
12_ERF::y : 0x7fdd819ce010
120_TGAMMA::x : 0x7fdd98805010
120_TGAMMA::y : 0x7fdd92c77010
12_TGAMMA::x : 0x7fddd00017d0
12_TGAMMA::y : 0x7fddd09293e0
84_SUM::x : 0x7fdd2b3e9010
36_DOT::x : 0x7fdd819ce010
36_DOT::y : 0x7fdd1a140010
48_XPY::x : 0x7fdd3c691010
48_XPY::y : 0x7fdd03309010
48_XPY::x : 0x7fdd7be40010
48_XPY::y : 0x7fdd2585a010
108_SUM::x : 0x7fdccfb0f010
36_DOT::x : 0x7fddbad57010
36_DOT::y : 0x7fdda9aae010
84_DOT::x : 0x7fdd534c8010
84_DOT::y : 0x7fdca7a30010
84_COPY::x : 0x7fdd819cf010
84_COPY::y : 0x7fdd2b3e9010
84_DOT::x : 0x7fdd0330a010
84_DOT::y : 0x7fdc7f951010
84_DOT::x : 0x7fdcdb22b010
84_DOT::y : 0x7fdc57872010
48_SQRTX::x : 0x7fddb51c9010
24_POW::a : 0x7fdd6fe8b010
24_POW::b : 0x7fdd6476f010
24_POW::y : 0x7fdd59053010
48_ERF::x : 0x7fdd145b2010
48_ERF::y : 0x7fdcfd77b010
36_DOT::x : 0x7fddbad57010
36_DOT::y : 0x7fdda9aae010
120_TGAMMA::x : 0x7fdda3f20010
120_TGAMMA::y : 0x7fdd9e392010
60_COPY::x : 0x7fddaf63c010
60_COPY::y : 0x7fdd819ce010
132_SUM::x : 0x7fdd3c692010
12_SQRTX::x : 0x7fdda9aae010
120_TGAMMA::x : 0x7fdda9aae010
120_TGAMMA::y : 0x7fdd7be40010
36_DOT::x : 0x7fdd2b3e9010
36_DOT::y : 0x7fdd1a140010
84_COPY::x : 0x7fdd534c8010
84_COPY::y : 0x7fdcf2061010
60_XPY::x : 0x7fddaf63c010
60_XPY::y : 0x7fdd8d0ea010
84_DOT::x : 0x7fdd2b3e9010
84_DOT::y : 0x7fdcc9f82010
84_SUM::x : 0x7fdca1ea3010
132_SUM::x : 0x7fdc8b06d010
48_ERF::x : 0x7fdd3c691010
48_ERF::y : 0x7fdd2585a010
108_SUM::x : 0x7fdd98806010
48_XPY::x : 0x7fdd819cf010
48_XPY::y : 0x7fdd64770010
12_POW::a : 0x7fddc6472010
12_POW::b : 0x7fddc08e4010
12_POW::y : 0x7fddbad56010
48_ERF::x : 0x7fdda3f1f010
48_ERF::y : 0x7fdd0ea23010
120_TGAMMA::x : 0x7fdd9e391010
120_TGAMMA::y : 0x7fdd7be41010
84_DOT::x : 0x7fdd3c691010
84_DOT::y : 0x7fdce6944010
84_SUM::x : 0x7fdcbe865010
36_POW::a : 0x7fddbad57010
36_POW::b : 0x7fdda9aae010
36_POW::y : 0x7fdd8d0e8010
36_POW::a : 0x7fdd6a2fe010
36_POW::b : 0x7fdd2b3e8010
36_POW::y : 0x7fdd1a13f010
60_COPY::x : 0x7fdcc9f80010
60_COPY::y : 0x7fdcad5bc010
12_POW::a : 0x7fdda3f20010
12_POW::b : 0x7fdd9e392010
12_POW::y : 0x7fdd8755a010
48_XPY::x : 0x7fdd534c7010
48_XPY::y : 0x7fdd03308010
12_SQRTX::x : 0x7fddc6472010
132_SUM::x : 0x7fdd8755d010
36_POW::a : 0x7fdd6a2fe010
36_POW::b : 0x7fdd4221e010
36_POW::y : 0x7fdd30f75010
12_POW::a : 0x7fddc6472010
12_POW::b : 0x7fdd819cf010
12_POW::y : 0x7fdd7be41010
84_SUM::x : 0x7fdcdb229010
60_XPY::x : 0x7fdd145b1010
60_XPY::y : 0x7fdcbe865010
24_ERF::x : 0x7fddc08e4010
24_ERF::y : 0x7fddb51c8010
48_ERF::x : 0x7fdd9e391010
48_ERF::y : 0x7fdd8755a010
84_DOT::x : 0x7fdd534c8010
84_DOT::y : 0x7fdcec4d2010
108_SUM::x : 0x7fdc8b06b010
36_POW::a : 0x7fddbad57010
36_POW::b : 0x7fdd4221f010
36_POW::y : 0x7fdd30f76010
84_COPY::x : 0x7fdd92c78010
84_COPY::y : 0x7fdcc43f3010
12_POW::a : 0x7fdd8d0ea010
12_POW::b : 0x7fdd8755c010
12_POW::y : 0x7fdd819ce010
84_SUM::x : 0x7fdd534c8010
48_XPY::x : 0x7fdd7be41010
48_XPY::y : 0x7fdd1a13f010
12_ERF::x : 0x7fddc6472010
12_ERF::y : 0x7fddc08e4010
24_ERF::x : 0x7fdd6fe8b010
24_ERF::y : 0x7fdd6476f010
12_SQRTX::x : 0x7fddc6472010
12_ERF::x : 0x7fddc6472010
12_ERF::y : 0x7fddc08e4010
24_POW::a : 0x7fdd6fe8b010
24_POW::b : 0x7fdd6476f010
24_POW::y : 0x7fdd59053010
108_SUM::x : 0x7fdc90bf9010
84_DOT::x : 0x7fdd30f74010
84_DOT::y : 0x7fdd08e95010
12_ERF::x : 0x7fddc6472010
12_ERF::y : 0x7fddc08e4010
120_TGAMMA::x : 0x7fddc6472010
120_TGAMMA::y : 0x7fddc08e4010
108_SUM::x : 0x7fdd8d0ea010
36_POW::a : 0x7fdd7be41010
36_POW::b : 0x7fdd6a2fe010
36_POW::y : 0x7fdd59055010
60_COPY::x : 0x7fdd3c691010
60_COPY::y : 0x7fdd1fccd010
48_XPY::x : 0x7fdda9aad010
48_XPY::y : 0x7fdd92c76010
12_ERF::x : 0x7fddc6472010
12_ERF::y : 0x7fddc08e4010
12_TGAMMA::x : 0x7fddd00017d0
12_TGAMMA::y : 0x7fddd09293e0
36_DOT::x : 0x7fdd0ea24010
36_DOT::y : 0x7fdcfd77b010
  итерация 2: 1330322 ms
12_ERF::x : 0x7fdda3f20010
12_ERF::y : 0x7fdd9e392010
36_DOT::x : 0x7fddbad57010
36_DOT::y : 0x7fdda9aae010
36_POW::a : 0x7fdd8d0e9010
36_POW::b : 0x7fdd7be40010
36_POW::y : 0x7fdd36b04010
108_SUM::x : 0x7fdd47dad010
60_COPY::x : 0x7fdd1a140010
60_COPY::y : 0x7fdcfd77c010
84_COPY::x : 0x7fdda3f21010
84_COPY::y : 0x7fdcd569d010
36_DOT::x : 0x7fdd6a2fe010
36_DOT::y : 0x7fdd59055010
108_SUM::x : 0x7fdca1ea3010
36_DOT::x : 0x7fdd92c78010
36_DOT::y : 0x7fdd819cf010
120_TGAMMA::x : 0x7fdd7be41010
120_TGAMMA::y : 0x7fdd75a19010
84_COPY::x : 0x7fdd4d93a010
84_COPY::y : 0x7fdd2585b010
84_SUM::x : 0x7fdcfd77c010
84_DOT::x : 0x7fdda3f21010
84_DOT::y : 0x7fdcd569d010
12_TGAMMA::x : 0x185f8c0
12_TGAMMA::y : 0x21874d0
12_SQRTX::x : 0x7fdd9e393010
84_SUM::x : 0x7fdcfd77c010
12_SQRTX::x : 0x7fdd98805010
84_COPY::x : 0x7fdd534c8010
84_COPY::y : 0x7fdd2b3e9010
36_DOT::x : 0x7fdd92c78010
36_DOT::y : 0x7fdd819cf010
12_SQRTX::x : 0x7fddc6472010
84_SUM::x : 0x7fdd0330a010
120_TGAMMA::x : 0x7fddc6472010
120_TGAMMA::y : 0x7fddc08e4010
12_SQRTX::x : 0x7fddbad56010
12_ERF::x : 0x7fddbad56010
12_ERF::y : 0x7fddb51c8010
120_TGAMMA::x : 0x7fddaf63a010
120_TGAMMA::y : 0x7fdda9aac010
84_SUM::x : 0x7fdd819cd010
48_SQRTX::x : 0x7fdd64770010
84_COPY::x : 0x7fdd819cd010
84_COPY::y : 0x7fdd3c691010
60_XPY::x : 0x7fdd1fccd010
60_XPY::y : 0x7fdd03309010
24_POW::a : 0x7fddc08e4010
24_POW::b : 0x7fddb51c8010
24_POW::y : 0x7fdda9aac010
120_TGAMMA::x : 0x7fdd7be3f010
120_TGAMMA::y : 0x7fdd75a19010
12_SQRTX::x : 0x7fddc6472010
48_XPY::x : 0x7fddaf63b010
48_XPY::y : 0x7fdd2585a010
84_DOT::x : 0x7fdd8755c010
84_DOT::y : 0x7fdd4d93a010
120_TGAMMA::x : 0x7fddc6472010
120_TGAMMA::y : 0x7fdd819ce010
48_XPY::x : 0x7fdd0ea23010
48_XPY::y : 0x7fdcf7bec010
48_ERF::x : 0x7fddaf63b010
48_ERF::y : 0x7fdd36b03010
12_TGAMMA::x : 0x7fddcc000be0
12_TGAMMA::y : 0x7fddcc9287f0
132_SUM::x : 0x7fdcb8cd7010
84_SUM::x : 0x7fdd8755c010
84_DOT::x : 0x7fdd534c8010
84_DOT::y : 0x7fdd0ea24010
12_SQRTX::x : 0x7fddc6472010
48_SQRTX::x : 0x7fddb51c9010
24_ERF::x : 0x7fdda9aad010
24_ERF::y : 0x7fdd9e391010
24_POW::a : 0x7fdd92c75010
24_POW::b : 0x7fdd87559010
24_POW::y : 0x7fdd47dac010
36_DOT::x : 0x7fdda3f20010
36_DOT::y : 0x7fdd36b03010
60_XPY::x : 0x7fdd5ebe3010
60_XPY::y : 0x7fdd1a13f010
36_POW::a : 0x7fddbad57010
36_POW::b : 0x7fdd08e96010
36_POW::y : 0x7fdcf7bed010
84_DOT::x : 0x7fdccfb0e010
84_DOT::y : 0x7fdca7a2f010
24_POW::a : 0x7fddaf63b010
24_POW::b : 0x7fdda3f1f010
24_POW::y : 0x7fdd98803010
48_ERF::x : 0x7fdd819cc010
48_ERF::y : 0x7fdd64770010
120_TGAMMA::x : 0x7fddb51c9010
120_TGAMMA::y : 0x7fddaf63b010
60_COPY::x : 0x7fdd47dac010
60_COPY::y : 0x7fdd2b3e8010
36_POW::a : 0x7fddbad57010
36_POW::b : 0x7fdd9e392010
36_POW::y : 0x7fdd1a13f010
108_SUM::x : 0x7fdce6945010
84_SUM::x : 0x7fdd534c8010
84_COPY::x : 0x7fdd2b3e9010
84_COPY::y : 0x7fdcbe866010
48_ERF::x : 0x7fddb51c9010
48_ERF::y : 0x7fdd9e392010
120_TGAMMA::x : 0x7fdd98804010
120_TGAMMA::y : 0x7fdd92c76010
24_ERF::x : 0x7fdd8755a010
24_ERF::y : 0x7fdd7be3e010
36_POW::a : 0x7fdd819cd010
36_POW::b : 0x7fdd6a2fe010
36_POW::y : 0x7fdd59055010
60_COPY::x : 0x7fddaf63c010
60_COPY::y : 0x7fdd0ea25010
84_DOT::x : 0x7fdce6946010
84_DOT::y : 0x7fdc96787010
84_SUM::x : 0x7fdd30f76010
132_SUM::x : 0x7fdc57872010
48_XPY::x : 0x7fdd98805010
48_XPY::y : 0x7fdd819ce010
84_DOT::x : 0x7fdd534c8010
84_DOT::y : 0x7fdd2b3e9010
12_POW::a : 0x7fddc6472010
12_POW::b : 0x7fddc08e4010
12_POW::y : 0x7fddbad56010
84_COPY::x : 0x7fdd0330a010
84_COPY::y : 0x7fdcdb22b010
84_SUM::x : 0x7fdda3f21010
84_COPY::x : 0x7fdd7be42010
84_COPY::y : 0x7fdcb314c010
108_SUM::x : 0x7fdc7f952010
36_POW::a : 0x7fddbad57010
36_POW::b : 0x7fdda9aae010
36_POW::y : 0x7fdd6a2fe010
12_POW::a : 0x7fdd64770010
12_POW::b : 0x7fdd5ebe2010
12_POW::y : 0x7fdd59054010
12_ERF::x : 0x7fdd534c6010
12_ERF::y : 0x7fdd4d938010
108_SUM::x : 0x7fdd1a13e010
108_SUM::x : 0x7fdce6944010
12_ERF::x : 0x7fdda3f20010
12_ERF::y : 0x7fdd9e392010
84_DOT::x : 0x7fdd534c8010
84_DOT::y : 0x7fdcbe865010
36_DOT::x : 0x7fddbad57010
36_DOT::y : 0x7fdda9aae010
108_SUM::x : 0x7fdd1fcce010
36_POW::a : 0x7fdd98805010
36_POW::b : 0x7fdd8755c010
36_POW::y : 0x7fdd0ea25010
12_SQRTX::x : 0x7fddc6472010
120_TGAMMA::x : 0x7fddc6472010
120_TGAMMA::y : 0x7fddc08e4010
60_COPY::x : 0x7fdd5ebe3010
60_COPY::y : 0x7fdcf2061010
12_SQRTX::x : 0x7fddbad56010
12_TGAMMA::x : 0x7fddd4000da0
12_TGAMMA::y : 0x7fddd49289b0
36_DOT::x : 0x7fddaf63b010
36_DOT::y : 0x7fdd4d93a010
12_POW::a : 0x7fdda9aad010
12_POW::b : 0x7fdda3f1f010
12_POW::y : 0x7fdd9e391010
12_ERF::x : 0x7fddc6472010
12_ERF::y : 0x7fddc08e4010
48_SQRTX::x : 0x7fdd8755a010
48_XPY::x : 0x7fdd64770010
48_XPY::y : 0x7fdd4d939010
48_XPY::x : 0x7fddb51c9010
48_XPY::y : 0x7fdd36b02010
132_SUM::x : 0x7fdcf7bed010
24_POW::a : 0x7fdda9aad010
24_POW::b : 0x7fdd9e391010
24_POW::y : 0x7fdd92c75010
12_POW::a : 0x7fdd8d0e7010
12_POW::b : 0x7fdd87559010
12_POW::y : 0x7fdd819cb010
36_DOT::x : 0x7fddbad57010
36_DOT::y : 0x7fdd6a2fe010
12_ERF::x : 0x7fddb51c9010
12_ERF::y : 0x7fdd64770010
48_XPY::x : 0x7fdd534c7010
48_XPY::y : 0x7fdd3c690010
48_ERF::x : 0x7fdd7be3e010
48_ERF::y : 0x7fdd25859010
  итерация 3: 1330290 ms
48_SQRTX::x : 0x7fdd7be41010
36_DOT::x : 0x7fdd92c78010
36_DOT::y : 0x7fdcf2061010
84_COPY::x : 0x7fdda3f21010
84_COPY::y : 0x7fdd2b3e9010
84_COPY::x : 0x7fdd534c8010
84_COPY::y : 0x7fdd0330a010
60_COPY::x : 0x7fdce6946010
60_COPY::y : 0x7fdcc9f82010
36_DOT::x : 0x7fdd92c78010
36_DOT::y : 0x7fdd819cf010
12_SQRTX::x : 0x7fdd9e393010
84_SUM::x : 0x7fdd7be42010
12_SQRTX::x : 0x7fdcfd77c010
120_TGAMMA::x : 0x7fddc6472010
120_TGAMMA::y : 0x7fddc08e4010
108_SUM::x : 0x7fdcc9f82010
12_ERF::x : 0x7fddbad56010
12_ERF::y : 0x7fddb51c8010
84_SUM::x : 0x7fdd8d0e9010
12_ERF::x : 0x7fddbad56010
12_ERF::y : 0x7fddb51c8010
120_TGAMMA::x : 0x7fdd8755b010
120_TGAMMA::y : 0x7fdd819cd010
84_SUM::x : 0x7fdd534c8010
12_SQRTX::x : 0x7fddbad56010
120_TGAMMA::x : 0x7fddbad56010
120_TGAMMA::y : 0x7fddb51c8010
12_SQRTX::x : 0x7fddc6472010
36_DOT::x : 0x7fdda3f1f010
36_DOT::y : 0x7fdd92c76010
84_COPY::x : 0x7fdd534c8010
84_COPY::y : 0x7fdd2b3e9010
12_TGAMMA::x : 0x7fddd4000da0
12_TGAMMA::y : 0x7fddd49289b0
84_COPY::x : 0x7fdd8d0e9010
84_COPY::y : 0x7fdd0330a010
120_TGAMMA::x : 0x7fddc6472010
120_TGAMMA::y : 0x7fddc08e4010
12_SQRTX::x : 0x7fddbad56010
24_POW::a : 0x7fddb51c8010
24_POW::b : 0x7fdd819cd010
24_POW::y : 0x7fdcf7bee010
12_SQRTX::x : 0x7fdd7be3f010
24_POW::a : 0x7fdd6fe8b010
24_POW::b : 0x7fdd6476f010
24_POW::y : 0x7fdd59053010
108_SUM::x : 0x7fdcc43f4010
60_COPY::x : 0x7fdd98804010
60_COPY::y : 0x7fdd3c68f010
108_SUM::x : 0x7fdd08e95010
84_SUM::x : 0x7fdc9c315010
36_DOT::x : 0x7fddbad57010
36_DOT::y : 0x7fdd8755b010
120_TGAMMA::x : 0x7fddb51c9010
120_TGAMMA::y : 0x7fdd819cd010
48_SQRTX::x : 0x7fdd64770010
36_POW::a : 0x7fddbad57010
36_POW::b : 0x7fdd8755b010
36_POW::y : 0x7fdd2b3e6010
48_ERF::x : 0x7fdd9e392010
48_ERF::y : 0x7fdd4d939010
36_DOT::x : 0x7fdd6a2fe010
36_DOT::y : 0x7fdd3c690010
48_XPY::x : 0x7fdda3f20010
48_XPY::y : 0x7fdd534c7010
132_SUM::x : 0x7fdcec4d1010
84_SUM::x : 0x7fdcc43f2010
84_COPY::x : 0x7fdd7be41010
84_COPY::y : 0x7fdd2b3e8010
48_ERF::x : 0x7fddb51c9010
48_ERF::y : 0x7fdd64770010
12_TGAMMA::x : 0x7fddd00017d0
12_TGAMMA::y : 0x7fddd09293e0
108_SUM::x : 0x7fdcf7bee010
84_SUM::x : 0x7fdccfb0f010
84_DOT::x : 0x7fdccfb0f010
84_DOT::y : 0x7fdca7a30010
132_SUM::x : 0x7fdc68b1b010
24_ERF::x : 0x7fdda9aad010
24_ERF::y : 0x7fdd9e391010
12_SQRTX::x : 0x7fddc6472010
36_POW::a : 0x7fddbad57010
36_POW::b : 0x7fdd8d0e8010
36_POW::y : 0x7fdd7be3f010
12_ERF::x : 0x7fddb51c9010
12_ERF::y : 0x7fddaf63b010
24_POW::a : 0x7fddaf63b010
24_POW::b : 0x7fdda3f1f010
24_POW::y : 0x7fdd6fe8b010
120_TGAMMA::x : 0x7fdd9e391010
120_TGAMMA::y : 0x7fdd6a2fd010
84_DOT::x : 0x7fdd4221e010
84_DOT::y : 0x7fdd1a13f010
48_XPY::x : 0x7fdd8755a010
48_XPY::y : 0x7fdd03308010
12_POW::a : 0x7fddc6472010
12_POW::b : 0x7fddc08e4010
12_POW::y : 0x7fddbad56010
84_COPY::x : 0x7fdcdb229010
84_COPY::y : 0x7fdcb314a010
48_XPY::x : 0x7fdda3f1f010
48_XPY::y : 0x7fdd64770010
12_POW::a : 0x7fddc6472010
12_POW::b : 0x7fddc08e4010
12_POW::y : 0x7fddbad56010
132_SUM::x : 0x7fdd2585b010
84_DOT::x : 0x7fdd7be40010
84_DOT::y : 0x7fdc8b06b010
48_SQRTX::x : 0x7fddb51c9010
24_POW::a : 0x7fdda9aad010
24_POW::b : 0x7fdd6fe8b010
24_POW::y : 0x7fdd6476f010
120_TGAMMA::x : 0x7fdda3f1f010
120_TGAMMA::y : 0x7fdd5ebe1010
84_DOT::x : 0x7fdd7be40010
84_DOT::y : 0x7fdd36b02010
60_COPY::x : 0x7fdd1a13e010
60_COPY::y : 0x7fdcfd77a010
84_SUM::x : 0x7fdcd569b010
84_DOT::x : 0x7fdcd569b010
84_DOT::y : 0x7fdcad5bc010
48_XPY::x : 0x7fddb51c9010
48_XPY::y : 0x7fdd64770010
48_XPY::x : 0x7fdd9e392010
48_XPY::y : 0x7fdd8755b010
36_POW::a : 0x7fdd534c7010
36_POW::b : 0x7fdd4221e010
36_POW::y : 0x7fdd30f75010
36_DOT::x : 0x7fddbad57010
36_DOT::y : 0x7fdd6a2fe010
36_POW::a : 0x7fdd1fccc010
36_POW::b : 0x7fdd0ea23010
36_POW::y : 0x7fdcfd77a010
84_SUM::x : 0x7fdd92c78010
108_SUM::x : 0x7fdcc9f80010
84_COPY::x : 0x7fdd534c8010
84_COPY::y : 0x7fdca1ea1010
48_ERF::x : 0x7fddb51c9010
48_ERF::y : 0x7fdd9e392010
84_DOT::x : 0x7fdcd569b010
84_DOT::y : 0x7fdc79dc2010
36_POW::a : 0x7fdd8d0e9010
36_POW::b : 0x7fdd7be40010
36_POW::y : 0x7fdd4221f010
48_XPY::x : 0x7fddb51c9010
48_XPY::y : 0x7fdd9e392010
36_POW::a : 0x7fdd6a2fe010
36_POW::b : 0x7fdd59055010
36_POW::y : 0x7fdd30f76010
12_POW::a : 0x7fdd2b3e8010
12_POW::b : 0x7fdd2585a010
12_POW::y : 0x7fdd1fccc010
12_ERF::x : 0x7fdd98804010
12_ERF::y : 0x7fdd92c76010
12_ERF::x : 0x7fddc6472010
12_ERF::y : 0x7fddc08e4010
60_XPY::x : 0x7fdda3f20010
60_XPY::y : 0x7fdd145b2010
84_DOT::x : 0x7fdd7be41010
84_DOT::y : 0x7fdcec4d3010
36_DOT::x : 0x7fdd47dac010
36_DOT::y : 0x7fdcdb22a010
12_TGAMMA::x : 0x7fddd00017d0
12_TGAMMA::y : 0x7fddd09293e0
60_XPY::x : 0x7fdd5ebe3010
60_XPY::y : 0x7fdcbe866010
24_ERF::x : 0x7fddc08e4010
24_ERF::y : 0x7fdd534c7010
12_ERF::x : 0x7fddbad56010
12_ERF::y : 0x7fddb51c8010
12_POW::a : 0x7fddc6472010
12_POW::b : 0x7fddc08e4010
12_POW::y : 0x7fddaf63a010
108_SUM::x : 0x7fdd7be40010
48_ERF::x : 0x7fdd47dac010
48_ERF::y : 0x7fdd30f75010
36_DOT::x : 0x7fddbad57010
36_DOT::y : 0x7fdd1fccc010
120_TGAMMA::x : 0x7fddb51c9010
120_TGAMMA::y : 0x7fddaf63b010
60_COPY::x : 0x7fdd5ebe3010
60_COPY::y : 0x7fdd145b1010
12_SQRTX::x : 0x7fddc6472010
108_SUM::x : 0x7fdd7be41010
  итерация 4: 1330903 ms
  среднее по 5 итерациям: 1346076 ms
=== Выполняется проект: no_po_27.txt (100 работ) ===
12_SQRTX::x : 0x7fddc6472010
108_SUM::x : 0x7fdd1fcce010
108_SUM::x : 0x7fdd92c78010
84_DOT::x : 0x7fdd534c8010
84_DOT::y : 0x7fdcf7bef010
132_SUM::x : 0x7fdcb8cda010
24_POW::a : 0x7fdd8755c010
24_POW::b : 0x7fdd7be40010
24_POW::y : 0x7fdd47dac010
108_SUM::x : 0x7fdd98806010
120_TGAMMA::x : 0x7fdd92c78010
120_TGAMMA::y : 0x7fdd4221e010
120_TGAMMA::x : 0x7fdd75a19010
120_TGAMMA::y : 0x7fdd6fe8b010
12_ERF::x : 0x7fddc6472010
12_ERF::y : 0x7fddc08e4010
48_SQRTX::x : 0x7fdda9aad010
36_POW::a : 0x7fdd819cf010
36_POW::b : 0x7fdd5ebe2010
36_POW::y : 0x7fdd4d939010
12_POW::a : 0x7fddc6472010
12_POW::b : 0x7fddc08e4010
12_POW::y : 0x7fddbad56010
132_SUM::x : 0x7fdd0ea24010
48_SQRTX::x : 0x7fdda3f1f010
132_SUM::x : 0x7fdccfb0f010
84_DOT::x : 0x7fdd7be40010
84_DOT::y : 0x7fdd534c8010
108_SUM::x : 0x7fdc9c315010
12_TGAMMA::x : 0x7fddcc000be0
12_TGAMMA::y : 0x7fddcc9287f0
36_DOT::x : 0x7fddbad57010
36_DOT::y : 0x7fdda9aae010
36_POW::a : 0x7fdd4221f010
36_POW::b : 0x7fdd30f76010
36_POW::y : 0x7fdd1fccd010
120_TGAMMA::x : 0x7fddc6472010
120_TGAMMA::y : 0x7fddc08e4010
48_ERF::x : 0x7fdda9aad010
48_ERF::y : 0x7fdd08e96010
12_ERF::x : 0x7fdda3f1f010
12_ERF::y : 0x7fdd9e391010
84_COPY::x : 0x7fdd819ce010
84_COPY::y : 0x7fdd534c8010
36_DOT::x : 0x7fdd4221f010
36_DOT::y : 0x7fdd30f76010
36_DOT::x : 0x7fddaf63b010
36_DOT::y : 0x7fdd1fccd010
120_TGAMMA::x : 0x7fddc6472010
120_TGAMMA::y : 0x7fddc08e4010
60_XPY::x : 0x7fdd36b04010
60_XPY::y : 0x7fdd03309010
12_POW::a : 0x7fddbad56010
12_POW::b : 0x7fddb51c8010
12_POW::y : 0x7fddaf63a010
84_COPY::x : 0x7fdcdb22a010
84_COPY::y : 0x7fdcb314b010
60_XPY::x : 0x7fddaf63c010
60_XPY::y : 0x7fdc96787010
12_SQRTX::x : 0x7fdd819cf010
84_COPY::x : 0x7fdd8755d010
84_COPY::y : 0x7fdd534c8010
84_SUM::x : 0x7fdd2b3e9010
108_SUM::x : 0x7fdd1fcce010
120_TGAMMA::x : 0x7fddc6472010
120_TGAMMA::y : 0x7fddc08e4010
84_COPY::x : 0x7fdd2b3e9010
84_COPY::y : 0x7fdd0330a010
132_SUM::x : 0x7fdcc43f5010
48_ERF::x : 0x7fdda9aad010
48_ERF::y : 0x7fdd92c76010
60_COPY::x : 0x7fdd5ebe3010
60_COPY::y : 0x7fdca7a31010
36_DOT::x : 0x7fdd819cd010
36_DOT::y : 0x7fdcf2061010
84_DOT::x : 0x7fdd36b04010
84_DOT::y : 0x7fdd0ea25010
84_COPY::x : 0x7fdda3f21010
84_COPY::y : 0x7fdcc9f82010
60_COPY::x : 0x7fdd8755d010
60_COPY::y : 0x7fdcf2061010
48_XPY::x : 0x7fdd64770010
48_XPY::y : 0x7fdcb314b010
60_TGAMMA::x : 0x7fdd84796010
60_TGAMMA::y : 0x7fdd819cf010
36_POW::a : 0x7fdd92c78010
36_POW::b : 0x7fdd534c7010
36_POW::y : 0x7fdd4221e010
24_POW::a : 0x7fdd6fe8b010
24_POW::b : 0x7fdd36b02010
24_POW::y : 0x7fdd2b3e6010
48_SQRTX::x : 0x7fdd7be41010
84_DOT::x : 0x7fdda3f21010
84_DOT::y : 0x7fdd03307010
12_TGAMMA::x : 0x7fddcc000be0
12_TGAMMA::y : 0x7fddcc9287f0
36_DOT::x : 0x7fdd819cf010
36_DOT::y : 0x7fdd6a2fe010
120_TGAMMA::x : 0x7fdd7be41010
120_TGAMMA::y : 0x7fdd64770010
12_ERF::x : 0x7fdd9e393010
12_ERF::y : 0x7fdd98805010
60_TGAMMA::x : 0x7fdd95a3e010
60_TGAMMA::y : 0x7fdd92c77010
12_ERF::x : 0x7fddc6472010
12_ERF::y : 0x7fddc08e4010
36_DOT::x : 0x7fddaf63b010
36_DOT::y : 0x7fdd9e392010
12_ERF::x : 0x7fddc6472010
12_ERF::y : 0x7fddc08e4010
36_DOT::x : 0x7fdd6a2fe010
36_DOT::y : 0x7fdd534c7010
12_ERF::x : 0x7fddc6472010
12_ERF::y : 0x7fddc08e4010
24_ERF::x : 0x7fddb51c8010
24_ERF::y : 0x7fdda9aac010
24_POW::a : 0x7fdd9e390010
24_POW::b : 0x7fdd92c74010
24_POW::y : 0x7fdd87558010
60_XPY::x : 0x7fdd36b03010
60_XPY::y : 0x7fdd1a13f010
84_COPY::x : 0x7fdd534c8010
84_COPY::y : 0x7fdcf2060010
12_SQRTX::x : 0x7fddc6472010
108_SUM::x : 0x7fdcbe866010
84_COPY::x : 0x7fdda3f21010
84_COPY::y : 0x7fdd7be42010
48_ERF::x : 0x7fdd3c691010
48_ERF::y : 0x7fdd2585a010
36_DOT::x : 0x7fdce0db7010
36_DOT::y : 0x7fdccfb0e010
24_ERF::x : 0x7fdce6944010
24_ERF::y : 0x7fdcdb228010
48_ERF::x : 0x7fdd64770010
48_ERF::y : 0x7fdd0ea23010
12_TGAMMA::x : 0x7fddd00017d0
12_TGAMMA::y : 0x7fddd09293e0
60_XPY::x : 0x7fdd47dac010
60_XPY::y : 0x7fdd2b3e8010
24_ERF::x : 0x7fddc08e4010
24_ERF::y : 0x7fddb51c8010
48_ERF::x : 0x7fdd9e391010
48_ERF::y : 0x7fdd8755a010
60_XPY::x : 0x7fdcf205f010
60_XPY::y : 0x7fdcd569b010
132_SUM::x : 0x7fdc96786010
48_XPY::x : 0x7fddb51c9010
48_XPY::y : 0x7fdd9e392010
132_SUM::x : 0x7fdd3c692010
132_SUM::x : 0x7fdc96786010
48_XPY::x : 0x7fdd8755b010
48_XPY::y : 0x7fdd2585b010
60_XPY::x : 0x7fddaf63c010
60_XPY::y : 0x7fdd08e97010
108_SUM::x : 0x7fdd47dad010
12_TGAMMA::x : 0x7fddcc000be0
12_TGAMMA::y : 0x7fddcc9287f0
60_TGAMMA::x : 0x7fddac875010
60_TGAMMA::y : 0x7fdda9aae010
60_COPY::x : 0x7fdd8d0ea010
60_COPY::y : 0x7fdd2b3e9010
60_XPY::x : 0x7fddaf63c010
60_XPY::y : 0x7fdd0ea25010
36_DOT::x : 0x7fdd7be41010
36_DOT::y : 0x7fdd6a2fe010
24_ERF::x : 0x7fdd5ebe2010
24_ERF::y : 0x7fdd534c6010
120_TGAMMA::x : 0x7fdda9aae010
120_TGAMMA::y : 0x7fdd8755c010
48_XPY::x : 0x7fdd64770010
48_XPY::y : 0x7fdd4d939010
60_TGAMMA::x : 0x7fdda6ce7010
60_TGAMMA::y : 0x7fdda3f20010
36_DOT::x : 0x7fddbad57010
36_DOT::y : 0x7fdd92c77010
12_SQRTX::x : 0x7fddb51c9010
36_DOT::x : 0x7fddbad57010
36_DOT::y : 0x7fdd92c77010
12_SQRTX::x : 0x7fddb51c9010
12_TGAMMA::x : 0x7fddd4000da0
12_TGAMMA::y : 0x7fddd49289b0
120_TGAMMA::x : 0x7fddaf63b010
120_TGAMMA::y : 0x7fdda9aad010
60_XPY::x : 0x7fdd5ebe3010
60_XPY::y : 0x7fdd4221f010
  итерация 0: 1384988 ms
120_TGAMMA::x : 0x7fdd92c78010
120_TGAMMA::y : 0x7fdd8755c010
120_TGAMMA::x : 0x7fdd8d0ea010
120_TGAMMA::y : 0x7fdd819ce010
108_SUM::x : 0x7fdd98806010
84_COPY::x : 0x7fdd534c8010
84_COPY::y : 0x7fdd2b3e9010
84_DOT::x : 0x7fdda3f21010
84_DOT::y : 0x7fdd0330a010
108_SUM::x : 0x7fdc90bfb010
132_SUM::x : 0x7fdcc43f5010
132_SUM::x : 0x7fdd3c692010
132_SUM::x : 0x7fdd8d0eb010
36_POW::a : 0x7fdd7be42010
36_POW::b : 0x7fdd2b3e9010
36_POW::y : 0x7fdd1a140010
84_COPY::x : 0x7fdcf2061010
84_COPY::y : 0x7fdcc9f82010
108_SUM::x : 0x7fdd47dad010
12_SQRTX::x : 0x7fddc6472010
48_SQRTX::x : 0x7fddb51c9010
12_TGAMMA::x : 0x185f8e0
12_TGAMMA::y : 0x21874f0
36_DOT::x : 0x7fdda3f20010
36_DOT::y : 0x7fdd92c77010
36_POW::a : 0x7fdd819ce010
36_POW::b : 0x7fdd6a2fe010
36_POW::y : 0x7fdd59055010
108_SUM::x : 0x7fdd2585b010
12_POW::a : 0x7fddc6472010
12_POW::b : 0x7fddc08e4010
12_POW::y : 0x7fddbad56010
24_POW::a : 0x7fddaf63a010
24_POW::b : 0x7fdda3f1e010
24_POW::y : 0x7fdd98802010
24_POW::a : 0x7fddc08e4010
24_POW::b : 0x7fdd1a13f010
24_POW::y : 0x7fdd0ea23010
48_ERF::x : 0x7fdd4221e010
48_ERF::y : 0x7fdd2b3e7010
108_SUM::x : 0x7fdcdb229010
12_ERF::x : 0x7fddbad56010
12_ERF::y : 0x7fddb51c8010
84_DOT::x : 0x7fdd98805010
84_DOT::y : 0x7fdcb314a010
24_POW::a : 0x7fddc08e4010
24_POW::b : 0x7fdd8d0e9010
24_POW::y : 0x7fdd819cd010
60_TGAMMA::x : 0x7fdd7ec06010
60_TGAMMA::y : 0x7fdd7be3f010
60_COPY::x : 0x7fdd5ebe3010
60_COPY::y : 0x7fdd4221f010
120_TGAMMA::x : 0x7fddc6472010
120_TGAMMA::y : 0x7fddc08e4010
12_SQRTX::x : 0x7fdd92c77010
48_ERF::x : 0x7fdda9aad010
48_ERF::y : 0x7fdd7be40010
84_COPY::x : 0x7fdd1a140010
84_COPY::y : 0x7fdcf2061010
120_TGAMMA::x : 0x7fdda3f1f010
120_TGAMMA::y : 0x7fdd9e391010
36_DOT::x : 0x7fdd6a2fe010
36_DOT::y : 0x7fdd59055010
36_DOT::x : 0x7fddbad57010
36_DOT::y : 0x7fdda9aae010
84_COPY::x : 0x7fdd534c8010
84_COPY::y : 0x7fdcc9f82010
132_SUM::x : 0x7fdd145b3010
132_SUM::x : 0x7fdc8b06d010
120_TGAMMA::x : 0x7fddc6472010
120_TGAMMA::y : 0x7fddc08e4010
84_COPY::x : 0x7fdd98805010
84_COPY::y : 0x7fdca1ea3010
36_DOT::x : 0x7fdd8755c010
36_DOT::y : 0x7fdd4221f010
24_ERF::x : 0x7fddc08e4010
24_ERF::y : 0x7fdd7be40010
120_TGAMMA::x : 0x7fdd92c77010
120_TGAMMA::y : 0x7fdd8d0e9010
12_SQRTX::x : 0x7fdd75a19010
36_DOT::x : 0x7fdd6a2fe010
36_DOT::y : 0x7fdd59055010
36_DOT::x : 0x7fdd7be40010
36_DOT::y : 0x7fdd47dac010
48_SQRTX::x : 0x7fddb51c9010
12_ERF::x : 0x7fddaf63b010
12_ERF::y : 0x7fdda9aad010
84_SUM::x : 0x7fdd1fccd010
12_TGAMMA::x : 0x7fddcc000be0
12_TGAMMA::y : 0x7fddcc9287f0
60_TGAMMA::x : 0x7fddb2402010
60_TGAMMA::y : 0x7fddaf63b010
12_TGAMMA::x : 0x7fddd00017d0
12_TGAMMA::y : 0x7fddd09293e0
60_XPY::x : 0x7fdd92c77010
60_XPY::y : 0x7fdd5ebe3010
84_DOT::x : 0x7fdcf7bee010
84_DOT::y : 0x7fdccfb0f010
12_ERF::x : 0x7fddc6472010
12_ERF::y : 0x7fddc08e4010
120_TGAMMA::x : 0x7fddbad56010
120_TGAMMA::y : 0x7fddb51c8010
60_TGAMMA::x : 0x7fddc9239010
60_TGAMMA::y : 0x7fddc6472010
12_POW::a : 0x7fddc08e4010
12_POW::b : 0x7fddaf63a010
12_POW::y : 0x7fdda9aac010
48_XPY::x : 0x7fdd92c75010
48_XPY::y : 0x7fdd7be3e010
84_COPY::x : 0x7fdd534c8010
84_COPY::y : 0x7fdd2b3e9010
36_POW::a : 0x7fdd1a140010
36_POW::b : 0x7fdd08e97010
36_POW::y : 0x7fdcf7bee010
108_SUM::x : 0x7fdcc43f4010
48_SQRTX::x : 0x7fddb51c9010
36_DOT::x : 0x7fdda3f20010
36_DOT::y : 0x7fdd92c77010
60_XPY::x : 0x7fdcdb22a010
60_XPY::y : 0x7fdcbe866010
60_XPY::x : 0x7fdd0ea25010
60_XPY::y : 0x7fdca1ea2010
12_ERF::x : 0x7fddc6472010
12_ERF::y : 0x7fddc08e4010
84_DOT::x : 0x7fdd98805010
84_DOT::y : 0x7fdd534c8010
36_DOT::x : 0x7fdd8755c010
36_DOT::y : 0x7fdd4221f010
60_XPY::x : 0x7fdd7be41010
60_XPY::y : 0x7fdd36b04010
60_COPY::x : 0x7fdcf2061010
60_COPY::y : 0x7fdcd569d010
36_DOT::x : 0x7fdd2585b010
36_DOT::y : 0x7fdd145b2010
48_XPY::x : 0x7fddb51c9010
48_XPY::y : 0x7fdd9e392010
60_XPY::x : 0x7fdd5ebe3010
60_XPY::y : 0x7fdd1a140010
60_COPY::x : 0x7fdd819ce010
60_COPY::y : 0x7fdd4221f010
60_TGAMMA::x : 0x7fdd7ec07010
60_TGAMMA::y : 0x7fdd7be40010
132_SUM::x : 0x7fdcdb22b010
12_TGAMMA::x : 0x185f8e0
12_TGAMMA::y : 0x21874f0
120_TGAMMA::x : 0x7fddc6472010
120_TGAMMA::y : 0x7fddc08e4010
48_ERF::x : 0x7fdda9aad010
48_ERF::y : 0x7fdd64770010
84_COPY::x : 0x7fdd1a140010
84_COPY::y : 0x7fdcf2061010
48_ERF::x : 0x7fdd92c76010
48_ERF::y : 0x7fdd7be3f010
132_SUM::x : 0x7fdcb314c010
24_ERF::x : 0x7fddc08e4010
24_ERF::y : 0x7fddb51c8010
12_TGAMMA::x : 0x7fddd4000da0
12_TGAMMA::y : 0x7fddd49289b0
12_ERF::x : 0x7fddc6472010
12_ERF::y : 0x7fddc08e4010
48_XPY::x : 0x7fdda9aad010
48_XPY::y : 0x7fdd92c76010
36_DOT::x : 0x7fdd819cd010
36_DOT::y : 0x7fdd6a2fe010
24_ERF::x : 0x7fddc08e4010
24_ERF::y : 0x7fdd5ebe2010
60_XPY::x : 0x7fdd4221e010
60_XPY::y : 0x7fdd2585a010
48_XPY::x : 0x7fdd7be3f010
48_XPY::y : 0x7fdd0ea23010
24_ERF::x : 0x7fddc08e4010
24_ERF::y : 0x7fdd6fe8b010
36_DOT::x : 0x7fddaf63b010
36_DOT::y : 0x7fdd9e392010
12_ERF::x : 0x7fddc6472010
12_ERF::y : 0x7fddc08e4010
48_ERF::x : 0x7fdda9aad010
48_ERF::y : 0x7fdd92c76010
60_XPY::x : 0x7fdd5ebe3010
60_XPY::y : 0x7fdd08e96010
60_XPY::x : 0x7fdcec4d2010
60_XPY::y : 0x7fdccfb0e010
108_SUM::x : 0x7fdd2b3e9010
12_SQRTX::x : 0x7fddc6472010
12_SQRTX::x : 0x7fddc08e4010
  итерация 1: 1343312 ms
12_ERF::x : 0x7fdd92c78010
12_ERF::y : 0x7fdd8d0ea010
108_SUM::x : 0x7fdd98806010
108_SUM::x : 0x7fdd47dad010
84_DOT::x : 0x7fdd1fcce010
84_DOT::y : 0x7fdcf7bef010
36_POW::a : 0x7fdd8755d010
36_POW::b : 0x7fdce6946010
36_POW::y : 0x7fdcd569d010
48_SQRTX::x : 0x7fddb51c9010
48_SQRTX::x : 0x7fdd9e392010
60_XPY::x : 0x7fdd5ebe3010
60_XPY::y : 0x7fdd4221f010
24_POW::a : 0x7fdd92c76010
24_POW::b : 0x7fdd8755a010
24_POW::y : 0x7fdd7be3e010
120_TGAMMA::x : 0x7fddc6472010
120_TGAMMA::y : 0x7fddc08e4010
84_DOT::x : 0x7fdd1a140010
84_DOT::y : 0x7fdcf2061010
108_SUM::x : 0x7fdd47dad010
12_TGAMMA::x : 0x7fddcc000be0
12_TGAMMA::y : 0x7fddcc9287f0
132_SUM::x : 0x7fdd819cf010
36_POW::a : 0x7fdd36b04010
36_POW::b : 0x7fdd2585b010
36_POW::y : 0x7fdd145b2010
120_TGAMMA::x : 0x7fddc6472010
120_TGAMMA::y : 0x7fddc08e4010
120_TGAMMA::x : 0x7fdd7be41010
120_TGAMMA::y : 0x7fdd75a19010
120_TGAMMA::x : 0x7fddbad56010
120_TGAMMA::y : 0x7fddb51c8010
84_COPY::x : 0x7fdd8d0e9010
84_COPY::y : 0x7fdd4d93a010
12_SQRTX::x : 0x7fddc6472010
108_SUM::x : 0x7fdd1a140010
12_SQRTX::x : 0x7fddc6472010
60_COPY::x : 0x7fdcfd77c010
60_COPY::y : 0x7fdce0db8010
108_SUM::x : 0x7fdcad5be010
132_SUM::x : 0x7fdc6e6a9010
12_POW::a : 0x7fddc6472010
12_POW::b : 0x7fddc08e4010
12_POW::y : 0x7fddbad56010
84_COPY::x : 0x7fdd92c77010
84_COPY::y : 0x7fdd534c8010
12_SQRTX::x : 0x7fdd8d0e9010
60_TGAMMA::x : 0x7fddc9239010
60_TGAMMA::y : 0x7fddc6472010
36_DOT::x : 0x7fdd819ce010
36_DOT::y : 0x7fdd4221f010
84_COPY::x : 0x7fdd1a140010
84_COPY::y : 0x7fdcf2061010
120_TGAMMA::x : 0x7fddc08e4010
120_TGAMMA::y : 0x7fddbad56010
24_POW::a : 0x7fdd8755b010
24_POW::b : 0x7fdd7be3f010
24_POW::y : 0x7fdd47dac010
132_SUM::x : 0x7fdcb314c010
12_ERF::x : 0x7fddc6472010
12_ERF::y : 0x7fddb51c8010
48_ERF::x : 0x7fdd9e391010
48_ERF::y : 0x7fdd8755a010
84_SUM::x : 0x7fdd534c8010
60_XPY::x : 0x7fdd36b04010
60_XPY::y : 0x7fdd1a140010
24_POW::a : 0x7fddc08e4010
24_POW::b : 0x7fddb51c8010
24_POW::y : 0x7fdd7be3e010
120_TGAMMA::x : 0x7fdd75a19010
120_TGAMMA::y : 0x7fdd6fe8b010
48_XPY::x : 0x7fdd9e391010
48_XPY::y : 0x7fdd8755a010
60_COPY::x : 0x7fdd534c7010
60_COPY::y : 0x7fdd36b03010
36_DOT::x : 0x7fddbad57010
36_DOT::y : 0x7fdd2585a010
84_DOT::x : 0x7fdcfd77b010
84_DOT::y : 0x7fdcd569c010
36_DOT::x : 0x7fdda9aae010
36_DOT::y : 0x7fdd98805010
60_COPY::x : 0x7fdd7be41010
60_COPY::y : 0x7fdcb8cd8010
84_DOT::x : 0x7fdd534c8010
84_DOT::y : 0x7fdd2b3e9010
60_TGAMMA::x : 0x7fddc9239010
60_TGAMMA::y : 0x7fddc6472010
132_SUM::x : 0x7fdd8755d010
12_TGAMMA::x : 0x7fddd00017d0
12_TGAMMA::y : 0x7fddd09293e0
84_COPY::x : 0x7fdd0330a010
84_COPY::y : 0x7fdcdb22b010
36_DOT::x : 0x7fdcc9f82010
36_DOT::y : 0x7fdcb8cd9010
12_ERF::x : 0x7fddc6472010
12_ERF::y : 0x7fdd819cf010
12_ERF::x : 0x7fddc6472010
12_ERF::y : 0x7fdd819cf010
36_DOT::x : 0x7fdd6a2fe010
36_DOT::y : 0x7fdd59055010
36_DOT::x : 0x7fdd47dac010
36_DOT::y : 0x7fdd36b03010
12_TGAMMA::x : 0x7fddcc000be0
12_TGAMMA::y : 0x7fddcc9287f0
48_ERF::x : 0x7fddb51c9010
48_ERF::y : 0x7fdd9e392010
48_SQRTX::x : 0x7fdd8755b010
60_XPY::x : 0x7fdd5ebe3010
60_XPY::y : 0x7fdd4221f010
60_XPY::x : 0x7fdd2585b010
60_XPY::y : 0x7fdd08e97010
12_SQRTX::x : 0x7fdd98804010
84_COPY::x : 0x7fdda3f21010
84_COPY::y : 0x7fdce0db8010
48_ERF::x : 0x7fdd8d0ea010
48_ERF::y : 0x7fdcc9f81010
36_POW::a : 0x7fdd7be41010
36_POW::b : 0x7fdd6a2fe010
36_POW::y : 0x7fdd59055010
108_SUM::x : 0x7fdd2585b010
12_ERF::x : 0x7fdd9e393010
12_ERF::y : 0x7fdd98805010
48_ERF::x : 0x7fdd8d0ea010
48_ERF::y : 0x7fdd0ea24010
120_TGAMMA::x : 0x7fdd534c7010
120_TGAMMA::y : 0x7fdd4d939010
48_XPY::x : 0x7fddb51c9010
48_XPY::y : 0x7fdd36b02010
48_XPY::x : 0x7fdd64770010
48_XPY::y : 0x7fdcf7bed010
132_SUM::x : 0x7fdcb8cd8010
60_XPY::x : 0x7fddaf63c010
60_XPY::y : 0x7fdd92c78010
48_ERF::x : 0x7fdd7be41010
48_ERF::y : 0x7fdd4d939010
84_COPY::x : 0x7fdd2585a010
84_COPY::y : 0x7fdcfd77b010
60_TGAMMA::x : 0x7fdd787e0010
60_TGAMMA::y : 0x7fdd75a19010
48_XPY::x : 0x7fdd7be41010
48_XPY::y : 0x7fdd5ebe2010
12_SQRTX::x : 0x7fddc6472010
12_ERF::x : 0x7fddc08e4010
12_ERF::y : 0x7fddbad56010
60_XPY::x : 0x7fdd9e392010
60_XPY::y : 0x7fdce0db7010
36_DOT::x : 0x7fddbad57010
36_DOT::y : 0x7fdd4d939010
36_DOT::x : 0x7fdd8d0e9010
36_DOT::y : 0x7fdd7be40010
120_TGAMMA::x : 0x7fddc6472010
120_TGAMMA::y : 0x7fddc08e4010
24_ERF::x : 0x7fdd6fe8b010
24_ERF::y : 0x7fdd6476f010
60_XPY::x : 0x7fdd819ce010
60_XPY::y : 0x7fdd47dab010
12_TGAMMA::x : 0x7fddd00017d0
12_TGAMMA::y : 0x7fddd09293e0
36_DOT::x : 0x7fdd6a2fe010
36_DOT::y : 0x7fdd36b02010
24_ERF::x : 0x7fddb51c8010
24_ERF::y : 0x7fdda9aac010
108_SUM::x : 0x7fdd03308010
12_POW::a : 0x7fddc6472010
12_POW::b : 0x7fddc08e4010
12_POW::y : 0x7fdda3f1e010
24_ERF::x : 0x7fddb51c8010
24_ERF::y : 0x7fdda9aac010
132_SUM::x : 0x7fdd3c692010
36_DOT::x : 0x7fdd98803010
36_DOT::y : 0x7fdd8755a010
84_COPY::x : 0x7fdcdb229010
84_COPY::y : 0x7fdcb314a010
24_ERF::x : 0x7fddc08e4010
24_ERF::y : 0x7fddb51c8010
60_TGAMMA::x : 0x7fddb2401010
60_TGAMMA::y : 0x7fddaf63a010
60_XPY::x : 0x7fdd92c76010
60_XPY::y : 0x7fdd5ebe3010
12_TGAMMA::x : 0x7fddcc000be0
12_TGAMMA::y : 0x7fddcc9287f0
36_DOT::x : 0x7fddbad57010
36_DOT::y : 0x7fdd819cd010
132_SUM::x : 0x7fdd1fcce010
  итерация 2: 1363529 ms
120_TGAMMA::x : 0x7fdd92c78010
120_TGAMMA::y : 0x7fdd8d0ea010
120_TGAMMA::x : 0x7fdd8755c010
120_TGAMMA::y : 0x7fdd819ce010
108_SUM::x : 0x7fdd98806010
84_DOT::x : 0x7fdd534c8010
84_DOT::y : 0x7fdd2b3e9010
12_TGAMMA::x : 0x7fddcc000be0
12_TGAMMA::y : 0x7fddcc9287f0
108_SUM::x : 0x7fdd98806010
108_SUM::x : 0x7fdd47dad010
48_SQRTX::x : 0x7fdd30f76010
36_POW::a : 0x7fdd8755d010
36_POW::b : 0x7fdd1fccd010
36_POW::y : 0x7fdd0ea24010
24_POW::a : 0x7fddc08e4010
24_POW::b : 0x7fddb51c8010
24_POW::y : 0x7fdda9aac010
12_ERF::x : 0x7fdda3f1e010
12_ERF::y : 0x7fdd9e390010
108_SUM::x : 0x7fdcdb22a010
24_POW::a : 0x7fdd9e390010
24_POW::b : 0x7fdd7be41010
24_POW::y : 0x7fdd6fe8b010
108_SUM::x : 0x7fdd3c691010
60_TGAMMA::x : 0x7fddc9239010
60_TGAMMA::y : 0x7fddc6472010
132_SUM::x : 0x7fdcfd77c010
12_POW::a : 0x7fddc08e4010
12_POW::b : 0x7fddbad56010
12_POW::y : 0x7fddb51c8010
84_SUM::x : 0x7fdd8d0e9010
132_SUM::x : 0x7fdd3c692010
12_SQRTX::x : 0x7fddc6472010
132_SUM::x : 0x7fdcbe867010
12_SQRTX::x : 0x7fddc6472010
36_DOT::x : 0x7fddb51c9010
36_DOT::y : 0x7fdda3f20010
84_DOT::x : 0x7fdd7be41010
84_DOT::y : 0x7fdd145b3010
24_POW::a : 0x7fddc08e4010
24_POW::b : 0x7fddb51c8010
24_POW::y : 0x7fdda9aac010
48_XPY::x : 0x7fdd64770010
48_XPY::y : 0x7fdd4d939010
36_POW::a : 0x7fdd0330a010
36_POW::b : 0x7fdcf2061010
36_POW::y : 0x7fdce0db8010
48_ERF::x : 0x7fddb51c9010
48_ERF::y : 0x7fdcc9f81010
12_ERF::x : 0x7fddaf63b010
12_ERF::y : 0x7fdda9aad010
36_DOT::x : 0x7fdd98804010
36_DOT::y : 0x7fdd8755b010
120_TGAMMA::x : 0x7fddaf63b010
120_TGAMMA::y : 0x7fdda9aad010
60_COPY::x : 0x7fdd8d0e9010
60_COPY::y : 0x7fdd5ebe3010
84_COPY::x : 0x7fdd36b04010
84_COPY::y : 0x7fdd0ea25010
84_COPY::x : 0x7fdce6946010
84_COPY::y : 0x7fdcbe867010
36_DOT::x : 0x7fddbad57010
36_DOT::y : 0x7fdda9aae010
84_DOT::x : 0x7fdd819cf010
84_DOT::y : 0x7fdc96788010
60_XPY::x : 0x7fddaf63c010
60_XPY::y : 0x7fdd5ebe3010
84_COPY::x : 0x7fdd36b04010
84_COPY::y : 0x7fdd0ea25010
36_POW::a : 0x7fdd9e393010
36_POW::b : 0x7fdd8d0ea010
36_POW::y : 0x7fdd7be41010
48_SQRTX::x : 0x7fdcf7bee010
12_ERF::x : 0x7fddc6472010
12_ERF::y : 0x7fddc08e4010
12_ERF::x : 0x7fddc6472010
12_ERF::y : 0x7fddc08e4010
60_TGAMMA::x : 0x7fddbdb1d010
60_TGAMMA::y : 0x7fddbad56010
84_COPY::x : 0x7fdce6946010
84_COPY::y : 0x7fdcbe867010
132_SUM::x : 0x7fdd7be41010
84_COPY::x : 0x7fdd534c8010
84_COPY::y : 0x7fdd2b3e9010
60_XPY::x : 0x7fdd0ea25010
60_XPY::y : 0x7fdca1ea3010
132_SUM::x : 0x7fdd8d0eb010
48_ERF::x : 0x7fdd145b2010
48_ERF::y : 0x7fdca7a30010
48_ERF::x : 0x7fdcfd77b010
48_ERF::y : 0x7fdce6944010
120_TGAMMA::x : 0x7fdd8755d010
120_TGAMMA::y : 0x7fdd819cf010
132_SUM::x : 0x7fdd8d0eb010
120_TGAMMA::x : 0x7fdd7be41010
120_TGAMMA::y : 0x7fdd75a19010
84_DOT::x : 0x7fdd4d93a010
84_DOT::y : 0x7fdd2585b010
12_ERF::x : 0x7fddc6472010
12_ERF::y : 0x7fddc08e4010
60_XPY::x : 0x7fdda3f20010
60_XPY::y : 0x7fdd8755c010
60_XPY::x : 0x7fdd08e97010
60_XPY::y : 0x7fdcec4d3010
48_XPY::x : 0x7fdcd569c010
48_XPY::y : 0x7fdcbe865010
60_COPY::x : 0x7fdd5ebe3010
60_COPY::y : 0x7fdd4221f010
36_DOT::x : 0x7fddbad57010
36_DOT::y : 0x7fdda9aae010
120_TGAMMA::x : 0x7fdda3f20010
120_TGAMMA::y : 0x7fdd9e392010
36_DOT::x : 0x7fddbad57010
36_DOT::y : 0x7fdda9aae010
12_TGAMMA::x : 0x7fddcc000be0
12_TGAMMA::y : 0x7fddcc9287f0
60_TGAMMA::x : 0x7fdd9b5cb010
60_TGAMMA::y : 0x7fdd98804010
108_SUM::x : 0x7fdd47dad010
36_DOT::x : 0x7fddbad57010
36_DOT::y : 0x7fdda9aae010
60_XPY::x : 0x7fdd819ce010
60_XPY::y : 0x7fdd2b3e9010
24_ERF::x : 0x7fddc08e4010
24_ERF::y : 0x7fddb51c8010
84_COPY::x : 0x7fdd534c8010
84_COPY::y : 0x7fdd0330a010
60_XPY::x : 0x7fdce6946010
60_XPY::y : 0x7fdcc9f82010
48_ERF::x : 0x7fddb51c9010
48_ERF::y : 0x7fdd9e392010
24_ERF::x : 0x7fdd92c76010
24_ERF::y : 0x7fdd8755a010
84_COPY::x : 0x7fdd2b3e9010
84_COPY::y : 0x7fdcdb22b010
60_XPY::x : 0x7fddaf63c010
60_XPY::y : 0x7fdcbe867010
60_XPY::x : 0x7fdd92c78010
60_XPY::y : 0x7fdca1ea3010
36_DOT::x : 0x7fdd819cf010
36_DOT::y : 0x7fdd6a2fe010
120_TGAMMA::x : 0x7fdd8d0ea010
120_TGAMMA::y : 0x7fdd8755c010
36_DOT::x : 0x7fddbad57010
36_DOT::y : 0x7fdd6a2fe010
108_SUM::x : 0x7fdd36b04010
24_ERF::x : 0x7fddaf63b010
24_ERF::y : 0x7fdda3f1f010
12_ERF::x : 0x7fddc6472010
12_ERF::y : 0x7fddc08e4010
132_SUM::x : 0x7fdcf7bef010
48_ERF::x : 0x7fdda9aad010
48_ERF::y : 0x7fdd92c76010
12_SQRTX::x : 0x7fdd8d0e8010
12_SQRTX::x : 0x7fddc6472010
12_TGAMMA::x : 0x7fddd4000da0
12_TGAMMA::y : 0x7fddd49289b0
60_TGAMMA::x : 0x7fddc9239010
60_TGAMMA::y : 0x7fddc6472010
36_DOT::x : 0x7fdd819cd010
36_DOT::y : 0x7fdd6a2fe010
12_TGAMMA::x : 0x185f8e0
12_TGAMMA::y : 0x21874f0
12_SQRTX::x : 0x7fddc6472010
12_POW::a : 0x7fddc08e4010
12_POW::b : 0x7fdd8d0e8010
12_POW::y : 0x7fdd8755a010
48_XPY::x : 0x7fdda9aad010
48_XPY::y : 0x7fdd92c76010
12_TGAMMA::x : 0x185f8e0
12_TGAMMA::y : 0x21874f0
36_DOT::x : 0x7fdd30f76010
36_DOT::y : 0x7fdd1fccd010
60_COPY::x : 0x7fdd5ebe3010
60_COPY::y : 0x7fdd4221f010
120_TGAMMA::x : 0x7fddc6472010
120_TGAMMA::y : 0x7fddc08e4010
48_XPY::x : 0x7fdd7be3f010
48_XPY::y : 0x7fdd2b3e8010
24_ERF::x : 0x7fddb51c8010
24_ERF::y : 0x7fdda9aac010
48_SQRTX::x : 0x7fdd64770010
36_DOT::x : 0x7fdd98803010
36_DOT::y : 0x7fdd534c7010
  итерация 3: 1375634 ms
12_SQRTX::x : 0x7fdd92c78010
120_TGAMMA::x : 0x7fdd8d0ea010
120_TGAMMA::y : 0x7fdd8755c010
108_SUM::x : 0x7fdd98806010
84_DOT::x : 0x7fdd534c8010
84_DOT::y : 0x7fdd2b3e9010
132_SUM::x : 0x7fdcec4d4010
12_ERF::x : 0x7fddc6472010
12_ERF::y : 0x7fddc08e4010
48_SQRTX::x : 0x7fdda9aad010
24_POW::a : 0x7fdd9e391010
24_POW::b : 0x7fdd92c75010
24_POW::y : 0x7fdd87559010
36_POW::a : 0x7fdd6a2fe010
36_POW::b : 0x7fdd59055010
36_POW::y : 0x7fdd47dac010
84_COPY::x : 0x7fdd1fccd010
84_COPY::y : 0x7fdcf7bee010
84_COPY::x : 0x7fdccfb0f010
84_COPY::y : 0x7fdca7a30010
108_SUM::x : 0x7fdd98806010
84_COPY::x : 0x7fdd534c8010
84_COPY::y : 0x7fdc7f951010
24_POW::a : 0x7fddc08e4010
24_POW::b : 0x7fddb51c8010
24_POW::y : 0x7fdda9aac010
84_DOT::x : 0x7fdd819cd010
84_DOT::y : 0x7fdd2b3e9010
120_TGAMMA::x : 0x7fdd7be3f010
120_TGAMMA::y : 0x7fdd2585b010
132_SUM::x : 0x7fdce6946010
12_TGAMMA::x : 0x7fddd4000da0
12_TGAMMA::y : 0x7fddd49289b0
12_SQRTX::x : 0x7fddc6472010
84_SUM::x : 0x7fdd9e393010
120_TGAMMA::x : 0x7fdd98805010
120_TGAMMA::y : 0x7fdd92c77010
36_POW::a : 0x7fdd819ce010
36_POW::b : 0x7fdd6a2fe010
36_POW::y : 0x7fdd59055010
60_XPY::x : 0x7fdd3c691010
60_XPY::y : 0x7fdd1fccd010
108_SUM::x : 0x7fdcec4d3010
36_DOT::x : 0x7fddbad57010
36_DOT::y : 0x7fdda9aae010
108_SUM::x : 0x7fdd2585b010
48_ERF::x : 0x7fdd92c77010
48_ERF::y : 0x7fdd7be40010
132_SUM::x : 0x7fdce6946010
36_POW::a : 0x7fddbad57010
36_POW::b : 0x7fdda9aae010
36_POW::y : 0x7fdd6a2fe010
12_ERF::x : 0x7fdd64770010
12_ERF::y : 0x7fdd5ebe2010
12_POW::a : 0x7fdd64770010
12_POW::b : 0x7fdd5ebe2010
12_POW::y : 0x7fdd59054010
120_TGAMMA::x : 0x7fdd534c6010
120_TGAMMA::y : 0x7fdd4d938010
108_SUM::x : 0x7fdd1a13e010
60_TGAMMA::x : 0x7fdda6ce7010
60_TGAMMA::y : 0x7fdda3f20010
36_DOT::x : 0x7fddbad57010
36_DOT::y : 0x7fdda9aae010
120_TGAMMA::x : 0x7fdd9e392010
120_TGAMMA::y : 0x7fdd98804010
84_COPY::x : 0x7fdd25859010
84_COPY::y : 0x7fdcfd77a010
132_SUM::x : 0x7fdcbe865010
84_DOT::x : 0x7fdda3f21010
84_DOT::y : 0x7fdd534c8010
12_ERF::x : 0x7fdd92c76010
12_ERF::y : 0x7fdd8d0e8010
48_XPY::x : 0x7fdce6943010
48_XPY::y : 0x7fdccfb0c010
24_POW::a : 0x7fdd98805010
24_POW::b : 0x7fdd8d0e9010
24_POW::y : 0x7fdd819cd010
60_COPY::x : 0x7fddaf63c010
60_COPY::y : 0x7fdd5ebe3010
36_DOT::x : 0x7fdd4d93a010
36_DOT::y : 0x7fdd3c691010
12_SQRTX::x : 0x7fdda9aae010
12_ERF::x : 0x7fdd7be3f010
12_ERF::y : 0x7fdd59055010
48_ERF::x : 0x7fdd92c77010
48_ERF::y : 0x7fdd4221e010
48_SQRTX::x : 0x7fdd2b3e7010
84_COPY::x : 0x7fdd03308010
84_COPY::y : 0x7fdcdb229010
36_DOT::x : 0x7fddbad57010
36_DOT::y : 0x7fdda9aae010
36_DOT::x : 0x7fdd819ce010
36_DOT::y : 0x7fdd6a2fe010
84_DOT::x : 0x7fdd4221f010
84_DOT::y : 0x7fdcb314a010
12_ERF::x : 0x7fdda3f20010
12_ERF::y : 0x7fdd9e392010
12_POW::a : 0x7fddc6472010
12_POW::b : 0x7fddc08e4010
12_POW::y : 0x7fddbad56010
108_SUM::x : 0x7fdd0ea25010
132_SUM::x : 0x7fdd7be41010
48_XPY::x : 0x7fdd2b3e8010
48_XPY::y : 0x7fdd145b1010
24_ERF::x : 0x7fddc08e4010
24_ERF::y : 0x7fdd6fe8b010
132_SUM::x : 0x7fdcd569c010
120_TGAMMA::x : 0x7fddc6472010
120_TGAMMA::y : 0x7fddc08e4010
120_TGAMMA::x : 0x7fddbad56010
120_TGAMMA::y : 0x7fdd75a19010
12_ERF::x : 0x7fddb51c8010
12_ERF::y : 0x7fddaf63a010
60_XPY::x : 0x7fdd92c76010
60_XPY::y : 0x7fdd59055010
12_TGAMMA::x : 0x185f8e0
12_TGAMMA::y : 0x21874f0
48_ERF::x : 0x7fdd7be3f010
48_ERF::y : 0x7fdd4221e010
60_TGAMMA::x : 0x7fddc9239010
60_TGAMMA::y : 0x7fddc6472010
120_TGAMMA::x : 0x7fddc08e4010
120_TGAMMA::y : 0x7fddbad56010
60_TGAMMA::x : 0x7fddb7f8f010
60_TGAMMA::y : 0x7fddb51c8010
48_ERF::x : 0x7fdd9e391010
48_ERF::y : 0x7fdd8755a010
36_DOT::x : 0x7fdd6a2fe010
36_DOT::y : 0x7fdd59055010
12_TGAMMA::x : 0x7fddcc000be0
12_TGAMMA::y : 0x7fddcc9287f0
36_DOT::x : 0x7fdd6a2fe010
36_DOT::y : 0x7fdd59055010
60_XPY::x : 0x7fdd3c691010
60_XPY::y : 0x7fdd1fccd010
12_SQRTX::x : 0x7fddc6472010
12_TGAMMA::x : 0x7fddd4000da0
12_TGAMMA::y : 0x7fddd49289b0
36_DOT::x : 0x7fddbad57010
36_DOT::y : 0x7fdd6a2fe010
48_XPY::x : 0x7fdd08e96010
48_XPY::y : 0x7fdcf205f010
24_ERF::x : 0x7fddaf63b010
24_ERF::y : 0x7fdda3f1f010
60_COPY::x : 0x7fdd8755b010
60_COPY::y : 0x7fdd5ebe3010
60_TGAMMA::x : 0x7fddc9239010
60_TGAMMA::y : 0x7fddc6472010
84_COPY::x : 0x7fdd36b04010
84_COPY::y : 0x7fdcc9f80010
60_XPY::x : 0x7fdda9aae010
60_XPY::y : 0x7fdd1a140010
108_SUM::x : 0x7fdc96786010
60_XPY::x : 0x7fdd8d0ea010
60_XPY::y : 0x7fdd5ebe3010
60_COPY::x : 0x7fdcfd77c010
60_COPY::y : 0x7fdcad5bc010
48_ERF::x : 0x7fdd47dac010
48_ERF::y : 0x7fdce6945010
36_DOT::x : 0x7fddbad57010
36_DOT::y : 0x7fdda9aae010
48_SQRTX::x : 0x7fddb51c9010
24_ERF::x : 0x7fdda9aad010
24_ERF::y : 0x7fdd9e391010
24_ERF::x : 0x7fdd92c75010
24_ERF::y : 0x7fdd87559010
84_COPY::x : 0x7fdd534c8010
84_COPY::y : 0x7fdd2b3e9010
36_DOT::x : 0x7fddbad57010
36_DOT::y : 0x7fdd1a140010
48_XPY::x : 0x7fdda3f20010
48_XPY::y : 0x7fdd03309010
60_XPY::x : 0x7fdd8755c010
60_XPY::y : 0x7fdce6945010
12_SQRTX::x : 0x7fddc6472010
60_XPY::x : 0x7fdcc9f81010
60_XPY::y : 0x7fdcad5bd010
132_SUM::x : 0x7fdc6e6a8010
12_TGAMMA::x : 0x185f8e0
12_TGAMMA::y : 0x21874f0
60_XPY::x : 0x7fddaf63c010
60_XPY::y : 0x7fdd92c78010
36_DOT::x : 0x7fdd819cf010
36_DOT::y : 0x7fdd6a2fe010
  итерация 4: 1375187 ms
  среднее по 5 итерациям: 1368530 ms
=== Выполняется проект: no_po_28.txt (100 работ) ===
12_TGAMMA::x : 0x185f8c0
12_TGAMMA::y : 0x21874d0
12_POW::a : 0x7fddc6472010
12_POW::b : 0x7fdd8d0ea010
12_POW::y : 0x7fdd75a19010
36_DOT::x : 0x7fdd7be41010
36_DOT::y : 0x7fdd64770010
108_SUM::x : 0x7fdd92c78010
48_ERF::x : 0x7fdd4d939010
48_ERF::y : 0x7fdd36b02010
24_ERF::x : 0x7fdd2b3e6010
24_ERF::y : 0x7fdd1fcca010
60_XPY::x : 0x7fdd03306010
60_XPY::y : 0x7fdce6942010
84_DOT::x : 0x7fdda3f21010
84_DOT::y : 0x7fdd7be42010
24_ERF::x : 0x7fdd6fe8b010
24_ERF::y : 0x7fdd2b3e6010
120_TGAMMA::x : 0x7fdd6a2fd010
120_TGAMMA::y : 0x7fdd6476f010
24_POW::a : 0x7fdd6fe8b010
24_POW::b : 0x7fdd59053010
24_POW::y : 0x7fdd4d937010
12_POW::a : 0x7fdd47da9010
12_POW::b : 0x7fdd4221b010
12_POW::y : 0x7fdd3c68d010
48_ERF::x : 0x7fddb51c9010
48_ERF::y : 0x7fdd9e392010
84_COPY::x : 0x7fdd25858010
84_COPY::y : 0x7fdcfd779010
24_POW::a : 0x7fdd92c76010
24_POW::b : 0x7fdd8755a010
24_POW::y : 0x7fdd7be3e010
12_TGAMMA::x : 0x185f8c0
12_TGAMMA::y : 0x21874d0
84_SUM::x : 0x7fdd534c8010
12_TGAMMA::x : 0x185f8c0
12_TGAMMA::y : 0x21874d0
48_ERF::x : 0x7fdd8755b010
48_ERF::y : 0x7fdd64770010
12_ERF::x : 0x7fddc6472010
12_ERF::y : 0x7fddc08e4010
12_POW::a : 0x7fddbad56010
12_POW::b : 0x7fddb51c8010
12_POW::y : 0x7fddaf63a010
24_POW::a : 0x7fddc08e4010
24_POW::b : 0x7fdda3f1e010
24_POW::y : 0x7fdd7be3f010
84_SUM::x : 0x7fdcd569a010
48_SQRTX::x : 0x7fdd4d939010
24_ERF::x : 0x7fddb51c8010
24_ERF::y : 0x7fdd98802010
60_COPY::x : 0x7fdd30f75010
60_COPY::y : 0x7fdd145b1010
36_DOT::x : 0x7fdda3f1f010
36_DOT::y : 0x7fdd87559010
12_TGAMMA::x : 0x7fddd4000da0
12_TGAMMA::y : 0x7fddd49289b0
12_TGAMMA::x : 0x7fddd4000da0
12_TGAMMA::y : 0x7fddd49289b0
120_TGAMMA::x : 0x7fddc6472010
120_TGAMMA::y : 0x7fddc08e4010
48_ERF::x : 0x7fdda9aad010
48_ERF::y : 0x7fdd92c76010
48_ERF::x : 0x7fdd7be3f010
48_ERF::y : 0x7fdd64770010
12_POW::a : 0x7fdd5ebe2010
12_POW::b : 0x7fdd59054010
12_POW::y : 0x7fdd534c6010
24_ERF::x : 0x7fdd8755a010
24_ERF::y : 0x7fdd7be3e010
12_POW::a : 0x7fddc6472010
12_POW::b : 0x7fddc08e4010
12_POW::y : 0x7fdd75a19010
12_TGAMMA::x : 0x7fddcc000be0
12_TGAMMA::y : 0x7fddcc9287f0
120_TGAMMA::x : 0x7fddbad56010
120_TGAMMA::y : 0x7fddb51c8010
24_ERF::x : 0x7fdda9aac010
24_ERF::y : 0x7fdd9e390010
60_COPY::x : 0x7fdd5ebe3010
60_COPY::y : 0x7fdd4221f010
60_COPY::x : 0x7fdd819cc010
60_COPY::y : 0x7fdd2585b010
132_SUM::x : 0x7fdce6946010
24_ERF::x : 0x7fddc08e4010
24_ERF::y : 0x7fddb51c8010
48_XPY::x : 0x7fdd9e391010
48_XPY::y : 0x7fdd0ea24010
24_ERF::x : 0x7fdd6fe8b010
24_ERF::y : 0x7fdd6476f010
36_POW::a : 0x7fdd8d0e8010
36_POW::b : 0x7fdd7be3f010
36_POW::y : 0x7fdd534c6010
48_ERF::x : 0x7fddb51c9010
48_ERF::y : 0x7fdd3c68f010
48_SQRTX::x : 0x7fdd64770010
36_DOT::x : 0x7fdda3f20010
36_DOT::y : 0x7fdd2b3e6010
12_TGAMMA::x : 0x185f8c0
12_TGAMMA::y : 0x21874d0
24_POW::a : 0x7fdd98804010
24_POW::b : 0x7fdd8d0e8010
24_POW::y : 0x7fdd819cc010
60_XPY::x : 0x7fddaf63c010
60_XPY::y : 0x7fdd47dac010
12_ERF::x : 0x7fdda9aae010
12_ERF::y : 0x7fdda3f20010
84_DOT::x : 0x7fdd1fccd010
84_DOT::y : 0x7fdcf7bee010
36_POW::a : 0x7fdd6a2fe010
36_POW::b : 0x7fdce6945010
36_POW::y : 0x7fdcd569c010
12_TGAMMA::x : 0x7fddd4000da0
12_TGAMMA::y : 0x7fddd49289b0
48_XPY::x : 0x7fdd98805010
48_XPY::y : 0x7fdd819ce010
48_XPY::x : 0x7fddb51c9010
48_XPY::y : 0x7fdd534c7010
24_ERF::x : 0x7fdd47dab010
24_ERF::y : 0x7fdd3c68f010
84_DOT::x : 0x7fdd145b0010
84_DOT::y : 0x7fdcec4d1010
36_POW::a : 0x7fdda3f20010
36_POW::b : 0x7fdd92c77010
36_POW::y : 0x7fdd819ce010
84_SUM::x : 0x7fdcc43f2010
36_POW::a : 0x7fddbad57010
36_POW::b : 0x7fdd6a2fe010
36_POW::y : 0x7fdd59055010
60_TGAMMA::x : 0x7fddb7f90010
60_TGAMMA::y : 0x7fddb51c9010
12_TGAMMA::x : 0x7fddd00017d0
12_TGAMMA::y : 0x7fddd09293e0
60_XPY::x : 0x7fdd3c691010
60_XPY::y : 0x7fdd1fccd010
36_POW::a : 0x7fdd0ea24010
36_POW::b : 0x7fdcfd77b010
36_POW::y : 0x7fdcec4d2010
36_DOT::x : 0x7fdda9aae010
36_DOT::y : 0x7fdd98805010
48_XPY::x : 0x7fdd819ce010
48_XPY::y : 0x7fdd64770010
48_SQRTX::x : 0x7fddb51c9010
12_TGAMMA::x : 0x7fddd00017d0
12_TGAMMA::y : 0x7fddd09293e0
84_DOT::x : 0x7fdd3c691010
84_DOT::y : 0x7fdcc43f3010
60_XPY::x : 0x7fdd98805010
60_XPY::y : 0x7fdd7be41010
60_COPY::x : 0x7fdd1fccd010
60_COPY::y : 0x7fdd03309010
48_XPY::x : 0x7fddb51c9010
48_XPY::y : 0x7fdd64770010
120_TGAMMA::x : 0x7fdd5ebe2010
120_TGAMMA::y : 0x7fdd59054010
84_SUM::x : 0x7fdcdb22a010
108_SUM::x : 0x7fdd98806010
36_DOT::x : 0x7fdd8755d010
36_DOT::y : 0x7fdd6a2fe010
84_SUM::x : 0x7fdd30f75010
60_XPY::x : 0x7fdd7be42010
60_XPY::y : 0x7fdd145b1010
84_DOT::x : 0x7fdd30f75010
84_DOT::y : 0x7fdcec4d2010
60_XPY::x : 0x7fddaf63c010
60_XPY::y : 0x7fdccfb0e010
24_POW::a : 0x7fdda3f20010
24_POW::b : 0x7fdd6fe8b010
24_POW::y : 0x7fdd6476f010
84_COPY::x : 0x7fdca7a2f010
84_COPY::y : 0x7fdc7f950010
24_POW::a : 0x7fdda3f20010
24_POW::b : 0x7fdd98804010
24_POW::y : 0x7fdd8d0e8010
48_XPY::x : 0x7fdd64770010
48_XPY::y : 0x7fdd4d939010
36_DOT::x : 0x7fddbad57010
36_DOT::y : 0x7fdd7be3f010
48_XPY::x : 0x7fddb51c9010
48_XPY::y : 0x7fdd36b02010
60_XPY::x : 0x7fdd98805010
60_XPY::y : 0x7fdd7be41010
120_TGAMMA::x : 0x7fdd75a19010
120_TGAMMA::y : 0x7fdd6fe8b010
12_POW::a : 0x7fdd6a2fd010
12_POW::b : 0x7fdd6476f010
12_POW::y : 0x7fdd5ebe1010
12_ERF::x : 0x7fddc6472010
12_ERF::y : 0x7fddc08e4010
36_POW::a : 0x7fdd5ebe2010
36_POW::b : 0x7fdd4d939010
36_POW::y : 0x7fdd3c690010
48_SQRTX::x : 0x7fdd25859010
108_SUM::x : 0x7fdd8d0ea010
36_POW::a : 0x7fdd7be41010
36_POW::b : 0x7fdd145b0010
36_POW::y : 0x7fdd03307010
60_COPY::x : 0x7fdce6943010
60_COPY::y : 0x7fdcc9f7f010
12_ERF::x : 0x7fddc6472010
12_ERF::y : 0x7fddc08e4010
132_SUM::x : 0x7fdd3c692010
84_COPY::x : 0x7fdda3f21010
84_COPY::y : 0x7fdca1ea0010
  итерация 0: 1348814 ms
12_TGAMMA::x : 0x7fddd4000da0
12_TGAMMA::y : 0x7fddd49289b0
12_ERF::x : 0x7fddc08e4010
12_ERF::y : 0x7fdd92c77010
120_TGAMMA::x : 0x7fddc6472010
120_TGAMMA::y : 0x7fdd8d0e9010
84_SUM::x : 0x7fdd98805010
12_ERF::x : 0x7fdd8755b010
12_ERF::y : 0x7fdd819cd010
84_COPY::x : 0x7fdd534c8010
84_COPY::y : 0x7fdd2b3e9010
36_DOT::x : 0x7fdd7be40010
36_DOT::y : 0x7fdd1a140010
24_ERF::x : 0x7fddbad56010
24_ERF::y : 0x7fddaf63a010
108_SUM::x : 0x7fdcf7bef010
12_POW::a : 0x7fddc08e4010
12_POW::b : 0x7fddbad56010
12_POW::y : 0x7fddb51c8010
24_ERF::x : 0x7fdda9aac010
24_ERF::y : 0x7fdd9e390010
24_ERF::x : 0x7fddc08e4010
24_ERF::y : 0x7fddb51c8010
84_SUM::x : 0x7fdd8d0e9010
24_POW::a : 0x7fdd819cd010
24_POW::b : 0x7fdd1fccd010
24_POW::y : 0x7fdd145b1010
24_ERF::x : 0x7fddc08e4010
24_ERF::y : 0x7fddb51c8010
60_COPY::x : 0x7fdd5ebe3010
60_COPY::y : 0x7fdd4221f010
36_DOT::x : 0x7fdda3f1f010
36_DOT::y : 0x7fdd92c76010
12_TGAMMA::x : 0x185f8c0
12_TGAMMA::y : 0x21874d0
12_TGAMMA::x : 0x185f8c0
12_TGAMMA::y : 0x21874d0
48_ERF::x : 0x7fddb51c9010
48_ERF::y : 0x7fdd7be3f010
24_ERF::x : 0x7fdd36b03010
24_ERF::y : 0x7fdd2b3e7010
12_TGAMMA::x : 0x7fddcc000be0
12_TGAMMA::y : 0x7fddcc9287f0
48_ERF::x : 0x7fdd9e392010
48_ERF::y : 0x7fdd145b0010
12_TGAMMA::x : 0x7fddd00017d0
12_TGAMMA::y : 0x7fddd09293e0
48_SQRTX::x : 0x7fdd64770010
120_TGAMMA::x : 0x7fdd98804010
120_TGAMMA::y : 0x7fdd92c76010
48_ERF::x : 0x7fddb51c9010
48_ERF::y : 0x7fdd7be3f010
84_DOT::x : 0x7fdd3c691010
84_DOT::y : 0x7fdd145b2010
48_SQRTX::x : 0x7fdd9e392010
24_POW::a : 0x7fdd92c76010
24_POW::b : 0x7fdd6fe8b010
24_POW::y : 0x7fdd08e96010
48_ERF::x : 0x7fdd9e392010
48_ERF::y : 0x7fdcf205f010
24_ERF::x : 0x7fddc08e4010
24_ERF::y : 0x7fdd8755a010
60_XPY::x : 0x7fdd534c7010
60_XPY::y : 0x7fdd36b03010
60_XPY::x : 0x7fdd1a13f010
60_XPY::y : 0x7fdcd569b010
24_ERF::x : 0x7fddc08e4010
24_ERF::y : 0x7fdd92c76010
48_XPY::x : 0x7fdda9aad010
48_XPY::y : 0x7fdd7be3f010
60_XPY::x : 0x7fdcfd77b010
60_XPY::y : 0x7fdcb8cd7010
48_XPY::x : 0x7fdd92c76010
48_XPY::y : 0x7fdd64770010
24_POW::a : 0x7fddc08e4010
24_POW::b : 0x7fdd59054010
24_POW::y : 0x7fdd4d938010
60_XPY::x : 0x7fdd30f74010
60_XPY::y : 0x7fdce0db7010
24_ERF::x : 0x7fddc08e4010
24_ERF::y : 0x7fddb51c8010
12_TGAMMA::x : 0x7fddd4000da0
12_TGAMMA::y : 0x7fddd49289b0
132_SUM::x : 0x7fdca1ea2010
12_POW::a : 0x7fddaf63a010
12_POW::b : 0x7fdda9aac010
12_POW::y : 0x7fdda3f1e010
60_COPY::x : 0x7fdd8755a010
60_COPY::y : 0x7fdd5ebe3010
60_XPY::x : 0x7fddaf63c010
60_XPY::y : 0x7fdd145b0010
36_POW::a : 0x7fdd4d93a010
36_POW::b : 0x7fdd3c691010
36_POW::y : 0x7fdd03307010
12_TGAMMA::x : 0x7fddcc000be0
12_TGAMMA::y : 0x7fddcc9287f0
12_POW::a : 0x7fdda9aae010
12_POW::b : 0x7fdda3f20010
12_POW::y : 0x7fdd819cc010
36_DOT::x : 0x7fdcf205e010
36_DOT::y : 0x7fdce0db5010
60_XPY::x : 0x7fdd92c78010
60_XPY::y : 0x7fdd5ebe3010
36_POW::a : 0x7fddbad57010
36_POW::b : 0x7fdd819cf010
36_POW::y : 0x7fdd2b3e8010
36_POW::a : 0x7fdd4d93a010
36_POW::b : 0x7fdd3c691010
36_POW::y : 0x7fdd1a13f010
48_XPY::x : 0x7fdd03308010
48_XPY::y : 0x7fdcec4d1010
48_ERF::x : 0x7fddb51c9010
48_ERF::y : 0x7fdd7be41010
48_XPY::x : 0x7fdd9e392010
48_XPY::y : 0x7fdd64770010
120_TGAMMA::x : 0x7fdd98804010
120_TGAMMA::y : 0x7fdd36b03010
36_DOT::x : 0x7fdd534c7010
36_DOT::y : 0x7fdd4221e010
84_DOT::x : 0x7fdd0ea24010
84_DOT::y : 0x7fdce6945010
84_SUM::x : 0x7fdd534c8010
36_POW::a : 0x7fddbad57010
36_POW::b : 0x7fdda9aae010
36_POW::y : 0x7fdd8755b010
60_COPY::x : 0x7fdd36b04010
60_COPY::y : 0x7fdcc9f81010
24_POW::a : 0x7fdd9e392010
24_POW::b : 0x7fdd7be3f010
24_POW::y : 0x7fdd6fe8b010
12_POW::a : 0x7fdd98804010
12_POW::b : 0x7fdd6a2fd010
12_POW::y : 0x7fdd6476f010
84_DOT::x : 0x7fdd0ea25010
84_DOT::y : 0x7fdce6946010
36_POW::a : 0x7fdd98805010
36_POW::b : 0x7fdd6a2fe010
36_POW::y : 0x7fdd59055010
12_ERF::x : 0x7fddc6472010
12_ERF::y : 0x7fddc08e4010
84_DOT::x : 0x7fdcbe867010
84_DOT::y : 0x7fdc96788010
12_POW::a : 0x7fddc6472010
12_POW::b : 0x7fddc08e4010
12_POW::y : 0x7fddbad56010
132_SUM::x : 0x7fdc57873010
48_XPY::x : 0x7fddb51c9010
48_XPY::y : 0x7fdd9e392010
48_SQRTX::x : 0x7fdd8755b010
60_TGAMMA::x : 0x7fdd84794010
60_TGAMMA::y : 0x7fdd819cd010
48_ERF::x : 0x7fdd8755b010
48_ERF::y : 0x7fdd64770010
36_POW::a : 0x7fdd1a13f010
36_POW::b : 0x7fdd08e96010
36_POW::y : 0x7fdcf7bed010
60_XPY::x : 0x7fdd47dac010
60_XPY::y : 0x7fdd2b3e8010
120_TGAMMA::x : 0x7fddc6472010
120_TGAMMA::y : 0x7fddc08e4010
48_XPY::x : 0x7fdda9aad010
48_XPY::y : 0x7fdd4d939010
12_POW::a : 0x7fdda3f1f010
12_POW::b : 0x7fdd9e391010
12_POW::y : 0x7fdd98803010
12_TGAMMA::x : 0x7fddd00017d0
12_TGAMMA::y : 0x7fddd09293e0
84_COPY::x : 0x7fdd2585a010
84_COPY::y : 0x7fdcfd77b010
84_DOT::x : 0x7fdcd569c010
84_DOT::y : 0x7fdcad5bd010
84_SUM::x : 0x7fdd819ce010
108_SUM::x : 0x7fdc79dc3010
12_TGAMMA::x : 0x185f8c0
12_TGAMMA::y : 0x21874d0
36_POW::a : 0x7fddbad57010
36_POW::b : 0x7fdda9aae010
36_POW::y : 0x7fdd98805010
108_SUM::x : 0x7fdcc9f81010
12_TGAMMA::x : 0x7fddd4000da0
12_TGAMMA::y : 0x7fddd49289b0
60_COPY::x : 0x7fdd7be41010
60_COPY::y : 0x7fdd5ebe3010
48_XPY::x : 0x7fdd47dac010
48_XPY::y : 0x7fdd30f75010
36_DOT::x : 0x7fdd1fccc010
36_DOT::y : 0x7fdd0ea23010
48_SQRTX::x : 0x7fddb51c9010
60_COPY::x : 0x7fdd98805010
60_COPY::y : 0x7fdd4221f010
84_SUM::x : 0x7fdd1a140010
84_COPY::x : 0x7fdce6944010
84_COPY::y : 0x7fdcbe865010
24_POW::a : 0x7fddc08e4010
24_POW::b : 0x7fdd8d0e9010
24_POW::y : 0x7fdd819cd010
24_POW::a : 0x7fdd6fe8b010
24_POW::b : 0x7fdd6476f010
24_POW::y : 0x7fdd36b03010
36_DOT::x : 0x7fddaf63b010
36_DOT::y : 0x7fdd9e392010
12_ERF::x : 0x7fddc6472010
12_ERF::y : 0x7fddc08e4010
120_TGAMMA::x : 0x7fdd98804010
120_TGAMMA::y : 0x7fdd92c76010
  итерация 1: 1402517 ms
12_TGAMMA::x : 0x185f8c0
12_TGAMMA::y : 0x21874d0
12_TGAMMA::x : 0x7fddd4000da0
12_TGAMMA::y : 0x7fddd49289b0
24_ERF::x : 0x7fdd8d0ea010
24_ERF::y : 0x7fdd819ce010
108_SUM::x : 0x7fdd98806010
120_TGAMMA::x : 0x7fdd7be40010
120_TGAMMA::y : 0x7fdd75a19010
12_POW::a : 0x7fdd6fe8b010
12_POW::b : 0x7fdd6a2fd010
12_POW::y : 0x7fdd6476f010
12_TGAMMA::x : 0x7fddcc000be0
12_TGAMMA::y : 0x7fddcc9287f0
48_ERF::x : 0x7fdd819cf010
48_ERF::y : 0x7fdd5ebe2010
24_ERF::x : 0x7fddc08e4010
24_ERF::y : 0x7fddb51c8010
60_COPY::x : 0x7fdd4221e010
60_COPY::y : 0x7fdd2585a010
84_DOT::x : 0x7fdda3f21010
84_DOT::y : 0x7fdcfd77b010
36_DOT::x : 0x7fdcec4d2010
36_DOT::y : 0x7fdcdb229010
24_ERF::x : 0x7fdd98805010
24_ERF::y : 0x7fdd8d0e9010
48_ERF::x : 0x7fdd64770010
48_ERF::y : 0x7fdd4d939010
84_COPY::x : 0x7fdd2585a010
84_COPY::y : 0x7fdcd569c010
24_POW::a : 0x7fdd98805010
24_POW::b : 0x7fdd8d0e9010
24_POW::y : 0x7fdd819cd010
60_COPY::x : 0x7fddaf63c010
60_COPY::y : 0x7fdd08e96010
48_ERF::x : 0x7fdd64770010
48_ERF::y : 0x7fdd4d939010
12_TGAMMA::x : 0x185f8c0
12_TGAMMA::y : 0x21874d0
12_POW::a : 0x7fdda9aae010
12_POW::b : 0x7fdda3f20010
12_POW::y : 0x7fdd9e392010
12_TGAMMA::x : 0x185f8c0
12_TGAMMA::y : 0x21874d0
24_POW::a : 0x7fddc08e4010
24_POW::b : 0x7fddb51c8010
24_POW::y : 0x7fdda9aac010
24_ERF::x : 0x7fdd9e390010
24_ERF::y : 0x7fdd92c74010
24_POW::a : 0x7fdd87558010
24_POW::b : 0x7fdd4221d010
24_POW::y : 0x7fdd36b01010
12_ERF::x : 0x7fdd819ca010
12_ERF::y : 0x7fdd75a19010
48_ERF::x : 0x7fdd92c75010
48_ERF::y : 0x7fdd03306010
60_XPY::x : 0x7fdd5ebe3010
60_XPY::y : 0x7fdd1a13d010
36_DOT::x : 0x7fddbad57010
36_DOT::y : 0x7fdda9aae010
12_POW::a : 0x7fdd8d0e7010
12_POW::b : 0x7fdd87559010
12_POW::y : 0x7fdd819cb010
12_ERF::x : 0x7fdd8d0e7010
12_ERF::y : 0x7fdd87559010
24_ERF::x : 0x7fddc08e4010
24_ERF::y : 0x7fddb51c8010
24_POW::a : 0x7fdda9aac010
24_POW::b : 0x7fdd87559010
24_POW::y : 0x7fdd534c7010
24_ERF::x : 0x7fdd9e390010
24_ERF::y : 0x7fdd47dab010
48_SQRTX::x : 0x7fdd64770010
120_TGAMMA::x : 0x7fddc6472010
120_TGAMMA::y : 0x7fddc08e4010
132_SUM::x : 0x7fdd145b2010
60_COPY::x : 0x7fdda3f20010
60_COPY::y : 0x7fdd8755c010
48_ERF::x : 0x7fdd64770010
48_ERF::y : 0x7fdcfd77b010
24_ERF::x : 0x7fddc08e4010
24_ERF::y : 0x7fdd7be40010
24_ERF::x : 0x7fddb51c8010
24_ERF::y : 0x7fdda9aac010
84_DOT::x : 0x7fdd3c691010
84_DOT::y : 0x7fdd145b2010
120_TGAMMA::x : 0x7fddc6472010
120_TGAMMA::y : 0x7fddc08e4010
36_POW::a : 0x7fdd98803010
36_POW::b : 0x7fdd8755a010
36_POW::y : 0x7fdd6a2fe010
60_XPY::x : 0x7fdcf7bee010
60_XPY::y : 0x7fdcdb22a010
12_POW::a : 0x7fddbad56010
12_POW::b : 0x7fddb51c8010
12_POW::y : 0x7fddaf63a010
48_XPY::x : 0x7fdd534c7010
48_XPY::y : 0x7fdd3c690010
48_SQRTX::x : 0x7fdd25859010
60_XPY::x : 0x7fddaf63c010
60_XPY::y : 0x7fdd08e95010
12_TGAMMA::x : 0x7fddcc000be0
12_TGAMMA::y : 0x7fddcc9287f0
12_POW::a : 0x7fdda9aae010
12_POW::b : 0x7fdda3f20010
12_POW::y : 0x7fdd9e392010
60_XPY::x : 0x7fdd819ce010
60_XPY::y : 0x7fdcec4d1010
48_XPY::x : 0x7fdd25859010
48_XPY::y : 0x7fdcd569a010
48_XPY::x : 0x7fdd64770010
48_XPY::y : 0x7fdd4d939010
48_ERF::x : 0x7fddb51c9010
48_ERF::y : 0x7fdd9e392010
12_ERF::x : 0x7fdd7be40010
12_ERF::y : 0x7fdd47dab010
108_SUM::x : 0x7fdd145b1010
132_SUM::x : 0x7fdcad5bc010
36_DOT::x : 0x7fdd8d0e9010
36_DOT::y : 0x7fdd7be40010
48_SQRTX::x : 0x7fddb51c9010
84_SUM::x : 0x7fdd8d0ea010
36_POW::a : 0x7fdd7be41010
36_POW::b : 0x7fdd6a2fe010
36_POW::y : 0x7fdd59055010
108_SUM::x : 0x7fdd2585b010
48_XPY::x : 0x7fdd9e392010
48_XPY::y : 0x7fdd0ea24010
36_POW::a : 0x7fddbad57010
36_POW::b : 0x7fdcfd77b010
36_POW::y : 0x7fdcec4d2010
84_SUM::x : 0x7fdd30f76010
60_TGAMMA::x : 0x7fddb7f90010
60_TGAMMA::y : 0x7fddb51c9010
36_DOT::x : 0x7fdda3f20010
36_DOT::y : 0x7fdd92c77010
84_SUM::x : 0x7fdd534c8010
60_XPY::x : 0x7fdd98805010
60_XPY::y : 0x7fdd7be41010
120_TGAMMA::x : 0x7fddc6472010
120_TGAMMA::y : 0x7fddc08e4010
60_XPY::x : 0x7fdd36b04010
60_XPY::y : 0x7fdd1a140010
60_COPY::x : 0x7fdd5ebe3010
60_COPY::y : 0x7fdcfd77c010
24_POW::a : 0x7fddc08e4010
24_POW::b : 0x7fdcf2060010
24_POW::y : 0x7fdce6944010
12_TGAMMA::x : 0x7fddd4000da0
12_TGAMMA::y : 0x7fddd49289b0
84_SUM::x : 0x7fdd98805010
84_DOT::x : 0x7fdd534c8010
84_DOT::y : 0x7fdcbe865010
84_DOT::x : 0x7fdd2b3e9010
84_DOT::y : 0x7fdd0330a010
36_POW::a : 0x7fdd8755c010
36_POW::b : 0x7fdcf2061010
36_POW::y : 0x7fdcad5bc010
12_TGAMMA::x : 0x7fddd4000da0
12_TGAMMA::y : 0x7fddd49289b0
12_TGAMMA::x : 0x7fddd4000da0
12_TGAMMA::y : 0x7fddd49289b0
48_XPY::x : 0x7fddb51c9010
48_XPY::y : 0x7fdd9e392010
12_TGAMMA::x : 0x7fddcc000be0
12_TGAMMA::y : 0x7fddcc9287f0
60_COPY::x : 0x7fdd5ebe3010
60_COPY::y : 0x7fdd4221f010
36_DOT::x : 0x7fdd30f76010
36_DOT::y : 0x7fdd1fccd010
84_DOT::x : 0x7fdcf7bee010
84_DOT::y : 0x7fdccfb0f010
36_POW::a : 0x7fdd8d0e9010
36_POW::b : 0x7fdd7be40010
36_POW::y : 0x7fdd30f76010
84_COPY::x : 0x7fdda3f21010
84_COPY::y : 0x7fdca7a30010
36_POW::a : 0x7fdd6a2fe010
36_POW::b : 0x7fdd59055010
36_POW::y : 0x7fdd47dac010
84_SUM::x : 0x7fdd08e97010
36_POW::a : 0x7fdd92c78010
36_POW::b : 0x7fdd819cf010
36_POW::y : 0x7fdd36b03010
48_XPY::x : 0x7fddb51c9010
48_XPY::y : 0x7fdcf2060010
120_TGAMMA::x : 0x7fddaf63b010
120_TGAMMA::y : 0x7fdda9aad010
48_XPY::x : 0x7fdd64770010
48_XPY::y : 0x7fdd4d939010
36_DOT::x : 0x7fdd98804010
36_DOT::y : 0x7fdd8755b010
12_ERF::x : 0x7fddc6472010
12_ERF::y : 0x7fddc08e4010
48_SQRTX::x : 0x7fddb51c9010
60_XPY::x : 0x7fdd5ebe3010
60_XPY::y : 0x7fdce0db7010
84_COPY::x : 0x7fdd2585a010
84_COPY::y : 0x7fdcfd77b010
24_POW::a : 0x7fdda9aad010
24_POW::b : 0x7fdd9e391010
24_POW::y : 0x7fdd92c75010
12_POW::a : 0x7fddc6472010
12_POW::b : 0x7fddc08e4010
12_POW::y : 0x7fddbad56010
  итерация 2: 1353053 ms
120_TGAMMA::x : 0x7fddc6472010
120_TGAMMA::y : 0x7fdd98805010
84_SUM::x : 0x7fdd2b3e9010
84_SUM::x : 0x7fdd534c8010
84_COPY::x : 0x7fdd9e393010
84_COPY::y : 0x7fdd0330a010
24_ERF::x : 0x7fdd534c7010
24_ERF::y : 0x7fdd47dab010
60_COPY::x : 0x7fdd7be41010
60_COPY::y : 0x7fdd5ebe3010
24_POW::a : 0x7fdd3c68f010
24_POW::b : 0x7fdd30f73010
24_POW::y : 0x7fdcf7bee010
24_ERF::x : 0x7fddc08e4010
24_ERF::y : 0x7fddb51c8010
24_ERF::x : 0x7fdda9aac010
24_ERF::y : 0x7fdd9e390010
36_POW::a : 0x7fddbad57010
36_POW::b : 0x7fdd4d93a010
36_POW::y : 0x7fdd1fcca010
12_POW::a : 0x7fddb51c9010
12_POW::b : 0x7fddaf63b010
12_POW::y : 0x7fdda9aad010
36_DOT::x : 0x7fdd3c691010
36_DOT::y : 0x7fdd0ea21010
24_ERF::x : 0x7fdd9e391010
24_ERF::y : 0x7fdd92c75010
12_TGAMMA::x : 0x185f8c0
12_TGAMMA::y : 0x21874d0
48_ERF::x : 0x7fdd7be3e010
48_ERF::y : 0x7fdd64770010
48_ERF::x : 0x7fdd36b03010
48_ERF::y : 0x7fdd08e93010
48_SQRTX::x : 0x7fdda3f20010
12_TGAMMA::x : 0x7fddd4000da0
12_TGAMMA::y : 0x7fddd49289b0
24_ERF::x : 0x7fddc08e4010
24_ERF::y : 0x7fdd98804010
12_TGAMMA::x : 0x7fddcc000be0
12_TGAMMA::y : 0x7fddcc9287f0
84_DOT::x : 0x7fdce0db4010
84_DOT::y : 0x7fdcb8cd5010
24_POW::a : 0x7fddb51c8010
24_POW::b : 0x7fdda9aac010
24_POW::y : 0x7fdd8d0e8010
60_XPY::x : 0x7fdd5ebe3010
60_XPY::y : 0x7fdd4221f010
24_ERF::x : 0x7fddc08e4010
24_ERF::y : 0x7fdd9e390010
48_ERF::x : 0x7fdd2b3e8010
48_ERF::y : 0x7fdd145b1010
60_XPY::x : 0x7fddaf63c010
60_XPY::y : 0x7fdd92c78010
12_POW::a : 0x7fdd8d0ea010
12_POW::b : 0x7fdd8755c010
12_POW::y : 0x7fdd819ce010
108_SUM::x : 0x7fdd47dad010
12_TGAMMA::x : 0x7fddcc000be0
12_TGAMMA::y : 0x7fddcc9287f0
24_ERF::x : 0x7fdd8755c010
24_ERF::y : 0x7fdd7be40010
36_DOT::x : 0x7fdd36b04010
36_DOT::y : 0x7fdd2585b010
12_ERF::x : 0x7fddc6472010
12_ERF::y : 0x7fddc08e4010
12_ERF::x : 0x7fddbad56010
12_ERF::y : 0x7fddb51c8010
12_TGAMMA::x : 0x7fddcc000be0
12_TGAMMA::y : 0x7fddcc9287f0
48_SQRTX::x : 0x7fdd9e391010
24_POW::a : 0x7fddc08e4010
24_POW::b : 0x7fdd92c75010
24_POW::y : 0x7fdd87559010
24_ERF::x : 0x7fddb51c8010
24_ERF::y : 0x7fdd36b03010
60_XPY::x : 0x7fdd5ebe3010
60_XPY::y : 0x7fdd4221f010
12_POW::a : 0x7fddbad56010
12_POW::b : 0x7fddb51c8010
12_POW::y : 0x7fdd819cb010
132_SUM::x : 0x7fdd0330a010
36_DOT::x : 0x7fdda3f1f010
36_DOT::y : 0x7fdd92c76010
12_TGAMMA::x : 0x7fddcc000be0
12_TGAMMA::y : 0x7fddcc9287f0
120_TGAMMA::x : 0x7fddc6472010
120_TGAMMA::y : 0x7fddc08e4010
48_XPY::x : 0x7fdd7be3f010
48_XPY::y : 0x7fdd64770010
12_ERF::x : 0x7fddbad56010
12_ERF::y : 0x7fddb51c8010
48_XPY::x : 0x7fdda9aad010
48_XPY::y : 0x7fdd92c76010
24_POW::a : 0x7fdd8755a010
24_POW::b : 0x7fdd7be3e010
24_POW::y : 0x7fdd6fe8b010
108_SUM::x : 0x7fdd3c691010
12_POW::a : 0x7fddc6472010
12_POW::b : 0x7fddc08e4010
12_POW::y : 0x7fdd36b03010
48_ERF::x : 0x7fdda9aad010
48_ERF::y : 0x7fdd92c76010
12_POW::a : 0x7fddc6472010
12_POW::b : 0x7fddc08e4010
12_POW::y : 0x7fdd36b03010
12_TGAMMA::x : 0x185f8c0
12_TGAMMA::y : 0x21874d0
60_XPY::x : 0x7fdd5ebe3010
60_XPY::y : 0x7fdd4221f010
36_POW::a : 0x7fdd819cd010
36_POW::b : 0x7fdd2585a010
36_POW::y : 0x7fdd145b1010
36_POW::a : 0x7fdd03308010
36_POW::b : 0x7fdcf205f010
36_POW::y : 0x7fdce0db6010
60_COPY::x : 0x7fddaf63c010
60_COPY::y : 0x7fdd92c78010
84_SUM::x : 0x7fdd1a140010
48_ERF::x : 0x7fdd7be41010
48_ERF::y : 0x7fdd64770010
36_DOT::x : 0x7fdd534c7010
36_DOT::y : 0x7fdd08e97010
60_COPY::x : 0x7fdd36b03010
60_COPY::y : 0x7fdcec4d3010
48_XPY::x : 0x7fdd1fccc010
48_XPY::y : 0x7fdcd569c010
84_COPY::x : 0x7fdda3f21010
84_COPY::y : 0x7fdcad5bd010
132_SUM::x : 0x7fdc6e6a8010
84_SUM::x : 0x7fdd7be42010
48_ERF::x : 0x7fdd64770010
48_ERF::y : 0x7fdd4d939010
48_XPY::x : 0x7fdd36b02010
48_XPY::y : 0x7fdd1fccb010
36_POW::a : 0x7fdd92c78010
36_POW::b : 0x7fdd819cf010
36_POW::y : 0x7fdd0ea22010
120_TGAMMA::x : 0x7fddc6472010
120_TGAMMA::y : 0x7fddc08e4010
12_TGAMMA::x : 0x185f8c0
12_TGAMMA::y : 0x21874d0
36_POW::a : 0x7fddaf63b010
36_POW::b : 0x7fdd6a2fe010
36_POW::y : 0x7fdd59055010
108_SUM::x : 0x7fdd2585b010
60_TGAMMA::x : 0x7fddac874010
60_TGAMMA::y : 0x7fdda9aad010
120_TGAMMA::x : 0x7fddc6472010
120_TGAMMA::y : 0x7fddc08e4010
84_SUM::x : 0x7fdd819ce010
84_DOT::x : 0x7fdd819ce010
84_DOT::y : 0x7fdd30f76010
60_COPY::x : 0x7fdd5ebe3010
60_COPY::y : 0x7fdd145b2010
84_DOT::x : 0x7fdcec4d3010
84_DOT::y : 0x7fdcc43f4010
48_SQRTX::x : 0x7fddb51c9010
12_TGAMMA::x : 0x7fddd4000da0
12_TGAMMA::y : 0x7fddd49289b0
48_SQRTX::x : 0x7fdd64770010
84_DOT::x : 0x7fdd8d0ea010
84_DOT::y : 0x7fdd3c691010
24_POW::a : 0x7fdd819ce010
24_POW::b : 0x7fdd30f75010
24_POW::y : 0x7fdd25859010
60_XPY::x : 0x7fdd08e95010
60_XPY::y : 0x7fdcec4d1010
48_XPY::x : 0x7fddb51c9010
48_XPY::y : 0x7fdd64770010
12_POW::a : 0x7fdd8755c010
12_POW::b : 0x7fdd819ce010
12_POW::y : 0x7fdd7be40010
24_POW::a : 0x7fdda9aad010
24_POW::b : 0x7fdd9e391010
24_POW::y : 0x7fdd92c75010
48_XPY::x : 0x7fdd7be3e010
48_XPY::y : 0x7fdd4d939010
84_COPY::x : 0x7fdd2585a010
84_COPY::y : 0x7fdcfd77b010
60_XPY::x : 0x7fdce0db7010
60_XPY::y : 0x7fdcc43f3010
120_TGAMMA::x : 0x7fddc6472010
120_TGAMMA::y : 0x7fddc08e4010
48_XPY::x : 0x7fdda9aad010
48_XPY::y : 0x7fdd92c76010
36_POW::a : 0x7fdd819cd010
36_POW::b : 0x7fdd6a2fe010
36_POW::y : 0x7fdd59055010
60_XPY::x : 0x7fdda3f20010
60_XPY::y : 0x7fdce0db7010
60_COPY::x : 0x7fdcc43f3010
60_COPY::y : 0x7fdca7a2f010
36_DOT::x : 0x7fdd92c77010
36_DOT::y : 0x7fdd47dac010
36_POW::a : 0x7fdd92c77010
36_POW::b : 0x7fdd47dac010
36_POW::y : 0x7fdd36b03010
84_DOT::x : 0x7fdd0ea24010
84_DOT::y : 0x7fdc7f950010
12_TGAMMA::x : 0x7fddcc000be0
12_TGAMMA::y : 0x7fddcc9287f0
36_DOT::x : 0x7fddbad57010
36_DOT::y : 0x7fdda9aae010
12_ERF::x : 0x7fdda3f20010
12_ERF::y : 0x7fdd8d0e9010
  итерация 3: 1359038 ms
120_TGAMMA::x : 0x7fdd7be41010
120_TGAMMA::y : 0x7fdd3c68e010
48_ERF::x : 0x7fdd819cf010
48_ERF::y : 0x7fdd64770010
24_POW::a : 0x7fdd59054010
24_POW::b : 0x7fdd4d938010
24_POW::y : 0x7fdd4221c010
108_SUM::x : 0x7fdd98806010
12_TGAMMA::x : 0x7fddd00017d0
12_TGAMMA::y : 0x7fddd09293e0
60_COPY::x : 0x7fddaf63c010
60_COPY::y : 0x7fdd1fcca010
24_ERF::x : 0x7fdda3f20010
24_ERF::y : 0x7fdd59054010
84_COPY::x : 0x7fdcf7beb010
84_COPY::y : 0x7fdccfb0c010
12_POW::a : 0x7fdd9e392010
12_POW::b : 0x7fdd98804010
12_POW::y : 0x7fdd92c76010
84_DOT::x : 0x7fdd534c8010
84_DOT::y : 0x7fdca7a2d010
84_SUM::x : 0x7fdd8755d010
36_DOT::x : 0x7fddbad57010
36_DOT::y : 0x7fdd4221f010
12_TGAMMA::x : 0x7fddcc000be0
12_TGAMMA::y : 0x7fddcc9287f0
12_TGAMMA::x : 0x7fddcc000be0
12_TGAMMA::y : 0x7fddcc9287f0
48_ERF::x : 0x7fdda3f20010
48_ERF::y : 0x7fdd8d0e9010
24_POW::a : 0x7fdd819cd010
24_POW::b : 0x7fdd36b03010
24_POW::y : 0x7fdd2b3e7010
48_ERF::x : 0x7fdd145b0010
48_ERF::y : 0x7fdcfd779010
60_XPY::x : 0x7fdd5ebe3010
60_XPY::y : 0x7fdd4221f010
36_DOT::x : 0x7fddbad57010
36_DOT::y : 0x7fdd7be40010
24_ERF::x : 0x7fddaf63b010
24_ERF::y : 0x7fdda3f1f010
12_TGAMMA::x : 0x185f8c0
12_TGAMMA::y : 0x21874d0
12_POW::a : 0x7fddc6472010
12_POW::b : 0x7fddc08e4010
12_POW::y : 0x7fdd9e391010
84_DOT::x : 0x7fdd1a140010
84_DOT::y : 0x7fdcf2061010
48_ERF::x : 0x7fdda9aad010
48_ERF::y : 0x7fdd8755a010
12_ERF::x : 0x7fdda3f1f010
12_ERF::y : 0x7fdd819cc010
24_ERF::x : 0x7fddc08e4010
24_ERF::y : 0x7fdd6fe8b010
24_ERF::x : 0x7fdd9e391010
24_ERF::y : 0x7fdd7be3e010
24_ERF::x : 0x7fddc08e4010
24_ERF::y : 0x7fdd6fe8b010
12_POW::a : 0x7fdda3f1f010
12_POW::b : 0x7fdd9e391010
12_POW::y : 0x7fdd819cc010
84_SUM::x : 0x7fdd47dac010
60_XPY::x : 0x7fdd2b3e8010
60_XPY::y : 0x7fdd0ea24010
36_POW::a : 0x7fddaf63b010
36_POW::b : 0x7fdd9e392010
36_POW::y : 0x7fdd8d0e9010
12_POW::a : 0x7fddc6472010
12_POW::b : 0x7fddc08e4010
12_POW::y : 0x7fdd8755b010
48_XPY::x : 0x7fdcf7bed010
48_XPY::y : 0x7fdce0db6010
12_TGAMMA::x : 0x7fddcc000be0
12_TGAMMA::y : 0x7fddcc9287f0
36_POW::a : 0x7fdd7be40010
36_POW::b : 0x7fdd6a2fe010
36_POW::y : 0x7fdd59055010
12_TGAMMA::x : 0x185f8c0
12_TGAMMA::y : 0x21874d0
60_COPY::x : 0x7fdd3c691010
60_COPY::y : 0x7fdd1fccd010
48_SQRTX::x : 0x7fddb51c9010
48_SQRTX::x : 0x7fdd9e392010
60_XPY::x : 0x7fdd819ce010
60_XPY::y : 0x7fdd5ebe3010
132_SUM::x : 0x7fdce0db8010
48_ERF::x : 0x7fddb51c9010
48_ERF::y : 0x7fdd9e392010
24_ERF::x : 0x7fdd534c7010
24_ERF::y : 0x7fdd47dab010
24_ERF::x : 0x7fdd3c68f010
24_ERF::y : 0x7fdd30f73010
24_ERF::x : 0x7fdd534c7010
24_ERF::y : 0x7fdd47dab010
36_POW::a : 0x7fdd8d0e9010
36_POW::b : 0x7fdd7be40010
36_POW::y : 0x7fdd6a2fe010
120_TGAMMA::x : 0x7fddc6472010
120_TGAMMA::y : 0x7fddc08e4010
108_SUM::x : 0x7fdd145b1010
60_XPY::x : 0x7fdda3f20010
60_XPY::y : 0x7fdd4d93a010
24_POW::a : 0x7fdd4221e010
24_POW::b : 0x7fdd36b02010
24_POW::y : 0x7fdd2b3e6010
60_COPY::x : 0x7fdd8755c010
60_COPY::y : 0x7fdd0ea22010
12_ERF::x : 0x7fddc6472010
12_ERF::y : 0x7fddc08e4010
12_ERF::x : 0x7fddbad56010
12_ERF::y : 0x7fddb51c8010
120_TGAMMA::x : 0x7fddc6472010
120_TGAMMA::y : 0x7fddc08e4010
12_TGAMMA::x : 0x185f8c0
12_TGAMMA::y : 0x21874d0
48_XPY::x : 0x7fdda9aad010
48_XPY::y : 0x7fdd64770010
24_POW::a : 0x7fdd7be40010
24_POW::b : 0x7fdd59054010
24_POW::y : 0x7fdd4d938010
60_TGAMMA::x : 0x7fdda6ce6010
60_TGAMMA::y : 0x7fdda3f1f010
36_DOT::x : 0x7fddaf63b010
36_DOT::y : 0x7fdd92c76010
84_DOT::x : 0x7fdd25859010
84_DOT::y : 0x7fdcfd77a010
36_POW::a : 0x7fdd819cd010
36_POW::b : 0x7fdd6a2fe010
36_POW::y : 0x7fdd59055010
12_TGAMMA::x : 0x7fddd4000da0
12_TGAMMA::y : 0x7fddd49289b0
48_XPY::x : 0x7fddb51c9010
48_XPY::y : 0x7fdd9e392010
84_DOT::x : 0x7fdcd569b010
84_DOT::y : 0x7fdcad5bc010
36_POW::a : 0x7fddbad57010
36_POW::b : 0x7fdda9aae010
36_POW::y : 0x7fdd98805010
48_XPY::x : 0x7fdd4221e010
48_XPY::y : 0x7fdd2b3e7010
12_TGAMMA::x : 0x185f8c0
12_TGAMMA::y : 0x21874d0
84_SUM::x : 0x7fdd03308010
60_XPY::x : 0x7fdd7be41010
60_XPY::y : 0x7fdd5ebe3010
36_DOT::x : 0x7fdd1a13e010
36_DOT::y : 0x7fdd08e95010
84_SUM::x : 0x7fdd36b04010
84_DOT::x : 0x7fdda3f21010
84_DOT::y : 0x7fdce0db6010
60_COPY::x : 0x7fdd1a140010
60_COPY::y : 0x7fdcc43f2010
12_TGAMMA::x : 0x7fddd00017d0
12_TGAMMA::y : 0x7fddd09293e0
60_XPY::x : 0x7fdd8755d010
60_XPY::y : 0x7fdd5ebe3010
48_ERF::x : 0x7fdd47dac010
48_ERF::y : 0x7fdcad5bb010
36_DOT::x : 0x7fddbad57010
36_DOT::y : 0x7fdda9aae010
24_POW::a : 0x7fdd7be41010
24_POW::b : 0x7fdd3c690010
24_POW::y : 0x7fdd30f74010
84_SUM::x : 0x7fdd08e95010
36_DOT::x : 0x7fdd98805010
36_DOT::y : 0x7fdd6a2fe010
12_POW::a : 0x7fddc6472010
12_POW::b : 0x7fddc08e4010
12_POW::y : 0x7fddbad56010
120_TGAMMA::x : 0x7fddc6472010
120_TGAMMA::y : 0x7fddc08e4010
120_TGAMMA::x : 0x7fddbad56010
120_TGAMMA::y : 0x7fddb51c8010
48_XPY::x : 0x7fdd9e391010
48_XPY::y : 0x7fdd8755a010
108_SUM::x : 0x7fdd47dad010
60_COPY::x : 0x7fdd5ebe3010
60_COPY::y : 0x7fdd4221f010
48_SQRTX::x : 0x7fdd9e391010
48_SQRTX::x : 0x7fdd8755a010
48_XPY::x : 0x7fddb51c9010
48_XPY::y : 0x7fdd2b3e8010
12_ERF::x : 0x7fddaf63b010
12_ERF::y : 0x7fdda9aad010
24_POW::a : 0x7fdd9e391010
24_POW::b : 0x7fdd92c75010
24_POW::y : 0x7fdd87559010
48_XPY::x : 0x7fdd145b1010
48_XPY::y : 0x7fdcfd77a010
36_POW::a : 0x7fdd6a2fe010
36_POW::b : 0x7fdd59055010
36_POW::y : 0x7fdd47dac010
60_XPY::x : 0x7fddaf63c010
60_XPY::y : 0x7fdd2b3e8010
12_POW::a : 0x7fdda9aae010
12_POW::b : 0x7fdd819cb010
12_POW::y : 0x7fdd2585a010
36_POW::a : 0x7fdd98805010
36_POW::b : 0x7fdd8755c010
36_POW::y : 0x7fdd145b1010
132_SUM::x : 0x7fdcd569c010
84_COPY::x : 0x7fdcad5bd010
84_COPY::y : 0x7fdc854de010
84_COPY::x : 0x7fdd534c8010
84_COPY::y : 0x7fdd2b3e9010
  итерация 4: 1365364 ms
  среднее по 5 итерациям: 1365757 ms
=== Выполняется проект: no_po_29.txt (100 работ) ===
120_TGAMMA::x : 0x7fdd7be41010
120_TGAMMA::y : 0x7fdd4d93a010
48_XPY::x : 0x7fdd819cf010
48_XPY::y : 0x7fdd0ea24010
108_SUM::x : 0x7fdd98806010
84_DOT::x : 0x7fdd534c8010
84_DOT::y : 0x7fdd2585b010
24_ERF::x : 0x7fddc08e4010
24_ERF::y : 0x7fddb51c8010
132_SUM::x : 0x7fdccfb0f010
132_SUM::x : 0x7fdd0ea25010
12_POW::a : 0x7fddaf63a010
12_POW::b : 0x7fdda9aac010
12_POW::y : 0x7fdda3f1e010
48_ERF::x : 0x7fddb51c9010
48_ERF::y : 0x7fdd8d0e7010
132_SUM::x : 0x7fdc90bfa010
132_SUM::x : 0x7fdccfb10010
12_ERF::x : 0x7fddaf63b010
12_ERF::y : 0x7fdda9aad010
84_DOT::x : 0x7fdd534c8010
84_DOT::y : 0x7fdd2b3e9010
120_TGAMMA::x : 0x7fddc6472010
120_TGAMMA::y : 0x7fddc08e4010
12_POW::a : 0x7fddbad56010
12_POW::b : 0x7fddb51c8010
12_POW::y : 0x7fddaf63a010
12_POW::a : 0x7fdda9aac010
12_POW::b : 0x7fdda3f1e010
12_POW::y : 0x7fdd9e390010
60_TGAMMA::x : 0x7fddbdb1d010
60_TGAMMA::y : 0x7fddbad56010
36_DOT::x : 0x7fdd8d0e7010
36_DOT::y : 0x7fdd7be3e010
24_POW::a : 0x7fddaf63a010
24_POW::b : 0x7fdda3f1e010
24_POW::y : 0x7fdd6fe8b010
12_ERF::x : 0x7fdd9e390010
12_ERF::y : 0x7fdd98802010
12_TGAMMA::x : 0x7fddd4000da0
12_TGAMMA::y : 0x7fddd49289b0
84_SUM::x : 0x7fdd47dac010
84_SUM::x : 0x7fdd7be3f010
36_POW::a : 0x7fddbad57010
36_POW::b : 0x7fdd36b03010
36_POW::y : 0x7fdd2585a010
24_POW::a : 0x7fddaf63b010
24_POW::b : 0x7fdda3f1f010
24_POW::y : 0x7fdd6fe8b010
108_SUM::x : 0x7fdcf2060010
132_SUM::x : 0x7fdcb314b010
48_ERF::x : 0x7fdd8d0e8010
48_ERF::y : 0x7fdd59054010
24_ERF::x : 0x7fddaf63b010
24_ERF::y : 0x7fdda3f1f010
12_SQRTX::x : 0x7fddc6472010
108_SUM::x : 0x7fdd2585a010
84_SUM::x : 0x7fdcfd77b010
12_TGAMMA::x : 0x7fddd00017d0
12_TGAMMA::y : 0x7fddd09293e0
12_SQRTX::x : 0x7fddc6472010
36_POW::a : 0x7fddbad57010
36_POW::b : 0x7fdda9aae010
36_POW::y : 0x7fdd7be3f010
84_SUM::x : 0x7fdcfd77b010
12_ERF::x : 0x7fdda3f20010
12_ERF::y : 0x7fdd9e392010
132_SUM::x : 0x7fdd3c692010
108_SUM::x : 0x7fdcc9f81010
24_ERF::x : 0x7fdd9e392010
24_ERF::y : 0x7fdd92c76010
120_TGAMMA::x : 0x7fdd8d0e8010
120_TGAMMA::y : 0x7fdd36b04010
36_POW::a : 0x7fdd6a2fe010
36_POW::b : 0x7fdd59055010
36_POW::y : 0x7fdd47dac010
12_SQRTX::x : 0x7fddc6472010
12_POW::a : 0x7fddc08e4010
12_POW::b : 0x7fddbad56010
12_POW::y : 0x7fddb51c8010
60_COPY::x : 0x7fdd98804010
60_COPY::y : 0x7fdd1a140010
60_COPY::x : 0x7fdcfd77c010
60_COPY::y : 0x7fdce0db8010
24_ERF::x : 0x7fdd92c76010
24_ERF::y : 0x7fdd8755a010
48_ERF::x : 0x7fddb51c9010
48_ERF::y : 0x7fdd9e392010
120_TGAMMA::x : 0x7fdd819cc010
120_TGAMMA::y : 0x7fdd7be3e010
84_SUM::x : 0x7fdd0330a010
84_COPY::x : 0x7fdd534c8010
84_COPY::y : 0x7fdd2b3e9010
108_SUM::x : 0x7fdcf7bef010
120_TGAMMA::x : 0x7fddc6472010
120_TGAMMA::y : 0x7fddc08e4010
12_POW::a : 0x7fddbad56010
12_POW::b : 0x7fddb51c8010
12_POW::y : 0x7fddaf63a010
60_TGAMMA::x : 0x7fddbdb1d010
60_TGAMMA::y : 0x7fddbad56010
60_COPY::x : 0x7fdd9e392010
60_COPY::y : 0x7fdd819ce010
12_POW::a : 0x7fdd7be40010
12_POW::b : 0x7fdd75a19010
12_POW::y : 0x7fdd6fe8b010
48_ERF::x : 0x7fdd64770010
48_ERF::y : 0x7fdd4d939010
48_ERF::x : 0x7fdd36b02010
48_ERF::y : 0x7fdd1fccb010
48_ERF::x : 0x7fdd08e94010
48_ERF::y : 0x7fdcf205d010
48_SQRTX::x : 0x7fddb51c9010
84_COPY::x : 0x7fdd8d0ea010
84_COPY::y : 0x7fdd2585a010
36_POW::a : 0x7fdd7be41010
36_POW::b : 0x7fdd145b1010
36_POW::y : 0x7fdd03308010
12_TGAMMA::x : 0x7fddcc000be0
12_TGAMMA::y : 0x7fddcc9287f0
84_DOT::x : 0x7fdd534c8010
84_DOT::y : 0x7fdcdb229010
12_POW::a : 0x7fddc6472010
12_POW::b : 0x7fddc08e4010
12_POW::y : 0x7fddbad56010
84_COPY::x : 0x7fdcb314a010
84_COPY::y : 0x7fdc8b06b010
48_SQRTX::x : 0x7fddb51c9010
60_COPY::x : 0x7fdd98805010
60_COPY::y : 0x7fdd7be41010
12_TGAMMA::x : 0x185f8c0
12_TGAMMA::y : 0x21874d0
60_TGAMMA::x : 0x7fdd787e0010
60_TGAMMA::y : 0x7fdd75a19010
12_TGAMMA::x : 0x7fddd00017d0
12_TGAMMA::y : 0x7fddd09293e0
132_SUM::x : 0x7fdd3c692010
84_SUM::x : 0x7fdd145b3010
84_COPY::x : 0x7fdcec4d4010
84_COPY::y : 0x7fdcc43f5010
12_ERF::x : 0x7fddc6472010
12_ERF::y : 0x7fddc08e4010
36_POW::a : 0x7fddaf63b010
36_POW::b : 0x7fdd9e392010
36_POW::y : 0x7fdd8d0e9010
60_TGAMMA::x : 0x7fddc9239010
60_TGAMMA::y : 0x7fddc6472010
48_SQRTX::x : 0x7fdd64770010
48_SQRTX::x : 0x7fdd4d939010
36_POW::a : 0x7fdd7be40010
36_POW::b : 0x7fdd6a2fe010
36_POW::y : 0x7fdd3c690010
12_TGAMMA::x : 0x7fddd00017d0
12_TGAMMA::y : 0x7fddd09293e0
12_TGAMMA::x : 0x7fddcc000be0
12_TGAMMA::y : 0x7fddcc9287f0
24_POW::a : 0x7fdd92c76010
24_POW::b : 0x7fdd30f74010
24_POW::y : 0x7fdd25858010
48_XPY::x : 0x7fddb51c9010
48_XPY::y : 0x7fdd9e392010
24_ERF::x : 0x7fdd5ebe2010
24_ERF::y : 0x7fdd534c6010
48_ERF::x : 0x7fdd534c7010
48_ERF::y : 0x7fdd0ea21010
24_ERF::x : 0x7fdd92c76010
24_ERF::y : 0x7fdd30f74010
84_DOT::x : 0x7fdce6942010
84_DOT::y : 0x7fdcbe863010
48_XPY::x : 0x7fddb51c9010
48_XPY::y : 0x7fdd9e392010
84_COPY::x : 0x7fdd2b3e8010
84_COPY::y : 0x7fdc96784010
108_SUM::x : 0x7fdc62f8a010
24_ERF::x : 0x7fddc08e4010
24_ERF::y : 0x7fddb51c8010
24_POW::a : 0x7fdda9aac010
24_POW::b : 0x7fdd9e390010
24_POW::y : 0x7fdd92c74010
48_XPY::x : 0x7fddb51c9010
48_XPY::y : 0x7fdd64770010
120_TGAMMA::x : 0x7fdd8d0e6010
120_TGAMMA::y : 0x7fdd87558010
12_SQRTX::x : 0x7fddaf63b010
60_XPY::x : 0x7fdd47dac010
60_XPY::y : 0x7fdd2b3e8010
24_ERF::x : 0x7fddc08e4010
24_ERF::y : 0x7fdda3f1f010
48_XPY::x : 0x7fdd64770010
48_XPY::y : 0x7fdd145b1010
  итерация 0: 1287389 ms
120_TGAMMA::x : 0x7fdd92c78010
120_TGAMMA::y : 0x7fdd819ce010
24_POW::a : 0x7fdd8755c010
24_POW::b : 0x7fdd47dac010
24_POW::y : 0x7fdd3c690010
108_SUM::x : 0x7fdd98806010
84_DOT::x : 0x7fdd534c8010
84_DOT::y : 0x7fdd145b1010
132_SUM::x : 0x7fdcd569c010
120_TGAMMA::x : 0x7fddc6472010
120_TGAMMA::y : 0x7fddc08e4010
12_ERF::x : 0x7fddbad56010
12_ERF::y : 0x7fddb51c8010
48_ERF::x : 0x7fdda9aad010
48_ERF::y : 0x7fdd92c76010
132_SUM::x : 0x7fdd3c692010
36_DOT::x : 0x7fdd819cd010
36_DOT::y : 0x7fdd2b3e9010
48_XPY::x : 0x7fdd7be3f010
48_XPY::y : 0x7fdd2585b010
108_SUM::x : 0x7fdcf2061010
12_POW::a : 0x7fddc6472010
12_POW::b : 0x7fddc08e4010
12_POW::y : 0x7fdd75a19010
84_DOT::x : 0x7fdd98805010
84_DOT::y : 0x7fdd4d93a010
12_POW::a : 0x7fddc6472010
12_POW::b : 0x7fddc08e4010
12_POW::y : 0x7fdd92c77010
12_TGAMMA::x : 0x7fddcc000be0
12_TGAMMA::y : 0x7fddcc9287f0
132_SUM::x : 0x7fdd0ea25010
12_TGAMMA::x : 0x7fddcc000be0
12_TGAMMA::y : 0x7fddcc9287f0
24_ERF::x : 0x7fddc08e4010
24_ERF::y : 0x7fdd8d0e9010
84_SUM::x : 0x7fdce6946010
12_ERF::x : 0x7fddbad56010
12_ERF::y : 0x7fddb51c8010
48_XPY::x : 0x7fdd9e391010
48_XPY::y : 0x7fdd8755a010
48_ERF::x : 0x7fdd64770010
48_ERF::y : 0x7fdcf7bee010
12_POW::a : 0x7fddc6472010
12_POW::b : 0x7fddc08e4010
12_POW::y : 0x7fddbad56010
132_SUM::x : 0x7fdd2585b010
60_TGAMMA::x : 0x7fddc9239010
60_TGAMMA::y : 0x7fddc6472010
132_SUM::x : 0x7fdd8755d010
36_POW::a : 0x7fdd145b2010
36_POW::b : 0x7fdce6945010
36_POW::y : 0x7fdcd569c010
12_ERF::x : 0x7fddc6472010
12_ERF::y : 0x7fdd819cf010
84_SUM::x : 0x7fdd534c8010
24_ERF::x : 0x7fdd7be41010
24_ERF::y : 0x7fdd47dac010
60_COPY::x : 0x7fddaf63c010
60_COPY::y : 0x7fdd92c78010
12_POW::a : 0x7fdd8d0ea010
12_POW::b : 0x7fdd75a19010
12_POW::y : 0x7fdd6fe8b010
120_TGAMMA::x : 0x7fdd8755c010
120_TGAMMA::y : 0x7fdd819ce010
60_COPY::x : 0x7fdd5ebe3010
60_COPY::y : 0x7fdd4221f010
84_DOT::x : 0x7fdd1a140010
84_DOT::y : 0x7fdcf2061010
12_SQRTX::x : 0x7fddc6472010
24_ERF::x : 0x7fddc08e4010
24_ERF::y : 0x7fddb51c8010
84_COPY::x : 0x7fdd8d0e9010
84_COPY::y : 0x7fdcc9f82010
48_ERF::x : 0x7fdd64770010
48_ERF::y : 0x7fdd4d939010
84_SUM::x : 0x7fdca1ea3010
84_SUM::x : 0x7fdd2585a010
48_ERF::x : 0x7fddb51c9010
48_ERF::y : 0x7fdd0ea23010
24_POW::a : 0x7fdd819cd010
24_POW::b : 0x7fdd6fe8b010
24_POW::y : 0x7fdd6476f010
36_POW::a : 0x7fdd534c6010
36_POW::b : 0x7fdd4221d010
36_POW::y : 0x7fdd30f74010
12_SQRTX::x : 0x7fddaf63b010
120_TGAMMA::x : 0x7fddaf63b010
120_TGAMMA::y : 0x7fdda9aad010
84_COPY::x : 0x7fdd819ce010
84_COPY::y : 0x7fdce6944010
84_DOT::x : 0x7fdcbe865010
84_DOT::y : 0x7fdc96786010
48_ERF::x : 0x7fddb51c9010
48_ERF::y : 0x7fdd64770010
36_POW::a : 0x7fdd534c7010
36_POW::b : 0x7fdd4221e010
36_POW::y : 0x7fdd30f75010
12_TGAMMA::x : 0x185f8e0
12_TGAMMA::y : 0x21874f0
48_ERF::x : 0x7fdd9e392010
48_ERF::y : 0x7fdd8755b010
132_SUM::x : 0x7fdcf2060010
60_TGAMMA::x : 0x7fddc9239010
60_TGAMMA::y : 0x7fddc6472010
12_POW::a : 0x7fddc6472010
12_POW::b : 0x7fddc08e4010
12_POW::y : 0x7fddbad56010
12_POW::a : 0x7fdd819cd010
12_POW::b : 0x7fdd7be3f010
12_POW::y : 0x7fdd75a19010
108_SUM::x : 0x7fdd8755c010
60_COPY::x : 0x7fdd59055010
60_COPY::y : 0x7fdd3c691010
108_SUM::x : 0x7fdd08e97010
84_SUM::x : 0x7fdce0db8010
60_TGAMMA::x : 0x7fddc9239010
60_TGAMMA::y : 0x7fddc6472010
120_TGAMMA::x : 0x7fddc08e4010
120_TGAMMA::y : 0x7fddbad56010
24_POW::a : 0x7fddaf63a010
24_POW::b : 0x7fdda3f1e010
24_POW::y : 0x7fdd98802010
24_ERF::x : 0x7fdd8d0e6010
24_ERF::y : 0x7fdd819ca010
24_ERF::x : 0x7fdd6fe8b010
24_ERF::y : 0x7fdd6476f010
12_POW::a : 0x7fddc6472010
12_POW::b : 0x7fdd92c74010
12_POW::y : 0x7fdd8d0e6010
132_SUM::x : 0x7fdd3c692010
84_COPY::x : 0x7fdd145b3010
84_COPY::y : 0x7fdcec4d4010
12_TGAMMA::x : 0x7fddd00017d0
12_TGAMMA::y : 0x7fddd09293e0
36_POW::a : 0x7fddbad57010
36_POW::b : 0x7fdda9aae010
36_POW::y : 0x7fdd98805010
48_ERF::x : 0x7fdd819ce010
48_ERF::y : 0x7fdcd569d010
36_POW::a : 0x7fdd6a2fe010
36_POW::b : 0x7fdd59055010
36_POW::y : 0x7fdd47dac010
12_SQRTX::x : 0x7fddc6472010
12_TGAMMA::x : 0x7fddd00017d0
12_TGAMMA::y : 0x7fddd09293e0
108_SUM::x : 0x7fdd92c78010
48_SQRTX::x : 0x7fdd7be41010
60_TGAMMA::x : 0x7fddc9239010
60_TGAMMA::y : 0x7fddc6472010
84_SUM::x : 0x7fdd534c8010
48_SQRTX::x : 0x7fddaf63b010
48_SQRTX::x : 0x7fdd98804010
24_ERF::x : 0x7fdd8d0e8010
24_ERF::y : 0x7fdd819cc010
48_SQRTX::x : 0x7fdd64770010
12_ERF::x : 0x7fddc6472010
12_ERF::y : 0x7fdd92c76010
24_ERF::x : 0x7fddbad56010
24_ERF::y : 0x7fdd8755a010
36_POW::a : 0x7fdda9aad010
36_POW::b : 0x7fdd98804010
36_POW::y : 0x7fdd534c7010
48_XPY::x : 0x7fdd3c690010
48_XPY::y : 0x7fdd25859010
12_TGAMMA::x : 0x185f8e0
12_TGAMMA::y : 0x21874f0
60_COPY::x : 0x7fdd7be40010
60_COPY::y : 0x7fdd08e95010
24_ERF::x : 0x7fddc08e4010
24_ERF::y : 0x7fdd6fe8b010
120_TGAMMA::x : 0x7fddc6472010
120_TGAMMA::y : 0x7fddc08e4010
108_SUM::x : 0x7fdcd569b010
48_XPY::x : 0x7fdda9aad010
48_XPY::y : 0x7fdd64770010
60_XPY::x : 0x7fdd47dac010
60_XPY::y : 0x7fdd2b3e8010
12_SQRTX::x : 0x7fdda3f1f010
12_TGAMMA::x : 0x7fddd00017d0
12_TGAMMA::y : 0x7fddd09293e0
84_COPY::x : 0x7fdd819ce010
84_COPY::y : 0x7fdd03309010
84_COPY::x : 0x7fdcdb22a010
84_COPY::y : 0x7fdcb314b010
24_POW::a : 0x7fddc08e4010
24_POW::b : 0x7fddb51c8010
24_POW::y : 0x7fdd6fe8b010
48_XPY::x : 0x7fdd59054010
48_XPY::y : 0x7fdd4221d010
  итерация 1: 1277565 ms
12_POW::a : 0x7fdd92c78010
12_POW::b : 0x7fdd4d93a010
12_POW::y : 0x7fdd47dac010
24_POW::a : 0x7fdd8755c010
24_POW::b : 0x7fdd7be40010
24_POW::y : 0x7fdd3c690010
84_SUM::x : 0x7fdd534c8010
108_SUM::x : 0x7fdd98806010
12_ERF::x : 0x7fdd92c78010
12_ERF::y : 0x7fdd4d93a010
12_SQRTX::x : 0x7fdd75a19010
12_POW::a : 0x7fdd92c78010
12_POW::b : 0x7fdd6fe8b010
12_POW::y : 0x7fdd6a2fd010
84_SUM::x : 0x7fdda3f21010
120_TGAMMA::x : 0x7fdd9e393010
120_TGAMMA::y : 0x7fdd8d0ea010
84_COPY::x : 0x7fdd4221e010
84_COPY::y : 0x7fdd1a13f010
36_POW::a : 0x7fdd7be41010
36_POW::b : 0x7fdd6a2fe010
36_POW::y : 0x7fdd08e96010
36_POW::a : 0x7fddbad57010
36_POW::b : 0x7fdda9aae010
36_POW::y : 0x7fdcf7bed010
132_SUM::x : 0x7fdcb8cd8010
12_TGAMMA::x : 0x7fddcc000be0
12_TGAMMA::y : 0x7fddcc9287f0
120_TGAMMA::x : 0x7fdda3f20010
120_TGAMMA::y : 0x7fdd9e392010
12_POW::a : 0x7fdd98804010
12_POW::b : 0x7fdd92c76010
12_POW::y : 0x7fdd8d0e8010
48_ERF::x : 0x7fddb51c9010
48_ERF::y : 0x7fdd64770010
84_DOT::x : 0x7fdd3c691010
84_DOT::y : 0x7fdd145b2010
132_SUM::x : 0x7fdcd569d010
84_SUM::x : 0x7fdd8d0ea010
12_ERF::x : 0x7fddc6472010
12_ERF::y : 0x7fddc08e4010
132_SUM::x : 0x7fdcd569d010
108_SUM::x : 0x7fdd47dad010
36_DOT::x : 0x7fddbad57010
36_DOT::y : 0x7fdd7be41010
48_XPY::x : 0x7fdda3f20010
48_XPY::y : 0x7fdd30f76010
132_SUM::x : 0x7fdc96788010
24_ERF::x : 0x7fddc08e4010
24_ERF::y : 0x7fdd98804010
132_SUM::x : 0x7fdcf2061010
120_TGAMMA::x : 0x7fddbad56010
120_TGAMMA::y : 0x7fddb51c8010
84_DOT::x : 0x7fdd8d0e9010
84_DOT::y : 0x7fdd534c8010
84_DOT::x : 0x7fdcc9f82010
84_DOT::y : 0x7fdca1ea3010
24_POW::a : 0x7fddc08e4010
24_POW::b : 0x7fdd819cd010
24_POW::y : 0x7fdd47dac010
12_POW::a : 0x7fddaf63a010
12_POW::b : 0x7fdda9aac010
12_POW::y : 0x7fdda3f1e010
60_TGAMMA::x : 0x7fddbdb1d010
60_TGAMMA::y : 0x7fddbad56010
12_TGAMMA::x : 0x7fddd00017d0
12_TGAMMA::y : 0x7fddd09293e0
12_POW::a : 0x7fddb51c8010
12_POW::b : 0x7fddaf63a010
12_POW::y : 0x7fdda9aac010
48_ERF::x : 0x7fdd92c75010
48_ERF::y : 0x7fdd64770010
60_COPY::x : 0x7fdd2b3e8010
60_COPY::y : 0x7fdd0ea24010
108_SUM::x : 0x7fdcdb22a010
48_ERF::x : 0x7fddb51c9010
48_ERF::y : 0x7fdd7be3e010
36_POW::a : 0x7fdd534c7010
36_POW::b : 0x7fdcfd77b010
36_POW::y : 0x7fdcec4d2010
24_ERF::x : 0x7fdda9aad010
24_ERF::y : 0x7fdd9e391010
84_SUM::x : 0x7fdd2b3e8010
120_TGAMMA::x : 0x7fddc6472010
120_TGAMMA::y : 0x7fddc08e4010
24_ERF::x : 0x7fddb51c8010
24_ERF::y : 0x7fdda9aac010
12_SQRTX::x : 0x7fdda3f1e010
48_ERF::x : 0x7fdd92c75010
48_ERF::y : 0x7fdd7be3e010
12_TGAMMA::x : 0x185f8e0
12_TGAMMA::y : 0x21874f0
48_ERF::x : 0x7fdda9aad010
48_ERF::y : 0x7fdd64770010
60_COPY::x : 0x7fdd47dac010
60_COPY::y : 0x7fdd2b3e8010
48_SQRTX::x : 0x7fdd145b1010
84_SUM::x : 0x7fdd819ce010
60_TGAMMA::x : 0x7fddc9239010
60_TGAMMA::y : 0x7fddc6472010
12_POW::a : 0x7fddc08e4010
12_POW::b : 0x7fddbad56010
12_POW::y : 0x7fddb51c8010
36_POW::a : 0x7fdd6a2fe010
36_POW::b : 0x7fdd59055010
36_POW::y : 0x7fdd47dac010
132_SUM::x : 0x7fdd08e97010
12_TGAMMA::x : 0x7fddd00017d0
12_TGAMMA::y : 0x7fddd09293e0
120_TGAMMA::x : 0x7fddc08e4010
120_TGAMMA::y : 0x7fddbad56010
24_POW::a : 0x7fddaf63a010
24_POW::b : 0x7fdda3f1e010
24_POW::y : 0x7fdd98802010
12_ERF::x : 0x7fddc6472010
12_ERF::y : 0x7fdd92c74010
24_ERF::x : 0x7fdd87558010
24_ERF::y : 0x7fdd6fe8b010
108_SUM::x : 0x7fdd3c691010
48_ERF::x : 0x7fdda3f1f010
48_ERF::y : 0x7fdd2585a010
84_SUM::x : 0x7fdcfd77b010
12_POW::a : 0x7fddc6472010
12_POW::b : 0x7fddc08e4010
12_POW::y : 0x7fddbad56010
60_TGAMMA::x : 0x7fdda1158010
60_TGAMMA::y : 0x7fdd9e391010
48_SQRTX::x : 0x7fdd8755a010
36_POW::a : 0x7fddbad57010
36_POW::b : 0x7fdd6a2fe010
36_POW::y : 0x7fdd59055010
48_XPY::x : 0x7fdda3f20010
48_XPY::y : 0x7fdd4221e010
12_SQRTX::x : 0x7fdd9e392010
24_ERF::x : 0x7fdd7be3e010
24_ERF::y : 0x7fdd36b02010
36_POW::a : 0x7fdd92c77010
36_POW::b : 0x7fdd25859010
36_POW::y : 0x7fdd145b0010
84_COPY::x : 0x7fdcec4d1010
84_COPY::y : 0x7fdcc43f2010
48_ERF::x : 0x7fddb51c9010
48_ERF::y : 0x7fdd7be40010
84_COPY::x : 0x7fdc9c313010
84_COPY::y : 0x7fdc74234010
48_XPY::x : 0x7fdd9e392010
48_XPY::y : 0x7fdd64770010
60_TGAMMA::x : 0x7fddc9239010
60_TGAMMA::y : 0x7fddc6472010
108_SUM::x : 0x7fdd30f76010
12_TGAMMA::x : 0x7fddd00017d0
12_TGAMMA::y : 0x7fddd09293e0
24_ERF::x : 0x7fddc08e4010
24_ERF::y : 0x7fdd92c76010
12_TGAMMA::x : 0x7fddd4000da0
12_TGAMMA::y : 0x7fddd49289b0
60_COPY::x : 0x7fdda3f20010
60_COPY::y : 0x7fdd145b2010
60_COPY::x : 0x7fdcf7bee010
60_COPY::y : 0x7fdcdb22a010
84_COPY::x : 0x7fdd534c8010
84_COPY::y : 0x7fdcb314b010
84_DOT::x : 0x7fdd7be41010
84_DOT::y : 0x7fdc8b06c010
24_ERF::x : 0x7fddc08e4010
24_ERF::y : 0x7fddb51c8010
48_XPY::x : 0x7fdd3c691010
48_XPY::y : 0x7fdd2585a010
108_SUM::x : 0x7fdd819ce010
48_SQRTX::x : 0x7fddb51c9010
48_XPY::x : 0x7fdd64770010
48_XPY::y : 0x7fdd0ea23010
12_ERF::x : 0x7fdd7be40010
12_ERF::y : 0x7fdd5ebe2010
12_SQRTX::x : 0x7fddc6472010
12_TGAMMA::x : 0x7fddd4000da0
12_TGAMMA::y : 0x7fddd49289b0
24_ERF::x : 0x7fddbad56010
24_ERF::y : 0x7fddaf63a010
84_COPY::x : 0x7fdd8755b010
84_COPY::y : 0x7fdd3c691010
120_TGAMMA::x : 0x7fddc6472010
120_TGAMMA::y : 0x7fdd819cd010
132_SUM::x : 0x7fdccfb0e010
48_SQRTX::x : 0x7fddaf63b010
24_POW::a : 0x7fdd7be3f010
24_POW::b : 0x7fdd6fe8b010
24_POW::y : 0x7fdd30f75010
60_XPY::x : 0x7fdd92c77010
60_XPY::y : 0x7fdd534c7010
  итерация 2: 1300003 ms
12_POW::a : 0x7fdd7be41010
12_POW::b : 0x7fdd36b03010
12_POW::y : 0x7fdd30f75010
84_SUM::x : 0x7fdd534c8010
108_SUM::x : 0x7fdd98806010
48_XPY::x : 0x7fdd819cf010
48_XPY::y : 0x7fdd3c691010
24_ERF::x : 0x7fdd30f75010
24_ERF::y : 0x7fdd25859010
12_ERF::x : 0x7fdd7be41010
12_ERF::y : 0x7fdd75a19010
12_POW::a : 0x7fddc6472010
12_POW::b : 0x7fddc08e4010
12_POW::y : 0x7fddbad56010
120_TGAMMA::x : 0x7fddb51c8010
120_TGAMMA::y : 0x7fddaf63a010
12_TGAMMA::x : 0x7fddd00017d0
12_TGAMMA::y : 0x7fddd09293e0
132_SUM::x : 0x7fdd36b04010
132_SUM::x : 0x7fdcf7bef010
120_TGAMMA::x : 0x7fddc6472010
120_TGAMMA::y : 0x7fddc08e4010
84_DOT::x : 0x7fdd8755b010
84_DOT::y : 0x7fdd534c8010
12_POW::a : 0x7fddbad56010
12_POW::b : 0x7fdd819cd010
12_POW::y : 0x7fdd7be3f010
12_TGAMMA::x : 0x7fddcc000be0
12_TGAMMA::y : 0x7fddcc9287f0
48_ERF::x : 0x7fdcec4d3010
48_ERF::y : 0x7fdcd569c010
84_DOT::x : 0x7fdd2b3e9010
84_DOT::y : 0x7fdd0330a010
84_SUM::x : 0x7fdcad5bd010
132_SUM::x : 0x7fdd8d0eb010
108_SUM::x : 0x7fdca1ea2010
24_POW::a : 0x7fdd819cf010
24_POW::b : 0x7fdd6fe8b010
24_POW::y : 0x7fdd6476f010
132_SUM::x : 0x7fdd2585a010
24_ERF::x : 0x7fddc08e4010
24_ERF::y : 0x7fddb51c8010
84_SUM::x : 0x7fdcfd77b010
36_DOT::x : 0x7fdda3f1f010
36_DOT::y : 0x7fdd92c76010
132_SUM::x : 0x7fdcbe866010
12_POW::a : 0x7fddc6472010
12_POW::b : 0x7fddc08e4010
12_POW::y : 0x7fddbad56010
12_ERF::x : 0x7fddb51c8010
12_ERF::y : 0x7fdd8d0e8010
36_POW::a : 0x7fdda3f1f010
36_POW::b : 0x7fdd92c76010
36_POW::y : 0x7fdd7be3f010
12_SQRTX::x : 0x7fddb51c8010
108_SUM::x : 0x7fdd47dad010
120_TGAMMA::x : 0x7fddc6472010
120_TGAMMA::y : 0x7fddc08e4010
12_SQRTX::x : 0x7fddbad56010
12_ERF::x : 0x7fddbad56010
12_ERF::y : 0x7fddb51c8010
24_POW::a : 0x7fddb51c8010
24_POW::b : 0x7fdd47dac010
24_POW::y : 0x7fdd3c690010
84_SUM::x : 0x7fdd534c8010
12_TGAMMA::x : 0x7fddcc000be0
12_TGAMMA::y : 0x7fddcc9287f0
24_ERF::x : 0x7fdda9aac010
24_ERF::y : 0x7fdd9e390010
48_ERF::x : 0x7fdd87559010
48_ERF::y : 0x7fdd64770010
48_SQRTX::x : 0x7fdd25859010
120_TGAMMA::x : 0x7fddc6472010
120_TGAMMA::y : 0x7fddc08e4010
132_SUM::x : 0x7fdce6944010
60_TGAMMA::x : 0x7fddbdb1d010
60_TGAMMA::y : 0x7fddbad56010
60_TGAMMA::x : 0x7fddb7f8f010
60_TGAMMA::y : 0x7fddb51c8010
84_DOT::x : 0x7fdd8d0e9010
84_DOT::y : 0x7fdd534c8010
48_ERF::x : 0x7fdd3c691010
48_ERF::y : 0x7fdd2585a010
36_POW::a : 0x7fddbad57010
36_POW::b : 0x7fdd7be40010
36_POW::y : 0x7fdd145b1010
84_SUM::x : 0x7fdcec4d2010
12_POW::a : 0x7fddb51c9010
12_POW::b : 0x7fdd0ea23010
12_POW::y : 0x7fdd08e95010
108_SUM::x : 0x7fdcd569b010
12_POW::a : 0x7fddaf63b010
12_POW::b : 0x7fdda9aad010
12_POW::y : 0x7fdda3f1f010
48_ERF::x : 0x7fdd64770010
48_ERF::y : 0x7fdd4d939010
48_ERF::x : 0x7fddb51c9010
48_ERF::y : 0x7fdd8d0e8010
12_TGAMMA::x : 0x185f8e0
12_TGAMMA::y : 0x21874f0
24_ERF::x : 0x7fdda9aad010
24_ERF::y : 0x7fdd819cc010
60_TGAMMA::x : 0x7fdda6ce6010
60_TGAMMA::y : 0x7fdda3f1f010
60_COPY::x : 0x7fdd30f75010
60_COPY::y : 0x7fdd145b1010
24_POW::a : 0x7fdda9aad010
24_POW::b : 0x7fdd819cc010
24_POW::y : 0x7fdd6fe8b010
24_ERF::x : 0x7fdd6476f010
24_ERF::y : 0x7fdd59053010
12_POW::a : 0x7fddc6472010
12_POW::b : 0x7fddc08e4010
12_POW::y : 0x7fddbad56010
60_COPY::x : 0x7fdd8d0e9010
60_COPY::y : 0x7fdcf7bed010
108_SUM::x : 0x7fdcc43f3010
36_POW::a : 0x7fddbad57010
36_POW::b : 0x7fdda9aae010
36_POW::y : 0x7fdd7be40010
84_COPY::x : 0x7fdd534c8010
84_COPY::y : 0x7fdd2b3e9010
60_COPY::x : 0x7fdcdb229010
60_COPY::y : 0x7fdcbe865010
120_TGAMMA::x : 0x7fdda3f20010
120_TGAMMA::y : 0x7fdd9e392010
36_POW::a : 0x7fddbad57010
36_POW::b : 0x7fdda9aae010
36_POW::y : 0x7fdd8d0e9010
12_TGAMMA::x : 0x185f8e0
12_TGAMMA::y : 0x21874f0
84_DOT::x : 0x7fdd534c8010
84_DOT::y : 0x7fdd2b3e9010
84_COPY::x : 0x7fdd0330a010
84_COPY::y : 0x7fdcdb22b010
48_SQRTX::x : 0x7fdcc43f4010
48_ERF::x : 0x7fddb51c9010
48_ERF::y : 0x7fdd9e392010
36_POW::a : 0x7fdd8d0e9010
36_POW::b : 0x7fdd7be40010
36_POW::y : 0x7fdcc9f82010
60_COPY::x : 0x7fdd5ebe3010
60_COPY::y : 0x7fdd4221f010
48_XPY::x : 0x7fdd2b3e8010
48_XPY::y : 0x7fdd145b1010
48_SQRTX::x : 0x7fddb51c9010
12_SQRTX::x : 0x7fddaf63b010
84_COPY::x : 0x7fdd8d0ea010
84_COPY::y : 0x7fdcec4d2010
24_ERF::x : 0x7fdd819ce010
24_ERF::y : 0x7fdd6fe8b010
24_ERF::x : 0x7fdd6476f010
24_ERF::y : 0x7fdd59053010
12_TGAMMA::x : 0x7fddd4000da0
12_TGAMMA::y : 0x7fddd49289b0
12_ERF::x : 0x7fddc6472010
12_ERF::y : 0x7fddc08e4010
60_TGAMMA::x : 0x7fddc9239010
60_TGAMMA::y : 0x7fddc6472010
84_COPY::x : 0x7fdd30f74010
84_COPY::y : 0x7fdcc43f3010
48_ERF::x : 0x7fdd64770010
48_ERF::y : 0x7fdd1a13d010
108_SUM::x : 0x7fdc90bf9010
84_SUM::x : 0x7fdda3f21010
12_SQRTX::x : 0x7fdd75a19010
84_COPY::x : 0x7fdd7be42010
84_COPY::y : 0x7fdd08e95010
36_POW::a : 0x7fdd6a2fe010
36_POW::b : 0x7fdd59055010
36_POW::y : 0x7fdcf7bec010
120_TGAMMA::x : 0x7fdd534c7010
120_TGAMMA::y : 0x7fdd4d939010
48_XPY::x : 0x7fddb51c9010
48_XPY::y : 0x7fdd36b02010
48_SQRTX::x : 0x7fdce0db5010
12_TGAMMA::x : 0x7fddd4000da0
12_TGAMMA::y : 0x7fddd49289b0
48_XPY::x : 0x7fddb51c9010
48_XPY::y : 0x7fdd64770010
132_SUM::x : 0x7fdca1ea0010
24_POW::a : 0x7fdda9aad010
24_POW::b : 0x7fdd9e391010
24_POW::y : 0x7fdd92c75010
60_XPY::x : 0x7fdd47dac010
60_XPY::y : 0x7fdd2b3e8010
24_ERF::x : 0x7fddc08e4010
24_ERF::y : 0x7fdd87559010
48_XPY::x : 0x7fdda9aad010
48_XPY::y : 0x7fdd92c76010
  итерация 3: 1303074 ms
12_TGAMMA::x : 0x7fddd4000da0
12_TGAMMA::y : 0x7fddd49289b0
24_ERF::x : 0x7fddc08e4010
24_ERF::y : 0x7fdd7be3f010
12_POW::a : 0x7fdd92c77010
12_POW::b : 0x7fdd8d0e9010
12_POW::y : 0x7fdd8755b010
84_DOT::x : 0x7fdd98805010
84_DOT::y : 0x7fdd534c8010
12_ERF::x : 0x7fdd4d93a010
12_ERF::y : 0x7fdd47dac010
12_ERF::x : 0x7fdd4d93a010
12_ERF::y : 0x7fdd47dac010
120_TGAMMA::x : 0x7fdd92c77010
120_TGAMMA::y : 0x7fdd8d0e9010
108_SUM::x : 0x7fdd145b2010
84_DOT::x : 0x7fdcec4d3010
84_DOT::y : 0x7fdcc43f4010
120_TGAMMA::x : 0x7fddc6472010
120_TGAMMA::y : 0x7fddc08e4010
12_SQRTX::x : 0x7fddbad56010
12_TGAMMA::x : 0x7fddd00017d0
12_TGAMMA::y : 0x7fddd09293e0
36_POW::a : 0x7fddaf63b010
36_POW::b : 0x7fdd9e392010
36_POW::y : 0x7fdd7be40010
132_SUM::x : 0x7fdd3c692010
84_COPY::x : 0x7fdd145b3010
84_COPY::y : 0x7fdcec4d4010
24_ERF::x : 0x7fddc08e4010
24_ERF::y : 0x7fdd92c76010
12_ERF::x : 0x7fdd75a19010
12_ERF::y : 0x7fdd6fe8b010
36_DOT::x : 0x7fdd6a2fe010
36_DOT::y : 0x7fdd59055010
120_TGAMMA::x : 0x7fddbad56010
120_TGAMMA::y : 0x7fddb51c8010
132_SUM::x : 0x7fdcad5bf010
12_POW::a : 0x7fddc6472010
12_POW::b : 0x7fddc08e4010
12_POW::y : 0x7fddaf63a010
84_SUM::x : 0x7fdd8755b010
12_POW::a : 0x7fddc6472010
12_POW::b : 0x7fddc08e4010
12_POW::y : 0x7fddaf63a010
12_POW::a : 0x7fdda9aac010
12_POW::b : 0x7fdda3f1e010
12_POW::y : 0x7fdd9e390010
12_POW::a : 0x7fdd98802010
12_POW::b : 0x7fdd92c74010
12_POW::y : 0x7fdd8d0e6010
132_SUM::x : 0x7fdd3c692010
132_SUM::x : 0x7fdcfd77d010
24_POW::a : 0x7fddc08e4010
24_POW::b : 0x7fddb51c8010
24_POW::y : 0x7fdda9aac010
24_POW::a : 0x7fdd9e390010
24_POW::b : 0x7fdd92c74010
24_POW::y : 0x7fdd87558010
48_XPY::x : 0x7fdd64770010
48_XPY::y : 0x7fdd4d939010
132_SUM::x : 0x7fdd0ea24010
48_ERF::x : 0x7fddb51c9010
48_ERF::y : 0x7fdcf7bed010
48_ERF::x : 0x7fdd9e392010
48_ERF::y : 0x7fdd8755b010
48_ERF::x : 0x7fdd64770010
48_ERF::y : 0x7fdd4d939010
108_SUM::x : 0x7fdd1a13f010
36_POW::a : 0x7fddbad57010
36_POW::b : 0x7fdd08e96010
36_POW::y : 0x7fdcf7bed010
84_SUM::x : 0x7fdd92c78010
84_DOT::x : 0x7fdd92c78010
84_DOT::y : 0x7fdccfb0e010
24_POW::a : 0x7fdd8755c010
24_POW::b : 0x7fdd7be40010
24_POW::y : 0x7fdd4221d010
120_TGAMMA::x : 0x7fdd75a19010
120_TGAMMA::y : 0x7fdd6fe8b010
48_ERF::x : 0x7fdd59054010
48_ERF::y : 0x7fdd2b3e6010
48_ERF::x : 0x7fdd7be41010
48_ERF::y : 0x7fdd4221d010
48_XPY::x : 0x7fddb51c9010
48_XPY::y : 0x7fdd9e392010
24_ERF::x : 0x7fdd6fe8b010
24_ERF::y : 0x7fdd1fcca010
120_TGAMMA::x : 0x7fdd98804010
120_TGAMMA::y : 0x7fdd6a2fd010
12_POW::a : 0x7fdd75a19010
12_POW::b : 0x7fdd6fe8b010
12_POW::y : 0x7fdd6476f010
48_ERF::x : 0x7fdd819cd010
48_ERF::y : 0x7fdd4d938010
60_TGAMMA::x : 0x7fddc9239010
60_TGAMMA::y : 0x7fddc6472010
84_SUM::x : 0x7fdd9e393010
60_TGAMMA::x : 0x7fddc9239010
60_TGAMMA::y : 0x7fddc6472010
60_TGAMMA::x : 0x7fddc36ab010
60_TGAMMA::y : 0x7fddc08e4010
84_SUM::x : 0x7fdd98805010
84_SUM::x : 0x7fdd534c8010
84_SUM::x : 0x7fdd2b3e9010
132_SUM::x : 0x7fdcec4d4010
12_POW::a : 0x7fddc6472010
12_POW::b : 0x7fddc08e4010
12_POW::y : 0x7fdd92c77010
108_SUM::x : 0x7fdcb8cda010
12_SQRTX::x : 0x7fddbad56010
12_SQRTX::x : 0x7fddc6472010
84_COPY::x : 0x7fdd9e393010
84_COPY::y : 0x7fdd534c8010
12_TGAMMA::x : 0x7fddd00017d0
12_TGAMMA::y : 0x7fddd09293e0
48_SQRTX::x : 0x7fdd8755c010
60_COPY::x : 0x7fdd36b04010
60_COPY::y : 0x7fdccfb10010
60_COPY::x : 0x7fdd1a140010
60_COPY::y : 0x7fdcfd77c010
12_TGAMMA::x : 0x7fddd00017d0
12_TGAMMA::y : 0x7fddd09293e0
36_POW::a : 0x7fdd8d0ea010
36_POW::b : 0x7fdd7be41010
36_POW::y : 0x7fdcbe867010
24_ERF::x : 0x7fdd2b3e8010
24_ERF::y : 0x7fdd1fccc010
36_POW::a : 0x7fdd4221f010
36_POW::b : 0x7fdd0ea23010
36_POW::y : 0x7fdcfd77a010
84_DOT::x : 0x7fdda3f21010
84_DOT::y : 0x7fdd534c8010
24_ERF::x : 0x7fdd36b03010
24_ERF::y : 0x7fdd2b3e7010
12_TGAMMA::x : 0x7fddd00017d0
12_TGAMMA::y : 0x7fddd09293e0
60_COPY::x : 0x7fdd8755d010
60_COPY::y : 0x7fdce0db6010
48_SQRTX::x : 0x7fdd2b3e8010
108_SUM::x : 0x7fdcad5bc010
84_COPY::x : 0x7fdda3f21010
84_COPY::y : 0x7fdd534c8010
84_COPY::x : 0x7fdd2b3e9010
84_COPY::y : 0x7fdd0330a010
24_ERF::x : 0x7fdd98805010
24_ERF::y : 0x7fdd8d0e9010
132_SUM::x : 0x7fdcc43f5010
36_POW::a : 0x7fdd92c78010
36_POW::b : 0x7fdd819cf010
36_POW::y : 0x7fdcb314c010
108_SUM::x : 0x7fdccfb10010
12_ERF::x : 0x7fddc6472010
12_ERF::y : 0x7fddc08e4010
48_XPY::x : 0x7fdda9aad010
48_XPY::y : 0x7fdd64770010
48_SQRTX::x : 0x7fdd4d939010
60_COPY::x : 0x7fdd8d0e9010
60_COPY::y : 0x7fdd30f75010
84_COPY::x : 0x7fdd08e96010
84_COPY::y : 0x7fdce0db7010
12_TGAMMA::x : 0x7fddcc000be0
12_TGAMMA::y : 0x7fddcc9287f0
12_TGAMMA::x : 0x7fddcc000be0
12_TGAMMA::y : 0x7fddcc9287f0
60_TGAMMA::x : 0x7fddc9239010
60_TGAMMA::y : 0x7fddc6472010
48_XPY::x : 0x7fddaf63b010
48_XPY::y : 0x7fdd64770010
36_POW::a : 0x7fdd7be40010
36_POW::b : 0x7fdd534c7010
36_POW::y : 0x7fdccfb0e010
108_SUM::x : 0x7fdc9c314010
24_POW::a : 0x7fdda3f1f010
24_POW::b : 0x7fdd98803010
24_POW::y : 0x7fdd47dab010
48_ERF::x : 0x7fddb51c9010
48_ERF::y : 0x7fdd64770010
12_SQRTX::x : 0x7fddaf63b010
24_ERF::x : 0x7fdd8d0e7010
24_ERF::y : 0x7fdd819cb010
24_ERF::x : 0x7fdda3f1f010
24_ERF::y : 0x7fdd98803010
60_XPY::x : 0x7fdd47dac010
60_XPY::y : 0x7fdd2b3e8010
48_SQRTX::x : 0x7fddb51c9010
120_TGAMMA::x : 0x7fddaf63b010
120_TGAMMA::y : 0x7fdd92c75010
48_XPY::x : 0x7fdd98804010
48_XPY::y : 0x7fdd7be3e010
  итерация 4: 1311954 ms
  среднее по 5 итерациям: 1295997 ms
=== Выполняется проект: no_po_3.txt (100 работ) ===
60_TGAMMA::x : 0x7fdda1159010
60_TGAMMA::y : 0x7fdd8755b010
12_ERF::x : 0x7fddc6472010
12_ERF::y : 0x7fdda3f20010
48_ERF::x : 0x7fdd8a322010
48_ERF::y : 0x7fdd47dac010
60_XPY::x : 0x7fdda9aae010
60_XPY::y : 0x7fdd5ebe3010
36_POW::a : 0x7fdd36b03010
36_POW::b : 0x7fdd2585a010
36_POW::y : 0x7fdd145b1010
12_TGAMMA::x : 0x7fddd00017d0
12_TGAMMA::y : 0x7fddd09293e0
120_TGAMMA::x : 0x7fddc6472010
120_TGAMMA::y : 0x7fdda3f20010
12_ERF::x : 0x7fddc08e4010
12_ERF::y : 0x7fddbad56010
36_POW::a : 0x7fddb51c9010
36_POW::b : 0x7fdd6a2fe010
36_POW::y : 0x7fdd03308010
36_DOT::x : 0x7fdd92c77010
36_DOT::y : 0x7fdd819ce010
48_ERF::x : 0x7fdd8d0e9010
48_ERF::y : 0x7fdd534c7010
84_DOT::x : 0x7fdcdb229010
84_DOT::y : 0x7fdcb314a010
60_XPY::x : 0x7fdd36b03010
60_XPY::y : 0x7fdd1a13f010
60_XPY::x : 0x7fddaf63c010
60_XPY::y : 0x7fdc96786010
60_TGAMMA::x : 0x7fddac875010
60_TGAMMA::y : 0x7fdda9aae010
48_ERF::x : 0x7fdd3c690010
48_ERF::y : 0x7fdd25859010
60_XPY::x : 0x7fdd08e95010
60_XPY::y : 0x7fdcec4d1010
84_DOT::x : 0x7fdd8755d010
84_DOT::y : 0x7fdd534c8010
24_ERF::x : 0x7fddc08e4010
24_ERF::y : 0x7fddb51c8010
120_TGAMMA::x : 0x7fdd819cf010
120_TGAMMA::y : 0x7fdd7be41010
108_SUM::x : 0x7fdcb8cd7010
24_POW::a : 0x7fddc08e4010
24_POW::b : 0x7fddb51c8010
24_POW::y : 0x7fdd47dac010
48_XPY::x : 0x7fdd9e391010
48_XPY::y : 0x7fdd64770010
12_SQRTX::x : 0x7fdd98803010
24_POW::a : 0x7fddc08e4010
24_POW::b : 0x7fddb51c8010
24_POW::y : 0x7fdd8d0e7010
84_COPY::x : 0x7fdd3c691010
84_COPY::y : 0x7fdd145b2010
24_POW::a : 0x7fdd819cb010
24_POW::b : 0x7fdd08e96010
24_POW::y : 0x7fdcfd77a010
60_COPY::x : 0x7fdd98804010
60_COPY::y : 0x7fdce0db6010
24_POW::a : 0x7fddc08e4010
24_POW::b : 0x7fddb51c8010
24_POW::y : 0x7fdd8d0e8010
60_XPY::x : 0x7fdcc43f2010
60_XPY::y : 0x7fdca7a2e010
24_ERF::x : 0x7fddc08e4010
24_ERF::y : 0x7fddb51c8010
24_POW::a : 0x7fdd819cd010
24_POW::b : 0x7fdd6fe8b010
24_POW::y : 0x7fdd6476f010
84_DOT::x : 0x7fdd8d0e9010
84_DOT::y : 0x7fdcec4d3010
48_XPY::x : 0x7fddb51c9010
48_XPY::y : 0x7fdd4d938010
36_POW::a : 0x7fdd3c68f010
36_POW::b : 0x7fdd2b3e6010
36_POW::y : 0x7fdd1a13d010
48_SQRTX::x : 0x7fdd64770010
24_ERF::x : 0x7fddc08e4010
24_ERF::y : 0x7fddb51c8010
132_SUM::x : 0x7fdcdb228010
24_POW::a : 0x7fdda9aac010
24_POW::b : 0x7fdd9e390010
24_POW::y : 0x7fdd92c74010
24_ERF::x : 0x7fdd87558010
24_ERF::y : 0x7fdd6fe8b010
108_SUM::x : 0x7fdd3c691010
108_SUM::x : 0x7fdca7a2e010
48_XPY::x : 0x7fddb51c9010
48_XPY::y : 0x7fdd2585a010
12_SQRTX::x : 0x7fddaf63b010
132_SUM::x : 0x7fdd3c692010
132_SUM::x : 0x7fdce6945010
48_XPY::x : 0x7fdd9e392010
48_XPY::y : 0x7fdd8755b010
12_SQRTX::x : 0x7fddc6472010
60_XPY::x : 0x7fdcc9f81010
60_XPY::y : 0x7fdcad5bd010
12_TGAMMA::x : 0x7fddd00017d0
12_TGAMMA::y : 0x7fddd09293e0
12_ERF::x : 0x7fddc6472010
12_ERF::y : 0x7fddc08e4010
132_SUM::x : 0x7fdd3c692010
120_TGAMMA::x : 0x7fddc6472010
120_TGAMMA::y : 0x7fddc08e4010
36_DOT::x : 0x7fddaf63b010
36_DOT::y : 0x7fdd9e392010
48_ERF::x : 0x7fdd8755b010
48_ERF::y : 0x7fdd64770010
36_POW::a : 0x7fddaf63b010
36_POW::b : 0x7fdd9e392010
36_POW::y : 0x7fdd534c7010
84_COPY::x : 0x7fdd2b3e8010
84_COPY::y : 0x7fdd03309010
48_ERF::x : 0x7fdcec4d2010
48_ERF::y : 0x7fdcd569b010
120_TGAMMA::x : 0x7fddc6472010
120_TGAMMA::y : 0x7fddc08e4010
48_ERF::x : 0x7fdda9aad010
48_ERF::y : 0x7fdd92c76010
84_SUM::x : 0x7fdd534c8010
24_ERF::x : 0x7fdd8755a010
24_ERF::y : 0x7fdd7be3e010
24_ERF::x : 0x7fdd6fe8b010
24_ERF::y : 0x7fdd6476f010
48_XPY::x : 0x7fdd4d938010
48_XPY::y : 0x7fdd36b01010
60_TGAMMA::x : 0x7fddc9239010
60_TGAMMA::y : 0x7fddc6472010
24_POW::a : 0x7fddbad56010
24_POW::b : 0x7fddaf63a010
24_POW::y : 0x7fdda3f1e010
84_COPY::x : 0x7fdd7be3f010
84_COPY::y : 0x7fdd0ea22010
108_SUM::x : 0x7fdcdb228010
84_COPY::x : 0x7fdd534c8010
84_COPY::y : 0x7fdcb3149010
12_SQRTX::x : 0x7fddc6472010
12_SQRTX::x : 0x7fddc6472010
132_SUM::x : 0x7fdc74234010
120_TGAMMA::x : 0x7fddc6472010
120_TGAMMA::y : 0x7fddc08e4010
84_COPY::x : 0x7fdd98805010
84_COPY::y : 0x7fdd2b3e9010
24_ERF::x : 0x7fdd8d0e9010
24_ERF::y : 0x7fdd819cd010
120_TGAMMA::x : 0x7fddc6472010
120_TGAMMA::y : 0x7fddc08e4010
132_SUM::x : 0x7fdcec4d4010
60_COPY::x : 0x7fdd7be41010
60_COPY::y : 0x7fdd5ebe3010
120_TGAMMA::x : 0x7fdd59055010
120_TGAMMA::y : 0x7fdd2585b010
48_XPY::x : 0x7fdda9aad010
48_XPY::y : 0x7fdd4221e010
48_ERF::x : 0x7fdd92c76010
48_ERF::y : 0x7fdd7be3f010
60_TGAMMA::x : 0x7fddc9239010
60_TGAMMA::y : 0x7fddc6472010
24_POW::a : 0x7fddc08e4010
24_POW::b : 0x7fdd6fe8b010
24_POW::y : 0x7fdd6476f010
12_TGAMMA::x : 0x7fddcc000be0
12_TGAMMA::y : 0x7fddcc9287f0
48_SQRTX::x : 0x7fdda9aad010
60_COPY::x : 0x7fdd47dab010
60_COPY::y : 0x7fdd2b3e7010
48_XPY::x : 0x7fdd92c76010
48_XPY::y : 0x7fdd7be3f010
120_TGAMMA::x : 0x7fddc6472010
120_TGAMMA::y : 0x7fddc08e4010
36_DOT::x : 0x7fddaf63b010
36_DOT::y : 0x7fdd6a2fe010
108_SUM::x : 0x7fdcf7bed010
60_COPY::x : 0x7fdda3f20010
60_COPY::y : 0x7fdd8755c010
12_POW::a : 0x7fdd819ce010
12_POW::b : 0x7fdd7be40010
12_POW::y : 0x7fdd75a19010
84_DOT::x : 0x7fdd4d93a010
84_DOT::y : 0x7fdccfb0e010
132_SUM::x : 0x7fdd0ea25010
120_TGAMMA::x : 0x7fddc6472010
120_TGAMMA::y : 0x7fddc08e4010
60_XPY::x : 0x7fdda3f20010
60_XPY::y : 0x7fdd8755c010
108_SUM::x : 0x7fdd1a140010
24_ERF::x : 0x7fddc08e4010
24_ERF::y : 0x7fdd7be40010
12_TGAMMA::x : 0x7fddd00017d0
12_TGAMMA::y : 0x7fddd09293e0
84_DOT::x : 0x7fdd534c8010
84_DOT::y : 0x7fdcf2061010
  итерация 0: 1423024 ms
60_TGAMMA::x : 0x7fddc36ab010
60_TGAMMA::y : 0x7fdd7be41010
12_ERF::x : 0x7fddc6472010
12_ERF::y : 0x7fdd75a19010
60_XPY::x : 0x7fdda6ce7010
60_XPY::y : 0x7fdd59055010
84_DOT::x : 0x7fdd7ec08010
84_DOT::y : 0x7fdd30f76010
12_ERF::x : 0x7fddc6472010
12_ERF::y : 0x7fdd75a19010
60_XPY::x : 0x7fdd145b2010
60_XPY::y : 0x7fdcf7bee010
36_POW::a : 0x7fdce6945010
36_POW::b : 0x7fdcd569c010
36_POW::y : 0x7fdcc43f3010
36_DOT::x : 0x7fddbad57010
36_DOT::y : 0x7fdda9aae010
36_POW::a : 0x7fdd98805010
36_POW::b : 0x7fdd8755c010
36_POW::y : 0x7fdd6a2fe010
120_TGAMMA::x : 0x7fddc6472010
120_TGAMMA::y : 0x7fddc08e4010
24_ERF::x : 0x7fddb51c8010
24_ERF::y : 0x7fdd7be40010
12_TGAMMA::x : 0x7fddd4000da0
12_TGAMMA::y : 0x7fddd49289b0
24_POW::a : 0x7fdd5ebe2010
24_POW::b : 0x7fdd534c6010
24_POW::y : 0x7fdd47daa010
12_SQRTX::x : 0x7fddbad56010
48_ERF::x : 0x7fdd30f73010
48_ERF::y : 0x7fdd1a13c010
48_ERF::x : 0x7fdda9aad010
48_ERF::y : 0x7fdd92c76010
60_XPY::x : 0x7fdcfd778010
60_XPY::y : 0x7fdce0db4010
60_XPY::x : 0x7fdd5ebe3010
60_XPY::y : 0x7fdcc43f0010
24_POW::a : 0x7fddc08e4010
24_POW::b : 0x7fdd8755a010
24_POW::y : 0x7fdd7be3e010
84_DOT::x : 0x7fdd98805010
84_DOT::y : 0x7fdd36b04010
132_SUM::x : 0x7fdcf7bef010
84_DOT::x : 0x7fdccfb10010
84_DOT::y : 0x7fdca7a31010
48_ERF::x : 0x7fdd819ce010
48_ERF::y : 0x7fdd64770010
108_SUM::x : 0x7fdd0330a010
60_COPY::x : 0x7fddaf63c010
60_COPY::y : 0x7fdd47dac010
24_POW::a : 0x7fdda3f20010
24_POW::b : 0x7fdd98804010
24_POW::y : 0x7fdd8d0e8010
60_COPY::x : 0x7fdce6946010
60_COPY::y : 0x7fdcc9f82010
12_TGAMMA::x : 0x185f8c0
12_TGAMMA::y : 0x21874d0
24_POW::a : 0x7fdd819cc010
24_POW::b : 0x7fdd6fe8b010
24_POW::y : 0x7fdd3c690010
108_SUM::x : 0x7fdd08e96010
24_ERF::x : 0x7fddc08e4010
24_ERF::y : 0x7fddb51c8010
48_ERF::x : 0x7fdd9e391010
48_ERF::y : 0x7fdd59054010
48_SQRTX::x : 0x7fdd8755a010
24_ERF::x : 0x7fddc08e4010
24_ERF::y : 0x7fddb51c8010
24_POW::a : 0x7fdd7be3e010
24_POW::b : 0x7fdd6fe8b010
24_POW::y : 0x7fdd4d938010
84_COPY::x : 0x7fdd25859010
84_COPY::y : 0x7fdcfd77a010
48_XPY::x : 0x7fddb51c9010
48_XPY::y : 0x7fdd8755a010
36_POW::a : 0x7fdcec4d1010
36_POW::b : 0x7fdcdb228010
36_POW::y : 0x7fdcc9f7f010
48_XPY::x : 0x7fdd9e392010
48_XPY::y : 0x7fdd64770010
12_SQRTX::x : 0x7fddc6472010
84_COPY::x : 0x7fdca1ea0010
84_COPY::y : 0x7fdc79dc1010
120_TGAMMA::x : 0x7fddc6472010
120_TGAMMA::y : 0x7fddc08e4010
60_XPY::x : 0x7fdd819ce010
60_XPY::y : 0x7fdce0db6010
60_TGAMMA::x : 0x7fddbdb1d010
60_TGAMMA::y : 0x7fddbad56010
120_TGAMMA::x : 0x7fddbad56010
120_TGAMMA::y : 0x7fddb51c8010
48_ERF::x : 0x7fdd9e391010
48_ERF::y : 0x7fdd8755a010
24_ERF::x : 0x7fddc08e4010
24_ERF::y : 0x7fdd7be3e010
12_TGAMMA::x : 0x185f8c0
12_TGAMMA::y : 0x21874d0
60_TGAMMA::x : 0x7fdd787e0010
60_TGAMMA::y : 0x7fdd75a19010
24_ERF::x : 0x7fddc08e4010
24_ERF::y : 0x7fdd7be3e010
24_ERF::x : 0x7fddb51c8010
24_ERF::y : 0x7fdd6a2fd010
132_SUM::x : 0x7fdd2b3e8010
24_POW::a : 0x7fddc08e4010
24_POW::b : 0x7fdda9aac010
24_POW::y : 0x7fdd9e390010
108_SUM::x : 0x7fdcf7bee010
84_COPY::x : 0x7fdccfb0f010
84_COPY::y : 0x7fdca7a30010
60_XPY::x : 0x7fdd819cc010
60_XPY::y : 0x7fdd0ea24010
84_COPY::x : 0x7fdda3f21010
84_COPY::y : 0x7fdc7f951010
24_POW::a : 0x7fdd6fe8b010
24_POW::b : 0x7fdd6476f010
24_POW::y : 0x7fdd59053010
48_XPY::x : 0x7fdd64770010
48_XPY::y : 0x7fdd4d939010
132_SUM::x : 0x7fdd0ea24010
60_XPY::x : 0x7fdd8755d010
60_XPY::y : 0x7fdcf2060010
12_SQRTX::x : 0x7fddc6472010
132_SUM::x : 0x7fdcb314b010
132_SUM::x : 0x7fdc74236010
12_ERF::x : 0x7fddc6472010
12_ERF::y : 0x7fddc08e4010
48_XPY::x : 0x7fddb51c9010
48_XPY::y : 0x7fdd64770010
48_XPY::x : 0x7fdd9e392010
48_XPY::y : 0x7fdd8755b010
120_TGAMMA::x : 0x7fdd819cd010
120_TGAMMA::y : 0x7fdd7be3f010
120_TGAMMA::x : 0x7fdd5ebe2010
120_TGAMMA::y : 0x7fdd59054010
12_SQRTX::x : 0x7fddc6472010
60_COPY::x : 0x7fdda9aae010
60_COPY::y : 0x7fdd8d0ea010
108_SUM::x : 0x7fdd2585a010
48_ERF::x : 0x7fdd64770010
48_ERF::y : 0x7fdd4221d010
24_ERF::x : 0x7fdd819ce010
24_ERF::y : 0x7fdd36b01010
48_SQRTX::x : 0x7fdd1fcca010
120_TGAMMA::x : 0x7fddc6472010
120_TGAMMA::y : 0x7fddc08e4010
24_ERF::x : 0x7fddb51c8010
24_ERF::y : 0x7fdda9aac010
132_SUM::x : 0x7fdd03308010
132_SUM::x : 0x7fdd819cf010
108_SUM::x : 0x7fdccfb0e010
84_DOT::x : 0x7fdd534c8010
84_DOT::y : 0x7fdca7a2f010
12_TGAMMA::x : 0x7fddcc000be0
12_TGAMMA::y : 0x7fddcc9287f0
108_SUM::x : 0x7fdd98806010
48_XPY::x : 0x7fdd819cf010
48_XPY::y : 0x7fdd3c691010
36_DOT::x : 0x7fdd2b3e8010
36_DOT::y : 0x7fdd1a13f010
48_ERF::x : 0x7fdd64770010
48_ERF::y : 0x7fdd03308010
84_SUM::x : 0x7fdcdb229010
12_POW::a : 0x7fddc6472010
12_POW::b : 0x7fddc08e4010
12_POW::y : 0x7fddbad56010
60_COPY::x : 0x7fdd9e392010
60_COPY::y : 0x7fdd819ce010
120_TGAMMA::x : 0x7fddc6472010
120_TGAMMA::y : 0x7fddc08e4010
36_POW::a : 0x7fdd534c7010
36_POW::b : 0x7fdd4221e010
36_POW::y : 0x7fdd30f75010
36_DOT::x : 0x7fdd6a2fe010
36_DOT::y : 0x7fdd1fccc010
84_DOT::x : 0x7fdd98805010
84_DOT::y : 0x7fdcf7bed010
60_TGAMMA::x : 0x7fdd95a3e010
60_TGAMMA::y : 0x7fdd92c77010
48_XPY::x : 0x7fdd7be40010
48_XPY::y : 0x7fdd64770010
84_COPY::x : 0x7fdd3c691010
84_COPY::y : 0x7fdccfb0e010
120_TGAMMA::x : 0x7fddc6472010
120_TGAMMA::y : 0x7fddc08e4010
12_SQRTX::x : 0x7fddbad56010
24_POW::a : 0x7fddb51c8010
24_POW::b : 0x7fdda9aac010
24_POW::y : 0x7fdd9e390010
120_TGAMMA::x : 0x7fdd98802010
120_TGAMMA::y : 0x7fdd92c74010
  итерация 1: 1472039 ms
12_TGAMMA::x : 0x7fddcc000be0
12_TGAMMA::y : 0x7fddcc9287f0
60_TGAMMA::x : 0x7fddbdb1d010
60_TGAMMA::y : 0x7fddbad56010
12_ERF::x : 0x7fddc6472010
12_ERF::y : 0x7fddc08e4010
60_XPY::x : 0x7fdd9e392010
60_XPY::y : 0x7fdd819ce010
48_SQRTX::x : 0x7fdd64770010
60_COPY::x : 0x7fdd47dac010
60_COPY::y : 0x7fdd2b3e8010
36_POW::a : 0x7fddbad57010
36_POW::b : 0x7fdd1a13f010
36_POW::y : 0x7fdd08e96010
60_XPY::x : 0x7fdcec4d2010
60_XPY::y : 0x7fdccfb0e010
60_XPY::x : 0x7fdd9e393010
60_XPY::y : 0x7fdd819cf010
60_COPY::x : 0x7fdd5ebe3010
60_COPY::y : 0x7fdd4221f010
24_POW::a : 0x7fddc08e4010
24_POW::b : 0x7fdd36b03010
24_POW::y : 0x7fdd2b3e7010
132_SUM::x : 0x7fdcec4d2010
48_XPY::x : 0x7fdd2b3e8010
48_XPY::y : 0x7fdcd569b010
24_ERF::x : 0x7fddc08e4010
24_ERF::y : 0x7fddb51c8010
36_DOT::x : 0x7fdda3f1f010
36_DOT::y : 0x7fdd92c76010
60_XPY::x : 0x7fdd5ebe3010
60_XPY::y : 0x7fdd4221f010
84_DOT::x : 0x7fdd03309010
84_DOT::y : 0x7fdcad5bc010
12_ERF::x : 0x7fddc6472010
12_ERF::y : 0x7fddc08e4010
108_SUM::x : 0x7fdd8d0ea010
120_TGAMMA::x : 0x7fddc6472010
120_TGAMMA::y : 0x7fddc08e4010
48_ERF::x : 0x7fdd145b2010
48_ERF::y : 0x7fdcfd77b010
84_COPY::x : 0x7fdd534c8010
84_COPY::y : 0x7fdd2b3e9010
132_SUM::x : 0x7fdd819cf010
60_XPY::x : 0x7fdce0db7010
60_XPY::y : 0x7fdcc43f3010
132_SUM::x : 0x7fdc854de010
84_DOT::x : 0x7fdda3f21010
84_DOT::y : 0x7fdd7be42010
120_TGAMMA::x : 0x7fdd75a19010
120_TGAMMA::y : 0x7fdd6fe8b010
24_ERF::x : 0x7fdd6476f010
24_ERF::y : 0x7fdd59053010
36_POW::a : 0x7fdd47daa010
36_POW::b : 0x7fdd36b01010
36_POW::y : 0x7fdd25858010
84_DOT::x : 0x7fdda3f21010
84_DOT::y : 0x7fdd7be42010
48_ERF::x : 0x7fdd59054010
48_ERF::y : 0x7fdd0ea21010
132_SUM::x : 0x7fdccfb0c010
48_ERF::x : 0x7fddb51c9010
48_ERF::y : 0x7fdd9e392010
24_ERF::x : 0x7fdd534c7010
24_ERF::y : 0x7fdd47dab010
60_COPY::x : 0x7fdd819ce010
60_COPY::y : 0x7fdd5ebe3010
24_POW::a : 0x7fdd3c68f010
24_POW::b : 0x7fdd30f73010
24_POW::y : 0x7fdd25857010
108_SUM::x : 0x7fdcf205d010
48_ERF::x : 0x7fddb51c9010
48_ERF::y : 0x7fdd9e392010
12_SQRTX::x : 0x7fdd98804010
24_POW::a : 0x7fdd92c76010
24_POW::b : 0x7fdd8755a010
24_POW::y : 0x7fdd7be3e010
12_SQRTX::x : 0x7fdd75a19010
84_DOT::x : 0x7fdd4d93a010
84_DOT::y : 0x7fdd2585b010
84_DOT::x : 0x7fdcfd77c010
84_DOT::y : 0x7fdcd569d010
60_TGAMMA::x : 0x7fddc9239010
60_TGAMMA::y : 0x7fddc6472010
24_POW::a : 0x7fddbad56010
24_POW::b : 0x7fddaf63a010
24_POW::y : 0x7fdda3f1e010
108_SUM::x : 0x7fdca1ea3010
48_XPY::x : 0x7fdd8d0e7010
48_XPY::y : 0x7fdd64770010
132_SUM::x : 0x7fdd2585b010
24_POW::a : 0x7fddc08e4010
24_POW::b : 0x7fddb51c8010
24_POW::y : 0x7fdda9aac010
120_TGAMMA::x : 0x7fdda3f1e010
120_TGAMMA::y : 0x7fdd87559010
36_POW::a : 0x7fdd92c75010
36_POW::b : 0x7fdd6a2fe010
36_POW::y : 0x7fdd145b2010
48_XPY::x : 0x7fdd534c7010
48_XPY::y : 0x7fdd3c690010
84_COPY::x : 0x7fdcec4d3010
84_COPY::y : 0x7fdcc43f4010
12_TGAMMA::x : 0x7fddcc000be0
12_TGAMMA::y : 0x7fddcc9287f0
60_TGAMMA::x : 0x7fddc9239010
60_TGAMMA::y : 0x7fddc6472010
24_POW::a : 0x7fddbad56010
24_POW::b : 0x7fddaf63a010
24_POW::y : 0x7fdda3f1e010
120_TGAMMA::x : 0x7fdd9e390010
120_TGAMMA::y : 0x7fdd98802010
84_COPY::x : 0x7fdd534c8010
84_COPY::y : 0x7fdd2b3e9010
48_ERF::x : 0x7fdd819cb010
48_ERF::y : 0x7fdd145b2010
24_ERF::x : 0x7fddc08e4010
24_ERF::y : 0x7fddb51c8010
48_SQRTX::x : 0x7fdd9e391010
36_POW::a : 0x7fddbad57010
36_POW::b : 0x7fdd03309010
36_POW::y : 0x7fdcf2060010
24_ERF::x : 0x7fdd92c75010
24_ERF::y : 0x7fdd87559010
48_ERF::x : 0x7fdda3f20010
48_ERF::y : 0x7fdd145b2010
24_ERF::x : 0x7fdd98804010
24_ERF::y : 0x7fdd8d0e8010
60_XPY::x : 0x7fdd5ebe3010
60_XPY::y : 0x7fdd4221f010
84_COPY::x : 0x7fdcec4d3010
84_COPY::y : 0x7fdcc43f4010
60_XPY::x : 0x7fdd8755c010
60_XPY::y : 0x7fdca7a30010
60_TGAMMA::x : 0x7fddc9239010
60_TGAMMA::y : 0x7fddc6472010
24_POW::a : 0x7fddc08e4010
24_POW::b : 0x7fddb51c8010
24_POW::y : 0x7fdda9aac010
36_DOT::x : 0x7fdd6a2fe010
36_DOT::y : 0x7fdd59055010
120_TGAMMA::x : 0x7fdda3f1e010
120_TGAMMA::y : 0x7fdd9e390010
12_SQRTX::x : 0x7fdd98802010
108_SUM::x : 0x7fdd47dad010
84_COPY::x : 0x7fdd1fcce010
84_COPY::y : 0x7fdcf7bef010
12_SQRTX::x : 0x7fddc6472010
48_XPY::x : 0x7fddb51c9010
48_XPY::y : 0x7fdd87559010
24_POW::a : 0x7fdda9aad010
24_POW::b : 0x7fdd9e391010
24_POW::y : 0x7fdcec4d3010
120_TGAMMA::x : 0x7fdd819cb010
120_TGAMMA::y : 0x7fdd75a19010
120_TGAMMA::x : 0x7fddc6472010
120_TGAMMA::y : 0x7fddc08e4010
12_ERF::x : 0x7fddbad56010
12_ERF::y : 0x7fddb51c8010
48_ERF::x : 0x7fdd9e391010
48_ERF::y : 0x7fdd8755a010
108_SUM::x : 0x7fdd4221f010
84_SUM::x : 0x7fdd1a140010
120_TGAMMA::x : 0x7fddbad56010
120_TGAMMA::y : 0x7fddb51c8010
48_XPY::x : 0x7fdd64770010
48_XPY::y : 0x7fdd4d939010
12_POW::a : 0x7fddc6472010
12_POW::b : 0x7fddc08e4010
12_POW::y : 0x7fddaf63a010
60_COPY::x : 0x7fdd92c76010
60_COPY::y : 0x7fdd30f75010
24_ERF::x : 0x7fddc08e4010
24_ERF::y : 0x7fdd8755a010
12_TGAMMA::x : 0x185f8c0
12_TGAMMA::y : 0x21874d0
108_SUM::x : 0x7fdcfd77b010
48_XPY::x : 0x7fdd64770010
48_XPY::y : 0x7fdd4d939010
48_XPY::x : 0x7fddb51c9010
48_XPY::y : 0x7fdd7be3f010
12_SQRTX::x : 0x7fddaf63b010
132_SUM::x : 0x7fdd0ea24010
12_TGAMMA::x : 0x7fddcc000be0
12_TGAMMA::y : 0x7fddcc9287f0
24_ERF::x : 0x7fdda9aad010
24_ERF::y : 0x7fdd9e391010
132_SUM::x : 0x7fdccfb0f010
36_DOT::x : 0x7fddbad57010
36_DOT::y : 0x7fdd8d0e8010
120_TGAMMA::x : 0x7fddb51c9010
120_TGAMMA::y : 0x7fddaf63b010
  итерация 2: 1459810 ms
12_ERF::x : 0x7fddaf63b010
12_ERF::y : 0x7fdd819cd010
12_ERF::x : 0x7fddc6472010
12_ERF::y : 0x7fdda9aad010
36_POW::a : 0x7fdd98804010
36_POW::b : 0x7fdd8755b010
36_POW::y : 0x7fdd6a2fe010
36_DOT::x : 0x7fddb51c9010
36_DOT::y : 0x7fdd59055010
60_TGAMMA::x : 0x7fddc9239010
60_TGAMMA::y : 0x7fddc6472010
60_COPY::x : 0x7fdd3c691010
60_COPY::y : 0x7fdd1fccd010
48_ERF::x : 0x7fddaf63b010
48_ERF::y : 0x7fdd08e96010
36_POW::a : 0x7fdd59055010
36_POW::b : 0x7fdcf7bed010
36_POW::y : 0x7fdce6944010
60_XPY::x : 0x7fdd92c77010
60_XPY::y : 0x7fdcc9f80010
12_SQRTX::x : 0x7fddc6472010
24_ERF::x : 0x7fdd6fe8b010
24_ERF::y : 0x7fdd4d939010
48_XPY::x : 0x7fddaf63b010
48_XPY::y : 0x7fdd7be40010
24_POW::a : 0x7fdd6476f010
24_POW::b : 0x7fdd4221d010
24_POW::y : 0x7fdd36b01010
84_COPY::x : 0x7fdd0ea22010
84_COPY::y : 0x7fdca1ea1010
24_POW::a : 0x7fdda3f1f010
24_POW::b : 0x7fdd98803010
24_POW::y : 0x7fdd6fe8b010
84_COPY::x : 0x7fdce6943010
84_COPY::y : 0x7fdc79dc2010
108_SUM::x : 0x7fdd3c691010
60_XPY::x : 0x7fddaf63c010
60_XPY::y : 0x7fdd92c78010
36_POW::a : 0x7fdd819cf010
36_POW::b : 0x7fdd6a2fe010
36_POW::y : 0x7fdd59055010
84_COPY::x : 0x7fdd30f76010
84_COPY::y : 0x7fdcbe864010
84_DOT::x : 0x7fdd08e97010
84_DOT::y : 0x7fdc96785010
60_XPY::x : 0x7fddaf63c010
60_XPY::y : 0x7fdd92c78010
60_XPY::x : 0x7fdd5ebe3010
60_XPY::y : 0x7fdcec4d3010
120_TGAMMA::x : 0x7fdd8d0ea010
120_TGAMMA::y : 0x7fdd8755c010
12_TGAMMA::x : 0x7fddd00017d0
12_TGAMMA::y : 0x7fddd09293e0
48_ERF::x : 0x7fddb51c9010
48_ERF::y : 0x7fdd9e392010
120_TGAMMA::x : 0x7fdd98804010
120_TGAMMA::y : 0x7fdd819ce010
84_DOT::x : 0x7fdd534c8010
84_DOT::y : 0x7fdd2b3e9010
48_XPY::x : 0x7fddb51c9010
48_XPY::y : 0x7fdd9e392010
24_POW::a : 0x7fdd6fe8b010
24_POW::b : 0x7fdd6476f010
24_POW::y : 0x7fdd59053010
60_COPY::x : 0x7fdd3c68f010
60_COPY::y : 0x7fdd1fccb010
48_SQRTX::x : 0x7fdd8755b010
60_XPY::x : 0x7fdd5ebe3010
60_XPY::y : 0x7fdd03307010
24_POW::a : 0x7fdd92c76010
24_POW::b : 0x7fdd8755a010
24_POW::y : 0x7fdd7be3e010
120_TGAMMA::x : 0x7fddc6472010
120_TGAMMA::y : 0x7fddc08e4010
48_ERF::x : 0x7fdda9aad010
48_ERF::y : 0x7fdd47dac010
84_DOT::x : 0x7fdd1fccd010
84_DOT::y : 0x7fdcf7bee010
108_SUM::x : 0x7fdcc43f4010
132_SUM::x : 0x7fdc854df010
132_SUM::x : 0x7fdd8d0eb010
12_SQRTX::x : 0x7fdd8755d010
48_SQRTX::x : 0x7fdd64770010
24_ERF::x : 0x7fdd819cf010
24_ERF::y : 0x7fdd59054010
48_XPY::x : 0x7fdd4221d010
48_XPY::y : 0x7fdd2b3e6010
12_TGAMMA::x : 0x7fddd4000da0
12_TGAMMA::y : 0x7fddd49289b0
60_COPY::x : 0x7fddaf63c010
60_COPY::y : 0x7fdd92c78010
48_ERF::x : 0x7fdd7be41010
48_ERF::y : 0x7fdd145af010
108_SUM::x : 0x7fdce0db5010
120_TGAMMA::x : 0x7fdd75a19010
120_TGAMMA::y : 0x7fdd6fe8b010
84_COPY::x : 0x7fdd47dac010
84_COPY::y : 0x7fdcec4d0010
12_SQRTX::x : 0x7fddc6472010
24_ERF::x : 0x7fddbad56010
24_ERF::y : 0x7fddaf63a010
84_DOT::x : 0x7fdd8755b010
84_DOT::y : 0x7fdd1fccd010
24_POW::a : 0x7fdd7be3f010
24_POW::b : 0x7fdd6fe8b010
24_POW::y : 0x7fdd145b1010
84_DOT::x : 0x7fdcc43f1010
84_DOT::y : 0x7fdc9c312010
48_ERF::x : 0x7fddb51c9010
48_ERF::y : 0x7fdd9e392010
24_POW::a : 0x7fdd92c76010
24_POW::b : 0x7fdd8755a010
24_POW::y : 0x7fdd7be3e010
120_TGAMMA::x : 0x7fdd75a19010
120_TGAMMA::y : 0x7fdd6fe8b010
60_TGAMMA::x : 0x7fdd6d0c4010
60_TGAMMA::y : 0x7fdd6a2fd010
132_SUM::x : 0x7fdd2b3e8010
48_XPY::x : 0x7fddb51c9010
48_XPY::y : 0x7fdd9e392010
60_TGAMMA::x : 0x7fdd9b5cb010
60_TGAMMA::y : 0x7fdd98804010
12_ERF::x : 0x7fdd92c76010
12_ERF::y : 0x7fdd8d0e8010
12_SQRTX::x : 0x7fdd92c76010
36_POW::a : 0x7fdd819cd010
36_POW::b : 0x7fdd6a2fe010
36_POW::y : 0x7fdd1a13f010
48_XPY::x : 0x7fdd534c7010
48_XPY::y : 0x7fdd3c690010
24_ERF::x : 0x7fdd92c76010
24_ERF::y : 0x7fdd30f74010
12_POW::a : 0x7fddc6472010
12_POW::b : 0x7fddc08e4010
12_POW::y : 0x7fddbad56010
48_XPY::x : 0x7fdda3f1f010
48_XPY::y : 0x7fdd03308010
108_SUM::x : 0x7fdccfb0e010
24_ERF::x : 0x7fddc08e4010
24_ERF::y : 0x7fdd98803010
24_ERF::x : 0x7fdd8d0e7010
24_ERF::y : 0x7fdd819cb010
120_TGAMMA::x : 0x7fddc6472010
120_TGAMMA::y : 0x7fddc08e4010
120_TGAMMA::x : 0x7fddbad56010
120_TGAMMA::y : 0x7fdd9e391010
108_SUM::x : 0x7fdd47dad010
132_SUM::x : 0x7fdd08e98010
132_SUM::x : 0x7fdcc9f83010
24_ERF::x : 0x7fddaf63a010
24_ERF::y : 0x7fdd92c75010
24_POW::a : 0x7fddc08e4010
24_POW::b : 0x7fdd87559010
24_POW::y : 0x7fdd6fe8b010
24_ERF::x : 0x7fdda3f1e010
24_ERF::y : 0x7fdd6476f010
120_TGAMMA::x : 0x7fddbad56010
120_TGAMMA::y : 0x7fddb51c8010
48_XPY::x : 0x7fdd4d938010
48_XPY::y : 0x7fdd36b01010
60_XPY::x : 0x7fdd98804010
60_XPY::y : 0x7fdd1a13d010
48_ERF::x : 0x7fdd819cd010
48_ERF::y : 0x7fdd64770010
60_COPY::x : 0x7fdd47dac010
60_COPY::y : 0x7fdcfd779010
36_DOT::x : 0x7fddbad57010
36_DOT::y : 0x7fdd36b03010
60_XPY::x : 0x7fdd9e393010
60_XPY::y : 0x7fdd1a13f010
60_TGAMMA::x : 0x7fddc9239010
60_TGAMMA::y : 0x7fddc6472010
12_TGAMMA::x : 0x7fddcc000be0
12_TGAMMA::y : 0x7fddcc9287f0
84_COPY::x : 0x7fdcd569a010
84_COPY::y : 0x7fdcad5bb010
48_ERF::x : 0x7fdd8755c010
48_ERF::y : 0x7fdd64770010
12_SQRTX::x : 0x7fddc6472010
12_TGAMMA::x : 0x7fddd4000da0
12_TGAMMA::y : 0x7fddd49289b0
24_POW::a : 0x7fddc08e4010
24_POW::b : 0x7fdd7be40010
24_POW::y : 0x7fdd59054010
120_TGAMMA::x : 0x7fddbad56010
120_TGAMMA::y : 0x7fddb51c8010
36_DOT::x : 0x7fdda3f1f010
36_DOT::y : 0x7fdd92c76010
84_SUM::x : 0x7fdd534c8010
132_SUM::x : 0x7fdd145b3010
132_SUM::x : 0x7fdcd569e010
108_SUM::x : 0x7fdd819ce010
  итерация 3: 1460565 ms
12_ERF::x : 0x7fddc6472010
12_ERF::y : 0x7fddaf63b010
36_DOT::x : 0x7fdd7be40010
36_DOT::y : 0x7fdd4221f010
36_POW::a : 0x7fddb51c9010
36_POW::b : 0x7fdd9e392010
36_POW::y : 0x7fdd8d0e9010
84_COPY::x : 0x7fdd534c8010
84_COPY::y : 0x7fdd1a140010
36_POW::a : 0x7fdd08e97010
36_POW::b : 0x7fdcf7bee010
36_POW::y : 0x7fdce6945010
12_ERF::x : 0x7fddc6472010
12_ERF::y : 0x7fddaf63b010
48_ERF::x : 0x7fdccfb0e010
48_ERF::y : 0x7fdcb8cd7010
60_XPY::x : 0x7fddaf63c010
60_XPY::y : 0x7fdd92c78010
12_TGAMMA::x : 0x7fddd4000da0
12_TGAMMA::y : 0x7fddd49289b0
48_XPY::x : 0x7fdd7be41010
48_XPY::y : 0x7fdd03309010
60_COPY::x : 0x7fdd5ebe3010
60_COPY::y : 0x7fdd4221f010
60_TGAMMA::x : 0x7fdd3f458010
60_TGAMMA::y : 0x7fdd3c691010
24_ERF::x : 0x7fdd36b03010
24_ERF::y : 0x7fdd2b3e7010
120_TGAMMA::x : 0x7fdd8d0ea010
120_TGAMMA::y : 0x7fdd8755c010
24_ERF::x : 0x7fddc08e4010
24_ERF::y : 0x7fddb51c8010
60_XPY::x : 0x7fdd98804010
60_XPY::y : 0x7fdd2585b010
24_ERF::x : 0x7fdd7be40010
24_ERF::y : 0x7fdd6fe8b010
60_XPY::x : 0x7fdd534c7010
60_XPY::y : 0x7fdd08e97010
24_POW::a : 0x7fddc08e4010
24_POW::b : 0x7fddb51c8010
24_POW::y : 0x7fdd8d0e8010
36_POW::a : 0x7fdd7be3f010
36_POW::b : 0x7fdcf7bee010
36_POW::y : 0x7fdce6945010
24_ERF::x : 0x7fdda9aac010
24_ERF::y : 0x7fdd9e390010
84_DOT::x : 0x7fdd2b3e8010
84_DOT::y : 0x7fdcbe866010
12_SQRTX::x : 0x7fddc6472010
24_POW::a : 0x7fddbad56010
24_POW::b : 0x7fddaf63a010
24_POW::y : 0x7fdda3f1e010
48_XPY::x : 0x7fdd64770010
48_XPY::y : 0x7fdd145b1010
48_ERF::x : 0x7fdd8d0e7010
48_ERF::y : 0x7fdcfd77a010
48_ERF::x : 0x7fddb51c9010
48_ERF::y : 0x7fdca7a2f010
60_XPY::x : 0x7fdd47dac010
60_XPY::y : 0x7fdd2b3e8010
48_XPY::x : 0x7fdd64770010
48_XPY::y : 0x7fdd145b1010
60_XPY::x : 0x7fdd98805010
60_XPY::y : 0x7fdd7be41010
84_DOT::x : 0x7fdcec4d2010
84_DOT::y : 0x7fdcc43f3010
48_ERF::x : 0x7fddb51c9010
48_ERF::y : 0x7fdd64770010
108_SUM::x : 0x7fdd30f76010
48_SQRTX::x : 0x7fdd9e392010
84_DOT::x : 0x7fdd3c691010
84_DOT::y : 0x7fdd145b2010
24_POW::a : 0x7fddc08e4010
24_POW::b : 0x7fdd92c76010
24_POW::y : 0x7fdd8755a010
60_TGAMMA::x : 0x7fddbdb1d010
60_TGAMMA::y : 0x7fddbad56010
24_POW::a : 0x7fddaf63a010
24_POW::b : 0x7fdda3f1e010
24_POW::y : 0x7fdd7be3e010
84_COPY::x : 0x7fdcec4d3010
84_COPY::y : 0x7fdcc43f4010
24_ERF::x : 0x7fddc08e4010
24_ERF::y : 0x7fdd98802010
24_POW::a : 0x7fdd8d0e6010
24_POW::b : 0x7fdd6fe8b010
24_POW::y : 0x7fdd6476f010
132_SUM::x : 0x7fdd2585a010
84_DOT::x : 0x7fdda3f21010
84_DOT::y : 0x7fdc9c315010
48_ERF::x : 0x7fdd8d0ea010
48_ERF::y : 0x7fdd64770010
132_SUM::x : 0x7fdd2585b010
108_SUM::x : 0x7fdcf2061010
12_TGAMMA::x : 0x7fddd00017d0
12_TGAMMA::y : 0x7fddd09293e0
48_SQRTX::x : 0x7fddb51c9010
84_COPY::x : 0x7fdd8d0ea010
84_COPY::y : 0x7fdcc9f82010
120_TGAMMA::x : 0x7fdd8755c010
120_TGAMMA::y : 0x7fdd819ce010
24_POW::a : 0x7fdd6fe8b010
24_POW::b : 0x7fdd6476f010
24_POW::y : 0x7fdd59053010
36_DOT::x : 0x7fddbad57010
36_DOT::y : 0x7fdd47daa010
120_TGAMMA::x : 0x7fddb51c9010
120_TGAMMA::y : 0x7fdd7be40010
12_SQRTX::x : 0x7fddc6472010
108_SUM::x : 0x7fdd47dad010
132_SUM::x : 0x7fdd08e98010
36_POW::a : 0x7fddbad57010
36_POW::b : 0x7fdda3f20010
36_POW::y : 0x7fdd92c77010
48_ERF::x : 0x7fdd64770010
48_ERF::y : 0x7fdd4d939010
84_DOT::x : 0x7fdd2585a010
84_DOT::y : 0x7fdcfd77b010
108_SUM::x : 0x7fdcc9f81010
84_COPY::x : 0x7fdda3f21010
84_COPY::y : 0x7fdd7be42010
84_SUM::x : 0x7fdd534c8010
12_TGAMMA::x : 0x7fddcc000be0
12_TGAMMA::y : 0x7fddcc9287f0
108_SUM::x : 0x7fdcc9f81010
120_TGAMMA::x : 0x7fdd4d93a010
120_TGAMMA::y : 0x7fdd47dac010
48_XPY::x : 0x7fdd64770010
48_XPY::y : 0x7fdd30f75010
60_TGAMMA::x : 0x7fdd619a9010
60_TGAMMA::y : 0x7fdd5ebe2010
48_XPY::x : 0x7fddb51c9010
48_XPY::y : 0x7fdd9e392010
12_TGAMMA::x : 0x7fddd4000da0
12_TGAMMA::y : 0x7fddd49289b0
60_COPY::x : 0x7fdd819ce010
60_COPY::y : 0x7fdd2b3e8010
60_XPY::x : 0x7fdd0ea24010
60_XPY::y : 0x7fdcf2060010
60_COPY::x : 0x7fdd5ebe3010
60_COPY::y : 0x7fdcd569c010
132_SUM::x : 0x7fdc96787010
120_TGAMMA::x : 0x7fdd9e393010
120_TGAMMA::y : 0x7fdd98805010
84_COPY::x : 0x7fdda3f21010
84_COPY::y : 0x7fdcad5bd010
24_POW::a : 0x7fdd8d0e9010
24_POW::b : 0x7fdd819cd010
24_POW::y : 0x7fdd534c7010
24_ERF::x : 0x7fdd6fe8b010
24_ERF::y : 0x7fdd6476f010
48_XPY::x : 0x7fdd3c690010
48_XPY::y : 0x7fdd25859010
120_TGAMMA::x : 0x7fdd9e393010
120_TGAMMA::y : 0x7fdd98805010
36_DOT::x : 0x7fddbad57010
36_DOT::y : 0x7fdda9aae010
132_SUM::x : 0x7fdce6944010
60_TGAMMA::x : 0x7fddc9239010
60_TGAMMA::y : 0x7fddc6472010
12_SQRTX::x : 0x7fddc08e4010
108_SUM::x : 0x7fdd47dad010
12_POW::a : 0x7fddc08e4010
12_POW::b : 0x7fddbad56010
12_POW::y : 0x7fddb51c8010
120_TGAMMA::x : 0x7fddaf63a010
120_TGAMMA::y : 0x7fdda9aac010
24_ERF::x : 0x7fdd9e390010
24_ERF::y : 0x7fdd92c74010
12_SQRTX::x : 0x7fddc6472010
120_TGAMMA::x : 0x7fddc08e4010
120_TGAMMA::y : 0x7fddbad56010
132_SUM::x : 0x7fdd3c692010
48_ERF::x : 0x7fdd92c75010
48_ERF::y : 0x7fdd7be3e010
120_TGAMMA::x : 0x7fddc6472010
120_TGAMMA::y : 0x7fddb51c8010
60_COPY::x : 0x7fdd5ebe3010
60_COPY::y : 0x7fdd4221f010
12_SQRTX::x : 0x7fddc08e4010
60_XPY::x : 0x7fdd2585b010
60_XPY::y : 0x7fdd08e97010
24_POW::a : 0x7fddbad56010
24_POW::b : 0x7fdda9aac010
24_POW::y : 0x7fdd9e390010
48_XPY::x : 0x7fdd87559010
48_XPY::y : 0x7fdcf2060010
12_ERF::x : 0x7fddc6472010
12_ERF::y : 0x7fddb51c8010
132_SUM::x : 0x7fdcb314b010
24_ERF::x : 0x7fddbad56010
24_ERF::y : 0x7fdda9aac010
  итерация 4: 1427860 ms
  среднее по 5 итерациям: 1448659 ms
=== Выполняется проект: no_po_30.txt (100 работ) ===
60_TGAMMA::x : 0x7fddc9239010
60_TGAMMA::y : 0x7fdd819ce010
48_SQRTX::x : 0x7fdd84795010
36_DOT::x : 0x7fdd9b5cc010
36_DOT::y : 0x7fdd6a2fe010
60_COPY::x : 0x7fddac875010
60_COPY::y : 0x7fdd4d93a010
24_POW::a : 0x7fdda1159010
24_POW::b : 0x7fdd6fe8b010
24_POW::y : 0x7fdd4221e010
84_DOT::x : 0x7fdd1a13f010
84_DOT::y : 0x7fdcf2060010
84_DOT::x : 0x7fdcc9f81010
84_DOT::y : 0x7fdca1ea2010
12_ERF::x : 0x7fddc6472010
12_ERF::y : 0x7fddc08e4010
84_SUM::x : 0x7fdd98805010
36_POW::a : 0x7fdd8755c010
36_POW::b : 0x7fdd6a2fe010
36_POW::y : 0x7fdd59055010
24_ERF::x : 0x7fddc08e4010
24_ERF::y : 0x7fdd7be40010
60_XPY::x : 0x7fdda3f20010
60_XPY::y : 0x7fdd3c691010
48_XPY::x : 0x7fdd2585a010
48_XPY::y : 0x7fdd0ea23010
12_ERF::x : 0x7fddc6472010
12_ERF::y : 0x7fddc08e4010
48_ERF::x : 0x7fdcf7bec010
48_ERF::y : 0x7fdce0db5010
108_SUM::x : 0x7fdcad5bb010
84_COPY::x : 0x7fdd7be41010
84_COPY::y : 0x7fdd145b2010
36_POW::a : 0x7fddbad57010
36_POW::b : 0x7fdda9aae010
36_POW::y : 0x7fdd6a2fe010
120_TGAMMA::x : 0x7fdda3f20010
120_TGAMMA::y : 0x7fdd64770010
60_COPY::x : 0x7fdd47dac010
60_COPY::y : 0x7fdcf7bee010
36_DOT::x : 0x7fddbad57010
36_DOT::y : 0x7fdda9aae010
108_SUM::x : 0x7fdce0db8010
48_SQRTX::x : 0x7fdd64770010
84_SUM::x : 0x7fdd819cf010
60_XPY::x : 0x7fddaf63c010
60_XPY::y : 0x7fdd47dac010
48_SQRTX::x : 0x7fdd0ea23010
36_POW::a : 0x7fdd6a2fe010
36_POW::b : 0x7fdd36b03010
36_POW::y : 0x7fdd2585a010
84_SUM::x : 0x7fdd8755d010
84_COPY::x : 0x7fdcfd77b010
84_COPY::y : 0x7fdcd569c010
12_POW::a : 0x7fdda9aae010
12_POW::b : 0x7fdda3f20010
12_POW::y : 0x7fdd9e392010
36_DOT::x : 0x7fddbad57010
36_DOT::y : 0x7fdd8d0e9010
24_ERF::x : 0x7fdd819cd010
24_ERF::y : 0x7fdd6fe8b010
60_XPY::x : 0x7fdd9e393010
60_XPY::y : 0x7fdd534c7010
12_TGAMMA::x : 0x185f8c0
12_TGAMMA::y : 0x21874d0
48_XPY::x : 0x7fdd3c690010
48_XPY::y : 0x7fdcbe865010
48_ERF::x : 0x7fdd8755c010
48_ERF::y : 0x7fdca7a2e010
48_ERF::x : 0x7fddb51c9010
48_ERF::y : 0x7fdd64770010
108_SUM::x : 0x7fdd08e96010
132_SUM::x : 0x7fdcc9f81010
36_DOT::x : 0x7fdda3f20010
36_DOT::y : 0x7fdd92c77010
12_POW::a : 0x7fdd8d0e9010
12_POW::b : 0x7fdd8755b010
12_POW::y : 0x7fdd819cd010
60_COPY::x : 0x7fdd98805010
60_COPY::y : 0x7fdd47dac010
24_ERF::x : 0x7fddc08e4010
24_ERF::y : 0x7fdd6fe8b010
60_XPY::x : 0x7fdd2b3e8010
60_XPY::y : 0x7fdd0ea24010
12_POW::a : 0x7fddbad56010
12_POW::b : 0x7fdd92c77010
12_POW::y : 0x7fdd8d0e9010
24_ERF::x : 0x7fddc08e4010
24_ERF::y : 0x7fdd8d0e9010
84_COPY::x : 0x7fdce6945010
84_COPY::y : 0x7fdcbe866010
12_ERF::x : 0x7fddbad56010
12_ERF::y : 0x7fddb51c8010
12_SQRTX::x : 0x7fddc6472010
84_DOT::x : 0x7fdd8d0e9010
84_DOT::y : 0x7fdd534c8010
48_XPY::x : 0x7fddb51c9010
48_XPY::y : 0x7fdca7a2f010
120_TGAMMA::x : 0x7fdd8755b010
120_TGAMMA::y : 0x7fdd819cd010
36_POW::a : 0x7fdd4221f010
36_POW::b : 0x7fdd30f76010
36_POW::y : 0x7fdd1fccd010
36_POW::a : 0x7fddbad57010
36_POW::b : 0x7fdd0ea24010
36_POW::y : 0x7fdcfd77b010
48_SQRTX::x : 0x7fdda3f20010
24_POW::a : 0x7fdd98804010
24_POW::b : 0x7fdd8d0e8010
24_POW::y : 0x7fdd819cc010
12_SQRTX::x : 0x7fdd7be3e010
12_ERF::x : 0x7fddb51c9010
12_ERF::y : 0x7fddaf63b010
120_TGAMMA::x : 0x7fdda9aad010
120_TGAMMA::y : 0x7fdda3f1f010
48_ERF::x : 0x7fdd8d0e8010
48_ERF::y : 0x7fdd64770010
36_POW::a : 0x7fddbad57010
36_POW::b : 0x7fdd7be3f010
36_POW::y : 0x7fdd534c7010
60_XPY::x : 0x7fdd36b03010
60_XPY::y : 0x7fdd1a13f010
12_TGAMMA::x : 0x7fddd4000da0
12_TGAMMA::y : 0x7fddd49289b0
36_POW::a : 0x7fdda9aae010
36_POW::b : 0x7fdd98805010
36_POW::y : 0x7fdd6a2fe010
48_XPY::x : 0x7fdd03308010
48_XPY::y : 0x7fdcec4d1010
84_SUM::x : 0x7fdd2b3e8010
48_SQRTX::x : 0x7fdd819ce010
24_POW::a : 0x7fddc08e4010
24_POW::b : 0x7fdd5ebe2010
24_POW::y : 0x7fdd1fccc010
84_DOT::x : 0x7fdd36b03010
84_DOT::y : 0x7fdcf7bed010
12_ERF::x : 0x7fdda3f1f010
12_ERF::y : 0x7fdd9e391010
48_ERF::x : 0x7fdda9aad010
48_ERF::y : 0x7fdce0db6010
24_ERF::x : 0x7fdd9e391010
24_ERF::y : 0x7fdd92c75010
36_DOT::x : 0x7fdd819cc010
36_DOT::y : 0x7fdd6a2fe010
12_ERF::x : 0x7fddc6472010
12_ERF::y : 0x7fddc08e4010
36_POW::a : 0x7fddaf63b010
36_POW::b : 0x7fdd9e392010
36_POW::y : 0x7fdd2585a010
108_SUM::x : 0x7fdd36b04010
48_ERF::x : 0x7fdd0ea23010
48_ERF::y : 0x7fdcf7bec010
12_ERF::x : 0x7fddc6472010
12_ERF::y : 0x7fddc08e4010
48_SQRTX::x : 0x7fdd8755b010
60_XPY::x : 0x7fdd5ebe3010
60_XPY::y : 0x7fdd4221f010
84_SUM::x : 0x7fdccfb0d010
48_ERF::x : 0x7fdd8755b010
48_ERF::y : 0x7fdd0ea23010
108_SUM::x : 0x7fdc9c313010
60_COPY::x : 0x7fddaf63c010
60_COPY::y : 0x7fdd2585b010
48_SQRTX::x : 0x7fdd64770010
48_SQRTX::x : 0x7fdd4d939010
60_COPY::x : 0x7fdd92c78010
60_COPY::y : 0x7fdd08e97010
12_SQRTX::x : 0x7fdd8d0ea010
48_SQRTX::x : 0x7fdd64770010
36_POW::a : 0x7fdd819cf010
36_POW::b : 0x7fdd534c7010
36_POW::y : 0x7fdcf7bee010
120_TGAMMA::x : 0x7fddc6472010
120_TGAMMA::y : 0x7fddc08e4010
60_TGAMMA::x : 0x7fddbdb1d010
60_TGAMMA::y : 0x7fddbad56010
24_POW::a : 0x7fddaf63a010
24_POW::b : 0x7fdda3f1e010
24_POW::y : 0x7fdd98802010
12_TGAMMA::x : 0x185f8c0
12_TGAMMA::y : 0x21874d0
84_DOT::x : 0x7fdd2b3e8010
84_DOT::y : 0x7fdccfb0f010
60_COPY::x : 0x7fdd0ea24010
60_COPY::y : 0x7fdcb314b010
36_DOT::x : 0x7fddbad57010
36_DOT::y : 0x7fdd87559010
132_SUM::x : 0x7fdc74236010
60_TGAMMA::x : 0x7fddc9239010
60_TGAMMA::y : 0x7fddc6472010
108_SUM::x : 0x7fdd92c78010
  итерация 0: 1434063 ms
60_TGAMMA::x : 0x7fdda115a010
60_TGAMMA::y : 0x7fdd9e393010
84_SUM::x : 0x7fdda3f21010
132_SUM::x : 0x7fdcec4d4010
84_COPY::x : 0x7fdd534c8010
84_COPY::y : 0x7fdd2b3e9010
36_POW::a : 0x7fddbad57010
36_POW::b : 0x7fdda9aae010
36_POW::y : 0x7fdd8d0ea010
84_SUM::x : 0x7fdcc43f5010
48_SQRTX::x : 0x7fdd145b2010
36_POW::a : 0x7fdd7be41010
36_POW::b : 0x7fdd03309010
36_POW::y : 0x7fdcf2060010
24_POW::a : 0x7fddc08e4010
24_POW::b : 0x7fddb51c8010
24_POW::y : 0x7fdda9aac010
84_DOT::x : 0x7fdd534c8010
84_DOT::y : 0x7fdd2b3e9010
48_SQRTX::x : 0x7fdd92c75010
60_COPY::x : 0x7fdd0ea25010
60_COPY::y : 0x7fdcf2061010
36_POW::a : 0x7fddbad57010
36_POW::b : 0x7fdda9aae010
36_POW::y : 0x7fdd819cc010
108_SUM::x : 0x7fdcbe867010
36_DOT::x : 0x7fdd98805010
36_DOT::y : 0x7fdd6a2fe010
60_XPY::x : 0x7fdd4d93a010
60_XPY::y : 0x7fdd30f76010
84_SUM::x : 0x7fdd08e97010
48_XPY::x : 0x7fdd92c77010
48_XPY::y : 0x7fdcf2060010
84_DOT::x : 0x7fdcc9f81010
84_DOT::y : 0x7fdca1ea2010
24_ERF::x : 0x7fddc08e4010
24_ERF::y : 0x7fddb51c8010
12_ERF::x : 0x7fddaf63a010
12_ERF::y : 0x7fdda9aac010
12_ERF::x : 0x7fdda3f1e010
12_ERF::y : 0x7fdd9e390010
120_TGAMMA::x : 0x7fddc6472010
120_TGAMMA::y : 0x7fddc08e4010
12_ERF::x : 0x7fddbad56010
12_ERF::y : 0x7fddb51c8010
108_SUM::x : 0x7fdd819ce010
84_DOT::x : 0x7fdd534c8010
84_DOT::y : 0x7fdd2b3e9010
48_SQRTX::x : 0x7fdd145b2010
60_XPY::x : 0x7fdda3f20010
60_XPY::y : 0x7fdd8755c010
60_XPY::x : 0x7fdd0ea25010
60_XPY::y : 0x7fdcf2061010
48_SQRTX::x : 0x7fdcdb22a010
60_COPY::x : 0x7fdd5ebe3010
60_COPY::y : 0x7fdd4221f010
84_COPY::x : 0x7fdcc9f82010
84_COPY::y : 0x7fdca1ea3010
24_ERF::x : 0x7fddc08e4010
24_ERF::y : 0x7fddb51c8010
12_SQRTX::x : 0x7fddaf63a010
108_SUM::x : 0x7fdd7be40010
48_XPY::x : 0x7fdd64770010
48_XPY::y : 0x7fdd4d939010
36_DOT::x : 0x7fddbad57010
36_DOT::y : 0x7fdd3c690010
120_TGAMMA::x : 0x7fddb51c9010
120_TGAMMA::y : 0x7fddaf63b010
48_SQRTX::x : 0x7fdd98804010
12_TGAMMA::x : 0x7fddcc000be0
12_TGAMMA::y : 0x7fddcc9287f0
24_ERF::x : 0x7fddc08e4010
24_ERF::y : 0x7fdd8d0e8010
48_SQRTX::x : 0x7fdd64770010
12_ERF::x : 0x7fddc6472010
12_ERF::y : 0x7fddc08e4010
60_XPY::x : 0x7fdd92c77010
60_XPY::y : 0x7fdd47dac010
12_POW::a : 0x7fdd8d0e9010
12_POW::b : 0x7fdd8755b010
12_POW::y : 0x7fdd819cd010
12_ERF::x : 0x7fddbad56010
12_ERF::y : 0x7fddb51c8010
36_DOT::x : 0x7fdd6a2fe010
36_DOT::y : 0x7fdd36b03010
24_POW::a : 0x7fddc08e4010
24_POW::b : 0x7fddb51c8010
24_POW::y : 0x7fdd2b3e7010
60_COPY::x : 0x7fdd0ea23010
60_COPY::y : 0x7fdcf205f010
60_XPY::x : 0x7fdcd569b010
60_XPY::y : 0x7fdcb8cd7010
48_ERF::x : 0x7fddb51c9010
48_ERF::y : 0x7fdd7be40010
36_DOT::x : 0x7fdda3f20010
36_DOT::y : 0x7fdd92c77010
48_ERF::x : 0x7fdd64770010
48_ERF::y : 0x7fdd4d939010
48_XPY::x : 0x7fdd9e392010
48_XPY::y : 0x7fdd36b02010
84_SUM::x : 0x7fdd0ea23010
60_COPY::x : 0x7fdd819ce010
60_COPY::y : 0x7fdcf205f010
48_ERF::x : 0x7fddb51c9010
48_ERF::y : 0x7fdd1fccb010
48_ERF::x : 0x7fdd64770010
48_ERF::y : 0x7fdd4d939010
48_SQRTX::x : 0x7fdd9e392010
12_ERF::x : 0x7fdd98804010
12_ERF::y : 0x7fdd92c76010
48_XPY::x : 0x7fdd9e392010
48_XPY::y : 0x7fdd36b02010
12_SQRTX::x : 0x7fdd98804010
12_POW::a : 0x7fddc6472010
12_POW::b : 0x7fddc08e4010
12_POW::y : 0x7fddbad56010
12_POW::a : 0x7fdd92c76010
12_POW::b : 0x7fdd8d0e8010
12_POW::y : 0x7fdd8755a010
36_POW::a : 0x7fdd6a2fe010
36_POW::b : 0x7fdd59055010
36_POW::y : 0x7fdd25859010
12_TGAMMA::x : 0x7fddd4000da0
12_TGAMMA::y : 0x7fddd49289b0
48_ERF::x : 0x7fddb51c9010
48_ERF::y : 0x7fdd8755b010
12_SQRTX::x : 0x7fdd819cd010
36_POW::a : 0x7fdda3f20010
36_POW::b : 0x7fdd47dac010
36_POW::y : 0x7fdd36b03010
84_DOT::x : 0x7fdcfd77a010
84_DOT::y : 0x7fdcd569b010
36_DOT::x : 0x7fdd6a2fe010
36_DOT::y : 0x7fdd59055010
36_POW::a : 0x7fddbad57010
36_POW::b : 0x7fdd92c77010
36_POW::y : 0x7fdd819ce010
60_XPY::x : 0x7fdd1a13f010
60_XPY::y : 0x7fdcfd77b010
36_POW::a : 0x7fdd6a2fe010
36_POW::b : 0x7fdd59055010
36_POW::y : 0x7fdcec4d2010
48_ERF::x : 0x7fdda3f20010
48_ERF::y : 0x7fdd4221e010
36_POW::a : 0x7fddbad57010
36_POW::b : 0x7fdd92c77010
36_POW::y : 0x7fdd819ce010
120_TGAMMA::x : 0x7fdd7be40010
120_TGAMMA::y : 0x7fdd75a19010
24_ERF::x : 0x7fddaf63b010
24_ERF::y : 0x7fdd6a2fd010
84_COPY::x : 0x7fdd4221e010
84_COPY::y : 0x7fdd1a13f010
12_TGAMMA::x : 0x7fddd4000da0
12_TGAMMA::y : 0x7fddd49289b0
60_TGAMMA::x : 0x7fddb7f90010
60_TGAMMA::y : 0x7fddb51c9010
60_COPY::x : 0x7fdd98805010
60_COPY::y : 0x7fdcfd77b010
24_POW::a : 0x7fddc08e4010
24_POW::b : 0x7fdd8d0e9010
24_POW::y : 0x7fdd819cd010
60_TGAMMA::x : 0x7fddbdb1d010
60_TGAMMA::y : 0x7fddbad56010
48_ERF::x : 0x7fdd64770010
48_ERF::y : 0x7fdd4d939010
120_TGAMMA::x : 0x7fddbad56010
120_TGAMMA::y : 0x7fdd7be3f010
108_SUM::x : 0x7fdd1a13f010
108_SUM::x : 0x7fdd8755c010
60_COPY::x : 0x7fdd5ebe3010
60_COPY::y : 0x7fdcfd77b010
48_SQRTX::x : 0x7fdd47dac010
36_POW::a : 0x7fdda9aad010
36_POW::b : 0x7fdd98804010
36_POW::y : 0x7fdd8755b010
84_SUM::x : 0x7fdd1fccd010
84_DOT::x : 0x7fdcf7bee010
84_DOT::y : 0x7fdccfb0f010
48_SQRTX::x : 0x7fdd64770010
24_ERF::x : 0x7fddc08e4010
24_ERF::y : 0x7fdd7be3f010
108_SUM::x : 0x7fdd8d0ea010
36_DOT::x : 0x7fdd6a2fe010
36_DOT::y : 0x7fdd59055010
24_POW::a : 0x7fdd4d939010
24_POW::b : 0x7fdd4221d010
24_POW::y : 0x7fdd36b01010
132_SUM::x : 0x7fdcf7bec010
12_ERF::x : 0x7fddc6472010
12_ERF::y : 0x7fddc08e4010
  итерация 1: 1428112 ms
36_DOT::x : 0x7fdd4d93a010
36_DOT::y : 0x7fdd30f75010
60_COPY::x : 0x7fdd8755d010
60_COPY::y : 0x7fdd5ebe3010
24_POW::a : 0x7fdd7be41010
24_POW::b : 0x7fdd4221e010
24_POW::y : 0x7fdd25859010
84_SUM::x : 0x7fdda3f21010
84_SUM::x : 0x7fdcfd77a010
48_SQRTX::x : 0x7fdd8d0ea010
24_ERF::x : 0x7fddc08e4010
24_ERF::y : 0x7fddb51c8010
84_COPY::x : 0x7fdd534c8010
84_COPY::y : 0x7fdcfd77a010
108_SUM::x : 0x7fdcc9f80010
48_ERF::x : 0x7fdd9e391010
48_ERF::y : 0x7fdd8755a010
48_XPY::x : 0x7fdd3c691010
48_XPY::y : 0x7fdd2585a010
84_DOT::x : 0x7fdcd569b010
84_DOT::y : 0x7fdcad5bc010
12_ERF::x : 0x7fddc6472010
12_ERF::y : 0x7fddc08e4010
60_XPY::x : 0x7fdda3f20010
60_XPY::y : 0x7fdd8755c010
132_SUM::x : 0x7fdd3c692010
84_DOT::x : 0x7fdd145b3010
84_DOT::y : 0x7fdc854dd010
36_POW::a : 0x7fdd0330a010
36_POW::b : 0x7fdcf2061010
36_POW::y : 0x7fdce0db8010
48_SQRTX::x : 0x7fddb51c9010
36_POW::a : 0x7fdda3f20010
36_POW::b : 0x7fdd92c77010
36_POW::y : 0x7fdd819ce010
36_DOT::x : 0x7fdd6a2fe010
36_DOT::y : 0x7fdd59055010
60_XPY::x : 0x7fdd3c691010
60_XPY::y : 0x7fdd1fccd010
60_XPY::x : 0x7fdd03309010
60_XPY::y : 0x7fdce6945010
12_ERF::x : 0x7fddc6472010
12_ERF::y : 0x7fddc08e4010
60_TGAMMA::x : 0x7fddc9239010
60_TGAMMA::y : 0x7fddc6472010
36_POW::a : 0x7fddb51c9010
36_POW::b : 0x7fdda3f20010
36_POW::y : 0x7fdd92c77010
48_XPY::x : 0x7fdd7be40010
48_XPY::y : 0x7fdd64770010
12_POW::a : 0x7fddc6472010
12_POW::b : 0x7fdd5ebe2010
12_POW::y : 0x7fdd59054010
24_POW::a : 0x7fdd4d938010
24_POW::b : 0x7fdd4221c010
24_POW::y : 0x7fdd36b00010
60_XPY::x : 0x7fdd1a13c010
60_XPY::y : 0x7fdcfd778010
36_POW::a : 0x7fddbad57010
36_POW::b : 0x7fdda9aae010
36_POW::y : 0x7fdd98805010
120_TGAMMA::x : 0x7fdd92c77010
120_TGAMMA::y : 0x7fdd8d0e9010
48_SQRTX::x : 0x7fdd64770010
48_SQRTX::x : 0x7fdd4d939010
12_TGAMMA::x : 0x7fddd00017d0
12_TGAMMA::y : 0x7fddd09293e0
108_SUM::x : 0x7fdd98806010
12_SQRTX::x : 0x7fdd92c78010
84_DOT::x : 0x7fdd2585a010
84_DOT::y : 0x7fdcfd77b010
36_DOT::x : 0x7fdd8755d010
36_DOT::y : 0x7fdd6a2fe010
24_ERF::x : 0x7fdd7be41010
24_ERF::y : 0x7fdd5ebe2010
36_POW::a : 0x7fddbad57010
36_POW::b : 0x7fdda9aae010
36_POW::y : 0x7fdd4d939010
84_SUM::x : 0x7fdcd569c010
12_POW::a : 0x7fdda3f20010
12_POW::b : 0x7fdd9e392010
12_POW::y : 0x7fdd98804010
12_ERF::x : 0x7fdd92c76010
12_ERF::y : 0x7fdd8d0e8010
48_ERF::x : 0x7fdd64770010
48_ERF::y : 0x7fdd36b02010
48_ERF::x : 0x7fdd819cd010
48_ERF::y : 0x7fdd1fccb010
60_COPY::x : 0x7fdd03307010
60_COPY::y : 0x7fdce6943010
84_SUM::x : 0x7fdda3f21010
120_TGAMMA::x : 0x7fdd9e393010
120_TGAMMA::y : 0x7fdd98805010
48_XPY::x : 0x7fddb51c9010
48_XPY::y : 0x7fdd64770010
12_SQRTX::x : 0x7fddaf63b010
36_POW::a : 0x7fdd8755c010
36_POW::b : 0x7fdd534c7010
36_POW::y : 0x7fdd4221e010
48_SQRTX::x : 0x7fdd2b3e7010
36_POW::a : 0x7fddbad57010
36_POW::b : 0x7fdda9aae010
36_POW::y : 0x7fdd6a2fe010
108_SUM::x : 0x7fdcf7bed010
48_XPY::x : 0x7fdd2b3e7010
48_XPY::y : 0x7fdce0db6010
12_POW::a : 0x7fdda3f20010
12_POW::b : 0x7fdd9e392010
12_POW::y : 0x7fdd98804010
120_TGAMMA::x : 0x7fdd92c76010
120_TGAMMA::y : 0x7fdd8d0e8010
36_DOT::x : 0x7fdd7be3f010
36_DOT::y : 0x7fdd59055010
48_SQRTX::x : 0x7fdd4221e010
48_ERF::x : 0x7fddb51c9010
48_ERF::y : 0x7fdd9e392010
12_TGAMMA::x : 0x7fddd00017d0
12_TGAMMA::y : 0x7fddd09293e0
84_COPY::x : 0x7fdd1a13f010
84_COPY::y : 0x7fdcf2060010
12_ERF::x : 0x7fdd98804010
12_ERF::y : 0x7fdd8755a010
60_COPY::x : 0x7fdd5ebe3010
60_COPY::y : 0x7fdd4221f010
24_ERF::x : 0x7fddc08e4010
24_ERF::y : 0x7fddb51c8010
120_TGAMMA::x : 0x7fddaf63a010
120_TGAMMA::y : 0x7fdda9aac010
60_COPY::x : 0x7fdd8d0e8010
60_COPY::y : 0x7fdcd569c010
84_SUM::x : 0x7fdd1a140010
60_XPY::x : 0x7fddaf63c010
60_XPY::y : 0x7fdcfd77c010
12_ERF::x : 0x7fdda9aae010
12_ERF::y : 0x7fdd8755a010
36_DOT::x : 0x7fdd7be3f010
36_DOT::y : 0x7fdd6a2fe010
60_TGAMMA::x : 0x7fddac875010
60_TGAMMA::y : 0x7fdda9aae010
48_ERF::x : 0x7fdd92c77010
48_ERF::y : 0x7fdd534c7010
48_ERF::x : 0x7fdd7be40010
48_ERF::y : 0x7fdd3c690010
24_POW::a : 0x7fddc08e4010
24_POW::b : 0x7fddb51c8010
24_POW::y : 0x7fdd6fe8b010
12_SQRTX::x : 0x7fddaf63a010
108_SUM::x : 0x7fdd08e96010
24_ERF::x : 0x7fddc08e4010
24_ERF::y : 0x7fddb51c8010
48_SQRTX::x : 0x7fdd9e391010
84_DOT::x : 0x7fdd534c8010
84_DOT::y : 0x7fdd145b1010
24_ERF::x : 0x7fdd92c75010
24_ERF::y : 0x7fdd87559010
60_XPY::x : 0x7fdcf7bed010
60_XPY::y : 0x7fdcdb229010
60_TGAMMA::x : 0x7fddc9239010
60_TGAMMA::y : 0x7fddc6472010
108_SUM::x : 0x7fdd92c78010
48_SQRTX::x : 0x7fdd7be41010
132_SUM::x : 0x7fdd3c692010
36_DOT::x : 0x7fdd819cf010
36_DOT::y : 0x7fdd2b3e9010
84_DOT::x : 0x7fdd0330a010
84_DOT::y : 0x7fdcdb22b010
60_COPY::x : 0x7fdcbe867010
60_COPY::y : 0x7fdca1ea3010
48_SQRTX::x : 0x7fdd7be41010
24_POW::a : 0x7fddc08e4010
24_POW::b : 0x7fddb51c8010
24_POW::y : 0x7fdda9aac010
60_COPY::x : 0x7fdd8d0e8010
60_COPY::y : 0x7fdd5ebe3010
84_COPY::x : 0x7fdd36b04010
84_COPY::y : 0x7fdc79dc4010
12_TGAMMA::x : 0x7fddd4000da0
12_TGAMMA::y : 0x7fddd49289b0
36_POW::a : 0x7fddbad57010
36_POW::b : 0x7fdda9aae010
36_POW::y : 0x7fdd7be3f010
12_ERF::x : 0x7fdd30f76010
12_ERF::y : 0x7fdd2b3e8010
48_ERF::x : 0x7fdd1fccd010
48_ERF::y : 0x7fdd08e96010
36_POW::a : 0x7fdd98805010
36_POW::b : 0x7fdd6a2fe010
36_POW::y : 0x7fdcf7bed010
108_SUM::x : 0x7fdcc43f3010
12_ERF::x : 0x7fddc6472010
12_ERF::y : 0x7fddc08e4010
  итерация 2: 1419291 ms
120_TGAMMA::x : 0x7fdd75a19010
120_TGAMMA::y : 0x7fdd30f75010
48_SQRTX::x : 0x7fdd36b03010
84_SUM::x : 0x7fdda3f21010
84_COPY::x : 0x7fdd7be42010
84_COPY::y : 0x7fdd4d93a010
36_POW::a : 0x7fddbad57010
36_POW::b : 0x7fdda9aae010
36_POW::y : 0x7fdd1fccc010
60_COPY::x : 0x7fdd03308010
60_COPY::y : 0x7fdce6944010
60_XPY::x : 0x7fdd30f76010
60_XPY::y : 0x7fdcc9f80010
108_SUM::x : 0x7fdcec4d2010
24_POW::a : 0x7fdd9e392010
24_POW::b : 0x7fdd92c76010
24_POW::y : 0x7fdd8755a010
108_SUM::x : 0x7fdc96786010
12_ERF::x : 0x7fddc6472010
12_ERF::y : 0x7fddc08e4010
12_POW::a : 0x7fddbad56010
12_POW::b : 0x7fddb51c8010
12_POW::y : 0x7fddaf63a010
36_DOT::x : 0x7fdd9e391010
36_DOT::y : 0x7fdd8d0e8010
132_SUM::x : 0x7fdd3c692010
36_POW::a : 0x7fdd7be3f010
36_POW::b : 0x7fdd2b3e9010
36_POW::y : 0x7fdd1a140010
60_XPY::x : 0x7fddaf63c010
60_XPY::y : 0x7fdcfd77c010
24_ERF::x : 0x7fdda3f20010
24_ERF::y : 0x7fdd98804010
84_DOT::x : 0x7fdd534c8010
84_DOT::y : 0x7fdcd569d010
60_TGAMMA::x : 0x7fddac875010
60_TGAMMA::y : 0x7fdda9aae010
84_DOT::x : 0x7fdd819cf010
84_DOT::y : 0x7fdd2b3e9010
60_XPY::x : 0x7fddaf63c010
60_XPY::y : 0x7fdd0ea25010
36_POW::a : 0x7fdcfd77c010
36_POW::b : 0x7fdcc43f4010
36_POW::y : 0x7fdcb314b010
84_COPY::x : 0x7fdd534c8010
84_COPY::y : 0x7fdcd569d010
60_XPY::x : 0x7fddaf63c010
60_XPY::y : 0x7fdd0ea25010
12_POW::a : 0x7fdda9aae010
12_POW::b : 0x7fdda3f20010
12_POW::y : 0x7fdd9e392010
84_DOT::x : 0x7fdd2b3e9010
84_DOT::y : 0x7fdcad5be010
12_SQRTX::x : 0x7fdda9aae010
48_XPY::x : 0x7fdd98805010
48_XPY::y : 0x7fdd819ce010
84_SUM::x : 0x7fdd0330a010
36_POW::a : 0x7fddbad57010
36_POW::b : 0x7fdd6a2fe010
36_POW::y : 0x7fdd59055010
48_SQRTX::x : 0x7fdda3f20010
48_XPY::x : 0x7fdd8d0e9010
48_XPY::y : 0x7fdd4221e010
12_ERF::x : 0x7fdd8755b010
12_ERF::y : 0x7fdd819cd010
24_POW::a : 0x7fdd819cd010
24_POW::b : 0x7fdd36b02010
24_POW::y : 0x7fdd2b3e6010
108_SUM::x : 0x7fdcf7bec010
12_POW::a : 0x7fddb51c9010
12_POW::b : 0x7fddaf63b010
12_POW::y : 0x7fdda9aad010
84_SUM::x : 0x7fdd534c8010
120_TGAMMA::x : 0x7fddc6472010
120_TGAMMA::y : 0x7fddc08e4010
120_TGAMMA::x : 0x7fddbad56010
120_TGAMMA::y : 0x7fddb51c8010
36_DOT::x : 0x7fdda3f1f010
36_DOT::y : 0x7fdd92c76010
60_XPY::x : 0x7fdd5ebe3010
60_XPY::y : 0x7fdd4221f010
24_ERF::x : 0x7fdda9aac010
24_ERF::y : 0x7fdd9e390010
60_COPY::x : 0x7fdd98804010
60_COPY::y : 0x7fdd7be40010
60_COPY::x : 0x7fdd2585b010
60_COPY::y : 0x7fdd08e97010
48_ERF::x : 0x7fddb51c9010
48_ERF::y : 0x7fdcf2060010
48_ERF::x : 0x7fdd64770010
48_ERF::y : 0x7fdd4d939010
48_XPY::x : 0x7fddb51c9010
48_XPY::y : 0x7fdcf2060010
12_ERF::x : 0x7fddaf63b010
12_ERF::y : 0x7fdda9aad010
84_SUM::x : 0x7fdd819ce010
36_DOT::x : 0x7fdd6a2fe010
36_DOT::y : 0x7fdd59055010
60_TGAMMA::x : 0x7fddb2402010
60_TGAMMA::y : 0x7fddaf63b010
120_TGAMMA::x : 0x7fdda9aad010
120_TGAMMA::y : 0x7fdd7be40010
12_SQRTX::x : 0x7fdda3f1f010
48_SQRTX::x : 0x7fddb51c9010
48_SQRTX::x : 0x7fdd8d0e8010
36_DOT::x : 0x7fdd6a2fe010
36_DOT::y : 0x7fdd59055010
48_ERF::x : 0x7fdd64770010
48_ERF::y : 0x7fdd4d939010
36_POW::a : 0x7fdd98804010
36_POW::b : 0x7fdd8755b010
36_POW::y : 0x7fdd3c690010
48_SQRTX::x : 0x7fdd25859010
48_XPY::x : 0x7fddb51c9010
48_XPY::y : 0x7fdd0ea22010
36_POW::a : 0x7fddbad57010
36_POW::b : 0x7fdda9aae010
36_POW::y : 0x7fdd145b0010
48_ERF::x : 0x7fdd25859010
48_ERF::y : 0x7fdcfd779010
48_SQRTX::x : 0x7fdd92c77010
12_ERF::x : 0x7fdd8d0e9010
12_ERF::y : 0x7fdd8755b010
60_COPY::x : 0x7fdd5ebe3010
60_COPY::y : 0x7fdd4221f010
60_COPY::x : 0x7fdd8d0ea010
60_COPY::y : 0x7fdce0db5010
84_SUM::x : 0x7fdcb8cd6010
12_TGAMMA::x : 0x185f8e0
12_TGAMMA::y : 0x21874f0
48_SQRTX::x : 0x7fddb51c9010
84_COPY::x : 0x7fdd1a140010
84_COPY::y : 0x7fdcb8cd6010
24_ERF::x : 0x7fdd819ce010
24_ERF::y : 0x7fdd6fe8b010
12_TGAMMA::x : 0x7fddcc000be0
12_TGAMMA::y : 0x7fddcc9287f0
12_SQRTX::x : 0x7fddc6472010
108_SUM::x : 0x7fdd92c78010
12_TGAMMA::x : 0x185f8e0
12_TGAMMA::y : 0x21874f0
132_SUM::x : 0x7fdc79dc1010
108_SUM::x : 0x7fdd47dad010
84_DOT::x : 0x7fdda3f21010
84_DOT::y : 0x7fdd7be42010
24_ERF::x : 0x7fdd6fe8b010
24_ERF::y : 0x7fdd6476f010
36_DOT::x : 0x7fdd534c6010
36_DOT::y : 0x7fdd08e97010
36_POW::a : 0x7fdd4221d010
36_POW::b : 0x7fdd30f74010
36_POW::y : 0x7fdd1fccb010
36_POW::a : 0x7fdd6a2fe010
36_POW::b : 0x7fdcf7bee010
36_POW::y : 0x7fdce6945010
48_ERF::x : 0x7fdd534c7010
48_ERF::y : 0x7fdccfb0e010
12_ERF::x : 0x7fddc6472010
12_ERF::y : 0x7fddc08e4010
60_COPY::x : 0x7fddaf63c010
60_COPY::y : 0x7fdd92c78010
60_XPY::x : 0x7fdd36b03010
60_XPY::y : 0x7fdd1a13f010
48_ERF::x : 0x7fdd7be41010
48_ERF::y : 0x7fdd03308010
48_ERF::x : 0x7fdd64770010
48_ERF::y : 0x7fdcec4d1010
24_POW::a : 0x7fddc08e4010
24_POW::b : 0x7fddb51c8010
24_POW::y : 0x7fdda9aac010
36_POW::a : 0x7fdd98803010
36_POW::b : 0x7fdd534c7010
36_POW::y : 0x7fdd4221e010
12_ERF::x : 0x7fdd92c75010
12_ERF::y : 0x7fdd8d0e7010
12_ERF::x : 0x7fdd87559010
12_ERF::y : 0x7fdd819cb010
24_ERF::x : 0x7fdd8d0e7010
24_ERF::y : 0x7fdd6fe8b010
36_DOT::x : 0x7fdd7be3e010
36_DOT::y : 0x7fdd30f75010
48_SQRTX::x : 0x7fddb51c9010
48_SQRTX::x : 0x7fdd64770010
84_DOT::x : 0x7fdd1a13f010
84_DOT::y : 0x7fdcf2060010
24_POW::a : 0x7fdda9aad010
24_POW::b : 0x7fdd9e391010
24_POW::y : 0x7fdd92c75010
108_SUM::x : 0x7fdcbe866010
60_TGAMMA::x : 0x7fddc9239010
60_TGAMMA::y : 0x7fddc6472010
  итерация 3: 1434270 ms
60_TGAMMA::x : 0x7fdd9b5cc010
60_TGAMMA::y : 0x7fdd92c77010
12_ERF::x : 0x7fdd9e393010
12_ERF::y : 0x7fdd95a3e010
108_SUM::x : 0x7fdd47dad010
84_SUM::x : 0x7fdda3f21010
108_SUM::x : 0x7fdd145b3010
12_ERF::x : 0x7fdd9e393010
12_ERF::y : 0x7fdd98805010
36_POW::a : 0x7fdd8755c010
36_POW::b : 0x7fdd6a2fe010
36_POW::y : 0x7fdd59055010
84_SUM::x : 0x7fdda3f21010
84_DOT::x : 0x7fdcec4d4010
84_DOT::y : 0x7fdcc43f5010
36_DOT::x : 0x7fdd47dac010
36_DOT::y : 0x7fdd36b03010
36_POW::a : 0x7fddbad57010
36_POW::b : 0x7fdda9aae010
36_POW::y : 0x7fdd98805010
24_POW::a : 0x7fdd7be40010
24_POW::b : 0x7fdd4d939010
24_POW::y : 0x7fdd4221d010
84_COPY::x : 0x7fdd1a13e010
84_COPY::y : 0x7fdc9c316010
36_POW::a : 0x7fdd8755c010
36_POW::b : 0x7fdd6a2fe010
36_POW::y : 0x7fdd59055010
60_COPY::x : 0x7fdcfd77a010
60_COPY::y : 0x7fdce0db6010
24_POW::a : 0x7fddc08e4010
24_POW::b : 0x7fddb51c8010
24_POW::y : 0x7fdda9aac010
60_COPY::x : 0x7fdd8d0e8010
60_COPY::y : 0x7fdd5ebe3010
132_SUM::x : 0x7fdc5d401010
24_ERF::x : 0x7fddc08e4010
24_ERF::y : 0x7fddb51c8010
84_COPY::x : 0x7fdd36b04010
84_COPY::y : 0x7fdd0ea25010
48_ERF::x : 0x7fddb51c9010
48_ERF::y : 0x7fdcf7bee010
60_XPY::x : 0x7fdcdb22a010
60_XPY::y : 0x7fdcbe866010
48_XPY::x : 0x7fdd9e392010
48_XPY::y : 0x7fdd8755b010
48_SQRTX::x : 0x7fddb51c9010
60_XPY::x : 0x7fdd98805010
60_XPY::y : 0x7fdd7be41010
48_SQRTX::x : 0x7fdd64770010
60_XPY::x : 0x7fdd47dac010
60_XPY::y : 0x7fdd2b3e8010
84_DOT::x : 0x7fdd03309010
84_DOT::y : 0x7fdcdb22a010
60_XPY::x : 0x7fdcbe866010
60_XPY::y : 0x7fdca1ea2010
12_SQRTX::x : 0x7fddc6472010
108_SUM::x : 0x7fdd98806010
12_POW::a : 0x7fdd92c78010
12_POW::b : 0x7fdd8d0ea010
12_POW::y : 0x7fdd8755c010
120_TGAMMA::x : 0x7fdd819ce010
120_TGAMMA::y : 0x7fdd7be40010
48_SQRTX::x : 0x7fdd64770010
36_DOT::x : 0x7fdd8755d010
36_DOT::y : 0x7fdd534c7010
36_POW::a : 0x7fddbad57010
36_POW::b : 0x7fdda9aae010
36_POW::y : 0x7fdd4221e010
48_SQRTX::x : 0x7fdd92c77010
48_ERF::x : 0x7fdd64770010
48_ERF::y : 0x7fdd2b3e7010
48_ERF::x : 0x7fdd7be40010
48_ERF::y : 0x7fdd145b0010
36_DOT::x : 0x7fdd98805010
36_DOT::y : 0x7fdd534c7010
60_COPY::x : 0x7fddaf63c010
60_COPY::y : 0x7fdcf7bec010
36_DOT::x : 0x7fdd9e393010
36_DOT::y : 0x7fdd534c7010
84_SUM::x : 0x7fdd2b3e8010
48_XPY::x : 0x7fdd8755c010
48_XPY::y : 0x7fdd64770010
36_POW::a : 0x7fdd9e393010
36_POW::b : 0x7fdd534c7010
36_POW::y : 0x7fdd1a13f010
120_TGAMMA::x : 0x7fdd819ce010
120_TGAMMA::y : 0x7fdd7be40010
48_XPY::x : 0x7fddb51c9010
48_XPY::y : 0x7fdd3c690010
60_COPY::x : 0x7fdcfd77b010
60_COPY::y : 0x7fdce0db7010
24_ERF::x : 0x7fdda9aad010
24_ERF::y : 0x7fdd9e391010
84_DOT::x : 0x7fdd534c8010
84_DOT::y : 0x7fdd2b3e9010
48_SQRTX::x : 0x7fddb51c9010
84_DOT::x : 0x7fdd8d0ea010
84_DOT::y : 0x7fdcb8cd8010
36_POW::a : 0x7fdd7be41010
36_POW::b : 0x7fdd1a140010
36_POW::y : 0x7fdd08e97010
12_TGAMMA::x : 0x7fddd4000da0
12_TGAMMA::y : 0x7fddd49289b0
84_COPY::x : 0x7fdce0db8010
84_COPY::y : 0x7fdc90bf9010
12_POW::a : 0x7fddc6472010
12_POW::b : 0x7fddc08e4010
12_POW::y : 0x7fddbad56010
12_POW::a : 0x7fddc6472010
12_POW::b : 0x7fddc08e4010
12_POW::y : 0x7fddbad56010
12_TGAMMA::x : 0x7fddd00017d0
12_TGAMMA::y : 0x7fddd09293e0
108_SUM::x : 0x7fdd47dad010
84_SUM::x : 0x7fdd92c77010
36_POW::a : 0x7fddbad57010
36_POW::b : 0x7fdd819ce010
36_POW::y : 0x7fdd36b04010
24_ERF::x : 0x7fddaf63b010
24_ERF::y : 0x7fdda3f1f010
120_TGAMMA::x : 0x7fdd9e391010
120_TGAMMA::y : 0x7fdd98803010
48_SQRTX::x : 0x7fdd64770010
48_XPY::x : 0x7fdda3f20010
48_XPY::y : 0x7fdd4d939010
12_ERF::x : 0x7fdd7be40010
12_ERF::y : 0x7fdd75a19010
108_SUM::x : 0x7fdd1a13f010
24_ERF::x : 0x7fddc08e4010
24_ERF::y : 0x7fdd8d0e7010
60_XPY::x : 0x7fdcfd77b010
60_XPY::y : 0x7fdce0db7010
48_SQRTX::x : 0x7fdda9aad010
60_COPY::x : 0x7fdd8d0e9010
60_COPY::y : 0x7fdd5ebe3010
12_SQRTX::x : 0x7fddc6472010
60_TGAMMA::x : 0x7fddc9239010
60_TGAMMA::y : 0x7fddc6472010
12_TGAMMA::x : 0x7fddcc000be0
12_TGAMMA::y : 0x7fddcc9287f0
12_ERF::x : 0x7fddc08e4010
12_ERF::y : 0x7fddbad56010
60_COPY::x : 0x7fdd4221f010
60_COPY::y : 0x7fdd2585b010
24_ERF::x : 0x7fddaf63a010
24_ERF::y : 0x7fdd819cd010
12_SQRTX::x : 0x7fddc6472010
24_POW::a : 0x7fddc08e4010
24_POW::b : 0x7fdd1a13f010
24_POW::y : 0x7fdd0ea23010
120_TGAMMA::x : 0x7fddbad56010
120_TGAMMA::y : 0x7fdda9aac010
48_ERF::x : 0x7fdd92c75010
48_ERF::y : 0x7fdd7be3e010
48_SQRTX::x : 0x7fdd64770010
84_SUM::x : 0x7fdd3c691010
48_ERF::x : 0x7fdd92c75010
48_ERF::y : 0x7fdd7be3e010
48_ERF::x : 0x7fddb51c9010
48_ERF::y : 0x7fdd2585a010
132_SUM::x : 0x7fdce6945010
48_ERF::x : 0x7fdd64770010
48_ERF::y : 0x7fdd4d939010
24_POW::a : 0x7fdda9aad010
24_POW::b : 0x7fdd9e391010
24_POW::y : 0x7fdd92c75010
60_TGAMMA::x : 0x7fddc9239010
60_TGAMMA::y : 0x7fddc6472010
36_DOT::x : 0x7fddb51c9010
36_DOT::y : 0x7fdd819cc010
108_SUM::x : 0x7fdd47dad010
12_ERF::x : 0x7fddc6472010
12_ERF::y : 0x7fdd7be3e010
48_SQRTX::x : 0x7fdd30f76010
36_POW::a : 0x7fddb51c9010
36_POW::b : 0x7fdda3f20010
36_POW::y : 0x7fdd92c77010
36_DOT::x : 0x7fdd819ce010
36_DOT::y : 0x7fdd1fccd010
12_ERF::x : 0x7fddc6472010
12_ERF::y : 0x7fdd7be40010
36_POW::a : 0x7fdd819ce010
36_POW::b : 0x7fdd6a2fe010
36_POW::y : 0x7fdd59055010
60_XPY::x : 0x7fdd3c691010
60_XPY::y : 0x7fdd1fccd010
12_ERF::x : 0x7fddc6472010
12_ERF::y : 0x7fdd7be40010
84_DOT::x : 0x7fdcf7bee010
84_DOT::y : 0x7fdccfb0f010
  итерация 4: 1426667 ms
  среднее по 5 итерациям: 1428480 ms
=== Выполняется проект: no_po_4.txt (100 работ) ===
12_ERF::x : 0x7fddc6472010
12_ERF::y : 0x7fdd47dac010
24_POW::a : 0x7fddbad56010
24_POW::b : 0x7fdd3c690010
24_POW::y : 0x7fdd30f74010
36_POW::a : 0x7fdda9aad010
36_POW::b : 0x7fdd7be40010
36_POW::y : 0x7fdd6a2fe010
60_COPY::x : 0x7fdd8d0e9010
60_COPY::y : 0x7fdd4d93a010
12_POW::a : 0x7fddc6472010
12_POW::b : 0x7fdd47dac010
12_POW::y : 0x7fdd2b3e6010
132_SUM::x : 0x7fdcf205f010
12_ERF::x : 0x7fddc6472010
12_ERF::y : 0x7fddc08e4010
48_XPY::x : 0x7fdd36b03010
48_XPY::y : 0x7fdcdb228010
108_SUM::x : 0x7fdca7a2e010
60_TGAMMA::x : 0x7fddc9239010
60_TGAMMA::y : 0x7fddc6472010
84_DOT::x : 0x7fdd9e393010
84_DOT::y : 0x7fdd534c8010
24_POW::a : 0x7fdd92c77010
24_POW::b : 0x7fdd8755b010
24_POW::y : 0x7fdd7be3f010
132_SUM::x : 0x7fdd145b3010
36_POW::a : 0x7fdd0330a010
36_POW::b : 0x7fdcf2061010
36_POW::y : 0x7fdce0db8010
36_POW::a : 0x7fdd8d0ea010
36_POW::b : 0x7fdd7be41010
36_POW::y : 0x7fdccfb0f010
60_XPY::x : 0x7fdd36b04010
60_XPY::y : 0x7fdd1a140010
84_SUM::x : 0x7fdda3f21010
24_POW::a : 0x7fdd6fe8b010
24_POW::b : 0x7fdd6476f010
24_POW::y : 0x7fdd59053010
108_SUM::x : 0x7fdce6946010
48_XPY::x : 0x7fddb51c9010
48_XPY::y : 0x7fdd9e392010
108_SUM::x : 0x7fdd25859010
84_SUM::x : 0x7fdcbe867010
12_SQRTX::x : 0x7fdd98804010
60_COPY::x : 0x7fdd819ce010
60_COPY::y : 0x7fdd5ebe3010
60_TGAMMA::x : 0x7fdda6ce5010
60_TGAMMA::y : 0x7fdda3f1e010
24_POW::a : 0x7fddc08e4010
24_POW::b : 0x7fddb51c8010
24_POW::y : 0x7fdda9aac010
12_ERF::x : 0x7fdd7be40010
12_ERF::y : 0x7fdd59055010
36_POW::a : 0x7fdd4d93a010
36_POW::b : 0x7fdd3c691010
36_POW::y : 0x7fdd2b3e8010
84_COPY::x : 0x7fdd03309010
84_COPY::y : 0x7fdcdb22a010
60_COPY::x : 0x7fddaf63c010
60_COPY::y : 0x7fdcbe866010
60_XPY::x : 0x7fdd92c78010
60_XPY::y : 0x7fdd5ebe3010
48_ERF::x : 0x7fdd7be41010
48_ERF::y : 0x7fdd47dac010
12_TGAMMA::x : 0x7fddd00017d0
12_TGAMMA::y : 0x7fddd09293e0
132_SUM::x : 0x7fdc9c315010
48_SQRTX::x : 0x7fddb51c9010
12_ERF::x : 0x7fddaf63b010
12_ERF::y : 0x7fdda9aad010
84_COPY::x : 0x7fdd819ce010
84_COPY::y : 0x7fdd534c8010
12_POW::a : 0x7fddaf63b010
12_POW::b : 0x7fdda9aad010
12_POW::y : 0x7fdd7be40010
12_SQRTX::x : 0x7fddc6472010
48_ERF::x : 0x7fddaf63b010
48_ERF::y : 0x7fdd3c691010
60_COPY::x : 0x7fdd1fccd010
60_COPY::y : 0x7fdd03309010
36_DOT::x : 0x7fdcf2060010
36_DOT::y : 0x7fdce0db7010
12_POW::a : 0x7fddc6472010
12_POW::b : 0x7fdda9aad010
12_POW::y : 0x7fdd7be40010
120_TGAMMA::x : 0x7fddc6472010
120_TGAMMA::y : 0x7fdda9aad010
24_POW::a : 0x7fddbad56010
24_POW::b : 0x7fdd47dac010
24_POW::y : 0x7fdcf7bed010
132_SUM::x : 0x7fdcb8cd8010
48_SQRTX::x : 0x7fdd92c76010
36_POW::a : 0x7fddb51c9010
36_POW::b : 0x7fdd819cd010
36_POW::y : 0x7fdd6a2fe010
12_TGAMMA::x : 0x7fddcc000be0
12_TGAMMA::y : 0x7fddcc9287f0
48_SQRTX::x : 0x7fdd92c76010
12_ERF::x : 0x7fddc6472010
12_ERF::y : 0x7fddaf63b010
60_COPY::x : 0x7fdd4d93a010
60_COPY::y : 0x7fdd30f76010
36_DOT::x : 0x7fdd1fccd010
36_DOT::y : 0x7fdd0ea24010
132_SUM::x : 0x7fdccfb0f010
60_COPY::x : 0x7fdd98805010
60_COPY::y : 0x7fdd145b2010
84_DOT::x : 0x7fdca7a30010
84_DOT::y : 0x7fdc7f951010
48_SQRTX::x : 0x7fddb51c9010
84_SUM::x : 0x7fdd534c8010
48_XPY::x : 0x7fddb51c9010
48_XPY::y : 0x7fdd819ce010
12_SQRTX::x : 0x7fddaf63b010
12_TGAMMA::x : 0x7fddd00017d0
12_TGAMMA::y : 0x7fddd09293e0
48_XPY::x : 0x7fdd9e392010
48_XPY::y : 0x7fdd3c691010
60_XPY::x : 0x7fdd1fccd010
60_XPY::y : 0x7fdd03309010
48_SQRTX::x : 0x7fdd64770010
24_POW::a : 0x7fddc08e4010
24_POW::b : 0x7fdd92c76010
24_POW::y : 0x7fdd8755a010
132_SUM::x : 0x7fdcc43f4010
36_DOT::x : 0x7fddaf63b010
36_DOT::y : 0x7fdd9e392010
60_TGAMMA::x : 0x7fdd84793010
60_TGAMMA::y : 0x7fdd819cc010
36_POW::a : 0x7fddaf63b010
36_POW::b : 0x7fdd9e392010
36_POW::y : 0x7fdd6a2fe010
12_POW::a : 0x7fddc6472010
12_POW::b : 0x7fddc08e4010
12_POW::y : 0x7fdd98804010
108_SUM::x : 0x7fdd36b04010
36_DOT::x : 0x7fdd8755b010
36_DOT::y : 0x7fdd2585b010
84_COPY::x : 0x7fdcfd77c010
84_COPY::y : 0x7fdcd569d010
12_ERF::x : 0x7fddc6472010
12_ERF::y : 0x7fddc08e4010
12_POW::a : 0x7fdd98804010
12_POW::b : 0x7fdd92c76010
12_POW::y : 0x7fdd8d0e8010
60_TGAMMA::x : 0x7fddc9239010
60_TGAMMA::y : 0x7fddc6472010
12_TGAMMA::x : 0x7fddd4000da0
12_TGAMMA::y : 0x7fddd49289b0
12_TGAMMA::x : 0x7fddd4000da0
12_TGAMMA::y : 0x7fddd49289b0
84_COPY::x : 0x7fdd9e393010
84_COPY::y : 0x7fdd534c8010
108_SUM::x : 0x7fdca1ea3010
84_COPY::x : 0x7fdd2b3e9010
84_COPY::y : 0x7fdc79dc4010
132_SUM::x : 0x7fdcec4d4010
84_COPY::x : 0x7fdcc43f5010
84_COPY::y : 0x7fdc51ce5010
12_POW::a : 0x7fddc6472010
12_POW::b : 0x7fddc08e4010
12_POW::y : 0x7fddbad56010
60_XPY::x : 0x7fdd819cf010
60_XPY::y : 0x7fdd0ea25010
48_SQRTX::x : 0x7fddb51c9010
12_POW::a : 0x7fddaf63b010
12_POW::b : 0x7fdda9aad010
12_POW::y : 0x7fdda3f1f010
48_XPY::x : 0x7fdd64770010
48_XPY::y : 0x7fdd4d939010
24_ERF::x : 0x7fdda9aad010
24_ERF::y : 0x7fdd4221d010
108_SUM::x : 0x7fdcdb22b010
132_SUM::x : 0x7fdc9c316010
108_SUM::x : 0x7fdd98806010
48_SQRTX::x : 0x7fdd819cf010
12_SQRTX::x : 0x7fdd7be41010
12_POW::a : 0x7fdd7be41010
12_POW::b : 0x7fdd75a19010
12_POW::y : 0x7fdd6fe8b010
12_ERF::x : 0x7fdd6a2fd010
12_ERF::y : 0x7fdd6476f010
12_ERF::x : 0x7fddc6472010
12_ERF::y : 0x7fddc08e4010
12_POW::a : 0x7fddbad56010
12_POW::b : 0x7fddb51c8010
12_POW::y : 0x7fddaf63a010
36_DOT::x : 0x7fdd9e391010
36_DOT::y : 0x7fdd8d0e8010
60_XPY::x : 0x7fdd5ebe3010
60_XPY::y : 0x7fdd4221f010
  итерация 0: 1342186 ms
12_ERF::x : 0x7fddaf63b010
12_ERF::y : 0x7fdd3c68f010
24_POW::a : 0x7fdd7be3f010
24_POW::b : 0x7fdd4d939010
24_POW::y : 0x7fdd4221d010
48_XPY::x : 0x7fddb51c9010
48_XPY::y : 0x7fdd8755b010
36_POW::a : 0x7fdd9e392010
36_POW::b : 0x7fdd6a2fe010
36_POW::y : 0x7fdd59055010
12_POW::a : 0x7fddaf63b010
12_POW::b : 0x7fdd3c68f010
12_POW::y : 0x7fdd36b01010
12_ERF::x : 0x7fddaf63b010
12_ERF::y : 0x7fdd3c68f010
60_COPY::x : 0x7fdd1fccb010
60_COPY::y : 0x7fdd03307010
24_POW::a : 0x7fddc08e4010
24_POW::b : 0x7fdd92c76010
24_POW::y : 0x7fdd8755a010
48_SQRTX::x : 0x7fdd4221e010
60_TGAMMA::x : 0x7fddbdb1d010
60_TGAMMA::y : 0x7fddbad56010
36_POW::a : 0x7fddaf63b010
36_POW::b : 0x7fdd9e392010
36_POW::y : 0x7fdd6a2fe010
132_SUM::x : 0x7fdcc43f2010
36_POW::a : 0x7fdd8d0e9010
36_POW::b : 0x7fdd7be40010
36_POW::y : 0x7fdd59055010
60_XPY::x : 0x7fdd3c691010
60_XPY::y : 0x7fdd1fccd010
132_SUM::x : 0x7fdce0db8010
108_SUM::x : 0x7fdcad5be010
132_SUM::x : 0x7fdd8d0eb010
84_DOT::x : 0x7fdd534c8010
84_DOT::y : 0x7fdd2b3e9010
84_SUM::x : 0x7fdd0330a010
36_POW::a : 0x7fdd7be42010
36_POW::b : 0x7fdcf2061010
36_POW::y : 0x7fdce0db8010
108_SUM::x : 0x7fdd98806010
12_SQRTX::x : 0x7fdd92c78010
84_COPY::x : 0x7fdd534c8010
84_COPY::y : 0x7fdd2b3e9010
108_SUM::x : 0x7fdcad5be010
60_XPY::x : 0x7fddaf63c010
60_XPY::y : 0x7fdd92c78010
36_DOT::x : 0x7fdd819cf010
36_DOT::y : 0x7fdd1a140010
60_COPY::x : 0x7fdcfd77c010
60_COPY::y : 0x7fdce0db8010
12_ERF::x : 0x7fdd8d0ea010
12_ERF::y : 0x7fdd8755c010
24_POW::a : 0x7fdd8755c010
24_POW::b : 0x7fdd7be40010
24_POW::y : 0x7fdd1fccd010
48_XPY::x : 0x7fdd64770010
48_XPY::y : 0x7fdd4d939010
132_SUM::x : 0x7fdca1ea3010
48_SQRTX::x : 0x7fddb51c9010
48_XPY::x : 0x7fdd9e392010
48_XPY::y : 0x7fdd8755b010
48_XPY::x : 0x7fdd64770010
48_XPY::y : 0x7fdd4d939010
12_ERF::x : 0x7fdd819cd010
12_ERF::y : 0x7fdd7be3f010
132_SUM::x : 0x7fdd0ea24010
84_DOT::x : 0x7fdce6945010
84_DOT::y : 0x7fdcbe866010
12_TGAMMA::x : 0x185f8c0
12_TGAMMA::y : 0x21874d0
12_ERF::x : 0x7fddc6472010
12_ERF::y : 0x7fddc08e4010
120_TGAMMA::x : 0x7fddbad56010
120_TGAMMA::y : 0x7fddb51c8010
48_SQRTX::x : 0x7fdd9e391010
60_TGAMMA::x : 0x7fddc9239010
60_TGAMMA::y : 0x7fddc6472010
132_SUM::x : 0x7fdd3c692010
84_COPY::x : 0x7fdd8d0e9010
84_COPY::y : 0x7fdd145b3010
12_ERF::x : 0x7fddc6472010
12_ERF::y : 0x7fddc08e4010
36_POW::a : 0x7fdd7be40010
36_POW::b : 0x7fdd0330a010
36_POW::y : 0x7fdcf2061010
60_XPY::x : 0x7fdcd569d010
60_XPY::y : 0x7fdcb8cd9010
12_TGAMMA::x : 0x7fddd4000da0
12_TGAMMA::y : 0x7fddd49289b0
132_SUM::x : 0x7fdd3c692010
36_DOT::x : 0x7fddbad57010
36_DOT::y : 0x7fdda9aae010
24_POW::a : 0x7fdd9e392010
24_POW::b : 0x7fdd92c76010
24_POW::y : 0x7fdd8755a010
84_COPY::x : 0x7fdd145b3010
84_COPY::y : 0x7fdcec4d4010
24_POW::a : 0x7fdd7be3e010
24_POW::b : 0x7fdd6fe8b010
24_POW::y : 0x7fdd6476f010
60_XPY::x : 0x7fddaf63c010
60_XPY::y : 0x7fdd47dab010
48_ERF::x : 0x7fdd98805010
48_ERF::y : 0x7fdcd569d010
24_POW::a : 0x7fdd8d0e9010
24_POW::b : 0x7fdd819cd010
24_POW::y : 0x7fdd6fe8b010
60_TGAMMA::x : 0x7fddc9239010
60_TGAMMA::y : 0x7fddc6472010
60_COPY::x : 0x7fdda9aae010
60_COPY::y : 0x7fdd534c7010
48_ERF::x : 0x7fdd3c690010
48_ERF::y : 0x7fdd25859010
36_DOT::x : 0x7fdd98805010
36_DOT::y : 0x7fdd8755c010
12_POW::a : 0x7fddc6472010
12_POW::b : 0x7fdd819ce010
12_POW::y : 0x7fdd7be40010
12_SQRTX::x : 0x7fdda3f20010
48_SQRTX::x : 0x7fdd8d0e9010
84_SUM::x : 0x7fdcfd77a010
24_ERF::x : 0x7fddc08e4010
24_ERF::y : 0x7fddb51c8010
84_COPY::x : 0x7fdd534c8010
84_COPY::y : 0x7fdd2b3e9010
108_SUM::x : 0x7fdcf7bef010
48_SQRTX::x : 0x7fdd9e391010
12_SQRTX::x : 0x7fddc6472010
84_COPY::x : 0x7fdccfb10010
84_COPY::y : 0x7fdca7a31010
84_SUM::x : 0x7fdda3f21010
60_XPY::x : 0x7fdd8755d010
60_XPY::y : 0x7fdd0ea25010
12_POW::a : 0x7fddc6472010
12_POW::b : 0x7fddc08e4010
12_POW::y : 0x7fddbad56010
132_SUM::x : 0x7fdd3c692010
12_ERF::x : 0x7fddc6472010
12_ERF::y : 0x7fddc08e4010
12_TGAMMA::x : 0x7fddcc000be0
12_TGAMMA::y : 0x7fddcc9287f0
60_TGAMMA::x : 0x7fddc9239010
60_TGAMMA::y : 0x7fddc6472010
36_DOT::x : 0x7fddb51c9010
36_DOT::y : 0x7fdda3f20010
84_COPY::x : 0x7fdd7be41010
84_COPY::y : 0x7fdd145b3010
12_ERF::x : 0x7fddc08e4010
12_ERF::y : 0x7fddbad56010
60_COPY::x : 0x7fdd5ebe3010
60_COPY::y : 0x7fdd4221f010
12_POW::a : 0x7fddc6472010
12_POW::b : 0x7fddb51c8010
12_POW::y : 0x7fddaf63a010
12_TGAMMA::x : 0x7fddd4000da0
12_TGAMMA::y : 0x7fddd49289b0
48_SQRTX::x : 0x7fdcfd77c010
60_COPY::x : 0x7fddaf63c010
60_COPY::y : 0x7fdce0db8010
12_POW::a : 0x7fdda9aae010
12_POW::b : 0x7fdda3f20010
12_POW::y : 0x7fdd9e392010
108_SUM::x : 0x7fdd0ea25010
60_COPY::x : 0x7fdd819ce010
60_COPY::y : 0x7fdd5ebe3010
108_SUM::x : 0x7fdcad5be010
12_POW::a : 0x7fddc6472010
12_POW::b : 0x7fddc08e4010
12_POW::y : 0x7fddbad56010
36_POW::a : 0x7fdda9aad010
36_POW::b : 0x7fdd4d93a010
36_POW::y : 0x7fdd3c691010
36_DOT::x : 0x7fddbad57010
36_DOT::y : 0x7fdd2b3e8010
48_XPY::x : 0x7fdd145b1010
48_XPY::y : 0x7fdcfd77a010
48_SQRTX::x : 0x7fdd92c76010
108_SUM::x : 0x7fdcc9f80010
12_POW::a : 0x7fddc6472010
12_POW::b : 0x7fddc08e4010
12_POW::y : 0x7fddbad56010
12_POW::a : 0x7fdda3f1f010
12_POW::b : 0x7fdd9e391010
12_POW::y : 0x7fdd98803010
12_SQRTX::x : 0x7fddb51c8010
12_TGAMMA::x : 0x7fddd4000da0
12_TGAMMA::y : 0x7fddd49289b0
12_POW::a : 0x7fddb51c8010
12_POW::b : 0x7fddaf63a010
12_POW::y : 0x7fdd92c75010
  итерация 1: 1354074 ms
12_TGAMMA::x : 0x7fddd4000da0
12_TGAMMA::y : 0x7fddd49289b0
12_POW::a : 0x7fddc6472010
12_POW::b : 0x7fdd92c77010
12_POW::y : 0x7fdd8d0e9010
36_POW::a : 0x7fdd98805010
36_POW::b : 0x7fdd7be40010
36_POW::y : 0x7fdd6a2fe010
60_COPY::x : 0x7fdda9aae010
60_COPY::y : 0x7fdd4d93a010
12_ERF::x : 0x7fdd47dac010
12_ERF::y : 0x7fdd4221e010
24_POW::a : 0x7fdd4221e010
24_POW::b : 0x7fdd36b02010
24_POW::y : 0x7fdd2b3e6010
36_POW::a : 0x7fdd1a13d010
36_POW::b : 0x7fdd08e94010
36_POW::y : 0x7fdcf7beb010
60_COPY::x : 0x7fddaf63c010
60_COPY::y : 0x7fdd4d93a010
24_POW::a : 0x7fdd8d0e9010
24_POW::b : 0x7fdd4221e010
24_POW::y : 0x7fdd36b02010
132_SUM::x : 0x7fdcb8cd6010
132_SUM::x : 0x7fdcf7bed010
12_ERF::x : 0x7fdda9aae010
12_ERF::y : 0x7fdda3f20010
36_POW::a : 0x7fddbad57010
36_POW::b : 0x7fdd92c77010
36_POW::y : 0x7fdd819ce010
12_ERF::x : 0x7fddb51c9010
12_ERF::y : 0x7fdd7be40010
48_XPY::x : 0x7fdd64770010
48_XPY::y : 0x7fdd4d939010
60_TGAMMA::x : 0x7fddb2402010
60_TGAMMA::y : 0x7fddaf63b010
108_SUM::x : 0x7fdd1a13f010
108_SUM::x : 0x7fdce6945010
60_TGAMMA::x : 0x7fddb7f90010
60_TGAMMA::y : 0x7fddb51c9010
84_DOT::x : 0x7fdd8d0ea010
84_DOT::y : 0x7fdd534c8010
60_XPY::x : 0x7fdd36b04010
60_XPY::y : 0x7fdd1a140010
84_COPY::x : 0x7fdcf2061010
84_COPY::y : 0x7fdcc9f82010
36_POW::a : 0x7fddbad57010
36_POW::b : 0x7fdd7be41010
36_POW::y : 0x7fdcb8cd9010
84_SUM::x : 0x7fdd92c78010
12_SQRTX::x : 0x7fdd8d0ea010
120_TGAMMA::x : 0x7fddc6472010
120_TGAMMA::y : 0x7fddc08e4010
48_SQRTX::x : 0x7fdd64770010
108_SUM::x : 0x7fdd30f76010
132_SUM::x : 0x7fdd819cf010
24_POW::a : 0x7fdd6fe8b010
24_POW::b : 0x7fdd2585a010
24_POW::y : 0x7fdd1a13e010
36_DOT::x : 0x7fdd5ebe2010
36_DOT::y : 0x7fdd4d939010
36_DOT::x : 0x7fdd3c690010
36_DOT::y : 0x7fdd08e95010
48_SQRTX::x : 0x7fdd8755b010
48_XPY::x : 0x7fddb51c9010
48_XPY::y : 0x7fdd9e392010
36_DOT::x : 0x7fdd6a2fe010
36_DOT::y : 0x7fdd59055010
48_SQRTX::x : 0x7fdd4221e010
24_POW::a : 0x7fdd7be3f010
24_POW::b : 0x7fdd6fe8b010
24_POW::y : 0x7fdd6476f010
12_TGAMMA::x : 0x185f8c0
12_TGAMMA::y : 0x21874d0
108_SUM::x : 0x7fdd0ea24010
132_SUM::x : 0x7fdd8d0eb010
60_XPY::x : 0x7fdd47dab010
60_XPY::y : 0x7fdcf2060010
12_POW::a : 0x7fdd8755d010
12_POW::b : 0x7fdd819cf010
12_POW::y : 0x7fdd7be41010
60_COPY::x : 0x7fdd2b3e7010
60_COPY::y : 0x7fdcd569c010
12_ERF::x : 0x7fdd8755d010
12_ERF::y : 0x7fdd819cf010
60_TGAMMA::x : 0x7fddc9239010
60_TGAMMA::y : 0x7fddc6472010
48_XPY::x : 0x7fddaf63b010
48_XPY::y : 0x7fdd98804010
12_ERF::x : 0x7fdd92c76010
12_ERF::y : 0x7fdd8d0e8010
84_COPY::x : 0x7fdd534c8010
84_COPY::y : 0x7fdd03308010
24_POW::a : 0x7fdd8d0e8010
24_POW::b : 0x7fdd819cc010
24_POW::y : 0x7fdd47dac010
84_DOT::x : 0x7fdcdb229010
84_DOT::y : 0x7fdcb314a010
48_SQRTX::x : 0x7fddb51c9010
60_COPY::x : 0x7fdd98805010
60_COPY::y : 0x7fdd7be41010
84_COPY::x : 0x7fdd2b3e9010
84_COPY::y : 0x7fdc8b06b010
24_POW::a : 0x7fddc08e4010
24_POW::b : 0x7fdcf7bec010
24_POW::y : 0x7fdcec4d0010
12_TGAMMA::x : 0x7fddcc000be0
12_TGAMMA::y : 0x7fddcc9287f0
48_SQRTX::x : 0x7fdd64770010
36_POW::a : 0x7fddaf63b010
36_POW::b : 0x7fdd9e392010
36_POW::y : 0x7fdd8d0e9010
84_COPY::x : 0x7fdd0330a010
84_COPY::y : 0x7fdcdb22b010
48_ERF::x : 0x7fdd64770010
48_ERF::y : 0x7fdcc43f4010
84_SUM::x : 0x7fdd3c691010
12_SQRTX::x : 0x7fddc6472010
108_SUM::x : 0x7fdd98806010
60_TGAMMA::x : 0x7fdd95a3f010
60_TGAMMA::y : 0x7fdd92c78010
36_DOT::x : 0x7fdd819cf010
36_DOT::y : 0x7fdd6a2fe010
60_COPY::x : 0x7fdd4d93a010
60_COPY::y : 0x7fdd30f76010
36_POW::a : 0x7fdd819cf010
36_POW::b : 0x7fdd6a2fe010
36_POW::y : 0x7fdd1fccd010
12_POW::a : 0x7fddc6472010
12_POW::b : 0x7fddc08e4010
12_POW::y : 0x7fddbad56010
12_POW::a : 0x7fddb51c8010
12_POW::b : 0x7fddaf63a010
12_POW::y : 0x7fdda9aac010
48_ERF::x : 0x7fdd08e96010
48_ERF::y : 0x7fdcf205f010
84_COPY::x : 0x7fdda3f21010
84_COPY::y : 0x7fdcc9f80010
132_SUM::x : 0x7fdc8b06b010
12_TGAMMA::x : 0x7fddd4000da0
12_TGAMMA::y : 0x7fddd49289b0
60_XPY::x : 0x7fdd8755d010
60_XPY::y : 0x7fdd5ebe3010
84_COPY::x : 0x7fdd36b04010
84_COPY::y : 0x7fdd0ea25010
36_DOT::x : 0x7fdcfd77c010
36_DOT::y : 0x7fdcb8cd7010
12_POW::a : 0x7fddc6472010
12_POW::b : 0x7fddc08e4010
12_POW::y : 0x7fddbad56010
84_SUM::x : 0x7fdd92c77010
60_COPY::x : 0x7fdd5ebe3010
60_COPY::y : 0x7fdcf2061010
12_ERF::x : 0x7fddc6472010
12_ERF::y : 0x7fddc08e4010
12_POW::a : 0x7fddc6472010
12_POW::b : 0x7fddc08e4010
12_POW::y : 0x7fddbad56010
48_XPY::x : 0x7fdda3f1f010
48_XPY::y : 0x7fdd8d0e8010
132_SUM::x : 0x7fdcb314c010
132_SUM::x : 0x7fdd1fcce010
12_POW::a : 0x7fddc6472010
12_POW::b : 0x7fddc08e4010
12_POW::y : 0x7fddbad56010
12_TGAMMA::x : 0x7fddd4000da0
12_TGAMMA::y : 0x7fddd49289b0
12_POW::a : 0x7fddc6472010
12_POW::b : 0x7fddc08e4010
12_POW::y : 0x7fddbad56010
48_XPY::x : 0x7fdda3f1f010
48_XPY::y : 0x7fdd8d0e8010
48_SQRTX::x : 0x7fdd64770010
12_SQRTX::x : 0x7fdd8755a010
24_ERF::x : 0x7fdd819cc010
24_ERF::y : 0x7fdd59054010
12_ERF::x : 0x7fddc6472010
12_ERF::y : 0x7fddc08e4010
12_ERF::x : 0x7fddc6472010
12_ERF::y : 0x7fddc08e4010
12_POW::a : 0x7fddbad56010
12_POW::b : 0x7fdd8755a010
12_POW::y : 0x7fdd819cc010
12_SQRTX::x : 0x7fdd7be3e010
108_SUM::x : 0x7fdd47dad010
108_SUM::x : 0x7fdd145b3010
60_XPY::x : 0x7fdd9e392010
60_XPY::y : 0x7fdcf7bef010
60_XPY::x : 0x7fdd819ce010
60_XPY::y : 0x7fdcdb22b010
132_SUM::x : 0x7fdc9c316010
48_SQRTX::x : 0x7fdd64770010
  итерация 2: 1339859 ms
84_SUM::x : 0x7fdd145b3010
36_POW::a : 0x7fdda3f20010
36_POW::b : 0x7fdd7be40010
36_POW::y : 0x7fdd0330a010
48_XPY::x : 0x7fddb51c9010
48_XPY::y : 0x7fdd8d0e9010
132_SUM::x : 0x7fdd3c692010
12_ERF::x : 0x7fdd36b04010
12_ERF::y : 0x7fdd30f76010
12_TGAMMA::x : 0x7fddd00017d0
12_TGAMMA::y : 0x7fddd09293e0
132_SUM::x : 0x7fdcc43f5010
36_POW::a : 0x7fddbad57010
36_POW::b : 0x7fdd92c77010
36_POW::y : 0x7fdd6a2fe010
12_POW::a : 0x7fddb51c9010
12_POW::b : 0x7fdd8d0e9010
12_POW::y : 0x7fdd64770010
24_POW::a : 0x7fdda9aad010
24_POW::b : 0x7fdd819cd010
24_POW::y : 0x7fdd59054010
108_SUM::x : 0x7fdd2585a010
48_ERF::x : 0x7fdd0ea23010
48_ERF::y : 0x7fdcf7bec010
108_SUM::x : 0x7fdcc43f2010
36_POW::a : 0x7fddbad57010
36_POW::b : 0x7fdda9aae010
36_POW::y : 0x7fdd98805010
12_ERF::x : 0x7fdd92c77010
12_ERF::y : 0x7fdd8d0e9010
12_SQRTX::x : 0x7fdd92c77010
60_COPY::x : 0x7fdd7be41010
60_COPY::y : 0x7fdd5ebe3010
12_ERF::x : 0x7fdd59055010
12_ERF::y : 0x7fdd534c7010
24_POW::a : 0x7fdd47dab010
24_POW::b : 0x7fdd3c68f010
24_POW::y : 0x7fdd30f73010
48_XPY::x : 0x7fdd1a13c010
48_XPY::y : 0x7fdd03305010
24_POW::a : 0x7fddc08e4010
24_POW::b : 0x7fddb51c8010
24_POW::y : 0x7fdda9aac010
60_COPY::x : 0x7fdd4221f010
60_COPY::y : 0x7fdce6941010
60_TGAMMA::x : 0x7fdda6ce5010
60_TGAMMA::y : 0x7fdda3f1e010
120_TGAMMA::x : 0x7fdd9e390010
120_TGAMMA::y : 0x7fdd98802010
12_ERF::x : 0x7fddc6472010
12_ERF::y : 0x7fddc08e4010
48_SQRTX::x : 0x7fddb51c9010
36_POW::a : 0x7fdda3f20010
36_POW::b : 0x7fdd87559010
36_POW::y : 0x7fdd6a2fe010
12_ERF::x : 0x7fdd819cb010
12_ERF::y : 0x7fdd64770010
36_POW::a : 0x7fdd59055010
36_POW::b : 0x7fdd47dac010
36_POW::y : 0x7fdd36b03010
84_COPY::x : 0x7fdd0ea24010
84_COPY::y : 0x7fdce6945010
132_SUM::x : 0x7fdca7a30010
48_XPY::x : 0x7fddb51c9010
48_XPY::y : 0x7fdd9e392010
60_TGAMMA::x : 0x7fdd9b5cb010
60_TGAMMA::y : 0x7fdd98804010
84_SUM::x : 0x7fdd534c8010
108_SUM::x : 0x7fdcb314b010
84_DOT::x : 0x7fdda3f21010
84_DOT::y : 0x7fdd2b3e9010
12_TGAMMA::x : 0x185f8c0
12_TGAMMA::y : 0x21874d0
60_XPY::x : 0x7fdd8755d010
60_XPY::y : 0x7fdd0ea25010
84_SUM::x : 0x7fdd534c8010
12_TGAMMA::x : 0x7fddd00017d0
12_TGAMMA::y : 0x7fddd09293e0
24_POW::a : 0x7fdd7be41010
24_POW::b : 0x7fdd03309010
24_POW::y : 0x7fdcf7bed010
24_POW::a : 0x7fdd6fe8b010
24_POW::b : 0x7fdd6476f010
24_POW::y : 0x7fdd59053010
36_DOT::x : 0x7fddbad57010
36_DOT::y : 0x7fdda9aae010
12_POW::a : 0x7fdda3f20010
12_POW::b : 0x7fdd9e392010
12_POW::y : 0x7fdd98804010
132_SUM::x : 0x7fdd1a13e010
12_ERF::x : 0x7fddc6472010
12_ERF::y : 0x7fddc08e4010
12_ERF::x : 0x7fddbad56010
12_ERF::y : 0x7fddb51c8010
12_TGAMMA::x : 0x185f8c0
12_TGAMMA::y : 0x21874d0
60_XPY::x : 0x7fdd98804010
60_XPY::y : 0x7fdd7be40010
60_XPY::x : 0x7fdd5ebe3010
60_XPY::y : 0x7fdcfd77a010
36_DOT::x : 0x7fddbad57010
36_DOT::y : 0x7fdcec4d1010
84_COPY::x : 0x7fdcd569b010
84_COPY::y : 0x7fdcad5bc010
84_COPY::x : 0x7fdd36b04010
84_COPY::y : 0x7fdc854dd010
60_COPY::x : 0x7fddaf63c010
60_COPY::y : 0x7fdd92c78010
36_DOT::x : 0x7fdd819cf010
36_DOT::y : 0x7fdd6a2fe010
48_SQRTX::x : 0x7fdd7be41010
48_SQRTX::x : 0x7fdd64770010
48_ERF::x : 0x7fdd4d939010
48_ERF::y : 0x7fdd36b02010
132_SUM::x : 0x7fdcf7bed010
12_POW::a : 0x7fddc6472010
12_POW::b : 0x7fddc08e4010
12_POW::y : 0x7fddbad56010
108_SUM::x : 0x7fdd98806010
48_SQRTX::x : 0x7fdd819cf010
36_DOT::x : 0x7fdd6a2fe010
36_DOT::y : 0x7fdd25859010
12_POW::a : 0x7fdd7be41010
12_POW::b : 0x7fdd64770010
12_POW::y : 0x7fdd5ebe2010
48_SQRTX::x : 0x7fddb51c9010
48_XPY::x : 0x7fdd9e392010
48_XPY::y : 0x7fdd534c7010
12_POW::a : 0x7fdd98804010
12_POW::b : 0x7fdd92c76010
12_POW::y : 0x7fdd8d0e8010
12_POW::a : 0x7fdd8755a010
12_POW::b : 0x7fdd819cc010
12_POW::y : 0x7fdd7be3e010
36_DOT::x : 0x7fdd8d0e9010
36_DOT::y : 0x7fdd6a2fe010
48_SQRTX::x : 0x7fdd3c690010
132_SUM::x : 0x7fdcfd77b010
60_XPY::x : 0x7fdd819ce010
60_XPY::y : 0x7fdce0db7010
60_COPY::x : 0x7fddaf63c010
60_COPY::y : 0x7fdd5ebe3010
12_POW::a : 0x7fdda9aae010
12_POW::b : 0x7fdda3f20010
12_POW::y : 0x7fdd9e392010
12_TGAMMA::x : 0x7fddd4000da0
12_TGAMMA::y : 0x7fddd49289b0
24_POW::a : 0x7fdda3f20010
24_POW::b : 0x7fdd534c7010
24_POW::y : 0x7fdd47dab010
84_DOT::x : 0x7fdd1fccc010
84_DOT::y : 0x7fdcb8cd8010
60_TGAMMA::x : 0x7fdda1159010
60_TGAMMA::y : 0x7fdd9e392010
36_POW::a : 0x7fddbad57010
36_POW::b : 0x7fdd8d0e9010
36_POW::y : 0x7fdd7be40010
24_ERF::x : 0x7fddaf63b010
24_ERF::y : 0x7fdd6fe8b010
84_COPY::x : 0x7fdd47dac010
84_COPY::y : 0x7fdcf7bed010
108_SUM::x : 0x7fdcc43f3010
60_XPY::x : 0x7fdd9e393010
60_XPY::y : 0x7fdd2b3e8010
48_XPY::x : 0x7fdd8755c010
48_XPY::y : 0x7fdcad5bc010
84_COPY::x : 0x7fdccfb0e010
84_COPY::y : 0x7fdc854dd010
60_TGAMMA::x : 0x7fddc9239010
60_TGAMMA::y : 0x7fddc6472010
60_COPY::x : 0x7fdda9aae010
60_COPY::y : 0x7fdd5ebe3010
132_SUM::x : 0x7fdd1fcce010
12_POW::a : 0x7fddc6472010
12_POW::b : 0x7fdda3f20010
12_POW::y : 0x7fdd9e392010
12_SQRTX::x : 0x7fddc6472010
12_ERF::x : 0x7fddc08e4010
12_ERF::y : 0x7fddbad56010
12_SQRTX::x : 0x7fddc6472010
132_SUM::x : 0x7fdd7be41010
60_COPY::x : 0x7fdd5ebe3010
60_COPY::y : 0x7fdd0330a010
12_SQRTX::x : 0x7fddc6472010
108_SUM::x : 0x7fdccfb10010
108_SUM::x : 0x7fdd2b3e9010
84_COPY::x : 0x7fdcdb22b010
84_COPY::y : 0x7fdcb314c010
48_SQRTX::x : 0x7fddb51c9010
12_POW::a : 0x7fddaf63b010
12_POW::b : 0x7fdda9aad010
12_POW::y : 0x7fdda3f1f010
  итерация 3: 1337923 ms
12_SQRTX::x : 0x7fddaf63a010
24_POW::a : 0x7fddc08e4010
24_POW::b : 0x7fdd8d0e6010
24_POW::y : 0x7fdd819ca010
24_POW::a : 0x7fddb51c8010
24_POW::b : 0x7fdda3f1e010
24_POW::y : 0x7fdd98802010
132_SUM::x : 0x7fdd3c692010
48_SQRTX::x : 0x7fdd2585b010
24_POW::a : 0x7fddc08e4010
24_POW::b : 0x7fddb51c8010
24_POW::y : 0x7fdda9aac010
60_COPY::x : 0x7fdd7be3e010
60_COPY::y : 0x7fdd08e97010
60_TGAMMA::x : 0x7fdda6ce5010
60_TGAMMA::y : 0x7fdda3f1e010
12_ERF::x : 0x7fdd9e390010
12_ERF::y : 0x7fdd98802010
12_ERF::x : 0x7fdd9e390010
12_ERF::y : 0x7fdd98802010
48_XPY::x : 0x7fdd64770010
48_XPY::y : 0x7fdd4d939010
60_COPY::x : 0x7fdd30f75010
60_COPY::y : 0x7fdcec4d3010
36_DOT::x : 0x7fddbad57010
36_DOT::y : 0x7fdda9aae010
84_SUM::x : 0x7fdd819cf010
108_SUM::x : 0x7fdcb8cd9010
12_POW::a : 0x7fddc6472010
12_POW::b : 0x7fddc08e4010
12_POW::y : 0x7fddbad56010
12_ERF::x : 0x7fddb51c8010
12_ERF::y : 0x7fddaf63a010
12_ERF::x : 0x7fdda9aac010
12_ERF::y : 0x7fdda3f1e010
36_POW::a : 0x7fddbad57010
36_POW::b : 0x7fdd92c75010
36_POW::y : 0x7fdd819cc010
132_SUM::x : 0x7fdd3c692010
108_SUM::x : 0x7fdd08e98010
36_POW::a : 0x7fdda9aae010
36_POW::b : 0x7fdcf7bef010
36_POW::y : 0x7fdce6946010
60_XPY::x : 0x7fdd1fcce010
60_XPY::y : 0x7fdcc9f82010
48_SQRTX::x : 0x7fdd64770010
60_TGAMMA::x : 0x7fddc9239010
60_TGAMMA::y : 0x7fddc6472010
12_TGAMMA::x : 0x7fddd00017d0
12_TGAMMA::y : 0x7fddd09293e0
84_SUM::x : 0x7fdd9e393010
36_POW::a : 0x7fdd8d0ea010
36_POW::b : 0x7fdd7be41010
36_POW::y : 0x7fdd6a2fe010
12_TGAMMA::x : 0x185f8c0
12_TGAMMA::y : 0x21874d0
84_DOT::x : 0x7fdd4221f010
84_DOT::y : 0x7fdcf7bef010
108_SUM::x : 0x7fdcc43f5010
48_SQRTX::x : 0x7fddb51c9010
12_TGAMMA::x : 0x7fddd4000da0
12_TGAMMA::y : 0x7fddd49289b0
24_POW::a : 0x7fddc08e4010
24_POW::b : 0x7fddb51c8010
24_POW::y : 0x7fdda9aac010
108_SUM::x : 0x7fdcc43f5010
36_DOT::x : 0x7fdd98803010
36_DOT::y : 0x7fdd8755a010
12_SQRTX::x : 0x7fdd819cc010
132_SUM::x : 0x7fdd3c692010
36_POW::a : 0x7fdd98803010
36_POW::b : 0x7fdd8755a010
36_POW::y : 0x7fdd2b3e9010
24_POW::a : 0x7fdd7be3e010
24_POW::b : 0x7fdd1fccd010
24_POW::y : 0x7fdd145b1010
84_COPY::x : 0x7fdcec4d2010
84_COPY::y : 0x7fdcc43f3010
60_XPY::x : 0x7fddaf63c010
60_XPY::y : 0x7fdd5ebe3010
84_COPY::x : 0x7fdc9c314010
84_COPY::y : 0x7fdc74235010
12_ERF::x : 0x7fdda9aae010
12_ERF::y : 0x7fdda3f20010
60_XPY::x : 0x7fdd92c78010
60_XPY::y : 0x7fdd4221f010
60_COPY::x : 0x7fddaf63c010
60_COPY::y : 0x7fdd5ebe3010
84_COPY::x : 0x7fdd1a140010
84_COPY::y : 0x7fdcf2061010
48_ERF::x : 0x7fdd98805010
48_ERF::y : 0x7fdd819ce010
84_SUM::x : 0x7fdcc9f82010
48_XPY::x : 0x7fddb51c9010
48_XPY::y : 0x7fdd64770010
132_SUM::x : 0x7fdcb314c010
36_POW::a : 0x7fdd534c7010
36_POW::b : 0x7fdd4221e010
36_POW::y : 0x7fdd30f75010
132_SUM::x : 0x7fdc74237010
24_POW::a : 0x7fddc08e4010
24_POW::b : 0x7fddb51c8010
24_POW::y : 0x7fdda9aac010
108_SUM::x : 0x7fdcfd77b010
84_COPY::x : 0x7fdd819cd010
84_COPY::y : 0x7fdcd569c010
12_TGAMMA::x : 0x185f8c0
12_TGAMMA::y : 0x21874d0
60_COPY::x : 0x7fddaf63c010
60_COPY::y : 0x7fdd5ebe3010
12_POW::a : 0x7fdda9aae010
12_POW::b : 0x7fdd7be3f010
12_POW::y : 0x7fdd59055010
48_SQRTX::x : 0x7fdd4221e010
12_SQRTX::x : 0x7fdda9aae010
48_XPY::x : 0x7fdd2b3e7010
48_XPY::y : 0x7fdd145b0010
12_POW::a : 0x7fdda9aae010
12_POW::b : 0x7fdd7be3f010
12_POW::y : 0x7fdd59055010
48_ERF::x : 0x7fddb51c9010
48_ERF::y : 0x7fdd64770010
36_POW::a : 0x7fdd534c7010
36_POW::b : 0x7fdd4221e010
36_POW::y : 0x7fdd03307010
60_COPY::x : 0x7fdd98805010
60_COPY::y : 0x7fdd7be41010
24_ERF::x : 0x7fdd36b02010
24_ERF::y : 0x7fdd2b3e6010
12_ERF::x : 0x7fdd3c690010
12_ERF::y : 0x7fdd36b02010
12_ERF::x : 0x7fddc6472010
12_ERF::y : 0x7fddc08e4010
60_TGAMMA::x : 0x7fddbdb1d010
60_TGAMMA::y : 0x7fddbad56010
36_DOT::x : 0x7fdd6a2fe010
36_DOT::y : 0x7fdd30f75010
12_SQRTX::x : 0x7fddc6472010
12_POW::a : 0x7fddc6472010
12_POW::b : 0x7fddc08e4010
12_POW::y : 0x7fdd64770010
60_TGAMMA::x : 0x7fddb7f8f010
60_TGAMMA::y : 0x7fddb51c8010
60_XPY::x : 0x7fdd98804010
60_XPY::y : 0x7fdd7be40010
84_DOT::x : 0x7fdd3c691010
84_DOT::y : 0x7fdd145b2010
120_TGAMMA::x : 0x7fddc6472010
120_TGAMMA::y : 0x7fddc08e4010
84_COPY::x : 0x7fdcec4d3010
84_COPY::y : 0x7fdcc43f4010
132_SUM::x : 0x7fdd819cf010
12_ERF::x : 0x7fdd7be41010
12_ERF::y : 0x7fdd75a19010
132_SUM::x : 0x7fdd3c692010
48_XPY::x : 0x7fdd2585b010
48_XPY::y : 0x7fdcad5bd010
12_POW::a : 0x7fddc6472010
12_POW::b : 0x7fddc08e4010
12_POW::y : 0x7fddbad56010
48_SQRTX::x : 0x7fdda3f1f010
12_POW::a : 0x7fdd9e391010
12_POW::b : 0x7fdd98803010
12_POW::y : 0x7fdd92c75010
12_POW::a : 0x7fddc6472010
12_POW::b : 0x7fddc08e4010
12_POW::y : 0x7fddbad56010
108_SUM::x : 0x7fdd08e98010
108_SUM::x : 0x7fdd47dad010
48_XPY::x : 0x7fdd8d0e8010
48_XPY::y : 0x7fdcf2061010
132_SUM::x : 0x7fdcb314c010
60_XPY::x : 0x7fddaf63c010
60_XPY::y : 0x7fdd2b3e9010
36_DOT::x : 0x7fdd7be3f010
36_DOT::y : 0x7fdd6a2fe010
12_POW::a : 0x7fdda9aae010
12_POW::b : 0x7fdda3f20010
12_POW::y : 0x7fdd9e392010
48_SQRTX::x : 0x7fdd534c7010
48_SQRTX::x : 0x7fdd98805010
84_COPY::x : 0x7fdd0330a010
84_COPY::y : 0x7fdcdb22b010
36_DOT::x : 0x7fddbad57010
36_DOT::y : 0x7fdd8755c010
12_TGAMMA::x : 0x7fddd4000da0
12_TGAMMA::y : 0x7fddd49289b0
12_POW::a : 0x7fddb51c9010
12_POW::b : 0x7fdd819ce010
12_POW::y : 0x7fdd7be40010
60_COPY::x : 0x7fdd5ebe3010
60_COPY::y : 0x7fdd4221f010
  итерация 4: 1346531 ms
  среднее по 5 итерациям: 1344114 ms
=== Выполняется проект: no_po_5.txt (100 работ) ===
12_POW::a : 0x7fdd92c76010
12_POW::b : 0x7fdd819cc010
12_POW::y : 0x7fdd7be3e010
24_ERF::x : 0x7fddc08e4010
24_ERF::y : 0x7fdd534c7010
24_POW::a : 0x7fdd98804010
24_POW::b : 0x7fdd8755a010
24_POW::y : 0x7fdd47dab010
60_COPY::x : 0x7fdda3f20010
60_COPY::y : 0x7fdd5ebe3010
84_COPY::x : 0x7fdd1fccc010
84_COPY::y : 0x7fdcf7bed010
24_POW::a : 0x7fddc08e4010
24_POW::b : 0x7fdd7be3e010
24_POW::y : 0x7fdd534c7010
84_COPY::x : 0x7fdccfb0e010
84_COPY::y : 0x7fdca7a2f010
60_XPY::x : 0x7fdda3f20010
60_XPY::y : 0x7fdd8755c010
36_POW::a : 0x7fdd6a2fe010
36_POW::b : 0x7fdd59055010
36_POW::y : 0x7fdd47dac010
84_DOT::x : 0x7fdd1fccd010
84_DOT::y : 0x7fdcf7bee010
48_SQRTX::x : 0x7fdd64770010
60_XPY::x : 0x7fdcdb22a010
60_XPY::y : 0x7fdcbe866010
60_TGAMMA::x : 0x7fddc9239010
60_TGAMMA::y : 0x7fddc6472010
60_XPY::x : 0x7fddaf63c010
60_XPY::y : 0x7fdd92c78010
48_XPY::x : 0x7fdd7be41010
48_XPY::y : 0x7fdd64770010
24_POW::a : 0x7fdd59054010
24_POW::b : 0x7fdd4d938010
24_POW::y : 0x7fdd4221c010
36_DOT::x : 0x7fdd30f73010
36_DOT::y : 0x7fdd1fcca010
12_TGAMMA::x : 0x7fddd4000da0
12_TGAMMA::y : 0x7fddd49289b0
132_SUM::x : 0x7fdd2585b010
60_XPY::x : 0x7fdd08e97010
60_XPY::y : 0x7fdcec4d3010
48_ERF::x : 0x7fdd7be41010
48_ERF::y : 0x7fdd64770010
12_SQRTX::x : 0x7fddc6472010
12_TGAMMA::x : 0x7fddcc000be0
12_TGAMMA::y : 0x7fddcc9287f0
48_XPY::x : 0x7fddb51c9010
48_XPY::y : 0x7fdd9e392010
60_XPY::x : 0x7fdd47dac010
60_XPY::y : 0x7fdd2b3e8010
120_TGAMMA::x : 0x7fdd98804010
120_TGAMMA::y : 0x7fdd92c76010
36_DOT::x : 0x7fdd819cd010
36_DOT::y : 0x7fdd6a2fe010
12_SQRTX::x : 0x7fddc6472010
36_POW::a : 0x7fddbad57010
36_POW::b : 0x7fdda9aae010
36_POW::y : 0x7fdd1a13f010
24_POW::a : 0x7fdd9e392010
24_POW::b : 0x7fdd8755a010
24_POW::y : 0x7fdd7be3e010
36_POW::a : 0x7fdd6a2fe010
36_POW::b : 0x7fdd59055010
36_POW::y : 0x7fdd47dac010
84_COPY::x : 0x7fdcf2060010
84_COPY::y : 0x7fdcc9f81010
60_XPY::x : 0x7fdd8d0ea010
60_XPY::y : 0x7fdd2b3e8010
36_POW::a : 0x7fddbad57010
36_POW::b : 0x7fdda9aae010
36_POW::y : 0x7fdd7be41010
84_COPY::x : 0x7fdd534c8010
84_COPY::y : 0x7fdca1ea2010
24_ERF::x : 0x7fdd9e392010
24_ERF::y : 0x7fdd92c76010
48_XPY::x : 0x7fddb51c9010
48_XPY::y : 0x7fdd7be3f010
12_TGAMMA::x : 0x7fddd4000da0
12_TGAMMA::y : 0x7fddd49289b0
36_POW::a : 0x7fdd4221f010
36_POW::b : 0x7fdd30f76010
36_POW::y : 0x7fdd1fccd010
84_SUM::x : 0x7fdcf7bee010
12_TGAMMA::x : 0x7fddcc000be0
12_TGAMMA::y : 0x7fddcc9287f0
48_ERF::x : 0x7fddb51c9010
48_ERF::y : 0x7fdd9e392010
24_ERF::x : 0x7fdd92c76010
24_ERF::y : 0x7fdd8755a010
60_COPY::x : 0x7fdd5ebe3010
60_COPY::y : 0x7fdd03309010
24_ERF::x : 0x7fdd7be3e010
24_ERF::y : 0x7fdd534c7010
48_XPY::x : 0x7fdd8755b010
48_XPY::y : 0x7fdd3c690010
84_DOT::x : 0x7fdcdb22a010
84_DOT::y : 0x7fdcb314b010
36_POW::a : 0x7fddbad57010
36_POW::b : 0x7fdda9aae010
36_POW::y : 0x7fdd2b3e7010
24_POW::a : 0x7fdd9e392010
24_POW::b : 0x7fdd7be3f010
24_POW::y : 0x7fdd6fe8b010
12_ERF::x : 0x7fdd98804010
12_ERF::y : 0x7fdd92c76010
12_TGAMMA::x : 0x7fddd00017d0
12_TGAMMA::y : 0x7fddd09293e0
60_TGAMMA::x : 0x7fdd9b5cb010
60_TGAMMA::y : 0x7fdd98804010
60_TGAMMA::x : 0x7fdd95a3d010
60_TGAMMA::y : 0x7fdd92c76010
48_XPY::x : 0x7fdd7be3f010
48_XPY::y : 0x7fdd64770010
84_COPY::x : 0x7fdda3f21010
84_COPY::y : 0x7fdd3c691010
120_TGAMMA::x : 0x7fdd9e393010
120_TGAMMA::y : 0x7fdd98805010
48_ERF::x : 0x7fdd2585a010
48_ERF::y : 0x7fdd0ea23010
24_POW::a : 0x7fdd8d0e9010
24_POW::b : 0x7fdd819cd010
24_POW::y : 0x7fdd6fe8b010
108_SUM::x : 0x7fdcdb229010
132_SUM::x : 0x7fdc9c314010
132_SUM::x : 0x7fdc5d3ff010
108_SUM::x : 0x7fdd98806010
60_COPY::x : 0x7fdd7be42010
60_COPY::y : 0x7fdd5ebe3010
60_XPY::x : 0x7fdd4221f010
60_XPY::y : 0x7fdd2585b010
120_TGAMMA::x : 0x7fddc6472010
120_TGAMMA::y : 0x7fddc08e4010
60_TGAMMA::x : 0x7fddbdb1d010
60_TGAMMA::y : 0x7fddbad56010
60_TGAMMA::x : 0x7fddbdb1d010
60_TGAMMA::y : 0x7fddbad56010
108_SUM::x : 0x7fdd8755c010
36_POW::a : 0x7fdd6a2fe010
36_POW::b : 0x7fdd59055010
36_POW::y : 0x7fdd47dac010
12_ERF::x : 0x7fddc6472010
12_ERF::y : 0x7fddc08e4010
132_SUM::x : 0x7fdd08e97010
60_XPY::x : 0x7fdda3f20010
60_XPY::y : 0x7fdd8755c010
108_SUM::x : 0x7fdcd569d010
36_POW::a : 0x7fdd6a2fe010
36_POW::b : 0x7fdd59055010
36_POW::y : 0x7fdd47dac010
84_SUM::x : 0x7fdce0db8010
12_TGAMMA::x : 0x185f8c0
12_TGAMMA::y : 0x21874d0
60_TGAMMA::x : 0x7fddc9239010
60_TGAMMA::y : 0x7fddc6472010
36_POW::a : 0x7fddb51c9010
36_POW::b : 0x7fdda3f20010
36_POW::y : 0x7fdd92c77010
84_COPY::x : 0x7fdd1fccd010
84_COPY::y : 0x7fdcf7bee010
108_SUM::x : 0x7fdcc43f4010
60_TGAMMA::x : 0x7fddc9239010
60_TGAMMA::y : 0x7fddc6472010
48_SQRTX::x : 0x7fddaf63b010
120_TGAMMA::x : 0x7fdda9aad010
120_TGAMMA::y : 0x7fdda3f1f010
84_SUM::x : 0x7fdd7be40010
48_XPY::x : 0x7fdd64770010
48_XPY::y : 0x7fdd4d939010
60_XPY::x : 0x7fddaf63c010
60_XPY::y : 0x7fdd30f75010
132_SUM::x : 0x7fdcf2060010
24_ERF::x : 0x7fdda3f20010
24_ERF::y : 0x7fdd98804010
36_POW::a : 0x7fdd8755b010
36_POW::b : 0x7fdd6a2fe010
36_POW::y : 0x7fdd59055010
48_XPY::x : 0x7fddb51c9010
48_XPY::y : 0x7fdd4221e010
12_TGAMMA::x : 0x185f8c0
12_TGAMMA::y : 0x21874d0
120_TGAMMA::x : 0x7fddaf63b010
120_TGAMMA::y : 0x7fdda9aad010
84_DOT::x : 0x7fdd1a13f010
84_DOT::y : 0x7fdcf2060010
60_COPY::x : 0x7fdcd569c010
60_COPY::y : 0x7fdcb8cd8010
84_COPY::x : 0x7fdd819ce010
84_COPY::y : 0x7fdd534c8010
84_COPY::x : 0x7fdc90bf9010
84_COPY::y : 0x7fdc68b1a010
36_POW::a : 0x7fddbad57010
36_POW::b : 0x7fdda9aae010
36_POW::y : 0x7fdd4221f010
84_SUM::x : 0x7fdd1a140010
84_SUM::x : 0x7fdd1a140010
48_SQRTX::x : 0x7fddb51c9010
  итерация 0: 1503707 ms
24_POW::a : 0x7fddc08e4010
24_POW::b : 0x7fdd7be40010
24_POW::y : 0x7fdd47dab010
36_DOT::x : 0x7fdd8755c010
36_DOT::y : 0x7fdd534c7010
48_XPY::x : 0x7fdd64770010
48_XPY::y : 0x7fdd30f74010
84_DOT::x : 0x7fdd98805010
84_DOT::y : 0x7fdd08e95010
12_TGAMMA::x : 0x7fddd4000da0
12_TGAMMA::y : 0x7fddd49289b0
24_ERF::x : 0x7fdd8d0e9010
24_ERF::y : 0x7fdd59054010
48_XPY::x : 0x7fdd64770010
48_XPY::y : 0x7fdd30f74010
60_TGAMMA::x : 0x7fddc9239010
60_TGAMMA::y : 0x7fddc6472010
12_TGAMMA::x : 0x7fddd4000da0
12_TGAMMA::y : 0x7fddd49289b0
60_TGAMMA::x : 0x7fddc36ab010
60_TGAMMA::y : 0x7fddc08e4010
60_COPY::x : 0x7fdda3f20010
60_COPY::y : 0x7fdd8755c010
24_POW::a : 0x7fdd7be40010
24_POW::b : 0x7fdd6fe8b010
24_POW::y : 0x7fdd6476f010
60_COPY::x : 0x7fdd47dab010
60_COPY::y : 0x7fdd2b3e7010
24_POW::a : 0x7fddc08e4010
24_POW::b : 0x7fdd1fccb010
24_POW::y : 0x7fdd145af010
120_TGAMMA::x : 0x7fdd819ce010
120_TGAMMA::y : 0x7fdd7be40010
60_XPY::x : 0x7fdda3f20010
60_XPY::y : 0x7fdd8755c010
48_ERF::x : 0x7fdd64770010
48_ERF::y : 0x7fdd145b0010
60_TGAMMA::x : 0x7fddc9239010
60_TGAMMA::y : 0x7fddc6472010
60_XPY::x : 0x7fdd47dac010
60_XPY::y : 0x7fdd2b3e8010
12_SQRTX::x : 0x7fdd8d0ea010
60_XPY::x : 0x7fddaf63c010
60_XPY::y : 0x7fdd92c78010
48_ERF::x : 0x7fdd7be41010
48_ERF::y : 0x7fdcfd779010
84_COPY::x : 0x7fdcd569a010
84_COPY::y : 0x7fdcad5bb010
36_POW::a : 0x7fdd6a2fe010
36_POW::b : 0x7fdd59055010
36_POW::y : 0x7fdd47dac010
12_ERF::x : 0x7fdd8d0ea010
12_ERF::y : 0x7fdd8755c010
84_COPY::x : 0x7fdda3f21010
84_COPY::y : 0x7fdd1fccd010
24_ERF::x : 0x7fdd98805010
24_ERF::y : 0x7fdd8d0e9010
60_XPY::x : 0x7fdd8755d010
60_XPY::y : 0x7fdd03309010
36_POW::a : 0x7fdcf2060010
36_POW::b : 0x7fdce0db7010
36_POW::y : 0x7fdccfb0e010
24_POW::a : 0x7fdd7be41010
24_POW::b : 0x7fdd6fe8b010
24_POW::y : 0x7fdd6476f010
120_TGAMMA::x : 0x7fddc6472010
120_TGAMMA::y : 0x7fddc08e4010
60_XPY::x : 0x7fdd5ebe3010
60_XPY::y : 0x7fdcb314a010
60_XPY::x : 0x7fdda3f20010
60_XPY::y : 0x7fdd8755c010
12_ERF::x : 0x7fdd819ce010
12_ERF::y : 0x7fdd7be40010
12_SQRTX::x : 0x7fdd819ce010
36_POW::a : 0x7fdd4d93a010
36_POW::b : 0x7fdd3c691010
36_POW::y : 0x7fdd2b3e8010
84_SUM::x : 0x7fdd03309010
48_XPY::x : 0x7fdd64770010
48_XPY::y : 0x7fdcec4d2010
120_TGAMMA::x : 0x7fddc6472010
120_TGAMMA::y : 0x7fddc08e4010
12_TGAMMA::x : 0x7fddd4000da0
12_TGAMMA::y : 0x7fddd49289b0
84_COPY::x : 0x7fdd98805010
84_COPY::y : 0x7fdd03309010
60_XPY::x : 0x7fdd7be41010
60_XPY::y : 0x7fdd47dac010
36_POW::a : 0x7fdd6a2fe010
36_POW::b : 0x7fdd36b03010
36_POW::y : 0x7fdcf2060010
12_TGAMMA::x : 0x185f8e0
12_TGAMMA::y : 0x21874f0
108_SUM::x : 0x7fdcbe866010
36_POW::a : 0x7fdd8755c010
36_POW::b : 0x7fdd59055010
36_POW::y : 0x7fdd47dac010
36_POW::a : 0x7fdce0db7010
36_POW::b : 0x7fdccfb0e010
36_POW::y : 0x7fdcbe865010
120_TGAMMA::x : 0x7fddc6472010
120_TGAMMA::y : 0x7fddc08e4010
60_TGAMMA::x : 0x7fddbdb1d010
60_TGAMMA::y : 0x7fddbad56010
84_SUM::x : 0x7fdd92c77010
60_XPY::x : 0x7fdd5ebe3010
60_XPY::y : 0x7fdd4221f010
24_POW::a : 0x7fddc08e4010
24_POW::b : 0x7fdd8755b010
24_POW::y : 0x7fdd7be3f010
108_SUM::x : 0x7fdd0ea25010
60_XPY::x : 0x7fdda3f20010
60_XPY::y : 0x7fdcf2061010
60_TGAMMA::x : 0x7fdda1159010
60_TGAMMA::y : 0x7fdd9e392010
48_ERF::x : 0x7fdd8755b010
48_ERF::y : 0x7fdd64770010
84_SUM::x : 0x7fdd3c691010
24_ERF::x : 0x7fddc08e4010
24_ERF::y : 0x7fdd7be3f010
84_SUM::x : 0x7fdd145b2010
60_COPY::x : 0x7fdda3f20010
60_COPY::y : 0x7fdd47dac010
132_SUM::x : 0x7fdcd569d010
132_SUM::x : 0x7fdc96788010
108_SUM::x : 0x7fdd145b2010
36_POW::a : 0x7fdd92c77010
36_POW::b : 0x7fdd819ce010
36_POW::y : 0x7fdd6a2fe010
48_SQRTX::x : 0x7fdd30f75010
108_SUM::x : 0x7fdcfd77b010
24_ERF::x : 0x7fddc08e4010
24_ERF::y : 0x7fddb51c8010
120_TGAMMA::x : 0x7fddc6472010
120_TGAMMA::y : 0x7fddc08e4010
132_SUM::x : 0x7fdcbe866010
36_DOT::x : 0x7fddaf63b010
36_DOT::y : 0x7fdd59055010
108_SUM::x : 0x7fdd7be41010
36_POW::a : 0x7fddaf63b010
36_POW::b : 0x7fdd6a2fe010
36_POW::y : 0x7fdd59055010
24_POW::a : 0x7fdda3f1f010
24_POW::b : 0x7fdd98803010
24_POW::y : 0x7fdd8d0e7010
84_COPY::x : 0x7fdd30f76010
84_COPY::y : 0x7fdd08e97010
24_ERF::x : 0x7fddc08e4010
24_ERF::y : 0x7fdd819cb010
60_TGAMMA::x : 0x7fddc9239010
60_TGAMMA::y : 0x7fddc6472010
48_XPY::x : 0x7fdd98804010
48_XPY::y : 0x7fdd819cd010
84_COPY::x : 0x7fdce0db8010
84_COPY::y : 0x7fdcb8cd9010
12_POW::a : 0x7fddc6472010
12_POW::b : 0x7fddc08e4010
12_POW::y : 0x7fddbad56010
84_DOT::x : 0x7fdc90bfa010
84_DOT::y : 0x7fdc68b1b010
84_DOT::x : 0x7fdda3f21010
84_DOT::y : 0x7fdd7be42010
84_SUM::x : 0x7fdd534c8010
84_COPY::x : 0x7fdd534c8010
84_COPY::y : 0x7fdd2b3e9010
84_COPY::x : 0x7fdd0330a010
84_COPY::y : 0x7fdcdb22b010
12_TGAMMA::x : 0x7fddd4000da0
12_TGAMMA::y : 0x7fddd49289b0
60_TGAMMA::x : 0x7fddc9239010
60_TGAMMA::y : 0x7fddc6472010
12_TGAMMA::x : 0x7fddd4000da0
12_TGAMMA::y : 0x7fddd49289b0
48_XPY::x : 0x7fddaf63b010
48_XPY::y : 0x7fdd98804010
48_XPY::x : 0x7fdd819cd010
48_XPY::y : 0x7fdcc43f4010
84_COPY::x : 0x7fdda3f21010
84_COPY::y : 0x7fdc9c315010
48_XPY::x : 0x7fdd64770010
48_XPY::y : 0x7fdd4d939010
12_TGAMMA::x : 0x7fddd00017d0
12_TGAMMA::y : 0x7fddd09293e0
132_SUM::x : 0x7fdd0ea24010
48_SQRTX::x : 0x7fdd8d0ea010
60_COPY::x : 0x7fdd5ebe3010
60_COPY::y : 0x7fdcf2060010
132_SUM::x : 0x7fdc5d400010
36_POW::a : 0x7fdd92c78010
36_POW::b : 0x7fdd819cf010
36_POW::y : 0x7fdd4d93a010
36_POW::a : 0x7fddbad57010
36_POW::b : 0x7fdda9aae010
36_POW::y : 0x7fdd3c691010
36_POW::a : 0x7fdd6a2fe010
36_POW::b : 0x7fdd2b3e8010
36_POW::y : 0x7fdd1a13f010
48_SQRTX::x : 0x7fdd03308010
  итерация 1: 1537785 ms
24_POW::a : 0x7fddc08e4010
24_POW::b : 0x7fdd7be40010
24_POW::y : 0x7fdcfd77b010
60_COPY::x : 0x7fdda3f20010
60_COPY::y : 0x7fdd4221f010
60_XPY::x : 0x7fdd8755c010
60_XPY::y : 0x7fdd08e97010
60_XPY::x : 0x7fdd5ebe3010
60_XPY::y : 0x7fdd2585b010
36_POW::a : 0x7fdcf7bee010
36_POW::b : 0x7fdce6945010
36_POW::y : 0x7fdcd569c010
12_ERF::x : 0x7fddc6472010
12_ERF::y : 0x7fddc08e4010
12_TGAMMA::x : 0x7fddd4000da0
12_TGAMMA::y : 0x7fddd49289b0
120_TGAMMA::x : 0x7fddbad56010
120_TGAMMA::y : 0x7fddb51c8010
12_TGAMMA::x : 0x7fddd4000da0
12_TGAMMA::y : 0x7fddd49289b0
60_TGAMMA::x : 0x7fddc9239010
60_TGAMMA::y : 0x7fddc6472010
84_COPY::x : 0x7fdd8d0e9010
84_COPY::y : 0x7fdd534c8010
60_XPY::x : 0x7fdd36b04010
60_XPY::y : 0x7fdd1a140010
132_SUM::x : 0x7fdcdb22b010
36_DOT::x : 0x7fddbad57010
36_DOT::y : 0x7fdd7be40010
84_DOT::x : 0x7fdd92c78010
84_DOT::y : 0x7fdd534c8010
36_POW::a : 0x7fddbad57010
36_POW::b : 0x7fdd819cf010
36_POW::y : 0x7fdcc9f82010
24_ERF::x : 0x7fdd0ea24010
24_ERF::y : 0x7fdd03308010
60_TGAMMA::x : 0x7fdd7ec08010
60_TGAMMA::y : 0x7fdd7be41010
24_POW::a : 0x7fdd47dac010
24_POW::b : 0x7fdd3c690010
24_POW::y : 0x7fdd30f74010
12_SQRTX::x : 0x7fddb51c9010
36_POW::a : 0x7fdd1fccb010
36_POW::b : 0x7fdd0ea22010
36_POW::y : 0x7fdcfd779010
48_XPY::x : 0x7fdda3f20010
48_XPY::y : 0x7fdd64770010
48_ERF::x : 0x7fdd8d0e9010
48_ERF::y : 0x7fdce6942010
120_TGAMMA::x : 0x7fddc6472010
120_TGAMMA::y : 0x7fddc08e4010
84_COPY::x : 0x7fdd534c8010
84_COPY::y : 0x7fdcbe863010
48_ERF::x : 0x7fdda9aad010
48_ERF::y : 0x7fdd3c691010
48_XPY::x : 0x7fdd92c76010
48_XPY::y : 0x7fdd7be3f010
60_XPY::x : 0x7fdd1fccd010
60_XPY::y : 0x7fdd03309010
60_COPY::x : 0x7fddaf63c010
60_COPY::y : 0x7fdce6945010
36_POW::a : 0x7fdd9e393010
36_POW::b : 0x7fdd8d0ea010
36_POW::y : 0x7fdd7be41010
60_TGAMMA::x : 0x7fdd787e0010
60_TGAMMA::y : 0x7fdd75a19010
84_SUM::x : 0x7fdd4d93a010
12_ERF::x : 0x7fddc6472010
12_ERF::y : 0x7fddc08e4010
36_POW::a : 0x7fdd3c691010
36_POW::b : 0x7fdd2b3e8010
36_POW::y : 0x7fdd1a13f010
60_COPY::x : 0x7fdd5ebe3010
60_COPY::y : 0x7fdcfd77b010
84_COPY::x : 0x7fdcd569c010
84_COPY::y : 0x7fdcad5bd010
12_SQRTX::x : 0x7fddc6472010
84_COPY::x : 0x7fdda3f21010
84_COPY::y : 0x7fdd7be42010
36_DOT::x : 0x7fdd4d93a010
36_DOT::y : 0x7fdd3c691010
60_XPY::x : 0x7fdd5ebe3010
60_XPY::y : 0x7fdd1fccd010
84_COPY::x : 0x7fdc854de010
84_COPY::y : 0x7fdc5d3ff010
12_TGAMMA::x : 0x7fddd00017d0
12_TGAMMA::y : 0x7fddd09293e0
24_ERF::x : 0x7fdd534c7010
24_ERF::y : 0x7fdd47dab010
120_TGAMMA::x : 0x7fddc6472010
120_TGAMMA::y : 0x7fddc08e4010
48_XPY::x : 0x7fdda9aad010
48_XPY::y : 0x7fdd92c76010
108_SUM::x : 0x7fdd47dad010
24_POW::a : 0x7fdd8755a010
24_POW::b : 0x7fdd7be3e010
24_POW::y : 0x7fdd3c691010
24_POW::a : 0x7fddc08e4010
24_POW::b : 0x7fdd30f75010
24_POW::y : 0x7fdd25859010
48_XPY::x : 0x7fdd64770010
48_XPY::y : 0x7fdd4d939010
36_POW::a : 0x7fddaf63b010
36_POW::b : 0x7fdd9e392010
36_POW::y : 0x7fdd145b0010
84_COPY::x : 0x7fdcec4d1010
84_COPY::y : 0x7fdcc43f2010
60_XPY::x : 0x7fdd819ce010
60_XPY::y : 0x7fdd30f75010
60_XPY::x : 0x7fdd5ebe3010
60_XPY::y : 0x7fdca7a2e010
48_XPY::x : 0x7fddb51c9010
48_XPY::y : 0x7fdd9e392010
48_SQRTX::x : 0x7fdd8755b010
36_POW::a : 0x7fdd4d93a010
36_POW::b : 0x7fdd3c691010
36_POW::y : 0x7fdd2b3e8010
120_TGAMMA::x : 0x7fddc6472010
120_TGAMMA::y : 0x7fddc08e4010
84_COPY::x : 0x7fdd03309010
84_COPY::y : 0x7fdcdb22a010
60_XPY::x : 0x7fdda3f20010
60_XPY::y : 0x7fdd8755c010
120_TGAMMA::x : 0x7fdd819ce010
120_TGAMMA::y : 0x7fdd7be40010
84_SUM::x : 0x7fdd534c8010
36_POW::a : 0x7fdd6a2fe010
36_POW::b : 0x7fdd59055010
36_POW::y : 0x7fdd47dac010
84_DOT::x : 0x7fdda3f21010
84_DOT::y : 0x7fdcb314b010
108_SUM::x : 0x7fdd145b2010
84_SUM::x : 0x7fdd7be42010
132_SUM::x : 0x7fdd08e97010
24_POW::a : 0x7fdd98805010
24_POW::b : 0x7fdd8d0e9010
24_POW::y : 0x7fdd819cd010
48_ERF::x : 0x7fdd64770010
48_ERF::y : 0x7fdd4d939010
12_POW::a : 0x7fddc6472010
12_POW::b : 0x7fddc08e4010
12_POW::y : 0x7fddbad56010
12_TGAMMA::x : 0x185f8e0
12_TGAMMA::y : 0x21874f0
24_ERF::x : 0x7fddc08e4010
24_ERF::y : 0x7fddb51c8010
60_TGAMMA::x : 0x7fddb2401010
60_TGAMMA::y : 0x7fddaf63a010
108_SUM::x : 0x7fdd7be40010
132_SUM::x : 0x7fdd3c692010
36_POW::a : 0x7fddbad57010
36_POW::b : 0x7fdd2b3e9010
36_POW::y : 0x7fdd1a140010
24_POW::a : 0x7fddaf63b010
24_POW::b : 0x7fdd0ea24010
24_POW::y : 0x7fdd03308010
60_COPY::x : 0x7fdd92c77010
60_COPY::y : 0x7fdce6944010
24_ERF::x : 0x7fddaf63b010
24_ERF::y : 0x7fdd8755b010
36_POW::a : 0x7fdd6a2fe010
36_POW::b : 0x7fdd59055010
36_POW::y : 0x7fdd47dac010
48_SQRTX::x : 0x7fdd30f75010
12_TGAMMA::x : 0x7fddd00017d0
12_TGAMMA::y : 0x7fddd09293e0
60_TGAMMA::x : 0x7fddc9239010
60_TGAMMA::y : 0x7fddc6472010
12_TGAMMA::x : 0x7fddd4000da0
12_TGAMMA::y : 0x7fddd49289b0
60_TGAMMA::x : 0x7fddc36ab010
60_TGAMMA::y : 0x7fddc08e4010
132_SUM::x : 0x7fdd819cf010
60_XPY::x : 0x7fdd2b3e8010
60_XPY::y : 0x7fdd0ea24010
24_ERF::x : 0x7fdd6fe8b010
24_ERF::y : 0x7fdd6476f010
48_XPY::x : 0x7fdd4d938010
48_XPY::y : 0x7fdcf7bed010
12_TGAMMA::x : 0x185f8e0
12_TGAMMA::y : 0x21874f0
84_SUM::x : 0x7fdccfb0e010
36_POW::a : 0x7fddbad57010
36_POW::b : 0x7fdda9aae010
36_POW::y : 0x7fdd98805010
84_DOT::x : 0x7fdd25859010
84_DOT::y : 0x7fdca7a2f010
132_SUM::x : 0x7fdc68b1a010
84_COPY::x : 0x7fdd534c8010
84_COPY::y : 0x7fdcfd77a010
108_SUM::x : 0x7fdd98806010
84_SUM::x : 0x7fdcd569b010
108_SUM::x : 0x7fdca1ea1010
60_TGAMMA::x : 0x7fddc9239010
60_TGAMMA::y : 0x7fddc6472010
48_SQRTX::x : 0x7fddaf63b010
48_XPY::x : 0x7fdd98804010
48_XPY::y : 0x7fdd819cd010
  итерация 2: 1526683 ms
12_TGAMMA::x : 0x185f8e0
12_TGAMMA::y : 0x21874f0
24_POW::a : 0x7fddc08e4010
24_POW::b : 0x7fddb51c8010
24_POW::y : 0x7fdd7be3f010
36_DOT::x : 0x7fdda3f1f010
36_DOT::y : 0x7fdd6a2fe010
60_XPY::x : 0x7fdd8755b010
60_XPY::y : 0x7fdd4d93a010
24_ERF::x : 0x7fdd4221e010
24_ERF::y : 0x7fdd36b02010
60_COPY::x : 0x7fdd1a13e010
60_COPY::y : 0x7fdcfd77a010
84_DOT::x : 0x7fdcd569b010
84_DOT::y : 0x7fdcad5bc010
36_POW::a : 0x7fddbad57010
36_POW::b : 0x7fdda9aae010
36_POW::y : 0x7fdd6a2fe010
24_POW::a : 0x7fdd9e392010
24_POW::b : 0x7fdd92c76010
24_POW::y : 0x7fdd8755a010
48_ERF::x : 0x7fdd534c7010
48_ERF::y : 0x7fdd3c690010
48_XPY::x : 0x7fdd25859010
48_XPY::y : 0x7fdd0ea22010
60_XPY::x : 0x7fdd8d0ea010
60_XPY::y : 0x7fdcf205e010
84_COPY::x : 0x7fdcc9f7f010
84_COPY::y : 0x7fdca1ea0010
60_XPY::x : 0x7fddaf63c010
60_XPY::y : 0x7fdd5ebe3010
24_POW::a : 0x7fdd819ce010
24_POW::b : 0x7fdd534c7010
24_POW::y : 0x7fdd47dab010
48_ERF::x : 0x7fdd98805010
48_ERF::y : 0x7fdd30f74010
60_TGAMMA::x : 0x7fdd95a3e010
60_TGAMMA::y : 0x7fdd92c77010
120_TGAMMA::x : 0x7fdd8d0e9010
120_TGAMMA::y : 0x7fdd8755b010
60_XPY::x : 0x7fddaf63c010
60_XPY::y : 0x7fdd5ebe3010
12_ERF::x : 0x7fdda9aae010
12_ERF::y : 0x7fdda3f20010
84_COPY::x : 0x7fdd08e95010
84_COPY::y : 0x7fdce0db6010
60_XPY::x : 0x7fdd92c78010
60_XPY::y : 0x7fdd4221f010
120_TGAMMA::x : 0x7fdd8d0ea010
120_TGAMMA::y : 0x7fdd8755c010
60_XPY::x : 0x7fddaf63c010
60_XPY::y : 0x7fdd5ebe3010
24_ERF::x : 0x7fddc08e4010
24_ERF::y : 0x7fddb51c8010
84_COPY::x : 0x7fdcb8cd7010
84_COPY::y : 0x7fdc90bf8010
12_ERF::x : 0x7fddaf63a010
12_ERF::y : 0x7fdda9aac010
12_TGAMMA::x : 0x185f8e0
12_TGAMMA::y : 0x21874f0
36_POW::a : 0x7fdda3f1f010
36_POW::b : 0x7fdd92c76010
36_POW::y : 0x7fdd819cd010
12_SQRTX::x : 0x7fddc6472010
24_POW::a : 0x7fddbad56010
24_POW::b : 0x7fdd6fe8b010
24_POW::y : 0x7fdd6476f010
132_SUM::x : 0x7fdd2585a010
120_TGAMMA::x : 0x7fddc6472010
120_TGAMMA::y : 0x7fddc08e4010
36_POW::a : 0x7fddaf63b010
36_POW::b : 0x7fdd9e392010
36_POW::y : 0x7fdd8d0e9010
12_TGAMMA::x : 0x7fddd00017d0
12_TGAMMA::y : 0x7fddd09293e0
48_XPY::x : 0x7fdd64770010
48_XPY::y : 0x7fdd4d939010
48_ERF::x : 0x7fdd36b02010
48_ERF::y : 0x7fdd1fccb010
60_TGAMMA::x : 0x7fddc9239010
60_TGAMMA::y : 0x7fddc6472010
60_XPY::x : 0x7fdd5ebe3010
60_XPY::y : 0x7fdd03307010
48_SQRTX::x : 0x7fddaf63b010
84_SUM::x : 0x7fdd8755c010
36_POW::a : 0x7fdd4d93a010
36_POW::b : 0x7fdd3c691010
36_POW::y : 0x7fdd2b3e8010
12_POW::a : 0x7fddc6472010
12_POW::b : 0x7fddc08e4010
12_POW::y : 0x7fddbad56010
60_COPY::x : 0x7fdd92c77010
60_COPY::y : 0x7fdce6943010
84_COPY::x : 0x7fdd03309010
84_COPY::y : 0x7fdcbe864010
12_TGAMMA::x : 0x7fddd4000da0
12_TGAMMA::y : 0x7fddd49289b0
120_TGAMMA::x : 0x7fddc6472010
120_TGAMMA::y : 0x7fddc08e4010
12_TGAMMA::x : 0x185f8e0
12_TGAMMA::y : 0x21874f0
36_POW::a : 0x7fddaf63b010
36_POW::b : 0x7fdd819ce010
36_POW::y : 0x7fdd6a2fe010
48_XPY::x : 0x7fdd98804010
48_XPY::y : 0x7fdd534c7010
36_POW::a : 0x7fdd4221e010
36_POW::b : 0x7fdd30f75010
36_POW::y : 0x7fdcf2060010
24_POW::a : 0x7fddc08e4010
24_POW::b : 0x7fddb51c8010
24_POW::y : 0x7fdd8d0e8010
108_SUM::x : 0x7fdcbe866010
12_SQRTX::x : 0x7fddaf63a010
84_COPY::x : 0x7fdd534c8010
84_COPY::y : 0x7fdd08e96010
24_ERF::x : 0x7fddc08e4010
24_ERF::y : 0x7fddb51c8010
84_COPY::x : 0x7fdd8d0e9010
84_COPY::y : 0x7fdcc9f81010
60_TGAMMA::x : 0x7fdd8a322010
60_TGAMMA::y : 0x7fdd8755b010
60_COPY::x : 0x7fdd36b04010
60_COPY::y : 0x7fdcad5bd010
48_XPY::x : 0x7fddb51c9010
48_XPY::y : 0x7fdc96786010
48_XPY::x : 0x7fdd64770010
48_XPY::y : 0x7fdd1fccd010
48_SQRTX::x : 0x7fdd4d939010
60_TGAMMA::x : 0x7fddc9239010
60_TGAMMA::y : 0x7fddc6472010
60_TGAMMA::x : 0x7fddc36ab010
60_TGAMMA::y : 0x7fddc08e4010
84_SUM::x : 0x7fdd98805010
108_SUM::x : 0x7fdcec4d3010
60_XPY::x : 0x7fdd7be41010
60_XPY::y : 0x7fdd5ebe3010
84_SUM::x : 0x7fdd36b04010
48_SQRTX::x : 0x7fddb51c9010
108_SUM::x : 0x7fdd0330a010
60_XPY::x : 0x7fdd98805010
60_XPY::y : 0x7fdd4221f010
84_SUM::x : 0x7fdcdb22b010
84_SUM::x : 0x7fdcb314c010
36_POW::a : 0x7fddbad57010
36_POW::b : 0x7fdd8755c010
36_POW::y : 0x7fdd6a2fe010
60_TGAMMA::x : 0x7fddb7f90010
60_TGAMMA::y : 0x7fddb51c9010
12_TGAMMA::x : 0x7fddd4000da0
12_TGAMMA::y : 0x7fddd49289b0
84_COPY::x : 0x7fdd4221f010
84_COPY::y : 0x7fdd1a140010
36_DOT::x : 0x7fdda3f20010
36_DOT::y : 0x7fdd08e97010
132_SUM::x : 0x7fdcc9f82010
84_DOT::x : 0x7fdca1ea3010
84_DOT::y : 0x7fdc79dc4010
36_POW::a : 0x7fddbad57010
36_POW::b : 0x7fdda9aae010
36_POW::y : 0x7fdd98805010
108_SUM::x : 0x7fdce6946010
132_SUM::x : 0x7fdd3c692010
120_TGAMMA::x : 0x7fdd92c77010
120_TGAMMA::y : 0x7fdd8d0e9010
132_SUM::x : 0x7fdca7a31010
36_POW::a : 0x7fddbad57010
36_POW::b : 0x7fdda9aae010
36_POW::y : 0x7fdd98805010
60_TGAMMA::x : 0x7fdd8a322010
60_TGAMMA::y : 0x7fdd8755b010
36_POW::a : 0x7fdd6a2fe010
36_POW::b : 0x7fdd59055010
36_POW::y : 0x7fdd47dac010
108_SUM::x : 0x7fdd145b2010
84_DOT::x : 0x7fdcec4d3010
84_DOT::y : 0x7fdcc43f4010
132_SUM::x : 0x7fdd8d0eb010
12_TGAMMA::x : 0x185f8e0
12_TGAMMA::y : 0x21874f0
24_ERF::x : 0x7fdd819cf010
24_ERF::y : 0x7fdd3c690010
24_ERF::x : 0x7fdd6fe8b010
24_ERF::y : 0x7fdd6476f010
60_COPY::x : 0x7fdd1fccc010
60_COPY::y : 0x7fdd03308010
24_POW::a : 0x7fdd819cf010
24_POW::b : 0x7fdd59053010
24_POW::y : 0x7fdd4d937010
36_POW::a : 0x7fddbad57010
36_POW::b : 0x7fdda9aae010
36_POW::y : 0x7fdd98805010
48_XPY::x : 0x7fdd64770010
48_XPY::y : 0x7fdcec4d1010
48_XPY::x : 0x7fdd819ce010
48_XPY::y : 0x7fdd4d939010
84_COPY::x : 0x7fdd2585a010
84_COPY::y : 0x7fdcc43f2010
  итерация 3: 1516385 ms
12_TGAMMA::x : 0x7fddd00017d0
12_TGAMMA::y : 0x7fddd09293e0
24_POW::a : 0x7fddc08e4010
24_POW::b : 0x7fdda3f1f010
24_POW::y : 0x7fdd98803010
36_DOT::x : 0x7fddaf63b010
36_DOT::y : 0x7fdd8755a010
84_DOT::x : 0x7fdd534c8010
84_DOT::y : 0x7fdd2b3e9010
24_ERF::x : 0x7fdd7be3e010
24_ERF::y : 0x7fdd1fccd010
84_COPY::x : 0x7fdcf7bee010
84_COPY::y : 0x7fdccfb0f010
48_XPY::x : 0x7fdd819cc010
48_XPY::y : 0x7fdcb8cd8010
36_POW::a : 0x7fddbad57010
36_POW::b : 0x7fdda9aae010
36_POW::y : 0x7fdd98805010
12_SQRTX::x : 0x7fdd7be3e010
60_TGAMMA::x : 0x7fdd95a3e010
60_TGAMMA::y : 0x7fdd92c77010
24_POW::a : 0x7fdd8755b010
24_POW::b : 0x7fdd7be3f010
24_POW::y : 0x7fdd6fe8b010
24_POW::a : 0x7fddc08e4010
24_POW::b : 0x7fddb51c8010
24_POW::y : 0x7fdda9aac010
132_SUM::x : 0x7fdd30f76010
12_TGAMMA::x : 0x7fddd00017d0
12_TGAMMA::y : 0x7fddd09293e0
48_ERF::x : 0x7fdd1a13f010
48_ERF::y : 0x7fdd03308010
60_XPY::x : 0x7fdd8d0e8010
60_XPY::y : 0x7fdce6944010
60_XPY::x : 0x7fddaf63c010
60_XPY::y : 0x7fdcc9f80010
24_ERF::x : 0x7fdd819cc010
24_ERF::y : 0x7fdd6fe8b010
60_XPY::x : 0x7fdd534c7010
60_XPY::y : 0x7fdd36b03010
84_SUM::x : 0x7fdd0ea24010
60_XPY::x : 0x7fdd92c78010
60_XPY::y : 0x7fdcf2060010
60_COPY::x : 0x7fddaf63c010
60_COPY::y : 0x7fdcd569c010
60_XPY::x : 0x7fdd1a13f010
60_XPY::y : 0x7fdcb8cd8010
108_SUM::x : 0x7fdd47dad010
36_POW::a : 0x7fdd9e393010
36_POW::b : 0x7fdd8d0ea010
36_POW::y : 0x7fdd7be41010
12_SQRTX::x : 0x7fddc6472010
12_ERF::x : 0x7fddc08e4010
12_ERF::y : 0x7fddbad56010
60_XPY::x : 0x7fdd5ebe3010
60_XPY::y : 0x7fdd4221f010
60_XPY::x : 0x7fdd2585b010
60_XPY::y : 0x7fdd08e97010
60_COPY::x : 0x7fddaf63c010
60_COPY::y : 0x7fdcec4d3010
24_POW::a : 0x7fdda3f20010
24_POW::b : 0x7fdd98804010
24_POW::y : 0x7fdd8d0e8010
36_POW::a : 0x7fdd7be3f010
36_POW::b : 0x7fdd6a2fe010
36_POW::y : 0x7fdd59055010
24_POW::a : 0x7fdda3f20010
24_POW::b : 0x7fdd98804010
24_POW::y : 0x7fdd8d0e8010
60_COPY::x : 0x7fddaf63c010
60_COPY::y : 0x7fdcec4d3010
84_COPY::x : 0x7fdd30f76010
84_COPY::y : 0x7fdd08e97010
12_ERF::x : 0x7fdda9aae010
12_ERF::y : 0x7fdda3f20010
48_ERF::x : 0x7fdd8d0e9010
48_ERF::y : 0x7fdd64770010
108_SUM::x : 0x7fdcb8cd9010
48_XPY::x : 0x7fddb51c9010
48_XPY::y : 0x7fdcf2060010
48_XPY::x : 0x7fdd4d939010
48_XPY::y : 0x7fdd36b02010
120_TGAMMA::x : 0x7fddaf63b010
120_TGAMMA::y : 0x7fdda9aad010
60_XPY::x : 0x7fdd1a13e010
60_XPY::y : 0x7fdcfd77a010
84_COPY::x : 0x7fdd819ce010
84_COPY::y : 0x7fdcd569b010
60_TGAMMA::x : 0x7fddc9239010
60_TGAMMA::y : 0x7fddc6472010
36_DOT::x : 0x7fddb51c9010
36_DOT::y : 0x7fdd6a2fe010
48_ERF::x : 0x7fdd534c7010
48_ERF::y : 0x7fdd3c690010
84_SUM::x : 0x7fdd145b1010
12_TGAMMA::x : 0x185f8e0
12_TGAMMA::y : 0x21874f0
36_POW::a : 0x7fddbad57010
36_POW::b : 0x7fdda9aae010
36_POW::y : 0x7fdd6a2fe010
36_POW::a : 0x7fdd98805010
36_POW::b : 0x7fdd8755c010
36_POW::y : 0x7fdd03308010
120_TGAMMA::x : 0x7fdd819ce010
120_TGAMMA::y : 0x7fdd7be40010
24_ERF::x : 0x7fdd5ebe2010
24_ERF::y : 0x7fdd534c6010
120_TGAMMA::x : 0x7fdd64770010
120_TGAMMA::y : 0x7fdd5ebe2010
48_XPY::x : 0x7fddb51c9010
48_XPY::y : 0x7fdd47dab010
36_POW::a : 0x7fdda3f20010
36_POW::b : 0x7fdd92c77010
36_POW::y : 0x7fdd6a2fe010
84_COPY::x : 0x7fdd1fccc010
84_COPY::y : 0x7fdcf7bed010
84_COPY::x : 0x7fdccfb0e010
84_COPY::y : 0x7fdca7a2f010
60_TGAMMA::x : 0x7fddc9239010
60_TGAMMA::y : 0x7fddc6472010
60_TGAMMA::x : 0x7fddc9239010
60_TGAMMA::y : 0x7fddc6472010
48_SQRTX::x : 0x7fddaf63b010
84_COPY::x : 0x7fdd8755c010
84_COPY::y : 0x7fdd534c8010
12_TGAMMA::x : 0x7fddd00017d0
12_TGAMMA::y : 0x7fddd09293e0
36_POW::a : 0x7fdd4221f010
36_POW::b : 0x7fdd30f76010
36_POW::y : 0x7fdd1fccd010
132_SUM::x : 0x7fdc68b1a010
84_SUM::x : 0x7fdcf7bee010
120_TGAMMA::x : 0x7fddc6472010
120_TGAMMA::y : 0x7fddc08e4010
12_TGAMMA::x : 0x7fddd4000da0
12_TGAMMA::y : 0x7fddd49289b0
84_SUM::x : 0x7fdd98805010
108_SUM::x : 0x7fdcec4d3010
132_SUM::x : 0x7fdd3c692010
84_DOT::x : 0x7fdd98805010
84_DOT::y : 0x7fdcc43f4010
60_XPY::x : 0x7fdd7be41010
60_XPY::y : 0x7fdd1fcce010
12_POW::a : 0x7fddc6472010
12_POW::b : 0x7fddc08e4010
12_POW::y : 0x7fdd1a140010
60_TGAMMA::x : 0x7fdd787e0010
60_TGAMMA::y : 0x7fdd75a19010
36_POW::a : 0x7fdd64770010
36_POW::b : 0x7fdd534c7010
36_POW::y : 0x7fdd4221e010
24_ERF::x : 0x7fddc08e4010
24_ERF::y : 0x7fddb51c8010
60_TGAMMA::x : 0x7fddb2401010
60_TGAMMA::y : 0x7fddaf63a010
36_POW::a : 0x7fdd9e391010
36_POW::b : 0x7fdd8d0e8010
36_POW::y : 0x7fdd7be3f010
84_COPY::x : 0x7fdd1a13f010
84_COPY::y : 0x7fdcf2060010
84_COPY::x : 0x7fdcc9f81010
84_COPY::y : 0x7fdca1ea2010
60_COPY::x : 0x7fddaf63c010
60_COPY::y : 0x7fdd5ebe3010
48_XPY::x : 0x7fdd98805010
48_XPY::y : 0x7fdd819ce010
24_ERF::x : 0x7fdd534c7010
24_ERF::y : 0x7fdd47dab010
48_XPY::x : 0x7fddb51c9010
48_XPY::y : 0x7fdd64770010
36_POW::a : 0x7fdda3f20010
36_POW::b : 0x7fdd92c77010
36_POW::y : 0x7fdd819ce010
108_SUM::x : 0x7fdd145b1010
132_SUM::x : 0x7fdcd569c010
48_SQRTX::x : 0x7fddb51c9010
60_TGAMMA::x : 0x7fdd7ec07010
60_TGAMMA::y : 0x7fdd7be40010
120_TGAMMA::x : 0x7fdd75a19010
120_TGAMMA::y : 0x7fdd6fe8b010
12_TGAMMA::x : 0x7fddd00017d0
12_TGAMMA::y : 0x7fddd09293e0
108_SUM::x : 0x7fdd819cf010
36_POW::a : 0x7fddbad57010
36_POW::b : 0x7fdd5ebe2010
36_POW::y : 0x7fdd4d939010
24_POW::a : 0x7fdd4221d010
24_POW::b : 0x7fdd36b01010
24_POW::y : 0x7fdd2b3e5010
12_TGAMMA::x : 0x7fddd00017d0
12_TGAMMA::y : 0x7fddd09293e0
84_SUM::x : 0x7fdd92c78010
132_SUM::x : 0x7fdcec4d0010
48_SQRTX::x : 0x7fdd7be41010
48_XPY::x : 0x7fdda3f20010
48_XPY::y : 0x7fdd36b02010
84_DOT::x : 0x7fdd534c8010
84_DOT::y : 0x7fdcc43f1010
  итерация 4: 1527262 ms
  среднее по 5 итерациям: 1522364 ms
=== Выполняется проект: no_po_6.txt (100 работ) ===
12_SQRTX::x : 0x7fddaf63b010
48_SQRTX::x : 0x7fdd98804010
48_ERF::x : 0x7fddb51c9010
48_ERF::y : 0x7fdd59054010
24_POW::a : 0x7fdd8d0e8010
24_POW::b : 0x7fdd819cc010
24_POW::y : 0x7fdd6fe8b010
120_TGAMMA::x : 0x7fddaf63b010
120_TGAMMA::y : 0x7fdd7be3e010
36_POW::a : 0x7fdd9e392010
36_POW::b : 0x7fdd47dab010
36_POW::y : 0x7fdd36b02010
24_POW::a : 0x7fdd92c76010
24_POW::b : 0x7fdd8755a010
24_POW::y : 0x7fdd6fe8b010
84_SUM::x : 0x7fdd0ea23010
84_COPY::x : 0x7fdce6944010
84_COPY::y : 0x7fdcbe865010
60_TGAMMA::x : 0x7fddc9239010
60_TGAMMA::y : 0x7fddc6472010
108_SUM::x : 0x7fdc8b06b010
84_DOT::x : 0x7fdd9e393010
84_DOT::y : 0x7fdd534c8010
36_DOT::x : 0x7fdd8d0ea010
36_DOT::y : 0x7fdd7be41010
12_ERF::x : 0x7fddc6472010
12_ERF::y : 0x7fdd4d93a010
84_COPY::x : 0x7fdd2b3e9010
84_COPY::y : 0x7fdc96786010
60_TGAMMA::x : 0x7fddc9239010
60_TGAMMA::y : 0x7fddc6472010
24_POW::a : 0x7fdd92c77010
24_POW::b : 0x7fdd8755b010
24_POW::y : 0x7fdd7be3f010
24_ERF::x : 0x7fddbad56010
24_ERF::y : 0x7fddaf63a010
12_TGAMMA::x : 0x7fddd4000da0
12_TGAMMA::y : 0x7fddd49289b0
24_ERF::x : 0x7fdda3f1e010
24_ERF::y : 0x7fdd6fe8b010
108_SUM::x : 0x7fdcf7bef010
60_TGAMMA::x : 0x7fddc9239010
60_TGAMMA::y : 0x7fddc6472010
12_POW::a : 0x7fddc08e4010
12_POW::b : 0x7fddbad56010
12_POW::y : 0x7fddb51c8010
36_POW::a : 0x7fdda3f1f010
36_POW::b : 0x7fdd92c76010
36_POW::y : 0x7fdd819cd010
12_SQRTX::x : 0x7fdd7be3f010
36_POW::a : 0x7fdd6a2fe010
36_POW::b : 0x7fdd59055010
36_POW::y : 0x7fdd47dac010
36_POW::a : 0x7fddbad57010
36_POW::b : 0x7fdd36b03010
36_POW::y : 0x7fdd2585a010
36_POW::a : 0x7fdd145b1010
36_POW::b : 0x7fdd03308010
36_POW::y : 0x7fdcf205f010
48_ERF::x : 0x7fdda3f20010
48_ERF::y : 0x7fdd8d0e9010
60_XPY::x : 0x7fdd5ebe3010
60_XPY::y : 0x7fdcd569b010
60_XPY::x : 0x7fdd4221f010
60_XPY::y : 0x7fdd2585b010
84_SUM::x : 0x7fdcfd77c010
24_ERF::x : 0x7fddc08e4010
24_ERF::y : 0x7fddb51c8010
24_ERF::x : 0x7fdda9aac010
24_ERF::y : 0x7fdd9e390010
36_POW::a : 0x7fdd8d0e7010
36_POW::b : 0x7fdd7be3e010
36_POW::y : 0x7fdd6a2fe010
48_ERF::x : 0x7fdd534c7010
48_ERF::y : 0x7fdd3c690010
48_SQRTX::x : 0x7fddb51c9010
24_POW::a : 0x7fdda9aad010
24_POW::b : 0x7fdd9e391010
24_POW::y : 0x7fdd30f74010
60_XPY::x : 0x7fdd145b0010
60_XPY::y : 0x7fdcf7bec010
60_COPY::x : 0x7fddaf63c010
60_COPY::y : 0x7fdcdb228010
48_ERF::x : 0x7fdd98805010
48_ERF::y : 0x7fdd819ce010
12_SQRTX::x : 0x7fdd7be40010
60_COPY::x : 0x7fdd5ebe3010
60_COPY::y : 0x7fdd4221f010
36_DOT::x : 0x7fddbad57010
36_DOT::y : 0x7fdd30f76010
24_ERF::x : 0x7fdd2585a010
24_ERF::y : 0x7fdd1a13e010
84_DOT::x : 0x7fdd92c78010
84_DOT::y : 0x7fdcf205f010
12_TGAMMA::x : 0x7fddcc000be0
12_TGAMMA::y : 0x7fddcc9287f0
108_SUM::x : 0x7fdd47dad010
24_ERF::x : 0x7fddc08e4010
24_ERF::y : 0x7fdd8755c010
12_ERF::x : 0x7fdd819ce010
12_ERF::y : 0x7fdd7be40010
108_SUM::x : 0x7fdcbe865010
48_ERF::x : 0x7fdd7be41010
48_ERF::y : 0x7fdd30f76010
24_POW::a : 0x7fddc08e4010
24_POW::b : 0x7fddb51c8010
24_POW::y : 0x7fdda9aac010
36_DOT::x : 0x7fdd98803010
36_DOT::y : 0x7fdd6a2fe010
48_ERF::x : 0x7fdd534c7010
48_ERF::y : 0x7fdd1a13f010
48_XPY::x : 0x7fdd03308010
48_XPY::y : 0x7fdcec4d1010
132_SUM::x : 0x7fdcad5bc010
36_POW::a : 0x7fddbad57010
36_POW::b : 0x7fdda9aae010
36_POW::y : 0x7fdd98805010
60_XPY::x : 0x7fdd7be41010
60_XPY::y : 0x7fdd5ebe3010
48_XPY::x : 0x7fdd47dac010
48_XPY::y : 0x7fdd30f75010
60_XPY::x : 0x7fdd145b1010
60_XPY::y : 0x7fdcf7bed010
132_SUM::x : 0x7fdcb8cd8010
24_ERF::x : 0x7fddc08e4010
24_ERF::y : 0x7fddb51c8010
36_POW::a : 0x7fdda3f1f010
36_POW::b : 0x7fdd92c76010
36_POW::y : 0x7fdd819cd010
84_SUM::x : 0x7fdd534c8010
108_SUM::x : 0x7fdcc43f3010
48_XPY::x : 0x7fddb51c9010
48_XPY::y : 0x7fdd3c691010
84_SUM::x : 0x7fdd534c8010
48_ERF::x : 0x7fdd9e392010
48_ERF::y : 0x7fdd8755b010
48_XPY::x : 0x7fdd2585a010
48_XPY::y : 0x7fdd0ea23010
36_POW::a : 0x7fddbad57010
36_POW::b : 0x7fdd4221f010
36_POW::y : 0x7fdcfd77a010
12_ERF::x : 0x7fddb51c9010
12_ERF::y : 0x7fdd819cd010
60_XPY::x : 0x7fdd5ebe3010
60_XPY::y : 0x7fdce0db6010
84_DOT::x : 0x7fdd1a140010
84_DOT::y : 0x7fdcb8cd7010
36_DOT::x : 0x7fdda9aae010
36_DOT::y : 0x7fdd98805010
48_ERF::x : 0x7fdd819ce010
48_ERF::y : 0x7fdd47dac010
24_ERF::x : 0x7fddc08e4010
24_ERF::y : 0x7fddb51c8010
48_SQRTX::x : 0x7fdd9e391010
84_DOT::x : 0x7fdcf2061010
84_DOT::y : 0x7fdc90bf8010
132_SUM::x : 0x7fdc51ce3010
12_TGAMMA::x : 0x7fddd4000da0
12_TGAMMA::y : 0x7fddd49289b0
12_TGAMMA::x : 0x7fddd4000da0
12_TGAMMA::y : 0x7fddd49289b0
60_TGAMMA::x : 0x7fddc9239010
60_TGAMMA::y : 0x7fddc6472010
12_POW::a : 0x7fddc08e4010
12_POW::b : 0x7fddbad56010
12_POW::y : 0x7fddb51c8010
60_XPY::x : 0x7fdd98804010
60_XPY::y : 0x7fdd7be40010
36_DOT::x : 0x7fddb51c9010
36_DOT::y : 0x7fdd6a2fe010
36_POW::a : 0x7fdd59055010
36_POW::b : 0x7fdd47dac010
36_POW::y : 0x7fdd36b03010
12_ERF::x : 0x7fddc6472010
12_ERF::y : 0x7fdd30f75010
12_SQRTX::x : 0x7fddc6472010
36_DOT::x : 0x7fddb51c9010
36_DOT::y : 0x7fdd6a2fe010
12_TGAMMA::x : 0x185f8c0
12_TGAMMA::y : 0x21874d0
48_SQRTX::x : 0x7fdd1fccc010
12_POW::a : 0x7fddc6472010
12_POW::b : 0x7fddaf63b010
12_POW::y : 0x7fdda9aad010
36_POW::a : 0x7fddb51c9010
36_POW::b : 0x7fdd98804010
36_POW::y : 0x7fdd8755b010
84_DOT::x : 0x7fdd534c8010
84_DOT::y : 0x7fdcf7bed010
12_SQRTX::x : 0x7fddc6472010
24_POW::a : 0x7fdda9aad010
24_POW::b : 0x7fdd7be3f010
24_POW::y : 0x7fdd47dac010
84_SUM::x : 0x7fdd1fccd010
12_ERF::x : 0x7fddc6472010
12_ERF::y : 0x7fddc08e4010
84_SUM::x : 0x7fdd1fccd010
  итерация 0: 1348843 ms
12_SQRTX::x : 0x7fdd7be3e010
24_POW::a : 0x7fddc08e4010
24_POW::b : 0x7fddb51c8010
24_POW::y : 0x7fdd98803010
48_ERF::x : 0x7fdd819cc010
48_ERF::y : 0x7fdd64770010
36_POW::a : 0x7fdda3f1f010
36_POW::b : 0x7fdd534c7010
36_POW::y : 0x7fdd4221e010
48_SQRTX::x : 0x7fdd2b3e7010
84_DOT::x : 0x7fdd03308010
84_DOT::y : 0x7fdcdb229010
36_POW::a : 0x7fddbad57010
36_POW::b : 0x7fdd30f75010
36_POW::y : 0x7fdcc9f80010
12_TGAMMA::x : 0x185f8c0
12_TGAMMA::y : 0x21874d0
108_SUM::x : 0x7fdd8755d010
84_SUM::x : 0x7fdd534c8010
48_ERF::x : 0x7fdd64770010
48_ERF::y : 0x7fdd4d939010
108_SUM::x : 0x7fdcfd77b010
24_ERF::x : 0x7fddaf63b010
24_ERF::y : 0x7fdda3f1f010
24_ERF::x : 0x7fddc08e4010
24_ERF::y : 0x7fdd98803010
36_DOT::x : 0x7fddaf63b010
36_DOT::y : 0x7fdd8755a010
84_COPY::x : 0x7fdcd569c010
84_COPY::y : 0x7fdcad5bd010
12_ERF::x : 0x7fddc6472010
12_ERF::y : 0x7fddc08e4010
60_XPY::x : 0x7fdd30f75010
60_XPY::y : 0x7fdd145b1010
84_SUM::x : 0x7fdd534c8010
48_ERF::x : 0x7fddb51c9010
48_ERF::y : 0x7fdd9e392010
60_TGAMMA::x : 0x7fdd9b5cb010
60_TGAMMA::y : 0x7fdd98804010
36_DOT::x : 0x7fdd8755b010
36_DOT::y : 0x7fdd6a2fe010
120_TGAMMA::x : 0x7fdd819cd010
120_TGAMMA::y : 0x7fdd7be3f010
24_POW::a : 0x7fdd5ebe2010
24_POW::b : 0x7fdd534c6010
24_POW::y : 0x7fdd47daa010
132_SUM::x : 0x7fdd08e95010
60_TGAMMA::x : 0x7fddc9239010
60_TGAMMA::y : 0x7fddc6472010
36_POW::a : 0x7fddb51c9010
36_POW::b : 0x7fdda3f20010
36_POW::y : 0x7fdd92c77010
24_ERF::x : 0x7fdd8755b010
24_ERF::y : 0x7fdd6fe8b010
60_XPY::x : 0x7fdd534c7010
60_XPY::y : 0x7fdd36b03010
132_SUM::x : 0x7fdcf7bee010
24_ERF::x : 0x7fdd8755b010
24_ERF::y : 0x7fdd7be3f010
36_POW::a : 0x7fdd819ce010
36_POW::b : 0x7fdce6945010
36_POW::y : 0x7fdcd569c010
60_XPY::x : 0x7fddaf63c010
60_XPY::y : 0x7fdd92c78010
60_TGAMMA::x : 0x7fdd7ec07010
60_TGAMMA::y : 0x7fdd7be40010
24_ERF::x : 0x7fdd6fe8b010
24_ERF::y : 0x7fdd6476f010
108_SUM::x : 0x7fdd30f75010
24_POW::a : 0x7fdd6fe8b010
24_POW::b : 0x7fdd6476f010
24_POW::y : 0x7fdd25859010
12_SQRTX::x : 0x7fdd8d0ea010
60_COPY::x : 0x7fddaf63c010
60_COPY::y : 0x7fdd92c78010
12_ERF::x : 0x7fdd8d0ea010
12_ERF::y : 0x7fdd8755c010
60_XPY::x : 0x7fdd47dab010
60_XPY::y : 0x7fdd08e95010
36_POW::a : 0x7fdd6a2fe010
36_POW::b : 0x7fdd36b02010
36_POW::y : 0x7fdd25859010
36_POW::a : 0x7fdd819cf010
36_POW::b : 0x7fdcf7bec010
36_POW::y : 0x7fdce6943010
24_ERF::x : 0x7fddc08e4010
24_ERF::y : 0x7fddb51c8010
12_TGAMMA::x : 0x7fddd00017d0
12_TGAMMA::y : 0x7fddd09293e0
60_COPY::x : 0x7fdd98804010
60_COPY::y : 0x7fdd4d93a010
12_SQRTX::x : 0x7fdd7be41010
24_POW::a : 0x7fdd8d0e8010
24_POW::b : 0x7fdd6fe8b010
24_POW::y : 0x7fdd4221e010
48_ERF::x : 0x7fddb51c9010
48_ERF::y : 0x7fdd2b3e7010
60_TGAMMA::x : 0x7fdd8a321010
60_TGAMMA::y : 0x7fdd8755a010
48_ERF::x : 0x7fdd145b0010
48_ERF::y : 0x7fdcfd779010
36_POW::a : 0x7fdd8755b010
36_POW::b : 0x7fdd6a2fe010
36_POW::y : 0x7fdcec4d0010
24_ERF::x : 0x7fddc08e4010
24_ERF::y : 0x7fddb51c8010
24_POW::a : 0x7fdda9aac010
24_POW::b : 0x7fdd9e390010
24_POW::y : 0x7fdd7be3f010
48_ERF::x : 0x7fddb51c9010
48_ERF::y : 0x7fdd534c7010
36_POW::a : 0x7fdd4221e010
36_POW::b : 0x7fdd30f75010
36_POW::y : 0x7fdd1fccc010
36_POW::a : 0x7fdda3f20010
36_POW::b : 0x7fdd0ea23010
36_POW::y : 0x7fdcfd77a010
60_XPY::x : 0x7fdd8755c010
60_XPY::y : 0x7fdce0db6010
108_SUM::x : 0x7fdcad5bc010
48_XPY::x : 0x7fddb51c9010
48_XPY::y : 0x7fdd64770010
48_XPY::x : 0x7fdd4d939010
48_XPY::y : 0x7fdd36b02010
12_TGAMMA::x : 0x185f8c0
12_TGAMMA::y : 0x21874d0
132_SUM::x : 0x7fdcf7bed010
84_SUM::x : 0x7fdd8d0ea010
12_TGAMMA::x : 0x7fddd00017d0
12_TGAMMA::y : 0x7fddd09293e0
60_XPY::x : 0x7fdd47dac010
60_XPY::y : 0x7fdcdb229010
84_COPY::x : 0x7fdcb314a010
84_COPY::y : 0x7fdc8b06b010
12_TGAMMA::x : 0x7fddd4000da0
12_TGAMMA::y : 0x7fddd49289b0
48_XPY::x : 0x7fddb51c9010
48_XPY::y : 0x7fdd9e392010
48_ERF::x : 0x7fdd8755b010
48_ERF::y : 0x7fdd64770010
36_DOT::x : 0x7fdd534c7010
36_DOT::y : 0x7fdd4221e010
12_POW::a : 0x7fddc6472010
12_POW::b : 0x7fddc08e4010
12_POW::y : 0x7fddbad56010
48_XPY::x : 0x7fdda3f1f010
48_XPY::y : 0x7fdd8d0e8010
48_SQRTX::x : 0x7fdd64770010
60_XPY::x : 0x7fdd47dac010
60_XPY::y : 0x7fdd2b3e8010
84_DOT::x : 0x7fdd03309010
84_DOT::y : 0x7fdcdb22a010
84_SUM::x : 0x7fdcb314b010
84_DOT::x : 0x7fdda3f21010
84_DOT::y : 0x7fdd7be42010
12_ERF::x : 0x7fdd75a19010
12_ERF::y : 0x7fdd6fe8b010
36_DOT::x : 0x7fdd5ebe2010
36_DOT::y : 0x7fdd4d939010
12_POW::a : 0x7fdd47dab010
12_POW::b : 0x7fdd4221d010
12_POW::y : 0x7fdd3c68f010
48_ERF::x : 0x7fdd25858010
48_ERF::y : 0x7fdd0ea21010
12_SQRTX::x : 0x7fdd5ebe2010
48_SQRTX::x : 0x7fdd64770010
108_SUM::x : 0x7fdd98806010
12_ERF::x : 0x7fdd92c78010
12_ERF::y : 0x7fdd8d0ea010
24_POW::a : 0x7fdd8d0ea010
24_POW::b : 0x7fdd819ce010
24_POW::y : 0x7fdd59054010
36_DOT::x : 0x7fdd47dab010
36_DOT::y : 0x7fdd36b02010
36_POW::a : 0x7fdd47dab010
36_POW::b : 0x7fdd36b02010
36_POW::y : 0x7fdd25859010
84_SUM::x : 0x7fdcfd77a010
36_POW::a : 0x7fddbad57010
36_POW::b : 0x7fdda9aae010
36_POW::y : 0x7fdd6a2fe010
36_DOT::x : 0x7fdd98805010
36_DOT::y : 0x7fdd8755c010
84_DOT::x : 0x7fdcfd77a010
84_DOT::y : 0x7fdcd569b010
12_SQRTX::x : 0x7fdda3f20010
48_SQRTX::x : 0x7fdd92c77010
24_ERF::x : 0x7fdd8755b010
24_ERF::y : 0x7fdd7be3f010
84_SUM::x : 0x7fdd534c8010
84_DOT::x : 0x7fdda3f21010
84_DOT::y : 0x7fdd2b3e9010
12_ERF::x : 0x7fdd9e393010
12_ERF::y : 0x7fdd98805010
12_POW::a : 0x7fdd92c77010
12_POW::b : 0x7fdd8d0e9010
12_POW::y : 0x7fdd8755b010
  итерация 1: 1358003 ms
24_ERF::x : 0x7fdd4221d010
24_ERF::y : 0x7fdd36b01010
24_POW::a : 0x7fddc08e4010
24_POW::b : 0x7fdd7be40010
24_POW::y : 0x7fdd4d939010
36_POW::a : 0x7fddaf63b010
36_POW::b : 0x7fdd6a2fe010
36_POW::y : 0x7fdd59055010
84_DOT::x : 0x7fdd8755c010
84_DOT::y : 0x7fdd0ea22010
24_ERF::x : 0x7fdd4221d010
24_ERF::y : 0x7fdd36b01010
48_SQRTX::x : 0x7fdcf7beb010
48_ERF::x : 0x7fdd4221e010
48_ERF::y : 0x7fdce0db4010
36_POW::a : 0x7fdd9e392010
36_POW::b : 0x7fdd8d0e9010
36_POW::y : 0x7fdd7be40010
60_TGAMMA::x : 0x7fddc9239010
60_TGAMMA::y : 0x7fddc6472010
36_POW::a : 0x7fddb51c9010
36_POW::b : 0x7fdd6a2fe010
36_POW::y : 0x7fdd59055010
84_SUM::x : 0x7fdd1a13f010
48_XPY::x : 0x7fdd4221e010
48_XPY::y : 0x7fdd03308010
24_POW::a : 0x7fdd819ce010
24_POW::b : 0x7fdd36b02010
24_POW::y : 0x7fdd2b3e6010
84_COPY::x : 0x7fdd8d0ea010
84_COPY::y : 0x7fdcdb229010
12_SQRTX::x : 0x7fddc6472010
60_XPY::x : 0x7fdd5ebe3010
60_XPY::y : 0x7fdd4221f010
60_XPY::x : 0x7fdd0ea22010
60_XPY::y : 0x7fdcbe865010
108_SUM::x : 0x7fdc8b06b010
120_TGAMMA::x : 0x7fddc6472010
120_TGAMMA::y : 0x7fddc08e4010
24_POW::a : 0x7fddb51c8010
24_POW::b : 0x7fdda9aac010
24_POW::y : 0x7fdd9e390010
12_TGAMMA::x : 0x185f8c0
12_TGAMMA::y : 0x21874d0
84_COPY::x : 0x7fdd534c8010
84_COPY::y : 0x7fdd2b3e9010
60_COPY::x : 0x7fdd819cc010
60_COPY::y : 0x7fdd0ea25010
60_TGAMMA::x : 0x7fddbdb1d010
60_TGAMMA::y : 0x7fddbad56010
36_DOT::x : 0x7fdda9aad010
36_DOT::y : 0x7fdcfd77c010
24_ERF::x : 0x7fddc08e4010
24_ERF::y : 0x7fdd819cd010
60_COPY::x : 0x7fdd8d0e9010
60_COPY::y : 0x7fdd0ea25010
24_POW::a : 0x7fddb51c8010
24_POW::b : 0x7fdd03309010
24_POW::y : 0x7fdcf7bed010
48_ERF::x : 0x7fdd64770010
48_ERF::y : 0x7fdd4d939010
48_ERF::x : 0x7fdd36b02010
48_ERF::y : 0x7fdce0db6010
36_POW::a : 0x7fddbad57010
36_POW::b : 0x7fdda9aae010
36_POW::y : 0x7fdd7be40010
108_SUM::x : 0x7fdd03308010
12_SQRTX::x : 0x7fdda3f20010
24_ERF::x : 0x7fdd98804010
24_ERF::y : 0x7fdd6fe8b010
24_ERF::x : 0x7fdd6476f010
24_ERF::y : 0x7fdd59053010
36_DOT::x : 0x7fddbad57010
36_DOT::y : 0x7fdda9aae010
36_POW::a : 0x7fdd8755b010
36_POW::b : 0x7fdd47daa010
36_POW::y : 0x7fdd36b01010
48_ERF::x : 0x7fdd1fcca010
48_ERF::y : 0x7fdd08e93010
12_POW::a : 0x7fdda3f20010
12_POW::b : 0x7fdd9e392010
12_POW::y : 0x7fdd98804010
12_ERF::x : 0x7fddc6472010
12_ERF::y : 0x7fddc08e4010
48_SQRTX::x : 0x7fdda9aad010
60_XPY::x : 0x7fdd5ebe3010
60_XPY::y : 0x7fdcec4cf010
12_SQRTX::x : 0x7fddc6472010
12_ERF::x : 0x7fddc08e4010
12_ERF::y : 0x7fdda3f1f010
36_POW::a : 0x7fddaf63b010
36_POW::b : 0x7fdd92c76010
36_POW::y : 0x7fdd819cd010
24_POW::a : 0x7fdd534c7010
24_POW::b : 0x7fdd47dab010
24_POW::y : 0x7fdd3c68f010
36_DOT::x : 0x7fdd2b3e6010
36_DOT::y : 0x7fdd1a13d010
48_XPY::x : 0x7fdd64770010
48_XPY::y : 0x7fdd03306010
12_TGAMMA::x : 0x185f8c0
12_TGAMMA::y : 0x21874d0
60_XPY::x : 0x7fdd1fccb010
60_XPY::y : 0x7fdce6942010
108_SUM::x : 0x7fdcb3148010
36_POW::a : 0x7fddbad57010
36_POW::b : 0x7fdda9aae010
36_POW::y : 0x7fdd98805010
48_ERF::x : 0x7fdd819ce010
48_ERF::y : 0x7fdd64770010
12_TGAMMA::x : 0x7fddd4000da0
12_TGAMMA::y : 0x7fddd49289b0
48_SQRTX::x : 0x7fdd4d939010
132_SUM::x : 0x7fdd0ea24010
60_XPY::x : 0x7fddaf63c010
60_XPY::y : 0x7fdcf2060010
12_POW::a : 0x7fdda9aae010
12_POW::b : 0x7fdda3f20010
12_POW::y : 0x7fdd9e392010
36_POW::a : 0x7fdd8d0e9010
36_POW::b : 0x7fdd7be40010
36_POW::y : 0x7fdd6a2fe010
60_XPY::x : 0x7fdd4d93a010
60_XPY::y : 0x7fdcd569c010
84_DOT::x : 0x7fdd2585b010
84_DOT::y : 0x7fdcad5bd010
108_SUM::x : 0x7fdcf2061010
24_ERF::x : 0x7fddc08e4010
24_ERF::y : 0x7fddb51c8010
24_ERF::x : 0x7fdda9aac010
24_ERF::y : 0x7fdd9e390010
36_POW::a : 0x7fdd8d0e7010
36_POW::b : 0x7fdd7be3e010
36_POW::y : 0x7fdd6a2fe010
60_TGAMMA::x : 0x7fddb7f90010
60_TGAMMA::y : 0x7fddb51c9010
36_DOT::x : 0x7fddbad57010
36_DOT::y : 0x7fdd59055010
60_TGAMMA::x : 0x7fddb2402010
60_TGAMMA::y : 0x7fddaf63b010
12_SQRTX::x : 0x7fddc6472010
84_DOT::x : 0x7fdd4221f010
84_DOT::y : 0x7fdd1a140010
48_XPY::x : 0x7fddb51c9010
48_XPY::y : 0x7fdd03309010
24_ERF::x : 0x7fdda9aad010
24_ERF::y : 0x7fdd9e391010
84_SUM::x : 0x7fdcdb22a010
12_ERF::x : 0x7fddaf63b010
12_ERF::y : 0x7fdda9aad010
48_SQRTX::x : 0x7fddb51c9010
48_ERF::x : 0x7fdd9e392010
48_ERF::y : 0x7fdd8755b010
36_DOT::x : 0x7fdd6a2fe010
36_DOT::y : 0x7fdd59055010
84_SUM::x : 0x7fdd30f76010
24_POW::a : 0x7fddc08e4010
24_POW::b : 0x7fdd7be3f010
24_POW::y : 0x7fdd2585a010
36_DOT::x : 0x7fdd6a2fe010
36_DOT::y : 0x7fdd59055010
12_ERF::x : 0x7fddbad56010
12_ERF::y : 0x7fdd534c7010
132_SUM::x : 0x7fdce6945010
36_POW::a : 0x7fddaf63b010
36_POW::b : 0x7fdd9e392010
36_POW::y : 0x7fdd8d0e9010
108_SUM::x : 0x7fdd47dad010
36_POW::a : 0x7fdd7be40010
36_POW::b : 0x7fdd36b04010
36_POW::y : 0x7fdd2585b010
84_SUM::x : 0x7fdd534c8010
84_SUM::x : 0x7fdcfd77c010
48_ERF::x : 0x7fddb51c9010
48_ERF::y : 0x7fdd9e392010
84_DOT::x : 0x7fdd534c8010
84_DOT::y : 0x7fdcd569d010
12_SQRTX::x : 0x7fdd98804010
132_SUM::x : 0x7fdd145b3010
60_XPY::x : 0x7fdd819ce010
60_XPY::y : 0x7fdcb8cd9010
12_TGAMMA::x : 0x7fddd4000da0
12_TGAMMA::y : 0x7fddd49289b0
84_DOT::x : 0x7fdda3f21010
84_DOT::y : 0x7fdc90bfa010
12_POW::a : 0x7fdd9e393010
12_POW::b : 0x7fdd7be40010
12_POW::y : 0x7fdd5ebe2010
48_XPY::x : 0x7fdd64770010
48_XPY::y : 0x7fdcfd77c010
48_ERF::x : 0x7fdd8755c010
48_ERF::y : 0x7fdd47dab010
12_TGAMMA::x : 0x7fddcc000be0
12_TGAMMA::y : 0x7fddcc9287f0
84_SUM::x : 0x7fdd1fccc010
12_ERF::x : 0x7fdd9e393010
12_ERF::y : 0x7fdd819ce010
  итерация 2: 1319216 ms
24_ERF::x : 0x7fdd819ce010
24_ERF::y : 0x7fdd4221c010
24_ERF::x : 0x7fdd6fe8b010
24_ERF::y : 0x7fdd4d938010
48_ERF::x : 0x7fdd8d0ea010
48_ERF::y : 0x7fdd59054010
84_DOT::x : 0x7fdda3f21010
84_DOT::y : 0x7fdd1a13d010
24_POW::a : 0x7fdd819ce010
24_POW::b : 0x7fdd4221c010
24_POW::y : 0x7fdd0ea21010
36_POW::a : 0x7fdcfd778010
36_POW::b : 0x7fdcec4cf010
36_POW::y : 0x7fdcdb226010
36_POW::a : 0x7fdd92c78010
36_POW::b : 0x7fdd6a2fe010
36_POW::y : 0x7fdd59055010
108_SUM::x : 0x7fdca7a2c010
12_TGAMMA::x : 0x185f8c0
12_TGAMMA::y : 0x21874d0
36_POW::a : 0x7fddbad57010
36_POW::b : 0x7fdda9aae010
36_POW::y : 0x7fdd819cf010
12_SQRTX::x : 0x7fdd7be41010
48_ERF::x : 0x7fdd4221e010
48_ERF::y : 0x7fdd2b3e7010
60_XPY::x : 0x7fdd0ea23010
60_XPY::y : 0x7fdcf205f010
36_POW::a : 0x7fdd98805010
36_POW::b : 0x7fdd6a2fe010
36_POW::y : 0x7fdd59055010
120_TGAMMA::x : 0x7fddc6472010
120_TGAMMA::y : 0x7fddc08e4010
24_POW::a : 0x7fddb51c8010
24_POW::b : 0x7fdd8d0e9010
24_POW::y : 0x7fdd819cd010
48_SQRTX::x : 0x7fdd4221e010
48_ERF::x : 0x7fdd9e391010
48_ERF::y : 0x7fdd64770010
24_POW::a : 0x7fddc08e4010
24_POW::b : 0x7fdd36b02010
24_POW::y : 0x7fdd2b3e6010
48_ERF::x : 0x7fdd8755a010
48_ERF::y : 0x7fdd145af010
24_ERF::x : 0x7fddb51c8010
24_ERF::y : 0x7fdd7be3e010
60_TGAMMA::x : 0x7fddb2401010
60_TGAMMA::y : 0x7fddaf63a010
60_TGAMMA::x : 0x7fddc9239010
60_TGAMMA::y : 0x7fddc6472010
48_SQRTX::x : 0x7fdd64770010
84_SUM::x : 0x7fdd8755b010
60_XPY::x : 0x7fdd47dac010
60_XPY::y : 0x7fdd2b3e8010
36_DOT::x : 0x7fddbad57010
36_DOT::y : 0x7fdd1a13f010
12_SQRTX::x : 0x7fddb51c9010
24_ERF::x : 0x7fddaf63b010
24_ERF::y : 0x7fdd7be3f010
36_POW::a : 0x7fdd9e392010
36_POW::b : 0x7fdd8d0e9010
36_POW::y : 0x7fdd6a2fe010
84_COPY::x : 0x7fdd03309010
84_COPY::y : 0x7fdcdb22a010
108_SUM::x : 0x7fdca7a30010
48_ERF::x : 0x7fddb51c9010
48_ERF::y : 0x7fdd534c7010
60_TGAMMA::x : 0x7fddb2402010
60_TGAMMA::y : 0x7fddaf63b010
60_XPY::x : 0x7fdd92c77010
60_XPY::y : 0x7fdd36b03010
24_POW::a : 0x7fdd8755b010
24_POW::b : 0x7fdd7be3f010
24_POW::y : 0x7fdd6fe8b010
12_TGAMMA::x : 0x7fddcc000be0
12_TGAMMA::y : 0x7fddcc9287f0
24_POW::a : 0x7fddc08e4010
24_POW::b : 0x7fddb51c8010
24_POW::y : 0x7fdd6476f010
84_SUM::x : 0x7fdd0ea24010
24_ERF::x : 0x7fdda9aac010
24_ERF::y : 0x7fdd9e390010
36_DOT::x : 0x7fdd8d0e7010
36_DOT::y : 0x7fdd7be3e010
84_COPY::x : 0x7fdd3c690010
84_COPY::y : 0x7fdd145b1010
12_TGAMMA::x : 0x185f8c0
12_TGAMMA::y : 0x21874d0
12_ERF::x : 0x7fddc6472010
12_ERF::y : 0x7fddc08e4010
48_SQRTX::x : 0x7fdda9aad010
36_POW::a : 0x7fdd6a2fe010
36_POW::b : 0x7fdd03308010
36_POW::y : 0x7fdcf205f010
108_SUM::x : 0x7fdcbe865010
12_SQRTX::x : 0x7fddc6472010
48_XPY::x : 0x7fddb51c9010
48_XPY::y : 0x7fdd9e392010
36_DOT::x : 0x7fdd8d0e9010
36_DOT::y : 0x7fdd7be40010
84_SUM::x : 0x7fdd4221f010
84_DOT::x : 0x7fdd1a140010
84_DOT::y : 0x7fdcf2061010
36_POW::a : 0x7fdd8d0e9010
36_POW::b : 0x7fdd7be40010
36_POW::y : 0x7fdd6a2fe010
48_ERF::x : 0x7fddb51c9010
48_ERF::y : 0x7fdd9e392010
24_POW::a : 0x7fdd5ebe2010
24_POW::b : 0x7fdd534c6010
24_POW::y : 0x7fdd47daa010
60_COPY::x : 0x7fdd2b3e6010
60_COPY::y : 0x7fdd0ea22010
84_SUM::x : 0x7fdce6943010
48_XPY::x : 0x7fdd8755b010
48_XPY::y : 0x7fdd64770010
12_ERF::x : 0x7fddc6472010
12_ERF::y : 0x7fddc08e4010
24_ERF::x : 0x7fddc08e4010
24_ERF::y : 0x7fddb51c8010
12_ERF::x : 0x7fddaf63a010
12_ERF::y : 0x7fdda9aac010
12_TGAMMA::x : 0x185f8c0
12_TGAMMA::y : 0x21874d0
84_DOT::x : 0x7fdce6943010
84_DOT::y : 0x7fdcbe864010
132_SUM::x : 0x7fdd8d0eb010
12_SQRTX::x : 0x7fdd8755d010
48_ERF::x : 0x7fdd64770010
48_ERF::y : 0x7fdd4d939010
60_COPY::x : 0x7fdd30f75010
60_COPY::y : 0x7fdd145b1010
60_XPY::x : 0x7fddaf63c010
60_XPY::y : 0x7fdd92c78010
12_POW::a : 0x7fdd8d0ea010
12_POW::b : 0x7fdd8755c010
12_POW::y : 0x7fdd819ce010
12_SQRTX::x : 0x7fdd7be40010
36_POW::a : 0x7fdd6a2fe010
36_POW::b : 0x7fdd59055010
36_POW::y : 0x7fdd03308010
36_POW::a : 0x7fdd47dac010
36_POW::b : 0x7fdd36b03010
36_POW::y : 0x7fdd2585a010
60_XPY::x : 0x7fdce6944010
60_XPY::y : 0x7fdcc9f80010
132_SUM::x : 0x7fdd8d0eb010
132_SUM::x : 0x7fdc8b06b010
84_SUM::x : 0x7fdd534c8010
84_DOT::x : 0x7fdd2b3e9010
84_DOT::y : 0x7fdd0330a010
108_SUM::x : 0x7fdd98806010
36_DOT::x : 0x7fdd8755d010
36_DOT::y : 0x7fdd6a2fe010
84_DOT::x : 0x7fdcdb22b010
84_DOT::y : 0x7fdcb314c010
60_TGAMMA::x : 0x7fdd95a3f010
60_TGAMMA::y : 0x7fdd92c78010
48_XPY::x : 0x7fdd7be41010
48_XPY::y : 0x7fdd64770010
12_POW::a : 0x7fddc6472010
12_POW::b : 0x7fddc08e4010
12_POW::y : 0x7fddbad56010
12_ERF::x : 0x7fddb51c8010
12_ERF::y : 0x7fddaf63a010
36_POW::a : 0x7fddbad57010
36_POW::b : 0x7fdd9e391010
36_POW::y : 0x7fdd534c7010
48_XPY::x : 0x7fdd3c690010
48_XPY::y : 0x7fdd25859010
12_TGAMMA::x : 0x7fddd00017d0
12_TGAMMA::y : 0x7fddd09293e0
60_XPY::x : 0x7fdd819cd010
60_XPY::y : 0x7fdd08e95010
60_XPY::x : 0x7fdcec4d1010
60_XPY::y : 0x7fdccfb0d010
36_DOT::x : 0x7fddbad57010
36_DOT::y : 0x7fdda9aae010
36_POW::a : 0x7fdd6a2fe010
36_POW::b : 0x7fdd59055010
36_POW::y : 0x7fdd47dac010
24_ERF::x : 0x7fddc08e4010
24_ERF::y : 0x7fddb51c8010
48_ERF::x : 0x7fdd9e391010
48_ERF::y : 0x7fdd8755a010
108_SUM::x : 0x7fdd145b2010
12_ERF::x : 0x7fddc6472010
12_ERF::y : 0x7fddc08e4010
12_POW::a : 0x7fddbad56010
12_POW::b : 0x7fddb51c8010
12_POW::y : 0x7fdd819cc010
24_ERF::x : 0x7fddc08e4010
24_ERF::y : 0x7fdd6fe8b010
48_SQRTX::x : 0x7fdd59054010
36_DOT::x : 0x7fdda3f1f010
36_DOT::y : 0x7fdd92c76010
84_SUM::x : 0x7fdd30f75010
  итерация 3: 1339309 ms
60_TGAMMA::x : 0x7fdd619a9010
60_TGAMMA::y : 0x7fdd5ebe2010
24_POW::a : 0x7fddc08e4010
24_POW::b : 0x7fddb51c8010
24_POW::y : 0x7fdda9aac010
48_SQRTX::x : 0x7fdd92c75010
48_ERF::x : 0x7fdd7be3e010
48_ERF::y : 0x7fdd64770010
84_SUM::x : 0x7fdd3c691010
24_POW::a : 0x7fdd9e390010
24_POW::b : 0x7fdd30f75010
24_POW::y : 0x7fdd25859010
12_SQRTX::x : 0x7fddc6472010
60_XPY::x : 0x7fddaf63c010
60_XPY::y : 0x7fdd08e95010
12_SQRTX::x : 0x7fdda9aae010
12_TGAMMA::x : 0x7fddd4000da0
12_TGAMMA::y : 0x7fddd49289b0
108_SUM::x : 0x7fdd47dad010
24_ERF::x : 0x7fdd92c74010
24_ERF::y : 0x7fdd87558010
24_ERF::x : 0x7fdda3f20010
24_ERF::y : 0x7fdd3c691010
84_DOT::x : 0x7fdd7be41010
84_DOT::y : 0x7fdce0db6010
36_POW::a : 0x7fdd6a2fe010
36_POW::b : 0x7fdd59055010
36_POW::y : 0x7fdd2b3e8010
48_ERF::x : 0x7fddb51c9010
48_ERF::y : 0x7fdd145b1010
48_ERF::x : 0x7fdd4221e010
48_ERF::y : 0x7fdcc9f7f010
60_XPY::x : 0x7fdd98805010
60_XPY::y : 0x7fdd7be41010
48_ERF::x : 0x7fddb51c9010
48_ERF::y : 0x7fdd145b1010
36_POW::a : 0x7fdd47dac010
36_POW::b : 0x7fdd03308010
36_POW::y : 0x7fdcf205f010
36_POW::a : 0x7fdd6a2fe010
36_POW::b : 0x7fdd59055010
36_POW::y : 0x7fdd36b03010
60_COPY::x : 0x7fdd98805010
60_COPY::y : 0x7fdd7be41010
84_COPY::x : 0x7fdcc9f80010
84_COPY::y : 0x7fdca1ea1010
24_POW::a : 0x7fddc08e4010
24_POW::b : 0x7fdd4d939010
24_POW::y : 0x7fdd2b3e7010
132_SUM::x : 0x7fdc62f8c010
60_TGAMMA::x : 0x7fddc9239010
60_TGAMMA::y : 0x7fddc6472010
36_DOT::x : 0x7fddb51c9010
36_DOT::y : 0x7fdda3f20010
36_POW::a : 0x7fdd92c77010
36_POW::b : 0x7fdd819ce010
36_POW::y : 0x7fdd6a2fe010
36_POW::a : 0x7fdd59055010
36_POW::b : 0x7fdd47dac010
36_POW::y : 0x7fdd36b03010
48_XPY::x : 0x7fdd1fccc010
48_XPY::y : 0x7fdd08e95010
24_ERF::x : 0x7fddc08e4010
24_ERF::y : 0x7fddb51c8010
108_SUM::x : 0x7fdcd569b010
48_XPY::x : 0x7fddb51c9010
48_XPY::y : 0x7fdd1fccc010
60_TGAMMA::x : 0x7fddb2402010
60_TGAMMA::y : 0x7fddaf63b010
120_TGAMMA::x : 0x7fdda9aad010
120_TGAMMA::y : 0x7fdda3f1f010
24_ERF::x : 0x7fdd98803010
24_ERF::y : 0x7fdd8d0e7010
24_ERF::x : 0x7fdd819cb010
24_ERF::y : 0x7fdd6fe8b010
48_SQRTX::x : 0x7fddb51c9010
36_DOT::x : 0x7fdd92c76010
36_DOT::y : 0x7fdd5ebe2010
48_XPY::x : 0x7fdd7be3f010
48_XPY::y : 0x7fdd47dab010
84_SUM::x : 0x7fdd1fccc010
24_ERF::x : 0x7fddc08e4010
24_ERF::y : 0x7fddb51c8010
108_SUM::x : 0x7fdcec4d2010
24_POW::a : 0x7fddc08e4010
24_POW::b : 0x7fddb51c8010
24_POW::y : 0x7fdda9aac010
36_POW::a : 0x7fdd98803010
36_POW::b : 0x7fdd6a2fe010
36_POW::y : 0x7fdd36b02010
12_ERF::x : 0x7fdd92c75010
12_ERF::y : 0x7fdd8d0e7010
48_ERF::x : 0x7fdd819cc010
48_ERF::y : 0x7fdd534c7010
12_SQRTX::x : 0x7fdd7be3e010
60_XPY::x : 0x7fddaf63c010
60_XPY::y : 0x7fdd1a13e010
12_TGAMMA::x : 0x7fddd4000da0
12_TGAMMA::y : 0x7fddd49289b0
36_POW::a : 0x7fdd08e95010
36_POW::b : 0x7fdcf7bec010
36_POW::y : 0x7fdce6943010
36_DOT::x : 0x7fdd9e393010
36_DOT::y : 0x7fdd6a2fe010
12_POW::a : 0x7fdd98805010
12_POW::b : 0x7fdd92c77010
12_POW::y : 0x7fdd8d0e9010
108_SUM::x : 0x7fdd47dad010
12_ERF::x : 0x7fdda3f20010
12_ERF::y : 0x7fdd9e392010
36_POW::a : 0x7fddbad57010
36_POW::b : 0x7fdda9aae010
36_POW::y : 0x7fdd7be40010
60_COPY::x : 0x7fdd2b3e9010
60_COPY::y : 0x7fdd0ea25010
48_XPY::x : 0x7fdd92c77010
48_XPY::y : 0x7fdcf7bee010
84_COPY::x : 0x7fdd534c8010
84_COPY::y : 0x7fdccfb0f010
60_TGAMMA::x : 0x7fddc9239010
60_TGAMMA::y : 0x7fddc6472010
132_SUM::x : 0x7fdd8755d010
36_POW::a : 0x7fdd4221f010
36_POW::b : 0x7fdd30f76010
36_POW::y : 0x7fdd1fccd010
60_XPY::x : 0x7fdd03309010
60_XPY::y : 0x7fdcb314b010
48_ERF::x : 0x7fdd64770010
48_ERF::y : 0x7fdcec4d2010
12_POW::a : 0x7fddc6472010
12_POW::b : 0x7fddc08e4010
12_POW::y : 0x7fddbad56010
84_SUM::x : 0x7fdda3f21010
84_SUM::x : 0x7fdd7be42010
60_XPY::x : 0x7fdd47dac010
60_XPY::y : 0x7fdd2b3e8010
36_DOT::x : 0x7fdd6a2fe010
36_DOT::y : 0x7fdd1a13f010
12_TGAMMA::x : 0x7fddd4000da0
12_TGAMMA::y : 0x7fddd49289b0
24_POW::a : 0x7fddc08e4010
24_POW::b : 0x7fddb51c8010
24_POW::y : 0x7fdda9aac010
60_XPY::x : 0x7fdd8d0e8010
60_XPY::y : 0x7fdcfd77b010
48_SQRTX::x : 0x7fdd64770010
48_ERF::x : 0x7fddb51c9010
48_ERF::y : 0x7fdce6944010
12_SQRTX::x : 0x7fddaf63b010
84_DOT::x : 0x7fdd3c691010
84_DOT::y : 0x7fdcbe865010
12_TGAMMA::x : 0x7fddd00017d0
12_TGAMMA::y : 0x7fddd09293e0
84_SUM::x : 0x7fdc96786010
36_POW::a : 0x7fdda3f20010
36_POW::b : 0x7fdd92c77010
36_POW::y : 0x7fdd819ce010
60_XPY::x : 0x7fdd1fccd010
60_XPY::y : 0x7fdd03309010
12_SQRTX::x : 0x7fddc6472010
84_DOT::x : 0x7fdc96786010
84_DOT::y : 0x7fdc6e6a7010
12_ERF::x : 0x7fddc6472010
12_ERF::y : 0x7fddc08e4010
24_ERF::x : 0x7fddc08e4010
24_ERF::y : 0x7fdd6fe8b010
12_POW::a : 0x7fddbad56010
12_POW::b : 0x7fddb51c8010
12_POW::y : 0x7fddaf63a010
12_ERF::x : 0x7fddbad56010
12_ERF::y : 0x7fddb51c8010
36_POW::a : 0x7fdd9e391010
36_POW::b : 0x7fdd8d0e8010
36_POW::y : 0x7fdd7be3f010
84_DOT::x : 0x7fdd534c8010
84_DOT::y : 0x7fdd2b3e9010
24_ERF::x : 0x7fddc08e4010
24_ERF::y : 0x7fddb51c8010
108_SUM::x : 0x7fdcf7bef010
48_SQRTX::x : 0x7fddb51c9010
48_ERF::x : 0x7fdd9e392010
48_ERF::y : 0x7fdd8755b010
132_SUM::x : 0x7fdcec4d4010
84_SUM::x : 0x7fdd534c8010
84_DOT::x : 0x7fdd2b3e9010
84_DOT::y : 0x7fdcc43f5010
12_TGAMMA::x : 0x7fddcc000be0
12_TGAMMA::y : 0x7fddcc9287f0
12_ERF::x : 0x7fddc6472010
12_ERF::y : 0x7fddc08e4010
36_DOT::x : 0x7fdd6a2fe010
36_DOT::y : 0x7fdd59055010
24_POW::a : 0x7fddb51c8010
24_POW::b : 0x7fdda9aac010
24_POW::y : 0x7fdd9e390010
36_DOT::x : 0x7fdd8d0e7010
36_DOT::y : 0x7fdd7be3e010
  итерация 4: 1331201 ms
  среднее по 5 итерациям: 1339314 ms
=== Выполняется проект: no_po_7.txt (100 работ) ===
12_ERF::x : 0x7fddc08e4010
12_ERF::y : 0x7fdda3f1e010
12_SQRTX::x : 0x7fddaf63a010
12_ERF::x : 0x7fddc6472010
12_ERF::y : 0x7fdda9aac010
24_POW::a : 0x7fddb51c8010
24_POW::b : 0x7fdd98802010
24_POW::y : 0x7fdd8d0e6010
24_POW::a : 0x7fdd819ca010
24_POW::b : 0x7fdd6fe8b010
24_POW::y : 0x7fdd6476f010
60_TGAMMA::x : 0x7fddc9239010
60_TGAMMA::y : 0x7fddc6472010
12_SQRTX::x : 0x7fddc08e4010
108_SUM::x : 0x7fdd30f75010
120_TGAMMA::x : 0x7fddc08e4010
120_TGAMMA::y : 0x7fddbad56010
48_XPY::x : 0x7fdda3f1f010
48_XPY::y : 0x7fdd8d0e8010
24_POW::a : 0x7fdd819cc010
24_POW::b : 0x7fdd6fe8b010
24_POW::y : 0x7fdd6476f010
84_COPY::x : 0x7fdd3c690010
84_COPY::y : 0x7fdd145b1010
48_XPY::x : 0x7fdda3f1f010
48_XPY::y : 0x7fdd8d0e8010
84_DOT::x : 0x7fdcec4d2010
84_DOT::y : 0x7fdcc43f3010
132_SUM::x : 0x7fdc854de010
84_COPY::x : 0x7fdda3f21010
84_COPY::y : 0x7fdd7be42010
60_XPY::x : 0x7fdd5ebe3010
60_XPY::y : 0x7fdd4221f010
36_DOT::x : 0x7fdd30f76010
36_DOT::y : 0x7fdd1fccd010
12_SQRTX::x : 0x7fdd1a13f010
84_DOT::x : 0x7fdcf7bee010
84_DOT::y : 0x7fdccfb0f010
36_DOT::x : 0x7fdd30f76010
36_DOT::y : 0x7fdd1fccd010
120_TGAMMA::x : 0x7fdd75a19010
120_TGAMMA::y : 0x7fdd6fe8b010
24_ERF::x : 0x7fdd6476f010
24_ERF::y : 0x7fdd59053010
60_TGAMMA::x : 0x7fddc9239010
60_TGAMMA::y : 0x7fddc6472010
60_XPY::x : 0x7fdda9aae010
60_XPY::y : 0x7fdd8d0ea010
48_XPY::x : 0x7fdd59054010
48_XPY::y : 0x7fdd4221d010
60_TGAMMA::x : 0x7fddc9239010
60_TGAMMA::y : 0x7fddc6472010
36_DOT::x : 0x7fdd7be41010
36_DOT::y : 0x7fdd30f74010
48_SQRTX::x : 0x7fdd1a13d010
12_TGAMMA::x : 0x185f8c0
12_TGAMMA::y : 0x21874d0
24_POW::a : 0x7fddc08e4010
24_POW::b : 0x7fddb51c8010
24_POW::y : 0x7fdda9aac010
24_ERF::x : 0x7fdd9e390010
24_ERF::y : 0x7fdd92c74010
48_ERF::x : 0x7fdd64770010
48_ERF::y : 0x7fdd4d939010
12_SQRTX::x : 0x7fdda3f1e010
48_XPY::x : 0x7fdd8d0e7010
48_XPY::y : 0x7fdd36b02010
48_ERF::x : 0x7fddb51c9010
48_ERF::y : 0x7fdd1fccb010
36_DOT::x : 0x7fdda3f20010
36_DOT::y : 0x7fdd7be3e010
132_SUM::x : 0x7fdce0db6010
84_COPY::x : 0x7fdd534c8010
84_COPY::y : 0x7fdcb8cd7010
84_DOT::x : 0x7fdd8d0ea010
84_DOT::y : 0x7fdc90bf8010
60_XPY::x : 0x7fdd36b04010
60_XPY::y : 0x7fdc74234010
132_SUM::x : 0x7fdcf7bef010
48_ERF::x : 0x7fddb51c9010
48_ERF::y : 0x7fdd9e392010
24_ERF::x : 0x7fdd92c76010
24_ERF::y : 0x7fdd8755a010
48_XPY::x : 0x7fdd64770010
48_XPY::y : 0x7fdd4d939010
12_SQRTX::x : 0x7fdd819cc010
132_SUM::x : 0x7fdd0ea24010
36_POW::a : 0x7fdd8d0e9010
36_POW::b : 0x7fdd7be40010
36_POW::y : 0x7fdcfd77b010
12_ERF::x : 0x7fddc6472010
12_ERF::y : 0x7fddc08e4010
120_TGAMMA::x : 0x7fddbad56010
120_TGAMMA::y : 0x7fddb51c8010
60_XPY::x : 0x7fdd5ebe3010
60_XPY::y : 0x7fdce0db7010
12_ERF::x : 0x7fddc6472010
12_ERF::y : 0x7fddc08e4010
84_COPY::x : 0x7fdd36b04010
84_COPY::y : 0x7fdd0ea25010
120_TGAMMA::x : 0x7fddc6472010
120_TGAMMA::y : 0x7fddc08e4010
120_TGAMMA::x : 0x7fddbad56010
120_TGAMMA::y : 0x7fddb51c8010
60_TGAMMA::x : 0x7fddb2401010
60_TGAMMA::y : 0x7fddaf63a010
60_XPY::x : 0x7fdd92c76010
60_XPY::y : 0x7fdd5ebe3010
24_POW::a : 0x7fdd8755a010
24_POW::b : 0x7fdd7be3e010
24_POW::y : 0x7fdd534c7010
120_TGAMMA::x : 0x7fddc6472010
120_TGAMMA::y : 0x7fddc08e4010
60_XPY::x : 0x7fdd36b03010
60_XPY::y : 0x7fdd1a13f010
12_POW::a : 0x7fddbad56010
12_POW::b : 0x7fddb51c8010
12_POW::y : 0x7fddaf63a010
12_POW::a : 0x7fdda9aac010
12_POW::b : 0x7fdda3f1e010
12_POW::y : 0x7fdd9e390010
12_TGAMMA::x : 0x185f8c0
12_TGAMMA::y : 0x21874d0
48_XPY::x : 0x7fddb51c9010
48_XPY::y : 0x7fdd87559010
60_XPY::x : 0x7fdd5ebe3010
60_XPY::y : 0x7fdcfd77b010
12_POW::a : 0x7fddaf63b010
12_POW::b : 0x7fdda9aad010
12_POW::y : 0x7fdda3f1f010
84_SUM::x : 0x7fdd36b04010
60_COPY::x : 0x7fdd1a140010
60_COPY::y : 0x7fdce0db7010
48_ERF::x : 0x7fdd9e392010
48_ERF::y : 0x7fdd47dac010
60_TGAMMA::x : 0x7fddc9239010
60_TGAMMA::y : 0x7fddc6472010
24_ERF::x : 0x7fddbad56010
24_ERF::y : 0x7fdd92c76010
24_POW::a : 0x7fdd8755a010
24_POW::b : 0x7fdd7be3e010
24_POW::y : 0x7fdd6fe8b010
120_TGAMMA::x : 0x7fddc6472010
120_TGAMMA::y : 0x7fddc08e4010
84_SUM::x : 0x7fdd1fccd010
12_ERF::x : 0x7fddbad56010
12_ERF::y : 0x7fddb51c8010
48_ERF::x : 0x7fdd9e391010
48_ERF::y : 0x7fdd59054010
12_POW::a : 0x7fddbad56010
12_POW::b : 0x7fddb51c8010
12_POW::y : 0x7fdd98803010
84_DOT::x : 0x7fdd30f75010
84_DOT::y : 0x7fdd08e96010
132_SUM::x : 0x7fdcc9f81010
48_ERF::x : 0x7fddb51c9010
48_ERF::y : 0x7fdd8755a010
60_COPY::x : 0x7fdd5ebe3010
60_COPY::y : 0x7fdcad5bd010
24_ERF::x : 0x7fdda9aad010
24_ERF::y : 0x7fdd9e391010
60_TGAMMA::x : 0x7fdd84793010
60_TGAMMA::y : 0x7fdd819cc010
48_XPY::x : 0x7fddb51c9010
48_XPY::y : 0x7fdd8755a010
12_ERF::x : 0x7fddaf63b010
12_ERF::y : 0x7fdda9aad010
60_TGAMMA::x : 0x7fdda6ce6010
60_TGAMMA::y : 0x7fdda3f1f010
60_COPY::x : 0x7fdd4221f010
60_COPY::y : 0x7fdd2585b010
84_DOT::x : 0x7fdcfd77c010
84_DOT::y : 0x7fdcd569d010
60_TGAMMA::x : 0x7fddb2402010
60_TGAMMA::y : 0x7fddaf63b010
48_SQRTX::x : 0x7fddb51c9010
120_TGAMMA::x : 0x7fdda9aad010
120_TGAMMA::y : 0x7fdda3f1f010
84_COPY::x : 0x7fdd7be40010
84_COPY::y : 0x7fdcfd77c010
84_COPY::x : 0x7fdd534c8010
84_COPY::y : 0x7fdd2b3e9010
84_SUM::x : 0x7fdcd569d010
60_XPY::x : 0x7fddaf63c010
60_XPY::y : 0x7fdcb8cd9010
24_POW::a : 0x7fdda3f20010
24_POW::b : 0x7fdcf2060010
24_POW::y : 0x7fdce6944010
60_COPY::x : 0x7fdd8755c010
60_COPY::y : 0x7fdd0ea25010
60_XPY::x : 0x7fdcf2061010
60_XPY::y : 0x7fdcd569d010
60_XPY::x : 0x7fdd5ebe3010
60_XPY::y : 0x7fdd4221f010
108_SUM::x : 0x7fdca1ea3010
  итерация 0: 1380655 ms
12_SQRTX::x : 0x7fdd7be41010
24_POW::a : 0x7fddc08e4010
24_POW::b : 0x7fdd5ebe2010
24_POW::y : 0x7fdd534c6010
36_DOT::x : 0x7fdd6a2fe010
36_DOT::y : 0x7fdd4221d010
132_SUM::x : 0x7fdd819cf010
60_TGAMMA::x : 0x7fdd7ec08010
60_TGAMMA::y : 0x7fdd7be41010
48_XPY::x : 0x7fdd3c68f010
48_XPY::y : 0x7fdd25858010
84_DOT::x : 0x7fdcfd779010
84_DOT::y : 0x7fdcd569a010
120_TGAMMA::x : 0x7fddc6472010
120_TGAMMA::y : 0x7fddc08e4010
12_ERF::x : 0x7fddbad56010
12_ERF::y : 0x7fddb51c8010
12_ERF::x : 0x7fddbad56010
12_ERF::y : 0x7fddb51c8010
24_POW::a : 0x7fdda9aac010
24_POW::b : 0x7fdd9e390010
24_POW::y : 0x7fdd92c74010
60_TGAMMA::x : 0x7fddbdb1d010
60_TGAMMA::y : 0x7fddbad56010
24_POW::a : 0x7fdd87558010
24_POW::b : 0x7fdd6fe8b010
24_POW::y : 0x7fdd6476f010
24_ERF::x : 0x7fddc08e4010
24_ERF::y : 0x7fddb51c8010
84_DOT::x : 0x7fdd3c690010
84_DOT::y : 0x7fdd145b1010
48_ERF::x : 0x7fdd9e391010
48_ERF::y : 0x7fdcfd77a010
36_DOT::x : 0x7fddbad57010
36_DOT::y : 0x7fdcec4d1010
108_SUM::x : 0x7fdcb8cd7010
84_DOT::x : 0x7fdc90bf8010
84_DOT::y : 0x7fdc68b19010
132_SUM::x : 0x7fdd8d0eb010
120_TGAMMA::x : 0x7fdd8755d010
120_TGAMMA::y : 0x7fdd819cf010
84_COPY::x : 0x7fdd534c8010
84_COPY::y : 0x7fdd2b3e9010
60_XPY::x : 0x7fdd0ea25010
60_XPY::y : 0x7fdcf2061010
24_POW::a : 0x7fddc08e4010
24_POW::b : 0x7fddb51c8010
24_POW::y : 0x7fdda9aac010
12_ERF::x : 0x7fdda3f1e010
12_ERF::y : 0x7fdd9e390010
12_SQRTX::x : 0x7fdda3f1e010
120_TGAMMA::x : 0x7fdda3f1e010
120_TGAMMA::y : 0x7fdd9e390010
12_SQRTX::x : 0x7fddc6472010
60_TGAMMA::x : 0x7fddc36ab010
60_TGAMMA::y : 0x7fddc08e4010
12_TGAMMA::x : 0x7fddd4000da0
12_TGAMMA::y : 0x7fddd49289b0
60_XPY::x : 0x7fdd819cc010
60_XPY::y : 0x7fdd5ebe3010
84_SUM::x : 0x7fdd36b04010
36_DOT::x : 0x7fddbad57010
36_DOT::y : 0x7fdda9aae010
48_XPY::x : 0x7fdd47dac010
48_XPY::y : 0x7fdd30f75010
24_POW::a : 0x7fdd9e392010
24_POW::b : 0x7fdd25859010
24_POW::y : 0x7fdd1a13d010
84_COPY::x : 0x7fdcf205e010
84_COPY::y : 0x7fdcc9f7f010
12_TGAMMA::x : 0x185f8e0
12_TGAMMA::y : 0x21874f0
84_DOT::x : 0x7fdca1ea0010
84_DOT::y : 0x7fdc79dc1010
36_POW::a : 0x7fddbad57010
36_POW::b : 0x7fdda9aae010
36_POW::y : 0x7fdd98805010
60_XPY::x : 0x7fdd7be41010
60_XPY::y : 0x7fdd5ebe3010
24_ERF::x : 0x7fdd534c7010
24_ERF::y : 0x7fdd47dab010
108_SUM::x : 0x7fdd145b1010
60_TGAMMA::x : 0x7fddc9239010
60_TGAMMA::y : 0x7fddc6472010
120_TGAMMA::x : 0x7fddc08e4010
120_TGAMMA::y : 0x7fddbad56010
48_XPY::x : 0x7fdda3f1f010
48_XPY::y : 0x7fdd8d0e8010
12_ERF::x : 0x7fdd8755a010
12_ERF::y : 0x7fdd819cc010
120_TGAMMA::x : 0x7fddc6472010
120_TGAMMA::y : 0x7fdd7be3e010
60_TGAMMA::x : 0x7fdd8a321010
60_TGAMMA::y : 0x7fdd8755a010
24_POW::a : 0x7fddaf63a010
24_POW::b : 0x7fdda3f1e010
24_POW::y : 0x7fdd98802010
60_XPY::x : 0x7fdd5ebe3010
60_XPY::y : 0x7fdd4221f010
60_TGAMMA::x : 0x7fddc36ab010
60_TGAMMA::y : 0x7fddc08e4010
36_DOT::x : 0x7fdd87559010
36_DOT::y : 0x7fdd30f76010
24_ERF::x : 0x7fddb51c8010
24_ERF::y : 0x7fdda9aac010
48_XPY::x : 0x7fdd1a13f010
48_XPY::y : 0x7fdd03308010
48_ERF::x : 0x7fdd64770010
48_ERF::y : 0x7fdd4d939010
84_COPY::x : 0x7fdd819cd010
84_COPY::y : 0x7fdcdb229010
132_SUM::x : 0x7fdc9c314010
120_TGAMMA::x : 0x7fddc6472010
120_TGAMMA::y : 0x7fddc08e4010
84_DOT::x : 0x7fdd534c8010
84_DOT::y : 0x7fdd2b3e9010
12_POW::a : 0x7fddbad56010
12_POW::b : 0x7fddb51c8010
12_POW::y : 0x7fddaf63a010
24_POW::a : 0x7fddb51c8010
24_POW::b : 0x7fdda9aac010
24_POW::y : 0x7fdd1fccd010
12_SQRTX::x : 0x7fdda3f1e010
60_XPY::x : 0x7fdd8755a010
60_XPY::y : 0x7fdd03309010
60_XPY::x : 0x7fdce6945010
60_XPY::y : 0x7fdcc9f81010
132_SUM::x : 0x7fdd3c692010
48_ERF::x : 0x7fddb51c9010
48_ERF::y : 0x7fdd2585b010
84_COPY::x : 0x7fdd8d0ea010
84_COPY::y : 0x7fdca1ea2010
24_ERF::x : 0x7fdd819ce010
24_ERF::y : 0x7fdd1a13f010
120_TGAMMA::x : 0x7fdd7be40010
120_TGAMMA::y : 0x7fdd75a19010
48_ERF::x : 0x7fddb51c9010
48_ERF::y : 0x7fdd5ebe2010
12_POW::a : 0x7fdd8755c010
12_POW::b : 0x7fdd819ce010
12_POW::y : 0x7fdd59054010
60_XPY::x : 0x7fdd4221e010
60_XPY::y : 0x7fdd2585a010
60_TGAMMA::x : 0x7fdd8a323010
60_TGAMMA::y : 0x7fdd8755c010
48_XPY::x : 0x7fddb51c9010
48_XPY::y : 0x7fdd64770010
60_COPY::x : 0x7fdd08e96010
60_COPY::y : 0x7fdcec4d2010
84_COPY::x : 0x7fdd8d0ea010
84_COPY::y : 0x7fdcc43f3010
48_SQRTX::x : 0x7fddb51c9010
60_COPY::x : 0x7fdd5ebe3010
60_COPY::y : 0x7fdd4221f010
120_TGAMMA::x : 0x7fddc6472010
120_TGAMMA::y : 0x7fddc08e4010
60_COPY::x : 0x7fdd2585b010
60_COPY::y : 0x7fdd08e97010
48_XPY::x : 0x7fdd2b3e8010
48_XPY::y : 0x7fdd145b1010
12_ERF::x : 0x7fddbad56010
12_ERF::y : 0x7fdd8755c010
60_COPY::x : 0x7fdd9e392010
60_COPY::y : 0x7fdd5ebe3010
132_SUM::x : 0x7fdcd569c010
60_XPY::x : 0x7fdd819ce010
60_XPY::y : 0x7fdd4221f010
48_ERF::x : 0x7fdd2b3e8010
48_ERF::y : 0x7fdd145b1010
12_POW::a : 0x7fddc6472010
12_POW::b : 0x7fddc08e4010
12_POW::y : 0x7fddbad56010
84_COPY::x : 0x7fdcec4d2010
84_COPY::y : 0x7fdcc43f3010
12_SQRTX::x : 0x7fddc6472010
24_ERF::x : 0x7fddbad56010
24_ERF::y : 0x7fddaf63a010
48_XPY::x : 0x7fdd98803010
48_XPY::y : 0x7fdd819cc010
84_SUM::x : 0x7fdd534c8010
12_ERF::x : 0x7fddc6472010
12_ERF::y : 0x7fddc08e4010
60_XPY::x : 0x7fddaf63c010
60_XPY::y : 0x7fdd36b04010
12_POW::a : 0x7fdd7be3e010
12_POW::b : 0x7fdd75a19010
12_POW::y : 0x7fdd6fe8b010
48_ERF::x : 0x7fdd98805010
48_ERF::y : 0x7fdd819ce010
48_SQRTX::x : 0x7fdd64770010
60_TGAMMA::x : 0x7fdd7ec07010
60_TGAMMA::y : 0x7fdd7be40010
60_XPY::x : 0x7fddaf63c010
60_XPY::y : 0x7fdd47dac010
84_SUM::x : 0x7fdd1fccd010
  итерация 1: 1418760 ms
60_TGAMMA::x : 0x7fdd7ec08010
60_TGAMMA::y : 0x7fdd7be41010
24_POW::a : 0x7fdd819cf010
24_POW::b : 0x7fdd47dac010
24_POW::y : 0x7fdd3c690010
132_SUM::x : 0x7fdd8d0eb010
84_DOT::x : 0x7fdd534c8010
84_DOT::y : 0x7fdd145b1010
108_SUM::x : 0x7fdce0db7010
132_SUM::x : 0x7fdca1ea2010
12_SQRTX::x : 0x7fddc6472010
60_TGAMMA::x : 0x7fdd787e0010
60_TGAMMA::y : 0x7fdd75a19010
84_DOT::x : 0x7fdda3f21010
84_DOT::y : 0x7fdd7be42010
36_DOT::x : 0x7fdd64770010
36_DOT::y : 0x7fdd534c7010
60_TGAMMA::x : 0x7fdd787e0010
60_TGAMMA::y : 0x7fdd75a19010
24_POW::a : 0x7fdd47dab010
24_POW::b : 0x7fdd3c68f010
24_POW::y : 0x7fdd30f73010
12_ERF::x : 0x7fdd6fe8b010
12_ERF::y : 0x7fdd6a2fd010
120_TGAMMA::x : 0x7fddc6472010
120_TGAMMA::y : 0x7fddc08e4010
12_SQRTX::x : 0x7fddbad56010
24_ERF::x : 0x7fddb51c8010
24_ERF::y : 0x7fdda9aac010
36_DOT::x : 0x7fdd98803010
36_DOT::y : 0x7fdd8755a010
24_POW::a : 0x7fdd7be3e010
24_POW::b : 0x7fdd6fe8b010
24_POW::y : 0x7fdd6476f010
24_POW::a : 0x7fdd9e390010
24_POW::b : 0x7fdd92c74010
24_POW::y : 0x7fdd59053010
84_COPY::x : 0x7fdd30f74010
84_COPY::y : 0x7fdd08e95010
12_SQRTX::x : 0x7fddc6472010
12_TGAMMA::x : 0x7fddd00017d0
12_TGAMMA::y : 0x7fddd09293e0
120_TGAMMA::x : 0x7fddc6472010
120_TGAMMA::y : 0x7fddc08e4010
12_ERF::x : 0x7fddbad56010
12_ERF::y : 0x7fddb51c8010
84_COPY::x : 0x7fdd8d0e9010
84_COPY::y : 0x7fdce0db6010
48_XPY::x : 0x7fdd64770010
48_XPY::y : 0x7fdcc9f7f010
60_XPY::x : 0x7fdd47dac010
60_XPY::y : 0x7fdd2b3e8010
24_POW::a : 0x7fddb51c8010
24_POW::b : 0x7fdd819cd010
24_POW::y : 0x7fdd6fe8b010
120_TGAMMA::x : 0x7fddc6472010
120_TGAMMA::y : 0x7fddc08e4010
60_TGAMMA::x : 0x7fddbdb1d010
60_TGAMMA::y : 0x7fddbad56010
84_DOT::x : 0x7fdd92c77010
84_DOT::y : 0x7fdd03309010
36_POW::a : 0x7fdd819ce010
36_POW::b : 0x7fdd6a2fe010
36_POW::y : 0x7fdd59055010
120_TGAMMA::x : 0x7fddc6472010
120_TGAMMA::y : 0x7fddc08e4010
24_ERF::x : 0x7fdd4d939010
24_ERF::y : 0x7fdd4221d010
60_XPY::x : 0x7fdd3c691010
60_XPY::y : 0x7fdce6945010
60_TGAMMA::x : 0x7fddbdb1d010
60_TGAMMA::y : 0x7fddbad56010
36_DOT::x : 0x7fdda9aad010
36_DOT::y : 0x7fdd98804010
24_POW::a : 0x7fddc08e4010
24_POW::b : 0x7fdd30f75010
24_POW::y : 0x7fdd25859010
60_XPY::x : 0x7fdd7be40010
60_XPY::y : 0x7fdd5ebe3010
48_XPY::x : 0x7fdd47dac010
48_XPY::y : 0x7fdd0ea22010
60_XPY::x : 0x7fdda3f20010
60_XPY::y : 0x7fdcf205e010
60_XPY::x : 0x7fdd2b3e8010
60_XPY::y : 0x7fdcd569a010
12_SQRTX::x : 0x7fddc6472010
48_XPY::x : 0x7fdd8d0e9010
48_XPY::y : 0x7fdd64770010
120_TGAMMA::x : 0x7fddc6472010
120_TGAMMA::y : 0x7fddc08e4010
84_COPY::x : 0x7fdd03309010
84_COPY::y : 0x7fdcad5bb010
24_ERF::x : 0x7fddb51c8010
24_ERF::y : 0x7fdda9aac010
120_TGAMMA::x : 0x7fddbad56010
120_TGAMMA::y : 0x7fddb51c8010
12_TGAMMA::x : 0x185f8e0
12_TGAMMA::y : 0x21874f0
84_COPY::x : 0x7fdd8d0e9010
84_COPY::y : 0x7fdd534c8010
12_POW::a : 0x7fddc6472010
12_POW::b : 0x7fddc08e4010
12_POW::y : 0x7fdd8755b010
120_TGAMMA::x : 0x7fddc6472010
120_TGAMMA::y : 0x7fddc08e4010
48_XPY::x : 0x7fdd3c691010
48_XPY::y : 0x7fdd2585a010
12_ERF::x : 0x7fddbad56010
12_ERF::y : 0x7fddb51c8010
12_ERF::x : 0x7fddbad56010
12_ERF::y : 0x7fddb51c8010
48_ERF::x : 0x7fdd9e391010
48_ERF::y : 0x7fdd8755a010
60_COPY::x : 0x7fdd5ebe3010
60_COPY::y : 0x7fdd08e96010
60_COPY::x : 0x7fdcec4d2010
60_COPY::y : 0x7fdccfb0e010
60_TGAMMA::x : 0x7fddc9239010
60_TGAMMA::y : 0x7fddc6472010
12_SQRTX::x : 0x7fddc6472010
84_SUM::x : 0x7fdd36b04010
48_XPY::x : 0x7fddb51c9010
48_XPY::y : 0x7fdd64770010
48_SQRTX::x : 0x7fdd9e392010
60_XPY::x : 0x7fdd819ce010
60_XPY::y : 0x7fdd1a140010
48_ERF::x : 0x7fdd4d939010
48_ERF::y : 0x7fdd03309010
60_COPY::x : 0x7fdce6945010
60_COPY::y : 0x7fdcc9f81010
48_ERF::x : 0x7fddb51c9010
48_ERF::y : 0x7fdd9e392010
36_DOT::x : 0x7fdd6a2fe010
36_DOT::y : 0x7fdd59055010
132_SUM::x : 0x7fdd1a140010
132_SUM::x : 0x7fdc8b06c010
48_XPY::x : 0x7fdd8755b010
48_XPY::y : 0x7fdd64770010
24_ERF::x : 0x7fddc08e4010
24_ERF::y : 0x7fddb51c8010
60_XPY::x : 0x7fddaf63c010
60_XPY::y : 0x7fdcfd77c010
12_ERF::x : 0x7fdda9aae010
12_ERF::y : 0x7fdda3f20010
48_ERF::x : 0x7fdd4d939010
48_ERF::y : 0x7fdd36b02010
12_ERF::x : 0x7fdda9aae010
12_ERF::y : 0x7fdda3f20010
12_POW::a : 0x7fdd9e392010
12_POW::b : 0x7fdd98804010
12_POW::y : 0x7fdd92c76010
24_POW::a : 0x7fdda3f20010
24_POW::b : 0x7fdd8755a010
24_POW::y : 0x7fdd7be3e010
60_COPY::x : 0x7fdce0db8010
60_COPY::y : 0x7fdcc43f4010
132_SUM::x : 0x7fdc854df010
48_XPY::x : 0x7fddb51c9010
48_XPY::y : 0x7fdd9e392010
84_COPY::x : 0x7fdd534c8010
84_COPY::y : 0x7fdd2b3e9010
24_ERF::x : 0x7fdd92c76010
24_ERF::y : 0x7fdd8755a010
48_ERF::x : 0x7fdd145b2010
48_ERF::y : 0x7fdcfd77b010
60_TGAMMA::x : 0x7fddc9239010
60_TGAMMA::y : 0x7fddc6472010
12_POW::a : 0x7fddc08e4010
12_POW::b : 0x7fddbad56010
12_POW::y : 0x7fddb51c8010
84_SUM::x : 0x7fdd8d0e9010
84_SUM::x : 0x7fdcd569c010
84_DOT::x : 0x7fdd534c8010
84_DOT::y : 0x7fdd2b3e9010
84_COPY::x : 0x7fdd0330a010
84_COPY::y : 0x7fdcad5bd010
48_ERF::x : 0x7fddb51c9010
48_ERF::y : 0x7fdd9e392010
84_DOT::x : 0x7fdcdb22b010
84_DOT::y : 0x7fdc854de010
120_TGAMMA::x : 0x7fdd98804010
120_TGAMMA::y : 0x7fdd92c76010
12_POW::a : 0x7fddc6472010
12_POW::b : 0x7fddc08e4010
12_POW::y : 0x7fddbad56010
108_SUM::x : 0x7fdd47dad010
60_XPY::x : 0x7fdd9e392010
60_XPY::y : 0x7fdd2b3e9010
60_XPY::x : 0x7fdd0ea25010
60_XPY::y : 0x7fdcf2061010
60_TGAMMA::x : 0x7fddc9239010
60_TGAMMA::y : 0x7fddc6472010
48_SQRTX::x : 0x7fdd8755b010
60_XPY::x : 0x7fdda9aae010
60_XPY::y : 0x7fdd5ebe3010
  итерация 2: 1417402 ms
12_SQRTX::x : 0x7fdd8755d010
48_ERF::x : 0x7fdd30f76010
48_ERF::y : 0x7fdd1a13f010
108_SUM::x : 0x7fdd47dad010
132_SUM::x : 0x7fdd8d0eb010
24_POW::a : 0x7fdd819cf010
24_POW::b : 0x7fdd0ea23010
24_POW::y : 0x7fdd03307010
36_DOT::x : 0x7fdd6a2fe010
36_DOT::y : 0x7fdd59055010
12_ERF::x : 0x7fddc6472010
12_ERF::y : 0x7fddc08e4010
84_DOT::x : 0x7fdd98805010
84_DOT::y : 0x7fdcf2060010
60_TGAMMA::x : 0x7fdd95a3e010
60_TGAMMA::y : 0x7fdd92c77010
84_DOT::x : 0x7fdd30f76010
84_DOT::y : 0x7fdcc9f81010
12_ERF::x : 0x7fddc6472010
12_ERF::y : 0x7fddc08e4010
12_TGAMMA::x : 0x7fddd00017d0
12_TGAMMA::y : 0x7fddd09293e0
12_SQRTX::x : 0x7fddc6472010
24_POW::a : 0x7fdd8d0e9010
24_POW::b : 0x7fdd819cd010
24_POW::y : 0x7fdd6fe8b010
60_XPY::x : 0x7fdcad5bd010
60_XPY::y : 0x7fdc90bf9010
120_TGAMMA::x : 0x7fddc6472010
120_TGAMMA::y : 0x7fddc08e4010
24_POW::a : 0x7fddb51c8010
24_POW::b : 0x7fdda9aac010
24_POW::y : 0x7fdd9e390010
12_SQRTX::x : 0x7fdd98802010
36_DOT::x : 0x7fdd8d0e7010
36_DOT::y : 0x7fdd7be3e010
132_SUM::x : 0x7fdd3c692010
60_XPY::x : 0x7fdd819cc010
60_XPY::y : 0x7fdd1fcce010
60_TGAMMA::x : 0x7fddbdb1d010
60_TGAMMA::y : 0x7fddbad56010
60_TGAMMA::x : 0x7fddc9239010
60_TGAMMA::y : 0x7fddc6472010
24_POW::a : 0x7fddbad56010
24_POW::b : 0x7fddaf63a010
24_POW::y : 0x7fdda3f1e010
12_SQRTX::x : 0x7fdd9e390010
36_DOT::x : 0x7fdd8d0e7010
36_DOT::y : 0x7fdd7be3e010
84_COPY::x : 0x7fdd534c8010
84_COPY::y : 0x7fdd2b3e9010
132_SUM::x : 0x7fdcec4d4010
36_DOT::x : 0x7fdd92c75010
36_DOT::y : 0x7fdd819cc010
24_ERF::x : 0x7fddc08e4010
24_ERF::y : 0x7fddb51c8010
120_TGAMMA::x : 0x7fddaf63a010
120_TGAMMA::y : 0x7fdda9aac010
84_COPY::x : 0x7fdd0330a010
84_COPY::y : 0x7fdcdb22b010
36_POW::a : 0x7fddbad57010
36_POW::b : 0x7fdd98803010
36_POW::y : 0x7fdd8755a010
48_XPY::x : 0x7fdd64770010
48_XPY::y : 0x7fdd4d939010
84_COPY::x : 0x7fdcb314c010
84_COPY::y : 0x7fdc8b06d010
24_ERF::x : 0x7fddaf63b010
24_ERF::y : 0x7fdd7be3e010
60_XPY::x : 0x7fdd92c77010
60_XPY::y : 0x7fdd5ebe3010
48_XPY::x : 0x7fdd47dac010
48_XPY::y : 0x7fdd30f75010
24_ERF::x : 0x7fddc08e4010
24_ERF::y : 0x7fddb51c8010
48_ERF::x : 0x7fddb51c9010
48_ERF::y : 0x7fdd7be40010
60_TGAMMA::x : 0x7fddb2402010
60_TGAMMA::y : 0x7fddaf63b010
120_TGAMMA::x : 0x7fdda9aad010
120_TGAMMA::y : 0x7fdda3f1f010
120_TGAMMA::x : 0x7fdd9e391010
120_TGAMMA::y : 0x7fdd98803010
84_DOT::x : 0x7fdd534c8010
84_DOT::y : 0x7fdd2b3e9010
12_TGAMMA::x : 0x7fddcc000be0
12_TGAMMA::y : 0x7fddcc9287f0
24_POW::a : 0x7fddc08e4010
24_POW::b : 0x7fddb51c8010
24_POW::y : 0x7fdd8d0e7010
60_TGAMMA::x : 0x7fddb2401010
60_TGAMMA::y : 0x7fddaf63a010
48_ERF::x : 0x7fdd145b2010
48_ERF::y : 0x7fdcfd77b010
84_DOT::x : 0x7fdd534c8010
84_DOT::y : 0x7fdd2b3e9010
12_POW::a : 0x7fddc6472010
12_POW::b : 0x7fddc08e4010
12_POW::y : 0x7fddbad56010
84_DOT::x : 0x7fdd92c77010
84_DOT::y : 0x7fdcd569c010
60_XPY::x : 0x7fdcb8cd8010
60_XPY::y : 0x7fdc9c314010
84_COPY::x : 0x7fdd0330a010
84_COPY::y : 0x7fdc74235010
120_TGAMMA::x : 0x7fddc6472010
120_TGAMMA::y : 0x7fddc08e4010
84_SUM::x : 0x7fdd98805010
24_ERF::x : 0x7fdd8d0e9010
24_ERF::y : 0x7fdd819cd010
12_ERF::x : 0x7fddbad56010
12_ERF::y : 0x7fddb51c8010
48_XPY::x : 0x7fdd9e391010
48_XPY::y : 0x7fdd64770010
48_XPY::x : 0x7fddb51c9010
48_XPY::y : 0x7fdd4d939010
60_COPY::x : 0x7fdd819cd010
60_COPY::y : 0x7fdd30f75010
24_POW::a : 0x7fdd25859010
24_POW::b : 0x7fdd1a13d010
24_POW::y : 0x7fdd0ea21010
120_TGAMMA::x : 0x7fddaf63b010
120_TGAMMA::y : 0x7fdda9aad010
48_SQRTX::x : 0x7fddb51c9010
60_XPY::x : 0x7fdd5ebe3010
60_XPY::y : 0x7fdcf205d010
48_ERF::x : 0x7fdd92c76010
48_ERF::y : 0x7fdd7be3f010
12_POW::a : 0x7fddc6472010
12_POW::b : 0x7fddc08e4010
12_POW::y : 0x7fddbad56010
120_TGAMMA::x : 0x7fddb51c8010
120_TGAMMA::y : 0x7fddaf63a010
84_SUM::x : 0x7fdd36b04010
12_ERF::x : 0x7fddc6472010
12_ERF::y : 0x7fddc08e4010
60_TGAMMA::x : 0x7fddbdb1d010
60_TGAMMA::y : 0x7fddbad56010
60_TGAMMA::x : 0x7fddc9239010
60_TGAMMA::y : 0x7fddc6472010
60_XPY::x : 0x7fdd92c76010
60_XPY::y : 0x7fdd5ebe3010
120_TGAMMA::x : 0x7fddc08e4010
120_TGAMMA::y : 0x7fddbad56010
48_XPY::x : 0x7fdd7be3f010
48_XPY::y : 0x7fdd47dac010
48_ERF::x : 0x7fdd30f75010
48_ERF::y : 0x7fdd1a13e010
12_ERF::x : 0x7fddc6472010
12_ERF::y : 0x7fddb51c8010
24_POW::a : 0x7fddaf63a010
24_POW::b : 0x7fdda3f1e010
24_POW::y : 0x7fdd98802010
12_ERF::x : 0x7fddc6472010
12_ERF::y : 0x7fdd92c74010
60_COPY::x : 0x7fdd5ebe3010
60_COPY::y : 0x7fdcfd77a010
60_COPY::x : 0x7fdda9aae010
60_COPY::y : 0x7fdce0db6010
60_TGAMMA::x : 0x7fdda6ce7010
60_TGAMMA::y : 0x7fdda3f20010
84_SUM::x : 0x7fdd7be41010
132_SUM::x : 0x7fdd1fcce010
48_XPY::x : 0x7fdd92c77010
48_XPY::y : 0x7fdd7be40010
24_ERF::x : 0x7fdd6fe8b010
24_ERF::y : 0x7fdd6476f010
48_SQRTX::x : 0x7fddb51c9010
60_XPY::x : 0x7fdd47dab010
60_XPY::y : 0x7fdd2b3e7010
12_POW::a : 0x7fddaf63b010
12_POW::b : 0x7fdda9aad010
12_POW::y : 0x7fdda3f1f010
60_XPY::x : 0x7fdd8755b010
60_XPY::y : 0x7fdd0ea23010
12_SQRTX::x : 0x7fddc6472010
48_ERF::x : 0x7fddaf63b010
48_ERF::y : 0x7fdd64770010
60_XPY::x : 0x7fdcf205f010
60_XPY::y : 0x7fdcd569b010
60_XPY::x : 0x7fdd47dac010
60_XPY::y : 0x7fdd2b3e8010
84_COPY::x : 0x7fdd8755c010
84_COPY::y : 0x7fdcad5bc010
12_POW::a : 0x7fddc6472010
12_POW::b : 0x7fddc08e4010
12_POW::y : 0x7fddbad56010
132_SUM::x : 0x7fdcec4d3010
60_COPY::x : 0x7fddaf63c010
60_COPY::y : 0x7fdc90bf8010
84_COPY::x : 0x7fdd534c8010
84_COPY::y : 0x7fdd2b3e9010
48_XPY::x : 0x7fdd145b2010
48_XPY::y : 0x7fdcfd77b010
108_SUM::x : 0x7fdd7be42010
  итерация 3: 1412434 ms
60_TGAMMA::x : 0x7fdd7ec08010
60_TGAMMA::y : 0x7fdd7be41010
120_TGAMMA::x : 0x7fdd8755d010
120_TGAMMA::y : 0x7fdd819cf010
132_SUM::x : 0x7fdd8d0eb010
84_DOT::x : 0x7fdd534c8010
84_DOT::y : 0x7fdd2b3e9010
24_POW::a : 0x7fdd1fccd010
24_POW::b : 0x7fdd145b1010
24_POW::y : 0x7fdd08e95010
12_ERF::x : 0x7fddc6472010
12_ERF::y : 0x7fddc08e4010
108_SUM::x : 0x7fdd98806010
12_ERF::x : 0x7fdd92c78010
12_ERF::y : 0x7fdd7be41010
12_SQRTX::x : 0x7fdd8d0ea010
36_DOT::x : 0x7fdd819cf010
36_DOT::y : 0x7fdd6a2fe010
12_SQRTX::x : 0x7fdd92c78010
12_SQRTX::x : 0x7fddc6472010
24_POW::a : 0x7fdd5ebe2010
24_POW::b : 0x7fdd534c6010
24_POW::y : 0x7fdd47daa010
60_TGAMMA::x : 0x7fddc36ab010
60_TGAMMA::y : 0x7fddc08e4010
84_COPY::x : 0x7fdd98805010
84_COPY::y : 0x7fdd1fccb010
60_TGAMMA::x : 0x7fddc9239010
60_TGAMMA::y : 0x7fddc6472010
48_XPY::x : 0x7fdd819ce010
48_XPY::y : 0x7fdd08e94010
24_POW::a : 0x7fddc08e4010
24_POW::b : 0x7fdd6fe8b010
24_POW::y : 0x7fdcfd778010
84_COPY::x : 0x7fdd47dac010
84_COPY::y : 0x7fdcd5699010
12_TGAMMA::x : 0x7fddcc000be0
12_TGAMMA::y : 0x7fddcc9287f0
132_SUM::x : 0x7fdc96784010
12_SQRTX::x : 0x7fddc6472010
84_DOT::x : 0x7fdd9e393010
84_DOT::y : 0x7fdd1fccd010
36_DOT::x : 0x7fdd8d0ea010
36_DOT::y : 0x7fdd7be41010
60_XPY::x : 0x7fdd819cf010
60_XPY::y : 0x7fdd03309010
120_TGAMMA::x : 0x7fddc6472010
120_TGAMMA::y : 0x7fdd7be41010
24_POW::a : 0x7fdd6fe8b010
24_POW::b : 0x7fdd6476f010
24_POW::y : 0x7fdd59053010
24_POW::a : 0x7fddbad56010
24_POW::b : 0x7fddaf63a010
24_POW::y : 0x7fdda3f1e010
60_XPY::x : 0x7fdd8755a010
60_XPY::y : 0x7fdd3c68f010
84_DOT::x : 0x7fdd145b0010
84_DOT::y : 0x7fdcec4d1010
24_ERF::x : 0x7fddbad56010
24_ERF::y : 0x7fddaf63a010
132_SUM::x : 0x7fdcad5bc010
36_POW::a : 0x7fddbad57010
36_POW::b : 0x7fdda9aae010
36_POW::y : 0x7fdd6a2fe010
120_TGAMMA::x : 0x7fdda3f20010
120_TGAMMA::y : 0x7fdd9e392010
48_ERF::x : 0x7fdd8755b010
48_ERF::y : 0x7fdd534c7010
48_ERF::x : 0x7fdd3c690010
48_ERF::y : 0x7fdd25859010
36_DOT::x : 0x7fddbad57010
36_DOT::y : 0x7fdda9aae010
60_XPY::x : 0x7fdd819ce010
60_XPY::y : 0x7fdd5ebe3010
60_TGAMMA::x : 0x7fdda6ce7010
60_TGAMMA::y : 0x7fdda3f20010
36_DOT::x : 0x7fdd4d93a010
36_DOT::y : 0x7fdd3c691010
24_ERF::x : 0x7fddc08e4010
24_ERF::y : 0x7fddb51c8010
60_XPY::x : 0x7fdd1fccd010
60_XPY::y : 0x7fdd03309010
120_TGAMMA::x : 0x7fddaf63a010
120_TGAMMA::y : 0x7fdda9aac010
48_XPY::x : 0x7fddb51c9010
48_XPY::y : 0x7fdd47dac010
132_SUM::x : 0x7fdcc43f4010
24_POW::a : 0x7fddc08e4010
24_POW::b : 0x7fddb51c8010
24_POW::y : 0x7fdd9e390010
12_TGAMMA::x : 0x7fddd4000da0
12_TGAMMA::y : 0x7fddd49289b0
48_SQRTX::x : 0x7fdd87559010
60_XPY::x : 0x7fdd5ebe3010
60_XPY::y : 0x7fdd4221f010
84_COPY::x : 0x7fdd1a140010
84_COPY::y : 0x7fdcf2061010
60_COPY::x : 0x7fddaf63c010
60_COPY::y : 0x7fdcd569d010
24_ERF::x : 0x7fdda3f20010
24_ERF::y : 0x7fdd98804010
12_ERF::x : 0x7fdda9aae010
12_ERF::y : 0x7fdda3f20010
60_TGAMMA::x : 0x7fdda1159010
60_TGAMMA::y : 0x7fdd9e392010
48_XPY::x : 0x7fdd8755b010
48_XPY::y : 0x7fdd64770010
48_ERF::x : 0x7fddb51c9010
48_ERF::y : 0x7fdd4d939010
60_TGAMMA::x : 0x7fddb2402010
60_TGAMMA::y : 0x7fddaf63b010
60_COPY::x : 0x7fdd30f75010
60_COPY::y : 0x7fdd145b1010
24_ERF::x : 0x7fdda9aad010
24_ERF::y : 0x7fdd7be3f010
60_TGAMMA::x : 0x7fddc9239010
60_TGAMMA::y : 0x7fddc6472010
84_DOT::x : 0x7fdd534c8010
84_DOT::y : 0x7fdcec4d2010
84_COPY::x : 0x7fdd9e393010
84_COPY::y : 0x7fdcc43f3010
120_TGAMMA::x : 0x7fddc6472010
120_TGAMMA::y : 0x7fdd98805010
12_ERF::x : 0x7fdd92c77010
12_ERF::y : 0x7fdd8d0e9010
12_ERF::x : 0x7fdd92c77010
12_ERF::y : 0x7fdd8d0e9010
12_SQRTX::x : 0x7fddc08e4010
120_TGAMMA::x : 0x7fddbad56010
120_TGAMMA::y : 0x7fddb51c8010
12_POW::a : 0x7fddaf63a010
12_POW::b : 0x7fdda9aac010
12_POW::y : 0x7fdda3f1e010
12_ERF::x : 0x7fddc08e4010
12_ERF::y : 0x7fdd92c77010
48_XPY::x : 0x7fdd7be40010
48_XPY::y : 0x7fdd64770010
84_SUM::x : 0x7fdd3c691010
132_SUM::x : 0x7fdcfd77c010
48_XPY::x : 0x7fdd9e391010
48_XPY::y : 0x7fdd4d939010
84_COPY::x : 0x7fdcd569d010
84_COPY::y : 0x7fdcad5be010
12_POW::a : 0x7fddc6472010
12_POW::b : 0x7fddc08e4010
12_POW::y : 0x7fddbad56010
60_COPY::x : 0x7fdd819cd010
60_COPY::y : 0x7fdd30f75010
60_XPY::x : 0x7fdd145b1010
60_XPY::y : 0x7fdc90bfa010
108_SUM::x : 0x7fdc5d400010
48_ERF::x : 0x7fddb51c9010
48_ERF::y : 0x7fdd9e392010
48_ERF::x : 0x7fdd8755b010
48_ERF::y : 0x7fdd64770010
84_SUM::x : 0x7fdd3c691010
48_XPY::x : 0x7fdd2585a010
48_XPY::y : 0x7fdd0ea23010
60_XPY::x : 0x7fdd47dac010
60_XPY::y : 0x7fdcf205f010
84_DOT::x : 0x7fdda3f21010
84_DOT::y : 0x7fdcc9f80010
60_XPY::x : 0x7fdd8755d010
60_XPY::y : 0x7fdcad5bc010
48_SQRTX::x : 0x7fdd64770010
60_COPY::x : 0x7fdd2b3e8010
60_COPY::y : 0x7fdd0ea24010
120_TGAMMA::x : 0x7fdd819cf010
120_TGAMMA::y : 0x7fdd7be41010
12_POW::a : 0x7fddc6472010
12_POW::b : 0x7fddc08e4010
12_POW::y : 0x7fddbad56010
60_XPY::x : 0x7fdd9e392010
60_XPY::y : 0x7fdd5ebe3010
120_TGAMMA::x : 0x7fddc6472010
120_TGAMMA::y : 0x7fddc08e4010
48_XPY::x : 0x7fdd47dac010
48_XPY::y : 0x7fdd30f75010
84_COPY::x : 0x7fdd08e96010
84_COPY::y : 0x7fdce0db7010
24_ERF::x : 0x7fddb51c8010
24_ERF::y : 0x7fdda9aac010
84_SUM::x : 0x7fdd819cd010
60_XPY::x : 0x7fdd5ebe3010
60_XPY::y : 0x7fdd4221f010
24_POW::a : 0x7fddc08e4010
24_POW::b : 0x7fddb51c8010
24_POW::y : 0x7fdda9aac010
60_TGAMMA::x : 0x7fdda6ce5010
60_TGAMMA::y : 0x7fdda3f1e010
48_ERF::x : 0x7fddb51c9010
48_ERF::y : 0x7fdd8d0e7010
12_POW::a : 0x7fddaf63b010
12_POW::b : 0x7fdda9aad010
12_POW::y : 0x7fdda3f1f010
  итерация 4: 1415057 ms
  среднее по 5 итерациям: 1408862 ms
=== Выполняется проект: no_po_8.txt (100 работ) ===
12_SQRTX::x : 0x7fddc6472010
12_SQRTX::x : 0x7fddbad56010
12_ERF::x : 0x7fddc08e4010
12_ERF::y : 0x7fdd98804010
60_XPY::x : 0x7fdd9e392010
60_XPY::y : 0x7fdd7be40010
12_ERF::x : 0x7fddc6472010
12_ERF::y : 0x7fddbad56010
84_COPY::x : 0x7fdd534c8010
84_COPY::y : 0x7fdd2b3e9010
48_XPY::x : 0x7fdd145b2010
48_XPY::y : 0x7fdcfd77b010
48_SQRTX::x : 0x7fdce6944010
48_XPY::x : 0x7fdce6944010
48_XPY::y : 0x7fdccfb0d010
12_POW::a : 0x7fddc6472010
12_POW::b : 0x7fddc08e4010
12_POW::y : 0x7fddbad56010
60_TGAMMA::x : 0x7fddb7f8f010
60_TGAMMA::y : 0x7fddb51c8010
60_XPY::x : 0x7fdd98804010
60_XPY::y : 0x7fdd7be40010
12_ERF::x : 0x7fddc6472010
12_ERF::y : 0x7fddc08e4010
60_COPY::x : 0x7fdd5ebe3010
60_COPY::y : 0x7fdd4221f010
48_SQRTX::x : 0x7fddb51c9010
48_SQRTX::x : 0x7fdd2b3e8010
84_COPY::x : 0x7fdd03309010
84_COPY::y : 0x7fdcdb22a010
120_TGAMMA::x : 0x7fdd9e393010
120_TGAMMA::y : 0x7fdd98805010
84_SUM::x : 0x7fdda3f21010
48_XPY::x : 0x7fdd819ce010
48_XPY::y : 0x7fdd64770010
108_SUM::x : 0x7fdd30f76010
84_SUM::x : 0x7fdda3f21010
12_ERF::x : 0x7fdd92c77010
12_ERF::y : 0x7fdd8d0e9010
120_TGAMMA::x : 0x7fdd9e393010
120_TGAMMA::y : 0x7fdd98805010
84_SUM::x : 0x7fdd534c8010
24_ERF::x : 0x7fdd8d0e9010
24_ERF::y : 0x7fdd819cd010
60_XPY::x : 0x7fddaf63c010
60_XPY::y : 0x7fdd36b04010
60_XPY::x : 0x7fdd5ebe3010
60_XPY::y : 0x7fdd1a140010
60_TGAMMA::x : 0x7fddac875010
60_TGAMMA::y : 0x7fdda9aae010
12_SQRTX::x : 0x7fdda3f20010
60_COPY::x : 0x7fdd8d0ea010
60_COPY::y : 0x7fdcfd77c010
60_XPY::x : 0x7fdce0db8010
60_XPY::y : 0x7fdcc43f4010
132_SUM::x : 0x7fdc854df010
108_SUM::x : 0x7fdd47dad010
12_ERF::x : 0x7fdd4221f010
12_ERF::y : 0x7fdd3c691010
84_COPY::x : 0x7fdda3f21010
84_COPY::y : 0x7fdd7be42010
24_ERF::x : 0x7fdd30f75010
24_ERF::y : 0x7fdd25859010
48_ERF::x : 0x7fdd64770010
48_ERF::y : 0x7fdd4d939010
36_POW::a : 0x7fdd145b0010
36_POW::b : 0x7fdd03307010
36_POW::y : 0x7fdcf205e010
12_SQRTX::x : 0x7fdd47dab010
12_ERF::x : 0x7fdd47dab010
12_ERF::y : 0x7fdd4221d010
24_ERF::x : 0x7fdd4221d010
24_ERF::y : 0x7fdd36b01010
36_DOT::x : 0x7fdd6a2fe010
36_DOT::y : 0x7fdd59055010
84_SUM::x : 0x7fdd0ea22010
60_XPY::x : 0x7fdd3c691010
60_XPY::y : 0x7fdcf205e010
84_DOT::x : 0x7fdda3f21010
84_DOT::y : 0x7fdd7be42010
12_TGAMMA::x : 0x7fddcc000be0
12_TGAMMA::y : 0x7fddcc9287f0
36_DOT::x : 0x7fdd6a2fe010
36_DOT::y : 0x7fdd59055010
84_COPY::x : 0x7fdd145b2010
84_COPY::y : 0x7fdcc9f7f010
12_TGAMMA::x : 0x7fddcc000be0
12_TGAMMA::y : 0x7fddcc9287f0
12_ERF::x : 0x7fdd75a19010
12_ERF::y : 0x7fdd6fe8b010
132_SUM::x : 0x7fdc8b06a010
48_ERF::x : 0x7fdd7be41010
48_ERF::y : 0x7fdd64770010
60_COPY::x : 0x7fddaf63c010
60_COPY::y : 0x7fdd92c78010
12_ERF::x : 0x7fdd5ebe2010
12_ERF::y : 0x7fdd59054010
48_ERF::x : 0x7fdd4221d010
48_ERF::y : 0x7fdd2b3e6010
84_DOT::x : 0x7fdd03307010
84_DOT::y : 0x7fdcdb228010
36_DOT::x : 0x7fdd819cf010
36_DOT::y : 0x7fdd6a2fe010
60_XPY::x : 0x7fddaf63c010
60_XPY::y : 0x7fdd92c78010
24_POW::a : 0x7fdd8755c010
24_POW::b : 0x7fdd7be40010
24_POW::y : 0x7fdd6fe8b010
48_SQRTX::x : 0x7fdd59054010
12_POW::a : 0x7fdd534c6010
12_POW::b : 0x7fdd4d938010
12_POW::y : 0x7fdd47daa010
36_POW::a : 0x7fddbad57010
36_POW::b : 0x7fdda9aae010
36_POW::y : 0x7fdd98805010
12_TGAMMA::x : 0x7fddcc000be0
12_TGAMMA::y : 0x7fddcc9287f0
60_TGAMMA::x : 0x7fdd95a3e010
60_TGAMMA::y : 0x7fdd92c77010
120_TGAMMA::x : 0x7fdd8d0e9010
120_TGAMMA::y : 0x7fdd8755b010
120_TGAMMA::x : 0x7fdd819cd010
120_TGAMMA::y : 0x7fdd7be3f010
36_POW::a : 0x7fdd6a2fe010
36_POW::b : 0x7fdd59055010
36_POW::y : 0x7fdd47dac010
24_ERF::x : 0x7fddc08e4010
24_ERF::y : 0x7fddb51c8010
36_DOT::x : 0x7fdda3f1f010
36_DOT::y : 0x7fdd92c76010
84_COPY::x : 0x7fdd1fccd010
84_COPY::y : 0x7fdcf7bee010
84_SUM::x : 0x7fdccfb0f010
60_XPY::x : 0x7fddaf63c010
60_XPY::y : 0x7fdd92c78010
60_COPY::x : 0x7fdd5ebe3010
60_COPY::y : 0x7fdcb314b010
12_TGAMMA::x : 0x7fddd00017d0
12_TGAMMA::y : 0x7fddd09293e0
12_ERF::x : 0x7fdd8d0ea010
12_ERF::y : 0x7fdd8755c010
48_XPY::x : 0x7fdd7be41010
48_XPY::y : 0x7fdd47dac010
48_SQRTX::x : 0x7fddb51c9010
36_DOT::x : 0x7fdda3f20010
36_DOT::y : 0x7fdd36b03010
48_SQRTX::x : 0x7fdd64770010
84_SUM::x : 0x7fdd1fccd010
48_XPY::x : 0x7fdd9e392010
48_XPY::y : 0x7fdd8755b010
120_TGAMMA::x : 0x7fddc6472010
120_TGAMMA::y : 0x7fddc08e4010
12_ERF::x : 0x7fddbad56010
12_ERF::y : 0x7fdd819cd010
24_ERF::x : 0x7fdd7be3f010
24_ERF::y : 0x7fdd6fe8b010
120_TGAMMA::x : 0x7fddbad56010
120_TGAMMA::y : 0x7fdd6a2fd010
48_SQRTX::x : 0x7fdda3f1f010
12_POW::a : 0x7fdd9e391010
12_POW::b : 0x7fdd98803010
12_POW::y : 0x7fdd92c75010
120_TGAMMA::x : 0x7fddc6472010
120_TGAMMA::y : 0x7fddc08e4010
60_TGAMMA::x : 0x7fdda1158010
60_TGAMMA::y : 0x7fdd9e391010
84_DOT::x : 0x7fdd4221e010
84_DOT::y : 0x7fdd1a13f010
24_ERF::x : 0x7fddb51c8010
24_ERF::y : 0x7fdda9aac010
24_POW::a : 0x7fdd9e390010
24_POW::b : 0x7fdd92c74010
24_POW::y : 0x7fdd87558010
12_SQRTX::x : 0x7fddbad56010
48_XPY::x : 0x7fdda9aad010
48_XPY::y : 0x7fdd03308010
108_SUM::x : 0x7fdd47dad010
24_ERF::x : 0x7fddc08e4010
24_ERF::y : 0x7fdd3c691010
60_COPY::x : 0x7fdd8d0e9010
60_COPY::y : 0x7fdd1fccd010
132_SUM::x : 0x7fdcc43f3010
132_SUM::x : 0x7fdc854de010
  итерация 0: 1357581 ms
12_SQRTX::x : 0x7fddc6472010
12_ERF::x : 0x7fdda9aad010
12_ERF::y : 0x7fdd98803010
12_POW::a : 0x7fdda3f1f010
12_POW::b : 0x7fdd9e391010
12_POW::y : 0x7fdd92c75010
48_SQRTX::x : 0x7fddaf63b010
120_TGAMMA::x : 0x7fddc6472010
120_TGAMMA::y : 0x7fdd8d0e7010
60_COPY::x : 0x7fdd5ebe3010
60_COPY::y : 0x7fdd4221f010
60_XPY::x : 0x7fdd92c77010
60_XPY::y : 0x7fdd2585b010
84_COPY::x : 0x7fdcfd77c010
84_COPY::y : 0x7fdcd569d010
12_ERF::x : 0x7fddc6472010
12_ERF::y : 0x7fddc08e4010
48_XPY::x : 0x7fdda9aad010
48_XPY::y : 0x7fdd92c76010
24_ERF::x : 0x7fddc08e4010
24_ERF::y : 0x7fdd8755a010
48_XPY::x : 0x7fdd64770010
48_XPY::y : 0x7fdd4d939010
24_ERF::x : 0x7fddc08e4010
24_ERF::y : 0x7fdd8755a010
12_SQRTX::x : 0x7fddbad56010
84_SUM::x : 0x7fdd98805010
84_COPY::x : 0x7fdcad5be010
84_COPY::y : 0x7fdc854df010
48_SQRTX::x : 0x7fdd819ce010
48_ERF::x : 0x7fdd64770010
48_ERF::y : 0x7fdd4d939010
60_TGAMMA::x : 0x7fddc9239010
60_TGAMMA::y : 0x7fddc6472010
84_COPY::x : 0x7fdd9e393010
84_COPY::y : 0x7fdd2585a010
12_SQRTX::x : 0x7fddc6472010
60_XPY::x : 0x7fdd819cf010
60_XPY::y : 0x7fdd08e96010
108_SUM::x : 0x7fdc51ce5010
48_XPY::x : 0x7fdd64770010
48_XPY::y : 0x7fdd4d939010
60_TGAMMA::x : 0x7fddc9239010
60_TGAMMA::y : 0x7fddc6472010
60_XPY::x : 0x7fdda9aae010
60_XPY::y : 0x7fdd30f75010
60_XPY::x : 0x7fdd8d0ea010
60_XPY::y : 0x7fdd145b1010
60_TGAMMA::x : 0x7fddc9239010
60_TGAMMA::y : 0x7fddc6472010
60_XPY::x : 0x7fdd5ebe3010
60_XPY::y : 0x7fdcf7bed010
36_DOT::x : 0x7fdd7be41010
36_DOT::y : 0x7fdd4d93a010
84_SUM::x : 0x7fdccfb0e010
12_ERF::x : 0x7fddc6472010
12_ERF::y : 0x7fddc08e4010
12_TGAMMA::x : 0x185f8c0
12_TGAMMA::y : 0x21874d0
84_SUM::x : 0x7fdda3f21010
48_SQRTX::x : 0x7fdd8d0ea010
60_COPY::x : 0x7fdd5ebe3010
60_COPY::y : 0x7fdd4221f010
12_SQRTX::x : 0x7fdd8755c010
120_TGAMMA::x : 0x7fdd8755c010
120_TGAMMA::y : 0x7fdd819ce010
60_COPY::x : 0x7fddaf63c010
60_COPY::y : 0x7fdd2585b010
12_ERF::x : 0x7fdda9aae010
12_ERF::y : 0x7fdda3f20010
36_DOT::x : 0x7fdd9e393010
36_DOT::y : 0x7fdd8d0ea010
24_POW::a : 0x7fdd6fe8b010
24_POW::b : 0x7fdd6476f010
24_POW::y : 0x7fdd59053010
12_TGAMMA::x : 0x7fddcc000be0
12_TGAMMA::y : 0x7fddcc9287f0
108_SUM::x : 0x7fdd25859010
36_POW::a : 0x7fddbad57010
36_POW::b : 0x7fdd7be41010
36_POW::y : 0x7fdd145b0010
24_ERF::x : 0x7fddaf63b010
24_ERF::y : 0x7fdda3f1f010
24_ERF::x : 0x7fddaf63b010
24_ERF::y : 0x7fdda3f1f010
84_SUM::x : 0x7fdcec4d1010
132_SUM::x : 0x7fdd3c692010
48_ERF::x : 0x7fdda3f20010
48_ERF::y : 0x7fdd2585b010
60_XPY::x : 0x7fdd8755c010
60_XPY::y : 0x7fdccfb0d010
24_ERF::x : 0x7fddc08e4010
24_ERF::y : 0x7fdd7be40010
60_XPY::x : 0x7fdd5ebe3010
60_XPY::y : 0x7fdd4221f010
48_SQRTX::x : 0x7fdd0ea24010
12_ERF::x : 0x7fddc6472010
12_ERF::y : 0x7fddc08e4010
24_ERF::x : 0x7fddc08e4010
24_ERF::y : 0x7fddb51c8010
24_ERF::x : 0x7fdda9aac010
24_ERF::y : 0x7fdd7be40010
60_COPY::x : 0x7fdd8d0e8010
60_COPY::y : 0x7fdd2585b010
84_COPY::x : 0x7fdcfd77c010
84_COPY::y : 0x7fdcd569d010
84_SUM::x : 0x7fdcad5be010
48_XPY::x : 0x7fddb51c9010
48_XPY::y : 0x7fdd64770010
36_POW::a : 0x7fdd7be3f010
36_POW::b : 0x7fdd534c7010
36_POW::y : 0x7fdcc43f4010
12_POW::a : 0x7fddaf63b010
12_POW::b : 0x7fdda9aad010
12_POW::y : 0x7fdda3f1f010
120_TGAMMA::x : 0x7fddc6472010
120_TGAMMA::y : 0x7fddc08e4010
84_SUM::x : 0x7fdd98805010
60_XPY::x : 0x7fdd36b03010
60_XPY::y : 0x7fdd1a13f010
36_DOT::x : 0x7fddaf63b010
36_DOT::y : 0x7fdd9e392010
108_SUM::x : 0x7fdce6945010
120_TGAMMA::x : 0x7fddbad56010
120_TGAMMA::y : 0x7fddb51c8010
12_ERF::x : 0x7fddc6472010
12_ERF::y : 0x7fddc08e4010
12_ERF::x : 0x7fddc6472010
12_ERF::y : 0x7fddc08e4010
120_TGAMMA::x : 0x7fddaf63a010
120_TGAMMA::y : 0x7fdda9aac010
24_POW::a : 0x7fddc08e4010
24_POW::b : 0x7fdd9e390010
24_POW::y : 0x7fdd92c74010
120_TGAMMA::x : 0x7fdd8d0e6010
120_TGAMMA::y : 0x7fdd87558010
60_TGAMMA::x : 0x7fddbdb1d010
60_TGAMMA::y : 0x7fddbad56010
132_SUM::x : 0x7fdd3c692010
12_POW::a : 0x7fddc6472010
12_POW::b : 0x7fddc08e4010
12_POW::y : 0x7fddb51c8010
84_COPY::x : 0x7fdd8d0e9010
84_COPY::y : 0x7fdd145b3010
84_DOT::x : 0x7fdcec4d4010
84_DOT::y : 0x7fdcc43f5010
48_XPY::x : 0x7fddb51c9010
48_XPY::y : 0x7fdcad5be010
36_DOT::x : 0x7fdd7be40010
36_DOT::y : 0x7fdd6a2fe010
12_SQRTX::x : 0x7fdd8755b010
48_SQRTX::x : 0x7fdd64770010
36_POW::a : 0x7fddbad57010
36_POW::b : 0x7fdd7be40010
36_POW::y : 0x7fdd534c7010
36_DOT::x : 0x7fdd4221e010
36_DOT::y : 0x7fdd0330a010
48_XPY::x : 0x7fdda3f20010
48_XPY::y : 0x7fdd8d0e9010
12_TGAMMA::x : 0x7fddcc000be0
12_TGAMMA::y : 0x7fddcc9287f0
48_SQRTX::x : 0x7fdd3c690010
48_ERF::x : 0x7fdd64770010
48_ERF::y : 0x7fdd25859010
12_ERF::x : 0x7fddc6472010
12_ERF::y : 0x7fddc08e4010
12_TGAMMA::x : 0x7fddd4000da0
12_TGAMMA::y : 0x7fddd49289b0
84_DOT::x : 0x7fdd98805010
84_DOT::y : 0x7fdcd569b010
84_DOT::x : 0x7fdd3c691010
84_DOT::y : 0x7fdcfd77a010
132_SUM::x : 0x7fdc96786010
12_ERF::x : 0x7fddc6472010
12_ERF::y : 0x7fddc08e4010
132_SUM::x : 0x7fdc57871010
48_SQRTX::x : 0x7fdd819ce010
120_TGAMMA::x : 0x7fddc6472010
120_TGAMMA::y : 0x7fddc08e4010
60_COPY::x : 0x7fdda3f20010
60_COPY::y : 0x7fdd5ebe3010
12_ERF::x : 0x7fdd9e392010
12_ERF::y : 0x7fdd7be40010
  итерация 1: 1369544 ms
12_ERF::x : 0x7fdd98804010
12_ERF::y : 0x7fdd75a19010
48_SQRTX::x : 0x7fddb51c9010
48_XPY::x : 0x7fdd9e392010
48_XPY::y : 0x7fdd5ebe2010
60_COPY::x : 0x7fdd7be40010
60_COPY::y : 0x7fdd4221e010
48_XPY::x : 0x7fdd2b3e7010
48_XPY::y : 0x7fdd145b0010
48_XPY::x : 0x7fddb51c9010
48_XPY::y : 0x7fdcfd779010
12_SQRTX::x : 0x7fddaf63b010
108_SUM::x : 0x7fdcc9f7f010
12_SQRTX::x : 0x7fddaf63b010
48_SQRTX::x : 0x7fdd98804010
24_POW::a : 0x7fdd8d0e8010
24_POW::b : 0x7fdd819cc010
24_POW::y : 0x7fdd6fe8b010
24_ERF::x : 0x7fddc08e4010
24_ERF::y : 0x7fddb51c8010
12_ERF::x : 0x7fddaf63a010
12_ERF::y : 0x7fdda9aac010
60_TGAMMA::x : 0x7fdda6ce5010
60_TGAMMA::y : 0x7fdda3f1e010
12_POW::a : 0x7fdd9e390010
12_POW::b : 0x7fdd98802010
12_POW::y : 0x7fdd92c74010
12_TGAMMA::x : 0x7fddcc000be0
12_TGAMMA::y : 0x7fddcc9287f0
84_COPY::x : 0x7fdd534c8010
84_COPY::y : 0x7fdd2b3e9010
60_COPY::x : 0x7fddaf63c010
60_COPY::y : 0x7fdd0ea25010
48_SQRTX::x : 0x7fdcf7bee010
84_COPY::x : 0x7fdd8755d010
84_COPY::y : 0x7fdccfb0f010
12_ERF::x : 0x7fdd819cf010
12_ERF::y : 0x7fdd7be41010
60_XPY::x : 0x7fddaf63c010
60_XPY::y : 0x7fdd0ea25010
60_COPY::x : 0x7fdcb314b010
60_COPY::y : 0x7fdc96787010
36_POW::a : 0x7fdd6a2fe010
36_POW::b : 0x7fdd59055010
36_POW::y : 0x7fdd47dac010
36_DOT::x : 0x7fdd9e393010
36_DOT::y : 0x7fdd8d0ea010
12_TGAMMA::x : 0x7fddcc000be0
12_TGAMMA::y : 0x7fddcc9287f0
84_SUM::x : 0x7fdd1fccd010
60_XPY::x : 0x7fddaf63c010
60_XPY::y : 0x7fdd03309010
84_SUM::x : 0x7fdd8755d010
12_SQRTX::x : 0x7fdd819cf010
84_COPY::x : 0x7fdd534c8010
84_COPY::y : 0x7fdcdb22a010
12_SQRTX::x : 0x7fdd819cf010
60_TGAMMA::x : 0x7fddac875010
60_TGAMMA::y : 0x7fdda9aae010
60_XPY::x : 0x7fdd8d0ea010
60_XPY::y : 0x7fdd36b04010
12_SQRTX::x : 0x7fdda9aae010
12_ERF::x : 0x7fdda9aae010
12_ERF::y : 0x7fdd8755c010
60_XPY::x : 0x7fddaf63c010
60_XPY::y : 0x7fdd1a140010
12_TGAMMA::x : 0x185f8c0
12_TGAMMA::y : 0x21874d0
120_TGAMMA::x : 0x7fdda9aae010
120_TGAMMA::y : 0x7fdd8755c010
48_XPY::x : 0x7fdd64770010
48_XPY::y : 0x7fdd03309010
120_TGAMMA::x : 0x7fdda3f20010
120_TGAMMA::y : 0x7fdd9e392010
84_SUM::x : 0x7fdd3c691010
60_XPY::x : 0x7fddaf63c010
60_XPY::y : 0x7fdd1fccd010
132_SUM::x : 0x7fdce0db8010
36_DOT::x : 0x7fdd8d0e9010
36_DOT::y : 0x7fdd7be40010
36_POW::a : 0x7fdd9e393010
36_POW::b : 0x7fdd6a2fe010
36_POW::y : 0x7fdd59055010
84_SUM::x : 0x7fdcb8cd9010
60_XPY::x : 0x7fddaf63c010
60_XPY::y : 0x7fdd819cf010
84_DOT::x : 0x7fdd30f76010
84_DOT::y : 0x7fdd08e97010
12_ERF::x : 0x7fdd7be41010
12_ERF::y : 0x7fdd03309010
48_ERF::x : 0x7fdcf2060010
48_ERF::y : 0x7fdcdb229010
12_ERF::x : 0x7fdda9aae010
12_ERF::y : 0x7fdda3f20010
108_SUM::x : 0x7fdca7a2f010
48_ERF::x : 0x7fddb51c9010
48_ERF::y : 0x7fdd9e392010
60_XPY::x : 0x7fdd819ce010
60_XPY::y : 0x7fdd5ebe3010
36_DOT::x : 0x7fdd4d93a010
36_DOT::y : 0x7fdd3c691010
36_POW::a : 0x7fdd2b3e8010
36_POW::b : 0x7fdd1a13f010
36_POW::y : 0x7fdd08e96010
12_TGAMMA::x : 0x7fddcc000be0
12_TGAMMA::y : 0x7fddcc9287f0
120_TGAMMA::x : 0x7fddc6472010
120_TGAMMA::y : 0x7fddc08e4010
12_ERF::x : 0x7fddbad56010
12_ERF::y : 0x7fddb51c8010
24_ERF::x : 0x7fdda9aac010
24_ERF::y : 0x7fdd9e390010
12_POW::a : 0x7fddbad56010
12_POW::b : 0x7fddb51c8010
12_POW::y : 0x7fdd98802010
24_ERF::x : 0x7fdda9aac010
24_ERF::y : 0x7fdd9e390010
84_COPY::x : 0x7fdd534c8010
84_COPY::y : 0x7fdce0db7010
120_TGAMMA::x : 0x7fddbad56010
120_TGAMMA::y : 0x7fddb51c8010
120_TGAMMA::x : 0x7fddaf63a010
120_TGAMMA::y : 0x7fdda9aac010
12_POW::a : 0x7fddc6472010
12_POW::b : 0x7fddc08e4010
12_POW::y : 0x7fdda3f1e010
36_DOT::x : 0x7fdd98803010
36_DOT::y : 0x7fdd8755a010
132_SUM::x : 0x7fdd3c692010
48_SQRTX::x : 0x7fddb51c9010
48_SQRTX::x : 0x7fdd92c75010
36_DOT::x : 0x7fdd819cc010
36_DOT::y : 0x7fdd2b3e9010
12_ERF::x : 0x7fddc6472010
12_ERF::y : 0x7fddc08e4010
60_XPY::x : 0x7fdd1fcce010
60_XPY::y : 0x7fdd0330a010
48_XPY::x : 0x7fdda9aad010
48_XPY::y : 0x7fdd92c76010
60_TGAMMA::x : 0x7fdd8feaf010
60_TGAMMA::y : 0x7fdd8d0e8010
60_COPY::x : 0x7fdd5ebe3010
60_COPY::y : 0x7fdd4221f010
12_ERF::x : 0x7fddc6472010
12_ERF::y : 0x7fddc08e4010
84_DOT::x : 0x7fdd98805010
84_DOT::y : 0x7fdcdb22b010
84_SUM::x : 0x7fdcb314c010
108_SUM::x : 0x7fdd0ea25010
48_SQRTX::x : 0x7fdd819ce010
24_POW::a : 0x7fddc08e4010
24_POW::b : 0x7fdd6fe8b010
24_POW::y : 0x7fdd6476f010
24_ERF::x : 0x7fddb51c8010
24_ERF::y : 0x7fdda9aac010
24_ERF::x : 0x7fdd9e390010
24_ERF::y : 0x7fdd59053010
120_TGAMMA::x : 0x7fdd98802010
120_TGAMMA::y : 0x7fdd92c74010
48_SQRTX::x : 0x7fdd64770010
132_SUM::x : 0x7fdd2585b010
120_TGAMMA::x : 0x7fddc6472010
120_TGAMMA::y : 0x7fddc08e4010
84_COPY::x : 0x7fdcfd77c010
84_COPY::y : 0x7fdcd569d010
24_ERF::x : 0x7fddb51c8010
24_ERF::y : 0x7fdda9aac010
60_COPY::x : 0x7fdd8d0e8010
60_COPY::y : 0x7fdd5ebe3010
84_SUM::x : 0x7fdd36b04010
24_ERF::x : 0x7fddc08e4010
24_ERF::y : 0x7fddb51c8010
132_SUM::x : 0x7fdc96788010
12_ERF::x : 0x7fddc6472010
12_ERF::y : 0x7fddc08e4010
84_DOT::x : 0x7fdd36b04010
84_DOT::y : 0x7fdd0ea25010
48_ERF::x : 0x7fdda9aad010
48_ERF::y : 0x7fdd92c76010
60_TGAMMA::x : 0x7fddc9239010
60_TGAMMA::y : 0x7fddc6472010
48_XPY::x : 0x7fdd7be3f010
48_XPY::y : 0x7fdd64770010
  итерация 2: 1327661 ms
12_SQRTX::x : 0x7fddaf63b010
48_SQRTX::x : 0x7fddb51c9010
48_XPY::x : 0x7fdd819cd010
48_XPY::y : 0x7fdd4d939010
48_XPY::x : 0x7fdd98804010
48_XPY::y : 0x7fdd64770010
84_SUM::x : 0x7fdd2585a010
84_COPY::x : 0x7fdcfd77b010
84_COPY::y : 0x7fdcd569c010
48_XPY::x : 0x7fddb51c9010
48_XPY::y : 0x7fdd36b02010
24_POW::a : 0x7fdd8d0e8010
24_POW::b : 0x7fdd819cc010
24_POW::y : 0x7fdd59054010
60_XPY::x : 0x7fdd98805010
60_XPY::y : 0x7fdcb8cd8010
60_COPY::x : 0x7fdd7be41010
60_COPY::y : 0x7fdd5ebe3010
84_COPY::x : 0x7fdd36b04010
84_COPY::y : 0x7fdc90bf9010
12_SQRTX::x : 0x7fddc6472010
48_SQRTX::x : 0x7fddb51c9010
12_POW::a : 0x7fddaf63b010
12_POW::b : 0x7fdda9aad010
12_POW::y : 0x7fdda3f1f010
12_ERF::x : 0x7fddaf63b010
12_ERF::y : 0x7fdda9aad010
36_DOT::x : 0x7fdd98804010
36_DOT::y : 0x7fdd8755b010
12_ERF::x : 0x7fddaf63b010
12_ERF::y : 0x7fdda9aad010
84_COPY::x : 0x7fdd0ea25010
84_COPY::y : 0x7fdce6946010
108_SUM::x : 0x7fdc5d3ff010
120_TGAMMA::x : 0x7fddc6472010
120_TGAMMA::y : 0x7fddc08e4010
48_SQRTX::x : 0x7fdda9aad010
12_ERF::x : 0x7fdda3f1f010
12_ERF::y : 0x7fdd9e391010
60_TGAMMA::x : 0x7fdda6ce6010
60_TGAMMA::y : 0x7fdda3f1f010
60_TGAMMA::x : 0x7fddbdb1d010
60_TGAMMA::y : 0x7fddbad56010
60_COPY::x : 0x7fdd8755b010
60_COPY::y : 0x7fdd5ebe3010
84_SUM::x : 0x7fdd36b04010
12_ERF::x : 0x7fddc6472010
12_ERF::y : 0x7fddc08e4010
12_POW::a : 0x7fddbad56010
12_POW::b : 0x7fddb51c8010
12_POW::y : 0x7fddaf63a010
108_SUM::x : 0x7fdd0330a010
84_SUM::x : 0x7fdd36b04010
48_ERF::x : 0x7fddb51c9010
48_ERF::y : 0x7fdcec4d3010
12_SQRTX::x : 0x7fddaf63b010
120_TGAMMA::x : 0x7fddaf63b010
120_TGAMMA::y : 0x7fdda9aad010
24_ERF::x : 0x7fdd9e391010
24_ERF::y : 0x7fdd92c75010
12_ERF::x : 0x7fdd8d0e7010
12_ERF::y : 0x7fdd87559010
120_TGAMMA::x : 0x7fddc6472010
120_TGAMMA::y : 0x7fddc08e4010
60_COPY::x : 0x7fdd5ebe3010
60_COPY::y : 0x7fdd4221f010
48_ERF::x : 0x7fdd92c76010
48_ERF::y : 0x7fdd7be3f010
24_ERF::x : 0x7fddb51c8010
24_ERF::y : 0x7fdd36b03010
24_ERF::x : 0x7fddb51c8010
24_ERF::y : 0x7fdd36b03010
84_COPY::x : 0x7fdd534c8010
84_COPY::y : 0x7fdd0ea24010
60_XPY::x : 0x7fdcf2060010
60_XPY::y : 0x7fdcd569c010
60_TGAMMA::x : 0x7fddc9239010
60_TGAMMA::y : 0x7fddc6472010
36_POW::a : 0x7fddb51c9010
36_POW::b : 0x7fdda3f20010
36_POW::y : 0x7fdd92c77010
60_XPY::x : 0x7fdd36b04010
60_XPY::y : 0x7fdcb8cd8010
60_XPY::x : 0x7fdcf2060010
60_XPY::y : 0x7fdcd569c010
12_ERF::x : 0x7fddc6472010
12_ERF::y : 0x7fddc08e4010
60_XPY::x : 0x7fdd5ebe3010
60_XPY::y : 0x7fdd1a140010
60_XPY::x : 0x7fddaf63c010
60_XPY::y : 0x7fdd92c78010
84_COPY::x : 0x7fdd36b04010
84_COPY::y : 0x7fdcad5bd010
60_XPY::x : 0x7fdcfd77c010
60_XPY::y : 0x7fdce0db8010
12_ERF::x : 0x7fdd8d0ea010
12_ERF::y : 0x7fdd8755c010
36_POW::a : 0x7fddbad57010
36_POW::b : 0x7fdda9aae010
36_POW::y : 0x7fdd98805010
48_SQRTX::x : 0x7fdd819ce010
12_TGAMMA::x : 0x7fddd4000da0
12_TGAMMA::y : 0x7fddd49289b0
48_SQRTX::x : 0x7fdd64770010
12_SQRTX::x : 0x7fdd92c77010
60_COPY::x : 0x7fdd47dac010
60_COPY::y : 0x7fdd2b3e8010
12_TGAMMA::x : 0x7fddcc000be0
12_TGAMMA::y : 0x7fddcc9287f0
36_DOT::x : 0x7fdd8755c010
36_DOT::y : 0x7fdd1a13f010
60_XPY::x : 0x7fddaf63c010
60_XPY::y : 0x7fdcfd77b010
12_TGAMMA::x : 0x7fddd00017d0
12_TGAMMA::y : 0x7fddd09293e0
36_POW::a : 0x7fdd9e393010
36_POW::b : 0x7fdd6a2fe010
36_POW::y : 0x7fdcec4d2010
84_DOT::x : 0x7fdcc43f3010
84_DOT::y : 0x7fdc9c314010
120_TGAMMA::x : 0x7fdd98805010
120_TGAMMA::y : 0x7fdd92c77010
132_SUM::x : 0x7fdd2b3e9010
48_ERF::x : 0x7fddb51c9010
48_ERF::y : 0x7fdd7be40010
36_DOT::x : 0x7fdda3f20010
36_DOT::y : 0x7fdd6a2fe010
132_SUM::x : 0x7fdcec4d4010
84_SUM::x : 0x7fdd4221f010
24_ERF::x : 0x7fdda9aad010
24_ERF::y : 0x7fdd9e391010
24_ERF::x : 0x7fddc08e4010
24_ERF::y : 0x7fdd92c75010
12_SQRTX::x : 0x7fddbad56010
84_DOT::x : 0x7fdd534c8010
84_DOT::y : 0x7fdd2b3e9010
84_DOT::x : 0x7fdcc43f5010
84_DOT::y : 0x7fdc9c316010
120_TGAMMA::x : 0x7fddbad56010
120_TGAMMA::y : 0x7fddb51c8010
108_SUM::x : 0x7fdd819ce010
60_COPY::x : 0x7fdd0ea25010
60_COPY::y : 0x7fdcf2061010
60_TGAMMA::x : 0x7fddc9239010
60_TGAMMA::y : 0x7fddc6472010
48_SQRTX::x : 0x7fdd9e391010
12_POW::a : 0x7fddc08e4010
12_POW::b : 0x7fddbad56010
12_POW::y : 0x7fddb51c8010
120_TGAMMA::x : 0x7fddc6472010
120_TGAMMA::y : 0x7fdd98803010
36_DOT::x : 0x7fddb51c9010
36_DOT::y : 0x7fdd8755a010
48_XPY::x : 0x7fdd9e392010
48_XPY::y : 0x7fdd64770010
84_SUM::x : 0x7fdd3c691010
84_SUM::x : 0x7fdd145b2010
48_XPY::x : 0x7fddaf63b010
48_XPY::y : 0x7fdd819cc010
12_TGAMMA::x : 0x7fddcc000be0
12_TGAMMA::y : 0x7fddcc9287f0
12_ERF::x : 0x7fddc6472010
12_ERF::y : 0x7fdda9aad010
12_ERF::x : 0x7fdda3f1f010
12_ERF::y : 0x7fdd9e391010
132_SUM::x : 0x7fdd3c692010
132_SUM::x : 0x7fdcfd77d010
24_POW::a : 0x7fdda3f1f010
24_POW::b : 0x7fdd98803010
24_POW::y : 0x7fdcf2061010
36_DOT::x : 0x7fddbad57010
36_DOT::y : 0x7fdd8755a010
48_XPY::x : 0x7fddb51c9010
48_XPY::y : 0x7fdd819cc010
12_ERF::x : 0x7fddaf63b010
12_ERF::y : 0x7fdd7be3e010
120_TGAMMA::x : 0x7fdda9aad010
120_TGAMMA::y : 0x7fdda3f1f010
24_ERF::x : 0x7fdd98803010
24_ERF::y : 0x7fdd59054010
48_SQRTX::x : 0x7fdd64770010
24_ERF::x : 0x7fdd6fe8b010
24_ERF::y : 0x7fdd4d938010
  итерация 3: 1355391 ms
60_TGAMMA::x : 0x7fddc36ab010
60_TGAMMA::y : 0x7fdd9e392010
12_SQRTX::x : 0x7fddc6472010
12_ERF::x : 0x7fddbdb1d010
12_ERF::y : 0x7fdd7be40010
60_XPY::x : 0x7fdda1159010
60_XPY::y : 0x7fdd819ce010
60_XPY::x : 0x7fdd5ebe3010
60_XPY::y : 0x7fdd4221f010
108_SUM::x : 0x7fdd0ea25010
48_XPY::x : 0x7fdcf7bee010
48_XPY::y : 0x7fdce0db7010
84_SUM::x : 0x7fdd1a140010
24_ERF::x : 0x7fddc08e4010
24_ERF::y : 0x7fdd6fe8b010
48_XPY::x : 0x7fdda9aad010
48_XPY::y : 0x7fdd92c76010
12_POW::a : 0x7fdd8d0e8010
12_POW::b : 0x7fdd8755a010
12_POW::y : 0x7fdd819cc010
108_SUM::x : 0x7fdd47dad010
24_ERF::x : 0x7fddc08e4010
24_ERF::y : 0x7fdd3c691010
48_SQRTX::x : 0x7fdd7be3f010
12_SQRTX::x : 0x7fddbad56010
48_SQRTX::x : 0x7fdda3f1f010
60_XPY::x : 0x7fdd2b3e9010
60_XPY::y : 0x7fdd0ea25010
48_XPY::x : 0x7fdd64770010
48_XPY::y : 0x7fdd4d939010
84_SUM::x : 0x7fdd7be40010
84_COPY::x : 0x7fdda3f21010
84_COPY::y : 0x7fdce6946010
36_DOT::x : 0x7fdd92c78010
36_DOT::y : 0x7fdd819cf010
12_ERF::x : 0x7fdd7be41010
12_ERF::y : 0x7fdd75a19010
60_COPY::x : 0x7fdd59055010
60_COPY::y : 0x7fdd3c691010
12_ERF::x : 0x7fdd9e393010
12_ERF::y : 0x7fdd98805010
120_TGAMMA::x : 0x7fdd92c77010
120_TGAMMA::y : 0x7fdd8d0e9010
36_DOT::x : 0x7fdd7be40010
36_DOT::y : 0x7fdd2b3e8010
60_COPY::x : 0x7fdd1fccd010
60_COPY::y : 0x7fdcc9f82010
84_SUM::x : 0x7fdd7be42010
84_COPY::x : 0x7fdda3f21010
84_COPY::y : 0x7fdcf7bee010
24_POW::a : 0x7fdd6fe8b010
24_POW::b : 0x7fdd6476f010
24_POW::y : 0x7fdd59053010
36_POW::a : 0x7fdd47daa010
36_POW::b : 0x7fdd36b01010
36_POW::y : 0x7fdd25858010
48_ERF::x : 0x7fdd8d0ea010
48_ERF::y : 0x7fdce0db7010
60_COPY::x : 0x7fdd5ebe3010
60_COPY::y : 0x7fdcc43f3010
48_SQRTX::x : 0x7fdd47dac010
60_TGAMMA::x : 0x7fdda115a010
60_TGAMMA::y : 0x7fdd9e393010
12_SQRTX::x : 0x7fddc6472010
60_XPY::x : 0x7fddaf63c010
60_XPY::y : 0x7fdd819cf010
60_XPY::x : 0x7fdd2b3e8010
60_XPY::y : 0x7fdd0ea24010
12_SQRTX::x : 0x7fdda9aae010
12_TGAMMA::x : 0x7fddcc000be0
12_TGAMMA::y : 0x7fddcc9287f0
60_XPY::x : 0x7fdd5ebe3010
60_XPY::y : 0x7fdcf2060010
60_XPY::x : 0x7fdcd569c010
60_XPY::y : 0x7fdcb8cd8010
120_TGAMMA::x : 0x7fddc6472010
120_TGAMMA::y : 0x7fddc08e4010
120_TGAMMA::x : 0x7fddbad56010
120_TGAMMA::y : 0x7fddb51c8010
60_TGAMMA::x : 0x7fddb2401010
60_TGAMMA::y : 0x7fddaf63a010
48_SQRTX::x : 0x7fdd98803010
12_POW::a : 0x7fddaf63a010
12_POW::b : 0x7fdd92c75010
12_POW::y : 0x7fdd8d0e7010
36_POW::a : 0x7fdd9e391010
36_POW::b : 0x7fdd7be3e010
36_POW::y : 0x7fdd6a2fe010
84_COPY::x : 0x7fdd4221f010
84_COPY::y : 0x7fdd1a140010
12_ERF::x : 0x7fddc6472010
12_ERF::y : 0x7fddc08e4010
12_TGAMMA::x : 0x7fddd4000da0
12_TGAMMA::y : 0x7fddd49289b0
48_ERF::x : 0x7fdd03309010
48_ERF::y : 0x7fdcec4d2010
12_ERF::x : 0x7fddc6472010
12_ERF::y : 0x7fddc08e4010
84_DOT::x : 0x7fdcc43f3010
84_DOT::y : 0x7fdc9c314010
48_SQRTX::x : 0x7fddb51c9010
24_POW::a : 0x7fdda9aad010
24_POW::b : 0x7fdd9e391010
24_POW::y : 0x7fdd92c75010
84_DOT::x : 0x7fdd534c8010
84_DOT::y : 0x7fdd2b3e9010
12_ERF::x : 0x7fddc6472010
12_ERF::y : 0x7fddc08e4010
84_COPY::x : 0x7fdd0330a010
84_COPY::y : 0x7fdcdb22b010
132_SUM::x : 0x7fdc9c316010
60_XPY::x : 0x7fddaf63c010
60_XPY::y : 0x7fdd92c78010
48_XPY::x : 0x7fdd7be41010
48_XPY::y : 0x7fdd64770010
48_SQRTX::x : 0x7fdd4d939010
12_POW::a : 0x7fddc6472010
12_POW::b : 0x7fddc08e4010
12_POW::y : 0x7fddbad56010
108_SUM::x : 0x7fdd98806010
84_SUM::x : 0x7fdd2585a010
24_ERF::x : 0x7fdd59054010
24_ERF::y : 0x7fdd1a13e010
12_SQRTX::x : 0x7fdd92c78010
12_TGAMMA::x : 0x7fddd00017d0
12_TGAMMA::y : 0x7fddd09293e0
48_SQRTX::x : 0x7fdd819cf010
12_ERF::x : 0x7fdd7be41010
12_ERF::y : 0x7fdd75a19010
84_COPY::x : 0x7fdd4d93a010
84_COPY::y : 0x7fdd2585b010
24_ERF::x : 0x7fddc08e4010
24_ERF::y : 0x7fddb51c8010
84_SUM::x : 0x7fdcfd77c010
12_ERF::x : 0x7fddaf63a010
12_ERF::y : 0x7fdda9aac010
24_ERF::x : 0x7fddc08e4010
24_ERF::y : 0x7fddb51c8010
36_DOT::x : 0x7fdd98803010
36_DOT::y : 0x7fdd8755a010
12_ERF::x : 0x7fddaf63a010
12_ERF::y : 0x7fdda9aac010
24_ERF::x : 0x7fdda9aac010
24_ERF::y : 0x7fdd7be3e010
48_ERF::x : 0x7fddb51c9010
48_ERF::y : 0x7fdd0ea24010
48_XPY::x : 0x7fdd92c75010
48_XPY::y : 0x7fdcf7bed010
132_SUM::x : 0x7fdd3c692010
24_ERF::x : 0x7fdda9aad010
24_ERF::y : 0x7fdd87559010
12_TGAMMA::x : 0x7fddd00017d0
12_TGAMMA::y : 0x7fddd09293e0
36_POW::a : 0x7fdda3f20010
36_POW::b : 0x7fdd92c77010
36_POW::y : 0x7fdd819ce010
60_TGAMMA::x : 0x7fdd7ec07010
60_TGAMMA::y : 0x7fdd7be40010
120_TGAMMA::x : 0x7fddc6472010
120_TGAMMA::y : 0x7fddc08e4010
120_TGAMMA::x : 0x7fddbad56010
120_TGAMMA::y : 0x7fdd75a19010
84_SUM::x : 0x7fdd4d93a010
132_SUM::x : 0x7fdd36b04010
120_TGAMMA::x : 0x7fddb51c8010
120_TGAMMA::y : 0x7fddaf63a010
36_DOT::x : 0x7fddbad57010
36_DOT::y : 0x7fdcfd77c010
84_DOT::x : 0x7fdd8755b010
84_DOT::y : 0x7fdd0ea25010
48_XPY::x : 0x7fdcf7bee010
48_XPY::y : 0x7fdce0db7010
60_COPY::x : 0x7fdd5ebe3010
60_COPY::y : 0x7fdd4221f010
36_DOT::x : 0x7fddbad57010
36_DOT::y : 0x7fdcfd77c010
132_SUM::x : 0x7fdcbe867010
60_COPY::x : 0x7fddaf63c010
60_COPY::y : 0x7fdca1ea3010
12_ERF::x : 0x7fdda9aae010
12_ERF::y : 0x7fdda3f20010
120_TGAMMA::x : 0x7fdda9aae010
120_TGAMMA::y : 0x7fdda3f20010
  итерация 4: 1392040 ms
  среднее по 5 итерациям: 1360444 ms
=== Выполняется проект: no_po_9.txt (100 работ) ===
24_ERF::x : 0x7fdd6fe8b010
24_ERF::y : 0x7fdd4d938010
48_ERF::x : 0x7fdd59054010
48_ERF::y : 0x7fdd1a13d010
108_SUM::x : 0x7fdd98806010
60_XPY::x : 0x7fdd7be42010
60_XPY::y : 0x7fdd30f74010
60_COPY::x : 0x7fdcfd779010
60_COPY::y : 0x7fdce0db5010
132_SUM::x : 0x7fdca1ea0010
48_ERF::x : 0x7fddb51c9010
48_ERF::y : 0x7fdd9e392010
48_SQRTX::x : 0x7fdd8755b010
84_SUM::x : 0x7fdd534c8010
12_TGAMMA::x : 0x185f8a0
12_TGAMMA::y : 0x21874b0
60_COPY::x : 0x7fdd36b04010
60_COPY::y : 0x7fdd1a140010
12_POW::a : 0x7fdd98804010
12_POW::b : 0x7fdd92c76010
12_POW::y : 0x7fdd8d0e8010
36_POW::a : 0x7fddbad57010
36_POW::b : 0x7fdda9aae010
36_POW::y : 0x7fdd7be3f010
60_XPY::x : 0x7fdd8d0ea010
60_XPY::y : 0x7fdcfd77c010
12_ERF::x : 0x7fdd75a19010
12_ERF::y : 0x7fdd6fe8b010
48_ERF::x : 0x7fdd64770010
48_ERF::y : 0x7fdce6945010
24_POW::a : 0x7fdd59054010
24_POW::b : 0x7fdd4d938010
24_POW::y : 0x7fdd4221c010
12_ERF::x : 0x7fddc6472010
12_ERF::y : 0x7fddc08e4010
60_XPY::x : 0x7fddaf63c010
60_XPY::y : 0x7fdd25858010
36_DOT::x : 0x7fdd9e393010
36_DOT::y : 0x7fdd8d0ea010
84_DOT::x : 0x7fdcfd779010
84_DOT::y : 0x7fdcd569a010
12_POW::a : 0x7fdd8755c010
12_POW::b : 0x7fdd819ce010
12_POW::y : 0x7fdd7be40010
84_DOT::x : 0x7fdd534c8010
84_DOT::y : 0x7fdcad5bb010
12_TGAMMA::x : 0x185f8a0
12_TGAMMA::y : 0x21874b0
84_COPY::x : 0x7fdd8755d010
84_COPY::y : 0x7fdc854dc010
12_SQRTX::x : 0x7fddc6472010
12_SQRTX::x : 0x7fddc6472010
108_SUM::x : 0x7fdd1fcce010
36_DOT::x : 0x7fddbad57010
36_DOT::y : 0x7fdd0ea25010
132_SUM::x : 0x7fdccfb10010
48_ERF::x : 0x7fddb51c9010
48_ERF::y : 0x7fdd64770010
84_COPY::x : 0x7fdd3c691010
84_COPY::y : 0x7fdd145b2010
24_POW::a : 0x7fdda9aad010
24_POW::b : 0x7fdd9e391010
24_POW::y : 0x7fdd92c75010
12_SQRTX::x : 0x7fdd8d0e7010
60_COPY::x : 0x7fdcf7bee010
60_COPY::y : 0x7fdcdb22a010
48_ERF::x : 0x7fddb51c9010
48_ERF::y : 0x7fdd7be3e010
48_ERF::x : 0x7fdd9e392010
48_ERF::y : 0x7fdd64770010
132_SUM::x : 0x7fdd2585b010
60_COPY::x : 0x7fdd08e97010
60_COPY::y : 0x7fdcec4d3010
84_SUM::x : 0x7fdcc43f4010
12_POW::a : 0x7fddc6472010
12_POW::b : 0x7fddc08e4010
12_POW::y : 0x7fddbad56010
132_SUM::x : 0x7fdd8d0eb010
120_TGAMMA::x : 0x7fdd8755d010
120_TGAMMA::y : 0x7fdd819cf010
84_COPY::x : 0x7fdd534c8010
84_COPY::y : 0x7fdd2b3e9010
48_ERF::x : 0x7fdd145b2010
48_ERF::y : 0x7fdcfd77b010
84_SUM::x : 0x7fdda3f21010
60_TGAMMA::x : 0x7fddc9239010
60_TGAMMA::y : 0x7fddc6472010
132_SUM::x : 0x7fdcbe866010
24_ERF::x : 0x7fddbad56010
24_ERF::y : 0x7fddaf63a010
12_SQRTX::x : 0x7fdda9aac010
84_COPY::x : 0x7fdd819cd010
84_COPY::y : 0x7fdd534c8010
60_COPY::x : 0x7fdd36b04010
60_COPY::y : 0x7fdd1a140010
48_ERF::x : 0x7fddb51c9010
48_ERF::y : 0x7fdd03309010
24_POW::a : 0x7fdda9aad010
24_POW::b : 0x7fdcf7bed010
24_POW::y : 0x7fdcec4d1010
84_DOT::x : 0x7fdcdb22a010
84_DOT::y : 0x7fdcb314b010
12_ERF::x : 0x7fddaf63b010
12_ERF::y : 0x7fdda9aad010
48_ERF::x : 0x7fddb51c9010
48_ERF::y : 0x7fdd3c691010
12_TGAMMA::x : 0x7fddd4000da0
12_TGAMMA::y : 0x7fddd49289b0
36_DOT::x : 0x7fdd2b3e8010
36_DOT::y : 0x7fdd1a13f010
84_COPY::x : 0x7fdd8d0ea010
84_COPY::y : 0x7fdd534c8010
48_XPY::x : 0x7fdd2585a010
48_XPY::y : 0x7fdd0ea23010
12_ERF::x : 0x7fdd8755c010
12_ERF::y : 0x7fdd819ce010
60_XPY::x : 0x7fdcf205f010
60_XPY::y : 0x7fdcd569b010
120_TGAMMA::x : 0x7fddc6472010
120_TGAMMA::y : 0x7fddc08e4010
12_POW::a : 0x7fddbad56010
12_POW::b : 0x7fddb51c8010
12_POW::y : 0x7fddaf63a010
12_POW::a : 0x7fdda9aac010
12_POW::b : 0x7fdda3f1e010
12_POW::y : 0x7fdd9e390010
12_TGAMMA::x : 0x185f8c0
12_TGAMMA::y : 0x21874d0
60_COPY::x : 0x7fdd819cc010
60_COPY::y : 0x7fdd5ebe3010
36_DOT::x : 0x7fddbad57010
36_DOT::y : 0x7fdd4d93a010
120_TGAMMA::x : 0x7fddb51c9010
120_TGAMMA::y : 0x7fddaf63b010
84_SUM::x : 0x7fdd2585b010
132_SUM::x : 0x7fdce6946010
12_POW::a : 0x7fddc6472010
12_POW::b : 0x7fddc08e4010
12_POW::y : 0x7fdda9aad010
60_COPY::x : 0x7fdd8d0e9010
60_COPY::y : 0x7fdd5ebe3010
36_DOT::x : 0x7fddbad57010
36_DOT::y : 0x7fdd7be40010
108_SUM::x : 0x7fdd2b3e9010
60_XPY::x : 0x7fdd0ea25010
60_XPY::y : 0x7fdcf2061010
132_SUM::x : 0x7fdcb314c010
12_SQRTX::x : 0x7fddc6472010
36_POW::a : 0x7fddbad57010
36_POW::b : 0x7fdda9aae010
36_POW::y : 0x7fdd7be40010
84_DOT::x : 0x7fdd534c8010
84_DOT::y : 0x7fdd2b3e9010
24_ERF::x : 0x7fdd9e392010
24_ERF::y : 0x7fdd92c76010
48_ERF::x : 0x7fdd145b2010
48_ERF::y : 0x7fdcfd77b010
84_DOT::x : 0x7fdcd569c010
84_DOT::y : 0x7fdcad5bd010
60_TGAMMA::x : 0x7fdd8feb1010
60_TGAMMA::y : 0x7fdd8d0ea010
60_XPY::x : 0x7fddaf63c010
60_XPY::y : 0x7fdd92c78010
24_ERF::x : 0x7fdd819ce010
24_ERF::y : 0x7fdd6fe8b010
84_SUM::x : 0x7fdd47dac010
12_ERF::x : 0x7fdd8d0ea010
12_ERF::y : 0x7fdd7be40010
84_SUM::x : 0x7fdd1fccd010
84_COPY::x : 0x7fdcf7bee010
84_COPY::y : 0x7fdccfb0f010
48_SQRTX::x : 0x7fddb51c9010
108_SUM::x : 0x7fdd819cf010
48_SQRTX::x : 0x7fdd64770010
12_TGAMMA::x : 0x7fddd00017d0
12_TGAMMA::y : 0x7fddd09293e0
84_SUM::x : 0x7fdda3f21010
108_SUM::x : 0x7fdd30f76010
132_SUM::x : 0x7fdc90bfa010
84_DOT::x : 0x7fdd7be42010
84_DOT::y : 0x7fdd08e97010
60_TGAMMA::x : 0x7fddc9239010
60_TGAMMA::y : 0x7fddc6472010
  итерация 0: 1383085 ms
24_ERF::x : 0x7fdd8d0ea010
24_ERF::y : 0x7fdd819ce010
48_ERF::x : 0x7fdd145b2010
48_ERF::y : 0x7fdcfd77b010
108_SUM::x : 0x7fdd98806010
84_DOT::x : 0x7fdd534c8010
84_DOT::y : 0x7fdd2b3e9010
60_COPY::x : 0x7fdd7be42010
60_COPY::y : 0x7fdce0db7010
12_POW::a : 0x7fddc6472010
12_POW::b : 0x7fddc08e4010
12_POW::y : 0x7fddbad56010
12_SQRTX::x : 0x7fddb51c8010
12_ERF::x : 0x7fddc6472010
12_ERF::y : 0x7fddc08e4010
48_ERF::x : 0x7fdda9aad010
48_ERF::y : 0x7fdd145b2010
36_POW::a : 0x7fdd6a2fe010
36_POW::b : 0x7fdd59055010
36_POW::y : 0x7fdd47dac010
48_SQRTX::x : 0x7fdd30f75010
12_SQRTX::x : 0x7fddc6472010
12_TGAMMA::x : 0x7fddcc000be0
12_TGAMMA::y : 0x7fddcc9287f0
60_COPY::x : 0x7fdd8d0e9010
60_COPY::y : 0x7fdcf7bee010
84_COPY::x : 0x7fdccfb0f010
84_COPY::y : 0x7fdca7a30010
60_COPY::x : 0x7fddaf63c010
60_COPY::y : 0x7fdd2b3e8010
60_COPY::x : 0x7fdd5ebe3010
60_COPY::y : 0x7fdc8b06c010
84_COPY::x : 0x7fdd8755d010
84_COPY::y : 0x7fdd03309010
36_DOT::x : 0x7fddbad57010
36_DOT::y : 0x7fdd4d93a010
84_COPY::x : 0x7fdc7f951010
84_COPY::y : 0x7fdc57872010
132_SUM::x : 0x7fdcc43f4010
132_SUM::x : 0x7fdd3c692010
48_ERF::x : 0x7fddb51c9010
48_ERF::y : 0x7fdd9e392010
24_POW::a : 0x7fdd92c76010
24_POW::b : 0x7fdd8755a010
24_POW::y : 0x7fdd7be3e010
84_SUM::x : 0x7fdd534c8010
84_DOT::x : 0x7fdd2b3e9010
84_DOT::y : 0x7fdd0330a010
60_COPY::x : 0x7fdd5ebe3010
60_COPY::y : 0x7fdce6946010
48_ERF::x : 0x7fdd8755b010
48_ERF::y : 0x7fdccfb0f010
12_ERF::x : 0x7fddc6472010
12_ERF::y : 0x7fddc08e4010
12_POW::a : 0x7fddc6472010
12_POW::b : 0x7fddc08e4010
12_POW::y : 0x7fddbad56010
12_POW::a : 0x7fddb51c8010
12_POW::b : 0x7fddaf63a010
12_POW::y : 0x7fdda9aac010
24_POW::a : 0x7fddc08e4010
24_POW::b : 0x7fdd7be3f010
24_POW::y : 0x7fdd534c7010
12_SQRTX::x : 0x7fddbad56010
108_SUM::x : 0x7fdd1fccd010
24_POW::a : 0x7fddaf63a010
24_POW::b : 0x7fdda3f1e010
24_POW::y : 0x7fdd98802010
84_COPY::x : 0x7fdcf7bee010
84_COPY::y : 0x7fdccfb0f010
48_ERF::x : 0x7fdd819cb010
48_ERF::y : 0x7fdd64770010
12_TGAMMA::x : 0x185f8e0
12_TGAMMA::y : 0x21874f0
48_SQRTX::x : 0x7fddb51c9010
48_ERF::x : 0x7fdd9e392010
48_ERF::y : 0x7fdd4d939010
132_SUM::x : 0x7fdc90bfa010
120_TGAMMA::x : 0x7fddc6472010
120_TGAMMA::y : 0x7fddc08e4010
84_COPY::x : 0x7fdd2585a010
84_COPY::y : 0x7fdcfd77b010
36_DOT::x : 0x7fddaf63b010
36_DOT::y : 0x7fdd9e392010
24_ERF::x : 0x7fddb51c8010
24_ERF::y : 0x7fdda9aac010
36_POW::a : 0x7fdd98803010
36_POW::b : 0x7fdd8755a010
36_POW::y : 0x7fdd6a2fe010
132_SUM::x : 0x7fdcbe866010
12_TGAMMA::x : 0x7fddcc000be0
12_TGAMMA::y : 0x7fddcc9287f0
12_TGAMMA::x : 0x7fddcc000be0
12_TGAMMA::y : 0x7fddcc9287f0
48_ERF::x : 0x7fddb51c9010
48_ERF::y : 0x7fdd534c7010
108_SUM::x : 0x7fdd1fccd010
12_SQRTX::x : 0x7fddaf63b010
84_DOT::x : 0x7fdcf7bee010
84_DOT::y : 0x7fdccfb0f010
60_COPY::x : 0x7fdd98805010
60_COPY::y : 0x7fdd7be41010
60_TGAMMA::x : 0x7fddc9239010
60_TGAMMA::y : 0x7fddc6472010
84_COPY::x : 0x7fdd534c8010
84_COPY::y : 0x7fdd2b3e9010
120_TGAMMA::x : 0x7fddc6472010
120_TGAMMA::y : 0x7fddc08e4010
84_SUM::x : 0x7fdd0330a010
60_XPY::x : 0x7fdda3f20010
60_XPY::y : 0x7fdd8755c010
12_ERF::x : 0x7fdd819ce010
12_ERF::y : 0x7fdd7be40010
12_POW::a : 0x7fdd819ce010
12_POW::b : 0x7fdd7be40010
12_POW::y : 0x7fdd2585b010
12_ERF::x : 0x7fddc6472010
12_ERF::y : 0x7fddc08e4010
60_XPY::x : 0x7fdd0ea25010
60_XPY::y : 0x7fdcf2061010
84_DOT::x : 0x7fdd534c8010
84_DOT::y : 0x7fdd2b3e9010
60_TGAMMA::x : 0x7fddc9239010
60_TGAMMA::y : 0x7fddc6472010
48_ERF::x : 0x7fddaf63b010
48_ERF::y : 0x7fdd98804010
48_ERF::x : 0x7fdd819cd010
48_ERF::y : 0x7fdcdb22a010
60_XPY::x : 0x7fdd5ebe3010
60_XPY::y : 0x7fdd4221f010
12_POW::a : 0x7fddc6472010
12_POW::b : 0x7fdd7be3f010
12_POW::y : 0x7fdd3c691010
48_XPY::x : 0x7fddaf63b010
48_XPY::y : 0x7fdd98804010
108_SUM::x : 0x7fdd0ea25010
12_SQRTX::x : 0x7fddc6472010
84_SUM::x : 0x7fdce6946010
24_ERF::x : 0x7fdd8d0e8010
24_ERF::y : 0x7fdd819cc010
84_SUM::x : 0x7fdd534c8010
60_XPY::x : 0x7fddaf63c010
60_XPY::y : 0x7fdd36b04010
24_ERF::x : 0x7fdda3f20010
24_ERF::y : 0x7fdd98804010
12_TGAMMA::x : 0x185f8e0
12_TGAMMA::y : 0x21874f0
84_SUM::x : 0x7fdd0ea25010
60_COPY::x : 0x7fdd7be40010
60_COPY::y : 0x7fdd5ebe3010
120_TGAMMA::x : 0x7fdda9aae010
120_TGAMMA::y : 0x7fdda3f20010
84_DOT::x : 0x7fdd0ea25010
84_DOT::y : 0x7fdce6946010
132_SUM::x : 0x7fdca7a31010
36_DOT::x : 0x7fddbad57010
36_DOT::y : 0x7fdd92c77010
132_SUM::x : 0x7fdd3c692010
60_XPY::x : 0x7fdd1fcce010
60_XPY::y : 0x7fdd0330a010
48_SQRTX::x : 0x7fdda3f20010
48_ERF::x : 0x7fdd8d0e9010
48_ERF::y : 0x7fdcec4d3010
84_DOT::x : 0x7fdd534c8010
84_DOT::y : 0x7fdcc43f4010
84_SUM::x : 0x7fdda3f21010
132_SUM::x : 0x7fdd145b3010
36_DOT::x : 0x7fdd92c78010
36_DOT::y : 0x7fdd819cf010
60_XPY::x : 0x7fddaf63c010
60_XPY::y : 0x7fdcf7bef010
108_SUM::x : 0x7fdd7be42010
84_SUM::x : 0x7fdd534c8010
60_TGAMMA::x : 0x7fdd50701010
60_TGAMMA::y : 0x7fdd4d93a010
132_SUM::x : 0x7fdcb8cda010
12_POW::a : 0x7fdd75a19010
12_POW::b : 0x7fdd6fe8b010
12_POW::y : 0x7fdd6a2fd010
12_ERF::x : 0x7fddc6472010
12_ERF::y : 0x7fddc08e4010
36_DOT::x : 0x7fddaf63b010
36_DOT::y : 0x7fdd9e392010
  итерация 1: 1384453 ms
48_SQRTX::x : 0x7fdd64770010
48_ERF::x : 0x7fdd819cf010
48_ERF::y : 0x7fdcfd77b010
108_SUM::x : 0x7fdd98806010
84_COPY::x : 0x7fdd3c691010
84_COPY::y : 0x7fdd145b2010
24_ERF::x : 0x7fdd6fe8b010
24_ERF::y : 0x7fdcf205f010
48_ERF::x : 0x7fddb51c9010
48_ERF::y : 0x7fdd9e392010
12_ERF::x : 0x7fdd98804010
12_ERF::y : 0x7fdd92c76010
12_POW::a : 0x7fdd8d0e8010
12_POW::b : 0x7fdd8755a010
12_POW::y : 0x7fdd819cc010
36_POW::a : 0x7fdd6a2fe010
36_POW::b : 0x7fdd03309010
36_POW::y : 0x7fdcf2060010
12_SQRTX::x : 0x7fdd98804010
132_SUM::x : 0x7fdd2b3e9010
36_DOT::x : 0x7fddbad57010
36_DOT::y : 0x7fdda9aae010
48_ERF::x : 0x7fdd92c77010
48_ERF::y : 0x7fdd7be40010
60_COPY::x : 0x7fddaf63c010
60_COPY::y : 0x7fdcd569c010
48_ERF::x : 0x7fdd145b2010
48_ERF::y : 0x7fdcfd77b010
84_COPY::x : 0x7fdd534c8010
84_COPY::y : 0x7fdd2b3e9010
132_SUM::x : 0x7fdc96787010
84_SUM::x : 0x7fdda3f21010
60_XPY::x : 0x7fdd8755d010
60_XPY::y : 0x7fdd0ea25010
12_ERF::x : 0x7fdd819cf010
12_ERF::y : 0x7fdd7be41010
84_DOT::x : 0x7fdda3f21010
84_DOT::y : 0x7fdce6946010
132_SUM::x : 0x7fdca7a31010
12_SQRTX::x : 0x7fdd819cf010
12_SQRTX::x : 0x7fdd819cf010
48_ERF::x : 0x7fdd64770010
48_ERF::y : 0x7fdd4d939010
120_TGAMMA::x : 0x7fdd9e393010
120_TGAMMA::y : 0x7fdd98805010
48_ERF::x : 0x7fdd819ce010
48_ERF::y : 0x7fdd36b02010
84_DOT::x : 0x7fdda3f21010
84_DOT::y : 0x7fdd0ea23010
12_SQRTX::x : 0x7fdd7be40010
24_POW::a : 0x7fdd6fe8b010
24_POW::b : 0x7fdd6476f010
24_POW::y : 0x7fdd59053010
60_XPY::x : 0x7fdcf205f010
60_XPY::y : 0x7fdcd569b010
84_COPY::x : 0x7fdd7be42010
84_COPY::y : 0x7fdcad5bc010
12_TGAMMA::x : 0x7fddcc000be0
12_TGAMMA::y : 0x7fddcc9287f0
24_ERF::x : 0x7fddc08e4010
24_ERF::y : 0x7fddb51c8010
12_ERF::x : 0x7fddaf63a010
12_ERF::y : 0x7fdda9aac010
60_XPY::x : 0x7fdd5ebe3010
60_XPY::y : 0x7fdd4221f010
108_SUM::x : 0x7fdd0ea25010
60_TGAMMA::x : 0x7fddc9239010
60_TGAMMA::y : 0x7fddc6472010
12_TGAMMA::x : 0x7fddd4000da0
12_TGAMMA::y : 0x7fddd49289b0
120_TGAMMA::x : 0x7fddc6472010
120_TGAMMA::y : 0x7fddc08e4010
24_POW::a : 0x7fddb51c8010
24_POW::b : 0x7fdda9aac010
24_POW::y : 0x7fdd36b03010
132_SUM::x : 0x7fdcf7bee010
24_POW::a : 0x7fdd9e390010
24_POW::b : 0x7fdd92c74010
24_POW::y : 0x7fdd87558010
84_COPY::x : 0x7fdd534c8010
84_COPY::y : 0x7fdd0ea24010
60_COPY::x : 0x7fdd36b04010
60_COPY::y : 0x7fdcf2060010
36_DOT::x : 0x7fddaf63b010
36_DOT::y : 0x7fdd9e392010
84_DOT::x : 0x7fdcc9f81010
84_DOT::y : 0x7fdca1ea2010
60_COPY::x : 0x7fddaf63c010
60_COPY::y : 0x7fdd92c78010
60_COPY::x : 0x7fdd36b04010
60_COPY::y : 0x7fdcf2060010
48_ERF::x : 0x7fdd7be41010
48_ERF::y : 0x7fdcdb229010
60_COPY::x : 0x7fdd5ebe3010
60_COPY::y : 0x7fdd1a140010
24_ERF::x : 0x7fddc08e4010
24_ERF::y : 0x7fddb51c8010
36_POW::a : 0x7fdda3f1f010
36_POW::b : 0x7fdd4d93a010
36_POW::y : 0x7fdd3c691010
12_POW::a : 0x7fddc6472010
12_POW::b : 0x7fddc08e4010
12_POW::y : 0x7fddbad56010
12_TGAMMA::x : 0x7fddd4000da0
12_TGAMMA::y : 0x7fddd49289b0
48_ERF::x : 0x7fdd8d0e8010
48_ERF::y : 0x7fdd03309010
48_ERF::x : 0x7fddb51c9010
48_ERF::y : 0x7fdcec4d2010
84_SUM::x : 0x7fdcc43f3010
12_SQRTX::x : 0x7fddaf63b010
84_COPY::x : 0x7fdcc43f3010
84_COPY::y : 0x7fdc9c314010
48_ERF::x : 0x7fdd9e392010
48_ERF::y : 0x7fdd8755b010
60_COPY::x : 0x7fdd5ebe3010
60_COPY::y : 0x7fdd4221f010
84_SUM::x : 0x7fdd1a140010
60_XPY::x : 0x7fdd2585b010
60_XPY::y : 0x7fdd08e97010
84_COPY::x : 0x7fdda3f21010
84_COPY::y : 0x7fdd7be42010
12_POW::a : 0x7fdd75a19010
12_POW::b : 0x7fdd6fe8b010
12_POW::y : 0x7fdd6a2fd010
12_POW::a : 0x7fdd6476f010
12_POW::b : 0x7fdd5ebe1010
12_POW::y : 0x7fdd59053010
132_SUM::x : 0x7fdcc9f82010
132_SUM::x : 0x7fdc8b06d010
108_SUM::x : 0x7fdd47dad010
24_ERF::x : 0x7fdd3c691010
24_ERF::y : 0x7fdd30f75010
36_DOT::x : 0x7fdd819cf010
36_DOT::y : 0x7fdd6a2fe010
60_XPY::x : 0x7fddaf63c010
60_XPY::y : 0x7fdd92c78010
84_DOT::x : 0x7fdd08e96010
84_DOT::y : 0x7fdce0db7010
84_SUM::x : 0x7fdd4221f010
48_SQRTX::x : 0x7fdd7be41010
108_SUM::x : 0x7fdd47dad010
84_DOT::x : 0x7fdda3f21010
84_DOT::y : 0x7fdcb8cd8010
60_COPY::x : 0x7fdd8755d010
60_COPY::y : 0x7fdc9c314010
12_TGAMMA::x : 0x7fddcc000be0
12_TGAMMA::y : 0x7fddcc9287f0
48_XPY::x : 0x7fdd30f76010
48_XPY::y : 0x7fdd1a13f010
48_SQRTX::x : 0x7fdd64770010
12_POW::a : 0x7fddc6472010
12_POW::b : 0x7fddc08e4010
12_POW::y : 0x7fddbad56010
12_ERF::x : 0x7fddb51c8010
12_ERF::y : 0x7fddaf63a010
12_ERF::x : 0x7fdda9aac010
12_ERF::y : 0x7fdda3f1e010
36_DOT::x : 0x7fdd92c75010
36_DOT::y : 0x7fdd819cc010
84_SUM::x : 0x7fdd534c8010
36_DOT::x : 0x7fddbad57010
36_DOT::y : 0x7fdd4221f010
132_SUM::x : 0x7fdd0330a010
60_XPY::x : 0x7fdd9e393010
60_XPY::y : 0x7fdd819cf010
60_TGAMMA::x : 0x7fddc9239010
60_TGAMMA::y : 0x7fddc6472010
60_TGAMMA::x : 0x7fddc36ab010
60_TGAMMA::y : 0x7fddc08e4010
84_SUM::x : 0x7fdd534c8010
84_SUM::x : 0x7fdd2b3e9010
12_TGAMMA::x : 0x7fddd00017d0
12_TGAMMA::y : 0x7fddd09293e0
120_TGAMMA::x : 0x7fddc6472010
120_TGAMMA::y : 0x7fddc08e4010
108_SUM::x : 0x7fdd8d0ea010
132_SUM::x : 0x7fdcec4d4010
12_POW::a : 0x7fdd8755c010
12_POW::b : 0x7fdd819ce010
12_POW::y : 0x7fdd7be40010
84_DOT::x : 0x7fdd98805010
84_DOT::y : 0x7fdd534c8010
  итерация 2: 1402479 ms
24_ERF::x : 0x7fdd8d0ea010
24_ERF::y : 0x7fdd819ce010
108_SUM::x : 0x7fdd98806010
84_DOT::x : 0x7fdd534c8010
84_DOT::y : 0x7fdd0330a010
84_COPY::x : 0x7fdd2b3e9010
84_COPY::y : 0x7fdcdb22b010
48_ERF::x : 0x7fdd819cf010
48_ERF::y : 0x7fdcc43f4010
36_POW::a : 0x7fddbad57010
36_POW::b : 0x7fdda9aae010
36_POW::y : 0x7fdcb314b010
12_SQRTX::x : 0x7fdda3f20010
132_SUM::x : 0x7fdc74236010
48_ERF::x : 0x7fdd64770010
48_ERF::y : 0x7fdd4d939010
84_DOT::x : 0x7fdd819cf010
84_DOT::y : 0x7fdd2585a010
12_SQRTX::x : 0x7fddc6472010
48_SQRTX::x : 0x7fddb51c9010
12_TGAMMA::x : 0x185f8e0
12_TGAMMA::y : 0x21874f0
12_ERF::x : 0x7fddaf63b010
12_ERF::y : 0x7fdd7be41010
60_COPY::x : 0x7fdd5ebe3010
60_COPY::y : 0x7fdd08e96010
12_TGAMMA::x : 0x185f8e0
12_TGAMMA::y : 0x21874f0
48_ERF::x : 0x7fdd9e392010
48_ERF::y : 0x7fdd8755b010
132_SUM::x : 0x7fdcc9f81010
12_SQRTX::x : 0x7fddc6472010
12_POW::a : 0x7fddc6472010
12_POW::b : 0x7fddc08e4010
12_POW::y : 0x7fddbad56010
84_COPY::x : 0x7fdd36b04010
84_COPY::y : 0x7fdca1ea2010
60_COPY::x : 0x7fdd5ebe3010
60_COPY::y : 0x7fdd1a140010
48_ERF::x : 0x7fddb51c9010
48_ERF::y : 0x7fdd03309010
48_ERF::x : 0x7fdd9e392010
48_ERF::y : 0x7fdd8755b010
12_ERF::x : 0x7fddc6472010
12_ERF::y : 0x7fddc08e4010
36_DOT::x : 0x7fdda3f20010
36_DOT::y : 0x7fdd92c77010
48_ERF::x : 0x7fdd7be40010
48_ERF::y : 0x7fdd64770010
48_ERF::x : 0x7fddb51c9010
48_ERF::y : 0x7fdd1fccd010
132_SUM::x : 0x7fdce0db8010
60_XPY::x : 0x7fdd98805010
60_XPY::y : 0x7fdd47dac010
84_COPY::x : 0x7fdcb8cd9010
84_COPY::y : 0x7fdc90bfa010
24_POW::a : 0x7fddc08e4010
24_POW::b : 0x7fdd8d0e9010
24_POW::y : 0x7fdd819cd010
84_COPY::x : 0x7fdd1fccd010
84_COPY::y : 0x7fdcf7bee010
120_TGAMMA::x : 0x7fddbad56010
120_TGAMMA::y : 0x7fddb51c8010
60_XPY::x : 0x7fdd98804010
60_XPY::y : 0x7fdd7be40010
84_COPY::x : 0x7fdd534c8010
84_COPY::y : 0x7fdc68b1b010
108_SUM::x : 0x7fdcc43f4010
84_SUM::x : 0x7fdda3f21010
60_COPY::x : 0x7fdd8755d010
60_COPY::y : 0x7fdd36b04010
24_ERF::x : 0x7fddc08e4010
24_ERF::y : 0x7fddb51c8010
108_SUM::x : 0x7fdd0330a010
12_SQRTX::x : 0x7fddc6472010
12_POW::a : 0x7fddc08e4010
12_POW::b : 0x7fddbad56010
12_POW::y : 0x7fddb51c8010
48_ERF::x : 0x7fdd9e391010
48_ERF::y : 0x7fdd8755a010
84_SUM::x : 0x7fdd534c8010
132_SUM::x : 0x7fdd145b3010
60_XPY::x : 0x7fdcf7bef010
60_XPY::y : 0x7fdcdb22b010
48_XPY::x : 0x7fddb51c9010
48_XPY::y : 0x7fdd64770010
48_ERF::x : 0x7fdd9e392010
48_ERF::y : 0x7fdd8755b010
12_POW::a : 0x7fdd819cd010
12_POW::b : 0x7fdd7be3f010
12_POW::y : 0x7fdd5ebe2010
24_POW::a : 0x7fdd7be3f010
24_POW::b : 0x7fdd1fccc010
24_POW::y : 0x7fdd145b0010
60_COPY::x : 0x7fdd47dac010
60_COPY::y : 0x7fdd2b3e8010
36_DOT::x : 0x7fddbad57010
36_DOT::y : 0x7fdd6a2fe010
48_SQRTX::x : 0x7fdda3f20010
84_DOT::x : 0x7fdcec4d1010
84_DOT::y : 0x7fdcc43f2010
12_TGAMMA::x : 0x7fddcc000be0
12_TGAMMA::y : 0x7fddcc9287f0
48_ERF::x : 0x7fdd8d0e9010
48_ERF::y : 0x7fdd64770010
12_SQRTX::x : 0x7fddc6472010
60_XPY::x : 0x7fdda9aae010
60_XPY::y : 0x7fdd47dac010
132_SUM::x : 0x7fdc854dd010
84_SUM::x : 0x7fdd1fccd010
36_DOT::x : 0x7fdd98805010
36_DOT::y : 0x7fdd8755c010
36_POW::a : 0x7fdd6a2fe010
36_POW::b : 0x7fdd0ea24010
36_POW::y : 0x7fdcfd77b010
12_POW::a : 0x7fddc6472010
12_POW::b : 0x7fddc08e4010
12_POW::y : 0x7fddbad56010
60_XPY::x : 0x7fdd4d93a010
60_XPY::y : 0x7fdd30f76010
84_SUM::x : 0x7fdd92c77010
48_SQRTX::x : 0x7fdd7be40010
60_XPY::x : 0x7fddaf63c010
60_XPY::y : 0x7fdd92c78010
12_POW::a : 0x7fdd75a19010
12_POW::b : 0x7fdd6fe8b010
12_POW::y : 0x7fdd2b3e8010
60_TGAMMA::x : 0x7fdd8feb1010
60_TGAMMA::y : 0x7fdd8d0ea010
12_POW::a : 0x7fdd8755c010
12_POW::b : 0x7fdd819ce010
12_POW::y : 0x7fdd7be40010
84_DOT::x : 0x7fdd534c8010
84_DOT::y : 0x7fdd2b3e9010
24_ERF::x : 0x7fdd819ce010
24_ERF::y : 0x7fdd1fccd010
60_TGAMMA::x : 0x7fdd8feb1010
60_TGAMMA::y : 0x7fdd8d0ea010
132_SUM::x : 0x7fdce0db8010
24_ERF::x : 0x7fddc08e4010
24_ERF::y : 0x7fddb51c8010
12_ERF::x : 0x7fddaf63a010
12_ERF::y : 0x7fdda9aac010
120_TGAMMA::x : 0x7fddaf63a010
120_TGAMMA::y : 0x7fdda9aac010
132_SUM::x : 0x7fdd3c692010
108_SUM::x : 0x7fdcad5be010
36_DOT::x : 0x7fddbad57010
36_DOT::y : 0x7fdd98803010
84_COPY::x : 0x7fdd534c8010
84_COPY::y : 0x7fdd2b3e9010
60_COPY::x : 0x7fdd8d0e8010
60_COPY::y : 0x7fdd0ea25010
120_TGAMMA::x : 0x7fddc6472010
120_TGAMMA::y : 0x7fddc08e4010
60_COPY::x : 0x7fdcf2061010
60_COPY::y : 0x7fdcd569d010
24_POW::a : 0x7fddb51c8010
24_POW::b : 0x7fdda9aac010
24_POW::y : 0x7fdd819cc010
60_COPY::x : 0x7fdd5ebe3010
60_COPY::y : 0x7fdd4221f010
12_ERF::x : 0x7fddc6472010
12_ERF::y : 0x7fddc08e4010
84_SUM::x : 0x7fdd1a140010
36_DOT::x : 0x7fdd98803010
36_DOT::y : 0x7fdd08e97010
12_ERF::x : 0x7fddc6472010
12_ERF::y : 0x7fddc08e4010
84_SUM::x : 0x7fdce0db8010
132_SUM::x : 0x7fdd8d0eb010
84_DOT::x : 0x7fdd1a140010
84_DOT::y : 0x7fdcb8cd9010
12_TGAMMA::x : 0x7fddd00017d0
12_TGAMMA::y : 0x7fddd09293e0
12_TGAMMA::x : 0x7fddd00017d0
12_TGAMMA::y : 0x7fddd09293e0
60_TGAMMA::x : 0x7fdd8a324010
60_TGAMMA::y : 0x7fdd8755d010
84_DOT::x : 0x7fdd534c8010
84_DOT::y : 0x7fdc90bfa010
108_SUM::x : 0x7fdd98806010
84_SUM::x : 0x7fdcf2061010
  итерация 3: 1394283 ms
48_ERF::x : 0x7fddb51c9010
48_ERF::y : 0x7fdd59054010
24_POW::a : 0x7fdd6fe8b010
24_POW::b : 0x7fdd4d938010
24_POW::y : 0x7fdd4221c010
36_DOT::x : 0x7fdd7be41010
36_DOT::y : 0x7fdd30f73010
84_COPY::x : 0x7fdd8d0ea010
84_COPY::y : 0x7fdd08e94010
132_SUM::x : 0x7fdcc9f7f010
108_SUM::x : 0x7fdc96785010
12_POW::a : 0x7fddc6472010
12_POW::b : 0x7fddc08e4010
12_POW::y : 0x7fddbad56010
48_ERF::x : 0x7fddb51c9010
48_ERF::y : 0x7fdd64770010
24_POW::a : 0x7fdd819ce010
24_POW::b : 0x7fdd59054010
24_POW::y : 0x7fdd4d938010
84_DOT::x : 0x7fdd8d0ea010
84_DOT::y : 0x7fdd25859010
48_SQRTX::x : 0x7fdd0ea22010
60_COPY::x : 0x7fdcf205e010
60_COPY::y : 0x7fdcd569a010
48_ERF::x : 0x7fdd4d939010
48_ERF::y : 0x7fdd0ea22010
12_ERF::x : 0x7fddc6472010
12_ERF::y : 0x7fddc08e4010
84_SUM::x : 0x7fdd98805010
12_SQRTX::x : 0x7fddc6472010
132_SUM::x : 0x7fdc96785010
132_SUM::x : 0x7fdd8d0eb010
84_COPY::x : 0x7fdd534c8010
84_COPY::y : 0x7fdd2b3e9010
60_XPY::x : 0x7fdd0ea25010
60_XPY::y : 0x7fdcf2061010
84_COPY::x : 0x7fdcc9f82010
84_COPY::y : 0x7fdca1ea3010
48_ERF::x : 0x7fddb51c9010
48_ERF::y : 0x7fdd9e392010
12_SQRTX::x : 0x7fdd98804010
12_SQRTX::x : 0x7fdd98804010
24_ERF::x : 0x7fdd92c76010
24_ERF::y : 0x7fdd8755a010
60_COPY::x : 0x7fdd5ebe3010
60_COPY::y : 0x7fdd4221f010
12_ERF::x : 0x7fddc6472010
12_ERF::y : 0x7fddc08e4010
48_ERF::x : 0x7fdda9aad010
48_ERF::y : 0x7fdd92c76010
60_XPY::x : 0x7fdd2585b010
60_XPY::y : 0x7fdd08e97010
36_POW::a : 0x7fdd819cd010
36_POW::b : 0x7fdcf7bee010
36_POW::y : 0x7fdce6945010
84_SUM::x : 0x7fdd534c8010
84_SUM::x : 0x7fdda3f21010
12_TGAMMA::x : 0x7fddcc000be0
12_TGAMMA::y : 0x7fddcc9287f0
120_TGAMMA::x : 0x7fdd9e393010
120_TGAMMA::y : 0x7fdd98805010
12_SQRTX::x : 0x7fdd92c77010
48_ERF::x : 0x7fdd7be40010
48_ERF::y : 0x7fdd64770010
48_ERF::x : 0x7fdd4d939010
48_ERF::y : 0x7fdd36b02010
36_DOT::x : 0x7fddbad57010
36_DOT::y : 0x7fdda9aae010
84_COPY::x : 0x7fdda3f21010
84_COPY::y : 0x7fdd0ea23010
48_ERF::x : 0x7fdd819ce010
48_ERF::y : 0x7fdd64770010
12_TGAMMA::x : 0x7fddd4000da0
12_TGAMMA::y : 0x7fddd49289b0
60_XPY::x : 0x7fdcf205f010
60_XPY::y : 0x7fdcd569b010
60_COPY::x : 0x7fdd47dac010
60_COPY::y : 0x7fdcb8cd7010
60_COPY::x : 0x7fdd8755d010
60_COPY::y : 0x7fdc9c313010
84_DOT::x : 0x7fdce6944010
84_DOT::y : 0x7fdc74234010
12_TGAMMA::x : 0x185f8e0
12_TGAMMA::y : 0x21874f0
12_POW::a : 0x7fdd819cf010
12_POW::b : 0x7fdd7be41010
12_POW::y : 0x7fdd75a19010
120_TGAMMA::x : 0x7fddc6472010
120_TGAMMA::y : 0x7fddc08e4010
84_COPY::x : 0x7fdd534c8010
84_COPY::y : 0x7fdd2b3e9010
60_XPY::x : 0x7fdda3f20010
60_XPY::y : 0x7fdd8755c010
84_DOT::x : 0x7fdd0330a010
84_DOT::y : 0x7fdcdb22b010
36_POW::a : 0x7fdcc9f82010
36_POW::b : 0x7fdcb8cd9010
36_POW::y : 0x7fdca7a30010
132_SUM::x : 0x7fdd3c692010
84_SUM::x : 0x7fdda3f21010
132_SUM::x : 0x7fdcfd77d010
60_COPY::x : 0x7fdd8755d010
60_COPY::y : 0x7fdce0db9010
12_ERF::x : 0x7fdd819cf010
12_ERF::y : 0x7fdd7be41010
12_TGAMMA::x : 0x7fddcc000be0
12_TGAMMA::y : 0x7fddcc9287f0
60_COPY::x : 0x7fddaf63c010
60_COPY::y : 0x7fdd5ebe3010
48_ERF::x : 0x7fdd47dac010
48_ERF::y : 0x7fdcc9f82010
24_ERF::x : 0x7fdd7be41010
24_ERF::y : 0x7fdd3c690010
132_SUM::x : 0x7fdcfd77b010
12_POW::a : 0x7fdda9aae010
12_POW::b : 0x7fdda3f20010
12_POW::y : 0x7fdd9e392010
12_SQRTX::x : 0x7fdd98804010
108_SUM::x : 0x7fdd47dad010
108_SUM::x : 0x7fdcc9f81010
12_POW::a : 0x7fddc6472010
12_POW::b : 0x7fddc08e4010
12_POW::y : 0x7fddbad56010
48_SQRTX::x : 0x7fdda3f1f010
24_POW::a : 0x7fdd98803010
24_POW::b : 0x7fdd8d0e7010
24_POW::y : 0x7fdd819cb010
84_DOT::x : 0x7fdd534c8010
84_DOT::y : 0x7fdd2b3e9010
48_SQRTX::x : 0x7fdd145b2010
48_XPY::x : 0x7fddb51c9010
48_XPY::y : 0x7fdcfd77b010
60_XPY::x : 0x7fdd98805010
60_XPY::y : 0x7fdd7be41010
24_ERF::x : 0x7fdd1fccd010
24_ERF::y : 0x7fdcf205f010
12_ERF::x : 0x7fdd75a19010
12_ERF::y : 0x7fdd6fe8b010
132_SUM::x : 0x7fdd3c692010
84_DOT::x : 0x7fdd145b3010
84_DOT::y : 0x7fdcd569c010
60_TGAMMA::x : 0x7fddc9239010
60_TGAMMA::y : 0x7fddc6472010
12_ERF::x : 0x7fddc08e4010
12_ERF::y : 0x7fddbad56010
36_DOT::x : 0x7fdda9aad010
36_DOT::y : 0x7fdd98804010
12_POW::a : 0x7fddc6472010
12_POW::b : 0x7fddc08e4010
12_POW::y : 0x7fddbad56010
60_COPY::x : 0x7fdd7be40010
60_COPY::y : 0x7fdd5ebe3010
120_TGAMMA::x : 0x7fdd59055010
120_TGAMMA::y : 0x7fdd534c7010
12_TGAMMA::x : 0x185f8e0
12_TGAMMA::y : 0x21874f0
60_TGAMMA::x : 0x7fddc9239010
60_TGAMMA::y : 0x7fddc6472010
84_DOT::x : 0x7fdd9e393010
84_DOT::y : 0x7fdd2b3e8010
108_SUM::x : 0x7fdcf7bee010
48_ERF::x : 0x7fdd8755c010
48_ERF::y : 0x7fdd64770010
24_ERF::x : 0x7fddc08e4010
24_ERF::y : 0x7fddb51c8010
132_SUM::x : 0x7fdcb8cd9010
60_TGAMMA::x : 0x7fddb2401010
60_TGAMMA::y : 0x7fddaf63a010
84_COPY::x : 0x7fdd3c691010
84_COPY::y : 0x7fdd145b2010
108_SUM::x : 0x7fdd7be40010
12_POW::a : 0x7fddc6472010
12_POW::b : 0x7fddc08e4010
12_POW::y : 0x7fddbad56010
84_SUM::x : 0x7fdcec4d3010
84_SUM::x : 0x7fdd92c77010
60_XPY::x : 0x7fdccfb0f010
60_XPY::y : 0x7fdcb314b010
36_DOT::x : 0x7fddbad57010
36_DOT::y : 0x7fdd819ce010
36_DOT::x : 0x7fdda9aae010
36_DOT::y : 0x7fdd98805010
84_SUM::x : 0x7fdcec4d3010
  итерация 4: 1391584 ms
  среднее по 5 итерациям: 1391177 ms
execution completed -> results.txt
